datetime,ticker,open,high,low,close,volume
2026-03-17 13:00:00+00:00,ABEV3.SA,15.149999618530273,15.180000305175781,15.149999618530273,15.180000305175781,0
2026-03-17 13:05:00+00:00,ABEV3.SA,15.180000305175781,15.1899995803833,15.109999656677246,15.109999656677246,403200
2026-03-17 13:10:00+00:00,ABEV3.SA,15.119999885559082,15.140000343322754,15.09000015258789,15.130000114440918,67100
2026-03-17 13:15:00+00:00,ABEV3.SA,15.130000114440918,15.130000114440918,15.09000015258789,15.100000381469727,573900
2026-03-17 13:20:00+00:00,ABEV3.SA,15.100000381469727,15.130000114440918,15.100000381469727,15.119999885559082,121600
2026-03-17 13:25:00+00:00,ABEV3.SA,15.109999656677246,15.149999618530273,15.109999656677246,15.149999618530273,202800
2026-03-17 13:30:00+00:00,ABEV3.SA,15.149999618530273,15.15999984741211,15.079999923706055,15.109999656677246,361000
2026-03-17 13:35:00+00:00,ABEV3.SA,15.100000381469727,15.140000343322754,15.0600004196167,15.140000343322754,822100
2026-03-17 13:40:00+00:00,ABEV3.SA,15.140000343322754,15.149999618530273,15.050000190734863,15.100000381469727,1114000
2026-03-17 13:45:00+00:00,ABEV3.SA,15.079999923706055,15.130000114440918,15.050000190734863,15.130000114440918,695700
2026-03-17 13:50:00+00:00,ABEV3.SA,15.119999885559082,15.170000076293945,15.119999885559082,15.140000343322754,415500
2026-03-17 13:55:00+00:00,ABEV3.SA,15.130000114440918,15.15999984741211,15.100000381469727,15.119999885559082,308600
2026-03-17 14:00:00+00:00,ABEV3.SA,15.109999656677246,15.130000114440918,15.100000381469727,15.119999885559082,183600
2026-03-17 14:05:00+00:00,ABEV3.SA,15.119999885559082,15.15999984741211,15.119999885559082,15.130000114440918,397600
2026-03-17 14:10:00+00:00,ABEV3.SA,15.149999618530273,15.149999618530273,15.079999923706055,15.09000015258789,425200
2026-03-17 14:15:00+00:00,ABEV3.SA,15.09000015258789,15.109999656677246,15.079999923706055,15.100000381469727,226900
2026-03-17 14:20:00+00:00,ABEV3.SA,15.100000381469727,15.100000381469727,15.050000190734863,15.069999694824219,449100
2026-03-17 14:25:00+00:00,ABEV3.SA,15.09000015258789,15.100000381469727,15.0600004196167,15.09000015258789,176000
2026-03-17 14:30:00+00:00,ABEV3.SA,15.09000015258789,15.09000015258789,15.0600004196167,15.079999923706055,182700
2026-03-17 14:35:00+00:00,ABEV3.SA,15.079999923706055,15.079999923706055,15.039999961853027,15.039999961853027,224700
2026-03-17 14:40:00+00:00,ABEV3.SA,15.050000190734863,15.09000015258789,15.039999961853027,15.09000015258789,248900
2026-03-17 14:45:00+00:00,ABEV3.SA,15.079999923706055,15.100000381469727,15.069999694824219,15.079999923706055,132700
2026-03-17 14:50:00+00:00,ABEV3.SA,15.079999923706055,15.09000015258789,15.029999732971191,15.050000190734863,272500
2026-03-17 14:55:00+00:00,ABEV3.SA,15.039999961853027,15.069999694824219,15.039999961853027,15.0600004196167,124000
2026-03-17 15:00:00+00:00,ABEV3.SA,15.069999694824219,15.069999694824219,15.029999732971191,15.029999732971191,210000
2026-03-17 15:05:00+00:00,ABEV3.SA,15.039999961853027,15.050000190734863,15.010000228881836,15.029999732971191,2515900
2026-03-17 15:10:00+00:00,ABEV3.SA,15.029999732971191,15.029999732971191,15.010000228881836,15.029999732971191,107500
2026-03-17 15:15:00+00:00,ABEV3.SA,15.029999732971191,15.029999732971191,14.970000267028809,14.970000267028809,202500
2026-03-17 15:20:00+00:00,ABEV3.SA,14.970000267028809,14.989999771118164,14.949999809265137,14.989999771118164,253500
2026-03-17 15:25:00+00:00,ABEV3.SA,14.979999542236328,15.0,14.960000038146973,14.989999771118164,320900
2026-03-17 15:30:00+00:00,ABEV3.SA,14.979999542236328,15.0,14.960000038146973,14.979999542236328,172100
2026-03-17 15:35:00+00:00,ABEV3.SA,14.960000038146973,14.989999771118164,14.960000038146973,14.979999542236328,175700
2026-03-17 15:40:00+00:00,ABEV3.SA,14.979999542236328,15.0,14.970000267028809,15.0,289200
2026-03-17 15:45:00+00:00,ABEV3.SA,14.989999771118164,15.0,14.989999771118164,15.0,99300
2026-03-17 15:50:00+00:00,ABEV3.SA,15.0,15.029999732971191,14.989999771118164,15.020000457763672,173100
2026-03-17 15:55:00+00:00,ABEV3.SA,15.029999732971191,15.0600004196167,15.020000457763672,15.050000190734863,351700
2026-03-17 16:00:00+00:00,ABEV3.SA,15.050000190734863,15.069999694824219,15.029999732971191,15.050000190734863,279500
2026-03-17 16:05:00+00:00,ABEV3.SA,15.039999961853027,15.050000190734863,15.020000457763672,15.039999961853027,357500
2026-03-17 16:10:00+00:00,ABEV3.SA,15.029999732971191,15.069999694824219,15.029999732971191,15.050000190734863,232900
2026-03-17 16:15:00+00:00,ABEV3.SA,15.039999961853027,15.069999694824219,15.029999732971191,15.069999694824219,103800
2026-03-17 16:20:00+00:00,ABEV3.SA,15.069999694824219,15.100000381469727,15.0600004196167,15.100000381469727,190100
2026-03-17 16:25:00+00:00,ABEV3.SA,15.100000381469727,15.119999885559082,15.09000015258789,15.109999656677246,168100
2026-03-17 16:30:00+00:00,ABEV3.SA,15.119999885559082,15.119999885559082,15.079999923706055,15.09000015258789,236700
2026-03-17 16:35:00+00:00,ABEV3.SA,15.09000015258789,15.100000381469727,15.069999694824219,15.079999923706055,146000
2026-03-17 16:40:00+00:00,ABEV3.SA,15.09000015258789,15.109999656677246,15.079999923706055,15.109999656677246,106200
2026-03-17 16:45:00+00:00,ABEV3.SA,15.109999656677246,15.109999656677246,15.079999923706055,15.079999923706055,153300
2026-03-17 16:50:00+00:00,ABEV3.SA,15.09000015258789,15.109999656677246,15.079999923706055,15.100000381469727,79800
2026-03-17 16:55:00+00:00,ABEV3.SA,15.100000381469727,15.119999885559082,15.09000015258789,15.09000015258789,148800
2026-03-17 17:00:00+00:00,ABEV3.SA,15.09000015258789,15.109999656677246,15.09000015258789,15.09000015258789,147800
2026-03-17 17:05:00+00:00,ABEV3.SA,15.100000381469727,15.100000381469727,15.069999694824219,15.09000015258789,229600
2026-03-17 17:10:00+00:00,ABEV3.SA,15.09000015258789,15.100000381469727,15.079999923706055,15.100000381469727,127300
2026-03-17 17:15:00+00:00,ABEV3.SA,15.100000381469727,15.100000381469727,15.079999923706055,15.09000015258789,160600
2026-03-17 17:20:00+00:00,ABEV3.SA,15.100000381469727,15.100000381469727,15.09000015258789,15.100000381469727,111200
2026-03-17 17:25:00+00:00,ABEV3.SA,15.100000381469727,15.100000381469727,15.069999694824219,15.09000015258789,295100
2026-03-17 17:30:00+00:00,ABEV3.SA,15.079999923706055,15.09000015258789,15.0600004196167,15.0600004196167,389200
2026-03-17 17:35:00+00:00,ABEV3.SA,15.0600004196167,15.079999923706055,15.0600004196167,15.069999694824219,226800
2026-03-17 17:40:00+00:00,ABEV3.SA,15.069999694824219,15.079999923706055,15.050000190734863,15.069999694824219,307700
2026-03-17 17:45:00+00:00,ABEV3.SA,15.069999694824219,15.079999923706055,15.0600004196167,15.079999923706055,226600
2026-03-17 17:50:00+00:00,ABEV3.SA,15.069999694824219,15.109999656677246,15.0600004196167,15.109999656677246,359700
2026-03-17 17:55:00+00:00,ABEV3.SA,15.109999656677246,15.119999885559082,15.079999923706055,15.09000015258789,278900
2026-03-17 18:00:00+00:00,ABEV3.SA,15.100000381469727,15.149999618530273,15.09000015258789,15.149999618530273,212200
2026-03-17 18:05:00+00:00,ABEV3.SA,15.149999618530273,15.15999984741211,15.119999885559082,15.119999885559082,327700
2026-03-17 18:10:00+00:00,ABEV3.SA,15.130000114440918,15.130000114440918,15.100000381469727,15.100000381469727,161600
2026-03-17 18:15:00+00:00,ABEV3.SA,15.100000381469727,15.130000114440918,15.09000015258789,15.100000381469727,314200
2026-03-17 18:20:00+00:00,ABEV3.SA,15.109999656677246,15.119999885559082,15.100000381469727,15.100000381469727,161000
2026-03-17 18:25:00+00:00,ABEV3.SA,15.109999656677246,15.109999656677246,15.079999923706055,15.09000015258789,156800
2026-03-17 18:30:00+00:00,ABEV3.SA,15.079999923706055,15.130000114440918,15.079999923706055,15.109999656677246,656500
2026-03-17 18:35:00+00:00,ABEV3.SA,15.109999656677246,15.140000343322754,15.100000381469727,15.109999656677246,396900
2026-03-17 18:40:00+00:00,ABEV3.SA,15.109999656677246,15.130000114440918,15.069999694824219,15.079999923706055,410800
2026-03-17 18:45:00+00:00,ABEV3.SA,15.079999923706055,15.109999656677246,15.069999694824219,15.109999656677246,263400
2026-03-17 18:50:00+00:00,ABEV3.SA,15.109999656677246,15.130000114440918,15.09000015258789,15.130000114440918,219400
2026-03-17 18:55:00+00:00,ABEV3.SA,15.119999885559082,15.130000114440918,15.100000381469727,15.109999656677246,216900
2026-03-17 19:00:00+00:00,ABEV3.SA,15.109999656677246,15.130000114440918,15.100000381469727,15.119999885559082,256500
2026-03-17 19:05:00+00:00,ABEV3.SA,15.119999885559082,15.119999885559082,15.09000015258789,15.100000381469727,266400
2026-03-17 19:10:00+00:00,ABEV3.SA,15.109999656677246,15.109999656677246,15.09000015258789,15.100000381469727,249100
2026-03-17 19:15:00+00:00,ABEV3.SA,15.100000381469727,15.109999656677246,15.079999923706055,15.079999923706055,248800
2026-03-17 19:20:00+00:00,ABEV3.SA,15.079999923706055,15.09000015258789,15.050000190734863,15.069999694824219,261100
2026-03-17 19:25:00+00:00,ABEV3.SA,15.079999923706055,15.09000015258789,15.0600004196167,15.0600004196167,471300
2026-03-17 19:30:00+00:00,ABEV3.SA,15.069999694824219,15.079999923706055,15.050000190734863,15.0600004196167,206900
2026-03-17 19:35:00+00:00,ABEV3.SA,15.050000190734863,15.069999694824219,15.029999732971191,15.050000190734863,327500
2026-03-17 19:40:00+00:00,ABEV3.SA,15.039999961853027,15.050000190734863,15.020000457763672,15.050000190734863,306900
2026-03-17 19:45:00+00:00,ABEV3.SA,15.050000190734863,15.069999694824219,15.039999961853027,15.0600004196167,223000
2026-03-17 19:50:00+00:00,ABEV3.SA,15.050000190734863,15.0600004196167,15.020000457763672,15.020000457763672,220200
2026-03-18 13:00:00+00:00,ABEV3.SA,14.949999809265137,15.020000457763672,14.949999809265137,15.0,0
2026-03-18 13:05:00+00:00,ABEV3.SA,15.0,15.010000228881836,14.930000305175781,14.949999809265137,58400
2026-03-18 13:10:00+00:00,ABEV3.SA,14.9399995803833,14.970000267028809,14.930000305175781,14.9399995803833,55700
2026-03-18 13:15:00+00:00,ABEV3.SA,14.9399995803833,14.979999542236328,14.9399995803833,14.970000267028809,89600
2026-03-18 13:20:00+00:00,ABEV3.SA,14.970000267028809,15.050000190734863,14.970000267028809,15.039999961853027,147300
2026-03-18 13:25:00+00:00,ABEV3.SA,15.039999961853027,15.0600004196167,15.010000228881836,15.020000457763672,81600
2026-03-18 13:30:00+00:00,ABEV3.SA,15.020000457763672,15.039999961853027,15.010000228881836,15.029999732971191,64300
2026-03-18 13:35:00+00:00,ABEV3.SA,15.020000457763672,15.020000457763672,14.930000305175781,15.0,422500
2026-03-18 13:40:00+00:00,ABEV3.SA,15.0,15.050000190734863,14.989999771118164,15.010000228881836,456100
2026-03-18 13:45:00+00:00,ABEV3.SA,15.020000457763672,15.050000190734863,15.0,15.039999961853027,206000
2026-03-18 13:50:00+00:00,ABEV3.SA,15.039999961853027,15.050000190734863,15.020000457763672,15.029999732971191,179700
2026-03-18 13:55:00+00:00,ABEV3.SA,15.020000457763672,15.050000190734863,15.010000228881836,15.029999732971191,157300
2026-03-18 14:00:00+00:00,ABEV3.SA,15.039999961853027,15.050000190734863,15.020000457763672,15.029999732971191,225800
2026-03-18 14:05:00+00:00,ABEV3.SA,15.020000457763672,15.039999961853027,15.0,15.0,160100
2026-03-18 14:10:00+00:00,ABEV3.SA,15.0,15.010000228881836,14.979999542236328,14.979999542236328,159900
2026-03-18 14:15:00+00:00,ABEV3.SA,14.989999771118164,15.0,14.979999542236328,14.989999771118164,110100
2026-03-18 14:20:00+00:00,ABEV3.SA,14.989999771118164,15.0,14.949999809265137,14.970000267028809,137300
2026-03-18 14:25:00+00:00,ABEV3.SA,14.979999542236328,14.979999542236328,14.930000305175781,14.9399995803833,205000
2026-03-18 14:30:00+00:00,ABEV3.SA,14.949999809265137,14.960000038146973,14.930000305175781,14.9399995803833,96800
2026-03-18 14:35:00+00:00,ABEV3.SA,14.949999809265137,14.949999809265137,14.930000305175781,14.930000305175781,266800
2026-03-18 14:40:00+00:00,ABEV3.SA,14.930000305175781,14.930000305175781,14.890000343322754,14.890000343322754,189400
2026-03-18 14:45:00+00:00,ABEV3.SA,14.880000114440918,14.90999984741211,14.869999885559082,14.890000343322754,122600
2026-03-18 14:50:00+00:00,ABEV3.SA,14.890000343322754,14.899999618530273,14.800000190734863,14.84000015258789,408400
2026-03-18 14:55:00+00:00,ABEV3.SA,14.84000015258789,14.880000114440918,14.829999923706055,14.850000381469727,316600
2026-03-18 15:00:00+00:00,ABEV3.SA,14.850000381469727,14.899999618530273,14.850000381469727,14.880000114440918,121000
2026-03-18 15:05:00+00:00,ABEV3.SA,14.890000343322754,14.920000076293945,14.890000343322754,14.899999618530273,80600
2026-03-18 15:10:00+00:00,ABEV3.SA,14.90999984741211,14.90999984741211,14.890000343322754,14.890000343322754,50200
2026-03-18 15:15:00+00:00,ABEV3.SA,14.899999618530273,14.90999984741211,14.869999885559082,14.890000343322754,93700
2026-03-18 15:20:00+00:00,ABEV3.SA,14.880000114440918,14.90999984741211,14.869999885559082,14.880000114440918,84400
2026-03-18 15:25:00+00:00,ABEV3.SA,14.890000343322754,14.90999984741211,14.880000114440918,14.890000343322754,50400
2026-03-18 15:30:00+00:00,ABEV3.SA,14.880000114440918,14.90999984741211,14.880000114440918,14.899999618530273,41300
2026-03-18 15:35:00+00:00,ABEV3.SA,14.890000343322754,14.90999984741211,14.890000343322754,14.890000343322754,45900
2026-03-18 15:40:00+00:00,ABEV3.SA,14.899999618530273,14.920000076293945,14.890000343322754,14.90999984741211,130300
2026-03-18 15:45:00+00:00,ABEV3.SA,14.899999618530273,14.920000076293945,14.880000114440918,14.880000114440918,87700
2026-03-18 15:50:00+00:00,ABEV3.SA,14.880000114440918,14.90999984741211,14.880000114440918,14.890000343322754,36300
2026-03-18 15:55:00+00:00,ABEV3.SA,14.899999618530273,14.90999984741211,14.880000114440918,14.890000343322754,67300
2026-03-18 16:00:00+00:00,ABEV3.SA,14.880000114440918,14.890000343322754,14.859999656677246,14.880000114440918,70100
2026-03-18 16:05:00+00:00,ABEV3.SA,14.869999885559082,14.899999618530273,14.869999885559082,14.880000114440918,93800
2026-03-18 16:10:00+00:00,ABEV3.SA,14.880000114440918,14.920000076293945,14.880000114440918,14.90999984741211,93700
2026-03-18 16:15:00+00:00,ABEV3.SA,14.90999984741211,14.920000076293945,14.899999618530273,14.899999618530273,62700
2026-03-18 16:20:00+00:00,ABEV3.SA,14.90999984741211,14.930000305175781,14.899999618530273,14.930000305175781,80900
2026-03-18 16:25:00+00:00,ABEV3.SA,14.930000305175781,14.930000305175781,14.90999984741211,14.90999984741211,86200
2026-03-18 16:30:00+00:00,ABEV3.SA,14.90999984741211,14.930000305175781,14.899999618530273,14.899999618530273,41500
2026-03-18 16:35:00+00:00,ABEV3.SA,14.899999618530273,14.920000076293945,14.890000343322754,14.90999984741211,88000
2026-03-18 16:40:00+00:00,ABEV3.SA,14.90999984741211,14.930000305175781,14.899999618530273,14.920000076293945,67100
2026-03-18 16:45:00+00:00,ABEV3.SA,14.920000076293945,14.930000305175781,14.90999984741211,14.90999984741211,119900
2026-03-18 16:50:00+00:00,ABEV3.SA,14.90999984741211,14.949999809265137,14.90999984741211,14.949999809265137,133000
2026-03-18 16:55:00+00:00,ABEV3.SA,14.949999809265137,15.0,14.9399995803833,15.0,291500
2026-03-18 17:00:00+00:00,ABEV3.SA,15.0,15.0,14.930000305175781,14.9399995803833,375600
2026-03-18 17:05:00+00:00,ABEV3.SA,14.9399995803833,14.970000267028809,14.930000305175781,14.949999809265137,103500
2026-03-18 17:10:00+00:00,ABEV3.SA,14.960000038146973,14.960000038146973,14.930000305175781,14.949999809265137,173800
2026-03-18 17:15:00+00:00,ABEV3.SA,14.949999809265137,14.960000038146973,14.930000305175781,14.9399995803833,200500
2026-03-18 17:20:00+00:00,ABEV3.SA,14.9399995803833,14.9399995803833,14.920000076293945,14.9399995803833,139500
2026-03-18 17:25:00+00:00,ABEV3.SA,14.9399995803833,14.9399995803833,14.920000076293945,14.920000076293945,158000
2026-03-18 17:30:00+00:00,ABEV3.SA,14.930000305175781,14.930000305175781,14.880000114440918,14.890000343322754,194100
2026-03-18 17:35:00+00:00,ABEV3.SA,14.899999618530273,14.90999984741211,14.890000343322754,14.890000343322754,142900
2026-03-18 17:40:00+00:00,ABEV3.SA,14.899999618530273,14.899999618530273,14.880000114440918,14.899999618530273,129000
2026-03-18 17:45:00+00:00,ABEV3.SA,14.899999618530273,14.9399995803833,14.890000343322754,14.930000305175781,127400
2026-03-18 17:50:00+00:00,ABEV3.SA,14.930000305175781,14.9399995803833,14.90999984741211,14.9399995803833,170200
2026-03-18 17:55:00+00:00,ABEV3.SA,14.9399995803833,14.970000267028809,14.920000076293945,14.949999809265137,402100
2026-03-18 18:00:00+00:00,ABEV3.SA,14.960000038146973,14.960000038146973,14.920000076293945,14.9399995803833,419600
2026-03-18 18:05:00+00:00,ABEV3.SA,14.9399995803833,14.9399995803833,14.90999984741211,14.930000305175781,330800
2026-03-18 18:10:00+00:00,ABEV3.SA,14.930000305175781,14.960000038146973,14.920000076293945,14.9399995803833,156000
2026-03-18 18:15:00+00:00,ABEV3.SA,14.9399995803833,14.949999809265137,14.899999618530273,14.920000076293945,570200
2026-03-18 18:20:00+00:00,ABEV3.SA,14.920000076293945,14.920000076293945,14.890000343322754,14.90999984741211,137600
2026-03-18 18:25:00+00:00,ABEV3.SA,14.920000076293945,14.920000076293945,14.890000343322754,14.90999984741211,153900
2026-03-18 18:30:00+00:00,ABEV3.SA,14.90999984741211,14.90999984741211,14.859999656677246,14.869999885559082,233500
2026-03-18 18:35:00+00:00,ABEV3.SA,14.869999885559082,14.90999984741211,14.859999656677246,14.869999885559082,167800
2026-03-18 18:40:00+00:00,ABEV3.SA,14.869999885559082,14.890000343322754,14.850000381469727,14.880000114440918,159700
2026-03-18 18:45:00+00:00,ABEV3.SA,14.880000114440918,14.880000114440918,14.850000381469727,14.869999885559082,152100
2026-03-18 18:50:00+00:00,ABEV3.SA,14.869999885559082,14.869999885559082,14.8100004196167,14.829999923706055,372100
2026-03-18 18:55:00+00:00,ABEV3.SA,14.829999923706055,14.84000015258789,14.800000190734863,14.8100004196167,371600
2026-03-18 19:00:00+00:00,ABEV3.SA,14.8100004196167,14.850000381469727,14.789999961853027,14.850000381469727,409900
2026-03-18 19:05:00+00:00,ABEV3.SA,14.850000381469727,14.869999885559082,14.819999694824219,14.829999923706055,152000
2026-03-18 19:10:00+00:00,ABEV3.SA,14.829999923706055,14.84000015258789,14.8100004196167,14.829999923706055,191300
2026-03-18 19:15:00+00:00,ABEV3.SA,14.829999923706055,14.84000015258789,14.8100004196167,14.829999923706055,191500
2026-03-18 19:20:00+00:00,ABEV3.SA,14.829999923706055,14.829999923706055,14.779999732971191,14.789999961853027,381400
2026-03-18 19:25:00+00:00,ABEV3.SA,14.779999732971191,14.800000190734863,14.760000228881836,14.800000190734863,643600
2026-03-18 19:30:00+00:00,ABEV3.SA,14.800000190734863,14.819999694824219,14.789999961853027,14.8100004196167,206800
2026-03-18 19:35:00+00:00,ABEV3.SA,14.8100004196167,14.829999923706055,14.789999961853027,14.829999923706055,309300
2026-03-18 19:40:00+00:00,ABEV3.SA,14.829999923706055,14.829999923706055,14.800000190734863,14.8100004196167,411600
2026-03-18 19:45:00+00:00,ABEV3.SA,14.8100004196167,14.829999923706055,14.779999732971191,14.800000190734863,654800
2026-03-18 19:50:00+00:00,ABEV3.SA,14.800000190734863,14.800000190734863,14.770000457763672,14.770000457763672,662300
2026-03-19 13:00:00+00:00,ABEV3.SA,14.520000457763672,14.649999618530273,14.449999809265137,14.5600004196167,0
2026-03-19 13:05:00+00:00,ABEV3.SA,14.550000190734863,14.550000190734863,14.4399995803833,14.539999961853027,393600
2026-03-19 13:10:00+00:00,ABEV3.SA,14.529999732971191,14.529999732971191,14.470000267028809,14.479999542236328,296500
2026-03-19 13:15:00+00:00,ABEV3.SA,14.5,14.600000381469727,14.489999771118164,14.600000381469727,403200
2026-03-19 13:20:00+00:00,ABEV3.SA,14.600000381469727,14.619999885559082,14.539999961853027,14.550000190734863,397400
2026-03-19 13:25:00+00:00,ABEV3.SA,14.539999961853027,14.579999923706055,14.529999732971191,14.5600004196167,211900
2026-03-19 13:30:00+00:00,ABEV3.SA,14.5600004196167,14.579999923706055,14.5,14.529999732971191,948200
2026-03-19 13:35:00+00:00,ABEV3.SA,14.529999732971191,14.630000114440918,14.520000457763672,14.609999656677246,597100
2026-03-19 13:40:00+00:00,ABEV3.SA,14.609999656677246,14.649999618530273,14.600000381469727,14.630000114440918,217600
2026-03-19 13:45:00+00:00,ABEV3.SA,14.630000114440918,14.640000343322754,14.609999656677246,14.630000114440918,187400
2026-03-19 13:50:00+00:00,ABEV3.SA,14.630000114440918,14.680000305175781,14.609999656677246,14.649999618530273,340100
2026-03-19 13:55:00+00:00,ABEV3.SA,14.640000343322754,14.649999618530273,14.619999885559082,14.649999618530273,74300
2026-03-19 14:00:00+00:00,ABEV3.SA,14.649999618530273,14.680000305175781,14.630000114440918,14.630000114440918,282600
2026-03-19 14:05:00+00:00,ABEV3.SA,14.640000343322754,14.680000305175781,14.640000343322754,14.65999984741211,123700
2026-03-19 14:10:00+00:00,ABEV3.SA,14.670000076293945,14.6899995803833,14.619999885559082,14.630000114440918,172800
2026-03-19 14:15:00+00:00,ABEV3.SA,14.630000114440918,14.65999984741211,14.619999885559082,14.640000343322754,170600
2026-03-19 14:20:00+00:00,ABEV3.SA,14.640000343322754,14.640000343322754,14.619999885559082,14.619999885559082,156900
2026-03-19 14:25:00+00:00,ABEV3.SA,14.630000114440918,14.630000114440918,14.59000015258789,14.619999885559082,229200
2026-03-19 14:30:00+00:00,ABEV3.SA,14.630000114440918,14.65999984741211,14.619999885559082,14.649999618530273,217000
2026-03-19 14:35:00+00:00,ABEV3.SA,14.649999618530273,14.680000305175781,14.619999885559082,14.640000343322754,303000
2026-03-19 14:40:00+00:00,ABEV3.SA,14.619999885559082,14.640000343322754,14.609999656677246,14.619999885559082,176900
2026-03-19 14:45:00+00:00,ABEV3.SA,14.619999885559082,14.640000343322754,14.619999885559082,14.630000114440918,114600
2026-03-19 14:50:00+00:00,ABEV3.SA,14.630000114440918,14.649999618530273,14.619999885559082,14.619999885559082,188500
2026-03-19 14:55:00+00:00,ABEV3.SA,14.640000343322754,14.649999618530273,14.619999885559082,14.630000114440918,98400
2026-03-19 15:00:00+00:00,ABEV3.SA,14.640000343322754,14.649999618530273,14.609999656677246,14.640000343322754,503000
2026-03-19 15:05:00+00:00,ABEV3.SA,14.630000114440918,14.65999984741211,14.619999885559082,14.630000114440918,174600
2026-03-19 15:10:00+00:00,ABEV3.SA,14.630000114440918,14.640000343322754,14.600000381469727,14.630000114440918,321900
2026-03-19 15:15:00+00:00,ABEV3.SA,14.630000114440918,14.640000343322754,14.600000381469727,14.600000381469727,176500
2026-03-19 15:20:00+00:00,ABEV3.SA,14.600000381469727,14.619999885559082,14.59000015258789,14.609999656677246,286400
2026-03-19 15:25:00+00:00,ABEV3.SA,14.609999656677246,14.630000114440918,14.59000015258789,14.609999656677246,381600
2026-03-19 15:30:00+00:00,ABEV3.SA,14.619999885559082,14.619999885559082,14.600000381469727,14.600000381469727,127100
2026-03-19 15:35:00+00:00,ABEV3.SA,14.600000381469727,14.609999656677246,14.59000015258789,14.609999656677246,234600
2026-03-19 15:40:00+00:00,ABEV3.SA,14.600000381469727,14.609999656677246,14.5600004196167,14.569999694824219,178500
2026-03-19 15:45:00+00:00,ABEV3.SA,14.569999694824219,14.59000015258789,14.550000190734863,14.59000015258789,188000
2026-03-19 15:50:00+00:00,ABEV3.SA,14.59000015258789,14.619999885559082,14.569999694824219,14.59000015258789,475500
2026-03-19 15:55:00+00:00,ABEV3.SA,14.600000381469727,14.600000381469727,14.569999694824219,14.59000015258789,192700
2026-03-19 16:00:00+00:00,ABEV3.SA,14.579999923706055,14.600000381469727,14.569999694824219,14.569999694824219,259500
2026-03-19 16:05:00+00:00,ABEV3.SA,14.579999923706055,14.59000015258789,14.550000190734863,14.569999694824219,207300
2026-03-19 16:10:00+00:00,ABEV3.SA,14.569999694824219,14.569999694824219,14.539999961853027,14.550000190734863,110600
2026-03-19 16:15:00+00:00,ABEV3.SA,14.5600004196167,14.5600004196167,14.539999961853027,14.550000190734863,131400
2026-03-19 16:20:00+00:00,ABEV3.SA,14.539999961853027,14.5600004196167,14.529999732971191,14.550000190734863,170300
2026-03-19 16:25:00+00:00,ABEV3.SA,14.5600004196167,14.569999694824219,14.529999732971191,14.539999961853027,206200
2026-03-19 16:30:00+00:00,ABEV3.SA,14.539999961853027,14.5600004196167,14.539999961853027,14.539999961853027,271100
2026-03-19 16:35:00+00:00,ABEV3.SA,14.539999961853027,14.5600004196167,14.529999732971191,14.539999961853027,148100
2026-03-19 16:40:00+00:00,ABEV3.SA,14.539999961853027,14.569999694824219,14.539999961853027,14.5600004196167,135700
2026-03-19 16:45:00+00:00,ABEV3.SA,14.5600004196167,14.5600004196167,14.529999732971191,14.539999961853027,209200
2026-03-19 16:50:00+00:00,ABEV3.SA,14.529999732971191,14.550000190734863,14.529999732971191,14.550000190734863,141200
2026-03-19 16:55:00+00:00,ABEV3.SA,14.539999961853027,14.5600004196167,14.529999732971191,14.539999961853027,219900
2026-03-19 17:00:00+00:00,ABEV3.SA,14.539999961853027,14.539999961853027,14.529999732971191,14.529999732971191,196300
2026-03-19 17:05:00+00:00,ABEV3.SA,14.529999732971191,14.529999732971191,14.520000457763672,14.520000457763672,160400
2026-03-19 17:10:00+00:00,ABEV3.SA,14.529999732971191,14.550000190734863,14.520000457763672,14.539999961853027,222800
2026-03-19 17:15:00+00:00,ABEV3.SA,14.550000190734863,14.59000015258789,14.539999961853027,14.579999923706055,73900
2026-03-19 17:20:00+00:00,ABEV3.SA,14.569999694824219,14.609999656677246,14.569999694824219,14.579999923706055,130200
2026-03-19 17:25:00+00:00,ABEV3.SA,14.579999923706055,14.600000381469727,14.579999923706055,14.59000015258789,210200
2026-03-19 17:30:00+00:00,ABEV3.SA,14.59000015258789,14.600000381469727,14.59000015258789,14.600000381469727,51600
2026-03-19 17:35:00+00:00,ABEV3.SA,14.600000381469727,14.630000114440918,14.579999923706055,14.619999885559082,406700
2026-03-19 17:40:00+00:00,ABEV3.SA,14.619999885559082,14.619999885559082,14.579999923706055,14.619999885559082,376800
2026-03-19 17:45:00+00:00,ABEV3.SA,14.619999885559082,14.630000114440918,14.59000015258789,14.600000381469727,351300
2026-03-19 17:50:00+00:00,ABEV3.SA,14.600000381469727,14.630000114440918,14.59000015258789,14.619999885559082,276000
2026-03-19 17:55:00+00:00,ABEV3.SA,14.630000114440918,14.630000114440918,14.600000381469727,14.600000381469727,184900
2026-03-19 18:00:00+00:00,ABEV3.SA,14.609999656677246,14.609999656677246,14.579999923706055,14.59000015258789,161700
2026-03-19 18:05:00+00:00,ABEV3.SA,14.59000015258789,14.609999656677246,14.59000015258789,14.609999656677246,85600
2026-03-19 18:10:00+00:00,ABEV3.SA,14.609999656677246,14.630000114440918,14.600000381469727,14.619999885559082,234400
2026-03-19 18:15:00+00:00,ABEV3.SA,14.619999885559082,14.630000114440918,14.609999656677246,14.619999885559082,360100
2026-03-19 18:20:00+00:00,ABEV3.SA,14.619999885559082,14.619999885559082,14.609999656677246,14.609999656677246,77700
2026-03-19 18:25:00+00:00,ABEV3.SA,14.609999656677246,14.640000343322754,14.59000015258789,14.600000381469727,543300
2026-03-19 18:30:00+00:00,ABEV3.SA,14.600000381469727,14.609999656677246,14.600000381469727,14.609999656677246,113100
2026-03-19 18:35:00+00:00,ABEV3.SA,14.609999656677246,14.619999885559082,14.569999694824219,14.59000015258789,260800
2026-03-19 18:40:00+00:00,ABEV3.SA,14.600000381469727,14.609999656677246,14.579999923706055,14.59000015258789,190300
2026-03-19 18:45:00+00:00,ABEV3.SA,14.59000015258789,14.600000381469727,14.579999923706055,14.600000381469727,112200
2026-03-19 18:50:00+00:00,ABEV3.SA,14.59000015258789,14.630000114440918,14.59000015258789,14.630000114440918,177200
2026-03-19 18:55:00+00:00,ABEV3.SA,14.630000114440918,14.649999618530273,14.609999656677246,14.630000114440918,435900
2026-03-19 19:00:00+00:00,ABEV3.SA,14.640000343322754,14.739999771118164,14.630000114440918,14.720000267028809,1165700
2026-03-19 19:05:00+00:00,ABEV3.SA,14.720000267028809,14.770000457763672,14.699999809265137,14.699999809265137,1794800
2026-03-19 19:10:00+00:00,ABEV3.SA,14.720000267028809,14.739999771118164,14.699999809265137,14.720000267028809,838700
2026-03-19 19:15:00+00:00,ABEV3.SA,14.720000267028809,14.760000228881836,14.710000038146973,14.729999542236328,627100
2026-03-19 19:20:00+00:00,ABEV3.SA,14.729999542236328,14.729999542236328,14.6899995803833,14.699999809265137,666100
2026-03-19 19:25:00+00:00,ABEV3.SA,14.699999809265137,14.710000038146973,14.640000343322754,14.670000076293945,1351700
2026-03-19 19:30:00+00:00,ABEV3.SA,14.65999984741211,14.699999809265137,14.640000343322754,14.670000076293945,467900
2026-03-19 19:35:00+00:00,ABEV3.SA,14.680000305175781,14.699999809265137,14.670000076293945,14.6899995803833,334900
2026-03-19 19:40:00+00:00,ABEV3.SA,14.680000305175781,14.75,14.680000305175781,14.75,403000
2026-03-19 19:45:00+00:00,ABEV3.SA,14.75,14.75,14.699999809265137,14.729999542236328,805000
2026-03-19 19:50:00+00:00,ABEV3.SA,14.729999542236328,14.770000457763672,14.710000038146973,14.739999771118164,769100
2026-03-20 13:05:00+00:00,ABEV3.SA,14.6899995803833,14.75,14.579999923706055,14.59000015258789,111300
2026-03-20 13:10:00+00:00,ABEV3.SA,14.600000381469727,14.640000343322754,14.59000015258789,14.619999885559082,159900
2026-03-20 13:15:00+00:00,ABEV3.SA,14.619999885559082,14.640000343322754,14.569999694824219,14.569999694824219,195400
2026-03-20 13:20:00+00:00,ABEV3.SA,14.569999694824219,14.600000381469727,14.5600004196167,14.569999694824219,116800
2026-03-20 13:25:00+00:00,ABEV3.SA,14.569999694824219,14.619999885559082,14.5600004196167,14.569999694824219,241900
2026-03-20 13:30:00+00:00,ABEV3.SA,14.579999923706055,14.579999923706055,14.5,14.5,476200
2026-03-20 13:35:00+00:00,ABEV3.SA,14.510000228881836,14.579999923706055,14.5,14.550000190734863,614700
2026-03-20 13:40:00+00:00,ABEV3.SA,14.550000190734863,14.5600004196167,14.520000457763672,14.5600004196167,207200
2026-03-20 13:45:00+00:00,ABEV3.SA,14.550000190734863,14.569999694824219,14.529999732971191,14.5600004196167,115800
2026-03-20 13:50:00+00:00,ABEV3.SA,14.550000190734863,14.550000190734863,14.479999542236328,14.510000228881836,366900
2026-03-20 13:55:00+00:00,ABEV3.SA,14.510000228881836,14.520000457763672,14.470000267028809,14.489999771118164,281300
2026-03-20 14:00:00+00:00,ABEV3.SA,14.489999771118164,14.489999771118164,14.430000305175781,14.430000305175781,392700
2026-03-20 14:05:00+00:00,ABEV3.SA,14.4399995803833,14.470000267028809,14.420000076293945,14.420000076293945,401000
2026-03-20 14:10:00+00:00,ABEV3.SA,14.430000305175781,14.4399995803833,14.359999656677246,14.380000114440918,330600
2026-03-20 14:15:00+00:00,ABEV3.SA,14.380000114440918,14.399999618530273,14.369999885559082,14.390000343322754,308800
2026-03-20 14:20:00+00:00,ABEV3.SA,14.390000343322754,14.449999809265137,14.369999885559082,14.430000305175781,466200
2026-03-20 14:25:00+00:00,ABEV3.SA,14.430000305175781,14.460000038146973,14.430000305175781,14.449999809265137,200500
2026-03-20 14:30:00+00:00,ABEV3.SA,14.4399995803833,14.479999542236328,14.430000305175781,14.479999542236328,286100
2026-03-20 14:35:00+00:00,ABEV3.SA,14.479999542236328,14.529999732971191,14.460000038146973,14.479999542236328,891300
2026-03-20 14:40:00+00:00,ABEV3.SA,14.489999771118164,14.489999771118164,14.449999809265137,14.479999542236328,214900
2026-03-20 14:45:00+00:00,ABEV3.SA,14.479999542236328,14.529999732971191,14.460000038146973,14.520000457763672,244200
2026-03-20 14:50:00+00:00,ABEV3.SA,14.520000457763672,14.529999732971191,14.460000038146973,14.479999542236328,276200
2026-03-20 14:55:00+00:00,ABEV3.SA,14.479999542236328,14.510000228881836,14.460000038146973,14.479999542236328,241200
2026-03-20 15:00:00+00:00,ABEV3.SA,14.479999542236328,14.510000228881836,14.460000038146973,14.470000267028809,279600
2026-03-20 15:05:00+00:00,ABEV3.SA,14.479999542236328,14.5,14.470000267028809,14.5,194500
2026-03-20 15:10:00+00:00,ABEV3.SA,14.489999771118164,14.550000190734863,14.489999771118164,14.539999961853027,332100
2026-03-20 15:15:00+00:00,ABEV3.SA,14.539999961853027,14.550000190734863,14.489999771118164,14.5,775000
2026-03-20 15:20:00+00:00,ABEV3.SA,14.5,14.5600004196167,14.489999771118164,14.510000228881836,465200
2026-03-20 15:25:00+00:00,ABEV3.SA,14.510000228881836,14.510000228881836,14.460000038146973,14.479999542236328,229800
2026-03-20 15:30:00+00:00,ABEV3.SA,14.470000267028809,14.489999771118164,14.449999809265137,14.460000038146973,210200
2026-03-20 15:35:00+00:00,ABEV3.SA,14.460000038146973,14.510000228881836,14.4399995803833,14.510000228881836,345000
2026-03-20 15:40:00+00:00,ABEV3.SA,14.5,14.510000228881836,14.470000267028809,14.470000267028809,238800
2026-03-20 15:45:00+00:00,ABEV3.SA,14.479999542236328,14.489999771118164,14.4399995803833,14.460000038146973,11372200
2026-03-20 15:50:00+00:00,ABEV3.SA,14.460000038146973,14.479999542236328,14.460000038146973,14.470000267028809,245600
2026-03-20 15:55:00+00:00,ABEV3.SA,14.470000267028809,14.5,14.460000038146973,14.470000267028809,401200
2026-03-20 16:00:00+00:00,ABEV3.SA,14.470000267028809,14.510000228881836,14.470000267028809,14.510000228881836,160600
2026-03-20 16:05:00+00:00,ABEV3.SA,14.5,14.520000457763672,14.5,14.5,59600
2026-03-20 16:10:00+00:00,ABEV3.SA,14.5,14.529999732971191,14.5,14.510000228881836,6057700
2026-03-20 16:15:00+00:00,ABEV3.SA,14.510000228881836,14.520000457763672,14.510000228881836,14.520000457763672,238300
2026-03-20 16:20:00+00:00,ABEV3.SA,14.510000228881836,14.529999732971191,14.5,14.520000457763672,236200
2026-03-20 16:25:00+00:00,ABEV3.SA,14.520000457763672,14.529999732971191,14.5,14.5,166900
2026-03-20 16:30:00+00:00,ABEV3.SA,14.5,14.510000228881836,14.479999542236328,14.5,310700
2026-03-20 16:35:00+00:00,ABEV3.SA,14.510000228881836,14.520000457763672,14.5,14.510000228881836,102900
2026-03-20 16:40:00+00:00,ABEV3.SA,14.510000228881836,14.529999732971191,14.510000228881836,14.520000457763672,47500
2026-03-20 16:45:00+00:00,ABEV3.SA,14.520000457763672,14.529999732971191,14.460000038146973,14.460000038146973,436400
2026-03-20 16:50:00+00:00,ABEV3.SA,14.460000038146973,14.479999542236328,14.460000038146973,14.470000267028809,202000
2026-03-20 16:55:00+00:00,ABEV3.SA,14.470000267028809,14.489999771118164,14.449999809265137,14.460000038146973,239000
2026-03-20 17:00:00+00:00,ABEV3.SA,14.460000038146973,14.479999542236328,14.460000038146973,14.479999542236328,245200
2026-03-20 17:05:00+00:00,ABEV3.SA,14.479999542236328,14.5,14.449999809265137,14.479999542236328,423900
2026-03-20 17:10:00+00:00,ABEV3.SA,14.479999542236328,14.489999771118164,14.470000267028809,14.470000267028809,270100
2026-03-20 17:15:00+00:00,ABEV3.SA,14.470000267028809,14.479999542236328,14.449999809265137,14.449999809265137,283100
2026-03-20 17:20:00+00:00,ABEV3.SA,14.449999809265137,14.479999542236328,14.430000305175781,14.449999809265137,309900
2026-03-20 17:25:00+00:00,ABEV3.SA,14.449999809265137,14.470000267028809,14.449999809265137,14.449999809265137,268300
2026-03-20 17:30:00+00:00,ABEV3.SA,14.449999809265137,14.460000038146973,14.420000076293945,14.420000076293945,343500
2026-03-20 17:35:00+00:00,ABEV3.SA,14.420000076293945,14.460000038146973,14.40999984741211,14.449999809265137,331900
2026-03-20 17:40:00+00:00,ABEV3.SA,14.460000038146973,14.460000038146973,14.4399995803833,14.449999809265137,290200
2026-03-20 17:45:00+00:00,ABEV3.SA,14.449999809265137,14.460000038146973,14.420000076293945,14.420000076293945,395300
2026-03-20 17:50:00+00:00,ABEV3.SA,14.430000305175781,14.460000038146973,14.420000076293945,14.449999809265137,224000
2026-03-20 17:55:00+00:00,ABEV3.SA,14.449999809265137,14.489999771118164,14.449999809265137,14.489999771118164,464100
2026-03-20 18:00:00+00:00,ABEV3.SA,14.479999542236328,14.5,14.470000267028809,14.479999542236328,507700
2026-03-20 18:05:00+00:00,ABEV3.SA,14.470000267028809,14.489999771118164,14.449999809265137,14.449999809265137,343200
2026-03-20 18:10:00+00:00,ABEV3.SA,14.449999809265137,14.460000038146973,14.40999984741211,14.40999984741211,325900
2026-03-20 18:15:00+00:00,ABEV3.SA,14.40999984741211,14.420000076293945,14.399999618530273,14.399999618530273,306200
2026-03-20 18:20:00+00:00,ABEV3.SA,14.399999618530273,14.40999984741211,14.369999885559082,14.369999885559082,1313500
2026-03-20 18:25:00+00:00,ABEV3.SA,14.369999885559082,14.390000343322754,14.359999656677246,14.369999885559082,332000
2026-03-20 18:30:00+00:00,ABEV3.SA,14.369999885559082,14.380000114440918,14.359999656677246,14.359999656677246,257900
2026-03-20 18:35:00+00:00,ABEV3.SA,14.359999656677246,14.380000114440918,14.350000381469727,14.359999656677246,577800
2026-03-20 18:40:00+00:00,ABEV3.SA,14.359999656677246,14.380000114440918,14.34000015258789,14.34000015258789,568300
2026-03-20 18:45:00+00:00,ABEV3.SA,14.34000015258789,14.369999885559082,14.329999923706055,14.359999656677246,407700
2026-03-20 18:50:00+00:00,ABEV3.SA,14.359999656677246,14.380000114440918,14.350000381469727,14.369999885559082,316400
2026-03-20 18:55:00+00:00,ABEV3.SA,14.369999885559082,14.399999618530273,14.369999885559082,14.369999885559082,296000
2026-03-20 19:00:00+00:00,ABEV3.SA,14.369999885559082,14.430000305175781,14.369999885559082,14.420000076293945,708700
2026-03-20 19:05:00+00:00,ABEV3.SA,14.420000076293945,14.430000305175781,14.40999984741211,14.420000076293945,914000
2026-03-20 19:10:00+00:00,ABEV3.SA,14.420000076293945,14.470000267028809,14.40999984741211,14.449999809265137,614100
2026-03-20 19:15:00+00:00,ABEV3.SA,14.449999809265137,14.470000267028809,14.4399995803833,14.460000038146973,699200
2026-03-20 19:20:00+00:00,ABEV3.SA,14.460000038146973,14.470000267028809,14.399999618530273,14.40999984741211,785600
2026-03-20 19:25:00+00:00,ABEV3.SA,14.399999618530273,14.430000305175781,14.390000343322754,14.430000305175781,608800
2026-03-20 19:30:00+00:00,ABEV3.SA,14.420000076293945,14.430000305175781,14.399999618530273,14.40999984741211,659700
2026-03-20 19:35:00+00:00,ABEV3.SA,14.40999984741211,14.420000076293945,14.380000114440918,14.40999984741211,1374700
2026-03-20 19:40:00+00:00,ABEV3.SA,14.399999618530273,14.40999984741211,14.390000343322754,14.399999618530273,581200
2026-03-20 19:45:00+00:00,ABEV3.SA,14.40999984741211,14.449999809265137,14.399999618530273,14.420000076293945,788600
2026-03-23 13:00:00+00:00,ABEV3.SA,14.680000305175781,14.680000305175781,14.529999732971191,14.640000343322754,0
2026-03-23 13:05:00+00:00,ABEV3.SA,14.619999885559082,14.680000305175781,14.609999656677246,14.649999618530273,156300
2026-03-23 13:10:00+00:00,ABEV3.SA,14.649999618530273,14.670000076293945,14.640000343322754,14.670000076293945,76300
2026-03-23 13:15:00+00:00,ABEV3.SA,14.680000305175781,14.699999809265137,14.630000114440918,14.65999984741211,360600
2026-03-23 13:20:00+00:00,ABEV3.SA,14.670000076293945,14.710000038146973,14.65999984741211,14.680000305175781,314000
2026-03-23 13:25:00+00:00,ABEV3.SA,14.6899995803833,14.6899995803833,14.609999656677246,14.670000076293945,197900
2026-03-23 13:30:00+00:00,ABEV3.SA,14.680000305175781,14.720000267028809,14.619999885559082,14.649999618530273,664800
2026-03-23 13:35:00+00:00,ABEV3.SA,14.649999618530273,14.699999809265137,14.649999618530273,14.6899995803833,211400
2026-03-23 13:40:00+00:00,ABEV3.SA,14.6899995803833,14.729999542236328,14.6899995803833,14.699999809265137,363700
2026-03-23 13:45:00+00:00,ABEV3.SA,14.6899995803833,14.6899995803833,14.649999618530273,14.649999618530273,432900
2026-03-23 13:50:00+00:00,ABEV3.SA,14.649999618530273,14.65999984741211,14.619999885559082,14.65999984741211,129700
2026-03-23 13:55:00+00:00,ABEV3.SA,14.65999984741211,14.699999809265137,14.649999618530273,14.699999809265137,264300
2026-03-23 14:00:00+00:00,ABEV3.SA,14.699999809265137,14.729999542236328,14.680000305175781,14.6899995803833,329100
2026-03-23 14:05:00+00:00,ABEV3.SA,14.699999809265137,14.720000267028809,14.6899995803833,14.699999809265137,429500
2026-03-23 14:10:00+00:00,ABEV3.SA,14.710000038146973,14.729999542236328,14.680000305175781,14.680000305175781,176700
2026-03-23 14:15:00+00:00,ABEV3.SA,14.680000305175781,14.710000038146973,14.680000305175781,14.710000038146973,222000
2026-03-23 14:20:00+00:00,ABEV3.SA,14.710000038146973,14.720000267028809,14.6899995803833,14.710000038146973,403500
2026-03-23 14:25:00+00:00,ABEV3.SA,14.699999809265137,14.720000267028809,14.65999984741211,14.699999809265137,338000
2026-03-23 14:30:00+00:00,ABEV3.SA,14.6899995803833,14.699999809265137,14.680000305175781,14.699999809265137,349400
2026-03-23 14:35:00+00:00,ABEV3.SA,14.699999809265137,14.729999542236328,14.680000305175781,14.680000305175781,303700
2026-03-23 14:40:00+00:00,ABEV3.SA,14.6899995803833,14.739999771118164,14.6899995803833,14.720000267028809,410100
2026-03-23 14:45:00+00:00,ABEV3.SA,14.720000267028809,14.739999771118164,14.6899995803833,14.729999542236328,374500
2026-03-23 14:50:00+00:00,ABEV3.SA,14.739999771118164,14.760000228881836,14.729999542236328,14.75,161900
2026-03-23 14:55:00+00:00,ABEV3.SA,14.739999771118164,14.770000457763672,14.739999771118164,14.739999771118164,331200
2026-03-23 15:00:00+00:00,ABEV3.SA,14.739999771118164,14.779999732971191,14.739999771118164,14.779999732971191,326800
2026-03-23 15:05:00+00:00,ABEV3.SA,14.779999732971191,14.789999961853027,14.739999771118164,14.760000228881836,785700
2026-03-23 15:10:00+00:00,ABEV3.SA,14.760000228881836,14.819999694824219,14.760000228881836,14.819999694824219,502500
2026-03-23 15:15:00+00:00,ABEV3.SA,14.819999694824219,14.829999923706055,14.760000228881836,14.779999732971191,374500
2026-03-23 15:20:00+00:00,ABEV3.SA,14.760000228881836,14.779999732971191,14.760000228881836,14.760000228881836,505600
2026-03-23 15:25:00+00:00,ABEV3.SA,14.760000228881836,14.770000457763672,14.75,14.770000457763672,131700
2026-03-23 15:30:00+00:00,ABEV3.SA,14.760000228881836,14.779999732971191,14.75,14.760000228881836,206100
2026-03-23 15:35:00+00:00,ABEV3.SA,14.770000457763672,14.789999961853027,14.739999771118164,14.760000228881836,281900
2026-03-23 15:40:00+00:00,ABEV3.SA,14.75,14.760000228881836,14.729999542236328,14.75,266700
2026-03-23 15:45:00+00:00,ABEV3.SA,14.739999771118164,14.75,14.720000267028809,14.729999542236328,96500
2026-03-23 15:50:00+00:00,ABEV3.SA,14.739999771118164,14.75,14.720000267028809,14.720000267028809,189400
2026-03-23 15:55:00+00:00,ABEV3.SA,14.720000267028809,14.729999542236328,14.6899995803833,14.699999809265137,275300
2026-03-23 16:00:00+00:00,ABEV3.SA,14.699999809265137,14.729999542236328,14.6899995803833,14.720000267028809,265600
2026-03-23 16:05:00+00:00,ABEV3.SA,14.710000038146973,14.720000267028809,14.699999809265137,14.699999809265137,254300
2026-03-23 16:10:00+00:00,ABEV3.SA,14.6899995803833,14.739999771118164,14.680000305175781,14.729999542236328,255800
2026-03-23 16:15:00+00:00,ABEV3.SA,14.720000267028809,14.729999542236328,14.699999809265137,14.710000038146973,170600
2026-03-23 16:20:00+00:00,ABEV3.SA,14.699999809265137,14.720000267028809,14.699999809265137,14.720000267028809,197500
2026-03-23 16:25:00+00:00,ABEV3.SA,14.710000038146973,14.720000267028809,14.680000305175781,14.680000305175781,214100
2026-03-23 16:30:00+00:00,ABEV3.SA,14.680000305175781,14.720000267028809,14.680000305175781,14.710000038146973,214000
2026-03-23 16:35:00+00:00,ABEV3.SA,14.720000267028809,14.739999771118164,14.720000267028809,14.720000267028809,130100
2026-03-23 16:40:00+00:00,ABEV3.SA,14.720000267028809,14.739999771118164,14.720000267028809,14.729999542236328,71300
2026-03-23 16:45:00+00:00,ABEV3.SA,14.739999771118164,14.739999771118164,14.710000038146973,14.729999542236328,147300
2026-03-23 16:50:00+00:00,ABEV3.SA,14.729999542236328,14.729999542236328,14.699999809265137,14.729999542236328,230900
2026-03-23 16:55:00+00:00,ABEV3.SA,14.729999542236328,14.739999771118164,14.710000038146973,14.720000267028809,134900
2026-03-23 17:00:00+00:00,ABEV3.SA,14.729999542236328,14.729999542236328,14.6899995803833,14.699999809265137,284100
2026-03-23 17:05:00+00:00,ABEV3.SA,14.699999809265137,14.720000267028809,14.6899995803833,14.699999809265137,124100
2026-03-23 17:10:00+00:00,ABEV3.SA,14.710000038146973,14.710000038146973,14.680000305175781,14.680000305175781,132200
2026-03-23 17:15:00+00:00,ABEV3.SA,14.680000305175781,14.699999809265137,14.680000305175781,14.6899995803833,97600
2026-03-23 17:20:00+00:00,ABEV3.SA,14.6899995803833,14.710000038146973,14.6899995803833,14.6899995803833,184500
2026-03-23 17:25:00+00:00,ABEV3.SA,14.699999809265137,14.720000267028809,14.6899995803833,14.710000038146973,244400
2026-03-23 17:30:00+00:00,ABEV3.SA,14.720000267028809,14.739999771118164,14.710000038146973,14.739999771118164,87200
2026-03-23 17:35:00+00:00,ABEV3.SA,14.75,14.760000228881836,14.75,14.760000228881836,65600
2026-03-23 17:40:00+00:00,ABEV3.SA,14.760000228881836,14.760000228881836,14.739999771118164,14.75,143900
2026-03-23 17:45:00+00:00,ABEV3.SA,14.75,14.75,14.720000267028809,14.739999771118164,221800
2026-03-23 17:50:00+00:00,ABEV3.SA,14.739999771118164,14.75,14.720000267028809,14.720000267028809,426600
2026-03-23 17:55:00+00:00,ABEV3.SA,14.729999542236328,14.729999542236328,14.699999809265137,14.710000038146973,262500
2026-03-23 18:00:00+00:00,ABEV3.SA,14.710000038146973,14.720000267028809,14.670000076293945,14.699999809265137,372200
2026-03-23 18:05:00+00:00,ABEV3.SA,14.699999809265137,14.710000038146973,14.670000076293945,14.6899995803833,307700
2026-03-23 18:10:00+00:00,ABEV3.SA,14.6899995803833,14.710000038146973,14.6899995803833,14.699999809265137,88800
2026-03-23 18:15:00+00:00,ABEV3.SA,14.710000038146973,14.720000267028809,14.6899995803833,14.710000038146973,199500
2026-03-23 18:20:00+00:00,ABEV3.SA,14.710000038146973,14.720000267028809,14.710000038146973,14.710000038146973,39600
2026-03-23 18:25:00+00:00,ABEV3.SA,14.710000038146973,14.729999542236328,14.710000038146973,14.720000267028809,63100
2026-03-23 18:30:00+00:00,ABEV3.SA,14.729999542236328,14.760000228881836,14.720000267028809,14.75,385500
2026-03-23 18:35:00+00:00,ABEV3.SA,14.75,14.800000190734863,14.739999771118164,14.760000228881836,559600
2026-03-23 18:40:00+00:00,ABEV3.SA,14.779999732971191,14.789999961853027,14.75,14.75,235700
2026-03-23 18:45:00+00:00,ABEV3.SA,14.75,14.779999732971191,14.75,14.760000228881836,107600
2026-03-23 18:50:00+00:00,ABEV3.SA,14.760000228881836,14.770000457763672,14.75,14.770000457763672,86400
2026-03-23 18:55:00+00:00,ABEV3.SA,14.760000228881836,14.789999961853027,14.75,14.770000457763672,92200
2026-03-23 19:00:00+00:00,ABEV3.SA,14.779999732971191,14.779999732971191,14.760000228881836,14.779999732971191,68500
2026-03-23 19:05:00+00:00,ABEV3.SA,14.770000457763672,14.779999732971191,14.760000228881836,14.760000228881836,133700
2026-03-23 19:10:00+00:00,ABEV3.SA,14.760000228881836,14.779999732971191,14.760000228881836,14.779999732971191,90500
2026-03-23 19:15:00+00:00,ABEV3.SA,14.779999732971191,14.789999961853027,14.760000228881836,14.770000457763672,190000
2026-03-23 19:20:00+00:00,ABEV3.SA,14.760000228881836,14.770000457763672,14.75,14.75,135400
2026-03-23 19:25:00+00:00,ABEV3.SA,14.760000228881836,14.760000228881836,14.739999771118164,14.760000228881836,189600
2026-03-23 19:30:00+00:00,ABEV3.SA,14.760000228881836,14.770000457763672,14.75,14.760000228881836,202100
2026-03-23 19:35:00+00:00,ABEV3.SA,14.760000228881836,14.760000228881836,14.739999771118164,14.760000228881836,162500
2026-03-23 19:40:00+00:00,ABEV3.SA,14.760000228881836,14.779999732971191,14.75,14.75,285200
2026-03-23 19:45:00+00:00,ABEV3.SA,14.760000228881836,14.8100004196167,14.75,14.8100004196167,866800
2026-03-23 19:50:00+00:00,ABEV3.SA,14.8100004196167,14.8100004196167,14.729999542236328,14.729999542236328,381900
2026-03-24 13:05:00+00:00,ABEV3.SA,14.65999984741211,14.65999984741211,14.5,14.520000457763672,79000
2026-03-24 13:10:00+00:00,ABEV3.SA,14.520000457763672,14.609999656677246,14.520000457763672,14.600000381469727,155100
2026-03-24 13:15:00+00:00,ABEV3.SA,14.59000015258789,14.630000114440918,14.579999923706055,14.59000015258789,253100
2026-03-24 13:20:00+00:00,ABEV3.SA,14.579999923706055,14.59000015258789,14.529999732971191,14.529999732971191,98200
2026-03-24 13:25:00+00:00,ABEV3.SA,14.529999732971191,14.5600004196167,14.520000457763672,14.529999732971191,93000
2026-03-24 13:30:00+00:00,ABEV3.SA,14.529999732971191,14.539999961853027,14.5,14.520000457763672,259900
2026-03-24 13:35:00+00:00,ABEV3.SA,14.520000457763672,14.529999732971191,14.489999771118164,14.5,166600
2026-03-24 13:40:00+00:00,ABEV3.SA,14.510000228881836,14.529999732971191,14.5,14.510000228881836,145000
2026-03-24 13:45:00+00:00,ABEV3.SA,14.510000228881836,14.569999694824219,14.510000228881836,14.5600004196167,162700
2026-03-24 13:50:00+00:00,ABEV3.SA,14.5600004196167,14.579999923706055,14.550000190734863,14.550000190734863,100900
2026-03-24 13:55:00+00:00,ABEV3.SA,14.539999961853027,14.600000381469727,14.539999961853027,14.59000015258789,272200
2026-03-24 14:00:00+00:00,ABEV3.SA,14.59000015258789,14.619999885559082,14.579999923706055,14.609999656677246,69700
2026-03-24 14:05:00+00:00,ABEV3.SA,14.619999885559082,14.640000343322754,14.609999656677246,14.640000343322754,47500
2026-03-24 14:10:00+00:00,ABEV3.SA,14.640000343322754,14.65999984741211,14.619999885559082,14.649999618530273,120100
2026-03-24 14:15:00+00:00,ABEV3.SA,14.649999618530273,14.65999984741211,14.630000114440918,14.65999984741211,61700
2026-03-24 14:20:00+00:00,ABEV3.SA,14.649999618530273,14.680000305175781,14.630000114440918,14.640000343322754,170500
2026-03-24 14:25:00+00:00,ABEV3.SA,14.649999618530273,14.680000305175781,14.649999618530273,14.649999618530273,117900
2026-03-24 14:30:00+00:00,ABEV3.SA,14.65999984741211,14.680000305175781,14.649999618530273,14.670000076293945,185200
2026-03-24 14:35:00+00:00,ABEV3.SA,14.680000305175781,14.680000305175781,14.630000114440918,14.640000343322754,262200
2026-03-24 14:40:00+00:00,ABEV3.SA,14.640000343322754,14.680000305175781,14.640000343322754,14.670000076293945,168300
2026-03-24 14:45:00+00:00,ABEV3.SA,14.65999984741211,14.680000305175781,14.640000343322754,14.649999618530273,143500
2026-03-24 14:50:00+00:00,ABEV3.SA,14.640000343322754,14.699999809265137,14.640000343322754,14.65999984741211,316000
2026-03-24 14:55:00+00:00,ABEV3.SA,14.65999984741211,14.6899995803833,14.630000114440918,14.65999984741211,253600
2026-03-24 15:00:00+00:00,ABEV3.SA,14.65999984741211,14.680000305175781,14.640000343322754,14.640000343322754,144100
2026-03-24 15:05:00+00:00,ABEV3.SA,14.65999984741211,14.670000076293945,14.640000343322754,14.65999984741211,48100
2026-03-24 15:10:00+00:00,ABEV3.SA,14.65999984741211,14.670000076293945,14.649999618530273,14.65999984741211,82700
2026-03-24 15:15:00+00:00,ABEV3.SA,14.649999618530273,14.65999984741211,14.649999618530273,14.649999618530273,22400
2026-03-24 15:20:00+00:00,ABEV3.SA,14.65999984741211,14.680000305175781,14.649999618530273,14.680000305175781,160000
2026-03-24 15:25:00+00:00,ABEV3.SA,14.680000305175781,14.6899995803833,14.670000076293945,14.6899995803833,160800
2026-03-24 15:30:00+00:00,ABEV3.SA,14.680000305175781,14.710000038146973,14.680000305175781,14.710000038146973,34400
2026-03-24 15:35:00+00:00,ABEV3.SA,14.699999809265137,14.710000038146973,14.680000305175781,14.680000305175781,83100
2026-03-24 15:40:00+00:00,ABEV3.SA,14.680000305175781,14.699999809265137,14.670000076293945,14.699999809265137,20500
2026-03-24 15:45:00+00:00,ABEV3.SA,14.6899995803833,14.699999809265137,14.680000305175781,14.699999809265137,43800
2026-03-24 15:50:00+00:00,ABEV3.SA,14.6899995803833,14.710000038146973,14.6899995803833,14.710000038146973,128400
2026-03-24 15:55:00+00:00,ABEV3.SA,14.699999809265137,14.699999809265137,14.680000305175781,14.699999809265137,115700
2026-03-24 16:00:00+00:00,ABEV3.SA,14.6899995803833,14.710000038146973,14.6899995803833,14.710000038146973,71600
2026-03-24 16:05:00+00:00,ABEV3.SA,14.710000038146973,14.710000038146973,14.680000305175781,14.6899995803833,94100
2026-03-24 16:10:00+00:00,ABEV3.SA,14.6899995803833,14.699999809265137,14.670000076293945,14.6899995803833,105800
2026-03-24 16:15:00+00:00,ABEV3.SA,14.6899995803833,14.710000038146973,14.680000305175781,14.699999809265137,78100
2026-03-24 16:20:00+00:00,ABEV3.SA,14.710000038146973,14.720000267028809,14.699999809265137,14.710000038146973,58900
2026-03-24 16:25:00+00:00,ABEV3.SA,14.699999809265137,14.710000038146973,14.6899995803833,14.710000038146973,81400
2026-03-24 16:30:00+00:00,ABEV3.SA,14.710000038146973,14.710000038146973,14.6899995803833,14.699999809265137,97600
2026-03-24 16:35:00+00:00,ABEV3.SA,14.699999809265137,14.699999809265137,14.670000076293945,14.6899995803833,41900
2026-03-24 16:40:00+00:00,ABEV3.SA,14.6899995803833,14.699999809265137,14.680000305175781,14.6899995803833,18500
2026-03-24 16:45:00+00:00,ABEV3.SA,14.6899995803833,14.710000038146973,14.680000305175781,14.699999809265137,67100
2026-03-24 16:50:00+00:00,ABEV3.SA,14.699999809265137,14.710000038146973,14.6899995803833,14.699999809265137,37400
2026-03-24 16:55:00+00:00,ABEV3.SA,14.699999809265137,14.699999809265137,14.680000305175781,14.699999809265137,77200
2026-03-24 17:00:00+00:00,ABEV3.SA,14.699999809265137,14.699999809265137,14.65999984741211,14.670000076293945,105600
2026-03-24 17:05:00+00:00,ABEV3.SA,14.65999984741211,14.670000076293945,14.649999618530273,14.65999984741211,94800
2026-03-24 17:10:00+00:00,ABEV3.SA,14.65999984741211,14.680000305175781,14.649999618530273,14.65999984741211,96800
2026-03-24 17:15:00+00:00,ABEV3.SA,14.649999618530273,14.65999984741211,14.640000343322754,14.649999618530273,125200
2026-03-24 17:20:00+00:00,ABEV3.SA,14.649999618530273,14.65999984741211,14.640000343322754,14.65999984741211,25500
2026-03-24 17:25:00+00:00,ABEV3.SA,14.649999618530273,14.65999984741211,14.640000343322754,14.649999618530273,78700
2026-03-24 17:30:00+00:00,ABEV3.SA,14.640000343322754,14.670000076293945,14.619999885559082,14.619999885559082,191000
2026-03-24 17:35:00+00:00,ABEV3.SA,14.619999885559082,14.65999984741211,14.619999885559082,14.649999618530273,76400
2026-03-24 17:40:00+00:00,ABEV3.SA,14.649999618530273,14.649999618530273,14.600000381469727,14.609999656677246,80100
2026-03-24 17:45:00+00:00,ABEV3.SA,14.609999656677246,14.619999885559082,14.600000381469727,14.619999885559082,98600
2026-03-24 17:50:00+00:00,ABEV3.SA,14.609999656677246,14.619999885559082,14.59000015258789,14.600000381469727,119200
2026-03-24 17:55:00+00:00,ABEV3.SA,14.609999656677246,14.65999984741211,14.600000381469727,14.65999984741211,230900
2026-03-24 18:00:00+00:00,ABEV3.SA,14.65999984741211,14.670000076293945,14.640000343322754,14.649999618530273,56600
2026-03-24 18:05:00+00:00,ABEV3.SA,14.649999618530273,14.670000076293945,14.640000343322754,14.640000343322754,46300
2026-03-24 18:10:00+00:00,ABEV3.SA,14.649999618530273,14.65999984741211,14.640000343322754,14.640000343322754,20500
2026-03-24 18:15:00+00:00,ABEV3.SA,14.640000343322754,14.65999984741211,14.630000114440918,14.65999984741211,84600
2026-03-24 18:20:00+00:00,ABEV3.SA,14.65999984741211,14.670000076293945,14.649999618530273,14.65999984741211,36300
2026-03-24 18:25:00+00:00,ABEV3.SA,14.670000076293945,14.699999809265137,14.65999984741211,14.699999809265137,116600
2026-03-24 18:30:00+00:00,ABEV3.SA,14.6899995803833,14.710000038146973,14.6899995803833,14.699999809265137,135200
2026-03-24 18:35:00+00:00,ABEV3.SA,14.699999809265137,14.710000038146973,14.6899995803833,14.710000038146973,125500
2026-03-24 18:40:00+00:00,ABEV3.SA,14.710000038146973,14.710000038146973,14.670000076293945,14.670000076293945,145800
2026-03-24 18:45:00+00:00,ABEV3.SA,14.670000076293945,14.6899995803833,14.670000076293945,14.680000305175781,56400
2026-03-24 18:50:00+00:00,ABEV3.SA,14.6899995803833,14.699999809265137,14.680000305175781,14.6899995803833,82000
2026-03-24 18:55:00+00:00,ABEV3.SA,14.699999809265137,14.699999809265137,14.680000305175781,14.6899995803833,45800
2026-03-24 19:00:00+00:00,ABEV3.SA,14.680000305175781,14.720000267028809,14.680000305175781,14.699999809265137,201600
2026-03-24 19:05:00+00:00,ABEV3.SA,14.699999809265137,14.720000267028809,14.699999809265137,14.720000267028809,98400
2026-03-24 19:10:00+00:00,ABEV3.SA,14.720000267028809,14.729999542236328,14.710000038146973,14.720000267028809,130400
2026-03-24 19:15:00+00:00,ABEV3.SA,14.720000267028809,14.729999542236328,14.710000038146973,14.729999542236328,176400
2026-03-24 19:20:00+00:00,ABEV3.SA,14.729999542236328,14.75,14.710000038146973,14.720000267028809,578200
2026-03-24 19:25:00+00:00,ABEV3.SA,14.710000038146973,14.729999542236328,14.710000038146973,14.720000267028809,326800
2026-03-24 19:30:00+00:00,ABEV3.SA,14.710000038146973,14.729999542236328,14.710000038146973,14.720000267028809,100300
2026-03-24 19:35:00+00:00,ABEV3.SA,14.710000038146973,14.729999542236328,14.6899995803833,14.720000267028809,289200
2026-03-24 19:40:00+00:00,ABEV3.SA,14.710000038146973,14.739999771118164,14.710000038146973,14.729999542236328,509900
2026-03-24 19:45:00+00:00,ABEV3.SA,14.729999542236328,14.75,14.710000038146973,14.739999771118164,658600
2026-03-24 19:50:00+00:00,ABEV3.SA,14.739999771118164,14.760000228881836,14.729999542236328,14.75,337500
2026-03-25 13:05:00+00:00,ABEV3.SA,14.890000343322754,14.899999618530273,14.819999694824219,14.84000015258789,48500
2026-03-25 13:10:00+00:00,ABEV3.SA,14.829999923706055,14.859999656677246,14.789999961853027,14.800000190734863,115600
2026-03-25 13:15:00+00:00,ABEV3.SA,14.8100004196167,14.850000381469727,14.8100004196167,14.84000015258789,52800
2026-03-25 13:20:00+00:00,ABEV3.SA,14.850000381469727,14.869999885559082,14.819999694824219,14.850000381469727,116900
2026-03-25 13:25:00+00:00,ABEV3.SA,14.84000015258789,14.869999885559082,14.819999694824219,14.859999656677246,139500
2026-03-25 13:30:00+00:00,ABEV3.SA,14.84000015258789,14.890000343322754,14.819999694824219,14.880000114440918,380100
2026-03-25 13:35:00+00:00,ABEV3.SA,14.869999885559082,14.930000305175781,14.859999656677246,14.90999984741211,434200
2026-03-25 13:40:00+00:00,ABEV3.SA,14.899999618530273,14.930000305175781,14.899999618530273,14.90999984741211,136100
2026-03-25 13:45:00+00:00,ABEV3.SA,14.920000076293945,14.920000076293945,14.890000343322754,14.890000343322754,230500
2026-03-25 13:50:00+00:00,ABEV3.SA,14.890000343322754,14.90999984741211,14.880000114440918,14.90999984741211,134500
2026-03-25 13:55:00+00:00,ABEV3.SA,14.90999984741211,14.930000305175781,14.880000114440918,14.890000343322754,484400
2026-03-25 14:00:00+00:00,ABEV3.SA,14.890000343322754,14.890000343322754,14.859999656677246,14.869999885559082,179700
2026-03-25 14:05:00+00:00,ABEV3.SA,14.880000114440918,14.890000343322754,14.8100004196167,14.829999923706055,388800
2026-03-25 14:10:00+00:00,ABEV3.SA,14.84000015258789,14.890000343322754,14.829999923706055,14.880000114440918,408400
2026-03-25 14:15:00+00:00,ABEV3.SA,14.880000114440918,14.890000343322754,14.850000381469727,14.880000114440918,202200
2026-03-25 14:20:00+00:00,ABEV3.SA,14.869999885559082,14.90999984741211,14.859999656677246,14.859999656677246,494100
2026-03-25 14:25:00+00:00,ABEV3.SA,14.880000114440918,14.90999984741211,14.869999885559082,14.880000114440918,146700
2026-03-25 14:30:00+00:00,ABEV3.SA,14.880000114440918,14.920000076293945,14.880000114440918,14.90999984741211,99800
2026-03-25 14:35:00+00:00,ABEV3.SA,14.899999618530273,14.920000076293945,14.899999618530273,14.90999984741211,60800
2026-03-25 14:40:00+00:00,ABEV3.SA,14.90999984741211,14.930000305175781,14.899999618530273,14.920000076293945,166900
2026-03-25 14:45:00+00:00,ABEV3.SA,14.930000305175781,14.979999542236328,14.920000076293945,14.979999542236328,422300
2026-03-25 14:50:00+00:00,ABEV3.SA,14.979999542236328,15.0,14.970000267028809,14.979999542236328,294400
2026-03-25 14:55:00+00:00,ABEV3.SA,14.979999542236328,15.0,14.970000267028809,14.979999542236328,252900
2026-03-25 15:00:00+00:00,ABEV3.SA,14.979999542236328,14.989999771118164,14.960000038146973,14.970000267028809,324800
2026-03-25 15:05:00+00:00,ABEV3.SA,14.970000267028809,14.989999771118164,14.9399995803833,14.949999809265137,181000
2026-03-25 15:10:00+00:00,ABEV3.SA,14.949999809265137,14.949999809265137,14.930000305175781,14.9399995803833,88000
2026-03-25 15:15:00+00:00,ABEV3.SA,14.930000305175781,14.949999809265137,14.899999618530273,14.90999984741211,180800
2026-03-25 15:20:00+00:00,ABEV3.SA,14.90999984741211,14.949999809265137,14.90999984741211,14.949999809265137,148900
2026-03-25 15:25:00+00:00,ABEV3.SA,14.949999809265137,14.949999809265137,14.920000076293945,14.930000305175781,89000
2026-03-25 15:30:00+00:00,ABEV3.SA,14.930000305175781,14.960000038146973,14.930000305175781,14.9399995803833,83000
2026-03-25 15:35:00+00:00,ABEV3.SA,14.9399995803833,14.949999809265137,14.930000305175781,14.9399995803833,111300
2026-03-25 15:40:00+00:00,ABEV3.SA,14.930000305175781,14.960000038146973,14.930000305175781,14.949999809265137,61000
2026-03-25 15:45:00+00:00,ABEV3.SA,14.960000038146973,14.960000038146973,14.9399995803833,14.9399995803833,158700
2026-03-25 15:50:00+00:00,ABEV3.SA,14.949999809265137,14.960000038146973,14.9399995803833,14.949999809265137,113200
2026-03-25 15:55:00+00:00,ABEV3.SA,14.960000038146973,14.979999542236328,14.949999809265137,14.979999542236328,338700
2026-03-25 16:00:00+00:00,ABEV3.SA,14.979999542236328,14.979999542236328,14.960000038146973,14.970000267028809,83100
2026-03-25 16:05:00+00:00,ABEV3.SA,14.970000267028809,14.979999542236328,14.949999809265137,14.960000038146973,261800
2026-03-25 16:10:00+00:00,ABEV3.SA,14.970000267028809,14.970000267028809,14.9399995803833,14.949999809265137,171900
2026-03-25 16:15:00+00:00,ABEV3.SA,14.949999809265137,14.970000267028809,14.9399995803833,14.970000267028809,116300
2026-03-25 16:20:00+00:00,ABEV3.SA,14.970000267028809,14.970000267028809,14.949999809265137,14.970000267028809,363500
2026-03-25 16:25:00+00:00,ABEV3.SA,14.970000267028809,14.979999542236328,14.9399995803833,14.960000038146973,361900
2026-03-25 16:30:00+00:00,ABEV3.SA,14.970000267028809,15.020000457763672,14.960000038146973,15.020000457763672,541300
2026-03-25 16:35:00+00:00,ABEV3.SA,15.010000228881836,15.020000457763672,14.989999771118164,15.010000228881836,222600
2026-03-25 16:40:00+00:00,ABEV3.SA,15.020000457763672,15.029999732971191,15.0,15.0,279300
2026-03-25 16:45:00+00:00,ABEV3.SA,15.0,15.020000457763672,14.989999771118164,14.989999771118164,386800
2026-03-25 16:50:00+00:00,ABEV3.SA,14.989999771118164,15.0,14.989999771118164,14.989999771118164,102800
2026-03-25 16:55:00+00:00,ABEV3.SA,14.989999771118164,15.0,14.989999771118164,14.989999771118164,149500
2026-03-25 17:00:00+00:00,ABEV3.SA,14.989999771118164,15.010000228881836,14.989999771118164,15.0,306200
2026-03-25 17:05:00+00:00,ABEV3.SA,15.0,15.020000457763672,15.0,15.0,74400
2026-03-25 17:10:00+00:00,ABEV3.SA,15.0,15.020000457763672,15.0,15.010000228881836,221200
2026-03-25 17:15:00+00:00,ABEV3.SA,15.0,15.020000457763672,15.0,15.010000228881836,107100
2026-03-25 17:20:00+00:00,ABEV3.SA,15.010000228881836,15.039999961853027,15.010000228881836,15.039999961853027,336800
2026-03-25 17:25:00+00:00,ABEV3.SA,15.039999961853027,15.039999961853027,15.020000457763672,15.029999732971191,290400
2026-03-25 17:30:00+00:00,ABEV3.SA,15.029999732971191,15.050000190734863,15.020000457763672,15.039999961853027,266700
2026-03-25 17:35:00+00:00,ABEV3.SA,15.039999961853027,15.069999694824219,15.039999961853027,15.050000190734863,466300
2026-03-25 17:40:00+00:00,ABEV3.SA,15.069999694824219,15.09000015258789,15.050000190734863,15.09000015258789,262000
2026-03-25 17:45:00+00:00,ABEV3.SA,15.09000015258789,15.09000015258789,15.0600004196167,15.079999923706055,306500
2026-03-25 17:50:00+00:00,ABEV3.SA,15.069999694824219,15.09000015258789,15.0600004196167,15.069999694824219,242400
2026-03-25 17:55:00+00:00,ABEV3.SA,15.0600004196167,15.09000015258789,15.0600004196167,15.069999694824219,344100
2026-03-25 18:00:00+00:00,ABEV3.SA,15.0600004196167,15.079999923706055,15.0600004196167,15.069999694824219,389200
2026-03-25 18:05:00+00:00,ABEV3.SA,15.069999694824219,15.100000381469727,15.0600004196167,15.100000381469727,361000
2026-03-25 18:10:00+00:00,ABEV3.SA,15.09000015258789,15.109999656677246,15.09000015258789,15.09000015258789,217700
2026-03-25 18:15:00+00:00,ABEV3.SA,15.09000015258789,15.119999885559082,15.069999694824219,15.079999923706055,418300
2026-03-25 18:20:00+00:00,ABEV3.SA,15.069999694824219,15.100000381469727,15.0600004196167,15.069999694824219,527000
2026-03-25 18:25:00+00:00,ABEV3.SA,15.079999923706055,15.079999923706055,15.050000190734863,15.069999694824219,169800
2026-03-25 18:30:00+00:00,ABEV3.SA,15.069999694824219,15.079999923706055,15.0600004196167,15.069999694824219,1098100
2026-03-25 18:35:00+00:00,ABEV3.SA,15.079999923706055,15.079999923706055,15.050000190734863,15.0600004196167,158200
2026-03-25 18:40:00+00:00,ABEV3.SA,15.0600004196167,15.069999694824219,15.039999961853027,15.050000190734863,173700
2026-03-25 18:45:00+00:00,ABEV3.SA,15.050000190734863,15.0600004196167,15.050000190734863,15.0600004196167,75600
2026-03-25 18:50:00+00:00,ABEV3.SA,15.0600004196167,15.0600004196167,15.050000190734863,15.050000190734863,127800
2026-03-25 18:55:00+00:00,ABEV3.SA,15.0600004196167,15.0600004196167,15.0,15.020000457763672,749300
2026-03-25 19:00:00+00:00,ABEV3.SA,15.020000457763672,15.029999732971191,15.0,15.010000228881836,198500
2026-03-25 19:05:00+00:00,ABEV3.SA,15.020000457763672,15.020000457763672,15.0,15.010000228881836,494900
2026-03-25 19:10:00+00:00,ABEV3.SA,15.0,15.010000228881836,15.0,15.0,284300
2026-03-25 19:15:00+00:00,ABEV3.SA,15.0,15.029999732971191,15.0,15.010000228881836,773900
2026-03-25 19:20:00+00:00,ABEV3.SA,15.020000457763672,15.029999732971191,15.010000228881836,15.020000457763672,205500
2026-03-25 19:25:00+00:00,ABEV3.SA,15.020000457763672,15.029999732971191,15.0,15.0,338300
2026-03-25 19:30:00+00:00,ABEV3.SA,15.0,15.010000228881836,14.979999542236328,14.979999542236328,694700
2026-03-25 19:35:00+00:00,ABEV3.SA,14.989999771118164,15.020000457763672,14.979999542236328,15.0,531400
2026-03-25 19:40:00+00:00,ABEV3.SA,15.0,15.010000228881836,14.989999771118164,15.0,336900
2026-03-25 19:45:00+00:00,ABEV3.SA,15.0,15.010000228881836,14.979999542236328,14.989999771118164,386300
2026-03-25 19:50:00+00:00,ABEV3.SA,14.989999771118164,15.010000228881836,14.979999542236328,15.0,346000
2026-03-26 13:00:00+00:00,ABEV3.SA,14.880000114440918,14.949999809265137,14.880000114440918,14.9399995803833,0
2026-03-26 13:05:00+00:00,ABEV3.SA,14.920000076293945,14.930000305175781,14.850000381469727,14.880000114440918,88000
2026-03-26 13:10:00+00:00,ABEV3.SA,14.880000114440918,14.899999618530273,14.869999885559082,14.899999618530273,27600
2026-03-26 13:15:00+00:00,ABEV3.SA,14.90999984741211,14.90999984741211,14.880000114440918,14.880000114440918,121000
2026-03-26 13:20:00+00:00,ABEV3.SA,14.899999618530273,14.920000076293945,14.880000114440918,14.920000076293945,62900
2026-03-26 13:25:00+00:00,ABEV3.SA,14.920000076293945,14.920000076293945,14.899999618530273,14.920000076293945,13700
2026-03-26 13:30:00+00:00,ABEV3.SA,14.920000076293945,14.949999809265137,14.90999984741211,14.949999809265137,267400
2026-03-26 13:35:00+00:00,ABEV3.SA,14.949999809265137,14.949999809265137,14.90999984741211,14.930000305175781,89800
2026-03-26 13:40:00+00:00,ABEV3.SA,14.920000076293945,14.930000305175781,14.890000343322754,14.930000305175781,126200
2026-03-26 13:45:00+00:00,ABEV3.SA,14.930000305175781,14.949999809265137,14.920000076293945,14.930000305175781,67700
2026-03-26 13:50:00+00:00,ABEV3.SA,14.920000076293945,14.949999809265137,14.920000076293945,14.9399995803833,39100
2026-03-26 13:55:00+00:00,ABEV3.SA,14.9399995803833,14.970000267028809,14.90999984741211,14.960000038146973,332000
2026-03-26 14:00:00+00:00,ABEV3.SA,14.970000267028809,14.979999542236328,14.949999809265137,14.960000038146973,24200
2026-03-26 14:05:00+00:00,ABEV3.SA,14.970000267028809,15.0,14.960000038146973,15.0,251500
2026-03-26 14:10:00+00:00,ABEV3.SA,15.0,15.0,14.979999542236328,15.0,40200
2026-03-26 14:15:00+00:00,ABEV3.SA,15.010000228881836,15.029999732971191,15.010000228881836,15.029999732971191,67400
2026-03-26 14:20:00+00:00,ABEV3.SA,15.029999732971191,15.050000190734863,15.010000228881836,15.039999961853027,126700
2026-03-26 14:25:00+00:00,ABEV3.SA,15.029999732971191,15.039999961853027,15.010000228881836,15.020000457763672,89100
2026-03-26 14:30:00+00:00,ABEV3.SA,15.020000457763672,15.050000190734863,15.020000457763672,15.050000190734863,32900
2026-03-26 14:35:00+00:00,ABEV3.SA,15.050000190734863,15.050000190734863,15.0,15.020000457763672,71700
2026-03-26 14:40:00+00:00,ABEV3.SA,15.020000457763672,15.039999961853027,14.970000267028809,14.989999771118164,88000
2026-03-26 14:45:00+00:00,ABEV3.SA,14.979999542236328,14.989999771118164,14.9399995803833,14.970000267028809,146700
2026-03-26 14:50:00+00:00,ABEV3.SA,14.960000038146973,14.989999771118164,14.949999809265137,14.960000038146973,142100
2026-03-26 14:55:00+00:00,ABEV3.SA,14.949999809265137,15.010000228881836,14.9399995803833,15.010000228881836,141000
2026-03-26 15:00:00+00:00,ABEV3.SA,15.010000228881836,15.020000457763672,14.979999542236328,15.0,93500
2026-03-26 15:05:00+00:00,ABEV3.SA,14.979999542236328,15.0,14.979999542236328,14.989999771118164,40200
2026-03-26 15:10:00+00:00,ABEV3.SA,14.989999771118164,15.0,14.970000267028809,14.989999771118164,24200
2026-03-26 15:15:00+00:00,ABEV3.SA,14.970000267028809,14.989999771118164,14.960000038146973,14.979999542236328,58500
2026-03-26 15:20:00+00:00,ABEV3.SA,14.979999542236328,14.979999542236328,14.960000038146973,14.979999542236328,23900
2026-03-26 15:25:00+00:00,ABEV3.SA,14.979999542236328,15.0,14.970000267028809,14.979999542236328,77800
2026-03-26 15:30:00+00:00,ABEV3.SA,14.979999542236328,14.979999542236328,14.930000305175781,14.9399995803833,236300
2026-03-26 15:35:00+00:00,ABEV3.SA,14.960000038146973,14.970000267028809,14.930000305175781,14.930000305175781,83400
2026-03-26 15:40:00+00:00,ABEV3.SA,14.9399995803833,14.9399995803833,14.920000076293945,14.920000076293945,47100
2026-03-26 15:45:00+00:00,ABEV3.SA,14.930000305175781,14.949999809265137,14.920000076293945,14.930000305175781,63500
2026-03-26 15:50:00+00:00,ABEV3.SA,14.949999809265137,14.949999809265137,14.930000305175781,14.949999809265137,17700
2026-03-26 15:55:00+00:00,ABEV3.SA,14.949999809265137,14.960000038146973,14.930000305175781,14.949999809265137,61600
2026-03-26 16:00:00+00:00,ABEV3.SA,14.949999809265137,14.949999809265137,14.890000343322754,14.890000343322754,270100
2026-03-26 16:05:00+00:00,ABEV3.SA,14.899999618530273,14.90999984741211,14.890000343322754,14.899999618530273,57100
2026-03-26 16:10:00+00:00,ABEV3.SA,14.90999984741211,14.90999984741211,14.890000343322754,14.899999618530273,21600
2026-03-26 16:15:00+00:00,ABEV3.SA,14.899999618530273,14.90999984741211,14.869999885559082,14.890000343322754,259000
2026-03-26 16:20:00+00:00,ABEV3.SA,14.899999618530273,14.899999618530273,14.859999656677246,14.869999885559082,109500
2026-03-26 16:25:00+00:00,ABEV3.SA,14.880000114440918,14.880000114440918,14.850000381469727,14.859999656677246,58700
2026-03-26 16:30:00+00:00,ABEV3.SA,14.869999885559082,14.869999885559082,14.850000381469727,14.869999885559082,118300
2026-03-26 16:35:00+00:00,ABEV3.SA,14.869999885559082,14.869999885559082,14.850000381469727,14.859999656677246,103300
2026-03-26 16:40:00+00:00,ABEV3.SA,14.859999656677246,14.869999885559082,14.850000381469727,14.859999656677246,51600
2026-03-26 16:45:00+00:00,ABEV3.SA,14.869999885559082,14.890000343322754,14.859999656677246,14.880000114440918,60300
2026-03-26 16:50:00+00:00,ABEV3.SA,14.890000343322754,14.890000343322754,14.880000114440918,14.890000343322754,111400
2026-03-26 16:55:00+00:00,ABEV3.SA,14.890000343322754,14.899999618530273,14.880000114440918,14.899999618530273,26300
2026-03-26 17:00:00+00:00,ABEV3.SA,14.899999618530273,14.930000305175781,14.890000343322754,14.920000076293945,399200
2026-03-26 17:05:00+00:00,ABEV3.SA,14.90999984741211,14.930000305175781,14.90999984741211,14.90999984741211,35800
2026-03-26 17:10:00+00:00,ABEV3.SA,14.899999618530273,14.9399995803833,14.880000114440918,14.930000305175781,639400
2026-03-26 17:15:00+00:00,ABEV3.SA,14.920000076293945,14.930000305175781,14.920000076293945,14.930000305175781,36400
2026-03-26 17:20:00+00:00,ABEV3.SA,14.930000305175781,14.930000305175781,14.880000114440918,14.899999618530273,342700
2026-03-26 17:25:00+00:00,ABEV3.SA,14.899999618530273,14.899999618530273,14.880000114440918,14.880000114440918,261200
2026-03-26 17:30:00+00:00,ABEV3.SA,14.880000114440918,14.930000305175781,14.880000114440918,14.920000076293945,749800
2026-03-26 17:35:00+00:00,ABEV3.SA,14.920000076293945,14.930000305175781,14.90999984741211,14.920000076293945,45600
2026-03-26 17:40:00+00:00,ABEV3.SA,14.90999984741211,14.90999984741211,14.880000114440918,14.890000343322754,163100
2026-03-26 17:45:00+00:00,ABEV3.SA,14.890000343322754,14.899999618530273,14.880000114440918,14.890000343322754,89700
2026-03-26 17:50:00+00:00,ABEV3.SA,14.890000343322754,14.920000076293945,14.869999885559082,14.899999618530273,356500
2026-03-26 17:55:00+00:00,ABEV3.SA,14.90999984741211,14.90999984741211,14.880000114440918,14.890000343322754,228600
2026-03-26 18:00:00+00:00,ABEV3.SA,14.890000343322754,14.899999618530273,14.880000114440918,14.890000343322754,113300
2026-03-26 18:05:00+00:00,ABEV3.SA,14.899999618530273,14.90999984741211,14.890000343322754,14.890000343322754,32100
2026-03-26 18:10:00+00:00,ABEV3.SA,14.899999618530273,14.90999984741211,14.890000343322754,14.90999984741211,87200
2026-03-26 18:15:00+00:00,ABEV3.SA,14.899999618530273,14.920000076293945,14.890000343322754,14.920000076293945,242100
2026-03-26 18:20:00+00:00,ABEV3.SA,14.920000076293945,14.930000305175781,14.90999984741211,14.930000305175781,59500
2026-03-26 18:25:00+00:00,ABEV3.SA,14.930000305175781,14.930000305175781,14.899999618530273,14.90999984741211,89000
2026-03-26 18:30:00+00:00,ABEV3.SA,14.90999984741211,14.920000076293945,14.899999618530273,14.90999984741211,72600
2026-03-26 18:35:00+00:00,ABEV3.SA,14.90999984741211,14.930000305175781,14.90999984741211,14.930000305175781,111300
2026-03-26 18:40:00+00:00,ABEV3.SA,14.930000305175781,14.930000305175781,14.920000076293945,14.930000305175781,52900
2026-03-26 18:45:00+00:00,ABEV3.SA,14.930000305175781,14.930000305175781,14.90999984741211,14.930000305175781,60200
2026-03-26 18:50:00+00:00,ABEV3.SA,14.920000076293945,14.930000305175781,14.920000076293945,14.930000305175781,49900
2026-03-26 18:55:00+00:00,ABEV3.SA,14.930000305175781,14.930000305175781,14.920000076293945,14.930000305175781,57800
2026-03-26 19:00:00+00:00,ABEV3.SA,14.920000076293945,14.930000305175781,14.880000114440918,14.880000114440918,667800
2026-03-26 19:05:00+00:00,ABEV3.SA,14.880000114440918,14.890000343322754,14.850000381469727,14.859999656677246,138800
2026-03-26 19:10:00+00:00,ABEV3.SA,14.859999656677246,14.869999885559082,14.850000381469727,14.859999656677246,107100
2026-03-26 19:15:00+00:00,ABEV3.SA,14.869999885559082,14.880000114440918,14.84000015258789,14.869999885559082,488100
2026-03-26 19:20:00+00:00,ABEV3.SA,14.869999885559082,14.869999885559082,14.859999656677246,14.859999656677246,90500
2026-03-26 19:25:00+00:00,ABEV3.SA,14.850000381469727,14.859999656677246,14.84000015258789,14.850000381469727,61900
2026-03-26 19:30:00+00:00,ABEV3.SA,14.84000015258789,14.850000381469727,14.8100004196167,14.84000015258789,360000
2026-03-26 19:35:00+00:00,ABEV3.SA,14.84000015258789,14.850000381469727,14.829999923706055,14.84000015258789,132700
2026-03-26 19:40:00+00:00,ABEV3.SA,14.850000381469727,14.859999656677246,14.84000015258789,14.850000381469727,233000
2026-03-26 19:45:00+00:00,ABEV3.SA,14.859999656677246,14.859999656677246,14.829999923706055,14.84000015258789,333100
2026-03-26 19:50:00+00:00,ABEV3.SA,14.850000381469727,14.869999885559082,14.84000015258789,14.869999885559082,158600
2026-03-27 13:05:00+00:00,ABEV3.SA,14.789999961853027,14.9399995803833,14.789999961853027,14.829999923706055,6100
2026-03-27 13:10:00+00:00,ABEV3.SA,14.829999923706055,14.9399995803833,14.819999694824219,14.930000305175781,166600
2026-03-27 13:15:00+00:00,ABEV3.SA,14.920000076293945,14.949999809265137,14.880000114440918,14.90999984741211,108800
2026-03-27 13:20:00+00:00,ABEV3.SA,14.90999984741211,14.920000076293945,14.890000343322754,14.90999984741211,89600
2026-03-27 13:25:00+00:00,ABEV3.SA,14.899999618530273,14.9399995803833,14.890000343322754,14.90999984741211,81600
2026-03-27 13:30:00+00:00,ABEV3.SA,14.920000076293945,14.9399995803833,14.899999618530273,14.920000076293945,325700
2026-03-27 13:35:00+00:00,ABEV3.SA,14.90999984741211,15.0,14.880000114440918,14.979999542236328,467300
2026-03-27 13:40:00+00:00,ABEV3.SA,14.970000267028809,14.989999771118164,14.9399995803833,14.970000267028809,428800
2026-03-27 13:45:00+00:00,ABEV3.SA,14.970000267028809,14.979999542236328,14.949999809265137,14.970000267028809,219000
2026-03-27 13:50:00+00:00,ABEV3.SA,14.960000038146973,14.970000267028809,14.920000076293945,14.920000076293945,167200
2026-03-27 13:55:00+00:00,ABEV3.SA,14.920000076293945,14.930000305175781,14.899999618530273,14.930000305175781,153500
2026-03-27 14:00:00+00:00,ABEV3.SA,14.930000305175781,15.0,14.920000076293945,15.0,690300
2026-03-27 14:05:00+00:00,ABEV3.SA,14.989999771118164,14.989999771118164,14.949999809265137,14.960000038146973,271500
2026-03-27 14:10:00+00:00,ABEV3.SA,14.949999809265137,14.979999542236328,14.930000305175781,14.970000267028809,179300
2026-03-27 14:15:00+00:00,ABEV3.SA,14.960000038146973,14.979999542236328,14.949999809265137,14.979999542236328,51200
2026-03-27 14:20:00+00:00,ABEV3.SA,14.979999542236328,14.989999771118164,14.949999809265137,14.949999809265137,102700
2026-03-27 14:25:00+00:00,ABEV3.SA,14.960000038146973,14.979999542236328,14.949999809265137,14.949999809265137,71300
2026-03-27 14:30:00+00:00,ABEV3.SA,14.949999809265137,14.960000038146973,14.9399995803833,14.960000038146973,51800
2026-03-27 14:35:00+00:00,ABEV3.SA,14.960000038146973,14.970000267028809,14.949999809265137,14.949999809265137,72500
2026-03-27 14:40:00+00:00,ABEV3.SA,14.960000038146973,14.960000038146973,14.9399995803833,14.949999809265137,34400
2026-03-27 14:45:00+00:00,ABEV3.SA,14.960000038146973,14.989999771118164,14.960000038146973,14.979999542236328,47300
2026-03-27 14:50:00+00:00,ABEV3.SA,14.979999542236328,14.989999771118164,14.949999809265137,14.960000038146973,136100
2026-03-27 14:55:00+00:00,ABEV3.SA,14.960000038146973,14.970000267028809,14.949999809265137,14.960000038146973,196500
2026-03-27 15:00:00+00:00,ABEV3.SA,14.960000038146973,14.989999771118164,14.9399995803833,14.979999542236328,299700
2026-03-27 15:05:00+00:00,ABEV3.SA,14.979999542236328,15.0,14.949999809265137,14.979999542236328,369700
2026-03-27 15:10:00+00:00,ABEV3.SA,14.949999809265137,14.960000038146973,14.90999984741211,14.920000076293945,126700
2026-03-27 15:15:00+00:00,ABEV3.SA,14.920000076293945,14.930000305175781,14.899999618530273,14.899999618530273,54900
2026-03-27 15:20:00+00:00,ABEV3.SA,14.899999618530273,14.949999809265137,14.890000343322754,14.920000076293945,145000
2026-03-27 15:25:00+00:00,ABEV3.SA,14.920000076293945,14.930000305175781,14.90999984741211,14.920000076293945,64100
2026-03-27 15:30:00+00:00,ABEV3.SA,14.930000305175781,14.9399995803833,14.90999984741211,14.920000076293945,331700
2026-03-27 15:35:00+00:00,ABEV3.SA,14.920000076293945,14.930000305175781,14.90999984741211,14.920000076293945,70200
2026-03-27 15:40:00+00:00,ABEV3.SA,14.930000305175781,14.930000305175781,14.90999984741211,14.930000305175781,47000
2026-03-27 15:45:00+00:00,ABEV3.SA,14.930000305175781,14.9399995803833,14.920000076293945,14.930000305175781,54300
2026-03-27 15:50:00+00:00,ABEV3.SA,14.930000305175781,14.9399995803833,14.920000076293945,14.930000305175781,57900
2026-03-27 15:55:00+00:00,ABEV3.SA,14.930000305175781,14.9399995803833,14.920000076293945,14.930000305175781,258700
2026-03-27 16:00:00+00:00,ABEV3.SA,14.920000076293945,14.930000305175781,14.890000343322754,14.899999618530273,134200
2026-03-27 16:05:00+00:00,ABEV3.SA,14.899999618530273,14.90999984741211,14.890000343322754,14.899999618530273,40400
2026-03-27 16:10:00+00:00,ABEV3.SA,14.899999618530273,14.899999618530273,14.869999885559082,14.899999618530273,46400
2026-03-27 16:15:00+00:00,ABEV3.SA,14.899999618530273,14.899999618530273,14.869999885559082,14.880000114440918,66200
2026-03-27 16:20:00+00:00,ABEV3.SA,14.899999618530273,14.899999618530273,14.869999885559082,14.869999885559082,291100
2026-03-27 16:25:00+00:00,ABEV3.SA,14.869999885559082,14.890000343322754,14.869999885559082,14.880000114440918,71800
2026-03-27 16:30:00+00:00,ABEV3.SA,14.880000114440918,14.920000076293945,14.880000114440918,14.90999984741211,154800
2026-03-27 16:35:00+00:00,ABEV3.SA,14.920000076293945,14.920000076293945,14.880000114440918,14.890000343322754,120300
2026-03-27 16:40:00+00:00,ABEV3.SA,14.890000343322754,14.890000343322754,14.869999885559082,14.880000114440918,49500
2026-03-27 16:45:00+00:00,ABEV3.SA,14.880000114440918,14.899999618530273,14.880000114440918,14.899999618530273,174500
2026-03-27 16:50:00+00:00,ABEV3.SA,14.899999618530273,14.899999618530273,14.880000114440918,14.880000114440918,33100
2026-03-27 16:55:00+00:00,ABEV3.SA,14.890000343322754,14.899999618530273,14.859999656677246,14.859999656677246,90400
2026-03-27 17:00:00+00:00,ABEV3.SA,14.859999656677246,14.859999656677246,14.829999923706055,14.84000015258789,99600
2026-03-27 17:05:00+00:00,ABEV3.SA,14.829999923706055,14.859999656677246,14.819999694824219,14.829999923706055,100100
2026-03-27 17:10:00+00:00,ABEV3.SA,14.819999694824219,14.829999923706055,14.800000190734863,14.819999694824219,136300
2026-03-27 17:15:00+00:00,ABEV3.SA,14.829999923706055,14.829999923706055,14.8100004196167,14.829999923706055,46900
2026-03-27 17:20:00+00:00,ABEV3.SA,14.819999694824219,14.829999923706055,14.819999694824219,14.829999923706055,38100
2026-03-27 17:25:00+00:00,ABEV3.SA,14.829999923706055,14.829999923706055,14.8100004196167,14.819999694824219,53900
2026-03-27 17:30:00+00:00,ABEV3.SA,14.8100004196167,14.84000015258789,14.8100004196167,14.819999694824219,118200
2026-03-27 17:35:00+00:00,ABEV3.SA,14.8100004196167,14.829999923706055,14.800000190734863,14.8100004196167,69900
2026-03-27 17:40:00+00:00,ABEV3.SA,14.819999694824219,14.819999694824219,14.800000190734863,14.819999694824219,55900
2026-03-27 17:45:00+00:00,ABEV3.SA,14.819999694824219,14.829999923706055,14.8100004196167,14.8100004196167,137400
2026-03-27 17:50:00+00:00,ABEV3.SA,14.800000190734863,14.829999923706055,14.800000190734863,14.829999923706055,34400
2026-03-27 17:55:00+00:00,ABEV3.SA,14.829999923706055,14.829999923706055,14.800000190734863,14.8100004196167,78100
2026-03-27 18:00:00+00:00,ABEV3.SA,14.819999694824219,14.819999694824219,14.789999961853027,14.8100004196167,65000
2026-03-27 18:05:00+00:00,ABEV3.SA,14.789999961853027,14.8100004196167,14.779999732971191,14.789999961853027,121200
2026-03-27 18:10:00+00:00,ABEV3.SA,14.779999732971191,14.800000190734863,14.760000228881836,14.760000228881836,178200
2026-03-27 18:15:00+00:00,ABEV3.SA,14.760000228881836,14.770000457763672,14.75,14.760000228881836,64600
2026-03-27 18:20:00+00:00,ABEV3.SA,14.770000457763672,14.779999732971191,14.75,14.779999732971191,117100
2026-03-27 18:25:00+00:00,ABEV3.SA,14.779999732971191,14.779999732971191,14.760000228881836,14.770000457763672,77700
2026-03-27 18:30:00+00:00,ABEV3.SA,14.770000457763672,14.779999732971191,14.760000228881836,14.770000457763672,89500
2026-03-27 18:35:00+00:00,ABEV3.SA,14.770000457763672,14.789999961853027,14.760000228881836,14.779999732971191,59100
2026-03-27 18:40:00+00:00,ABEV3.SA,14.779999732971191,14.800000190734863,14.770000457763672,14.800000190734863,190700
2026-03-27 18:45:00+00:00,ABEV3.SA,14.800000190734863,14.800000190734863,14.789999961853027,14.800000190734863,34000
2026-03-27 18:50:00+00:00,ABEV3.SA,14.800000190734863,14.800000190734863,14.779999732971191,14.800000190734863,47800
2026-03-27 18:55:00+00:00,ABEV3.SA,14.800000190734863,14.800000190734863,14.779999732971191,14.800000190734863,126400
2026-03-27 19:00:00+00:00,ABEV3.SA,14.800000190734863,14.800000190734863,14.770000457763672,14.779999732971191,123700
2026-03-27 19:05:00+00:00,ABEV3.SA,14.779999732971191,14.779999732971191,14.760000228881836,14.770000457763672,120100
2026-03-27 19:10:00+00:00,ABEV3.SA,14.770000457763672,14.779999732971191,14.760000228881836,14.770000457763672,52700
2026-03-27 19:15:00+00:00,ABEV3.SA,14.760000228881836,14.789999961853027,14.760000228881836,14.779999732971191,83900
2026-03-27 19:20:00+00:00,ABEV3.SA,14.789999961853027,14.789999961853027,14.770000457763672,14.779999732971191,80500
2026-03-27 19:25:00+00:00,ABEV3.SA,14.779999732971191,14.779999732971191,14.760000228881836,14.779999732971191,183400
2026-03-27 19:30:00+00:00,ABEV3.SA,14.770000457763672,14.789999961853027,14.770000457763672,14.789999961853027,129500
2026-03-27 19:35:00+00:00,ABEV3.SA,14.779999732971191,14.789999961853027,14.770000457763672,14.789999961853027,158000
2026-03-27 19:40:00+00:00,ABEV3.SA,14.779999732971191,14.789999961853027,14.760000228881836,14.789999961853027,328600
2026-03-27 19:45:00+00:00,ABEV3.SA,14.789999961853027,14.789999961853027,14.770000457763672,14.779999732971191,132400
2026-03-27 19:50:00+00:00,ABEV3.SA,14.789999961853027,14.789999961853027,14.739999771118164,14.770000457763672,323400
2026-03-30 13:00:00+00:00,ABEV3.SA,14.850000381469727,14.920000076293945,14.800000190734863,14.90999984741211,0
2026-03-30 13:05:00+00:00,ABEV3.SA,14.90999984741211,14.90999984741211,14.850000381469727,14.890000343322754,570900
2026-03-30 13:10:00+00:00,ABEV3.SA,14.899999618530273,14.920000076293945,14.869999885559082,14.899999618530273,145400
2026-03-30 13:15:00+00:00,ABEV3.SA,14.899999618530273,14.90999984741211,14.869999885559082,14.880000114440918,111000
2026-03-30 13:20:00+00:00,ABEV3.SA,14.880000114440918,14.899999618530273,14.880000114440918,14.890000343322754,75400
2026-03-30 13:25:00+00:00,ABEV3.SA,14.890000343322754,14.899999618530273,14.850000381469727,14.859999656677246,84300
2026-03-30 13:30:00+00:00,ABEV3.SA,14.850000381469727,14.869999885559082,14.8100004196167,14.819999694824219,107100
2026-03-30 13:35:00+00:00,ABEV3.SA,14.819999694824219,14.84000015258789,14.800000190734863,14.84000015258789,70300
2026-03-30 13:40:00+00:00,ABEV3.SA,14.84000015258789,14.850000381469727,14.819999694824219,14.84000015258789,41800
2026-03-30 13:45:00+00:00,ABEV3.SA,14.829999923706055,14.829999923706055,14.770000457763672,14.789999961853027,126800
2026-03-30 13:50:00+00:00,ABEV3.SA,14.779999732971191,14.800000190734863,14.760000228881836,14.770000457763672,204800
2026-03-30 13:55:00+00:00,ABEV3.SA,14.760000228881836,14.770000457763672,14.729999542236328,14.739999771118164,162800
2026-03-30 14:00:00+00:00,ABEV3.SA,14.739999771118164,14.800000190734863,14.739999771118164,14.779999732971191,100900
2026-03-30 14:05:00+00:00,ABEV3.SA,14.779999732971191,14.779999732971191,14.760000228881836,14.770000457763672,69200
2026-03-30 14:10:00+00:00,ABEV3.SA,14.770000457763672,14.800000190734863,14.770000457763672,14.800000190734863,112000
2026-03-30 14:15:00+00:00,ABEV3.SA,14.800000190734863,14.800000190734863,14.760000228881836,14.779999732971191,138000
2026-03-30 14:20:00+00:00,ABEV3.SA,14.779999732971191,14.800000190734863,14.770000457763672,14.800000190734863,176500
2026-03-30 14:25:00+00:00,ABEV3.SA,14.789999961853027,14.800000190734863,14.770000457763672,14.800000190734863,206100
2026-03-30 14:30:00+00:00,ABEV3.SA,14.789999961853027,14.800000190734863,14.779999732971191,14.789999961853027,298900
2026-03-30 14:35:00+00:00,ABEV3.SA,14.800000190734863,14.800000190734863,14.779999732971191,14.800000190734863,67800
2026-03-30 14:40:00+00:00,ABEV3.SA,14.800000190734863,14.800000190734863,14.770000457763672,14.789999961853027,56400
2026-03-30 14:45:00+00:00,ABEV3.SA,14.789999961853027,14.84000015258789,14.789999961853027,14.829999923706055,489400
2026-03-30 14:50:00+00:00,ABEV3.SA,14.829999923706055,14.84000015258789,14.819999694824219,14.829999923706055,79000
2026-03-30 14:55:00+00:00,ABEV3.SA,14.829999923706055,14.850000381469727,14.8100004196167,14.84000015258789,247300
2026-03-30 15:00:00+00:00,ABEV3.SA,14.829999923706055,14.869999885559082,14.829999923706055,14.869999885559082,419900
2026-03-30 15:05:00+00:00,ABEV3.SA,14.869999885559082,14.869999885559082,14.829999923706055,14.829999923706055,116000
2026-03-30 15:10:00+00:00,ABEV3.SA,14.850000381469727,14.859999656677246,14.84000015258789,14.850000381469727,60200
2026-03-30 15:15:00+00:00,ABEV3.SA,14.850000381469727,14.880000114440918,14.84000015258789,14.880000114440918,140000
2026-03-30 15:20:00+00:00,ABEV3.SA,14.880000114440918,14.880000114440918,14.859999656677246,14.880000114440918,46500
2026-03-30 15:25:00+00:00,ABEV3.SA,14.869999885559082,14.880000114440918,14.859999656677246,14.869999885559082,74500
2026-03-30 15:30:00+00:00,ABEV3.SA,14.869999885559082,14.880000114440918,14.850000381469727,14.880000114440918,121700
2026-03-30 15:35:00+00:00,ABEV3.SA,14.880000114440918,14.899999618530273,14.869999885559082,14.890000343322754,444000
2026-03-30 15:40:00+00:00,ABEV3.SA,14.880000114440918,14.90999984741211,14.869999885559082,14.890000343322754,430300
2026-03-30 15:45:00+00:00,ABEV3.SA,14.90999984741211,14.90999984741211,14.880000114440918,14.899999618530273,97400
2026-03-30 15:50:00+00:00,ABEV3.SA,14.899999618530273,14.90999984741211,14.890000343322754,14.90999984741211,103500
2026-03-30 15:55:00+00:00,ABEV3.SA,14.899999618530273,14.90999984741211,14.880000114440918,14.890000343322754,89500
2026-03-30 16:00:00+00:00,ABEV3.SA,14.899999618530273,14.899999618530273,14.880000114440918,14.899999618530273,185500
2026-03-30 16:05:00+00:00,ABEV3.SA,14.899999618530273,14.90999984741211,14.890000343322754,14.890000343322754,103500
2026-03-30 16:10:00+00:00,ABEV3.SA,14.899999618530273,14.899999618530273,14.890000343322754,14.899999618530273,50300
2026-03-30 16:15:00+00:00,ABEV3.SA,14.899999618530273,14.899999618530273,14.880000114440918,14.890000343322754,101900
2026-03-30 16:20:00+00:00,ABEV3.SA,14.890000343322754,14.890000343322754,14.869999885559082,14.890000343322754,209400
2026-03-30 16:25:00+00:00,ABEV3.SA,14.890000343322754,14.890000343322754,14.869999885559082,14.869999885559082,73400
2026-03-30 16:30:00+00:00,ABEV3.SA,14.880000114440918,14.890000343322754,14.880000114440918,14.880000114440918,52900
2026-03-30 16:35:00+00:00,ABEV3.SA,14.880000114440918,14.899999618530273,14.869999885559082,14.890000343322754,76400
2026-03-30 16:40:00+00:00,ABEV3.SA,14.890000343322754,14.890000343322754,14.880000114440918,14.890000343322754,79700
2026-03-30 16:45:00+00:00,ABEV3.SA,14.890000343322754,14.890000343322754,14.880000114440918,14.890000343322754,35700
2026-03-30 16:50:00+00:00,ABEV3.SA,14.890000343322754,14.899999618530273,14.880000114440918,14.890000343322754,57800
2026-03-30 16:55:00+00:00,ABEV3.SA,14.890000343322754,14.899999618530273,14.880000114440918,14.880000114440918,160000
2026-03-30 17:00:00+00:00,ABEV3.SA,14.890000343322754,14.899999618530273,14.880000114440918,14.890000343322754,64200
2026-03-30 17:05:00+00:00,ABEV3.SA,14.890000343322754,14.899999618530273,14.880000114440918,14.890000343322754,144100
2026-03-30 17:10:00+00:00,ABEV3.SA,14.890000343322754,14.890000343322754,14.859999656677246,14.869999885559082,72800
2026-03-30 17:15:00+00:00,ABEV3.SA,14.869999885559082,14.880000114440918,14.859999656677246,14.869999885559082,94300
2026-03-30 17:20:00+00:00,ABEV3.SA,14.869999885559082,14.880000114440918,14.850000381469727,14.859999656677246,85600
2026-03-30 17:25:00+00:00,ABEV3.SA,14.859999656677246,14.880000114440918,14.850000381469727,14.880000114440918,168300
2026-03-30 17:30:00+00:00,ABEV3.SA,14.880000114440918,14.899999618530273,14.859999656677246,14.869999885559082,206900
2026-03-30 17:35:00+00:00,ABEV3.SA,14.869999885559082,14.899999618530273,14.869999885559082,14.890000343322754,86100
2026-03-30 17:40:00+00:00,ABEV3.SA,14.890000343322754,14.899999618530273,14.880000114440918,14.890000343322754,82600
2026-03-30 17:45:00+00:00,ABEV3.SA,14.890000343322754,14.899999618530273,14.880000114440918,14.890000343322754,145600
2026-03-30 17:50:00+00:00,ABEV3.SA,14.880000114440918,14.899999618530273,14.880000114440918,14.890000343322754,118300
2026-03-30 17:55:00+00:00,ABEV3.SA,14.880000114440918,14.890000343322754,14.869999885559082,14.880000114440918,51100
2026-03-30 18:00:00+00:00,ABEV3.SA,14.880000114440918,14.890000343322754,14.869999885559082,14.880000114440918,41200
2026-03-30 18:05:00+00:00,ABEV3.SA,14.880000114440918,14.890000343322754,14.869999885559082,14.880000114440918,54700
2026-03-30 18:10:00+00:00,ABEV3.SA,14.869999885559082,14.880000114440918,14.850000381469727,14.869999885559082,84800
2026-03-30 18:15:00+00:00,ABEV3.SA,14.869999885559082,14.869999885559082,14.84000015258789,14.869999885559082,227500
2026-03-30 18:20:00+00:00,ABEV3.SA,14.869999885559082,14.880000114440918,14.859999656677246,14.869999885559082,48700
2026-03-30 18:25:00+00:00,ABEV3.SA,14.869999885559082,14.869999885559082,14.84000015258789,14.859999656677246,93900
2026-03-30 18:30:00+00:00,ABEV3.SA,14.859999656677246,14.869999885559082,14.850000381469727,14.859999656677246,52800
2026-03-30 18:35:00+00:00,ABEV3.SA,14.859999656677246,14.859999656677246,14.84000015258789,14.84000015258789,107300
2026-03-30 18:40:00+00:00,ABEV3.SA,14.84000015258789,14.850000381469727,14.84000015258789,14.84000015258789,75800
2026-03-30 18:45:00+00:00,ABEV3.SA,14.850000381469727,14.869999885559082,14.850000381469727,14.859999656677246,181100
2026-03-30 18:50:00+00:00,ABEV3.SA,14.859999656677246,14.859999656677246,14.84000015258789,14.850000381469727,66000
2026-03-30 18:55:00+00:00,ABEV3.SA,14.850000381469727,14.859999656677246,14.829999923706055,14.850000381469727,206300
2026-03-30 19:00:00+00:00,ABEV3.SA,14.850000381469727,14.859999656677246,14.84000015258789,14.850000381469727,131200
2026-03-30 19:05:00+00:00,ABEV3.SA,14.84000015258789,14.850000381469727,14.8100004196167,14.819999694824219,327300
2026-03-30 19:10:00+00:00,ABEV3.SA,14.819999694824219,14.819999694824219,14.800000190734863,14.819999694824219,82100
2026-03-30 19:15:00+00:00,ABEV3.SA,14.819999694824219,14.819999694824219,14.8100004196167,14.819999694824219,4107300
2026-03-30 19:20:00+00:00,ABEV3.SA,14.819999694824219,14.829999923706055,14.800000190734863,14.8100004196167,280800
2026-03-30 19:25:00+00:00,ABEV3.SA,14.8100004196167,14.829999923706055,14.8100004196167,14.8100004196167,166200
2026-03-30 19:30:00+00:00,ABEV3.SA,14.8100004196167,14.84000015258789,14.8100004196167,14.829999923706055,112800
2026-03-30 19:35:00+00:00,ABEV3.SA,14.829999923706055,14.850000381469727,14.819999694824219,14.850000381469727,522700
2026-03-30 19:40:00+00:00,ABEV3.SA,14.850000381469727,14.869999885559082,14.84000015258789,14.869999885559082,130600
2026-03-30 19:45:00+00:00,ABEV3.SA,14.869999885559082,14.869999885559082,14.850000381469727,14.859999656677246,237000
2026-03-30 19:50:00+00:00,ABEV3.SA,14.850000381469727,14.869999885559082,14.850000381469727,14.869999885559082,239000
2026-03-31 13:00:00+00:00,ABEV3.SA,15.0,15.0600004196167,14.9399995803833,15.010000228881836,0
2026-03-31 13:05:00+00:00,ABEV3.SA,15.0,15.050000190734863,14.970000267028809,15.050000190734863,121900
2026-03-31 13:10:00+00:00,ABEV3.SA,15.039999961853027,15.100000381469727,15.039999961853027,15.100000381469727,284600
2026-03-31 13:15:00+00:00,ABEV3.SA,15.100000381469727,15.180000305175781,15.09000015258789,15.180000305175781,328000
2026-03-31 13:20:00+00:00,ABEV3.SA,15.180000305175781,15.180000305175781,15.079999923706055,15.09000015258789,247100
2026-03-31 13:25:00+00:00,ABEV3.SA,15.100000381469727,15.119999885559082,15.0600004196167,15.069999694824219,159500
2026-03-31 13:30:00+00:00,ABEV3.SA,15.0600004196167,15.109999656677246,15.0600004196167,15.09000015258789,192400
2026-03-31 13:35:00+00:00,ABEV3.SA,15.09000015258789,15.100000381469727,15.039999961853027,15.069999694824219,166200
2026-03-31 13:40:00+00:00,ABEV3.SA,15.069999694824219,15.119999885559082,15.0600004196167,15.09000015258789,222300
2026-03-31 13:45:00+00:00,ABEV3.SA,15.09000015258789,15.130000114440918,15.09000015258789,15.130000114440918,135500
2026-03-31 13:50:00+00:00,ABEV3.SA,15.130000114440918,15.15999984741211,15.109999656677246,15.149999618530273,327400
2026-03-31 13:55:00+00:00,ABEV3.SA,15.149999618530273,15.15999984741211,15.079999923706055,15.119999885559082,363200
2026-03-31 14:00:00+00:00,ABEV3.SA,15.119999885559082,15.130000114440918,15.09000015258789,15.100000381469727,222900
2026-03-31 14:05:00+00:00,ABEV3.SA,15.09000015258789,15.119999885559082,15.09000015258789,15.119999885559082,132400
2026-03-31 14:10:00+00:00,ABEV3.SA,15.119999885559082,15.130000114440918,15.109999656677246,15.119999885559082,128300
2026-03-31 14:15:00+00:00,ABEV3.SA,15.119999885559082,15.119999885559082,15.09000015258789,15.100000381469727,77700
2026-03-31 14:20:00+00:00,ABEV3.SA,15.100000381469727,15.100000381469727,15.069999694824219,15.09000015258789,186900
2026-03-31 14:25:00+00:00,ABEV3.SA,15.079999923706055,15.09000015258789,15.0600004196167,15.0600004196167,118000
2026-03-31 14:30:00+00:00,ABEV3.SA,15.069999694824219,15.09000015258789,15.0600004196167,15.079999923706055,163400
2026-03-31 14:35:00+00:00,ABEV3.SA,15.079999923706055,15.079999923706055,15.039999961853027,15.050000190734863,130600
2026-03-31 14:40:00+00:00,ABEV3.SA,15.050000190734863,15.0600004196167,15.020000457763672,15.039999961853027,113000
2026-03-31 14:45:00+00:00,ABEV3.SA,15.039999961853027,15.050000190734863,15.010000228881836,15.029999732971191,64300
2026-03-31 14:50:00+00:00,ABEV3.SA,15.029999732971191,15.029999732971191,15.0,15.020000457763672,325700
2026-03-31 14:55:00+00:00,ABEV3.SA,15.020000457763672,15.029999732971191,14.989999771118164,15.0,895400
2026-03-31 15:00:00+00:00,ABEV3.SA,15.010000228881836,15.039999961853027,15.010000228881836,15.020000457763672,291500
2026-03-31 15:05:00+00:00,ABEV3.SA,15.039999961853027,15.0600004196167,15.029999732971191,15.050000190734863,198800
2026-03-31 15:10:00+00:00,ABEV3.SA,15.039999961853027,15.0600004196167,15.029999732971191,15.050000190734863,75200
2026-03-31 15:15:00+00:00,ABEV3.SA,15.039999961853027,15.050000190734863,15.020000457763672,15.039999961853027,174900
2026-03-31 15:20:00+00:00,ABEV3.SA,15.039999961853027,15.039999961853027,15.010000228881836,15.029999732971191,119700
2026-03-31 15:25:00+00:00,ABEV3.SA,15.020000457763672,15.029999732971191,15.010000228881836,15.020000457763672,437300
2026-03-31 15:30:00+00:00,ABEV3.SA,15.029999732971191,15.039999961853027,15.0,15.029999732971191,1559600
2026-03-31 15:35:00+00:00,ABEV3.SA,15.010000228881836,15.029999732971191,15.0,15.010000228881836,566000
2026-03-31 15:40:00+00:00,ABEV3.SA,15.0,15.020000457763672,15.0,15.020000457763672,108400
2026-03-31 15:45:00+00:00,ABEV3.SA,15.0,15.029999732971191,15.0,15.029999732971191,126800
2026-03-31 15:50:00+00:00,ABEV3.SA,15.020000457763672,15.039999961853027,15.0,15.010000228881836,364700
2026-03-31 15:55:00+00:00,ABEV3.SA,15.010000228881836,15.020000457763672,15.0,15.0,66200
2026-03-31 16:00:00+00:00,ABEV3.SA,15.010000228881836,15.020000457763672,15.0,15.010000228881836,107600
2026-03-31 16:05:00+00:00,ABEV3.SA,15.020000457763672,15.029999732971191,15.0,15.010000228881836,263100
2026-03-31 16:10:00+00:00,ABEV3.SA,15.010000228881836,15.020000457763672,15.0,15.020000457763672,76300
2026-03-31 16:15:00+00:00,ABEV3.SA,15.010000228881836,15.039999961853027,15.010000228881836,15.039999961853027,205500
2026-03-31 16:20:00+00:00,ABEV3.SA,15.029999732971191,15.0600004196167,15.020000457763672,15.0600004196167,99500
2026-03-31 16:25:00+00:00,ABEV3.SA,15.0600004196167,15.0600004196167,15.050000190734863,15.050000190734863,76800
2026-03-31 16:30:00+00:00,ABEV3.SA,15.0600004196167,15.069999694824219,15.050000190734863,15.050000190734863,113600
2026-03-31 16:35:00+00:00,ABEV3.SA,15.0600004196167,15.100000381469727,15.050000190734863,15.100000381469727,419800
2026-03-31 16:40:00+00:00,ABEV3.SA,15.100000381469727,15.199999809265137,15.100000381469727,15.15999984741211,633500
2026-03-31 16:45:00+00:00,ABEV3.SA,15.149999618530273,15.170000076293945,15.119999885559082,15.15999984741211,249300
2026-03-31 16:50:00+00:00,ABEV3.SA,15.15999984741211,15.180000305175781,15.130000114440918,15.140000343322754,339600
2026-03-31 16:55:00+00:00,ABEV3.SA,15.140000343322754,15.149999618530273,15.109999656677246,15.130000114440918,705000
2026-03-31 17:00:00+00:00,ABEV3.SA,15.140000343322754,15.170000076293945,15.130000114440918,15.149999618530273,364600
2026-03-31 17:05:00+00:00,ABEV3.SA,15.15999984741211,15.180000305175781,15.140000343322754,15.149999618530273,182600
2026-03-31 17:10:00+00:00,ABEV3.SA,15.15999984741211,15.180000305175781,15.149999618530273,15.15999984741211,317900
2026-03-31 17:15:00+00:00,ABEV3.SA,15.170000076293945,15.180000305175781,15.149999618530273,15.170000076293945,681300
2026-03-31 17:20:00+00:00,ABEV3.SA,15.180000305175781,15.180000305175781,15.149999618530273,15.149999618530273,272900
2026-03-31 17:25:00+00:00,ABEV3.SA,15.15999984741211,15.15999984741211,15.140000343322754,15.149999618530273,214900
2026-03-31 17:30:00+00:00,ABEV3.SA,15.149999618530273,15.180000305175781,15.140000343322754,15.170000076293945,276300
2026-03-31 17:35:00+00:00,ABEV3.SA,15.180000305175781,15.180000305175781,15.140000343322754,15.149999618530273,251300
2026-03-31 17:40:00+00:00,ABEV3.SA,15.15999984741211,15.15999984741211,15.140000343322754,15.149999618530273,136600
2026-03-31 17:45:00+00:00,ABEV3.SA,15.15999984741211,15.15999984741211,15.140000343322754,15.149999618530273,164500
2026-03-31 17:50:00+00:00,ABEV3.SA,15.15999984741211,15.170000076293945,15.140000343322754,15.140000343322754,182900
2026-03-31 17:55:00+00:00,ABEV3.SA,15.140000343322754,15.15999984741211,15.130000114440918,15.149999618530273,134500
2026-03-31 18:00:00+00:00,ABEV3.SA,15.149999618530273,15.180000305175781,15.149999618530273,15.15999984741211,337200
2026-03-31 18:05:00+00:00,ABEV3.SA,15.15999984741211,15.1899995803833,15.149999618530273,15.170000076293945,833500
2026-03-31 18:10:00+00:00,ABEV3.SA,15.170000076293945,15.180000305175781,15.149999618530273,15.170000076293945,211500
2026-03-31 18:15:00+00:00,ABEV3.SA,15.15999984741211,15.170000076293945,15.149999618530273,15.170000076293945,210700
2026-03-31 18:20:00+00:00,ABEV3.SA,15.170000076293945,15.170000076293945,15.140000343322754,15.149999618530273,164500
2026-03-31 18:25:00+00:00,ABEV3.SA,15.149999618530273,15.15999984741211,15.119999885559082,15.119999885559082,286900
2026-03-31 18:30:00+00:00,ABEV3.SA,15.130000114440918,15.140000343322754,15.109999656677246,15.119999885559082,145400
2026-03-31 18:35:00+00:00,ABEV3.SA,15.119999885559082,15.170000076293945,15.109999656677246,15.15999984741211,608100
2026-03-31 18:40:00+00:00,ABEV3.SA,15.170000076293945,15.180000305175781,15.15999984741211,15.180000305175781,195300
2026-03-31 18:45:00+00:00,ABEV3.SA,15.180000305175781,15.1899995803833,15.149999618530273,15.180000305175781,539500
2026-03-31 18:50:00+00:00,ABEV3.SA,15.180000305175781,15.199999809265137,15.170000076293945,15.180000305175781,205400
2026-03-31 18:55:00+00:00,ABEV3.SA,15.180000305175781,15.1899995803833,15.180000305175781,15.1899995803833,185100
2026-03-31 19:00:00+00:00,ABEV3.SA,15.180000305175781,15.199999809265137,15.15999984741211,15.170000076293945,356900
2026-03-31 19:05:00+00:00,ABEV3.SA,15.180000305175781,15.1899995803833,15.15999984741211,15.15999984741211,329200
2026-03-31 19:10:00+00:00,ABEV3.SA,15.170000076293945,15.1899995803833,15.170000076293945,15.170000076293945,186300
2026-03-31 19:15:00+00:00,ABEV3.SA,15.180000305175781,15.199999809265137,15.170000076293945,15.1899995803833,520700
2026-03-31 19:20:00+00:00,ABEV3.SA,15.1899995803833,15.199999809265137,15.170000076293945,15.1899995803833,556700
2026-03-31 19:25:00+00:00,ABEV3.SA,15.1899995803833,15.220000267028809,15.180000305175781,15.220000267028809,897400
2026-03-31 19:30:00+00:00,ABEV3.SA,15.220000267028809,15.239999771118164,15.210000038146973,15.229999542236328,550700
2026-03-31 19:35:00+00:00,ABEV3.SA,15.220000267028809,15.260000228881836,15.220000267028809,15.239999771118164,1009200
2026-03-31 19:40:00+00:00,ABEV3.SA,15.25,15.25,15.220000267028809,15.220000267028809,700500
2026-03-31 19:45:00+00:00,ABEV3.SA,15.239999771118164,15.25,15.220000267028809,15.239999771118164,985000
2026-03-31 19:50:00+00:00,ABEV3.SA,15.239999771118164,15.25,15.210000038146973,15.25,617500
2026-04-01 13:00:00+00:00,ABEV3.SA,15.270000457763672,15.359999656677246,15.220000267028809,15.359999656677246,0
2026-04-01 13:05:00+00:00,ABEV3.SA,15.359999656677246,15.359999656677246,15.270000457763672,15.3100004196167,114100
2026-04-01 13:10:00+00:00,ABEV3.SA,15.300000190734863,15.319999694824219,15.1899995803833,15.1899995803833,458200
2026-04-01 13:15:00+00:00,ABEV3.SA,15.1899995803833,15.229999542236328,15.180000305175781,15.220000267028809,141800
2026-04-01 13:20:00+00:00,ABEV3.SA,15.229999542236328,15.25,15.199999809265137,15.239999771118164,185000
2026-04-01 13:25:00+00:00,ABEV3.SA,15.239999771118164,15.3100004196167,15.229999542236328,15.300000190734863,813000
2026-04-01 13:30:00+00:00,ABEV3.SA,15.3100004196167,15.34000015258789,15.279999732971191,15.319999694824219,216900
2026-04-01 13:35:00+00:00,ABEV3.SA,15.319999694824219,15.350000381469727,15.3100004196167,15.350000381469727,289800
2026-04-01 13:40:00+00:00,ABEV3.SA,15.350000381469727,15.350000381469727,15.3100004196167,15.319999694824219,323100
2026-04-01 13:45:00+00:00,ABEV3.SA,15.319999694824219,15.359999656677246,15.3100004196167,15.34000015258789,143200
2026-04-01 13:50:00+00:00,ABEV3.SA,15.350000381469727,15.380000114440918,15.34000015258789,15.369999885559082,178800
2026-04-01 13:55:00+00:00,ABEV3.SA,15.380000114440918,15.380000114440918,15.34000015258789,15.34000015258789,106500
2026-04-01 14:00:00+00:00,ABEV3.SA,15.34000015258789,15.350000381469727,15.279999732971191,15.289999961853027,193800
2026-04-01 14:05:00+00:00,ABEV3.SA,15.289999961853027,15.319999694824219,15.279999732971191,15.300000190734863,151700
2026-04-01 14:10:00+00:00,ABEV3.SA,15.300000190734863,15.34000015258789,15.270000457763672,15.289999961853027,897900
2026-04-01 14:15:00+00:00,ABEV3.SA,15.289999961853027,15.3100004196167,15.289999961853027,15.300000190734863,118200
2026-04-01 14:20:00+00:00,ABEV3.SA,15.289999961853027,15.300000190734863,15.270000457763672,15.279999732971191,105800
2026-04-01 14:25:00+00:00,ABEV3.SA,15.279999732971191,15.289999961853027,15.270000457763672,15.289999961853027,50100
2026-04-01 14:30:00+00:00,ABEV3.SA,15.289999961853027,15.300000190734863,15.260000228881836,15.270000457763672,86600
2026-04-01 14:35:00+00:00,ABEV3.SA,15.279999732971191,15.3100004196167,15.260000228881836,15.289999961853027,177100
2026-04-01 14:40:00+00:00,ABEV3.SA,15.300000190734863,15.319999694824219,15.279999732971191,15.300000190734863,205900
2026-04-01 14:45:00+00:00,ABEV3.SA,15.319999694824219,15.329999923706055,15.3100004196167,15.329999923706055,111700
2026-04-01 14:50:00+00:00,ABEV3.SA,15.329999923706055,15.359999656677246,15.329999923706055,15.350000381469727,174400
2026-04-01 14:55:00+00:00,ABEV3.SA,15.359999656677246,15.380000114440918,15.359999656677246,15.380000114440918,117700
2026-04-01 15:00:00+00:00,ABEV3.SA,15.380000114440918,15.399999618530273,15.369999885559082,15.390000343322754,321600
2026-04-01 15:05:00+00:00,ABEV3.SA,15.380000114440918,15.399999618530273,15.369999885559082,15.380000114440918,90100
2026-04-01 15:10:00+00:00,ABEV3.SA,15.390000343322754,15.399999618530273,15.380000114440918,15.399999618530273,117100
2026-04-01 15:15:00+00:00,ABEV3.SA,15.399999618530273,15.420000076293945,15.380000114440918,15.399999618530273,637000
2026-04-01 15:20:00+00:00,ABEV3.SA,15.390000343322754,15.399999618530273,15.380000114440918,15.390000343322754,98400
2026-04-01 15:25:00+00:00,ABEV3.SA,15.390000343322754,15.399999618530273,15.369999885559082,15.380000114440918,162600
2026-04-01 15:30:00+00:00,ABEV3.SA,15.380000114440918,15.390000343322754,15.369999885559082,15.390000343322754,168500
2026-04-01 15:35:00+00:00,ABEV3.SA,15.390000343322754,15.399999618530273,15.380000114440918,15.390000343322754,96900
2026-04-01 15:40:00+00:00,ABEV3.SA,15.380000114440918,15.40999984741211,15.380000114440918,15.40999984741211,68500
2026-04-01 15:45:00+00:00,ABEV3.SA,15.40999984741211,15.40999984741211,15.390000343322754,15.399999618530273,337800
2026-04-01 15:50:00+00:00,ABEV3.SA,15.40999984741211,15.420000076293945,15.399999618530273,15.40999984741211,294900
2026-04-01 15:55:00+00:00,ABEV3.SA,15.40999984741211,15.420000076293945,15.399999618530273,15.399999618530273,586200
2026-04-01 16:00:00+00:00,ABEV3.SA,15.399999618530273,15.420000076293945,15.399999618530273,15.40999984741211,117800
2026-04-01 16:05:00+00:00,ABEV3.SA,15.40999984741211,15.4399995803833,15.40999984741211,15.430000305175781,176600
2026-04-01 16:10:00+00:00,ABEV3.SA,15.430000305175781,15.430000305175781,15.390000343322754,15.40999984741211,176400
2026-04-01 16:15:00+00:00,ABEV3.SA,15.399999618530273,15.40999984741211,15.399999618530273,15.40999984741211,63100
2026-04-01 16:20:00+00:00,ABEV3.SA,15.40999984741211,15.40999984741211,15.399999618530273,15.399999618530273,189100
2026-04-01 16:25:00+00:00,ABEV3.SA,15.399999618530273,15.40999984741211,15.399999618530273,15.40999984741211,50400
2026-04-01 16:30:00+00:00,ABEV3.SA,15.40999984741211,15.4399995803833,15.399999618530273,15.4399995803833,253100
2026-04-01 16:35:00+00:00,ABEV3.SA,15.4399995803833,15.460000038146973,15.420000076293945,15.4399995803833,369700
2026-04-01 16:40:00+00:00,ABEV3.SA,15.4399995803833,15.449999809265137,15.430000305175781,15.449999809265137,121900
2026-04-01 16:45:00+00:00,ABEV3.SA,15.4399995803833,15.449999809265137,15.430000305175781,15.430000305175781,172900
2026-04-01 16:50:00+00:00,ABEV3.SA,15.4399995803833,15.4399995803833,15.420000076293945,15.4399995803833,214300
2026-04-01 16:55:00+00:00,ABEV3.SA,15.4399995803833,15.449999809265137,15.430000305175781,15.430000305175781,230300
2026-04-01 17:00:00+00:00,ABEV3.SA,15.4399995803833,15.4399995803833,15.420000076293945,15.430000305175781,181000
2026-04-01 17:05:00+00:00,ABEV3.SA,15.430000305175781,15.479999542236328,15.430000305175781,15.470000267028809,386800
2026-04-01 17:10:00+00:00,ABEV3.SA,15.470000267028809,15.470000267028809,15.460000038146973,15.470000267028809,93500
2026-04-01 17:15:00+00:00,ABEV3.SA,15.470000267028809,15.479999542236328,15.460000038146973,15.470000267028809,109900
2026-04-01 17:20:00+00:00,ABEV3.SA,15.470000267028809,15.470000267028809,15.449999809265137,15.470000267028809,220100
2026-04-01 17:25:00+00:00,ABEV3.SA,15.470000267028809,15.470000267028809,15.449999809265137,15.449999809265137,114900
2026-04-01 17:30:00+00:00,ABEV3.SA,15.449999809265137,15.470000267028809,15.449999809265137,15.460000038146973,160000
2026-04-01 17:35:00+00:00,ABEV3.SA,15.470000267028809,15.470000267028809,15.4399995803833,15.449999809265137,183800
2026-04-01 17:40:00+00:00,ABEV3.SA,15.449999809265137,15.470000267028809,15.449999809265137,15.460000038146973,157000
2026-04-01 17:45:00+00:00,ABEV3.SA,15.460000038146973,15.470000267028809,15.4399995803833,15.460000038146973,249400
2026-04-01 17:50:00+00:00,ABEV3.SA,15.460000038146973,15.479999542236328,15.449999809265137,15.470000267028809,214900
2026-04-01 17:55:00+00:00,ABEV3.SA,15.460000038146973,15.470000267028809,15.449999809265137,15.460000038146973,175600
2026-04-01 18:00:00+00:00,ABEV3.SA,15.460000038146973,15.470000267028809,15.420000076293945,15.430000305175781,252400
2026-04-01 18:05:00+00:00,ABEV3.SA,15.420000076293945,15.4399995803833,15.420000076293945,15.4399995803833,202900
2026-04-01 18:10:00+00:00,ABEV3.SA,15.4399995803833,15.4399995803833,15.40999984741211,15.40999984741211,146200
2026-04-01 18:15:00+00:00,ABEV3.SA,15.430000305175781,15.430000305175781,15.390000343322754,15.40999984741211,211600
2026-04-01 18:20:00+00:00,ABEV3.SA,15.40999984741211,15.40999984741211,15.390000343322754,15.399999618530273,150200
2026-04-01 18:25:00+00:00,ABEV3.SA,15.399999618530273,15.40999984741211,15.369999885559082,15.380000114440918,152500
2026-04-01 18:30:00+00:00,ABEV3.SA,15.380000114440918,15.40999984741211,15.369999885559082,15.399999618530273,439000
2026-04-01 18:35:00+00:00,ABEV3.SA,15.399999618530273,15.399999618530273,15.380000114440918,15.390000343322754,234100
2026-04-01 18:40:00+00:00,ABEV3.SA,15.399999618530273,15.4399995803833,15.390000343322754,15.4399995803833,432100
2026-04-01 18:45:00+00:00,ABEV3.SA,15.4399995803833,15.4399995803833,15.399999618530273,15.420000076293945,422900
2026-04-01 18:50:00+00:00,ABEV3.SA,15.40999984741211,15.420000076293945,15.390000343322754,15.40999984741211,1513600
2026-04-01 18:55:00+00:00,ABEV3.SA,15.420000076293945,15.420000076293945,15.399999618530273,15.420000076293945,112400
2026-04-01 19:00:00+00:00,ABEV3.SA,15.40999984741211,15.4399995803833,15.40999984741211,15.430000305175781,257100
2026-04-01 19:05:00+00:00,ABEV3.SA,15.430000305175781,15.4399995803833,15.420000076293945,15.420000076293945,375500
2026-04-01 19:10:00+00:00,ABEV3.SA,15.420000076293945,15.430000305175781,15.40999984741211,15.420000076293945,124400
2026-04-01 19:15:00+00:00,ABEV3.SA,15.430000305175781,15.4399995803833,15.40999984741211,15.430000305175781,150900
2026-04-01 19:20:00+00:00,ABEV3.SA,15.430000305175781,15.4399995803833,15.420000076293945,15.430000305175781,200600
2026-04-01 19:25:00+00:00,ABEV3.SA,15.430000305175781,15.460000038146973,15.430000305175781,15.449999809265137,212200
2026-04-01 19:30:00+00:00,ABEV3.SA,15.449999809265137,15.479999542236328,15.430000305175781,15.4399995803833,708400
2026-04-01 19:35:00+00:00,ABEV3.SA,15.4399995803833,15.4399995803833,15.420000076293945,15.4399995803833,621800
2026-04-01 19:40:00+00:00,ABEV3.SA,15.4399995803833,15.4399995803833,15.420000076293945,15.430000305175781,631000
2026-04-01 19:45:00+00:00,ABEV3.SA,15.430000305175781,15.4399995803833,15.40999984741211,15.430000305175781,279600
2026-04-01 19:50:00+00:00,ABEV3.SA,15.430000305175781,15.430000305175781,15.380000114440918,15.399999618530273,376000
2026-04-02 13:05:00+00:00,ABEV3.SA,15.149999618530273,15.3100004196167,15.100000381469727,15.229999542236328,335300
2026-04-02 13:10:00+00:00,ABEV3.SA,15.239999771118164,15.319999694824219,15.229999542236328,15.270000457763672,254200
2026-04-02 13:15:00+00:00,ABEV3.SA,15.289999961853027,15.40999984741211,15.279999732971191,15.369999885559082,414700
2026-04-02 13:20:00+00:00,ABEV3.SA,15.380000114440918,15.390000343322754,15.279999732971191,15.300000190734863,735400
2026-04-02 13:25:00+00:00,ABEV3.SA,15.300000190734863,15.329999923706055,15.279999732971191,15.279999732971191,270100
2026-04-02 13:30:00+00:00,ABEV3.SA,15.289999961853027,15.319999694824219,15.210000038146973,15.229999542236328,1494200
2026-04-02 13:35:00+00:00,ABEV3.SA,15.220000267028809,15.239999771118164,15.170000076293945,15.170000076293945,437400
2026-04-02 13:40:00+00:00,ABEV3.SA,15.180000305175781,15.220000267028809,15.180000305175781,15.199999809265137,352900
2026-04-02 13:45:00+00:00,ABEV3.SA,15.199999809265137,15.229999542236328,15.1899995803833,15.229999542236328,431500
2026-04-02 13:50:00+00:00,ABEV3.SA,15.229999542236328,15.3100004196167,15.220000267028809,15.279999732971191,813900
2026-04-02 13:55:00+00:00,ABEV3.SA,15.289999961853027,15.319999694824219,15.279999732971191,15.3100004196167,241300
2026-04-02 14:00:00+00:00,ABEV3.SA,15.3100004196167,15.329999923706055,15.260000228881836,15.270000457763672,552700
2026-04-02 14:05:00+00:00,ABEV3.SA,15.270000457763672,15.289999961853027,15.25,15.279999732971191,169900
2026-04-02 14:10:00+00:00,ABEV3.SA,15.279999732971191,15.279999732971191,15.25,15.25,110100
2026-04-02 14:15:00+00:00,ABEV3.SA,15.25,15.279999732971191,15.25,15.270000457763672,208900
2026-04-02 14:20:00+00:00,ABEV3.SA,15.270000457763672,15.289999961853027,15.239999771118164,15.25,120500
2026-04-02 14:25:00+00:00,ABEV3.SA,15.260000228881836,15.270000457763672,15.239999771118164,15.25,82600
2026-04-02 14:30:00+00:00,ABEV3.SA,15.260000228881836,15.279999732971191,15.25,15.270000457763672,111700
2026-04-02 14:35:00+00:00,ABEV3.SA,15.279999732971191,15.390000343322754,15.270000457763672,15.34000015258789,643900
2026-04-02 14:40:00+00:00,ABEV3.SA,15.350000381469727,15.350000381469727,15.319999694824219,15.350000381469727,141300
2026-04-02 14:45:00+00:00,ABEV3.SA,15.34000015258789,15.350000381469727,15.300000190734863,15.300000190734863,71700
2026-04-02 14:50:00+00:00,ABEV3.SA,15.300000190734863,15.3100004196167,15.279999732971191,15.289999961853027,274200
2026-04-02 14:55:00+00:00,ABEV3.SA,15.289999961853027,15.300000190734863,15.260000228881836,15.279999732971191,250700
2026-04-02 15:00:00+00:00,ABEV3.SA,15.270000457763672,15.270000457763672,15.25,15.270000457763672,148900
2026-04-02 15:05:00+00:00,ABEV3.SA,15.260000228881836,15.279999732971191,15.25,15.270000457763672,110000
2026-04-02 15:10:00+00:00,ABEV3.SA,15.270000457763672,15.289999961853027,15.260000228881836,15.270000457763672,85200
2026-04-02 15:15:00+00:00,ABEV3.SA,15.270000457763672,15.3100004196167,15.260000228881836,15.300000190734863,225300
2026-04-02 15:20:00+00:00,ABEV3.SA,15.300000190734863,15.300000190734863,15.260000228881836,15.270000457763672,99400
2026-04-02 15:25:00+00:00,ABEV3.SA,15.279999732971191,15.300000190734863,15.25,15.25,405300
2026-04-02 15:30:00+00:00,ABEV3.SA,15.25,15.260000228881836,15.239999771118164,15.25,110200
2026-04-02 15:35:00+00:00,ABEV3.SA,15.260000228881836,15.279999732971191,15.25,15.260000228881836,201100
2026-04-02 15:40:00+00:00,ABEV3.SA,15.260000228881836,15.270000457763672,15.25,15.260000228881836,126800
2026-04-02 15:45:00+00:00,ABEV3.SA,15.270000457763672,15.270000457763672,15.229999542236328,15.229999542236328,101200
2026-04-02 15:50:00+00:00,ABEV3.SA,15.229999542236328,15.239999771118164,15.220000267028809,15.229999542236328,148300
2026-04-02 15:55:00+00:00,ABEV3.SA,15.229999542236328,15.25,15.220000267028809,15.239999771118164,100900
2026-04-02 16:00:00+00:00,ABEV3.SA,15.25,15.25,15.210000038146973,15.210000038146973,266500
2026-04-02 16:05:00+00:00,ABEV3.SA,15.210000038146973,15.210000038146973,15.180000305175781,15.199999809265137,111500
2026-04-02 16:10:00+00:00,ABEV3.SA,15.199999809265137,15.210000038146973,15.1899995803833,15.1899995803833,73400
2026-04-02 16:15:00+00:00,ABEV3.SA,15.1899995803833,15.199999809265137,15.170000076293945,15.170000076293945,92500
2026-04-02 16:20:00+00:00,ABEV3.SA,15.170000076293945,15.180000305175781,15.140000343322754,15.140000343322754,159000
2026-04-02 16:25:00+00:00,ABEV3.SA,15.140000343322754,15.149999618530273,15.140000343322754,15.140000343322754,87700
2026-04-02 16:30:00+00:00,ABEV3.SA,15.140000343322754,15.180000305175781,15.140000343322754,15.170000076293945,214800
2026-04-02 16:35:00+00:00,ABEV3.SA,15.180000305175781,15.1899995803833,15.15999984741211,15.180000305175781,122000
2026-04-02 16:40:00+00:00,ABEV3.SA,15.170000076293945,15.199999809265137,15.170000076293945,15.180000305175781,80300
2026-04-02 16:45:00+00:00,ABEV3.SA,15.180000305175781,15.199999809265137,15.15999984741211,15.180000305175781,297900
2026-04-02 16:50:00+00:00,ABEV3.SA,15.180000305175781,15.1899995803833,15.170000076293945,15.180000305175781,117300
2026-04-02 16:55:00+00:00,ABEV3.SA,15.180000305175781,15.1899995803833,15.170000076293945,15.170000076293945,81600
2026-04-02 17:00:00+00:00,ABEV3.SA,15.170000076293945,15.180000305175781,15.15999984741211,15.170000076293945,278000
2026-04-02 17:05:00+00:00,ABEV3.SA,15.15999984741211,15.170000076293945,15.140000343322754,15.149999618530273,207400
2026-04-02 17:10:00+00:00,ABEV3.SA,15.149999618530273,15.15999984741211,15.130000114440918,15.140000343322754,114300
2026-04-02 17:15:00+00:00,ABEV3.SA,15.149999618530273,15.149999618530273,15.130000114440918,15.130000114440918,156700
2026-04-02 17:20:00+00:00,ABEV3.SA,15.130000114440918,15.140000343322754,15.130000114440918,15.140000343322754,177200
2026-04-02 17:25:00+00:00,ABEV3.SA,15.140000343322754,15.140000343322754,15.130000114440918,15.140000343322754,70400
2026-04-02 17:30:00+00:00,ABEV3.SA,15.130000114440918,15.140000343322754,15.119999885559082,15.119999885559082,200200
2026-04-02 17:35:00+00:00,ABEV3.SA,15.119999885559082,15.130000114440918,15.119999885559082,15.130000114440918,52000
2026-04-02 17:40:00+00:00,ABEV3.SA,15.130000114440918,15.140000343322754,15.130000114440918,15.140000343322754,96100
2026-04-02 17:45:00+00:00,ABEV3.SA,15.130000114440918,15.130000114440918,15.119999885559082,15.119999885559082,130400
2026-04-02 17:50:00+00:00,ABEV3.SA,15.119999885559082,15.170000076293945,15.119999885559082,15.149999618530273,369300
2026-04-02 17:55:00+00:00,ABEV3.SA,15.15999984741211,15.180000305175781,15.149999618530273,15.180000305175781,1054500
2026-04-02 18:00:00+00:00,ABEV3.SA,15.180000305175781,15.220000267028809,15.180000305175781,15.199999809265137,1514500
2026-04-02 18:05:00+00:00,ABEV3.SA,15.210000038146973,15.210000038146973,15.180000305175781,15.1899995803833,294700
2026-04-02 18:10:00+00:00,ABEV3.SA,15.199999809265137,15.210000038146973,15.1899995803833,15.199999809265137,217300
2026-04-02 18:15:00+00:00,ABEV3.SA,15.199999809265137,15.199999809265137,15.180000305175781,15.1899995803833,193600
2026-04-02 18:20:00+00:00,ABEV3.SA,15.1899995803833,15.1899995803833,15.180000305175781,15.1899995803833,107100
2026-04-02 18:25:00+00:00,ABEV3.SA,15.1899995803833,15.210000038146973,15.15999984741211,15.1899995803833,1133600
2026-04-02 18:30:00+00:00,ABEV3.SA,15.199999809265137,15.199999809265137,15.180000305175781,15.199999809265137,219100
2026-04-02 18:35:00+00:00,ABEV3.SA,15.199999809265137,15.199999809265137,15.1899995803833,15.199999809265137,110500
2026-04-02 18:40:00+00:00,ABEV3.SA,15.199999809265137,15.220000267028809,15.1899995803833,15.220000267028809,154000
2026-04-02 18:45:00+00:00,ABEV3.SA,15.210000038146973,15.220000267028809,15.1899995803833,15.220000267028809,225900
2026-04-02 18:50:00+00:00,ABEV3.SA,15.210000038146973,15.239999771118164,15.210000038146973,15.229999542236328,883000
2026-04-02 18:55:00+00:00,ABEV3.SA,15.229999542236328,15.239999771118164,15.229999542236328,15.229999542236328,101400
2026-04-02 19:00:00+00:00,ABEV3.SA,15.229999542236328,15.239999771118164,15.220000267028809,15.220000267028809,144900
2026-04-02 19:05:00+00:00,ABEV3.SA,15.220000267028809,15.229999542236328,15.220000267028809,15.220000267028809,162800
2026-04-02 19:10:00+00:00,ABEV3.SA,15.220000267028809,15.25,15.220000267028809,15.239999771118164,270300
2026-04-02 19:15:00+00:00,ABEV3.SA,15.239999771118164,15.25,15.220000267028809,15.25,303000
2026-04-02 19:20:00+00:00,ABEV3.SA,15.239999771118164,15.25,15.229999542236328,15.239999771118164,195900
2026-04-02 19:25:00+00:00,ABEV3.SA,15.239999771118164,15.25,15.229999542236328,15.229999542236328,205400
2026-04-02 19:30:00+00:00,ABEV3.SA,15.229999542236328,15.239999771118164,15.229999542236328,15.229999542236328,111700
2026-04-02 19:35:00+00:00,ABEV3.SA,15.239999771118164,15.279999732971191,15.239999771118164,15.279999732971191,436200
2026-04-02 19:40:00+00:00,ABEV3.SA,15.279999732971191,15.279999732971191,15.260000228881836,15.260000228881836,318800
2026-04-02 19:45:00+00:00,ABEV3.SA,15.260000228881836,15.270000457763672,15.199999809265137,15.229999542236328,683000
2026-04-02 19:50:00+00:00,ABEV3.SA,15.229999542236328,15.25,15.199999809265137,15.239999771118164,310400
2026-04-06 13:00:00+00:00,ABEV3.SA,15.300000190734863,15.380000114440918,15.300000190734863,15.350000381469727,0
2026-04-06 13:05:00+00:00,ABEV3.SA,15.359999656677246,15.369999885559082,15.319999694824219,15.34000015258789,152700
2026-04-06 13:10:00+00:00,ABEV3.SA,15.350000381469727,15.369999885559082,15.319999694824219,15.34000015258789,148000
2026-04-06 13:15:00+00:00,ABEV3.SA,15.34000015258789,15.359999656677246,15.329999923706055,15.34000015258789,75100
2026-04-06 13:20:00+00:00,ABEV3.SA,15.350000381469727,15.369999885559082,15.300000190734863,15.319999694824219,413100
2026-04-06 13:25:00+00:00,ABEV3.SA,15.319999694824219,15.350000381469727,15.319999694824219,15.329999923706055,82000
2026-04-06 13:30:00+00:00,ABEV3.SA,15.34000015258789,15.430000305175781,15.329999923706055,15.380000114440918,326500
2026-04-06 13:35:00+00:00,ABEV3.SA,15.380000114440918,15.420000076293945,15.380000114440918,15.40999984741211,242600
2026-04-06 13:40:00+00:00,ABEV3.SA,15.399999618530273,15.430000305175781,15.390000343322754,15.430000305175781,192400
2026-04-06 13:45:00+00:00,ABEV3.SA,15.420000076293945,15.470000267028809,15.40999984741211,15.430000305175781,385300
2026-04-06 13:50:00+00:00,ABEV3.SA,15.420000076293945,15.4399995803833,15.420000076293945,15.4399995803833,42700
2026-04-06 13:55:00+00:00,ABEV3.SA,15.430000305175781,15.470000267028809,15.430000305175781,15.460000038146973,125300
2026-04-06 14:00:00+00:00,ABEV3.SA,15.460000038146973,15.479999542236328,15.430000305175781,15.430000305175781,103500
2026-04-06 14:05:00+00:00,ABEV3.SA,15.430000305175781,15.460000038146973,15.420000076293945,15.430000305175781,109300
2026-04-06 14:10:00+00:00,ABEV3.SA,15.4399995803833,15.470000267028809,15.430000305175781,15.460000038146973,188500
2026-04-06 14:15:00+00:00,ABEV3.SA,15.460000038146973,15.489999771118164,15.449999809265137,15.479999542236328,136700
2026-04-06 14:20:00+00:00,ABEV3.SA,15.479999542236328,15.489999771118164,15.470000267028809,15.470000267028809,151200
2026-04-06 14:25:00+00:00,ABEV3.SA,15.470000267028809,15.520000457763672,15.460000038146973,15.5,165800
2026-04-06 14:30:00+00:00,ABEV3.SA,15.5,15.510000228881836,15.460000038146973,15.489999771118164,301600
2026-04-06 14:35:00+00:00,ABEV3.SA,15.479999542236328,15.5,15.470000267028809,15.489999771118164,206200
2026-04-06 14:40:00+00:00,ABEV3.SA,15.489999771118164,15.520000457763672,15.479999542236328,15.510000228881836,50200
2026-04-06 14:45:00+00:00,ABEV3.SA,15.5,15.520000457763672,15.479999542236328,15.5,196400
2026-04-06 14:50:00+00:00,ABEV3.SA,15.5,15.510000228881836,15.479999542236328,15.489999771118164,62200
2026-04-06 14:55:00+00:00,ABEV3.SA,15.489999771118164,15.510000228881836,15.460000038146973,15.460000038146973,294600
2026-04-06 15:00:00+00:00,ABEV3.SA,15.460000038146973,15.479999542236328,15.449999809265137,15.460000038146973,299100
2026-04-06 15:05:00+00:00,ABEV3.SA,15.460000038146973,15.460000038146973,15.430000305175781,15.460000038146973,161800
2026-04-06 15:10:00+00:00,ABEV3.SA,15.449999809265137,15.449999809265137,15.40999984741211,15.4399995803833,257400
2026-04-06 15:15:00+00:00,ABEV3.SA,15.430000305175781,15.4399995803833,15.420000076293945,15.420000076293945,189200
2026-04-06 15:20:00+00:00,ABEV3.SA,15.420000076293945,15.4399995803833,15.420000076293945,15.430000305175781,54400
2026-04-06 15:25:00+00:00,ABEV3.SA,15.430000305175781,15.449999809265137,15.430000305175781,15.4399995803833,68700
2026-04-06 15:30:00+00:00,ABEV3.SA,15.4399995803833,15.449999809265137,15.40999984741211,15.420000076293945,94900
2026-04-06 15:35:00+00:00,ABEV3.SA,15.420000076293945,15.430000305175781,15.390000343322754,15.399999618530273,137100
2026-04-06 15:40:00+00:00,ABEV3.SA,15.390000343322754,15.399999618530273,15.380000114440918,15.380000114440918,232500
2026-04-06 15:45:00+00:00,ABEV3.SA,15.390000343322754,15.430000305175781,15.380000114440918,15.430000305175781,319700
2026-04-06 15:50:00+00:00,ABEV3.SA,15.420000076293945,15.449999809265137,15.399999618530273,15.399999618530273,346600
2026-04-06 15:55:00+00:00,ABEV3.SA,15.420000076293945,15.420000076293945,15.399999618530273,15.40999984741211,68000
2026-04-06 16:00:00+00:00,ABEV3.SA,15.40999984741211,15.430000305175781,15.40999984741211,15.420000076293945,89600
2026-04-06 16:05:00+00:00,ABEV3.SA,15.420000076293945,15.4399995803833,15.420000076293945,15.430000305175781,127100
2026-04-06 16:10:00+00:00,ABEV3.SA,15.420000076293945,15.4399995803833,15.420000076293945,15.4399995803833,77400
2026-04-06 16:15:00+00:00,ABEV3.SA,15.4399995803833,15.4399995803833,15.420000076293945,15.420000076293945,58800
2026-04-06 16:20:00+00:00,ABEV3.SA,15.420000076293945,15.4399995803833,15.40999984741211,15.420000076293945,134600
2026-04-06 16:25:00+00:00,ABEV3.SA,15.420000076293945,15.4399995803833,15.420000076293945,15.4399995803833,150300
2026-04-06 16:30:00+00:00,ABEV3.SA,15.4399995803833,15.449999809265137,15.420000076293945,15.420000076293945,234900
2026-04-06 16:35:00+00:00,ABEV3.SA,15.420000076293945,15.449999809265137,15.420000076293945,15.4399995803833,94400
2026-04-06 16:40:00+00:00,ABEV3.SA,15.4399995803833,15.470000267028809,15.430000305175781,15.460000038146973,384500
2026-04-06 16:45:00+00:00,ABEV3.SA,15.449999809265137,15.460000038146973,15.4399995803833,15.460000038146973,60900
2026-04-06 16:50:00+00:00,ABEV3.SA,15.460000038146973,15.460000038146973,15.4399995803833,15.4399995803833,103400
2026-04-06 16:55:00+00:00,ABEV3.SA,15.449999809265137,15.449999809265137,15.4399995803833,15.4399995803833,40400
2026-04-06 17:00:00+00:00,ABEV3.SA,15.4399995803833,15.449999809265137,15.399999618530273,15.430000305175781,254300
2026-04-06 17:05:00+00:00,ABEV3.SA,15.420000076293945,15.4399995803833,15.420000076293945,15.420000076293945,69700
2026-04-06 17:10:00+00:00,ABEV3.SA,15.430000305175781,15.430000305175781,15.390000343322754,15.40999984741211,119600
2026-04-06 17:15:00+00:00,ABEV3.SA,15.399999618530273,15.420000076293945,15.399999618530273,15.399999618530273,295800
2026-04-06 17:20:00+00:00,ABEV3.SA,15.420000076293945,15.420000076293945,15.399999618530273,15.420000076293945,39600
2026-04-06 17:25:00+00:00,ABEV3.SA,15.40999984741211,15.4399995803833,15.40999984741211,15.4399995803833,82200
2026-04-06 17:30:00+00:00,ABEV3.SA,15.430000305175781,15.4399995803833,15.420000076293945,15.420000076293945,113000
2026-04-06 17:35:00+00:00,ABEV3.SA,15.420000076293945,15.4399995803833,15.420000076293945,15.420000076293945,59700
2026-04-06 17:40:00+00:00,ABEV3.SA,15.430000305175781,15.430000305175781,15.40999984741211,15.40999984741211,145400
2026-04-06 17:45:00+00:00,ABEV3.SA,15.420000076293945,15.420000076293945,15.40999984741211,15.40999984741211,40100
2026-04-06 17:50:00+00:00,ABEV3.SA,15.40999984741211,15.420000076293945,15.399999618530273,15.40999984741211,81100
2026-04-06 17:55:00+00:00,ABEV3.SA,15.420000076293945,15.430000305175781,15.40999984741211,15.420000076293945,90000
2026-04-06 18:00:00+00:00,ABEV3.SA,15.420000076293945,15.430000305175781,15.40999984741211,15.420000076293945,108500
2026-04-06 18:05:00+00:00,ABEV3.SA,15.430000305175781,15.4399995803833,15.420000076293945,15.420000076293945,117300
2026-04-06 18:10:00+00:00,ABEV3.SA,15.4399995803833,15.479999542236328,15.420000076293945,15.460000038146973,245300
2026-04-06 18:15:00+00:00,ABEV3.SA,15.460000038146973,15.479999542236328,15.460000038146973,15.460000038146973,84600
2026-04-06 18:20:00+00:00,ABEV3.SA,15.470000267028809,15.479999542236328,15.449999809265137,15.460000038146973,172500
2026-04-06 18:25:00+00:00,ABEV3.SA,15.460000038146973,15.479999542236328,15.460000038146973,15.470000267028809,87200
2026-04-06 18:30:00+00:00,ABEV3.SA,15.470000267028809,15.479999542236328,15.449999809265137,15.460000038146973,162000
2026-04-06 18:35:00+00:00,ABEV3.SA,15.460000038146973,15.470000267028809,15.449999809265137,15.460000038146973,81600
2026-04-06 18:40:00+00:00,ABEV3.SA,15.470000267028809,15.470000267028809,15.449999809265137,15.460000038146973,105800
2026-04-06 18:45:00+00:00,ABEV3.SA,15.460000038146973,15.470000267028809,15.449999809265137,15.460000038146973,74500
2026-04-06 18:50:00+00:00,ABEV3.SA,15.460000038146973,15.470000267028809,15.460000038146973,15.470000267028809,55500
2026-04-06 18:55:00+00:00,ABEV3.SA,15.470000267028809,15.489999771118164,15.460000038146973,15.489999771118164,275900
2026-04-06 19:00:00+00:00,ABEV3.SA,15.489999771118164,15.5,15.479999542236328,15.479999542236328,146100
2026-04-06 19:05:00+00:00,ABEV3.SA,15.489999771118164,15.5,15.449999809265137,15.449999809265137,160500
2026-04-06 19:10:00+00:00,ABEV3.SA,15.460000038146973,15.470000267028809,15.449999809265137,15.470000267028809,55700
2026-04-06 19:15:00+00:00,ABEV3.SA,15.460000038146973,15.470000267028809,15.449999809265137,15.460000038146973,162800
2026-04-06 19:20:00+00:00,ABEV3.SA,15.470000267028809,15.470000267028809,15.430000305175781,15.470000267028809,318100
2026-04-06 19:25:00+00:00,ABEV3.SA,15.460000038146973,15.479999542236328,15.460000038146973,15.470000267028809,144600
2026-04-06 19:30:00+00:00,ABEV3.SA,15.479999542236328,15.5,15.470000267028809,15.479999542236328,264500
2026-04-06 19:35:00+00:00,ABEV3.SA,15.479999542236328,15.5,15.479999542236328,15.5,367300
2026-04-06 19:40:00+00:00,ABEV3.SA,15.489999771118164,15.5,15.479999542236328,15.489999771118164,254300
2026-04-06 19:45:00+00:00,ABEV3.SA,15.5,15.5,15.479999542236328,15.5,319700
2026-04-06 19:50:00+00:00,ABEV3.SA,15.489999771118164,15.5600004196167,15.479999542236328,15.489999771118164,321600
2026-04-07 13:00:00+00:00,ABEV3.SA,15.369999885559082,15.460000038146973,15.369999885559082,15.460000038146973,0
2026-04-07 13:05:00+00:00,ABEV3.SA,15.460000038146973,15.460000038146973,15.420000076293945,15.430000305175781,48300
2026-04-07 13:10:00+00:00,ABEV3.SA,15.420000076293945,15.4399995803833,15.34000015258789,15.350000381469727,202100
2026-04-07 13:15:00+00:00,ABEV3.SA,15.369999885559082,15.380000114440918,15.300000190734863,15.300000190734863,197500
2026-04-07 13:20:00+00:00,ABEV3.SA,15.300000190734863,15.329999923706055,15.289999961853027,15.319999694824219,229000
2026-04-07 13:25:00+00:00,ABEV3.SA,15.319999694824219,15.319999694824219,15.260000228881836,15.279999732971191,284400
2026-04-07 13:30:00+00:00,ABEV3.SA,15.279999732971191,15.279999732971191,15.25,15.260000228881836,285600
2026-04-07 13:35:00+00:00,ABEV3.SA,15.260000228881836,15.289999961853027,15.239999771118164,15.25,366300
2026-04-07 13:40:00+00:00,ABEV3.SA,15.260000228881836,15.300000190734863,15.25,15.279999732971191,685700
2026-04-07 13:45:00+00:00,ABEV3.SA,15.270000457763672,15.279999732971191,15.25,15.270000457763672,331700
2026-04-07 13:50:00+00:00,ABEV3.SA,15.270000457763672,15.300000190734863,15.260000228881836,15.289999961853027,188100
2026-04-07 13:55:00+00:00,ABEV3.SA,15.279999732971191,15.289999961853027,15.260000228881836,15.279999732971191,191400
2026-04-07 14:00:00+00:00,ABEV3.SA,15.279999732971191,15.289999961853027,15.25,15.260000228881836,242700
2026-04-07 14:05:00+00:00,ABEV3.SA,15.260000228881836,15.270000457763672,15.220000267028809,15.260000228881836,285300
2026-04-07 14:10:00+00:00,ABEV3.SA,15.260000228881836,15.279999732971191,15.25,15.270000457763672,74500
2026-04-07 14:15:00+00:00,ABEV3.SA,15.270000457763672,15.279999732971191,15.260000228881836,15.260000228881836,110100
2026-04-07 14:20:00+00:00,ABEV3.SA,15.270000457763672,15.3100004196167,15.270000457763672,15.3100004196167,174000
2026-04-07 14:25:00+00:00,ABEV3.SA,15.3100004196167,15.329999923706055,15.300000190734863,15.319999694824219,159500
2026-04-07 14:30:00+00:00,ABEV3.SA,15.319999694824219,15.359999656677246,15.300000190734863,15.359999656677246,143800
2026-04-07 14:35:00+00:00,ABEV3.SA,15.350000381469727,15.369999885559082,15.329999923706055,15.34000015258789,1227200
2026-04-07 14:40:00+00:00,ABEV3.SA,15.350000381469727,15.369999885559082,15.34000015258789,15.359999656677246,262200
2026-04-07 14:45:00+00:00,ABEV3.SA,15.350000381469727,15.390000343322754,15.350000381469727,15.369999885559082,202300
2026-04-07 14:50:00+00:00,ABEV3.SA,15.359999656677246,15.369999885559082,15.34000015258789,15.359999656677246,92700
2026-04-07 14:55:00+00:00,ABEV3.SA,15.359999656677246,15.359999656677246,15.3100004196167,15.3100004196167,255400
2026-04-07 15:00:00+00:00,ABEV3.SA,15.319999694824219,15.319999694824219,15.289999961853027,15.319999694824219,76400
2026-04-07 15:05:00+00:00,ABEV3.SA,15.3100004196167,15.3100004196167,15.239999771118164,15.25,176200
2026-04-07 15:10:00+00:00,ABEV3.SA,15.25,15.279999732971191,15.25,15.270000457763672,59900
2026-04-07 15:15:00+00:00,ABEV3.SA,15.279999732971191,15.329999923706055,15.270000457763672,15.3100004196167,196000
2026-04-07 15:20:00+00:00,ABEV3.SA,15.3100004196167,15.3100004196167,15.289999961853027,15.300000190734863,70700
2026-04-07 15:25:00+00:00,ABEV3.SA,15.289999961853027,15.3100004196167,15.279999732971191,15.300000190734863,87900
2026-04-07 15:30:00+00:00,ABEV3.SA,15.300000190734863,15.319999694824219,15.270000457763672,15.3100004196167,91700
2026-04-07 15:35:00+00:00,ABEV3.SA,15.300000190734863,15.319999694824219,15.279999732971191,15.289999961853027,109800
2026-04-07 15:40:00+00:00,ABEV3.SA,15.279999732971191,15.3100004196167,15.279999732971191,15.300000190734863,94200
2026-04-07 15:45:00+00:00,ABEV3.SA,15.289999961853027,15.3100004196167,15.279999732971191,15.279999732971191,117700
2026-04-07 15:50:00+00:00,ABEV3.SA,15.279999732971191,15.300000190734863,15.279999732971191,15.300000190734863,50800
2026-04-07 15:55:00+00:00,ABEV3.SA,15.300000190734863,15.300000190734863,15.279999732971191,15.300000190734863,298800
2026-04-07 16:00:00+00:00,ABEV3.SA,15.289999961853027,15.319999694824219,15.279999732971191,15.289999961853027,437200
2026-04-07 16:05:00+00:00,ABEV3.SA,15.289999961853027,15.3100004196167,15.289999961853027,15.300000190734863,80600
2026-04-07 16:10:00+00:00,ABEV3.SA,15.300000190734863,15.319999694824219,15.289999961853027,15.319999694824219,41000
2026-04-07 16:15:00+00:00,ABEV3.SA,15.3100004196167,15.319999694824219,15.300000190734863,15.3100004196167,47300
2026-04-07 16:20:00+00:00,ABEV3.SA,15.3100004196167,15.329999923706055,15.289999961853027,15.300000190734863,250400
2026-04-07 16:25:00+00:00,ABEV3.SA,15.3100004196167,15.329999923706055,15.300000190734863,15.329999923706055,149800
2026-04-07 16:30:00+00:00,ABEV3.SA,15.329999923706055,15.34000015258789,15.319999694824219,15.329999923706055,174300
2026-04-07 16:35:00+00:00,ABEV3.SA,15.319999694824219,15.329999923706055,15.3100004196167,15.329999923706055,89900
2026-04-07 16:40:00+00:00,ABEV3.SA,15.319999694824219,15.34000015258789,15.319999694824219,15.329999923706055,39100
2026-04-07 16:45:00+00:00,ABEV3.SA,15.329999923706055,15.350000381469727,15.319999694824219,15.350000381469727,147100
2026-04-07 16:50:00+00:00,ABEV3.SA,15.350000381469727,15.350000381469727,15.329999923706055,15.34000015258789,432400
2026-04-07 16:55:00+00:00,ABEV3.SA,15.34000015258789,15.350000381469727,15.329999923706055,15.329999923706055,153800
2026-04-07 17:00:00+00:00,ABEV3.SA,15.319999694824219,15.359999656677246,15.319999694824219,15.350000381469727,130200
2026-04-07 17:05:00+00:00,ABEV3.SA,15.350000381469727,15.359999656677246,15.34000015258789,15.34000015258789,157500
2026-04-07 17:10:00+00:00,ABEV3.SA,15.350000381469727,15.350000381469727,15.329999923706055,15.329999923706055,140400
2026-04-07 17:15:00+00:00,ABEV3.SA,15.329999923706055,15.350000381469727,15.329999923706055,15.34000015258789,45900
2026-04-07 17:20:00+00:00,ABEV3.SA,15.350000381469727,15.350000381469727,15.319999694824219,15.34000015258789,209300
2026-04-07 17:25:00+00:00,ABEV3.SA,15.34000015258789,15.350000381469727,15.319999694824219,15.319999694824219,47700
2026-04-07 17:30:00+00:00,ABEV3.SA,15.329999923706055,15.359999656677246,15.329999923706055,15.350000381469727,224300
2026-04-07 17:35:00+00:00,ABEV3.SA,15.34000015258789,15.390000343322754,15.34000015258789,15.369999885559082,392800
2026-04-07 17:40:00+00:00,ABEV3.SA,15.369999885559082,15.390000343322754,15.359999656677246,15.359999656677246,62200
2026-04-07 17:45:00+00:00,ABEV3.SA,15.380000114440918,15.380000114440918,15.359999656677246,15.380000114440918,55100
2026-04-07 17:50:00+00:00,ABEV3.SA,15.369999885559082,15.399999618530273,15.369999885559082,15.369999885559082,159100
2026-04-07 17:55:00+00:00,ABEV3.SA,15.369999885559082,15.380000114440918,15.359999656677246,15.369999885559082,114400
2026-04-07 18:00:00+00:00,ABEV3.SA,15.380000114440918,15.390000343322754,15.359999656677246,15.380000114440918,151400
2026-04-07 18:05:00+00:00,ABEV3.SA,15.380000114440918,15.390000343322754,15.359999656677246,15.390000343322754,73000
2026-04-07 18:10:00+00:00,ABEV3.SA,15.390000343322754,15.390000343322754,15.369999885559082,15.369999885559082,106900
2026-04-07 18:15:00+00:00,ABEV3.SA,15.369999885559082,15.380000114440918,15.369999885559082,15.369999885559082,101000
2026-04-07 18:20:00+00:00,ABEV3.SA,15.380000114440918,15.390000343322754,15.359999656677246,15.369999885559082,89900
2026-04-07 18:25:00+00:00,ABEV3.SA,15.359999656677246,15.380000114440918,15.359999656677246,15.380000114440918,36400
2026-04-07 18:30:00+00:00,ABEV3.SA,15.380000114440918,15.390000343322754,15.34000015258789,15.359999656677246,303800
2026-04-07 18:35:00+00:00,ABEV3.SA,15.350000381469727,15.359999656677246,15.34000015258789,15.34000015258789,82800
2026-04-07 18:40:00+00:00,ABEV3.SA,15.34000015258789,15.350000381469727,15.329999923706055,15.329999923706055,75200
2026-04-07 18:45:00+00:00,ABEV3.SA,15.329999923706055,15.350000381469727,15.329999923706055,15.34000015258789,50100
2026-04-07 18:50:00+00:00,ABEV3.SA,15.329999923706055,15.34000015258789,15.3100004196167,15.329999923706055,91200
2026-04-07 18:55:00+00:00,ABEV3.SA,15.319999694824219,15.329999923706055,15.289999961853027,15.329999923706055,263900
2026-04-07 19:00:00+00:00,ABEV3.SA,15.319999694824219,15.329999923706055,15.3100004196167,15.329999923706055,119900
2026-04-07 19:05:00+00:00,ABEV3.SA,15.329999923706055,15.34000015258789,15.3100004196167,15.319999694824219,98300
2026-04-07 19:10:00+00:00,ABEV3.SA,15.329999923706055,15.34000015258789,15.319999694824219,15.34000015258789,38000
2026-04-07 19:15:00+00:00,ABEV3.SA,15.34000015258789,15.399999618530273,15.319999694824219,15.390000343322754,245500
2026-04-07 19:20:00+00:00,ABEV3.SA,15.380000114440918,15.399999618530273,15.369999885559082,15.380000114440918,124100
2026-04-07 19:25:00+00:00,ABEV3.SA,15.390000343322754,15.399999618530273,15.369999885559082,15.390000343322754,180100
2026-04-07 19:30:00+00:00,ABEV3.SA,15.369999885559082,15.380000114440918,15.369999885559082,15.369999885559082,65800
2026-04-07 19:35:00+00:00,ABEV3.SA,15.369999885559082,15.369999885559082,15.34000015258789,15.34000015258789,385500
2026-04-07 19:40:00+00:00,ABEV3.SA,15.350000381469727,15.369999885559082,15.319999694824219,15.359999656677246,791900
2026-04-07 19:45:00+00:00,ABEV3.SA,15.359999656677246,15.40999984741211,15.350000381469727,15.399999618530273,755100
2026-04-07 19:50:00+00:00,ABEV3.SA,15.399999618530273,15.4399995803833,15.399999618530273,15.430000305175781,497100
2026-04-08 13:05:00+00:00,ABEV3.SA,15.960000038146973,15.960000038146973,15.649999618530273,15.649999618530273,159700
2026-04-08 13:20:00+00:00,ABEV3.SA,15.899999618530273,15.899999618530273,15.760000228881836,15.859999656677246,1383600
2026-04-08 13:25:00+00:00,ABEV3.SA,15.850000381469727,15.920000076293945,15.850000381469727,15.880000114440918,589900
2026-04-08 13:30:00+00:00,ABEV3.SA,15.899999618530273,15.90999984741211,15.789999961853027,15.819999694824219,1036700
2026-04-08 13:35:00+00:00,ABEV3.SA,15.84000015258789,15.850000381469727,15.779999732971191,15.8100004196167,838900
2026-04-08 13:40:00+00:00,ABEV3.SA,15.8100004196167,15.859999656677246,15.8100004196167,15.859999656677246,608400
2026-04-08 13:45:00+00:00,ABEV3.SA,15.859999656677246,15.920000076293945,15.8100004196167,15.90999984741211,850100
2026-04-08 13:50:00+00:00,ABEV3.SA,15.90999984741211,15.949999809265137,15.880000114440918,15.949999809265137,391800
2026-04-08 13:55:00+00:00,ABEV3.SA,15.949999809265137,15.989999771118164,15.930000305175781,15.970000267028809,695500
2026-04-08 14:00:00+00:00,ABEV3.SA,15.970000267028809,16.030000686645508,15.930000305175781,16.030000686645508,713400
2026-04-08 14:05:00+00:00,ABEV3.SA,16.010000228881836,16.030000686645508,15.949999809265137,15.970000267028809,433700
2026-04-08 14:10:00+00:00,ABEV3.SA,15.970000267028809,16.0,15.9399995803833,15.989999771118164,458100
2026-04-08 14:15:00+00:00,ABEV3.SA,16.0,16.040000915527344,15.970000267028809,15.979999542236328,450800
2026-04-08 14:20:00+00:00,ABEV3.SA,15.979999542236328,16.020000457763672,15.979999542236328,16.0,270700
2026-04-08 14:25:00+00:00,ABEV3.SA,15.989999771118164,16.010000228881836,15.949999809265137,15.970000267028809,458800
2026-04-08 14:30:00+00:00,ABEV3.SA,15.960000038146973,16.0,15.930000305175781,15.930000305175781,590900
2026-04-08 14:35:00+00:00,ABEV3.SA,15.9399995803833,15.979999542236328,15.920000076293945,15.9399995803833,1359600
2026-04-08 14:40:00+00:00,ABEV3.SA,15.949999809265137,15.989999771118164,15.949999809265137,15.949999809265137,309000
2026-04-08 14:45:00+00:00,ABEV3.SA,15.960000038146973,15.970000267028809,15.9399995803833,15.960000038146973,314000
2026-04-08 14:50:00+00:00,ABEV3.SA,15.970000267028809,15.979999542236328,15.9399995803833,15.960000038146973,820700
2026-04-08 14:55:00+00:00,ABEV3.SA,15.960000038146973,15.970000267028809,15.890000343322754,15.899999618530273,683000
2026-04-08 15:00:00+00:00,ABEV3.SA,15.90999984741211,15.920000076293945,15.869999885559082,15.899999618530273,1535800
2026-04-08 15:05:00+00:00,ABEV3.SA,15.890000343322754,15.920000076293945,15.880000114440918,15.890000343322754,800000
2026-04-08 15:10:00+00:00,ABEV3.SA,15.890000343322754,15.930000305175781,15.880000114440918,15.930000305175781,1539700
2026-04-08 15:15:00+00:00,ABEV3.SA,15.930000305175781,15.949999809265137,15.899999618530273,15.930000305175781,449700
2026-04-08 15:20:00+00:00,ABEV3.SA,15.920000076293945,15.9399995803833,15.920000076293945,15.9399995803833,138500
2026-04-08 15:25:00+00:00,ABEV3.SA,15.9399995803833,15.949999809265137,15.890000343322754,15.890000343322754,255700
2026-04-08 15:30:00+00:00,ABEV3.SA,15.890000343322754,15.90999984741211,15.890000343322754,15.899999618530273,126800
2026-04-08 15:35:00+00:00,ABEV3.SA,15.899999618530273,15.920000076293945,15.899999618530273,15.90999984741211,175200
2026-04-08 15:40:00+00:00,ABEV3.SA,15.899999618530273,15.90999984741211,15.890000343322754,15.899999618530273,97600
2026-04-08 15:45:00+00:00,ABEV3.SA,15.90999984741211,15.920000076293945,15.899999618530273,15.899999618530273,199300
2026-04-08 15:50:00+00:00,ABEV3.SA,15.899999618530273,15.930000305175781,15.899999618530273,15.90999984741211,134700
2026-04-08 15:55:00+00:00,ABEV3.SA,15.90999984741211,15.9399995803833,15.899999618530273,15.920000076293945,134800
2026-04-08 16:00:00+00:00,ABEV3.SA,15.930000305175781,15.9399995803833,15.899999618530273,15.90999984741211,205200
2026-04-08 16:05:00+00:00,ABEV3.SA,15.90999984741211,15.930000305175781,15.890000343322754,15.90999984741211,209700
2026-04-08 16:10:00+00:00,ABEV3.SA,15.90999984741211,15.9399995803833,15.90999984741211,15.90999984741211,173200
2026-04-08 16:15:00+00:00,ABEV3.SA,15.90999984741211,15.920000076293945,15.890000343322754,15.90999984741211,116500
2026-04-08 16:20:00+00:00,ABEV3.SA,15.920000076293945,15.920000076293945,15.899999618530273,15.920000076293945,114900
2026-04-08 16:25:00+00:00,ABEV3.SA,15.90999984741211,15.920000076293945,15.899999618530273,15.90999984741211,137500
2026-04-08 16:30:00+00:00,ABEV3.SA,15.90999984741211,15.920000076293945,15.899999618530273,15.899999618530273,225100
2026-04-08 16:35:00+00:00,ABEV3.SA,15.899999618530273,15.920000076293945,15.899999618530273,15.899999618530273,173700
2026-04-08 16:40:00+00:00,ABEV3.SA,15.90999984741211,15.9399995803833,15.899999618530273,15.930000305175781,210500
2026-04-08 16:45:00+00:00,ABEV3.SA,15.930000305175781,15.9399995803833,15.920000076293945,15.920000076293945,159300
2026-04-08 16:50:00+00:00,ABEV3.SA,15.920000076293945,15.9399995803833,15.920000076293945,15.930000305175781,115300
2026-04-08 16:55:00+00:00,ABEV3.SA,15.920000076293945,15.9399995803833,15.920000076293945,15.920000076293945,119200
2026-04-08 17:00:00+00:00,ABEV3.SA,15.930000305175781,15.949999809265137,15.920000076293945,15.930000305175781,339800
2026-04-08 17:05:00+00:00,ABEV3.SA,15.9399995803833,15.960000038146973,15.930000305175781,15.930000305175781,181200
2026-04-08 17:10:00+00:00,ABEV3.SA,15.920000076293945,15.949999809265137,15.920000076293945,15.9399995803833,209800
2026-04-08 17:15:00+00:00,ABEV3.SA,15.9399995803833,15.949999809265137,15.920000076293945,15.930000305175781,198800
2026-04-08 17:20:00+00:00,ABEV3.SA,15.930000305175781,15.949999809265137,15.90999984741211,15.920000076293945,229300
2026-04-08 17:25:00+00:00,ABEV3.SA,15.930000305175781,15.9399995803833,15.90999984741211,15.90999984741211,259500
2026-04-08 17:30:00+00:00,ABEV3.SA,15.90999984741211,15.9399995803833,15.899999618530273,15.9399995803833,207500
2026-04-08 17:35:00+00:00,ABEV3.SA,15.930000305175781,15.949999809265137,15.920000076293945,15.930000305175781,192600
2026-04-08 17:40:00+00:00,ABEV3.SA,15.930000305175781,15.960000038146973,15.930000305175781,15.9399995803833,119500
2026-04-08 17:45:00+00:00,ABEV3.SA,15.9399995803833,15.949999809265137,15.930000305175781,15.930000305175781,156800
2026-04-08 17:50:00+00:00,ABEV3.SA,15.9399995803833,15.960000038146973,15.930000305175781,15.9399995803833,231300
2026-04-08 17:55:00+00:00,ABEV3.SA,15.9399995803833,15.949999809265137,15.930000305175781,15.930000305175781,176200
2026-04-08 18:00:00+00:00,ABEV3.SA,15.930000305175781,15.960000038146973,15.920000076293945,15.949999809265137,257600
2026-04-08 18:05:00+00:00,ABEV3.SA,15.960000038146973,15.970000267028809,15.9399995803833,15.949999809265137,302500
2026-04-08 18:10:00+00:00,ABEV3.SA,15.960000038146973,15.960000038146973,15.930000305175781,15.930000305175781,139300
2026-04-08 18:15:00+00:00,ABEV3.SA,15.9399995803833,15.970000267028809,15.899999618530273,15.899999618530273,228200
2026-04-08 18:20:00+00:00,ABEV3.SA,15.899999618530273,15.930000305175781,15.899999618530273,15.90999984741211,122000
2026-04-08 18:25:00+00:00,ABEV3.SA,15.90999984741211,15.930000305175781,15.90999984741211,15.930000305175781,147400
2026-04-08 18:30:00+00:00,ABEV3.SA,15.930000305175781,15.9399995803833,15.90999984741211,15.920000076293945,139900
2026-04-08 18:35:00+00:00,ABEV3.SA,15.930000305175781,15.930000305175781,15.880000114440918,15.880000114440918,358100
2026-04-08 18:40:00+00:00,ABEV3.SA,15.890000343322754,15.899999618530273,15.869999885559082,15.890000343322754,148600
2026-04-08 18:45:00+00:00,ABEV3.SA,15.890000343322754,15.90999984741211,15.880000114440918,15.890000343322754,131700
2026-04-08 18:50:00+00:00,ABEV3.SA,15.890000343322754,15.899999618530273,15.880000114440918,15.880000114440918,176400
2026-04-08 18:55:00+00:00,ABEV3.SA,15.890000343322754,15.899999618530273,15.880000114440918,15.890000343322754,152900
2026-04-08 19:00:00+00:00,ABEV3.SA,15.890000343322754,15.890000343322754,15.850000381469727,15.869999885559082,387400
2026-04-08 19:05:00+00:00,ABEV3.SA,15.859999656677246,15.880000114440918,15.859999656677246,15.880000114440918,148900
2026-04-08 19:10:00+00:00,ABEV3.SA,15.869999885559082,15.890000343322754,15.869999885559082,15.880000114440918,193200
2026-04-08 19:15:00+00:00,ABEV3.SA,15.890000343322754,15.899999618530273,15.869999885559082,15.890000343322754,233800
2026-04-08 19:20:00+00:00,ABEV3.SA,15.890000343322754,15.899999618530273,15.880000114440918,15.890000343322754,194500
2026-04-08 19:25:00+00:00,ABEV3.SA,15.899999618530273,15.949999809265137,15.869999885559082,15.9399995803833,1697200
2026-04-08 19:30:00+00:00,ABEV3.SA,15.949999809265137,15.970000267028809,15.9399995803833,15.960000038146973,454700
2026-04-08 19:35:00+00:00,ABEV3.SA,15.960000038146973,15.989999771118164,15.930000305175781,15.930000305175781,908000
2026-04-08 19:40:00+00:00,ABEV3.SA,15.9399995803833,15.9399995803833,15.920000076293945,15.930000305175781,562600
2026-04-08 19:45:00+00:00,ABEV3.SA,15.930000305175781,15.949999809265137,15.930000305175781,15.930000305175781,541100
2026-04-08 19:50:00+00:00,ABEV3.SA,15.949999809265137,15.949999809265137,15.90999984741211,15.90999984741211,635600
2026-04-09 13:05:00+00:00,ABEV3.SA,15.989999771118164,15.989999771118164,15.890000343322754,15.899999618530273,74100
2026-04-09 13:10:00+00:00,ABEV3.SA,15.90999984741211,15.920000076293945,15.859999656677246,15.869999885559082,136900
2026-04-09 13:15:00+00:00,ABEV3.SA,15.869999885559082,15.890000343322754,15.859999656677246,15.859999656677246,101400
2026-04-09 13:20:00+00:00,ABEV3.SA,15.859999656677246,15.920000076293945,15.850000381469727,15.890000343322754,1445100
2026-04-09 13:25:00+00:00,ABEV3.SA,15.890000343322754,15.949999809265137,15.890000343322754,15.930000305175781,676700
2026-04-09 13:30:00+00:00,ABEV3.SA,15.9399995803833,16.030000686645508,15.930000305175781,16.010000228881836,909700
2026-04-09 13:35:00+00:00,ABEV3.SA,16.0,16.040000915527344,16.0,16.040000915527344,114100
2026-04-09 13:40:00+00:00,ABEV3.SA,16.030000686645508,16.06999969482422,16.030000686645508,16.049999237060547,134300
2026-04-09 13:45:00+00:00,ABEV3.SA,16.049999237060547,16.100000381469727,16.040000915527344,16.079999923706055,127800
2026-04-09 13:50:00+00:00,ABEV3.SA,16.09000015258789,16.09000015258789,16.040000915527344,16.059999465942383,279300
2026-04-09 13:55:00+00:00,ABEV3.SA,16.059999465942383,16.06999969482422,16.049999237060547,16.059999465942383,163400
2026-04-09 14:00:00+00:00,ABEV3.SA,16.059999465942383,16.09000015258789,16.059999465942383,16.09000015258789,249600
2026-04-09 14:05:00+00:00,ABEV3.SA,16.079999923706055,16.09000015258789,16.059999465942383,16.06999969482422,161500
2026-04-09 14:10:00+00:00,ABEV3.SA,16.079999923706055,16.079999923706055,16.049999237060547,16.06999969482422,151900
2026-04-09 14:15:00+00:00,ABEV3.SA,16.059999465942383,16.079999923706055,15.989999771118164,15.989999771118164,370600
2026-04-09 14:20:00+00:00,ABEV3.SA,16.0,16.020000457763672,15.989999771118164,16.010000228881836,164500
2026-04-09 14:25:00+00:00,ABEV3.SA,16.0,16.010000228881836,15.970000267028809,15.979999542236328,472200
2026-04-09 14:30:00+00:00,ABEV3.SA,15.970000267028809,16.010000228881836,15.970000267028809,16.0,369400
2026-04-09 14:35:00+00:00,ABEV3.SA,16.0,16.020000457763672,15.979999542236328,16.020000457763672,680500
2026-04-09 14:40:00+00:00,ABEV3.SA,16.020000457763672,16.059999465942383,16.010000228881836,16.040000915527344,179000
2026-04-09 14:45:00+00:00,ABEV3.SA,16.049999237060547,16.06999969482422,16.030000686645508,16.059999465942383,258000
2026-04-09 14:50:00+00:00,ABEV3.SA,16.049999237060547,16.079999923706055,16.049999237060547,16.079999923706055,77000
2026-04-09 14:55:00+00:00,ABEV3.SA,16.06999969482422,16.09000015258789,16.059999465942383,16.079999923706055,446200
2026-04-09 15:00:00+00:00,ABEV3.SA,16.079999923706055,16.079999923706055,16.049999237060547,16.06999969482422,309300
2026-04-09 15:05:00+00:00,ABEV3.SA,16.079999923706055,16.100000381469727,16.06999969482422,16.100000381469727,127000
2026-04-09 15:10:00+00:00,ABEV3.SA,16.09000015258789,16.1200008392334,16.09000015258789,16.110000610351562,127300
2026-04-09 15:15:00+00:00,ABEV3.SA,16.1200008392334,16.15999984741211,16.110000610351562,16.15999984741211,419800
2026-04-09 15:20:00+00:00,ABEV3.SA,16.15999984741211,16.190000534057617,16.149999618530273,16.190000534057617,473000
2026-04-09 15:25:00+00:00,ABEV3.SA,16.18000030517578,16.190000534057617,16.15999984741211,16.170000076293945,254200
2026-04-09 15:30:00+00:00,ABEV3.SA,16.170000076293945,16.219999313354492,16.15999984741211,16.209999084472656,2933100
2026-04-09 15:35:00+00:00,ABEV3.SA,16.209999084472656,16.229999542236328,16.190000534057617,16.200000762939453,265200
2026-04-09 15:40:00+00:00,ABEV3.SA,16.200000762939453,16.219999313354492,16.15999984741211,16.170000076293945,434800
2026-04-09 15:45:00+00:00,ABEV3.SA,16.15999984741211,16.200000762939453,16.149999618530273,16.200000762939453,507200
2026-04-09 15:50:00+00:00,ABEV3.SA,16.200000762939453,16.209999084472656,16.18000030517578,16.200000762939453,293000
2026-04-09 15:55:00+00:00,ABEV3.SA,16.190000534057617,16.200000762939453,16.190000534057617,16.200000762939453,141500
2026-04-09 16:00:00+00:00,ABEV3.SA,16.200000762939453,16.219999313354492,16.190000534057617,16.219999313354492,243200
2026-04-09 16:05:00+00:00,ABEV3.SA,16.219999313354492,16.229999542236328,16.200000762939453,16.200000762939453,300300
2026-04-09 16:10:00+00:00,ABEV3.SA,16.209999084472656,16.219999313354492,16.200000762939453,16.209999084472656,123600
2026-04-09 16:15:00+00:00,ABEV3.SA,16.209999084472656,16.229999542236328,16.190000534057617,16.219999313354492,257000
2026-04-09 16:20:00+00:00,ABEV3.SA,16.219999313354492,16.219999313354492,16.18000030517578,16.18000030517578,464100
2026-04-09 16:25:00+00:00,ABEV3.SA,16.190000534057617,16.190000534057617,16.170000076293945,16.190000534057617,200500
2026-04-09 16:30:00+00:00,ABEV3.SA,16.190000534057617,16.190000534057617,16.18000030517578,16.190000534057617,246100
2026-04-09 16:35:00+00:00,ABEV3.SA,16.190000534057617,16.209999084472656,16.18000030517578,16.200000762939453,187000
2026-04-09 16:40:00+00:00,ABEV3.SA,16.209999084472656,16.209999084472656,16.170000076293945,16.190000534057617,970000
2026-04-09 16:45:00+00:00,ABEV3.SA,16.190000534057617,16.190000534057617,16.170000076293945,16.170000076293945,140500
2026-04-09 16:50:00+00:00,ABEV3.SA,16.18000030517578,16.209999084472656,16.170000076293945,16.200000762939453,225000
2026-04-09 16:55:00+00:00,ABEV3.SA,16.200000762939453,16.200000762939453,16.190000534057617,16.200000762939453,177000
2026-04-09 17:00:00+00:00,ABEV3.SA,16.200000762939453,16.200000762939453,16.190000534057617,16.200000762939453,110000
2026-04-09 17:05:00+00:00,ABEV3.SA,16.200000762939453,16.200000762939453,16.170000076293945,16.190000534057617,198800
2026-04-09 17:10:00+00:00,ABEV3.SA,16.190000534057617,16.190000534057617,16.170000076293945,16.190000534057617,252800
2026-04-09 17:15:00+00:00,ABEV3.SA,16.18000030517578,16.200000762939453,16.18000030517578,16.200000762939453,183400
2026-04-09 17:20:00+00:00,ABEV3.SA,16.200000762939453,16.229999542236328,16.190000534057617,16.229999542236328,387200
2026-04-09 17:25:00+00:00,ABEV3.SA,16.219999313354492,16.229999542236328,16.200000762939453,16.209999084472656,204200
2026-04-09 17:30:00+00:00,ABEV3.SA,16.209999084472656,16.219999313354492,16.200000762939453,16.209999084472656,233200
2026-04-09 17:35:00+00:00,ABEV3.SA,16.200000762939453,16.239999771118164,16.200000762939453,16.239999771118164,441300
2026-04-09 17:40:00+00:00,ABEV3.SA,16.229999542236328,16.239999771118164,16.200000762939453,16.200000762939453,229600
2026-04-09 17:45:00+00:00,ABEV3.SA,16.209999084472656,16.239999771118164,16.200000762939453,16.239999771118164,297300
2026-04-09 17:50:00+00:00,ABEV3.SA,16.229999542236328,16.25,16.229999542236328,16.25,318200
2026-04-09 17:55:00+00:00,ABEV3.SA,16.25,16.25,16.219999313354492,16.219999313354492,321600
2026-04-09 18:00:00+00:00,ABEV3.SA,16.229999542236328,16.229999542236328,16.170000076293945,16.18000030517578,764900
2026-04-09 18:05:00+00:00,ABEV3.SA,16.18000030517578,16.209999084472656,16.18000030517578,16.190000534057617,326100
2026-04-09 18:10:00+00:00,ABEV3.SA,16.190000534057617,16.200000762939453,16.170000076293945,16.18000030517578,269400
2026-04-09 18:15:00+00:00,ABEV3.SA,16.18000030517578,16.190000534057617,16.170000076293945,16.190000534057617,291300
2026-04-09 18:20:00+00:00,ABEV3.SA,16.18000030517578,16.190000534057617,16.15999984741211,16.18000030517578,201500
2026-04-09 18:25:00+00:00,ABEV3.SA,16.170000076293945,16.190000534057617,16.170000076293945,16.190000534057617,290300
2026-04-09 18:30:00+00:00,ABEV3.SA,16.170000076293945,16.190000534057617,16.170000076293945,16.170000076293945,302000
2026-04-09 18:35:00+00:00,ABEV3.SA,16.170000076293945,16.200000762939453,16.170000076293945,16.200000762939453,315700
2026-04-09 18:40:00+00:00,ABEV3.SA,16.200000762939453,16.209999084472656,16.190000534057617,16.200000762939453,313700
2026-04-09 18:45:00+00:00,ABEV3.SA,16.190000534057617,16.209999084472656,16.190000534057617,16.209999084472656,378100
2026-04-09 18:50:00+00:00,ABEV3.SA,16.200000762939453,16.219999313354492,16.18000030517578,16.18000030517578,317600
2026-04-09 18:55:00+00:00,ABEV3.SA,16.200000762939453,16.200000762939453,16.18000030517578,16.18000030517578,156600
2026-04-09 19:00:00+00:00,ABEV3.SA,16.190000534057617,16.209999084472656,16.15999984741211,16.200000762939453,459600
2026-04-09 19:05:00+00:00,ABEV3.SA,16.209999084472656,16.209999084472656,16.190000534057617,16.200000762939453,354100
2026-04-09 19:10:00+00:00,ABEV3.SA,16.190000534057617,16.200000762939453,16.15999984741211,16.15999984741211,467500
2026-04-09 19:15:00+00:00,ABEV3.SA,16.170000076293945,16.190000534057617,16.149999618530273,16.190000534057617,606400
2026-04-09 19:20:00+00:00,ABEV3.SA,16.190000534057617,16.209999084472656,16.170000076293945,16.200000762939453,537900
2026-04-09 19:25:00+00:00,ABEV3.SA,16.190000534057617,16.200000762939453,16.18000030517578,16.18000030517578,492200
2026-04-09 19:30:00+00:00,ABEV3.SA,16.18000030517578,16.200000762939453,16.18000030517578,16.18000030517578,430200
2026-04-09 19:35:00+00:00,ABEV3.SA,16.190000534057617,16.190000534057617,16.149999618530273,16.149999618530273,683300
2026-04-09 19:40:00+00:00,ABEV3.SA,16.149999618530273,16.170000076293945,16.139999389648438,16.139999389648438,729600
2026-04-09 19:45:00+00:00,ABEV3.SA,16.139999389648438,16.149999618530273,16.1299991607666,16.1299991607666,597800
2026-04-09 19:50:00+00:00,ABEV3.SA,16.1299991607666,16.15999984741211,16.110000610351562,16.1200008392334,665100
2026-04-10 13:00:00+00:00,ABEV3.SA,16.299999237060547,16.34000015258789,16.200000762939453,16.229999542236328,0
2026-04-10 13:05:00+00:00,ABEV3.SA,16.229999542236328,16.239999771118164,16.190000534057617,16.209999084472656,91100
2026-04-10 13:10:00+00:00,ABEV3.SA,16.209999084472656,16.260000228881836,16.190000534057617,16.219999313354492,92700
2026-04-10 13:15:00+00:00,ABEV3.SA,16.219999313354492,16.25,16.209999084472656,16.229999542236328,76500
2026-04-10 13:20:00+00:00,ABEV3.SA,16.229999542236328,16.239999771118164,16.209999084472656,16.239999771118164,65200
2026-04-10 13:25:00+00:00,ABEV3.SA,16.239999771118164,16.25,16.209999084472656,16.219999313354492,51300
2026-04-10 13:30:00+00:00,ABEV3.SA,16.229999542236328,16.229999542236328,16.110000610351562,16.1200008392334,680400
2026-04-10 13:35:00+00:00,ABEV3.SA,16.1200008392334,16.18000030517578,16.110000610351562,16.139999389648438,390100
2026-04-10 13:40:00+00:00,ABEV3.SA,16.139999389648438,16.209999084472656,16.139999389648438,16.209999084472656,334000
2026-04-10 13:45:00+00:00,ABEV3.SA,16.200000762939453,16.25,16.190000534057617,16.229999542236328,233500
2026-04-10 13:50:00+00:00,ABEV3.SA,16.229999542236328,16.239999771118164,16.200000762939453,16.229999542236328,284000
2026-04-10 13:55:00+00:00,ABEV3.SA,16.229999542236328,16.280000686645508,16.219999313354492,16.260000228881836,233400
2026-04-10 14:00:00+00:00,ABEV3.SA,16.270000457763672,16.309999465942383,16.260000228881836,16.309999465942383,348300
2026-04-10 14:05:00+00:00,ABEV3.SA,16.299999237060547,16.309999465942383,16.229999542236328,16.239999771118164,245700
2026-04-10 14:10:00+00:00,ABEV3.SA,16.25,16.270000457763672,16.219999313354492,16.25,248000
2026-04-10 14:15:00+00:00,ABEV3.SA,16.25,16.280000686645508,16.239999771118164,16.25,199600
2026-04-10 14:20:00+00:00,ABEV3.SA,16.270000457763672,16.280000686645508,16.25,16.280000686645508,323700
2026-04-10 14:25:00+00:00,ABEV3.SA,16.270000457763672,16.280000686645508,16.229999542236328,16.25,178300
2026-04-10 14:30:00+00:00,ABEV3.SA,16.25,16.25,16.219999313354492,16.219999313354492,85700
2026-04-10 14:35:00+00:00,ABEV3.SA,16.229999542236328,16.229999542236328,16.209999084472656,16.219999313354492,84000
2026-04-10 14:40:00+00:00,ABEV3.SA,16.209999084472656,16.229999542236328,16.190000534057617,16.190000534057617,312900
2026-04-10 14:45:00+00:00,ABEV3.SA,16.190000534057617,16.209999084472656,16.190000534057617,16.190000534057617,132600
2026-04-10 14:50:00+00:00,ABEV3.SA,16.190000534057617,16.209999084472656,16.18000030517578,16.18000030517578,238700
2026-04-10 14:55:00+00:00,ABEV3.SA,16.190000534057617,16.200000762939453,16.18000030517578,16.200000762939453,178600
2026-04-10 15:00:00+00:00,ABEV3.SA,16.190000534057617,16.200000762939453,16.149999618530273,16.18000030517578,209600
2026-04-10 15:05:00+00:00,ABEV3.SA,16.18000030517578,16.200000762939453,16.170000076293945,16.200000762939453,161100
2026-04-10 15:10:00+00:00,ABEV3.SA,16.18000030517578,16.209999084472656,16.18000030517578,16.209999084472656,234600
2026-04-10 15:15:00+00:00,ABEV3.SA,16.209999084472656,16.219999313354492,16.170000076293945,16.18000030517578,821800
2026-04-10 15:20:00+00:00,ABEV3.SA,16.18000030517578,16.200000762939453,16.18000030517578,16.200000762939453,132800
2026-04-10 15:25:00+00:00,ABEV3.SA,16.190000534057617,16.200000762939453,16.15999984741211,16.15999984741211,224100
2026-04-10 15:30:00+00:00,ABEV3.SA,16.170000076293945,16.18000030517578,16.149999618530273,16.15999984741211,182400
2026-04-10 15:35:00+00:00,ABEV3.SA,16.15999984741211,16.170000076293945,16.139999389648438,16.139999389648438,99700
2026-04-10 15:40:00+00:00,ABEV3.SA,16.149999618530273,16.149999618530273,16.1200008392334,16.149999618530273,347700
2026-04-10 15:45:00+00:00,ABEV3.SA,16.139999389648438,16.149999618530273,16.100000381469727,16.100000381469727,697000
2026-04-10 15:50:00+00:00,ABEV3.SA,16.1200008392334,16.1299991607666,16.110000610351562,16.1200008392334,99400
2026-04-10 15:55:00+00:00,ABEV3.SA,16.1200008392334,16.1299991607666,16.100000381469727,16.1200008392334,172300
2026-04-10 16:00:00+00:00,ABEV3.SA,16.110000610351562,16.1200008392334,16.110000610351562,16.110000610351562,76300
2026-04-10 16:05:00+00:00,ABEV3.SA,16.1200008392334,16.1299991607666,16.100000381469727,16.110000610351562,105500
2026-04-10 16:10:00+00:00,ABEV3.SA,16.1200008392334,16.1299991607666,16.110000610351562,16.110000610351562,110300
2026-04-10 16:15:00+00:00,ABEV3.SA,16.1200008392334,16.139999389648438,16.110000610351562,16.110000610351562,126600
2026-04-10 16:20:00+00:00,ABEV3.SA,16.110000610351562,16.1200008392334,16.079999923706055,16.079999923706055,156600
2026-04-10 16:25:00+00:00,ABEV3.SA,16.079999923706055,16.100000381469727,16.06999969482422,16.079999923706055,136500
2026-04-10 16:30:00+00:00,ABEV3.SA,16.06999969482422,16.09000015258789,16.06999969482422,16.09000015258789,84200
2026-04-10 16:35:00+00:00,ABEV3.SA,16.09000015258789,16.09000015258789,16.049999237060547,16.059999465942383,301200
2026-04-10 16:40:00+00:00,ABEV3.SA,16.059999465942383,16.06999969482422,16.049999237060547,16.06999969482422,137400
2026-04-10 16:45:00+00:00,ABEV3.SA,16.059999465942383,16.06999969482422,16.040000915527344,16.059999465942383,144700
2026-04-10 16:50:00+00:00,ABEV3.SA,16.059999465942383,16.079999923706055,16.049999237060547,16.06999969482422,157200
2026-04-10 16:55:00+00:00,ABEV3.SA,16.079999923706055,16.079999923706055,16.06999969482422,16.06999969482422,128800
2026-04-10 17:00:00+00:00,ABEV3.SA,16.079999923706055,16.079999923706055,16.049999237060547,16.059999465942383,90500
2026-04-10 17:05:00+00:00,ABEV3.SA,16.059999465942383,16.09000015258789,16.049999237060547,16.06999969482422,234100
2026-04-10 17:10:00+00:00,ABEV3.SA,16.079999923706055,16.09000015258789,16.049999237060547,16.049999237060547,401400
2026-04-10 17:15:00+00:00,ABEV3.SA,16.059999465942383,16.06999969482422,16.049999237060547,16.059999465942383,182700
2026-04-10 17:20:00+00:00,ABEV3.SA,16.059999465942383,16.06999969482422,16.059999465942383,16.059999465942383,91000
2026-04-10 17:25:00+00:00,ABEV3.SA,16.06999969482422,16.06999969482422,16.040000915527344,16.040000915527344,166000
2026-04-10 17:30:00+00:00,ABEV3.SA,16.040000915527344,16.06999969482422,16.040000915527344,16.059999465942383,247200
2026-04-10 17:35:00+00:00,ABEV3.SA,16.059999465942383,16.079999923706055,16.059999465942383,16.06999969482422,136200
2026-04-10 17:40:00+00:00,ABEV3.SA,16.059999465942383,16.06999969482422,16.049999237060547,16.06999969482422,153100
2026-04-10 17:45:00+00:00,ABEV3.SA,16.059999465942383,16.079999923706055,16.059999465942383,16.06999969482422,154800
2026-04-10 17:50:00+00:00,ABEV3.SA,16.059999465942383,16.079999923706055,16.059999465942383,16.06999969482422,114900
2026-04-10 17:55:00+00:00,ABEV3.SA,16.059999465942383,16.079999923706055,16.059999465942383,16.079999923706055,149800
2026-04-10 18:00:00+00:00,ABEV3.SA,16.06999969482422,16.09000015258789,16.059999465942383,16.06999969482422,152500
2026-04-10 18:05:00+00:00,ABEV3.SA,16.059999465942383,16.06999969482422,16.049999237060547,16.059999465942383,146300
2026-04-10 18:10:00+00:00,ABEV3.SA,16.06999969482422,16.079999923706055,16.059999465942383,16.079999923706055,160900
2026-04-10 18:15:00+00:00,ABEV3.SA,16.079999923706055,16.09000015258789,16.059999465942383,16.079999923706055,307300
2026-04-10 18:20:00+00:00,ABEV3.SA,16.079999923706055,16.110000610351562,16.06999969482422,16.110000610351562,369400
2026-04-10 18:25:00+00:00,ABEV3.SA,16.110000610351562,16.1200008392334,16.09000015258789,16.110000610351562,268000
2026-04-10 18:30:00+00:00,ABEV3.SA,16.1200008392334,16.1299991607666,16.100000381469727,16.1299991607666,688400
2026-04-10 18:35:00+00:00,ABEV3.SA,16.1299991607666,16.139999389648438,16.1200008392334,16.1299991607666,392300
2026-04-10 18:40:00+00:00,ABEV3.SA,16.1200008392334,16.1299991607666,16.100000381469727,16.110000610351562,158500
2026-04-10 18:45:00+00:00,ABEV3.SA,16.110000610351562,16.139999389648438,16.100000381469727,16.110000610351562,400600
2026-04-10 18:50:00+00:00,ABEV3.SA,16.110000610351562,16.110000610351562,16.079999923706055,16.100000381469727,130800
2026-04-10 18:55:00+00:00,ABEV3.SA,16.100000381469727,16.100000381469727,16.079999923706055,16.09000015258789,179700
2026-04-10 19:00:00+00:00,ABEV3.SA,16.09000015258789,16.100000381469727,16.079999923706055,16.09000015258789,174700
2026-04-10 19:05:00+00:00,ABEV3.SA,16.100000381469727,16.100000381469727,16.079999923706055,16.09000015258789,212700
2026-04-10 19:10:00+00:00,ABEV3.SA,16.09000015258789,16.100000381469727,16.079999923706055,16.09000015258789,227600
2026-04-10 19:15:00+00:00,ABEV3.SA,16.09000015258789,16.1200008392334,16.079999923706055,16.110000610351562,337400
2026-04-10 19:20:00+00:00,ABEV3.SA,16.1200008392334,16.1200008392334,16.09000015258789,16.100000381469727,492700
2026-04-10 19:25:00+00:00,ABEV3.SA,16.09000015258789,16.100000381469727,16.079999923706055,16.09000015258789,183800
2026-04-10 19:30:00+00:00,ABEV3.SA,16.09000015258789,16.110000610351562,16.09000015258789,16.110000610351562,244500
2026-04-10 19:35:00+00:00,ABEV3.SA,16.110000610351562,16.139999389648438,16.100000381469727,16.1299991607666,408500
2026-04-10 19:40:00+00:00,ABEV3.SA,16.1200008392334,16.149999618530273,16.1200008392334,16.139999389648438,322000
2026-04-10 19:45:00+00:00,ABEV3.SA,16.149999618530273,16.149999618530273,16.1200008392334,16.1200008392334,360600
2026-04-10 19:50:00+00:00,ABEV3.SA,16.1299991607666,16.15999984741211,16.1200008392334,16.15999984741211,534000
2026-04-13 13:05:00+00:00,ABEV3.SA,16.1200008392334,16.190000534057617,16.030000686645508,16.059999465942383,85500
2026-04-13 13:10:00+00:00,ABEV3.SA,16.059999465942383,16.079999923706055,15.989999771118164,16.030000686645508,139500
2026-04-13 13:15:00+00:00,ABEV3.SA,16.010000228881836,16.040000915527344,15.989999771118164,16.0,132600
2026-04-13 13:20:00+00:00,ABEV3.SA,15.989999771118164,16.030000686645508,15.979999542236328,16.020000457763672,97500
2026-04-13 13:25:00+00:00,ABEV3.SA,16.020000457763672,16.049999237060547,16.020000457763672,16.040000915527344,102200
2026-04-13 13:30:00+00:00,ABEV3.SA,16.040000915527344,16.049999237060547,16.0,16.030000686645508,222600
2026-04-13 13:35:00+00:00,ABEV3.SA,16.030000686645508,16.040000915527344,15.970000267028809,15.989999771118164,300700
2026-04-13 13:40:00+00:00,ABEV3.SA,15.979999542236328,16.0,15.9399995803833,15.9399995803833,318100
2026-04-13 13:45:00+00:00,ABEV3.SA,15.9399995803833,15.960000038146973,15.90999984741211,15.9399995803833,515100
2026-04-13 13:50:00+00:00,ABEV3.SA,15.930000305175781,16.0,15.899999618530273,15.920000076293945,858800
2026-04-13 13:55:00+00:00,ABEV3.SA,15.920000076293945,15.9399995803833,15.920000076293945,15.930000305175781,239700
2026-04-13 14:00:00+00:00,ABEV3.SA,15.930000305175781,15.960000038146973,15.859999656677246,15.890000343322754,560300
2026-04-13 14:05:00+00:00,ABEV3.SA,15.890000343322754,15.899999618530273,15.869999885559082,15.890000343322754,145900
2026-04-13 14:10:00+00:00,ABEV3.SA,15.880000114440918,15.890000343322754,15.869999885559082,15.880000114440918,223000
2026-04-13 14:15:00+00:00,ABEV3.SA,15.880000114440918,15.890000343322754,15.859999656677246,15.859999656677246,190800
2026-04-13 14:20:00+00:00,ABEV3.SA,15.859999656677246,15.890000343322754,15.850000381469727,15.869999885559082,326000
2026-04-13 14:25:00+00:00,ABEV3.SA,15.869999885559082,15.90999984741211,15.869999885559082,15.869999885559082,225400
2026-04-13 14:30:00+00:00,ABEV3.SA,15.880000114440918,15.899999618530273,15.869999885559082,15.880000114440918,128200
2026-04-13 14:35:00+00:00,ABEV3.SA,15.890000343322754,15.90999984741211,15.880000114440918,15.899999618530273,182000
2026-04-13 14:40:00+00:00,ABEV3.SA,15.899999618530273,15.920000076293945,15.899999618530273,15.90999984741211,97700
2026-04-13 14:45:00+00:00,ABEV3.SA,15.90999984741211,15.920000076293945,15.890000343322754,15.890000343322754,180700
2026-04-13 14:50:00+00:00,ABEV3.SA,15.899999618530273,15.90999984741211,15.890000343322754,15.890000343322754,225800
2026-04-13 14:55:00+00:00,ABEV3.SA,15.890000343322754,15.899999618530273,15.869999885559082,15.869999885559082,138000
2026-04-13 15:00:00+00:00,ABEV3.SA,15.869999885559082,15.890000343322754,15.859999656677246,15.880000114440918,98300
2026-04-13 15:05:00+00:00,ABEV3.SA,15.869999885559082,15.880000114440918,15.869999885559082,15.880000114440918,64200
2026-04-13 15:10:00+00:00,ABEV3.SA,15.880000114440918,15.890000343322754,15.850000381469727,15.859999656677246,317700
2026-04-13 15:15:00+00:00,ABEV3.SA,15.869999885559082,15.890000343322754,15.869999885559082,15.890000343322754,143400
2026-04-13 15:20:00+00:00,ABEV3.SA,15.880000114440918,15.899999618530273,15.880000114440918,15.899999618530273,109300
2026-04-13 15:25:00+00:00,ABEV3.SA,15.890000343322754,15.899999618530273,15.880000114440918,15.880000114440918,150400
2026-04-13 15:30:00+00:00,ABEV3.SA,15.880000114440918,15.890000343322754,15.859999656677246,15.869999885559082,186200
2026-04-13 15:35:00+00:00,ABEV3.SA,15.869999885559082,15.880000114440918,15.850000381469727,15.869999885559082,202500
2026-04-13 15:40:00+00:00,ABEV3.SA,15.859999656677246,15.869999885559082,15.859999656677246,15.859999656677246,91200
2026-04-13 15:45:00+00:00,ABEV3.SA,15.859999656677246,15.869999885559082,15.859999656677246,15.869999885559082,100500
2026-04-13 15:50:00+00:00,ABEV3.SA,15.859999656677246,15.880000114440918,15.859999656677246,15.880000114440918,184500
2026-04-13 15:55:00+00:00,ABEV3.SA,15.869999885559082,15.880000114440918,15.869999885559082,15.869999885559082,82500
2026-04-13 16:00:00+00:00,ABEV3.SA,15.869999885559082,15.890000343322754,15.869999885559082,15.869999885559082,145600
2026-04-13 16:05:00+00:00,ABEV3.SA,15.869999885559082,15.90999984741211,15.869999885559082,15.899999618530273,260800
2026-04-13 16:10:00+00:00,ABEV3.SA,15.890000343322754,15.899999618530273,15.880000114440918,15.899999618530273,101900
2026-04-13 16:15:00+00:00,ABEV3.SA,15.890000343322754,15.90999984741211,15.890000343322754,15.899999618530273,102300
2026-04-13 16:20:00+00:00,ABEV3.SA,15.890000343322754,15.90999984741211,15.890000343322754,15.890000343322754,148800
2026-04-13 16:25:00+00:00,ABEV3.SA,15.899999618530273,15.90999984741211,15.880000114440918,15.890000343322754,185900
2026-04-13 16:30:00+00:00,ABEV3.SA,15.890000343322754,15.920000076293945,15.890000343322754,15.90999984741211,152100
2026-04-13 16:35:00+00:00,ABEV3.SA,15.90999984741211,15.9399995803833,15.899999618530273,15.930000305175781,269200
2026-04-13 16:40:00+00:00,ABEV3.SA,15.9399995803833,15.949999809265137,15.920000076293945,15.920000076293945,480900
2026-04-13 16:45:00+00:00,ABEV3.SA,15.920000076293945,15.9399995803833,15.90999984741211,15.920000076293945,162300
2026-04-13 16:50:00+00:00,ABEV3.SA,15.920000076293945,15.930000305175781,15.890000343322754,15.890000343322754,467200
2026-04-13 16:55:00+00:00,ABEV3.SA,15.899999618530273,15.920000076293945,15.890000343322754,15.90999984741211,194500
2026-04-13 17:00:00+00:00,ABEV3.SA,15.899999618530273,15.90999984741211,15.899999618530273,15.899999618530273,293000
2026-04-13 17:05:00+00:00,ABEV3.SA,15.90999984741211,15.90999984741211,15.880000114440918,15.899999618530273,182400
2026-04-13 17:10:00+00:00,ABEV3.SA,15.899999618530273,15.930000305175781,15.890000343322754,15.930000305175781,202500
2026-04-13 17:15:00+00:00,ABEV3.SA,15.930000305175781,15.949999809265137,15.920000076293945,15.930000305175781,369100
2026-04-13 17:20:00+00:00,ABEV3.SA,15.930000305175781,15.9399995803833,15.90999984741211,15.920000076293945,285200
2026-04-13 17:25:00+00:00,ABEV3.SA,15.930000305175781,15.949999809265137,15.920000076293945,15.949999809265137,235700
2026-04-13 17:30:00+00:00,ABEV3.SA,15.949999809265137,15.949999809265137,15.930000305175781,15.9399995803833,243400
2026-04-13 17:35:00+00:00,ABEV3.SA,15.949999809265137,15.960000038146973,15.930000305175781,15.9399995803833,237300
2026-04-13 17:40:00+00:00,ABEV3.SA,15.949999809265137,15.949999809265137,15.9399995803833,15.949999809265137,124500
2026-04-13 17:45:00+00:00,ABEV3.SA,15.9399995803833,15.960000038146973,15.9399995803833,15.960000038146973,152900
2026-04-13 17:50:00+00:00,ABEV3.SA,15.960000038146973,15.970000267028809,15.949999809265137,15.960000038146973,149000
2026-04-13 17:55:00+00:00,ABEV3.SA,15.949999809265137,15.979999542236328,15.949999809265137,15.970000267028809,670900
2026-04-13 18:00:00+00:00,ABEV3.SA,15.970000267028809,15.989999771118164,15.949999809265137,15.979999542236328,310000
2026-04-13 18:05:00+00:00,ABEV3.SA,15.979999542236328,15.989999771118164,15.970000267028809,15.979999542236328,173200
2026-04-13 18:10:00+00:00,ABEV3.SA,15.989999771118164,16.0,15.979999542236328,15.989999771118164,277100
2026-04-13 18:15:00+00:00,ABEV3.SA,15.979999542236328,15.989999771118164,15.970000267028809,15.989999771118164,142600
2026-04-13 18:20:00+00:00,ABEV3.SA,15.979999542236328,15.989999771118164,15.960000038146973,15.979999542236328,162400
2026-04-13 18:25:00+00:00,ABEV3.SA,15.979999542236328,15.989999771118164,15.970000267028809,15.989999771118164,188400
2026-04-13 18:30:00+00:00,ABEV3.SA,15.989999771118164,15.989999771118164,15.970000267028809,15.979999542236328,172600
2026-04-13 18:35:00+00:00,ABEV3.SA,15.970000267028809,15.989999771118164,15.970000267028809,15.989999771118164,163900
2026-04-13 18:40:00+00:00,ABEV3.SA,15.989999771118164,15.989999771118164,15.979999542236328,15.989999771118164,114300
2026-04-13 18:45:00+00:00,ABEV3.SA,15.979999542236328,16.0,15.979999542236328,16.0,133300
2026-04-13 18:50:00+00:00,ABEV3.SA,16.0,16.020000457763672,15.989999771118164,16.010000228881836,225600
2026-04-13 18:55:00+00:00,ABEV3.SA,16.0,16.010000228881836,15.989999771118164,16.0,239600
2026-04-13 19:00:00+00:00,ABEV3.SA,15.989999771118164,16.0,15.970000267028809,15.979999542236328,199400
2026-04-13 19:05:00+00:00,ABEV3.SA,15.989999771118164,16.0,15.979999542236328,16.0,250200
2026-04-13 19:10:00+00:00,ABEV3.SA,16.0,16.0,15.979999542236328,15.989999771118164,234000
2026-04-13 19:15:00+00:00,ABEV3.SA,15.989999771118164,16.010000228881836,15.979999542236328,16.0,227500
2026-04-13 19:20:00+00:00,ABEV3.SA,16.010000228881836,16.020000457763672,15.989999771118164,16.0,220600
2026-04-13 19:25:00+00:00,ABEV3.SA,16.0,16.010000228881836,15.989999771118164,16.0,297200
2026-04-13 19:30:00+00:00,ABEV3.SA,16.0,16.010000228881836,15.979999542236328,15.989999771118164,443000
2026-04-13 19:35:00+00:00,ABEV3.SA,15.989999771118164,15.989999771118164,15.979999542236328,15.979999542236328,287400
2026-04-13 19:40:00+00:00,ABEV3.SA,15.979999542236328,15.989999771118164,15.970000267028809,15.970000267028809,486300
2026-04-13 19:45:00+00:00,ABEV3.SA,15.970000267028809,15.979999542236328,15.960000038146973,15.970000267028809,387200
2026-04-13 19:50:00+00:00,ABEV3.SA,15.960000038146973,15.979999542236328,15.960000038146973,15.979999542236328,618900
2026-04-14 13:05:00+00:00,ABEV3.SA,15.970000267028809,15.989999771118164,15.920000076293945,15.949999809265137,22900
2026-04-14 13:10:00+00:00,ABEV3.SA,15.949999809265137,15.970000267028809,15.899999618530273,15.970000267028809,121500
2026-04-14 13:15:00+00:00,ABEV3.SA,15.960000038146973,16.0,15.930000305175781,15.930000305175781,201900
2026-04-14 13:20:00+00:00,ABEV3.SA,15.930000305175781,15.949999809265137,15.899999618530273,15.949999809265137,83300
2026-04-14 13:25:00+00:00,ABEV3.SA,15.949999809265137,16.010000228881836,15.9399995803833,16.010000228881836,84200
2026-04-14 13:30:00+00:00,ABEV3.SA,16.0,16.020000457763672,15.989999771118164,16.010000228881836,304400
2026-04-14 13:35:00+00:00,ABEV3.SA,16.010000228881836,16.020000457763672,15.960000038146973,15.979999542236328,570300
2026-04-14 13:40:00+00:00,ABEV3.SA,15.979999542236328,16.0,15.970000267028809,15.970000267028809,169000
2026-04-14 13:45:00+00:00,ABEV3.SA,15.970000267028809,15.979999542236328,15.930000305175781,15.9399995803833,167800
2026-04-14 13:50:00+00:00,ABEV3.SA,15.930000305175781,15.949999809265137,15.920000076293945,15.9399995803833,211700
2026-04-14 13:55:00+00:00,ABEV3.SA,15.9399995803833,15.979999542236328,15.9399995803833,15.970000267028809,345000
2026-04-14 14:00:00+00:00,ABEV3.SA,15.970000267028809,15.989999771118164,15.960000038146973,15.960000038146973,326700
2026-04-14 14:05:00+00:00,ABEV3.SA,15.970000267028809,16.0,15.949999809265137,16.0,144300
2026-04-14 14:10:00+00:00,ABEV3.SA,16.0,16.0,15.970000267028809,15.979999542236328,114500
2026-04-14 14:15:00+00:00,ABEV3.SA,15.989999771118164,15.989999771118164,15.949999809265137,15.960000038146973,126600
2026-04-14 14:20:00+00:00,ABEV3.SA,15.960000038146973,15.970000267028809,15.9399995803833,15.949999809265137,116200
2026-04-14 14:25:00+00:00,ABEV3.SA,15.949999809265137,15.970000267028809,15.949999809265137,15.970000267028809,99100
2026-04-14 14:30:00+00:00,ABEV3.SA,15.970000267028809,15.979999542236328,15.9399995803833,15.979999542236328,323900
2026-04-14 14:35:00+00:00,ABEV3.SA,15.979999542236328,15.979999542236328,15.949999809265137,15.949999809265137,173400
2026-04-14 14:40:00+00:00,ABEV3.SA,15.960000038146973,15.960000038146973,15.9399995803833,15.9399995803833,337000
2026-04-14 14:45:00+00:00,ABEV3.SA,15.949999809265137,15.949999809265137,15.930000305175781,15.9399995803833,154100
2026-04-14 14:50:00+00:00,ABEV3.SA,15.930000305175781,15.9399995803833,15.90999984741211,15.930000305175781,275500
2026-04-14 14:55:00+00:00,ABEV3.SA,15.930000305175781,15.930000305175781,15.920000076293945,15.930000305175781,127800
2026-04-14 15:00:00+00:00,ABEV3.SA,15.930000305175781,15.930000305175781,15.90999984741211,15.920000076293945,125600
2026-04-14 15:05:00+00:00,ABEV3.SA,15.920000076293945,15.930000305175781,15.899999618530273,15.90999984741211,172100
2026-04-14 15:10:00+00:00,ABEV3.SA,15.920000076293945,15.9399995803833,15.90999984741211,15.920000076293945,143300
2026-04-14 15:15:00+00:00,ABEV3.SA,15.920000076293945,15.960000038146973,15.920000076293945,15.949999809265137,451800
2026-04-14 15:20:00+00:00,ABEV3.SA,15.949999809265137,15.970000267028809,15.930000305175781,15.9399995803833,735500
2026-04-14 15:25:00+00:00,ABEV3.SA,15.9399995803833,15.949999809265137,15.920000076293945,15.930000305175781,279400
2026-04-14 15:30:00+00:00,ABEV3.SA,15.930000305175781,15.9399995803833,15.920000076293945,15.930000305175781,168600
2026-04-14 15:35:00+00:00,ABEV3.SA,15.920000076293945,15.9399995803833,15.90999984741211,15.90999984741211,154500
2026-04-14 15:40:00+00:00,ABEV3.SA,15.90999984741211,15.930000305175781,15.90999984741211,15.920000076293945,145900
2026-04-14 15:45:00+00:00,ABEV3.SA,15.90999984741211,15.920000076293945,15.880000114440918,15.890000343322754,152500
2026-04-14 15:50:00+00:00,ABEV3.SA,15.890000343322754,15.90999984741211,15.859999656677246,15.859999656677246,339100
2026-04-14 15:55:00+00:00,ABEV3.SA,15.859999656677246,15.880000114440918,15.829999923706055,15.84000015258789,798400
2026-04-14 16:00:00+00:00,ABEV3.SA,15.84000015258789,15.850000381469727,15.829999923706055,15.84000015258789,198600
2026-04-14 16:05:00+00:00,ABEV3.SA,15.850000381469727,15.850000381469727,15.829999923706055,15.850000381469727,194000
2026-04-14 16:10:00+00:00,ABEV3.SA,15.850000381469727,15.850000381469727,15.829999923706055,15.84000015258789,148800
2026-04-14 16:15:00+00:00,ABEV3.SA,15.850000381469727,15.869999885559082,15.84000015258789,15.850000381469727,259100
2026-04-14 16:20:00+00:00,ABEV3.SA,15.859999656677246,15.869999885559082,15.84000015258789,15.859999656677246,198900
2026-04-14 16:25:00+00:00,ABEV3.SA,15.869999885559082,15.890000343322754,15.859999656677246,15.880000114440918,159500
2026-04-14 16:30:00+00:00,ABEV3.SA,15.890000343322754,15.899999618530273,15.880000114440918,15.890000343322754,431900
2026-04-14 16:35:00+00:00,ABEV3.SA,15.899999618530273,15.899999618530273,15.880000114440918,15.899999618530273,164700
2026-04-14 16:40:00+00:00,ABEV3.SA,15.890000343322754,15.90999984741211,15.890000343322754,15.890000343322754,138800
2026-04-14 16:45:00+00:00,ABEV3.SA,15.890000343322754,15.899999618530273,15.890000343322754,15.890000343322754,102400
2026-04-14 16:50:00+00:00,ABEV3.SA,15.890000343322754,15.90999984741211,15.890000343322754,15.899999618530273,128900
2026-04-14 16:55:00+00:00,ABEV3.SA,15.899999618530273,15.920000076293945,15.890000343322754,15.899999618530273,224600
2026-04-14 17:00:00+00:00,ABEV3.SA,15.90999984741211,15.930000305175781,15.899999618530273,15.920000076293945,182900
2026-04-14 17:05:00+00:00,ABEV3.SA,15.920000076293945,15.9399995803833,15.920000076293945,15.930000305175781,174800
2026-04-14 17:10:00+00:00,ABEV3.SA,15.920000076293945,15.930000305175781,15.90999984741211,15.930000305175781,181500
2026-04-14 17:15:00+00:00,ABEV3.SA,15.930000305175781,15.9399995803833,15.90999984741211,15.930000305175781,182000
2026-04-14 17:20:00+00:00,ABEV3.SA,15.9399995803833,15.9399995803833,15.920000076293945,15.920000076293945,244900
2026-04-14 17:25:00+00:00,ABEV3.SA,15.920000076293945,15.930000305175781,15.920000076293945,15.920000076293945,168100
2026-04-14 17:30:00+00:00,ABEV3.SA,15.930000305175781,15.930000305175781,15.920000076293945,15.930000305175781,127400
2026-04-14 17:35:00+00:00,ABEV3.SA,15.920000076293945,15.9399995803833,15.920000076293945,15.930000305175781,430200
2026-04-14 17:40:00+00:00,ABEV3.SA,15.930000305175781,15.930000305175781,15.920000076293945,15.930000305175781,127100
2026-04-14 17:45:00+00:00,ABEV3.SA,15.930000305175781,15.9399995803833,15.920000076293945,15.9399995803833,443800
2026-04-14 17:50:00+00:00,ABEV3.SA,15.9399995803833,15.949999809265137,15.930000305175781,15.930000305175781,199300
2026-04-14 17:55:00+00:00,ABEV3.SA,15.9399995803833,15.9399995803833,15.890000343322754,15.90999984741211,428400
2026-04-14 18:00:00+00:00,ABEV3.SA,15.920000076293945,15.930000305175781,15.90999984741211,15.930000305175781,128900
2026-04-14 18:05:00+00:00,ABEV3.SA,15.920000076293945,15.930000305175781,15.90999984741211,15.930000305175781,185900
2026-04-14 18:10:00+00:00,ABEV3.SA,15.920000076293945,15.930000305175781,15.90999984741211,15.920000076293945,145700
2026-04-14 18:15:00+00:00,ABEV3.SA,15.920000076293945,15.920000076293945,15.899999618530273,15.899999618530273,120500
2026-04-14 18:20:00+00:00,ABEV3.SA,15.899999618530273,15.920000076293945,15.899999618530273,15.899999618530273,143300
2026-04-14 18:25:00+00:00,ABEV3.SA,15.899999618530273,15.930000305175781,15.899999618530273,15.930000305175781,185600
2026-04-14 18:30:00+00:00,ABEV3.SA,15.920000076293945,15.930000305175781,15.920000076293945,15.920000076293945,95600
2026-04-14 18:35:00+00:00,ABEV3.SA,15.930000305175781,15.9399995803833,15.920000076293945,15.930000305175781,164000
2026-04-14 18:40:00+00:00,ABEV3.SA,15.9399995803833,15.9399995803833,15.920000076293945,15.930000305175781,147900
2026-04-14 18:45:00+00:00,ABEV3.SA,15.930000305175781,15.930000305175781,15.90999984741211,15.90999984741211,262800
2026-04-14 18:50:00+00:00,ABEV3.SA,15.920000076293945,15.9399995803833,15.90999984741211,15.930000305175781,163800
2026-04-14 18:55:00+00:00,ABEV3.SA,15.920000076293945,15.9399995803833,15.90999984741211,15.920000076293945,320200
2026-04-14 19:00:00+00:00,ABEV3.SA,15.920000076293945,15.920000076293945,15.90999984741211,15.920000076293945,543300
2026-04-14 19:05:00+00:00,ABEV3.SA,15.920000076293945,15.930000305175781,15.90999984741211,15.920000076293945,286700
2026-04-14 19:10:00+00:00,ABEV3.SA,15.930000305175781,15.9399995803833,15.920000076293945,15.9399995803833,205600
2026-04-14 19:15:00+00:00,ABEV3.SA,15.9399995803833,15.960000038146973,15.930000305175781,15.949999809265137,343100
2026-04-14 19:20:00+00:00,ABEV3.SA,15.949999809265137,15.949999809265137,15.930000305175781,15.930000305175781,310500
2026-04-14 19:25:00+00:00,ABEV3.SA,15.930000305175781,15.949999809265137,15.920000076293945,15.920000076293945,291800
2026-04-14 19:30:00+00:00,ABEV3.SA,15.920000076293945,15.9399995803833,15.90999984741211,15.90999984741211,230500
2026-04-14 19:35:00+00:00,ABEV3.SA,15.920000076293945,15.930000305175781,15.90999984741211,15.930000305175781,227900
2026-04-14 19:40:00+00:00,ABEV3.SA,15.930000305175781,15.9399995803833,15.90999984741211,15.920000076293945,385600
2026-04-14 19:45:00+00:00,ABEV3.SA,15.920000076293945,15.930000305175781,15.90999984741211,15.90999984741211,324500
2026-04-14 19:50:00+00:00,ABEV3.SA,15.920000076293945,15.9399995803833,15.869999885559082,15.90999984741211,464700
2026-04-15 13:05:00+00:00,ABEV3.SA,15.84000015258789,15.890000343322754,15.779999732971191,15.84000015258789,0
2026-04-15 13:10:00+00:00,ABEV3.SA,15.850000381469727,15.899999618530273,15.84000015258789,15.890000343322754,76100
2026-04-15 13:15:00+00:00,ABEV3.SA,15.880000114440918,15.90999984741211,15.880000114440918,15.880000114440918,81100
2026-04-15 13:20:00+00:00,ABEV3.SA,15.880000114440918,15.90999984741211,15.880000114440918,15.899999618530273,56100
2026-04-15 13:25:00+00:00,ABEV3.SA,15.899999618530273,15.9399995803833,15.899999618530273,15.920000076293945,77700
2026-04-15 13:30:00+00:00,ABEV3.SA,15.930000305175781,15.930000305175781,15.84000015258789,15.850000381469727,247300
2026-04-15 13:35:00+00:00,ABEV3.SA,15.850000381469727,15.899999618530273,15.850000381469727,15.899999618530273,158300
2026-04-15 13:40:00+00:00,ABEV3.SA,15.890000343322754,15.899999618530273,15.859999656677246,15.859999656677246,162800
2026-04-15 13:45:00+00:00,ABEV3.SA,15.859999656677246,15.880000114440918,15.850000381469727,15.850000381469727,214600
2026-04-15 13:50:00+00:00,ABEV3.SA,15.859999656677246,15.859999656677246,15.84000015258789,15.84000015258789,98000
2026-04-15 13:55:00+00:00,ABEV3.SA,15.84000015258789,15.859999656677246,15.84000015258789,15.850000381469727,207500
2026-04-15 14:00:00+00:00,ABEV3.SA,15.84000015258789,15.859999656677246,15.829999923706055,15.84000015258789,128700
2026-04-15 14:05:00+00:00,ABEV3.SA,15.84000015258789,15.850000381469727,15.829999923706055,15.850000381469727,83500
2026-04-15 14:10:00+00:00,ABEV3.SA,15.850000381469727,15.850000381469727,15.829999923706055,15.850000381469727,193300
2026-04-15 14:15:00+00:00,ABEV3.SA,15.850000381469727,15.850000381469727,15.8100004196167,15.84000015258789,282300
2026-04-15 14:20:00+00:00,ABEV3.SA,15.84000015258789,15.859999656677246,15.829999923706055,15.84000015258789,183200
2026-04-15 14:25:00+00:00,ABEV3.SA,15.850000381469727,15.850000381469727,15.819999694824219,15.84000015258789,1464500
2026-04-15 14:30:00+00:00,ABEV3.SA,15.829999923706055,15.850000381469727,15.800000190734863,15.850000381469727,193000
2026-04-15 14:35:00+00:00,ABEV3.SA,15.850000381469727,15.859999656677246,15.8100004196167,15.819999694824219,947600
2026-04-15 14:40:00+00:00,ABEV3.SA,15.819999694824219,15.850000381469727,15.800000190734863,15.819999694824219,320200
2026-04-15 14:45:00+00:00,ABEV3.SA,15.819999694824219,15.850000381469727,15.819999694824219,15.850000381469727,109100
2026-04-15 14:50:00+00:00,ABEV3.SA,15.850000381469727,15.850000381469727,15.829999923706055,15.850000381469727,162300
2026-04-15 14:55:00+00:00,ABEV3.SA,15.850000381469727,15.850000381469727,15.84000015258789,15.850000381469727,75500
2026-04-15 15:00:00+00:00,ABEV3.SA,15.84000015258789,15.859999656677246,15.84000015258789,15.850000381469727,213400
2026-04-15 15:05:00+00:00,ABEV3.SA,15.84000015258789,15.850000381469727,15.84000015258789,15.850000381469727,88500
2026-04-15 15:10:00+00:00,ABEV3.SA,15.850000381469727,15.859999656677246,15.829999923706055,15.829999923706055,365200
2026-04-15 15:15:00+00:00,ABEV3.SA,15.829999923706055,15.84000015258789,15.829999923706055,15.84000015258789,85500
2026-04-15 15:20:00+00:00,ABEV3.SA,15.84000015258789,15.850000381469727,15.829999923706055,15.850000381469727,170600
2026-04-15 15:25:00+00:00,ABEV3.SA,15.850000381469727,15.859999656677246,15.819999694824219,15.829999923706055,613000
2026-04-15 15:30:00+00:00,ABEV3.SA,15.829999923706055,15.84000015258789,15.8100004196167,15.84000015258789,194900
2026-04-15 15:35:00+00:00,ABEV3.SA,15.84000015258789,15.84000015258789,15.829999923706055,15.84000015258789,118100
2026-04-15 15:40:00+00:00,ABEV3.SA,15.829999923706055,15.84000015258789,15.829999923706055,15.84000015258789,116000
2026-04-15 15:45:00+00:00,ABEV3.SA,15.84000015258789,15.84000015258789,15.819999694824219,15.84000015258789,194000
2026-04-15 15:50:00+00:00,ABEV3.SA,15.829999923706055,15.84000015258789,15.8100004196167,15.8100004196167,163400
2026-04-15 15:55:00+00:00,ABEV3.SA,15.819999694824219,15.819999694824219,15.800000190734863,15.8100004196167,175100
2026-04-15 16:00:00+00:00,ABEV3.SA,15.819999694824219,15.829999923706055,15.800000190734863,15.8100004196167,218400
2026-04-15 16:05:00+00:00,ABEV3.SA,15.8100004196167,15.819999694824219,15.800000190734863,15.8100004196167,122400
2026-04-15 16:10:00+00:00,ABEV3.SA,15.800000190734863,15.8100004196167,15.800000190734863,15.800000190734863,72700
2026-04-15 16:15:00+00:00,ABEV3.SA,15.800000190734863,15.8100004196167,15.800000190734863,15.800000190734863,61400
2026-04-15 16:20:00+00:00,ABEV3.SA,15.8100004196167,15.8100004196167,15.800000190734863,15.800000190734863,65400
2026-04-15 16:25:00+00:00,ABEV3.SA,15.8100004196167,15.8100004196167,15.800000190734863,15.800000190734863,63500
2026-04-15 16:30:00+00:00,ABEV3.SA,15.800000190734863,15.819999694824219,15.789999961853027,15.8100004196167,200100
2026-04-15 16:35:00+00:00,ABEV3.SA,15.819999694824219,15.819999694824219,15.8100004196167,15.8100004196167,52000
2026-04-15 16:40:00+00:00,ABEV3.SA,15.8100004196167,15.8100004196167,15.770000457763672,15.789999961853027,295300
2026-04-15 16:45:00+00:00,ABEV3.SA,15.800000190734863,15.800000190734863,15.770000457763672,15.789999961853027,243500
2026-04-15 16:50:00+00:00,ABEV3.SA,15.789999961853027,15.800000190734863,15.779999732971191,15.789999961853027,115600
2026-04-15 16:55:00+00:00,ABEV3.SA,15.789999961853027,15.8100004196167,15.789999961853027,15.800000190734863,139300
2026-04-15 17:00:00+00:00,ABEV3.SA,15.800000190734863,15.819999694824219,15.800000190734863,15.800000190734863,346200
2026-04-15 17:05:00+00:00,ABEV3.SA,15.800000190734863,15.8100004196167,15.800000190734863,15.800000190734863,128700
2026-04-15 17:10:00+00:00,ABEV3.SA,15.8100004196167,15.8100004196167,15.789999961853027,15.789999961853027,256600
2026-04-15 17:15:00+00:00,ABEV3.SA,15.789999961853027,15.8100004196167,15.779999732971191,15.779999732971191,231400
2026-04-15 17:20:00+00:00,ABEV3.SA,15.779999732971191,15.800000190734863,15.779999732971191,15.789999961853027,271400
2026-04-15 17:25:00+00:00,ABEV3.SA,15.800000190734863,15.800000190734863,15.779999732971191,15.789999961853027,232200
2026-04-15 17:30:00+00:00,ABEV3.SA,15.789999961853027,15.789999961853027,15.760000228881836,15.760000228881836,394100
2026-04-15 17:35:00+00:00,ABEV3.SA,15.770000457763672,15.779999732971191,15.760000228881836,15.770000457763672,298800
2026-04-15 17:40:00+00:00,ABEV3.SA,15.770000457763672,15.779999732971191,15.75,15.75,546300
2026-04-15 17:45:00+00:00,ABEV3.SA,15.75,15.770000457763672,15.75,15.760000228881836,331500
2026-04-15 17:50:00+00:00,ABEV3.SA,15.760000228881836,15.770000457763672,15.739999771118164,15.75,245000
2026-04-15 17:55:00+00:00,ABEV3.SA,15.75,15.760000228881836,15.75,15.75,250000
2026-04-15 18:00:00+00:00,ABEV3.SA,15.75,15.770000457763672,15.739999771118164,15.75,446300
2026-04-15 18:05:00+00:00,ABEV3.SA,15.75,15.789999961853027,15.739999771118164,15.789999961853027,553800
2026-04-15 18:10:00+00:00,ABEV3.SA,15.779999732971191,15.8100004196167,15.779999732971191,15.800000190734863,398600
2026-04-15 18:15:00+00:00,ABEV3.SA,15.789999961853027,15.8100004196167,15.779999732971191,15.789999961853027,346500
2026-04-15 18:20:00+00:00,ABEV3.SA,15.789999961853027,15.8100004196167,15.789999961853027,15.800000190734863,245000
2026-04-15 18:25:00+00:00,ABEV3.SA,15.800000190734863,15.819999694824219,15.789999961853027,15.8100004196167,291100
2026-04-15 18:30:00+00:00,ABEV3.SA,15.8100004196167,15.829999923706055,15.800000190734863,15.819999694824219,225800
2026-04-15 18:35:00+00:00,ABEV3.SA,15.819999694824219,15.84000015258789,15.819999694824219,15.829999923706055,259000
2026-04-15 18:40:00+00:00,ABEV3.SA,15.84000015258789,15.850000381469727,15.819999694824219,15.84000015258789,473200
2026-04-15 18:45:00+00:00,ABEV3.SA,15.84000015258789,15.850000381469727,15.829999923706055,15.829999923706055,246300
2026-04-15 18:50:00+00:00,ABEV3.SA,15.829999923706055,15.850000381469727,15.819999694824219,15.819999694824219,254300
2026-04-15 18:55:00+00:00,ABEV3.SA,15.819999694824219,15.850000381469727,15.819999694824219,15.84000015258789,363500
2026-04-15 19:00:00+00:00,ABEV3.SA,15.84000015258789,15.850000381469727,15.829999923706055,15.829999923706055,250400
2026-04-15 19:05:00+00:00,ABEV3.SA,15.829999923706055,15.84000015258789,15.819999694824219,15.819999694824219,232400
2026-04-15 19:10:00+00:00,ABEV3.SA,15.819999694824219,15.84000015258789,15.819999694824219,15.829999923706055,276100
2026-04-15 19:15:00+00:00,ABEV3.SA,15.829999923706055,15.850000381469727,15.800000190734863,15.84000015258789,398900
2026-04-15 19:20:00+00:00,ABEV3.SA,15.829999923706055,15.850000381469727,15.829999923706055,15.84000015258789,258700
2026-04-15 19:25:00+00:00,ABEV3.SA,15.84000015258789,15.850000381469727,15.829999923706055,15.829999923706055,280700
2026-04-15 19:30:00+00:00,ABEV3.SA,15.829999923706055,15.84000015258789,15.829999923706055,15.84000015258789,205400
2026-04-15 19:35:00+00:00,ABEV3.SA,15.829999923706055,15.84000015258789,15.8100004196167,15.819999694824219,456200
2026-04-15 19:40:00+00:00,ABEV3.SA,15.8100004196167,15.84000015258789,15.800000190734863,15.819999694824219,742000
2026-04-15 19:45:00+00:00,ABEV3.SA,15.819999694824219,15.850000381469727,15.819999694824219,15.84000015258789,345600
2026-04-15 19:50:00+00:00,ABEV3.SA,15.829999923706055,15.850000381469727,15.800000190734863,15.829999923706055,520000
2026-04-16 13:05:00+00:00,ABEV3.SA,15.399999618530273,15.470000267028809,15.319999694824219,15.460000038146973,582400
2026-04-16 13:10:00+00:00,ABEV3.SA,15.460000038146973,15.489999771118164,15.359999656677246,15.420000076293945,1861900
2026-04-16 13:15:00+00:00,ABEV3.SA,15.420000076293945,15.539999961853027,15.420000076293945,15.529999732971191,1159000
2026-04-16 13:20:00+00:00,ABEV3.SA,15.529999732971191,15.579999923706055,15.510000228881836,15.5600004196167,413000
2026-04-16 13:25:00+00:00,ABEV3.SA,15.550000190734863,15.569999694824219,15.510000228881836,15.520000457763672,482700
2026-04-16 13:30:00+00:00,ABEV3.SA,15.510000228881836,15.510000228881836,15.470000267028809,15.5,631200
2026-04-16 13:35:00+00:00,ABEV3.SA,15.5,15.539999961853027,15.489999771118164,15.520000457763672,567600
2026-04-16 13:40:00+00:00,ABEV3.SA,15.529999732971191,15.529999732971191,15.449999809265137,15.489999771118164,755500
2026-04-16 13:45:00+00:00,ABEV3.SA,15.489999771118164,15.520000457763672,15.470000267028809,15.510000228881836,763600
2026-04-16 13:50:00+00:00,ABEV3.SA,15.5,15.539999961853027,15.5,15.510000228881836,404400
2026-04-16 13:55:00+00:00,ABEV3.SA,15.510000228881836,15.579999923706055,15.510000228881836,15.550000190734863,902600
2026-04-16 14:00:00+00:00,ABEV3.SA,15.550000190734863,15.569999694824219,15.510000228881836,15.569999694824219,704100
2026-04-16 14:05:00+00:00,ABEV3.SA,15.569999694824219,15.579999923706055,15.550000190734863,15.550000190734863,780900
2026-04-16 14:10:00+00:00,ABEV3.SA,15.550000190734863,15.5600004196167,15.529999732971191,15.529999732971191,364600
2026-04-16 14:15:00+00:00,ABEV3.SA,15.539999961853027,15.539999961853027,15.449999809265137,15.449999809265137,768700
2026-04-16 14:20:00+00:00,ABEV3.SA,15.460000038146973,15.479999542236328,15.399999618530273,15.40999984741211,356000
2026-04-16 14:25:00+00:00,ABEV3.SA,15.399999618530273,15.40999984741211,15.380000114440918,15.380000114440918,531200
2026-04-16 14:30:00+00:00,ABEV3.SA,15.380000114440918,15.390000343322754,15.350000381469727,15.359999656677246,345800
2026-04-16 14:35:00+00:00,ABEV3.SA,15.369999885559082,15.380000114440918,15.329999923706055,15.329999923706055,1071800
2026-04-16 14:40:00+00:00,ABEV3.SA,15.329999923706055,15.359999656677246,15.329999923706055,15.350000381469727,839600
2026-04-16 14:45:00+00:00,ABEV3.SA,15.359999656677246,15.359999656677246,15.34000015258789,15.350000381469727,233500
2026-04-16 14:50:00+00:00,ABEV3.SA,15.34000015258789,15.350000381469727,15.3100004196167,15.329999923706055,325400
2026-04-16 14:55:00+00:00,ABEV3.SA,15.329999923706055,15.329999923706055,15.3100004196167,15.3100004196167,420500
2026-04-16 15:00:00+00:00,ABEV3.SA,15.319999694824219,15.329999923706055,15.300000190734863,15.319999694824219,2047000
2026-04-16 15:05:00+00:00,ABEV3.SA,15.329999923706055,15.430000305175781,15.319999694824219,15.420000076293945,1756700
2026-04-16 15:10:00+00:00,ABEV3.SA,15.40999984741211,15.430000305175781,15.40999984741211,15.420000076293945,480700
2026-04-16 15:15:00+00:00,ABEV3.SA,15.430000305175781,15.449999809265137,15.390000343322754,15.40999984741211,1490200
2026-04-16 15:20:00+00:00,ABEV3.SA,15.399999618530273,15.430000305175781,15.399999618530273,15.40999984741211,271500
2026-04-16 15:25:00+00:00,ABEV3.SA,15.40999984741211,15.430000305175781,15.399999618530273,15.420000076293945,245300
2026-04-16 15:30:00+00:00,ABEV3.SA,15.430000305175781,15.430000305175781,15.40999984741211,15.420000076293945,2494600
2026-04-16 15:35:00+00:00,ABEV3.SA,15.420000076293945,15.4399995803833,15.40999984741211,15.40999984741211,232000
2026-04-16 15:40:00+00:00,ABEV3.SA,15.420000076293945,15.420000076293945,15.399999618530273,15.40999984741211,1329500
2026-04-16 15:45:00+00:00,ABEV3.SA,15.40999984741211,15.430000305175781,15.399999618530273,15.430000305175781,271500
2026-04-16 15:50:00+00:00,ABEV3.SA,15.420000076293945,15.4399995803833,15.420000076293945,15.420000076293945,211400
2026-04-16 15:55:00+00:00,ABEV3.SA,15.420000076293945,15.460000038146973,15.420000076293945,15.449999809265137,587200
2026-04-16 16:00:00+00:00,ABEV3.SA,15.460000038146973,15.479999542236328,15.4399995803833,15.470000267028809,231400
2026-04-16 16:05:00+00:00,ABEV3.SA,15.470000267028809,15.479999542236328,15.460000038146973,15.460000038146973,205000
2026-04-16 16:10:00+00:00,ABEV3.SA,15.460000038146973,15.470000267028809,15.460000038146973,15.470000267028809,149200
2026-04-16 16:15:00+00:00,ABEV3.SA,15.470000267028809,15.479999542236328,15.460000038146973,15.470000267028809,259100
2026-04-16 16:20:00+00:00,ABEV3.SA,15.460000038146973,15.479999542236328,15.460000038146973,15.460000038146973,152600
2026-04-16 16:25:00+00:00,ABEV3.SA,15.460000038146973,15.479999542236328,15.460000038146973,15.460000038146973,176100
2026-04-16 16:30:00+00:00,ABEV3.SA,15.470000267028809,15.470000267028809,15.40999984741211,15.40999984741211,563300
2026-04-16 16:35:00+00:00,ABEV3.SA,15.40999984741211,15.449999809265137,15.40999984741211,15.4399995803833,244700
2026-04-16 16:40:00+00:00,ABEV3.SA,15.430000305175781,15.449999809265137,15.420000076293945,15.420000076293945,217000
2026-04-16 16:45:00+00:00,ABEV3.SA,15.430000305175781,15.4399995803833,15.420000076293945,15.4399995803833,1153800
2026-04-16 16:50:00+00:00,ABEV3.SA,15.4399995803833,15.4399995803833,15.420000076293945,15.430000305175781,178000
2026-04-16 16:55:00+00:00,ABEV3.SA,15.430000305175781,15.4399995803833,15.420000076293945,15.430000305175781,150800
2026-04-16 17:00:00+00:00,ABEV3.SA,15.430000305175781,15.460000038146973,15.420000076293945,15.449999809265137,472100
2026-04-16 17:05:00+00:00,ABEV3.SA,15.460000038146973,15.460000038146973,15.4399995803833,15.460000038146973,206300
2026-04-16 17:10:00+00:00,ABEV3.SA,15.449999809265137,15.460000038146973,15.430000305175781,15.4399995803833,212300
2026-04-16 17:15:00+00:00,ABEV3.SA,15.4399995803833,15.449999809265137,15.430000305175781,15.4399995803833,199800
2026-04-16 17:20:00+00:00,ABEV3.SA,15.4399995803833,15.449999809265137,15.430000305175781,15.449999809265137,93900
2026-04-16 17:25:00+00:00,ABEV3.SA,15.4399995803833,15.460000038146973,15.430000305175781,15.4399995803833,169200
2026-04-16 17:30:00+00:00,ABEV3.SA,15.4399995803833,15.449999809265137,15.430000305175781,15.430000305175781,900000
2026-04-16 17:35:00+00:00,ABEV3.SA,15.430000305175781,15.4399995803833,15.40999984741211,15.40999984741211,157600
2026-04-16 17:40:00+00:00,ABEV3.SA,15.40999984741211,15.420000076293945,15.399999618530273,15.399999618530273,242700
2026-04-16 17:45:00+00:00,ABEV3.SA,15.399999618530273,15.420000076293945,15.399999618530273,15.40999984741211,242500
2026-04-16 17:50:00+00:00,ABEV3.SA,15.420000076293945,15.449999809265137,15.40999984741211,15.4399995803833,449400
2026-04-16 17:55:00+00:00,ABEV3.SA,15.4399995803833,15.449999809265137,15.420000076293945,15.420000076293945,269100
2026-04-16 18:00:00+00:00,ABEV3.SA,15.420000076293945,15.4399995803833,15.40999984741211,15.420000076293945,345400
2026-04-16 18:05:00+00:00,ABEV3.SA,15.420000076293945,15.4399995803833,15.420000076293945,15.430000305175781,464200
2026-04-16 18:10:00+00:00,ABEV3.SA,15.430000305175781,15.430000305175781,15.40999984741211,15.40999984741211,194800
2026-04-16 18:15:00+00:00,ABEV3.SA,15.40999984741211,15.430000305175781,15.40999984741211,15.40999984741211,148800
2026-04-16 18:20:00+00:00,ABEV3.SA,15.40999984741211,15.420000076293945,15.40999984741211,15.40999984741211,106100
2026-04-16 18:25:00+00:00,ABEV3.SA,15.420000076293945,15.420000076293945,15.399999618530273,15.40999984741211,298900
2026-04-16 18:30:00+00:00,ABEV3.SA,15.420000076293945,15.420000076293945,15.40999984741211,15.40999984741211,115800
2026-04-16 18:35:00+00:00,ABEV3.SA,15.40999984741211,15.420000076293945,15.399999618530273,15.40999984741211,338000
2026-04-16 18:40:00+00:00,ABEV3.SA,15.40999984741211,15.420000076293945,15.399999618530273,15.420000076293945,286000
2026-04-16 18:45:00+00:00,ABEV3.SA,15.420000076293945,15.430000305175781,15.40999984741211,15.420000076293945,189300
2026-04-16 18:50:00+00:00,ABEV3.SA,15.40999984741211,15.420000076293945,15.399999618530273,15.40999984741211,4406300
2026-04-16 18:55:00+00:00,ABEV3.SA,15.40999984741211,15.420000076293945,15.399999618530273,15.40999984741211,313200
2026-04-16 19:00:00+00:00,ABEV3.SA,15.420000076293945,15.430000305175781,15.40999984741211,15.420000076293945,495600
2026-04-16 19:05:00+00:00,ABEV3.SA,15.40999984741211,15.430000305175781,15.40999984741211,15.420000076293945,362200
2026-04-16 19:10:00+00:00,ABEV3.SA,15.420000076293945,15.430000305175781,15.40999984741211,15.420000076293945,203200
2026-04-16 19:15:00+00:00,ABEV3.SA,15.430000305175781,15.449999809265137,15.420000076293945,15.449999809265137,382800
2026-04-16 19:20:00+00:00,ABEV3.SA,15.449999809265137,15.460000038146973,15.4399995803833,15.449999809265137,363300
2026-04-16 19:25:00+00:00,ABEV3.SA,15.449999809265137,15.449999809265137,15.430000305175781,15.430000305175781,223100
2026-04-16 19:30:00+00:00,ABEV3.SA,15.4399995803833,15.4399995803833,15.420000076293945,15.430000305175781,364500
2026-04-16 19:35:00+00:00,ABEV3.SA,15.430000305175781,15.460000038146973,15.430000305175781,15.460000038146973,840700
2026-04-16 19:40:00+00:00,ABEV3.SA,15.460000038146973,15.489999771118164,15.449999809265137,15.489999771118164,1281500
2026-04-16 19:45:00+00:00,ABEV3.SA,15.479999542236328,15.489999771118164,15.449999809265137,15.460000038146973,957600
2026-04-16 19:50:00+00:00,ABEV3.SA,15.460000038146973,15.460000038146973,15.420000076293945,15.420000076293945,622700
2026-04-17 13:00:00+00:00,ABEV3.SA,15.640000343322754,15.770000457763672,15.550000190734863,15.699999809265137,0
2026-04-17 13:05:00+00:00,ABEV3.SA,15.699999809265137,15.720000267028809,15.630000114440918,15.670000076293945,430100
2026-04-17 13:10:00+00:00,ABEV3.SA,15.670000076293945,15.699999809265137,15.640000343322754,15.670000076293945,189400
2026-04-17 13:15:00+00:00,ABEV3.SA,15.65999984741211,15.65999984741211,15.600000381469727,15.619999885559082,233900
2026-04-17 13:20:00+00:00,ABEV3.SA,15.619999885559082,15.680000305175781,15.619999885559082,15.65999984741211,225700
2026-04-17 13:25:00+00:00,ABEV3.SA,15.65999984741211,15.680000305175781,15.630000114440918,15.649999618530273,158000
2026-04-17 13:30:00+00:00,ABEV3.SA,15.65999984741211,15.65999984741211,15.569999694824219,15.569999694824219,509800
2026-04-17 13:35:00+00:00,ABEV3.SA,15.569999694824219,15.609999656677246,15.569999694824219,15.600000381469727,374200
2026-04-17 13:40:00+00:00,ABEV3.SA,15.600000381469727,15.649999618530273,15.600000381469727,15.640000343322754,1042700
2026-04-17 13:45:00+00:00,ABEV3.SA,15.640000343322754,15.640000343322754,15.579999923706055,15.579999923706055,561700
2026-04-17 13:50:00+00:00,ABEV3.SA,15.579999923706055,15.640000343322754,15.569999694824219,15.640000343322754,471300
2026-04-17 13:55:00+00:00,ABEV3.SA,15.630000114440918,15.710000038146973,15.630000114440918,15.699999809265137,575800
2026-04-17 14:00:00+00:00,ABEV3.SA,15.6899995803833,15.6899995803833,15.649999618530273,15.65999984741211,279900
2026-04-17 14:05:00+00:00,ABEV3.SA,15.65999984741211,15.680000305175781,15.619999885559082,15.640000343322754,347800
2026-04-17 14:10:00+00:00,ABEV3.SA,15.640000343322754,15.65999984741211,15.619999885559082,15.630000114440918,242300
2026-04-17 14:15:00+00:00,ABEV3.SA,15.630000114440918,15.649999618530273,15.600000381469727,15.600000381469727,424300
2026-04-17 14:20:00+00:00,ABEV3.SA,15.600000381469727,15.640000343322754,15.600000381469727,15.640000343322754,206600
2026-04-17 14:25:00+00:00,ABEV3.SA,15.640000343322754,15.640000343322754,15.569999694824219,15.569999694824219,413800
2026-04-17 14:30:00+00:00,ABEV3.SA,15.579999923706055,15.579999923706055,15.5600004196167,15.5600004196167,97700
2026-04-17 14:35:00+00:00,ABEV3.SA,15.5600004196167,15.569999694824219,15.529999732971191,15.539999961853027,191900
2026-04-17 14:40:00+00:00,ABEV3.SA,15.539999961853027,15.5600004196167,15.529999732971191,15.550000190734863,117100
2026-04-17 14:45:00+00:00,ABEV3.SA,15.550000190734863,15.579999923706055,15.539999961853027,15.550000190734863,459100
2026-04-17 14:50:00+00:00,ABEV3.SA,15.550000190734863,15.5600004196167,15.489999771118164,15.529999732971191,215200
2026-04-17 14:55:00+00:00,ABEV3.SA,15.529999732971191,15.539999961853027,15.520000457763672,15.529999732971191,130100
2026-04-17 15:00:00+00:00,ABEV3.SA,15.529999732971191,15.550000190734863,15.520000457763672,15.529999732971191,186600
2026-04-17 15:05:00+00:00,ABEV3.SA,15.539999961853027,15.579999923706055,15.529999732971191,15.569999694824219,401000
2026-04-17 15:10:00+00:00,ABEV3.SA,15.569999694824219,15.59000015258789,15.550000190734863,15.579999923706055,251100
2026-04-17 15:15:00+00:00,ABEV3.SA,15.579999923706055,15.619999885559082,15.569999694824219,15.609999656677246,145700
2026-04-17 15:20:00+00:00,ABEV3.SA,15.609999656677246,15.619999885559082,15.600000381469727,15.600000381469727,140700
2026-04-17 15:25:00+00:00,ABEV3.SA,15.600000381469727,15.619999885559082,15.59000015258789,15.619999885559082,157000
2026-04-17 15:30:00+00:00,ABEV3.SA,15.609999656677246,15.630000114440918,15.600000381469727,15.619999885559082,217500
2026-04-17 15:35:00+00:00,ABEV3.SA,15.630000114440918,15.630000114440918,15.600000381469727,15.619999885559082,164800
2026-04-17 15:40:00+00:00,ABEV3.SA,15.609999656677246,15.619999885559082,15.579999923706055,15.59000015258789,384400
2026-04-17 15:45:00+00:00,ABEV3.SA,15.579999923706055,15.609999656677246,15.579999923706055,15.609999656677246,214700
2026-04-17 15:50:00+00:00,ABEV3.SA,15.600000381469727,15.609999656677246,15.59000015258789,15.59000015258789,110200
2026-04-17 15:55:00+00:00,ABEV3.SA,15.59000015258789,15.600000381469727,15.59000015258789,15.600000381469727,104800
2026-04-17 16:00:00+00:00,ABEV3.SA,15.59000015258789,15.600000381469727,15.5600004196167,15.5600004196167,387300
2026-04-17 16:05:00+00:00,ABEV3.SA,15.5600004196167,15.569999694824219,15.550000190734863,15.5600004196167,108500
2026-04-17 16:10:00+00:00,ABEV3.SA,15.569999694824219,15.579999923706055,15.550000190734863,15.579999923706055,501600
2026-04-17 16:15:00+00:00,ABEV3.SA,15.569999694824219,15.579999923706055,15.539999961853027,15.539999961853027,195800
2026-04-17 16:20:00+00:00,ABEV3.SA,15.539999961853027,15.550000190734863,15.539999961853027,15.539999961853027,104300
2026-04-17 16:25:00+00:00,ABEV3.SA,15.539999961853027,15.550000190734863,15.529999732971191,15.539999961853027,93500
2026-04-17 16:30:00+00:00,ABEV3.SA,15.529999732971191,15.539999961853027,15.529999732971191,15.539999961853027,99200
2026-04-17 16:35:00+00:00,ABEV3.SA,15.529999732971191,15.539999961853027,15.510000228881836,15.520000457763672,214800
2026-04-17 16:40:00+00:00,ABEV3.SA,15.520000457763672,15.529999732971191,15.4399995803833,15.460000038146973,1306600
2026-04-17 16:45:00+00:00,ABEV3.SA,15.460000038146973,15.479999542236328,15.4399995803833,15.4399995803833,614200
2026-04-17 16:50:00+00:00,ABEV3.SA,15.449999809265137,15.449999809265137,15.420000076293945,15.4399995803833,420800
2026-04-17 16:55:00+00:00,ABEV3.SA,15.4399995803833,15.470000267028809,15.4399995803833,15.460000038146973,1700700
2026-04-17 17:00:00+00:00,ABEV3.SA,15.460000038146973,15.460000038146973,15.4399995803833,15.449999809265137,1637300
2026-04-17 17:05:00+00:00,ABEV3.SA,15.449999809265137,15.460000038146973,15.420000076293945,15.4399995803833,387500
2026-04-17 17:10:00+00:00,ABEV3.SA,15.4399995803833,15.449999809265137,15.430000305175781,15.430000305175781,118900
2026-04-17 17:15:00+00:00,ABEV3.SA,15.430000305175781,15.4399995803833,15.40999984741211,15.40999984741211,248200
2026-04-17 17:20:00+00:00,ABEV3.SA,15.40999984741211,15.430000305175781,15.399999618530273,15.399999618530273,196800
2026-04-17 17:25:00+00:00,ABEV3.SA,15.399999618530273,15.430000305175781,15.399999618530273,15.420000076293945,299600
2026-04-17 17:30:00+00:00,ABEV3.SA,15.420000076293945,15.430000305175781,15.390000343322754,15.40999984741211,241400
2026-04-17 17:35:00+00:00,ABEV3.SA,15.40999984741211,15.420000076293945,15.399999618530273,15.40999984741211,140100
2026-04-17 17:40:00+00:00,ABEV3.SA,15.399999618530273,15.40999984741211,15.390000343322754,15.399999618530273,212600
2026-04-17 17:45:00+00:00,ABEV3.SA,15.40999984741211,15.40999984741211,15.390000343322754,15.399999618530273,126100
2026-04-17 17:50:00+00:00,ABEV3.SA,15.399999618530273,15.399999618530273,15.390000343322754,15.390000343322754,166300
2026-04-17 17:55:00+00:00,ABEV3.SA,15.390000343322754,15.40999984741211,15.390000343322754,15.399999618530273,314600
2026-04-17 18:00:00+00:00,ABEV3.SA,15.40999984741211,15.40999984741211,15.380000114440918,15.390000343322754,262100
2026-04-17 18:05:00+00:00,ABEV3.SA,15.390000343322754,15.40999984741211,15.380000114440918,15.380000114440918,343300
2026-04-17 18:10:00+00:00,ABEV3.SA,15.380000114440918,15.390000343322754,15.359999656677246,15.359999656677246,151100
2026-04-17 18:15:00+00:00,ABEV3.SA,15.359999656677246,15.380000114440918,15.359999656677246,15.369999885559082,178300
2026-04-17 18:20:00+00:00,ABEV3.SA,15.369999885559082,15.390000343322754,15.359999656677246,15.369999885559082,275700
2026-04-17 18:25:00+00:00,ABEV3.SA,15.380000114440918,15.40999984741211,15.369999885559082,15.399999618530273,337100
2026-04-17 18:30:00+00:00,ABEV3.SA,15.399999618530273,15.430000305175781,15.390000343322754,15.420000076293945,999600
2026-04-17 18:35:00+00:00,ABEV3.SA,15.420000076293945,15.4399995803833,15.40999984741211,15.430000305175781,356200
2026-04-17 18:40:00+00:00,ABEV3.SA,15.430000305175781,15.4399995803833,15.399999618530273,15.430000305175781,388700
2026-04-17 18:45:00+00:00,ABEV3.SA,15.420000076293945,15.430000305175781,15.40999984741211,15.420000076293945,93200
2026-04-17 18:50:00+00:00,ABEV3.SA,15.420000076293945,15.430000305175781,15.390000343322754,15.399999618530273,266700
2026-04-17 18:55:00+00:00,ABEV3.SA,15.399999618530273,15.420000076293945,15.399999618530273,15.40999984741211,226200
2026-04-17 19:00:00+00:00,ABEV3.SA,15.40999984741211,15.430000305175781,15.399999618530273,15.40999984741211,323100
2026-04-17 19:05:00+00:00,ABEV3.SA,15.40999984741211,15.420000076293945,15.40999984741211,15.40999984741211,150300
2026-04-17 19:10:00+00:00,ABEV3.SA,15.420000076293945,15.420000076293945,15.34000015258789,15.34000015258789,1675300
2026-04-17 19:15:00+00:00,ABEV3.SA,15.359999656677246,15.359999656677246,15.329999923706055,15.329999923706055,417900
2026-04-17 19:20:00+00:00,ABEV3.SA,15.329999923706055,15.350000381469727,15.329999923706055,15.34000015258789,421000
2026-04-17 19:25:00+00:00,ABEV3.SA,15.34000015258789,15.350000381469727,15.329999923706055,15.329999923706055,230400
2026-04-17 19:30:00+00:00,ABEV3.SA,15.329999923706055,15.369999885559082,15.329999923706055,15.350000381469727,640500
2026-04-17 19:35:00+00:00,ABEV3.SA,15.350000381469727,15.359999656677246,15.34000015258789,15.34000015258789,293900
2026-04-17 19:40:00+00:00,ABEV3.SA,15.350000381469727,15.350000381469727,15.329999923706055,15.329999923706055,702200
2026-04-17 19:45:00+00:00,ABEV3.SA,15.34000015258789,15.359999656677246,15.329999923706055,15.34000015258789,1622700
2026-04-17 19:50:00+00:00,ABEV3.SA,15.34000015258789,15.350000381469727,15.3100004196167,15.3100004196167,611300
2026-04-20 13:00:00+00:00,ABEV3.SA,15.34000015258789,15.350000381469727,15.3100004196167,15.3100004196167,0
2026-04-20 13:05:00+00:00,ABEV3.SA,15.3100004196167,15.34000015258789,15.279999732971191,15.329999923706055,78600
2026-04-20 13:10:00+00:00,ABEV3.SA,15.329999923706055,15.34000015258789,15.3100004196167,15.319999694824219,56000
2026-04-20 13:15:00+00:00,ABEV3.SA,15.319999694824219,15.40999984741211,15.319999694824219,15.390000343322754,86000
2026-04-20 13:20:00+00:00,ABEV3.SA,15.40999984741211,15.4399995803833,15.390000343322754,15.420000076293945,65500
2026-04-20 13:25:00+00:00,ABEV3.SA,15.40999984741211,15.4399995803833,15.399999618530273,15.430000305175781,72900
2026-04-20 13:30:00+00:00,ABEV3.SA,15.430000305175781,15.449999809265137,15.390000343322754,15.399999618530273,146000
2026-04-20 13:35:00+00:00,ABEV3.SA,15.399999618530273,15.40999984741211,15.390000343322754,15.390000343322754,90400
2026-04-20 13:40:00+00:00,ABEV3.SA,15.390000343322754,15.40999984741211,15.380000114440918,15.40999984741211,52800
2026-04-20 13:45:00+00:00,ABEV3.SA,15.40999984741211,15.430000305175781,15.399999618530273,15.420000076293945,159400
2026-04-20 13:50:00+00:00,ABEV3.SA,15.430000305175781,15.460000038146973,15.430000305175781,15.460000038146973,107300
2026-04-20 13:55:00+00:00,ABEV3.SA,15.449999809265137,15.460000038146973,15.430000305175781,15.4399995803833,135500
2026-04-20 14:00:00+00:00,ABEV3.SA,15.430000305175781,15.4399995803833,15.390000343322754,15.420000076293945,175500
2026-04-20 14:05:00+00:00,ABEV3.SA,15.420000076293945,15.449999809265137,15.399999618530273,15.4399995803833,225400
2026-04-20 14:10:00+00:00,ABEV3.SA,15.4399995803833,15.449999809265137,15.369999885559082,15.380000114440918,234900
2026-04-20 14:15:00+00:00,ABEV3.SA,15.390000343322754,15.420000076293945,15.380000114440918,15.40999984741211,174600
2026-04-20 14:20:00+00:00,ABEV3.SA,15.40999984741211,15.420000076293945,15.399999618530273,15.40999984741211,103700
2026-04-20 14:25:00+00:00,ABEV3.SA,15.420000076293945,15.430000305175781,15.40999984741211,15.420000076293945,131700
2026-04-20 14:30:00+00:00,ABEV3.SA,15.430000305175781,15.470000267028809,15.420000076293945,15.449999809265137,158300
2026-04-20 14:35:00+00:00,ABEV3.SA,15.449999809265137,15.470000267028809,15.449999809265137,15.449999809265137,117200
2026-04-20 14:40:00+00:00,ABEV3.SA,15.449999809265137,15.460000038146973,15.430000305175781,15.4399995803833,193900
2026-04-20 14:45:00+00:00,ABEV3.SA,15.4399995803833,15.460000038146973,15.430000305175781,15.460000038146973,179000
2026-04-20 14:50:00+00:00,ABEV3.SA,15.449999809265137,15.460000038146973,15.399999618530273,15.430000305175781,259100
2026-04-20 14:55:00+00:00,ABEV3.SA,15.430000305175781,15.430000305175781,15.420000076293945,15.420000076293945,71400
2026-04-20 15:00:00+00:00,ABEV3.SA,15.430000305175781,15.449999809265137,15.40999984741211,15.40999984741211,190900
2026-04-20 15:05:00+00:00,ABEV3.SA,15.420000076293945,15.430000305175781,15.40999984741211,15.430000305175781,110200
2026-04-20 15:10:00+00:00,ABEV3.SA,15.420000076293945,15.449999809265137,15.40999984741211,15.449999809265137,332200
2026-04-20 15:15:00+00:00,ABEV3.SA,15.4399995803833,15.4399995803833,15.399999618530273,15.399999618530273,135300
2026-04-20 15:20:00+00:00,ABEV3.SA,15.399999618530273,15.420000076293945,15.399999618530273,15.40999984741211,146600
2026-04-20 15:25:00+00:00,ABEV3.SA,15.40999984741211,15.430000305175781,15.40999984741211,15.430000305175781,132800
2026-04-20 15:30:00+00:00,ABEV3.SA,15.420000076293945,15.430000305175781,15.399999618530273,15.399999618530273,108900
2026-04-20 15:35:00+00:00,ABEV3.SA,15.399999618530273,15.449999809265137,15.399999618530273,15.430000305175781,538300
2026-04-20 15:40:00+00:00,ABEV3.SA,15.430000305175781,15.4399995803833,15.420000076293945,15.430000305175781,107600
2026-04-20 15:45:00+00:00,ABEV3.SA,15.420000076293945,15.430000305175781,15.390000343322754,15.390000343322754,115300
2026-04-20 15:50:00+00:00,ABEV3.SA,15.399999618530273,15.399999618530273,15.380000114440918,15.390000343322754,99600
2026-04-20 15:55:00+00:00,ABEV3.SA,15.390000343322754,15.40999984741211,15.390000343322754,15.390000343322754,142900
2026-04-20 16:00:00+00:00,ABEV3.SA,15.390000343322754,15.399999618530273,15.390000343322754,15.390000343322754,88000
2026-04-20 16:05:00+00:00,ABEV3.SA,15.390000343322754,15.399999618530273,15.390000343322754,15.390000343322754,84900
2026-04-20 16:10:00+00:00,ABEV3.SA,15.399999618530273,15.399999618530273,15.380000114440918,15.380000114440918,96700
2026-04-20 16:15:00+00:00,ABEV3.SA,15.380000114440918,15.399999618530273,15.380000114440918,15.390000343322754,156400
2026-04-20 16:20:00+00:00,ABEV3.SA,15.390000343322754,15.40999984741211,15.390000343322754,15.399999618530273,146500
2026-04-20 16:25:00+00:00,ABEV3.SA,15.399999618530273,15.40999984741211,15.390000343322754,15.390000343322754,84500
2026-04-20 16:30:00+00:00,ABEV3.SA,15.390000343322754,15.40999984741211,15.380000114440918,15.390000343322754,173800
2026-04-20 16:35:00+00:00,ABEV3.SA,15.380000114440918,15.390000343322754,15.369999885559082,15.380000114440918,95800
2026-04-20 16:40:00+00:00,ABEV3.SA,15.380000114440918,15.399999618530273,15.380000114440918,15.390000343322754,102700
2026-04-20 16:45:00+00:00,ABEV3.SA,15.399999618530273,15.40999984741211,15.390000343322754,15.390000343322754,89800
2026-04-20 16:50:00+00:00,ABEV3.SA,15.390000343322754,15.40999984741211,15.390000343322754,15.390000343322754,111100
2026-04-20 16:55:00+00:00,ABEV3.SA,15.390000343322754,15.399999618530273,15.369999885559082,15.380000114440918,113900
2026-04-20 17:00:00+00:00,ABEV3.SA,15.380000114440918,15.399999618530273,15.369999885559082,15.380000114440918,157500
2026-04-20 17:05:00+00:00,ABEV3.SA,15.380000114440918,15.390000343322754,15.380000114440918,15.380000114440918,71000
2026-04-20 17:10:00+00:00,ABEV3.SA,15.380000114440918,15.390000343322754,15.380000114440918,15.390000343322754,101100
2026-04-20 17:15:00+00:00,ABEV3.SA,15.380000114440918,15.390000343322754,15.369999885559082,15.380000114440918,132000
2026-04-20 17:20:00+00:00,ABEV3.SA,15.369999885559082,15.380000114440918,15.359999656677246,15.380000114440918,136000
2026-04-20 17:25:00+00:00,ABEV3.SA,15.380000114440918,15.380000114440918,15.359999656677246,15.380000114440918,153300
2026-04-20 17:30:00+00:00,ABEV3.SA,15.369999885559082,15.369999885559082,15.350000381469727,15.350000381469727,100200
2026-04-20 17:35:00+00:00,ABEV3.SA,15.359999656677246,15.369999885559082,15.350000381469727,15.369999885559082,120400
2026-04-20 17:40:00+00:00,ABEV3.SA,15.359999656677246,15.369999885559082,15.350000381469727,15.359999656677246,79500
2026-04-20 17:45:00+00:00,ABEV3.SA,15.359999656677246,15.369999885559082,15.359999656677246,15.359999656677246,62000
2026-04-20 17:50:00+00:00,ABEV3.SA,15.359999656677246,15.369999885559082,15.34000015258789,15.350000381469727,127600
2026-04-20 17:55:00+00:00,ABEV3.SA,15.350000381469727,15.359999656677246,15.34000015258789,15.350000381469727,134400
2026-04-20 18:00:00+00:00,ABEV3.SA,15.350000381469727,15.380000114440918,15.34000015258789,15.369999885559082,295100
2026-04-20 18:05:00+00:00,ABEV3.SA,15.359999656677246,15.380000114440918,15.359999656677246,15.359999656677246,168900
2026-04-20 18:10:00+00:00,ABEV3.SA,15.359999656677246,15.369999885559082,15.350000381469727,15.359999656677246,154900
2026-04-20 18:15:00+00:00,ABEV3.SA,15.359999656677246,15.380000114440918,15.359999656677246,15.380000114440918,149800
2026-04-20 18:20:00+00:00,ABEV3.SA,15.380000114440918,15.380000114440918,15.369999885559082,15.369999885559082,87700
2026-04-20 18:25:00+00:00,ABEV3.SA,15.369999885559082,15.380000114440918,15.350000381469727,15.369999885559082,200100
2026-04-20 18:30:00+00:00,ABEV3.SA,15.369999885559082,15.380000114440918,15.359999656677246,15.359999656677246,70900
2026-04-20 18:35:00+00:00,ABEV3.SA,15.359999656677246,15.369999885559082,15.359999656677246,15.359999656677246,71800
2026-04-20 18:40:00+00:00,ABEV3.SA,15.359999656677246,15.369999885559082,15.350000381469727,15.350000381469727,122100
2026-04-20 18:45:00+00:00,ABEV3.SA,15.359999656677246,15.359999656677246,15.350000381469727,15.359999656677246,143600
2026-04-20 18:50:00+00:00,ABEV3.SA,15.359999656677246,15.369999885559082,15.350000381469727,15.359999656677246,143500
2026-04-20 18:55:00+00:00,ABEV3.SA,15.369999885559082,15.369999885559082,15.359999656677246,15.369999885559082,108800
2026-04-20 19:00:00+00:00,ABEV3.SA,15.369999885559082,15.369999885559082,15.359999656677246,15.359999656677246,99700
2026-04-20 19:05:00+00:00,ABEV3.SA,15.369999885559082,15.369999885559082,15.359999656677246,15.359999656677246,203100
2026-04-20 19:10:00+00:00,ABEV3.SA,15.359999656677246,15.380000114440918,15.359999656677246,15.380000114440918,157900
2026-04-20 19:15:00+00:00,ABEV3.SA,15.380000114440918,15.380000114440918,15.359999656677246,15.359999656677246,145600
2026-04-20 19:20:00+00:00,ABEV3.SA,15.369999885559082,15.369999885559082,15.329999923706055,15.329999923706055,222900
2026-04-20 19:25:00+00:00,ABEV3.SA,15.329999923706055,15.350000381469727,15.319999694824219,15.34000015258789,188600
2026-04-20 19:30:00+00:00,ABEV3.SA,15.34000015258789,15.350000381469727,15.329999923706055,15.329999923706055,165000
2026-04-20 19:35:00+00:00,ABEV3.SA,15.34000015258789,15.359999656677246,15.34000015258789,15.359999656677246,252800
2026-04-20 19:40:00+00:00,ABEV3.SA,15.350000381469727,15.359999656677246,15.34000015258789,15.359999656677246,254900
2026-04-20 19:45:00+00:00,ABEV3.SA,15.350000381469727,15.359999656677246,15.350000381469727,15.359999656677246,161500
2026-04-20 19:50:00+00:00,ABEV3.SA,15.359999656677246,15.369999885559082,15.329999923706055,15.329999923706055,274600
2026-04-22 13:00:00+00:00,ABEV3.SA,15.319999694824219,15.350000381469727,15.260000228881836,15.329999923706055,304300
2026-04-22 13:05:00+00:00,ABEV3.SA,15.350000381469727,15.40999984741211,15.3100004196167,15.319999694824219,328500
2026-04-22 13:10:00+00:00,ABEV3.SA,15.329999923706055,15.329999923706055,15.289999961853027,15.289999961853027,240800
2026-04-22 13:15:00+00:00,ABEV3.SA,15.279999732971191,15.279999732971191,15.25,15.270000457763672,234400
2026-04-22 13:20:00+00:00,ABEV3.SA,15.270000457763672,15.300000190734863,15.270000457763672,15.289999961853027,180700
2026-04-22 13:25:00+00:00,ABEV3.SA,15.289999961853027,15.300000190734863,15.25,15.260000228881836,204300
2026-04-22 13:30:00+00:00,ABEV3.SA,15.260000228881836,15.289999961853027,15.25,15.260000228881836,320500
2026-04-22 13:35:00+00:00,ABEV3.SA,15.270000457763672,15.279999732971191,15.229999542236328,15.239999771118164,787400
2026-04-22 13:40:00+00:00,ABEV3.SA,15.239999771118164,15.239999771118164,15.199999809265137,15.239999771118164,326800
2026-04-22 13:45:00+00:00,ABEV3.SA,15.229999542236328,15.270000457763672,15.220000267028809,15.239999771118164,319000
2026-04-22 13:50:00+00:00,ABEV3.SA,15.239999771118164,15.270000457763672,15.229999542236328,15.260000228881836,311800
2026-04-22 13:55:00+00:00,ABEV3.SA,15.260000228881836,15.260000228881836,15.229999542236328,15.25,163400
2026-04-22 14:00:00+00:00,ABEV3.SA,15.25,15.25,15.220000267028809,15.25,217500
2026-04-22 14:05:00+00:00,ABEV3.SA,15.25,15.25,15.210000038146973,15.210000038146973,93200
2026-04-22 14:10:00+00:00,ABEV3.SA,15.210000038146973,15.229999542236328,15.199999809265137,15.220000267028809,228600
2026-04-22 14:15:00+00:00,ABEV3.SA,15.220000267028809,15.229999542236328,15.180000305175781,15.180000305175781,362400
2026-04-22 14:20:00+00:00,ABEV3.SA,15.180000305175781,15.199999809265137,15.170000076293945,15.180000305175781,232400
2026-04-22 14:25:00+00:00,ABEV3.SA,15.1899995803833,15.199999809265137,15.180000305175781,15.180000305175781,76000
2026-04-22 14:30:00+00:00,ABEV3.SA,15.1899995803833,15.1899995803833,15.149999618530273,15.170000076293945,373200
2026-04-22 14:35:00+00:00,ABEV3.SA,15.15999984741211,15.170000076293945,15.130000114440918,15.140000343322754,323300
2026-04-22 14:40:00+00:00,ABEV3.SA,15.140000343322754,15.15999984741211,15.130000114440918,15.149999618530273,302100
2026-04-22 14:45:00+00:00,ABEV3.SA,15.149999618530273,15.15999984741211,15.149999618530273,15.149999618530273,98800
2026-04-22 14:50:00+00:00,ABEV3.SA,15.149999618530273,15.15999984741211,15.130000114440918,15.130000114440918,380200
2026-04-22 14:55:00+00:00,ABEV3.SA,15.130000114440918,15.149999618530273,15.130000114440918,15.149999618530273,69000
2026-04-22 15:00:00+00:00,ABEV3.SA,15.140000343322754,15.149999618530273,15.109999656677246,15.109999656677246,391600
2026-04-22 15:05:00+00:00,ABEV3.SA,15.109999656677246,15.140000343322754,15.100000381469727,15.130000114440918,409800
2026-04-22 15:10:00+00:00,ABEV3.SA,15.140000343322754,15.149999618530273,15.119999885559082,15.130000114440918,189700
2026-04-22 15:15:00+00:00,ABEV3.SA,15.130000114440918,15.140000343322754,15.119999885559082,15.119999885559082,363500
2026-04-22 15:20:00+00:00,ABEV3.SA,15.119999885559082,15.130000114440918,15.100000381469727,15.119999885559082,118400
2026-04-22 15:25:00+00:00,ABEV3.SA,15.119999885559082,15.130000114440918,15.100000381469727,15.109999656677246,263800
2026-04-22 15:30:00+00:00,ABEV3.SA,15.109999656677246,15.119999885559082,15.09000015258789,15.09000015258789,81300
2026-04-22 15:35:00+00:00,ABEV3.SA,15.09000015258789,15.100000381469727,15.069999694824219,15.09000015258789,141400
2026-04-22 15:40:00+00:00,ABEV3.SA,15.079999923706055,15.100000381469727,15.079999923706055,15.100000381469727,332700
2026-04-22 15:45:00+00:00,ABEV3.SA,15.100000381469727,15.119999885559082,15.09000015258789,15.109999656677246,127600
2026-04-22 15:50:00+00:00,ABEV3.SA,15.109999656677246,15.119999885559082,15.100000381469727,15.109999656677246,187300
2026-04-22 15:55:00+00:00,ABEV3.SA,15.109999656677246,15.140000343322754,15.109999656677246,15.130000114440918,132100
2026-04-22 16:00:00+00:00,ABEV3.SA,15.140000343322754,15.140000343322754,15.119999885559082,15.119999885559082,145000
2026-04-22 16:05:00+00:00,ABEV3.SA,15.119999885559082,15.130000114440918,15.119999885559082,15.119999885559082,127000
2026-04-22 16:10:00+00:00,ABEV3.SA,15.119999885559082,15.130000114440918,15.09000015258789,15.109999656677246,210700
2026-04-22 16:15:00+00:00,ABEV3.SA,15.100000381469727,15.109999656677246,15.069999694824219,15.079999923706055,122500
2026-04-22 16:20:00+00:00,ABEV3.SA,15.079999923706055,15.09000015258789,15.069999694824219,15.079999923706055,79500
2026-04-22 16:25:00+00:00,ABEV3.SA,15.079999923706055,15.09000015258789,15.069999694824219,15.079999923706055,125900
2026-04-22 16:30:00+00:00,ABEV3.SA,15.09000015258789,15.100000381469727,15.069999694824219,15.079999923706055,605500
2026-04-22 16:35:00+00:00,ABEV3.SA,15.09000015258789,15.100000381469727,15.079999923706055,15.09000015258789,329900
2026-04-22 16:40:00+00:00,ABEV3.SA,15.079999923706055,15.100000381469727,15.079999923706055,15.09000015258789,396400
2026-04-22 16:45:00+00:00,ABEV3.SA,15.09000015258789,15.109999656677246,15.079999923706055,15.100000381469727,166900
2026-04-22 16:50:00+00:00,ABEV3.SA,15.100000381469727,15.109999656677246,15.079999923706055,15.09000015258789,181300
2026-04-22 16:55:00+00:00,ABEV3.SA,15.09000015258789,15.109999656677246,15.09000015258789,15.09000015258789,121600
2026-04-22 17:00:00+00:00,ABEV3.SA,15.09000015258789,15.109999656677246,15.09000015258789,15.09000015258789,164600
2026-04-22 17:05:00+00:00,ABEV3.SA,15.100000381469727,15.109999656677246,15.09000015258789,15.100000381469727,75300
2026-04-22 17:10:00+00:00,ABEV3.SA,15.100000381469727,15.119999885559082,15.09000015258789,15.09000015258789,607300
2026-04-22 17:15:00+00:00,ABEV3.SA,15.100000381469727,15.109999656677246,15.079999923706055,15.079999923706055,224200
2026-04-22 17:20:00+00:00,ABEV3.SA,15.079999923706055,15.100000381469727,15.069999694824219,15.069999694824219,224100
2026-04-22 17:25:00+00:00,ABEV3.SA,15.079999923706055,15.09000015258789,15.069999694824219,15.079999923706055,110700
2026-04-22 17:30:00+00:00,ABEV3.SA,15.069999694824219,15.09000015258789,15.069999694824219,15.069999694824219,142900
2026-04-22 17:35:00+00:00,ABEV3.SA,15.069999694824219,15.09000015258789,15.069999694824219,15.069999694824219,134200
2026-04-22 17:40:00+00:00,ABEV3.SA,15.069999694824219,15.079999923706055,15.0600004196167,15.069999694824219,141600
2026-04-22 17:45:00+00:00,ABEV3.SA,15.069999694824219,15.09000015258789,15.069999694824219,15.069999694824219,104800
2026-04-22 17:50:00+00:00,ABEV3.SA,15.069999694824219,15.09000015258789,15.0600004196167,15.069999694824219,80800
2026-04-22 17:55:00+00:00,ABEV3.SA,15.069999694824219,15.079999923706055,15.0600004196167,15.069999694824219,270200
2026-04-22 18:00:00+00:00,ABEV3.SA,15.069999694824219,15.100000381469727,15.0600004196167,15.079999923706055,400100
2026-04-22 18:05:00+00:00,ABEV3.SA,15.09000015258789,15.100000381469727,15.069999694824219,15.09000015258789,259800
2026-04-22 18:10:00+00:00,ABEV3.SA,15.079999923706055,15.100000381469727,15.079999923706055,15.09000015258789,127200
2026-04-22 18:15:00+00:00,ABEV3.SA,15.09000015258789,15.100000381469727,15.079999923706055,15.079999923706055,124100
2026-04-22 18:20:00+00:00,ABEV3.SA,15.079999923706055,15.09000015258789,15.069999694824219,15.069999694824219,127900
2026-04-22 18:25:00+00:00,ABEV3.SA,15.069999694824219,15.079999923706055,15.069999694824219,15.069999694824219,190100
2026-04-22 18:30:00+00:00,ABEV3.SA,15.079999923706055,15.09000015258789,15.069999694824219,15.069999694824219,608200
2026-04-22 18:35:00+00:00,ABEV3.SA,15.069999694824219,15.09000015258789,15.069999694824219,15.079999923706055,414100
2026-04-22 18:40:00+00:00,ABEV3.SA,15.079999923706055,15.09000015258789,15.069999694824219,15.09000015258789,360200
2026-04-22 18:45:00+00:00,ABEV3.SA,15.079999923706055,15.079999923706055,15.050000190734863,15.0600004196167,470300
2026-04-22 18:50:00+00:00,ABEV3.SA,15.050000190734863,15.0600004196167,15.050000190734863,15.050000190734863,86100
2026-04-22 18:55:00+00:00,ABEV3.SA,15.050000190734863,15.0600004196167,15.039999961853027,15.050000190734863,275400
2026-04-22 19:00:00+00:00,ABEV3.SA,15.050000190734863,15.0600004196167,15.029999732971191,15.039999961853027,309700
2026-04-22 19:05:00+00:00,ABEV3.SA,15.039999961853027,15.0600004196167,15.039999961853027,15.0600004196167,158100
2026-04-22 19:10:00+00:00,ABEV3.SA,15.050000190734863,15.0600004196167,15.039999961853027,15.039999961853027,106300
2026-04-22 19:15:00+00:00,ABEV3.SA,15.039999961853027,15.050000190734863,15.029999732971191,15.050000190734863,348100
2026-04-22 19:20:00+00:00,ABEV3.SA,15.039999961853027,15.050000190734863,15.020000457763672,15.029999732971191,306600
2026-04-22 19:25:00+00:00,ABEV3.SA,15.029999732971191,15.050000190734863,15.020000457763672,15.029999732971191,629200
2026-04-22 19:30:00+00:00,ABEV3.SA,15.029999732971191,15.039999961853027,15.020000457763672,15.029999732971191,367600
2026-04-22 19:35:00+00:00,ABEV3.SA,15.029999732971191,15.029999732971191,15.010000228881836,15.020000457763672,340300
2026-04-22 19:40:00+00:00,ABEV3.SA,15.020000457763672,15.029999732971191,15.0,15.020000457763672,453000
2026-04-22 19:45:00+00:00,ABEV3.SA,15.020000457763672,15.029999732971191,15.010000228881836,15.020000457763672,476600
2026-04-22 19:50:00+00:00,ABEV3.SA,15.029999732971191,15.029999732971191,15.0,15.029999732971191,372800
2026-04-23 13:00:00+00:00,ABEV3.SA,15.0,15.0,14.949999809265137,14.949999809265137,0
2026-04-23 13:05:00+00:00,ABEV3.SA,14.960000038146973,14.970000267028809,14.90999984741211,14.960000038146973,125300
2026-04-23 13:10:00+00:00,ABEV3.SA,14.9399995803833,14.960000038146973,14.899999618530273,14.920000076293945,349200
2026-04-23 13:15:00+00:00,ABEV3.SA,14.930000305175781,14.970000267028809,14.899999618530273,14.899999618530273,189900
2026-04-23 13:20:00+00:00,ABEV3.SA,14.90999984741211,14.970000267028809,14.890000343322754,14.930000305175781,775800
2026-04-23 13:25:00+00:00,ABEV3.SA,14.930000305175781,14.9399995803833,14.880000114440918,14.90999984741211,512100
2026-04-23 13:30:00+00:00,ABEV3.SA,14.920000076293945,14.930000305175781,14.890000343322754,14.890000343322754,290200
2026-04-23 13:35:00+00:00,ABEV3.SA,14.890000343322754,14.90999984741211,14.869999885559082,14.880000114440918,280000
2026-04-23 13:40:00+00:00,ABEV3.SA,14.869999885559082,14.880000114440918,14.84000015258789,14.850000381469727,284300
2026-04-23 13:45:00+00:00,ABEV3.SA,14.84000015258789,14.859999656677246,14.8100004196167,14.850000381469727,366900
2026-04-23 13:50:00+00:00,ABEV3.SA,14.859999656677246,14.899999618530273,14.850000381469727,14.880000114440918,486000
2026-04-23 13:55:00+00:00,ABEV3.SA,14.869999885559082,14.869999885559082,14.819999694824219,14.819999694824219,149600
2026-04-23 14:00:00+00:00,ABEV3.SA,14.819999694824219,14.829999923706055,14.789999961853027,14.829999923706055,214100
2026-04-23 14:05:00+00:00,ABEV3.SA,14.819999694824219,14.819999694824219,14.789999961853027,14.800000190734863,143300
2026-04-23 14:10:00+00:00,ABEV3.SA,14.800000190734863,14.819999694824219,14.800000190734863,14.800000190734863,107800
2026-04-23 14:15:00+00:00,ABEV3.SA,14.800000190734863,14.819999694824219,14.800000190734863,14.8100004196167,92000
2026-04-23 14:20:00+00:00,ABEV3.SA,14.8100004196167,14.84000015258789,14.789999961853027,14.819999694824219,387500
2026-04-23 14:25:00+00:00,ABEV3.SA,14.8100004196167,14.829999923706055,14.789999961853027,14.789999961853027,149300
2026-04-23 14:30:00+00:00,ABEV3.SA,14.789999961853027,14.84000015258789,14.789999961853027,14.819999694824219,217300
2026-04-23 14:35:00+00:00,ABEV3.SA,14.819999694824219,14.850000381469727,14.819999694824219,14.829999923706055,176000
2026-04-23 14:40:00+00:00,ABEV3.SA,14.829999923706055,14.859999656677246,14.819999694824219,14.819999694824219,213900
2026-04-23 14:45:00+00:00,ABEV3.SA,14.819999694824219,14.84000015258789,14.8100004196167,14.819999694824219,165700
2026-04-23 14:50:00+00:00,ABEV3.SA,14.84000015258789,14.84000015258789,14.8100004196167,14.8100004196167,84400
2026-04-23 14:55:00+00:00,ABEV3.SA,14.8100004196167,14.819999694824219,14.800000190734863,14.800000190734863,68600
2026-04-23 15:00:00+00:00,ABEV3.SA,14.8100004196167,14.8100004196167,14.779999732971191,14.789999961853027,160400
2026-04-23 15:05:00+00:00,ABEV3.SA,14.779999732971191,14.819999694824219,14.779999732971191,14.800000190734863,177700
2026-04-23 15:10:00+00:00,ABEV3.SA,14.8100004196167,14.819999694824219,14.800000190734863,14.8100004196167,86600
2026-04-23 15:15:00+00:00,ABEV3.SA,14.800000190734863,14.829999923706055,14.789999961853027,14.819999694824219,177400
2026-04-23 15:20:00+00:00,ABEV3.SA,14.8100004196167,14.84000015258789,14.800000190734863,14.829999923706055,1377500
2026-04-23 15:25:00+00:00,ABEV3.SA,14.84000015258789,14.869999885559082,14.829999923706055,14.859999656677246,175700
2026-04-23 15:30:00+00:00,ABEV3.SA,14.859999656677246,14.869999885559082,14.850000381469727,14.859999656677246,93100
2026-04-23 15:35:00+00:00,ABEV3.SA,14.850000381469727,14.869999885559082,14.84000015258789,14.850000381469727,96400
2026-04-23 15:40:00+00:00,ABEV3.SA,14.850000381469727,14.869999885559082,14.84000015258789,14.84000015258789,178200
2026-04-23 15:45:00+00:00,ABEV3.SA,14.850000381469727,14.859999656677246,14.819999694824219,14.850000381469727,185800
2026-04-23 15:50:00+00:00,ABEV3.SA,14.84000015258789,14.850000381469727,14.829999923706055,14.829999923706055,59200
2026-04-23 15:55:00+00:00,ABEV3.SA,14.829999923706055,14.84000015258789,14.8100004196167,14.819999694824219,594400
2026-04-23 16:00:00+00:00,ABEV3.SA,14.829999923706055,14.84000015258789,14.819999694824219,14.84000015258789,98900
2026-04-23 16:05:00+00:00,ABEV3.SA,14.829999923706055,14.829999923706055,14.8100004196167,14.8100004196167,298100
2026-04-23 16:10:00+00:00,ABEV3.SA,14.8100004196167,14.829999923706055,14.8100004196167,14.819999694824219,113900
2026-04-23 16:15:00+00:00,ABEV3.SA,14.819999694824219,14.850000381469727,14.819999694824219,14.84000015258789,169400
2026-04-23 16:20:00+00:00,ABEV3.SA,14.84000015258789,14.850000381469727,14.829999923706055,14.84000015258789,201700
2026-04-23 16:25:00+00:00,ABEV3.SA,14.850000381469727,14.869999885559082,14.84000015258789,14.850000381469727,178900
2026-04-23 16:30:00+00:00,ABEV3.SA,14.859999656677246,14.869999885559082,14.850000381469727,14.859999656677246,116800
2026-04-23 16:35:00+00:00,ABEV3.SA,14.859999656677246,14.869999885559082,14.850000381469727,14.859999656677246,50200
2026-04-23 16:40:00+00:00,ABEV3.SA,14.859999656677246,14.880000114440918,14.859999656677246,14.869999885559082,68300
2026-04-23 16:45:00+00:00,ABEV3.SA,14.880000114440918,14.880000114440918,14.859999656677246,14.859999656677246,135600
2026-04-23 16:50:00+00:00,ABEV3.SA,14.859999656677246,14.869999885559082,14.859999656677246,14.859999656677246,55700
2026-04-23 16:55:00+00:00,ABEV3.SA,14.859999656677246,14.869999885559082,14.850000381469727,14.859999656677246,148200
2026-04-23 17:00:00+00:00,ABEV3.SA,14.869999885559082,14.869999885559082,14.819999694824219,14.819999694824219,338100
2026-04-23 17:05:00+00:00,ABEV3.SA,14.819999694824219,14.829999923706055,14.789999961853027,14.800000190734863,454400
2026-04-23 17:10:00+00:00,ABEV3.SA,14.789999961853027,14.8100004196167,14.789999961853027,14.789999961853027,153800
2026-04-23 17:15:00+00:00,ABEV3.SA,14.789999961853027,14.800000190734863,14.770000457763672,14.770000457763672,455300
2026-04-23 17:20:00+00:00,ABEV3.SA,14.779999732971191,14.789999961853027,14.760000228881836,14.779999732971191,92400
2026-04-23 17:25:00+00:00,ABEV3.SA,14.770000457763672,14.800000190734863,14.760000228881836,14.779999732971191,240500
2026-04-23 17:30:00+00:00,ABEV3.SA,14.779999732971191,14.800000190734863,14.770000457763672,14.800000190734863,206600
2026-04-23 17:35:00+00:00,ABEV3.SA,14.789999961853027,14.8100004196167,14.760000228881836,14.800000190734863,458200
2026-04-23 17:40:00+00:00,ABEV3.SA,14.789999961853027,14.800000190734863,14.760000228881836,14.779999732971191,180200
2026-04-23 17:45:00+00:00,ABEV3.SA,14.770000457763672,14.800000190734863,14.760000228881836,14.779999732971191,507500
2026-04-23 17:50:00+00:00,ABEV3.SA,14.779999732971191,14.859999656677246,14.770000457763672,14.84000015258789,504300
2026-04-23 17:55:00+00:00,ABEV3.SA,14.829999923706055,14.850000381469727,14.819999694824219,14.850000381469727,220500
2026-04-23 18:00:00+00:00,ABEV3.SA,14.84000015258789,14.869999885559082,14.829999923706055,14.869999885559082,492200
2026-04-23 18:05:00+00:00,ABEV3.SA,14.859999656677246,14.869999885559082,14.850000381469727,14.850000381469727,232500
2026-04-23 18:10:00+00:00,ABEV3.SA,14.859999656677246,14.869999885559082,14.84000015258789,14.859999656677246,191400
2026-04-23 18:15:00+00:00,ABEV3.SA,14.850000381469727,14.859999656677246,14.829999923706055,14.850000381469727,124300
2026-04-23 18:20:00+00:00,ABEV3.SA,14.84000015258789,14.850000381469727,14.829999923706055,14.850000381469727,122200
2026-04-23 18:25:00+00:00,ABEV3.SA,14.850000381469727,14.850000381469727,14.829999923706055,14.829999923706055,183300
2026-04-23 18:30:00+00:00,ABEV3.SA,14.84000015258789,14.850000381469727,14.829999923706055,14.829999923706055,251500
2026-04-23 18:35:00+00:00,ABEV3.SA,14.829999923706055,14.84000015258789,14.800000190734863,14.800000190734863,296000
2026-04-23 18:40:00+00:00,ABEV3.SA,14.800000190734863,14.819999694824219,14.789999961853027,14.819999694824219,435600
2026-04-23 18:45:00+00:00,ABEV3.SA,14.8100004196167,14.819999694824219,14.800000190734863,14.800000190734863,115400
2026-04-23 18:50:00+00:00,ABEV3.SA,14.800000190734863,14.829999923706055,14.789999961853027,14.8100004196167,291900
2026-04-23 18:55:00+00:00,ABEV3.SA,14.819999694824219,14.819999694824219,14.800000190734863,14.800000190734863,205900
2026-04-23 19:00:00+00:00,ABEV3.SA,14.800000190734863,14.8100004196167,14.779999732971191,14.789999961853027,245900
2026-04-23 19:05:00+00:00,ABEV3.SA,14.779999732971191,14.800000190734863,14.779999732971191,14.779999732971191,199700
2026-04-23 19:10:00+00:00,ABEV3.SA,14.789999961853027,14.800000190734863,14.770000457763672,14.789999961853027,498400
2026-04-23 19:15:00+00:00,ABEV3.SA,14.789999961853027,14.8100004196167,14.789999961853027,14.800000190734863,259600
2026-04-23 19:20:00+00:00,ABEV3.SA,14.789999961853027,14.8100004196167,14.789999961853027,14.8100004196167,306000
2026-04-23 19:25:00+00:00,ABEV3.SA,14.800000190734863,14.819999694824219,14.789999961853027,14.800000190734863,310400
2026-04-23 19:30:00+00:00,ABEV3.SA,14.800000190734863,14.8100004196167,14.789999961853027,14.789999961853027,241300
2026-04-23 19:35:00+00:00,ABEV3.SA,14.789999961853027,14.800000190734863,14.779999732971191,14.789999961853027,425200
2026-04-23 19:40:00+00:00,ABEV3.SA,14.800000190734863,14.8100004196167,14.779999732971191,14.779999732971191,499900
2026-04-23 19:45:00+00:00,ABEV3.SA,14.779999732971191,14.789999961853027,14.770000457763672,14.789999961853027,260000
2026-04-23 19:50:00+00:00,ABEV3.SA,14.779999732971191,14.789999961853027,14.760000228881836,14.789999961853027,362200
2026-04-24 13:00:00+00:00,ABEV3.SA,14.720000267028809,14.729999542236328,14.670000076293945,14.680000305175781,0
2026-04-24 13:05:00+00:00,ABEV3.SA,14.680000305175781,14.680000305175781,14.630000114440918,14.640000343322754,193400
2026-04-24 13:10:00+00:00,ABEV3.SA,14.630000114440918,14.65999984741211,14.59000015258789,14.59000015258789,338700
2026-04-24 13:15:00+00:00,ABEV3.SA,14.59000015258789,14.600000381469727,14.539999961853027,14.550000190734863,261900
2026-04-24 13:20:00+00:00,ABEV3.SA,14.550000190734863,14.569999694824219,14.539999961853027,14.550000190734863,230900
2026-04-24 13:25:00+00:00,ABEV3.SA,14.539999961853027,14.630000114440918,14.539999961853027,14.609999656677246,605300
2026-04-24 13:30:00+00:00,ABEV3.SA,14.630000114440918,14.630000114440918,14.529999732971191,14.529999732971191,382200
2026-04-24 13:35:00+00:00,ABEV3.SA,14.529999732971191,14.569999694824219,14.529999732971191,14.5600004196167,140400
2026-04-24 13:40:00+00:00,ABEV3.SA,14.5600004196167,14.59000015258789,14.550000190734863,14.579999923706055,360700
2026-04-24 13:45:00+00:00,ABEV3.SA,14.579999923706055,14.619999885559082,14.569999694824219,14.600000381469727,424400
2026-04-24 13:50:00+00:00,ABEV3.SA,14.600000381469727,14.640000343322754,14.600000381469727,14.600000381469727,144700
2026-04-24 13:55:00+00:00,ABEV3.SA,14.609999656677246,14.630000114440918,14.59000015258789,14.619999885559082,209300
2026-04-24 14:00:00+00:00,ABEV3.SA,14.619999885559082,14.630000114440918,14.59000015258789,14.600000381469727,107200
2026-04-24 14:05:00+00:00,ABEV3.SA,14.600000381469727,14.619999885559082,14.600000381469727,14.600000381469727,262600
2026-04-24 14:10:00+00:00,ABEV3.SA,14.609999656677246,14.619999885559082,14.59000015258789,14.600000381469727,141500
2026-04-24 14:15:00+00:00,ABEV3.SA,14.600000381469727,14.609999656677246,14.59000015258789,14.600000381469727,157800
2026-04-24 14:20:00+00:00,ABEV3.SA,14.600000381469727,14.609999656677246,14.579999923706055,14.59000015258789,111600
2026-04-24 14:25:00+00:00,ABEV3.SA,14.59000015258789,14.600000381469727,14.579999923706055,14.59000015258789,186100
2026-04-24 14:30:00+00:00,ABEV3.SA,14.600000381469727,14.609999656677246,14.579999923706055,14.609999656677246,327800
2026-04-24 14:35:00+00:00,ABEV3.SA,14.609999656677246,14.609999656677246,14.5600004196167,14.579999923706055,499300
2026-04-24 14:40:00+00:00,ABEV3.SA,14.569999694824219,14.59000015258789,14.539999961853027,14.539999961853027,298800
2026-04-24 14:45:00+00:00,ABEV3.SA,14.5600004196167,14.5600004196167,14.510000228881836,14.520000457763672,108200
2026-04-24 14:50:00+00:00,ABEV3.SA,14.510000228881836,14.520000457763672,14.5,14.510000228881836,149800
2026-04-24 14:55:00+00:00,ABEV3.SA,14.520000457763672,14.5600004196167,14.520000457763672,14.5600004196167,710400
2026-04-24 15:00:00+00:00,ABEV3.SA,14.550000190734863,14.600000381469727,14.550000190734863,14.600000381469727,438100
2026-04-24 15:05:00+00:00,ABEV3.SA,14.600000381469727,14.600000381469727,14.569999694824219,14.579999923706055,492400
2026-04-24 15:10:00+00:00,ABEV3.SA,14.579999923706055,14.59000015258789,14.569999694824219,14.579999923706055,209900
2026-04-24 15:15:00+00:00,ABEV3.SA,14.569999694824219,14.59000015258789,14.5600004196167,14.569999694824219,208400
2026-04-24 15:20:00+00:00,ABEV3.SA,14.569999694824219,14.569999694824219,14.5600004196167,14.569999694824219,42400
2026-04-24 15:25:00+00:00,ABEV3.SA,14.569999694824219,14.569999694824219,14.5600004196167,14.5600004196167,83500
2026-04-24 15:30:00+00:00,ABEV3.SA,14.5600004196167,14.569999694824219,14.550000190734863,14.5600004196167,122900
2026-04-24 15:35:00+00:00,ABEV3.SA,14.5600004196167,14.5600004196167,14.539999961853027,14.550000190734863,138300
2026-04-24 15:40:00+00:00,ABEV3.SA,14.5600004196167,14.600000381469727,14.550000190734863,14.59000015258789,355300
2026-04-24 15:45:00+00:00,ABEV3.SA,14.579999923706055,14.59000015258789,14.5600004196167,14.569999694824219,265700
2026-04-24 15:50:00+00:00,ABEV3.SA,14.569999694824219,14.579999923706055,14.5600004196167,14.569999694824219,85500
2026-04-24 15:55:00+00:00,ABEV3.SA,14.569999694824219,14.579999923706055,14.539999961853027,14.539999961853027,414300
2026-04-24 16:00:00+00:00,ABEV3.SA,14.539999961853027,14.550000190734863,14.529999732971191,14.539999961853027,190100
2026-04-24 16:05:00+00:00,ABEV3.SA,14.550000190734863,14.550000190734863,14.520000457763672,14.529999732971191,122800
2026-04-24 16:10:00+00:00,ABEV3.SA,14.529999732971191,14.529999732971191,14.520000457763672,14.529999732971191,47700
2026-04-24 16:15:00+00:00,ABEV3.SA,14.529999732971191,14.529999732971191,14.510000228881836,14.520000457763672,233100
2026-04-24 16:20:00+00:00,ABEV3.SA,14.520000457763672,14.520000457763672,14.510000228881836,14.510000228881836,67000
2026-04-24 16:25:00+00:00,ABEV3.SA,14.520000457763672,14.520000457763672,14.5,14.5,138700
2026-04-24 16:30:00+00:00,ABEV3.SA,14.5,14.520000457763672,14.5,14.510000228881836,186500
2026-04-24 16:35:00+00:00,ABEV3.SA,14.5,14.510000228881836,14.5,14.510000228881836,72300
2026-04-24 16:40:00+00:00,ABEV3.SA,14.510000228881836,14.510000228881836,14.479999542236328,14.5,442300
2026-04-24 16:45:00+00:00,ABEV3.SA,14.510000228881836,14.520000457763672,14.5,14.520000457763672,36800
2026-04-24 16:50:00+00:00,ABEV3.SA,14.510000228881836,14.529999732971191,14.510000228881836,14.520000457763672,93100
2026-04-24 16:55:00+00:00,ABEV3.SA,14.529999732971191,14.529999732971191,14.510000228881836,14.520000457763672,168200
2026-04-24 17:00:00+00:00,ABEV3.SA,14.510000228881836,14.529999732971191,14.510000228881836,14.510000228881836,222600
2026-04-24 17:05:00+00:00,ABEV3.SA,14.520000457763672,14.529999732971191,14.510000228881836,14.520000457763672,148200
2026-04-24 17:10:00+00:00,ABEV3.SA,14.520000457763672,14.520000457763672,14.5,14.510000228881836,167000
2026-04-24 17:15:00+00:00,ABEV3.SA,14.510000228881836,14.539999961853027,14.510000228881836,14.529999732971191,151700
2026-04-24 17:20:00+00:00,ABEV3.SA,14.520000457763672,14.529999732971191,14.520000457763672,14.529999732971191,41400
2026-04-24 17:25:00+00:00,ABEV3.SA,14.529999732971191,14.539999961853027,14.520000457763672,14.520000457763672,147100
2026-04-24 17:30:00+00:00,ABEV3.SA,14.529999732971191,14.529999732971191,14.510000228881836,14.529999732971191,188500
2026-04-24 17:35:00+00:00,ABEV3.SA,14.529999732971191,14.550000190734863,14.520000457763672,14.539999961853027,277800
2026-04-24 17:40:00+00:00,ABEV3.SA,14.529999732971191,14.550000190734863,14.520000457763672,14.539999961853027,201200
2026-04-24 17:45:00+00:00,ABEV3.SA,14.539999961853027,14.550000190734863,14.529999732971191,14.539999961853027,114000
2026-04-24 17:50:00+00:00,ABEV3.SA,14.539999961853027,14.550000190734863,14.529999732971191,14.529999732971191,203500
2026-04-24 17:55:00+00:00,ABEV3.SA,14.539999961853027,14.539999961853027,14.510000228881836,14.510000228881836,101900
2026-04-24 18:00:00+00:00,ABEV3.SA,14.510000228881836,14.520000457763672,14.5,14.520000457763672,117200
2026-04-24 18:05:00+00:00,ABEV3.SA,14.510000228881836,14.520000457763672,14.5,14.5,118000
2026-04-24 18:10:00+00:00,ABEV3.SA,14.510000228881836,14.510000228881836,14.489999771118164,14.5,117400
2026-04-24 18:15:00+00:00,ABEV3.SA,14.5,14.5,14.489999771118164,14.489999771118164,104200
2026-04-24 18:20:00+00:00,ABEV3.SA,14.489999771118164,14.5,14.479999542236328,14.479999542236328,250300
2026-04-24 18:25:00+00:00,ABEV3.SA,14.479999542236328,14.5,14.479999542236328,14.489999771118164,71500
2026-04-24 18:30:00+00:00,ABEV3.SA,14.489999771118164,14.5,14.489999771118164,14.5,134000
2026-04-24 18:35:00+00:00,ABEV3.SA,14.489999771118164,14.5,14.479999542236328,14.489999771118164,184900
2026-04-24 18:40:00+00:00,ABEV3.SA,14.5,14.510000228881836,14.489999771118164,14.5,73600
2026-04-24 18:45:00+00:00,ABEV3.SA,14.489999771118164,14.5,14.489999771118164,14.489999771118164,88700
2026-04-24 18:50:00+00:00,ABEV3.SA,14.5,14.5,14.489999771118164,14.5,51000
2026-04-24 18:55:00+00:00,ABEV3.SA,14.5,14.5,14.489999771118164,14.5,94500
2026-04-24 19:00:00+00:00,ABEV3.SA,14.5,14.5,14.479999542236328,14.479999542236328,225800
2026-04-24 19:05:00+00:00,ABEV3.SA,14.489999771118164,14.489999771118164,14.460000038146973,14.470000267028809,210600
2026-04-24 19:10:00+00:00,ABEV3.SA,14.479999542236328,14.5,14.460000038146973,14.489999771118164,323400
2026-04-24 19:15:00+00:00,ABEV3.SA,14.489999771118164,14.489999771118164,14.470000267028809,14.479999542236328,283100
2026-04-24 19:20:00+00:00,ABEV3.SA,14.489999771118164,14.529999732971191,14.470000267028809,14.520000457763672,1362200
2026-04-24 19:25:00+00:00,ABEV3.SA,14.529999732971191,14.550000190734863,14.510000228881836,14.510000228881836,1148200
2026-04-24 19:30:00+00:00,ABEV3.SA,14.510000228881836,14.539999961853027,14.510000228881836,14.510000228881836,638700
2026-04-24 19:35:00+00:00,ABEV3.SA,14.520000457763672,14.520000457763672,14.5,14.510000228881836,554500
2026-04-24 19:40:00+00:00,ABEV3.SA,14.520000457763672,14.529999732971191,14.510000228881836,14.520000457763672,304400
2026-04-24 19:45:00+00:00,ABEV3.SA,14.520000457763672,14.539999961853027,14.5,14.529999732971191,1523600
2026-04-24 19:50:00+00:00,ABEV3.SA,14.529999732971191,14.539999961853027,14.510000228881836,14.520000457763672,464200
2026-04-27 13:05:00+00:00,ABEV3.SA,14.619999885559082,14.649999618530273,14.5,14.529999732971191,269700
2026-04-27 13:10:00+00:00,ABEV3.SA,14.539999961853027,14.579999923706055,14.529999732971191,14.550000190734863,266400
2026-04-27 13:15:00+00:00,ABEV3.SA,14.5600004196167,14.59000015258789,14.550000190734863,14.59000015258789,192800
2026-04-27 13:20:00+00:00,ABEV3.SA,14.569999694824219,14.640000343322754,14.569999694824219,14.609999656677246,616700
2026-04-27 13:25:00+00:00,ABEV3.SA,14.619999885559082,14.670000076293945,14.609999656677246,14.649999618530273,115600
2026-04-27 13:30:00+00:00,ABEV3.SA,14.640000343322754,14.640000343322754,14.609999656677246,14.619999885559082,481900
2026-04-27 13:35:00+00:00,ABEV3.SA,14.609999656677246,14.640000343322754,14.600000381469727,14.640000343322754,825500
2026-04-27 13:40:00+00:00,ABEV3.SA,14.640000343322754,14.670000076293945,14.619999885559082,14.649999618530273,143000
2026-04-27 13:45:00+00:00,ABEV3.SA,14.640000343322754,14.65999984741211,14.640000343322754,14.65999984741211,222200
2026-04-27 13:50:00+00:00,ABEV3.SA,14.649999618530273,14.6899995803833,14.649999618530273,14.6899995803833,82200
2026-04-27 13:55:00+00:00,ABEV3.SA,14.680000305175781,14.6899995803833,14.670000076293945,14.670000076293945,72100
2026-04-27 14:00:00+00:00,ABEV3.SA,14.670000076293945,14.6899995803833,14.65999984741211,14.680000305175781,80100
2026-04-27 14:05:00+00:00,ABEV3.SA,14.670000076293945,14.710000038146973,14.670000076293945,14.680000305175781,408400
2026-04-27 14:10:00+00:00,ABEV3.SA,14.680000305175781,14.6899995803833,14.670000076293945,14.670000076293945,57800
2026-04-27 14:15:00+00:00,ABEV3.SA,14.670000076293945,14.680000305175781,14.649999618530273,14.649999618530273,49500
2026-04-27 14:20:00+00:00,ABEV3.SA,14.65999984741211,14.699999809265137,14.649999618530273,14.699999809265137,332000
2026-04-27 14:25:00+00:00,ABEV3.SA,14.6899995803833,14.699999809265137,14.670000076293945,14.6899995803833,315700
2026-04-27 14:30:00+00:00,ABEV3.SA,14.680000305175781,14.6899995803833,14.680000305175781,14.680000305175781,73300
2026-04-27 14:35:00+00:00,ABEV3.SA,14.680000305175781,14.710000038146973,14.670000076293945,14.710000038146973,515900
2026-04-27 14:40:00+00:00,ABEV3.SA,14.699999809265137,14.710000038146973,14.680000305175781,14.680000305175781,61000
2026-04-27 14:45:00+00:00,ABEV3.SA,14.680000305175781,14.6899995803833,14.65999984741211,14.670000076293945,210900
2026-04-27 14:50:00+00:00,ABEV3.SA,14.670000076293945,14.680000305175781,14.649999618530273,14.65999984741211,129700
2026-04-27 14:55:00+00:00,ABEV3.SA,14.65999984741211,14.670000076293945,14.649999618530273,14.65999984741211,73300
2026-04-27 15:00:00+00:00,ABEV3.SA,14.649999618530273,14.670000076293945,14.640000343322754,14.649999618530273,148400
2026-04-27 15:05:00+00:00,ABEV3.SA,14.640000343322754,14.65999984741211,14.640000343322754,14.65999984741211,81200
2026-04-27 15:10:00+00:00,ABEV3.SA,14.649999618530273,14.65999984741211,14.640000343322754,14.640000343322754,68100
2026-04-27 15:15:00+00:00,ABEV3.SA,14.640000343322754,14.65999984741211,14.640000343322754,14.649999618530273,91500
2026-04-27 15:20:00+00:00,ABEV3.SA,14.640000343322754,14.65999984741211,14.630000114440918,14.630000114440918,491400
2026-04-27 15:25:00+00:00,ABEV3.SA,14.640000343322754,14.640000343322754,14.619999885559082,14.630000114440918,138900
2026-04-27 15:30:00+00:00,ABEV3.SA,14.640000343322754,14.649999618530273,14.630000114440918,14.630000114440918,141600
2026-04-27 15:35:00+00:00,ABEV3.SA,14.630000114440918,14.640000343322754,14.619999885559082,14.619999885559082,184300
2026-04-27 15:40:00+00:00,ABEV3.SA,14.640000343322754,14.670000076293945,14.619999885559082,14.65999984741211,345100
2026-04-27 15:45:00+00:00,ABEV3.SA,14.65999984741211,14.65999984741211,14.630000114440918,14.630000114440918,64500
2026-04-27 15:50:00+00:00,ABEV3.SA,14.630000114440918,14.65999984741211,14.630000114440918,14.649999618530273,87800
2026-04-27 15:55:00+00:00,ABEV3.SA,14.65999984741211,14.670000076293945,14.649999618530273,14.65999984741211,84500
2026-04-27 16:00:00+00:00,ABEV3.SA,14.65999984741211,14.65999984741211,14.640000343322754,14.649999618530273,65300
2026-04-27 16:05:00+00:00,ABEV3.SA,14.649999618530273,14.649999618530273,14.640000343322754,14.649999618530273,34700
2026-04-27 16:10:00+00:00,ABEV3.SA,14.640000343322754,14.649999618530273,14.630000114440918,14.640000343322754,118600
2026-04-27 16:15:00+00:00,ABEV3.SA,14.630000114440918,14.649999618530273,14.630000114440918,14.640000343322754,54600
2026-04-27 16:20:00+00:00,ABEV3.SA,14.630000114440918,14.640000343322754,14.630000114440918,14.630000114440918,32400
2026-04-27 16:25:00+00:00,ABEV3.SA,14.640000343322754,14.640000343322754,14.630000114440918,14.630000114440918,21900
2026-04-27 16:30:00+00:00,ABEV3.SA,14.630000114440918,14.649999618530273,14.630000114440918,14.649999618530273,42900
2026-04-27 16:35:00+00:00,ABEV3.SA,14.649999618530273,14.649999618530273,14.609999656677246,14.619999885559082,274100
2026-04-27 16:40:00+00:00,ABEV3.SA,14.609999656677246,14.619999885559082,14.600000381469727,14.600000381469727,42800
2026-04-27 16:45:00+00:00,ABEV3.SA,14.600000381469727,14.609999656677246,14.600000381469727,14.609999656677246,29400
2026-04-27 16:50:00+00:00,ABEV3.SA,14.600000381469727,14.609999656677246,14.600000381469727,14.600000381469727,126100
2026-04-27 16:55:00+00:00,ABEV3.SA,14.600000381469727,14.609999656677246,14.600000381469727,14.600000381469727,108000
2026-04-27 17:00:00+00:00,ABEV3.SA,14.609999656677246,14.609999656677246,14.579999923706055,14.579999923706055,198800
2026-04-27 17:05:00+00:00,ABEV3.SA,14.579999923706055,14.59000015258789,14.5600004196167,14.569999694824219,100400
2026-04-27 17:10:00+00:00,ABEV3.SA,14.5600004196167,14.569999694824219,14.5600004196167,14.569999694824219,36400
2026-04-27 17:15:00+00:00,ABEV3.SA,14.5600004196167,14.569999694824219,14.539999961853027,14.539999961853027,96600
2026-04-27 17:20:00+00:00,ABEV3.SA,14.539999961853027,14.5600004196167,14.539999961853027,14.550000190734863,86900
2026-04-27 17:25:00+00:00,ABEV3.SA,14.5600004196167,14.579999923706055,14.550000190734863,14.579999923706055,86400
2026-04-27 17:30:00+00:00,ABEV3.SA,14.569999694824219,14.600000381469727,14.569999694824219,14.579999923706055,395500
2026-04-27 17:35:00+00:00,ABEV3.SA,14.59000015258789,14.59000015258789,14.569999694824219,14.579999923706055,68700
2026-04-27 17:40:00+00:00,ABEV3.SA,14.59000015258789,14.59000015258789,14.569999694824219,14.579999923706055,213500
2026-04-27 17:45:00+00:00,ABEV3.SA,14.579999923706055,14.579999923706055,14.569999694824219,14.569999694824219,57400
2026-04-27 17:50:00+00:00,ABEV3.SA,14.569999694824219,14.579999923706055,14.550000190734863,14.550000190734863,94200
2026-04-27 17:55:00+00:00,ABEV3.SA,14.5600004196167,14.579999923706055,14.550000190734863,14.579999923706055,249900
2026-04-27 18:00:00+00:00,ABEV3.SA,14.569999694824219,14.59000015258789,14.5600004196167,14.579999923706055,302100
2026-04-27 18:05:00+00:00,ABEV3.SA,14.569999694824219,14.59000015258789,14.569999694824219,14.579999923706055,154000
2026-04-27 18:10:00+00:00,ABEV3.SA,14.579999923706055,14.579999923706055,14.569999694824219,14.569999694824219,45900
2026-04-27 18:15:00+00:00,ABEV3.SA,14.569999694824219,14.579999923706055,14.569999694824219,14.579999923706055,88400
2026-04-27 18:20:00+00:00,ABEV3.SA,14.569999694824219,14.579999923706055,14.569999694824219,14.569999694824219,75900
2026-04-27 18:25:00+00:00,ABEV3.SA,14.569999694824219,14.579999923706055,14.569999694824219,14.569999694824219,178900
2026-04-27 18:30:00+00:00,ABEV3.SA,14.579999923706055,14.579999923706055,14.550000190734863,14.550000190734863,79200
2026-04-27 18:35:00+00:00,ABEV3.SA,14.550000190734863,14.569999694824219,14.550000190734863,14.5600004196167,189200
2026-04-27 18:40:00+00:00,ABEV3.SA,14.5600004196167,14.569999694824219,14.550000190734863,14.550000190734863,105200
2026-04-27 18:45:00+00:00,ABEV3.SA,14.5600004196167,14.5600004196167,14.550000190734863,14.5600004196167,68500
2026-04-27 18:50:00+00:00,ABEV3.SA,14.550000190734863,14.5600004196167,14.539999961853027,14.550000190734863,399600
2026-04-27 18:55:00+00:00,ABEV3.SA,14.539999961853027,14.5600004196167,14.539999961853027,14.550000190734863,366100
2026-04-27 19:00:00+00:00,ABEV3.SA,14.550000190734863,14.5600004196167,14.550000190734863,14.5600004196167,91500
2026-04-27 19:05:00+00:00,ABEV3.SA,14.5600004196167,14.5600004196167,14.550000190734863,14.550000190734863,90700
2026-04-27 19:10:00+00:00,ABEV3.SA,14.5600004196167,14.5600004196167,14.550000190734863,14.5600004196167,123800
2026-04-27 19:15:00+00:00,ABEV3.SA,14.5600004196167,14.5600004196167,14.550000190734863,14.5600004196167,95800
2026-04-27 19:20:00+00:00,ABEV3.SA,14.550000190734863,14.5600004196167,14.539999961853027,14.5600004196167,281300
2026-04-27 19:25:00+00:00,ABEV3.SA,14.550000190734863,14.5600004196167,14.550000190734863,14.550000190734863,247800
2026-04-27 19:30:00+00:00,ABEV3.SA,14.550000190734863,14.5600004196167,14.529999732971191,14.539999961853027,326900
2026-04-27 19:35:00+00:00,ABEV3.SA,14.550000190734863,14.550000190734863,14.529999732971191,14.550000190734863,221600
2026-04-27 19:40:00+00:00,ABEV3.SA,14.550000190734863,14.550000190734863,14.539999961853027,14.539999961853027,166000
2026-04-27 19:45:00+00:00,ABEV3.SA,14.550000190734863,14.5600004196167,14.529999732971191,14.550000190734863,564400
2026-04-27 19:50:00+00:00,ABEV3.SA,14.550000190734863,14.5600004196167,14.529999732971191,14.550000190734863,280000
2026-04-28 13:00:00+00:00,ABEV3.SA,14.40999984741211,14.520000457763672,14.399999618530273,14.40999984741211,0
2026-04-28 13:05:00+00:00,ABEV3.SA,14.40999984741211,14.460000038146973,14.399999618530273,14.449999809265137,187300
2026-04-28 13:10:00+00:00,ABEV3.SA,14.449999809265137,14.479999542236328,14.420000076293945,14.4399995803833,198900
2026-04-28 13:15:00+00:00,ABEV3.SA,14.4399995803833,14.470000267028809,14.420000076293945,14.4399995803833,379200
2026-04-28 13:20:00+00:00,ABEV3.SA,14.4399995803833,14.449999809265137,14.420000076293945,14.430000305175781,122000
2026-04-28 13:25:00+00:00,ABEV3.SA,14.430000305175781,14.470000267028809,14.420000076293945,14.460000038146973,283100
2026-04-28 13:30:00+00:00,ABEV3.SA,14.460000038146973,14.470000267028809,14.430000305175781,14.449999809265137,220400
2026-04-28 13:35:00+00:00,ABEV3.SA,14.460000038146973,14.510000228881836,14.449999809265137,14.5,399800
2026-04-28 13:40:00+00:00,ABEV3.SA,14.489999771118164,14.520000457763672,14.479999542236328,14.510000228881836,386300
2026-04-28 13:45:00+00:00,ABEV3.SA,14.5,14.520000457763672,14.489999771118164,14.489999771118164,92700
2026-04-28 13:50:00+00:00,ABEV3.SA,14.489999771118164,14.510000228881836,14.489999771118164,14.5,90900
2026-04-28 13:55:00+00:00,ABEV3.SA,14.5,14.520000457763672,14.489999771118164,14.5,115000
2026-04-28 14:00:00+00:00,ABEV3.SA,14.489999771118164,14.520000457763672,14.489999771118164,14.520000457763672,123800
2026-04-28 14:05:00+00:00,ABEV3.SA,14.510000228881836,14.529999732971191,14.510000228881836,14.510000228881836,97500
2026-04-28 14:10:00+00:00,ABEV3.SA,14.510000228881836,14.529999732971191,14.510000228881836,14.529999732971191,71400
2026-04-28 14:15:00+00:00,ABEV3.SA,14.520000457763672,14.529999732971191,14.5,14.5,92900
2026-04-28 14:20:00+00:00,ABEV3.SA,14.510000228881836,14.520000457763672,14.5,14.510000228881836,157800
2026-04-28 14:25:00+00:00,ABEV3.SA,14.510000228881836,14.520000457763672,14.489999771118164,14.510000228881836,74000
2026-04-28 14:30:00+00:00,ABEV3.SA,14.5,14.5600004196167,14.5,14.539999961853027,746800
2026-04-28 14:35:00+00:00,ABEV3.SA,14.539999961853027,14.550000190734863,14.510000228881836,14.520000457763672,129400
2026-04-28 14:40:00+00:00,ABEV3.SA,14.520000457763672,14.550000190734863,14.510000228881836,14.539999961853027,127100
2026-04-28 14:45:00+00:00,ABEV3.SA,14.539999961853027,14.569999694824219,14.539999961853027,14.5600004196167,111500
2026-04-28 14:50:00+00:00,ABEV3.SA,14.5600004196167,14.59000015258789,14.539999961853027,14.579999923706055,552600
2026-04-28 14:55:00+00:00,ABEV3.SA,14.579999923706055,14.600000381469727,14.569999694824219,14.569999694824219,398600
2026-04-28 15:00:00+00:00,ABEV3.SA,14.569999694824219,14.609999656677246,14.569999694824219,14.600000381469727,208100
2026-04-28 15:05:00+00:00,ABEV3.SA,14.609999656677246,14.609999656677246,14.579999923706055,14.600000381469727,56800
2026-04-28 15:10:00+00:00,ABEV3.SA,14.600000381469727,14.619999885559082,14.59000015258789,14.609999656677246,148500
2026-04-28 15:15:00+00:00,ABEV3.SA,14.619999885559082,14.619999885559082,14.59000015258789,14.609999656677246,82600
2026-04-28 15:20:00+00:00,ABEV3.SA,14.600000381469727,14.609999656677246,14.59000015258789,14.600000381469727,39500
2026-04-28 15:25:00+00:00,ABEV3.SA,14.59000015258789,14.609999656677246,14.579999923706055,14.579999923706055,58200
2026-04-28 15:30:00+00:00,ABEV3.SA,14.579999923706055,14.59000015258789,14.579999923706055,14.59000015258789,34200
2026-04-28 15:35:00+00:00,ABEV3.SA,14.579999923706055,14.59000015258789,14.569999694824219,14.579999923706055,80600
2026-04-28 15:40:00+00:00,ABEV3.SA,14.579999923706055,14.59000015258789,14.569999694824219,14.569999694824219,87200
2026-04-28 15:45:00+00:00,ABEV3.SA,14.579999923706055,14.579999923706055,14.5600004196167,14.5600004196167,72100
2026-04-28 15:50:00+00:00,ABEV3.SA,14.5600004196167,14.579999923706055,14.5600004196167,14.5600004196167,69700
2026-04-28 15:55:00+00:00,ABEV3.SA,14.569999694824219,14.569999694824219,14.5600004196167,14.5600004196167,19500
2026-04-28 16:00:00+00:00,ABEV3.SA,14.569999694824219,14.569999694824219,14.550000190734863,14.5600004196167,35300
2026-04-28 16:05:00+00:00,ABEV3.SA,14.550000190734863,14.5600004196167,14.539999961853027,14.539999961853027,53000
2026-04-28 16:10:00+00:00,ABEV3.SA,14.539999961853027,14.550000190734863,14.539999961853027,14.550000190734863,34000
2026-04-28 16:15:00+00:00,ABEV3.SA,14.539999961853027,14.550000190734863,14.539999961853027,14.539999961853027,34400
2026-04-28 16:20:00+00:00,ABEV3.SA,14.550000190734863,14.5600004196167,14.539999961853027,14.550000190734863,48400
2026-04-28 16:25:00+00:00,ABEV3.SA,14.5600004196167,14.569999694824219,14.550000190734863,14.569999694824219,48200
2026-04-28 16:30:00+00:00,ABEV3.SA,14.569999694824219,14.569999694824219,14.550000190734863,14.5600004196167,43900
2026-04-28 16:35:00+00:00,ABEV3.SA,14.5600004196167,14.5600004196167,14.550000190734863,14.5600004196167,34200
2026-04-28 16:40:00+00:00,ABEV3.SA,14.550000190734863,14.5600004196167,14.550000190734863,14.5600004196167,36100
2026-04-28 16:45:00+00:00,ABEV3.SA,14.5600004196167,14.5600004196167,14.550000190734863,14.550000190734863,44400
2026-04-28 16:50:00+00:00,ABEV3.SA,14.5600004196167,14.569999694824219,14.550000190734863,14.5600004196167,954700
2026-04-28 16:55:00+00:00,ABEV3.SA,14.5600004196167,14.569999694824219,14.550000190734863,14.569999694824219,103500
2026-04-28 17:00:00+00:00,ABEV3.SA,14.569999694824219,14.569999694824219,14.550000190734863,14.5600004196167,36200
2026-04-28 17:05:00+00:00,ABEV3.SA,14.550000190734863,14.5600004196167,14.550000190734863,14.550000190734863,43000
2026-04-28 17:10:00+00:00,ABEV3.SA,14.5600004196167,14.5600004196167,14.539999961853027,14.539999961853027,56200
2026-04-28 17:15:00+00:00,ABEV3.SA,14.550000190734863,14.550000190734863,14.529999732971191,14.529999732971191,91300
2026-04-28 17:20:00+00:00,ABEV3.SA,14.529999732971191,14.539999961853027,14.529999732971191,14.539999961853027,37700
2026-04-28 17:25:00+00:00,ABEV3.SA,14.529999732971191,14.5600004196167,14.529999732971191,14.5600004196167,66700
2026-04-28 17:30:00+00:00,ABEV3.SA,14.550000190734863,14.550000190734863,14.539999961853027,14.550000190734863,56100
2026-04-28 17:35:00+00:00,ABEV3.SA,14.539999961853027,14.619999885559082,14.539999961853027,14.619999885559082,602600
2026-04-28 17:40:00+00:00,ABEV3.SA,14.609999656677246,14.630000114440918,14.59000015258789,14.59000015258789,311500
2026-04-28 17:45:00+00:00,ABEV3.SA,14.59000015258789,14.600000381469727,14.579999923706055,14.579999923706055,76100
2026-04-28 17:50:00+00:00,ABEV3.SA,14.59000015258789,14.59000015258789,14.569999694824219,14.59000015258789,105500
2026-04-28 17:55:00+00:00,ABEV3.SA,14.579999923706055,14.59000015258789,14.579999923706055,14.579999923706055,110100
2026-04-28 18:00:00+00:00,ABEV3.SA,14.579999923706055,14.59000015258789,14.5600004196167,14.569999694824219,88900
2026-04-28 18:05:00+00:00,ABEV3.SA,14.5600004196167,14.569999694824219,14.550000190734863,14.550000190734863,51300
2026-04-28 18:10:00+00:00,ABEV3.SA,14.5600004196167,14.5600004196167,14.539999961853027,14.550000190734863,105200
2026-04-28 18:15:00+00:00,ABEV3.SA,14.5600004196167,14.569999694824219,14.550000190734863,14.5600004196167,48600
2026-04-28 18:20:00+00:00,ABEV3.SA,14.5600004196167,14.569999694824219,14.550000190734863,14.550000190734863,65600
2026-04-28 18:25:00+00:00,ABEV3.SA,14.5600004196167,14.5600004196167,14.550000190734863,14.550000190734863,43700
2026-04-28 18:30:00+00:00,ABEV3.SA,14.550000190734863,14.5600004196167,14.539999961853027,14.550000190734863,146300
2026-04-28 18:35:00+00:00,ABEV3.SA,14.539999961853027,14.5600004196167,14.539999961853027,14.550000190734863,116000
2026-04-28 18:40:00+00:00,ABEV3.SA,14.5600004196167,14.5600004196167,14.550000190734863,14.5600004196167,68900
2026-04-28 18:45:00+00:00,ABEV3.SA,14.5600004196167,14.5600004196167,14.550000190734863,14.5600004196167,59300
2026-04-28 18:50:00+00:00,ABEV3.SA,14.550000190734863,14.5600004196167,14.550000190734863,14.550000190734863,64600
2026-04-28 18:55:00+00:00,ABEV3.SA,14.5600004196167,14.5600004196167,14.550000190734863,14.5600004196167,169200
2026-04-28 19:00:00+00:00,ABEV3.SA,14.5600004196167,14.5600004196167,14.529999732971191,14.539999961853027,152500
2026-04-28 19:05:00+00:00,ABEV3.SA,14.550000190734863,14.5600004196167,14.529999732971191,14.529999732971191,164100
2026-04-28 19:10:00+00:00,ABEV3.SA,14.529999732971191,14.539999961853027,14.529999732971191,14.529999732971191,68500
2026-04-28 19:15:00+00:00,ABEV3.SA,14.539999961853027,14.539999961853027,14.529999732971191,14.529999732971191,71800
2026-04-28 19:20:00+00:00,ABEV3.SA,14.539999961853027,14.550000190734863,14.529999732971191,14.539999961853027,80400
2026-04-28 19:25:00+00:00,ABEV3.SA,14.539999961853027,14.550000190734863,14.539999961853027,14.550000190734863,95200
2026-04-28 19:30:00+00:00,ABEV3.SA,14.539999961853027,14.550000190734863,14.520000457763672,14.520000457763672,335800
2026-04-28 19:35:00+00:00,ABEV3.SA,14.520000457763672,14.5600004196167,14.520000457763672,14.550000190734863,182900
2026-04-28 19:40:00+00:00,ABEV3.SA,14.550000190734863,14.600000381469727,14.550000190734863,14.579999923706055,677400
2026-04-28 19:45:00+00:00,ABEV3.SA,14.579999923706055,14.600000381469727,14.579999923706055,14.59000015258789,346100
2026-04-28 19:50:00+00:00,ABEV3.SA,14.579999923706055,14.59000015258789,14.520000457763672,14.59000015258789,755300
2026-04-29 13:05:00+00:00,ABEV3.SA,14.510000228881836,14.529999732971191,14.40999984741211,14.470000267028809,45400
2026-04-29 13:10:00+00:00,ABEV3.SA,14.470000267028809,14.550000190734863,14.449999809265137,14.550000190734863,138300
2026-04-29 13:15:00+00:00,ABEV3.SA,14.550000190734863,14.5600004196167,14.510000228881836,14.520000457763672,264200
2026-04-29 13:20:00+00:00,ABEV3.SA,14.510000228881836,14.539999961853027,14.5,14.510000228881836,115800
2026-04-29 13:25:00+00:00,ABEV3.SA,14.510000228881836,14.529999732971191,14.470000267028809,14.489999771118164,159100
2026-04-29 13:30:00+00:00,ABEV3.SA,14.489999771118164,14.510000228881836,14.470000267028809,14.470000267028809,122100
2026-04-29 13:35:00+00:00,ABEV3.SA,14.470000267028809,14.510000228881836,14.470000267028809,14.489999771118164,157400
2026-04-29 13:40:00+00:00,ABEV3.SA,14.489999771118164,14.5,14.460000038146973,14.460000038146973,179000
2026-04-29 13:45:00+00:00,ABEV3.SA,14.460000038146973,14.460000038146973,14.420000076293945,14.430000305175781,197700
2026-04-29 13:50:00+00:00,ABEV3.SA,14.4399995803833,14.449999809265137,14.420000076293945,14.420000076293945,191400
2026-04-29 13:55:00+00:00,ABEV3.SA,14.430000305175781,14.430000305175781,14.390000343322754,14.399999618530273,288700
2026-04-29 14:00:00+00:00,ABEV3.SA,14.399999618530273,14.40999984741211,14.380000114440918,14.40999984741211,173300
2026-04-29 14:05:00+00:00,ABEV3.SA,14.399999618530273,14.430000305175781,14.399999618530273,14.430000305175781,265100
2026-04-29 14:10:00+00:00,ABEV3.SA,14.420000076293945,14.430000305175781,14.40999984741211,14.420000076293945,150400
2026-04-29 14:15:00+00:00,ABEV3.SA,14.420000076293945,14.430000305175781,14.40999984741211,14.420000076293945,98700
2026-04-29 14:20:00+00:00,ABEV3.SA,14.420000076293945,14.430000305175781,14.399999618530273,14.420000076293945,158200
2026-04-29 14:25:00+00:00,ABEV3.SA,14.40999984741211,14.4399995803833,14.40999984741211,14.430000305175781,197700
2026-04-29 14:30:00+00:00,ABEV3.SA,14.430000305175781,14.4399995803833,14.420000076293945,14.430000305175781,191000
2026-04-29 14:35:00+00:00,ABEV3.SA,14.420000076293945,14.449999809265137,14.420000076293945,14.449999809265137,188200
2026-04-29 14:40:00+00:00,ABEV3.SA,14.4399995803833,14.449999809265137,14.4399995803833,14.449999809265137,77500
2026-04-29 14:45:00+00:00,ABEV3.SA,14.449999809265137,14.449999809265137,14.399999618530273,14.449999809265137,421700
2026-04-29 14:50:00+00:00,ABEV3.SA,14.449999809265137,14.460000038146973,14.4399995803833,14.4399995803833,248900
2026-04-29 14:55:00+00:00,ABEV3.SA,14.449999809265137,14.470000267028809,14.4399995803833,14.449999809265137,577100
2026-04-29 15:00:00+00:00,ABEV3.SA,14.449999809265137,14.460000038146973,14.430000305175781,14.449999809265137,203600
2026-04-29 15:05:00+00:00,ABEV3.SA,14.4399995803833,14.449999809265137,14.430000305175781,14.430000305175781,144200
2026-04-29 15:10:00+00:00,ABEV3.SA,14.4399995803833,14.4399995803833,14.420000076293945,14.420000076293945,195000
2026-04-29 15:15:00+00:00,ABEV3.SA,14.420000076293945,14.449999809265137,14.420000076293945,14.4399995803833,74900
2026-04-29 15:20:00+00:00,ABEV3.SA,14.4399995803833,14.449999809265137,14.430000305175781,14.4399995803833,126700
2026-04-29 15:25:00+00:00,ABEV3.SA,14.430000305175781,14.4399995803833,14.420000076293945,14.430000305175781,177900
2026-04-29 15:30:00+00:00,ABEV3.SA,14.420000076293945,14.430000305175781,14.40999984741211,14.420000076293945,200000
2026-04-29 15:35:00+00:00,ABEV3.SA,14.420000076293945,14.430000305175781,14.40999984741211,14.420000076293945,198000
2026-04-29 15:40:00+00:00,ABEV3.SA,14.420000076293945,14.430000305175781,14.420000076293945,14.420000076293945,69100
2026-04-29 15:45:00+00:00,ABEV3.SA,14.420000076293945,14.420000076293945,14.399999618530273,14.399999618530273,167700
2026-04-29 15:50:00+00:00,ABEV3.SA,14.399999618530273,14.40999984741211,14.390000343322754,14.390000343322754,418400
2026-04-29 15:55:00+00:00,ABEV3.SA,14.390000343322754,14.420000076293945,14.390000343322754,14.399999618530273,200900
2026-04-29 16:00:00+00:00,ABEV3.SA,14.399999618530273,14.430000305175781,14.399999618530273,14.420000076293945,112900
2026-04-29 16:05:00+00:00,ABEV3.SA,14.420000076293945,14.4399995803833,14.420000076293945,14.420000076293945,116200
2026-04-29 16:10:00+00:00,ABEV3.SA,14.420000076293945,14.430000305175781,14.40999984741211,14.40999984741211,208400
2026-04-29 16:15:00+00:00,ABEV3.SA,14.40999984741211,14.430000305175781,14.399999618530273,14.40999984741211,148100
2026-04-29 16:20:00+00:00,ABEV3.SA,14.399999618530273,14.40999984741211,14.380000114440918,14.380000114440918,124100
2026-04-29 16:25:00+00:00,ABEV3.SA,14.380000114440918,14.390000343322754,14.369999885559082,14.369999885559082,147800
2026-04-29 16:30:00+00:00,ABEV3.SA,14.369999885559082,14.399999618530273,14.369999885559082,14.390000343322754,258800
2026-04-29 16:35:00+00:00,ABEV3.SA,14.390000343322754,14.420000076293945,14.390000343322754,14.40999984741211,140100
2026-04-29 16:40:00+00:00,ABEV3.SA,14.420000076293945,14.430000305175781,14.399999618530273,14.430000305175781,190300
2026-04-29 16:45:00+00:00,ABEV3.SA,14.430000305175781,14.430000305175781,14.40999984741211,14.40999984741211,106300
2026-04-29 16:50:00+00:00,ABEV3.SA,14.40999984741211,14.430000305175781,14.40999984741211,14.420000076293945,103200
2026-04-29 16:55:00+00:00,ABEV3.SA,14.420000076293945,14.430000305175781,14.40999984741211,14.430000305175781,94300
2026-04-29 17:00:00+00:00,ABEV3.SA,14.430000305175781,14.430000305175781,14.40999984741211,14.40999984741211,57000
2026-04-29 17:05:00+00:00,ABEV3.SA,14.40999984741211,14.420000076293945,14.40999984741211,14.40999984741211,44400
2026-04-29 17:10:00+00:00,ABEV3.SA,14.420000076293945,14.420000076293945,14.399999618530273,14.40999984741211,495300
2026-04-29 17:15:00+00:00,ABEV3.SA,14.420000076293945,14.420000076293945,14.40999984741211,14.420000076293945,88400
2026-04-29 17:20:00+00:00,ABEV3.SA,14.40999984741211,14.430000305175781,14.40999984741211,14.40999984741211,166700
2026-04-29 17:25:00+00:00,ABEV3.SA,14.40999984741211,14.420000076293945,14.40999984741211,14.420000076293945,53800
2026-04-29 17:30:00+00:00,ABEV3.SA,14.420000076293945,14.430000305175781,14.40999984741211,14.40999984741211,133400
2026-04-29 17:35:00+00:00,ABEV3.SA,14.40999984741211,14.420000076293945,14.390000343322754,14.40999984741211,194200
2026-04-29 17:40:00+00:00,ABEV3.SA,14.40999984741211,14.420000076293945,14.399999618530273,14.40999984741211,133700
2026-04-29 17:45:00+00:00,ABEV3.SA,14.420000076293945,14.4399995803833,14.40999984741211,14.430000305175781,203700
2026-04-29 17:50:00+00:00,ABEV3.SA,14.420000076293945,14.430000305175781,14.420000076293945,14.420000076293945,72200
2026-04-29 17:55:00+00:00,ABEV3.SA,14.420000076293945,14.430000305175781,14.40999984741211,14.420000076293945,101300
2026-04-29 18:00:00+00:00,ABEV3.SA,14.40999984741211,14.420000076293945,14.390000343322754,14.390000343322754,198000
2026-04-29 18:05:00+00:00,ABEV3.SA,14.399999618530273,14.399999618530273,14.369999885559082,14.369999885559082,190000
2026-04-29 18:10:00+00:00,ABEV3.SA,14.380000114440918,14.390000343322754,14.369999885559082,14.380000114440918,142500
2026-04-29 18:15:00+00:00,ABEV3.SA,14.380000114440918,14.40999984741211,14.369999885559082,14.399999618530273,171000
2026-04-29 18:20:00+00:00,ABEV3.SA,14.399999618530273,14.420000076293945,14.390000343322754,14.390000343322754,150000
2026-04-29 18:25:00+00:00,ABEV3.SA,14.390000343322754,14.399999618530273,14.380000114440918,14.380000114440918,144600
2026-04-29 18:30:00+00:00,ABEV3.SA,14.380000114440918,14.399999618530273,14.359999656677246,14.390000343322754,265200
2026-04-29 18:35:00+00:00,ABEV3.SA,14.380000114440918,14.40999984741211,14.369999885559082,14.399999618530273,250400
2026-04-29 18:40:00+00:00,ABEV3.SA,14.390000343322754,14.390000343322754,14.359999656677246,14.380000114440918,433200
2026-04-29 18:45:00+00:00,ABEV3.SA,14.369999885559082,14.380000114440918,14.359999656677246,14.369999885559082,308100
2026-04-29 18:50:00+00:00,ABEV3.SA,14.380000114440918,14.399999618530273,14.369999885559082,14.380000114440918,206400
2026-04-29 18:55:00+00:00,ABEV3.SA,14.380000114440918,14.399999618530273,14.380000114440918,14.390000343322754,110100
2026-04-29 19:00:00+00:00,ABEV3.SA,14.390000343322754,14.390000343322754,14.380000114440918,14.380000114440918,142600
2026-04-29 19:05:00+00:00,ABEV3.SA,14.390000343322754,14.390000343322754,14.369999885559082,14.390000343322754,132600
2026-04-29 19:10:00+00:00,ABEV3.SA,14.380000114440918,14.399999618530273,14.380000114440918,14.390000343322754,141000
2026-04-29 19:15:00+00:00,ABEV3.SA,14.390000343322754,14.399999618530273,14.380000114440918,14.390000343322754,275800
2026-04-29 19:20:00+00:00,ABEV3.SA,14.380000114440918,14.390000343322754,14.369999885559082,14.380000114440918,239500
2026-04-29 19:25:00+00:00,ABEV3.SA,14.380000114440918,14.390000343322754,14.369999885559082,14.380000114440918,152100
2026-04-29 19:30:00+00:00,ABEV3.SA,14.369999885559082,14.380000114440918,14.329999923706055,14.350000381469727,544000
2026-04-29 19:35:00+00:00,ABEV3.SA,14.34000015258789,14.369999885559082,14.34000015258789,14.359999656677246,262000
2026-04-29 19:40:00+00:00,ABEV3.SA,14.369999885559082,14.380000114440918,14.359999656677246,14.369999885559082,325400
2026-04-29 19:45:00+00:00,ABEV3.SA,14.359999656677246,14.369999885559082,14.34000015258789,14.34000015258789,400200
2026-04-29 19:50:00+00:00,ABEV3.SA,14.34000015258789,14.359999656677246,14.319999694824219,14.350000381469727,260500
2026-04-30 13:00:00+00:00,ABEV3.SA,14.359999656677246,14.449999809265137,14.359999656677246,14.40999984741211,0
2026-04-30 13:05:00+00:00,ABEV3.SA,14.420000076293945,14.4399995803833,14.399999618530273,14.399999618530273,92800
2026-04-30 13:10:00+00:00,ABEV3.SA,14.399999618530273,14.4399995803833,14.390000343322754,14.430000305175781,66900
2026-04-30 13:15:00+00:00,ABEV3.SA,14.4399995803833,14.460000038146973,14.40999984741211,14.420000076293945,108200
2026-04-30 13:20:00+00:00,ABEV3.SA,14.420000076293945,14.4399995803833,14.40999984741211,14.430000305175781,120300
2026-04-30 13:25:00+00:00,ABEV3.SA,14.420000076293945,14.470000267028809,14.420000076293945,14.460000038146973,148300
2026-04-30 13:30:00+00:00,ABEV3.SA,14.449999809265137,14.5,14.4399995803833,14.470000267028809,289600
2026-04-30 13:35:00+00:00,ABEV3.SA,14.460000038146973,14.489999771118164,14.460000038146973,14.470000267028809,226200
2026-04-30 13:40:00+00:00,ABEV3.SA,14.470000267028809,14.520000457763672,14.460000038146973,14.520000457763672,277900
2026-04-30 13:45:00+00:00,ABEV3.SA,14.520000457763672,14.520000457763672,14.5,14.520000457763672,110700
2026-04-30 13:50:00+00:00,ABEV3.SA,14.520000457763672,14.550000190734863,14.5,14.539999961853027,235500
2026-04-30 13:55:00+00:00,ABEV3.SA,14.539999961853027,14.550000190734863,14.529999732971191,14.550000190734863,181700
2026-04-30 14:00:00+00:00,ABEV3.SA,14.550000190734863,14.569999694824219,14.529999732971191,14.5600004196167,705000
2026-04-30 14:05:00+00:00,ABEV3.SA,14.550000190734863,14.579999923706055,14.539999961853027,14.550000190734863,376200
2026-04-30 14:10:00+00:00,ABEV3.SA,14.550000190734863,14.569999694824219,14.550000190734863,14.550000190734863,91500
2026-04-30 14:15:00+00:00,ABEV3.SA,14.5600004196167,14.569999694824219,14.550000190734863,14.5600004196167,97700
2026-04-30 14:20:00+00:00,ABEV3.SA,14.5600004196167,14.59000015258789,14.550000190734863,14.579999923706055,84200
2026-04-30 14:25:00+00:00,ABEV3.SA,14.59000015258789,14.609999656677246,14.579999923706055,14.609999656677246,183000
2026-04-30 14:30:00+00:00,ABEV3.SA,14.600000381469727,14.600000381469727,14.579999923706055,14.59000015258789,106100
2026-04-30 14:35:00+00:00,ABEV3.SA,14.59000015258789,14.600000381469727,14.579999923706055,14.600000381469727,122500
2026-04-30 14:40:00+00:00,ABEV3.SA,14.59000015258789,14.609999656677246,14.579999923706055,14.59000015258789,167000
2026-04-30 14:45:00+00:00,ABEV3.SA,14.59000015258789,14.640000343322754,14.59000015258789,14.640000343322754,204700
2026-04-30 14:50:00+00:00,ABEV3.SA,14.630000114440918,14.640000343322754,14.609999656677246,14.630000114440918,182000
2026-04-30 14:55:00+00:00,ABEV3.SA,14.619999885559082,14.619999885559082,14.609999656677246,14.609999656677246,92400
2026-04-30 15:00:00+00:00,ABEV3.SA,14.609999656677246,14.630000114440918,14.600000381469727,14.609999656677246,114100
2026-04-30 15:05:00+00:00,ABEV3.SA,14.600000381469727,14.630000114440918,14.600000381469727,14.630000114440918,151600
2026-04-30 15:10:00+00:00,ABEV3.SA,14.619999885559082,14.630000114440918,14.609999656677246,14.630000114440918,128800
2026-04-30 15:15:00+00:00,ABEV3.SA,14.619999885559082,14.630000114440918,14.609999656677246,14.609999656677246,116200
2026-04-30 15:20:00+00:00,ABEV3.SA,14.609999656677246,14.630000114440918,14.609999656677246,14.619999885559082,226900
2026-04-30 15:25:00+00:00,ABEV3.SA,14.630000114440918,14.640000343322754,14.609999656677246,14.609999656677246,100300
2026-04-30 15:30:00+00:00,ABEV3.SA,14.609999656677246,14.630000114440918,14.600000381469727,14.609999656677246,302400
2026-04-30 15:35:00+00:00,ABEV3.SA,14.619999885559082,14.619999885559082,14.600000381469727,14.600000381469727,275700
2026-04-30 15:40:00+00:00,ABEV3.SA,14.609999656677246,14.609999656677246,14.59000015258789,14.600000381469727,102800
2026-04-30 15:45:00+00:00,ABEV3.SA,14.600000381469727,14.609999656677246,14.59000015258789,14.59000015258789,117000
2026-04-30 15:50:00+00:00,ABEV3.SA,14.59000015258789,14.600000381469727,14.579999923706055,14.59000015258789,78600
2026-04-30 15:55:00+00:00,ABEV3.SA,14.59000015258789,14.609999656677246,14.59000015258789,14.600000381469727,77900
2026-04-30 16:00:00+00:00,ABEV3.SA,14.600000381469727,14.609999656677246,14.59000015258789,14.600000381469727,135000
2026-04-30 16:05:00+00:00,ABEV3.SA,14.59000015258789,14.619999885559082,14.59000015258789,14.600000381469727,272100
2026-04-30 16:10:00+00:00,ABEV3.SA,14.600000381469727,14.630000114440918,14.600000381469727,14.619999885559082,241100
2026-04-30 16:15:00+00:00,ABEV3.SA,14.630000114440918,14.630000114440918,14.579999923706055,14.59000015258789,562300
2026-04-30 16:20:00+00:00,ABEV3.SA,14.579999923706055,14.59000015258789,14.5600004196167,14.5600004196167,178800
2026-04-30 16:25:00+00:00,ABEV3.SA,14.5600004196167,14.579999923706055,14.5600004196167,14.569999694824219,212700
2026-04-30 16:30:00+00:00,ABEV3.SA,14.579999923706055,14.600000381469727,14.569999694824219,14.59000015258789,86300
2026-04-30 16:35:00+00:00,ABEV3.SA,14.579999923706055,14.600000381469727,14.579999923706055,14.59000015258789,72300
2026-04-30 16:40:00+00:00,ABEV3.SA,14.579999923706055,14.59000015258789,14.579999923706055,14.59000015258789,56600
2026-04-30 16:45:00+00:00,ABEV3.SA,14.579999923706055,14.609999656677246,14.550000190734863,14.609999656677246,329300
2026-04-30 16:50:00+00:00,ABEV3.SA,14.600000381469727,14.609999656677246,14.600000381469727,14.609999656677246,71000
2026-04-30 16:55:00+00:00,ABEV3.SA,14.600000381469727,14.619999885559082,14.600000381469727,14.600000381469727,77200
2026-04-30 17:00:00+00:00,ABEV3.SA,14.600000381469727,14.619999885559082,14.600000381469727,14.609999656677246,59300
2026-04-30 17:05:00+00:00,ABEV3.SA,14.600000381469727,14.619999885559082,14.600000381469727,14.619999885559082,44600
2026-04-30 17:10:00+00:00,ABEV3.SA,14.609999656677246,14.619999885559082,14.600000381469727,14.609999656677246,104400
2026-04-30 17:15:00+00:00,ABEV3.SA,14.600000381469727,14.609999656677246,14.59000015258789,14.600000381469727,78800
2026-04-30 17:20:00+00:00,ABEV3.SA,14.59000015258789,14.600000381469727,14.579999923706055,14.59000015258789,59700
2026-04-30 17:25:00+00:00,ABEV3.SA,14.579999923706055,14.59000015258789,14.579999923706055,14.579999923706055,52500
2026-04-30 17:30:00+00:00,ABEV3.SA,14.579999923706055,14.600000381469727,14.579999923706055,14.59000015258789,213500
2026-04-30 17:35:00+00:00,ABEV3.SA,14.600000381469727,14.600000381469727,14.5600004196167,14.569999694824219,164300
2026-04-30 17:40:00+00:00,ABEV3.SA,14.569999694824219,14.579999923706055,14.5600004196167,14.569999694824219,452500
2026-04-30 17:45:00+00:00,ABEV3.SA,14.5600004196167,14.569999694824219,14.550000190734863,14.550000190734863,95100
2026-04-30 17:50:00+00:00,ABEV3.SA,14.550000190734863,14.569999694824219,14.550000190734863,14.5600004196167,208400
2026-04-30 17:55:00+00:00,ABEV3.SA,14.5600004196167,14.5600004196167,14.539999961853027,14.550000190734863,179800
2026-04-30 18:00:00+00:00,ABEV3.SA,14.5600004196167,14.569999694824219,14.550000190734863,14.5600004196167,310900
2026-04-30 18:05:00+00:00,ABEV3.SA,14.569999694824219,14.569999694824219,14.550000190734863,14.550000190734863,154500
2026-04-30 18:10:00+00:00,ABEV3.SA,14.550000190734863,14.5600004196167,14.539999961853027,14.550000190734863,164600
2026-04-30 18:15:00+00:00,ABEV3.SA,14.539999961853027,14.579999923706055,14.539999961853027,14.569999694824219,313900
2026-04-30 18:20:00+00:00,ABEV3.SA,14.569999694824219,14.579999923706055,14.569999694824219,14.569999694824219,74200
2026-04-30 18:25:00+00:00,ABEV3.SA,14.569999694824219,14.579999923706055,14.569999694824219,14.579999923706055,57700
2026-04-30 18:30:00+00:00,ABEV3.SA,14.569999694824219,14.619999885559082,14.569999694824219,14.609999656677246,484200
2026-04-30 18:35:00+00:00,ABEV3.SA,14.600000381469727,14.609999656677246,14.600000381469727,14.600000381469727,53400
2026-04-30 18:40:00+00:00,ABEV3.SA,14.600000381469727,14.609999656677246,14.600000381469727,14.609999656677246,74800
2026-04-30 18:45:00+00:00,ABEV3.SA,14.600000381469727,14.609999656677246,14.59000015258789,14.600000381469727,127500
2026-04-30 18:50:00+00:00,ABEV3.SA,14.59000015258789,14.600000381469727,14.579999923706055,14.579999923706055,99400
2026-04-30 18:55:00+00:00,ABEV3.SA,14.579999923706055,14.59000015258789,14.569999694824219,14.579999923706055,187000
2026-04-30 19:00:00+00:00,ABEV3.SA,14.569999694824219,14.59000015258789,14.569999694824219,14.579999923706055,113500
2026-04-30 19:05:00+00:00,ABEV3.SA,14.579999923706055,14.600000381469727,14.569999694824219,14.59000015258789,349700
2026-04-30 19:10:00+00:00,ABEV3.SA,14.600000381469727,14.630000114440918,14.579999923706055,14.600000381469727,500900
2026-04-30 19:15:00+00:00,ABEV3.SA,14.600000381469727,14.609999656677246,14.579999923706055,14.59000015258789,1037100
2026-04-30 19:20:00+00:00,ABEV3.SA,14.600000381469727,14.609999656677246,14.59000015258789,14.600000381469727,312400
2026-04-30 19:25:00+00:00,ABEV3.SA,14.600000381469727,14.609999656677246,14.579999923706055,14.579999923706055,448200
2026-04-30 19:30:00+00:00,ABEV3.SA,14.579999923706055,14.600000381469727,14.569999694824219,14.579999923706055,310900
2026-04-30 19:35:00+00:00,ABEV3.SA,14.569999694824219,14.600000381469727,14.569999694824219,14.59000015258789,691900
2026-04-30 19:40:00+00:00,ABEV3.SA,14.600000381469727,14.600000381469727,14.569999694824219,14.600000381469727,512800
2026-04-30 19:45:00+00:00,ABEV3.SA,14.59000015258789,14.609999656677246,14.569999694824219,14.59000015258789,542500
2026-05-04 13:05:00+00:00,ABEV3.SA,14.569999694824219,14.619999885559082,14.5600004196167,14.569999694824219,139300
2026-05-04 13:10:00+00:00,ABEV3.SA,14.579999923706055,14.619999885559082,14.5600004196167,14.5600004196167,142800
2026-05-04 13:15:00+00:00,ABEV3.SA,14.550000190734863,14.569999694824219,14.539999961853027,14.569999694824219,61500
2026-05-04 13:20:00+00:00,ABEV3.SA,14.569999694824219,14.600000381469727,14.550000190734863,14.579999923706055,104800
2026-05-04 13:25:00+00:00,ABEV3.SA,14.579999923706055,14.59000015258789,14.5600004196167,14.569999694824219,58000
2026-05-04 13:30:00+00:00,ABEV3.SA,14.569999694824219,14.569999694824219,14.510000228881836,14.529999732971191,419400
2026-05-04 13:35:00+00:00,ABEV3.SA,14.539999961853027,14.579999923706055,14.529999732971191,14.569999694824219,283000
2026-05-04 13:40:00+00:00,ABEV3.SA,14.579999923706055,14.579999923706055,14.550000190734863,14.569999694824219,246800
2026-05-04 13:45:00+00:00,ABEV3.SA,14.579999923706055,14.619999885559082,14.5600004196167,14.569999694824219,333000
2026-05-04 13:50:00+00:00,ABEV3.SA,14.5600004196167,14.569999694824219,14.529999732971191,14.550000190734863,143600
2026-05-04 13:55:00+00:00,ABEV3.SA,14.550000190734863,14.579999923706055,14.539999961853027,14.5600004196167,348400
2026-05-04 14:00:00+00:00,ABEV3.SA,14.5600004196167,14.5600004196167,14.529999732971191,14.550000190734863,145400
2026-05-04 14:05:00+00:00,ABEV3.SA,14.550000190734863,14.550000190734863,14.520000457763672,14.529999732971191,98000
2026-05-04 14:10:00+00:00,ABEV3.SA,14.529999732971191,14.550000190734863,14.520000457763672,14.550000190734863,69800
2026-05-04 14:15:00+00:00,ABEV3.SA,14.550000190734863,14.569999694824219,14.539999961853027,14.569999694824219,164300
2026-05-04 14:20:00+00:00,ABEV3.SA,14.569999694824219,14.569999694824219,14.5600004196167,14.5600004196167,89700
2026-05-04 14:25:00+00:00,ABEV3.SA,14.569999694824219,14.569999694824219,14.539999961853027,14.539999961853027,57400
2026-05-04 14:30:00+00:00,ABEV3.SA,14.550000190734863,14.569999694824219,14.550000190734863,14.5600004196167,89400
2026-05-04 14:35:00+00:00,ABEV3.SA,14.5600004196167,14.59000015258789,14.539999961853027,14.59000015258789,256300
2026-05-04 14:40:00+00:00,ABEV3.SA,14.59000015258789,14.59000015258789,14.569999694824219,14.579999923706055,111500
2026-05-04 14:45:00+00:00,ABEV3.SA,14.59000015258789,14.59000015258789,14.550000190734863,14.5600004196167,231400
2026-05-04 14:50:00+00:00,ABEV3.SA,14.5600004196167,14.5600004196167,14.529999732971191,14.5600004196167,307700
2026-05-04 14:55:00+00:00,ABEV3.SA,14.5600004196167,14.5600004196167,14.529999732971191,14.539999961853027,130600
2026-05-04 15:00:00+00:00,ABEV3.SA,14.539999961853027,14.550000190734863,14.529999732971191,14.550000190734863,55800
2026-05-04 15:05:00+00:00,ABEV3.SA,14.539999961853027,14.5600004196167,14.539999961853027,14.550000190734863,111600
2026-05-04 15:10:00+00:00,ABEV3.SA,14.5600004196167,14.5600004196167,14.510000228881836,14.520000457763672,266500
2026-05-04 15:15:00+00:00,ABEV3.SA,14.529999732971191,14.529999732971191,14.510000228881836,14.510000228881836,378200
2026-05-04 15:20:00+00:00,ABEV3.SA,14.520000457763672,14.520000457763672,14.460000038146973,14.470000267028809,222200
2026-05-04 15:25:00+00:00,ABEV3.SA,14.470000267028809,14.489999771118164,14.460000038146973,14.489999771118164,120800
2026-05-04 15:30:00+00:00,ABEV3.SA,14.479999542236328,14.5,14.470000267028809,14.5,150900
2026-05-04 15:35:00+00:00,ABEV3.SA,14.489999771118164,14.520000457763672,14.479999542236328,14.510000228881836,96800
2026-05-04 15:40:00+00:00,ABEV3.SA,14.5,14.510000228881836,14.489999771118164,14.510000228881836,121900
2026-05-04 15:45:00+00:00,ABEV3.SA,14.510000228881836,14.510000228881836,14.470000267028809,14.489999771118164,179400
2026-05-04 15:50:00+00:00,ABEV3.SA,14.479999542236328,14.520000457763672,14.470000267028809,14.520000457763672,120400
2026-05-04 15:55:00+00:00,ABEV3.SA,14.520000457763672,14.529999732971191,14.510000228881836,14.510000228881836,121500
2026-05-04 16:00:00+00:00,ABEV3.SA,14.520000457763672,14.529999732971191,14.5,14.520000457763672,101000
2026-05-04 16:05:00+00:00,ABEV3.SA,14.520000457763672,14.520000457763672,14.470000267028809,14.5,111200
2026-05-04 16:10:00+00:00,ABEV3.SA,14.5,14.510000228881836,14.479999542236328,14.5,72700
2026-05-04 16:15:00+00:00,ABEV3.SA,14.489999771118164,14.520000457763672,14.479999542236328,14.510000228881836,163600
2026-05-04 16:20:00+00:00,ABEV3.SA,14.510000228881836,14.520000457763672,14.5,14.510000228881836,47700
2026-05-04 16:25:00+00:00,ABEV3.SA,14.510000228881836,14.510000228881836,14.489999771118164,14.510000228881836,53800
2026-05-04 16:30:00+00:00,ABEV3.SA,14.510000228881836,14.520000457763672,14.5,14.520000457763672,253600
2026-05-04 16:35:00+00:00,ABEV3.SA,14.520000457763672,14.520000457763672,14.489999771118164,14.5,95300
2026-05-04 16:40:00+00:00,ABEV3.SA,14.5,14.5,14.489999771118164,14.5,89200
2026-05-04 16:45:00+00:00,ABEV3.SA,14.489999771118164,14.5,14.470000267028809,14.479999542236328,139700
2026-05-04 16:50:00+00:00,ABEV3.SA,14.489999771118164,14.489999771118164,14.470000267028809,14.489999771118164,255400
2026-05-04 16:55:00+00:00,ABEV3.SA,14.489999771118164,14.489999771118164,14.479999542236328,14.489999771118164,63200
2026-05-04 17:00:00+00:00,ABEV3.SA,14.489999771118164,14.510000228881836,14.479999542236328,14.510000228881836,136600
2026-05-04 17:05:00+00:00,ABEV3.SA,14.510000228881836,14.510000228881836,14.5,14.510000228881836,47300
2026-05-04 17:10:00+00:00,ABEV3.SA,14.510000228881836,14.510000228881836,14.5,14.5,86100
2026-05-04 17:15:00+00:00,ABEV3.SA,14.510000228881836,14.510000228881836,14.479999542236328,14.510000228881836,300000
2026-05-04 17:20:00+00:00,ABEV3.SA,14.510000228881836,14.510000228881836,14.5,14.510000228881836,61300
2026-05-04 17:25:00+00:00,ABEV3.SA,14.510000228881836,14.510000228881836,14.5,14.510000228881836,62200
2026-05-04 17:30:00+00:00,ABEV3.SA,14.510000228881836,14.510000228881836,14.489999771118164,14.5,134400
2026-05-04 17:35:00+00:00,ABEV3.SA,14.489999771118164,14.510000228881836,14.489999771118164,14.489999771118164,209400
2026-05-04 17:40:00+00:00,ABEV3.SA,14.5,14.5,14.489999771118164,14.489999771118164,155800
2026-05-04 17:45:00+00:00,ABEV3.SA,14.5,14.520000457763672,14.479999542236328,14.510000228881836,674800
2026-05-04 17:50:00+00:00,ABEV3.SA,14.510000228881836,14.520000457763672,14.5,14.510000228881836,186600
2026-05-04 17:55:00+00:00,ABEV3.SA,14.510000228881836,14.520000457763672,14.5,14.520000457763672,203600
2026-05-04 18:00:00+00:00,ABEV3.SA,14.510000228881836,14.550000190734863,14.510000228881836,14.529999732971191,909400
2026-05-04 18:05:00+00:00,ABEV3.SA,14.520000457763672,14.529999732971191,14.520000457763672,14.529999732971191,153800
2026-05-04 18:10:00+00:00,ABEV3.SA,14.529999732971191,14.529999732971191,14.510000228881836,14.520000457763672,323700
2026-05-04 18:15:00+00:00,ABEV3.SA,14.520000457763672,14.520000457763672,14.479999542236328,14.489999771118164,312700
2026-05-04 18:20:00+00:00,ABEV3.SA,14.489999771118164,14.5,14.479999542236328,14.5,313400
2026-05-04 18:25:00+00:00,ABEV3.SA,14.489999771118164,14.510000228881836,14.479999542236328,14.5,499200
2026-05-04 18:30:00+00:00,ABEV3.SA,14.510000228881836,14.510000228881836,14.489999771118164,14.510000228881836,254400
2026-05-04 18:35:00+00:00,ABEV3.SA,14.5,14.520000457763672,14.489999771118164,14.510000228881836,390600
2026-05-04 18:40:00+00:00,ABEV3.SA,14.5,14.510000228881836,14.5,14.510000228881836,181800
2026-05-04 18:45:00+00:00,ABEV3.SA,14.510000228881836,14.510000228881836,14.489999771118164,14.510000228881836,1094600
2026-05-04 18:50:00+00:00,ABEV3.SA,14.5,14.510000228881836,14.489999771118164,14.489999771118164,239500
2026-05-04 18:55:00+00:00,ABEV3.SA,14.5,14.510000228881836,14.489999771118164,14.510000228881836,434300
2026-05-04 19:00:00+00:00,ABEV3.SA,14.510000228881836,14.510000228881836,14.5,14.510000228881836,91000
2026-05-04 19:05:00+00:00,ABEV3.SA,14.510000228881836,14.520000457763672,14.489999771118164,14.520000457763672,167800
2026-05-04 19:10:00+00:00,ABEV3.SA,14.520000457763672,14.520000457763672,14.5,14.510000228881836,1061500
2026-05-04 19:15:00+00:00,ABEV3.SA,14.5,14.510000228881836,14.489999771118164,14.489999771118164,159200
2026-05-04 19:20:00+00:00,ABEV3.SA,14.489999771118164,14.5,14.489999771118164,14.5,140200
2026-05-04 19:25:00+00:00,ABEV3.SA,14.5,14.5,14.489999771118164,14.5,172600
2026-05-04 19:30:00+00:00,ABEV3.SA,14.5,14.5,14.479999542236328,14.479999542236328,242300
2026-05-04 19:35:00+00:00,ABEV3.SA,14.489999771118164,14.5,14.479999542236328,14.5,239500
2026-05-04 19:40:00+00:00,ABEV3.SA,14.5,14.5,14.470000267028809,14.479999542236328,454200
2026-05-04 19:45:00+00:00,ABEV3.SA,14.479999542236328,14.5,14.479999542236328,14.5,515000
2026-05-04 19:50:00+00:00,ABEV3.SA,14.489999771118164,14.5,14.430000305175781,14.460000038146973,431700
2026-05-05 13:05:00+00:00,ABEV3.SA,15.5600004196167,15.8100004196167,15.5600004196167,15.670000076293945,5623800
2026-05-05 13:10:00+00:00,ABEV3.SA,15.680000305175781,16.040000915527344,15.680000305175781,16.030000686645508,6185800
2026-05-05 13:15:00+00:00,ABEV3.SA,16.020000457763672,16.18000030517578,15.970000267028809,15.989999771118164,4445100
2026-05-05 13:20:00+00:00,ABEV3.SA,15.989999771118164,16.06999969482422,15.9399995803833,16.030000686645508,2187300
2026-05-05 13:25:00+00:00,ABEV3.SA,16.030000686645508,16.1200008392334,15.979999542236328,16.110000610351562,2824300
2026-05-05 13:30:00+00:00,ABEV3.SA,16.110000610351562,16.1299991607666,16.030000686645508,16.110000610351562,1292100
2026-05-05 13:35:00+00:00,ABEV3.SA,16.110000610351562,16.3799991607666,16.100000381469727,16.3799991607666,4562400
2026-05-05 13:40:00+00:00,ABEV3.SA,16.360000610351562,16.520000457763672,16.350000381469727,16.479999542236328,3931700
2026-05-05 13:45:00+00:00,ABEV3.SA,16.479999542236328,16.600000381469727,16.459999084472656,16.459999084472656,3354300
2026-05-05 13:50:00+00:00,ABEV3.SA,16.469999313354492,16.5,16.440000534057617,16.450000762939453,2540300
2026-05-05 13:55:00+00:00,ABEV3.SA,16.450000762939453,16.489999771118164,16.34000015258789,16.399999618530273,3615100
2026-05-05 14:00:00+00:00,ABEV3.SA,16.399999618530273,16.479999542236328,16.3700008392334,16.469999313354492,3520400
2026-05-05 14:05:00+00:00,ABEV3.SA,16.469999313354492,16.5,16.440000534057617,16.440000534057617,1385800
2026-05-05 14:10:00+00:00,ABEV3.SA,16.440000534057617,16.520000457763672,16.420000076293945,16.43000030517578,1878900
2026-05-05 14:15:00+00:00,ABEV3.SA,16.440000534057617,16.440000534057617,16.309999465942383,16.31999969482422,2372500
2026-05-05 14:20:00+00:00,ABEV3.SA,16.31999969482422,16.3799991607666,16.25,16.3700008392334,1783200
2026-05-05 14:25:00+00:00,ABEV3.SA,16.3700008392334,16.450000762939453,16.350000381469727,16.43000030517578,1398200
2026-05-05 14:30:00+00:00,ABEV3.SA,16.43000030517578,16.520000457763672,16.420000076293945,16.479999542236328,1774700
2026-05-05 14:35:00+00:00,ABEV3.SA,16.479999542236328,16.600000381469727,16.43000030517578,16.59000015258789,1297100
2026-05-05 14:40:00+00:00,ABEV3.SA,16.59000015258789,16.649999618530273,16.56999969482422,16.6299991607666,1441800
2026-05-05 14:45:00+00:00,ABEV3.SA,16.6200008392334,16.649999618530273,16.59000015258789,16.639999389648438,1398200
2026-05-05 14:50:00+00:00,ABEV3.SA,16.649999618530273,16.68000030517578,16.6299991607666,16.639999389648438,937200
2026-05-05 14:55:00+00:00,ABEV3.SA,16.6299991607666,16.709999084472656,16.600000381469727,16.690000534057617,1778600
2026-05-05 15:00:00+00:00,ABEV3.SA,16.690000534057617,16.700000762939453,16.639999389648438,16.670000076293945,1187000
2026-05-05 15:05:00+00:00,ABEV3.SA,16.670000076293945,16.760000228881836,16.649999618530273,16.719999313354492,2062500
2026-05-05 15:10:00+00:00,ABEV3.SA,16.719999313354492,16.75,16.700000762939453,16.739999771118164,825000
2026-05-05 15:15:00+00:00,ABEV3.SA,16.729999542236328,16.760000228881836,16.729999542236328,16.739999771118164,252800
2026-05-05 15:20:00+00:00,ABEV3.SA,16.739999771118164,16.780000686645508,16.729999542236328,16.75,335400
2026-05-05 15:25:00+00:00,ABEV3.SA,16.75,16.780000686645508,16.739999771118164,16.760000228881836,277700
2026-05-05 15:30:00+00:00,ABEV3.SA,16.770000457763672,16.829999923706055,16.760000228881836,16.809999465942383,1204000
2026-05-05 15:35:00+00:00,ABEV3.SA,16.809999465942383,16.809999465942383,16.780000686645508,16.790000915527344,309900
2026-05-05 15:40:00+00:00,ABEV3.SA,16.790000915527344,16.809999465942383,16.780000686645508,16.809999465942383,201100
2026-05-05 15:45:00+00:00,ABEV3.SA,16.809999465942383,16.829999923706055,16.799999237060547,16.799999237060547,472500
2026-05-05 15:50:00+00:00,ABEV3.SA,16.799999237060547,16.809999465942383,16.780000686645508,16.790000915527344,262200
2026-05-05 15:55:00+00:00,ABEV3.SA,16.790000915527344,16.81999969482422,16.739999771118164,16.739999771118164,1191400
2026-05-05 16:00:00+00:00,ABEV3.SA,16.739999771118164,16.760000228881836,16.729999542236328,16.760000228881836,350100
2026-05-05 16:05:00+00:00,ABEV3.SA,16.760000228881836,16.829999923706055,16.75,16.799999237060547,727900
2026-05-05 16:10:00+00:00,ABEV3.SA,16.799999237060547,16.829999923706055,16.780000686645508,16.81999969482422,359300
2026-05-05 16:15:00+00:00,ABEV3.SA,16.809999465942383,16.829999923706055,16.770000457763672,16.780000686645508,743200
2026-05-05 16:20:00+00:00,ABEV3.SA,16.770000457763672,16.790000915527344,16.729999542236328,16.739999771118164,395900
2026-05-05 16:25:00+00:00,ABEV3.SA,16.75,16.75,16.709999084472656,16.739999771118164,573500
2026-05-05 16:30:00+00:00,ABEV3.SA,16.75,16.84000015258789,16.739999771118164,16.84000015258789,927200
2026-05-05 16:35:00+00:00,ABEV3.SA,16.84000015258789,16.84000015258789,16.790000915527344,16.790000915527344,308800
2026-05-05 16:40:00+00:00,ABEV3.SA,16.799999237060547,16.799999237060547,16.739999771118164,16.760000228881836,563300
2026-05-05 16:45:00+00:00,ABEV3.SA,16.760000228881836,16.770000457763672,16.739999771118164,16.739999771118164,315100
2026-05-05 16:50:00+00:00,ABEV3.SA,16.739999771118164,16.75,16.719999313354492,16.729999542236328,470200
2026-05-05 16:55:00+00:00,ABEV3.SA,16.739999771118164,16.739999771118164,16.68000030517578,16.690000534057617,591300
2026-05-05 17:00:00+00:00,ABEV3.SA,16.690000534057617,16.739999771118164,16.690000534057617,16.729999542236328,718300
2026-05-05 17:05:00+00:00,ABEV3.SA,16.729999542236328,16.739999771118164,16.700000762939453,16.719999313354492,285500
2026-05-05 17:10:00+00:00,ABEV3.SA,16.709999084472656,16.739999771118164,16.709999084472656,16.729999542236328,139100
2026-05-05 17:15:00+00:00,ABEV3.SA,16.729999542236328,16.739999771118164,16.709999084472656,16.719999313354492,240200
2026-05-05 17:20:00+00:00,ABEV3.SA,16.719999313354492,16.729999542236328,16.709999084472656,16.719999313354492,192200
2026-05-05 17:25:00+00:00,ABEV3.SA,16.709999084472656,16.739999771118164,16.709999084472656,16.709999084472656,330200
2026-05-05 17:30:00+00:00,ABEV3.SA,16.719999313354492,16.719999313354492,16.65999984741211,16.670000076293945,1329900
2026-05-05 17:35:00+00:00,ABEV3.SA,16.65999984741211,16.670000076293945,16.610000610351562,16.610000610351562,813500
2026-05-05 17:40:00+00:00,ABEV3.SA,16.610000610351562,16.6299991607666,16.56999969482422,16.59000015258789,938300
2026-05-05 17:45:00+00:00,ABEV3.SA,16.59000015258789,16.600000381469727,16.520000457763672,16.540000915527344,1754100
2026-05-05 17:50:00+00:00,ABEV3.SA,16.530000686645508,16.540000915527344,16.479999542236328,16.489999771118164,1786600
2026-05-05 17:55:00+00:00,ABEV3.SA,16.489999771118164,16.530000686645508,16.489999771118164,16.530000686645508,434100
2026-05-05 18:00:00+00:00,ABEV3.SA,16.520000457763672,16.540000915527344,16.510000228881836,16.530000686645508,399500
2026-05-05 18:05:00+00:00,ABEV3.SA,16.530000686645508,16.540000915527344,16.5,16.510000228881836,775400
2026-05-05 18:10:00+00:00,ABEV3.SA,16.520000457763672,16.59000015258789,16.510000228881836,16.549999237060547,685900
2026-05-05 18:15:00+00:00,ABEV3.SA,16.559999465942383,16.559999465942383,16.540000915527344,16.559999465942383,256500
2026-05-05 18:20:00+00:00,ABEV3.SA,16.559999465942383,16.6299991607666,16.549999237060547,16.6200008392334,698500
2026-05-05 18:25:00+00:00,ABEV3.SA,16.6200008392334,16.68000030517578,16.610000610351562,16.670000076293945,389000
2026-05-05 18:30:00+00:00,ABEV3.SA,16.670000076293945,16.68000030517578,16.65999984741211,16.670000076293945,198000
2026-05-05 18:35:00+00:00,ABEV3.SA,16.670000076293945,16.690000534057617,16.65999984741211,16.690000534057617,449500
2026-05-05 18:40:00+00:00,ABEV3.SA,16.68000030517578,16.719999313354492,16.670000076293945,16.690000534057617,1078800
2026-05-05 18:45:00+00:00,ABEV3.SA,16.68000030517578,16.690000534057617,16.649999618530273,16.65999984741211,485100
2026-05-05 18:50:00+00:00,ABEV3.SA,16.649999618530273,16.670000076293945,16.639999389648438,16.65999984741211,396600
2026-05-05 18:55:00+00:00,ABEV3.SA,16.649999618530273,16.65999984741211,16.6299991607666,16.6299991607666,346600
2026-05-05 19:00:00+00:00,ABEV3.SA,16.6299991607666,16.639999389648438,16.600000381469727,16.6200008392334,955500
2026-05-05 19:05:00+00:00,ABEV3.SA,16.6200008392334,16.6299991607666,16.600000381469727,16.610000610351562,1119100
2026-05-05 19:10:00+00:00,ABEV3.SA,16.610000610351562,16.6299991607666,16.600000381469727,16.610000610351562,1619100
2026-05-05 19:15:00+00:00,ABEV3.SA,16.610000610351562,16.6200008392334,16.56999969482422,16.579999923706055,1120900
2026-05-05 19:20:00+00:00,ABEV3.SA,16.59000015258789,16.610000610351562,16.559999465942383,16.610000610351562,797800
2026-05-05 19:25:00+00:00,ABEV3.SA,16.600000381469727,16.649999618530273,16.600000381469727,16.649999618530273,1550700
2026-05-05 19:30:00+00:00,ABEV3.SA,16.649999618530273,16.649999618530273,16.549999237060547,16.579999923706055,1183000
2026-05-05 19:35:00+00:00,ABEV3.SA,16.56999969482422,16.639999389648438,16.56999969482422,16.639999389648438,1307700
2026-05-05 19:40:00+00:00,ABEV3.SA,16.6299991607666,16.670000076293945,16.6299991607666,16.649999618530273,1805000
2026-05-05 19:45:00+00:00,ABEV3.SA,16.639999389648438,16.649999618530273,16.610000610351562,16.6200008392334,808400
2026-05-05 19:50:00+00:00,ABEV3.SA,16.6299991607666,16.65999984741211,16.610000610351562,16.6299991607666,1142300
2026-05-06 13:00:00+00:00,ABEV3.SA,16.65999984741211,16.850000381469727,16.579999923706055,16.729999542236328,0
2026-05-06 13:05:00+00:00,ABEV3.SA,16.729999542236328,16.829999923706055,16.709999084472656,16.739999771118164,356300
2026-05-06 13:10:00+00:00,ABEV3.SA,16.739999771118164,16.81999969482422,16.649999618530273,16.809999465942383,645100
2026-05-06 13:15:00+00:00,ABEV3.SA,16.809999465942383,16.920000076293945,16.790000915527344,16.889999389648438,811600
2026-05-06 13:20:00+00:00,ABEV3.SA,16.889999389648438,16.889999389648438,16.81999969482422,16.850000381469727,458300
2026-05-06 13:25:00+00:00,ABEV3.SA,16.860000610351562,16.940000534057617,16.850000381469727,16.889999389648438,352200
2026-05-06 13:30:00+00:00,ABEV3.SA,16.889999389648438,17.020000457763672,16.8799991607666,16.959999084472656,1306400
2026-05-06 13:35:00+00:00,ABEV3.SA,16.959999084472656,16.959999084472656,16.90999984741211,16.920000076293945,410800
2026-05-06 13:40:00+00:00,ABEV3.SA,16.90999984741211,16.950000762939453,16.8799991607666,16.950000762939453,299800
2026-05-06 13:45:00+00:00,ABEV3.SA,16.940000534057617,16.950000762939453,16.829999923706055,16.860000610351562,790400
2026-05-06 13:50:00+00:00,ABEV3.SA,16.8799991607666,16.8799991607666,16.760000228881836,16.780000686645508,506300
2026-05-06 13:55:00+00:00,ABEV3.SA,16.799999237060547,16.829999923706055,16.770000457763672,16.780000686645508,422100
2026-05-06 14:00:00+00:00,ABEV3.SA,16.780000686645508,16.790000915527344,16.75,16.75,157900
2026-05-06 14:05:00+00:00,ABEV3.SA,16.75,16.829999923706055,16.739999771118164,16.81999969482422,297600
2026-05-06 14:10:00+00:00,ABEV3.SA,16.809999465942383,16.81999969482422,16.780000686645508,16.809999465942383,184800
2026-05-06 14:15:00+00:00,ABEV3.SA,16.799999237060547,16.799999237060547,16.780000686645508,16.780000686645508,161300
2026-05-06 14:20:00+00:00,ABEV3.SA,16.799999237060547,16.829999923706055,16.780000686645508,16.81999969482422,249400
2026-05-06 14:25:00+00:00,ABEV3.SA,16.799999237060547,16.850000381469727,16.790000915527344,16.84000015258789,406300
2026-05-06 14:30:00+00:00,ABEV3.SA,16.829999923706055,16.889999389648438,16.809999465942383,16.850000381469727,431400
2026-05-06 14:35:00+00:00,ABEV3.SA,16.84000015258789,16.920000076293945,16.829999923706055,16.920000076293945,493000
2026-05-06 14:40:00+00:00,ABEV3.SA,16.920000076293945,16.920000076293945,16.8700008392334,16.899999618530273,403000
2026-05-06 14:45:00+00:00,ABEV3.SA,16.899999618530273,16.90999984741211,16.799999237060547,16.84000015258789,229700
2026-05-06 14:50:00+00:00,ABEV3.SA,16.829999923706055,16.84000015258789,16.780000686645508,16.780000686645508,186000
2026-05-06 14:55:00+00:00,ABEV3.SA,16.780000686645508,16.809999465942383,16.770000457763672,16.790000915527344,207200
2026-05-06 15:00:00+00:00,ABEV3.SA,16.780000686645508,16.799999237060547,16.739999771118164,16.799999237060547,267500
2026-05-06 15:05:00+00:00,ABEV3.SA,16.799999237060547,16.809999465942383,16.770000457763672,16.790000915527344,152300
2026-05-06 15:10:00+00:00,ABEV3.SA,16.780000686645508,16.81999969482422,16.780000686645508,16.799999237060547,221000
2026-05-06 15:15:00+00:00,ABEV3.SA,16.790000915527344,16.829999923706055,16.790000915527344,16.809999465942383,195300
2026-05-06 15:20:00+00:00,ABEV3.SA,16.799999237060547,16.81999969482422,16.799999237060547,16.81999969482422,126300
2026-05-06 15:25:00+00:00,ABEV3.SA,16.809999465942383,16.829999923706055,16.799999237060547,16.809999465942383,119100
2026-05-06 15:30:00+00:00,ABEV3.SA,16.809999465942383,16.829999923706055,16.809999465942383,16.829999923706055,130500
2026-05-06 15:35:00+00:00,ABEV3.SA,16.81999969482422,16.84000015258789,16.81999969482422,16.829999923706055,87500
2026-05-06 15:40:00+00:00,ABEV3.SA,16.81999969482422,16.829999923706055,16.809999465942383,16.81999969482422,160900
2026-05-06 15:45:00+00:00,ABEV3.SA,16.81999969482422,16.84000015258789,16.809999465942383,16.829999923706055,277000
2026-05-06 15:50:00+00:00,ABEV3.SA,16.81999969482422,16.829999923706055,16.809999465942383,16.81999969482422,157500
2026-05-06 15:55:00+00:00,ABEV3.SA,16.81999969482422,16.84000015258789,16.809999465942383,16.829999923706055,149600
2026-05-06 16:00:00+00:00,ABEV3.SA,16.81999969482422,16.829999923706055,16.799999237060547,16.829999923706055,139900
2026-05-06 16:05:00+00:00,ABEV3.SA,16.81999969482422,16.8700008392334,16.81999969482422,16.860000610351562,835300
2026-05-06 16:10:00+00:00,ABEV3.SA,16.850000381469727,16.8700008392334,16.81999969482422,16.829999923706055,370300
2026-05-06 16:15:00+00:00,ABEV3.SA,16.81999969482422,16.84000015258789,16.81999969482422,16.84000015258789,262100
2026-05-06 16:20:00+00:00,ABEV3.SA,16.81999969482422,16.84000015258789,16.81999969482422,16.84000015258789,81600
2026-05-06 16:25:00+00:00,ABEV3.SA,16.84000015258789,16.8799991607666,16.81999969482422,16.8700008392334,237500
2026-05-06 16:30:00+00:00,ABEV3.SA,16.850000381469727,16.850000381469727,16.81999969482422,16.81999969482422,132000
2026-05-06 16:35:00+00:00,ABEV3.SA,16.81999969482422,16.84000015258789,16.81999969482422,16.81999969482422,74500
2026-05-06 16:40:00+00:00,ABEV3.SA,16.829999923706055,16.84000015258789,16.780000686645508,16.780000686645508,137700
2026-05-06 16:45:00+00:00,ABEV3.SA,16.780000686645508,16.809999465942383,16.75,16.809999465942383,177000
2026-05-06 16:50:00+00:00,ABEV3.SA,16.799999237060547,16.809999465942383,16.790000915527344,16.799999237060547,51600
2026-05-06 16:55:00+00:00,ABEV3.SA,16.799999237060547,16.81999969482422,16.780000686645508,16.790000915527344,70000
2026-05-06 17:00:00+00:00,ABEV3.SA,16.790000915527344,16.81999969482422,16.790000915527344,16.81999969482422,51500
2026-05-06 17:05:00+00:00,ABEV3.SA,16.799999237060547,16.81999969482422,16.799999237060547,16.809999465942383,60600
2026-05-06 17:10:00+00:00,ABEV3.SA,16.799999237060547,16.81999969482422,16.799999237060547,16.809999465942383,59000
2026-05-06 17:15:00+00:00,ABEV3.SA,16.799999237060547,16.81999969482422,16.799999237060547,16.809999465942383,238200
2026-05-06 17:20:00+00:00,ABEV3.SA,16.799999237060547,16.81999969482422,16.799999237060547,16.799999237060547,80000
2026-05-06 17:25:00+00:00,ABEV3.SA,16.799999237060547,16.809999465942383,16.799999237060547,16.809999465942383,395000
2026-05-06 17:30:00+00:00,ABEV3.SA,16.799999237060547,16.81999969482422,16.799999237060547,16.799999237060547,204100
2026-05-06 17:35:00+00:00,ABEV3.SA,16.799999237060547,16.809999465942383,16.790000915527344,16.809999465942383,154200
2026-05-06 17:40:00+00:00,ABEV3.SA,16.799999237060547,16.829999923706055,16.799999237060547,16.829999923706055,140700
2026-05-06 17:45:00+00:00,ABEV3.SA,16.829999923706055,16.829999923706055,16.799999237060547,16.809999465942383,127100
2026-05-06 17:50:00+00:00,ABEV3.SA,16.799999237060547,16.829999923706055,16.799999237060547,16.809999465942383,178400
2026-05-06 17:55:00+00:00,ABEV3.SA,16.81999969482422,16.81999969482422,16.809999465942383,16.81999969482422,128100
2026-05-06 18:00:00+00:00,ABEV3.SA,16.809999465942383,16.84000015258789,16.809999465942383,16.829999923706055,373000
2026-05-06 18:05:00+00:00,ABEV3.SA,16.829999923706055,16.84000015258789,16.790000915527344,16.81999969482422,477900
2026-05-06 18:10:00+00:00,ABEV3.SA,16.799999237060547,16.829999923706055,16.799999237060547,16.829999923706055,163800
2026-05-06 18:15:00+00:00,ABEV3.SA,16.829999923706055,16.829999923706055,16.81999969482422,16.829999923706055,175000
2026-05-06 18:20:00+00:00,ABEV3.SA,16.81999969482422,16.850000381469727,16.81999969482422,16.829999923706055,349700
2026-05-06 18:25:00+00:00,ABEV3.SA,16.829999923706055,16.850000381469727,16.829999923706055,16.850000381469727,254600
2026-05-06 18:30:00+00:00,ABEV3.SA,16.850000381469727,16.850000381469727,16.84000015258789,16.84000015258789,223300
2026-05-06 18:35:00+00:00,ABEV3.SA,16.84000015258789,16.8700008392334,16.84000015258789,16.8700008392334,199700
2026-05-06 18:40:00+00:00,ABEV3.SA,16.860000610351562,16.8799991607666,16.860000610351562,16.8799991607666,256000
2026-05-06 18:45:00+00:00,ABEV3.SA,16.8700008392334,16.899999618530273,16.860000610351562,16.899999618530273,362900
2026-05-06 18:50:00+00:00,ABEV3.SA,16.899999618530273,16.920000076293945,16.889999389648438,16.920000076293945,290900
2026-05-06 18:55:00+00:00,ABEV3.SA,16.90999984741211,16.920000076293945,16.899999618530273,16.90999984741211,319000
2026-05-06 19:00:00+00:00,ABEV3.SA,16.899999618530273,16.93000030517578,16.899999618530273,16.920000076293945,362800
2026-05-06 19:05:00+00:00,ABEV3.SA,16.90999984741211,16.93000030517578,16.90999984741211,16.920000076293945,429700
2026-05-06 19:10:00+00:00,ABEV3.SA,16.920000076293945,16.959999084472656,16.920000076293945,16.950000762939453,508600
2026-05-06 19:15:00+00:00,ABEV3.SA,16.950000762939453,16.950000762939453,16.920000076293945,16.93000030517578,420500
2026-05-06 19:20:00+00:00,ABEV3.SA,16.93000030517578,16.969999313354492,16.920000076293945,16.969999313354492,596400
2026-05-06 19:25:00+00:00,ABEV3.SA,16.969999313354492,16.989999771118164,16.93000030517578,16.940000534057617,1175600
2026-05-06 19:30:00+00:00,ABEV3.SA,16.940000534057617,16.950000762939453,16.93000030517578,16.940000534057617,231900
2026-05-06 19:35:00+00:00,ABEV3.SA,16.950000762939453,16.950000762939453,16.920000076293945,16.940000534057617,1105000
2026-05-06 19:40:00+00:00,ABEV3.SA,16.940000534057617,16.969999313354492,16.920000076293945,16.969999313354492,1579200
2026-05-06 19:45:00+00:00,ABEV3.SA,16.969999313354492,16.979999542236328,16.950000762939453,16.979999542236328,475900
2026-05-06 19:50:00+00:00,ABEV3.SA,16.969999313354492,16.979999542236328,16.93000030517578,16.950000762939453,1029800
2026-05-07 13:00:00+00:00,ABEV3.SA,16.860000610351562,17.040000915527344,16.84000015258789,17.010000228881836,0
2026-05-07 13:05:00+00:00,ABEV3.SA,17.0,17.010000228881836,16.860000610351562,16.899999618530273,91600
2026-05-07 13:10:00+00:00,ABEV3.SA,16.889999389648438,16.920000076293945,16.809999465942383,16.809999465942383,57800
2026-05-07 13:15:00+00:00,ABEV3.SA,16.81999969482422,16.81999969482422,16.739999771118164,16.760000228881836,114700
2026-05-07 13:20:00+00:00,ABEV3.SA,16.760000228881836,16.770000457763672,16.700000762939453,16.700000762939453,167800
2026-05-07 13:25:00+00:00,ABEV3.SA,16.690000534057617,16.719999313354492,16.670000076293945,16.700000762939453,194200
2026-05-07 13:30:00+00:00,ABEV3.SA,16.709999084472656,16.75,16.579999923706055,16.6200008392334,528100
2026-05-07 13:35:00+00:00,ABEV3.SA,16.610000610351562,16.6200008392334,16.549999237060547,16.549999237060547,219300
2026-05-07 13:40:00+00:00,ABEV3.SA,16.549999237060547,16.6200008392334,16.549999237060547,16.600000381469727,2247900
2026-05-07 13:45:00+00:00,ABEV3.SA,16.600000381469727,16.6299991607666,16.600000381469727,16.6200008392334,1299400
2026-05-07 13:50:00+00:00,ABEV3.SA,16.6200008392334,16.639999389648438,16.600000381469727,16.6299991607666,124600
2026-05-07 13:55:00+00:00,ABEV3.SA,16.6200008392334,16.6299991607666,16.600000381469727,16.600000381469727,2114100
2026-05-07 14:00:00+00:00,ABEV3.SA,16.600000381469727,16.6200008392334,16.600000381469727,16.600000381469727,452300
2026-05-07 14:05:00+00:00,ABEV3.SA,16.600000381469727,16.6299991607666,16.600000381469727,16.600000381469727,422400
2026-05-07 14:10:00+00:00,ABEV3.SA,16.600000381469727,16.6200008392334,16.600000381469727,16.600000381469727,86500
2026-05-07 14:15:00+00:00,ABEV3.SA,16.600000381469727,16.610000610351562,16.600000381469727,16.600000381469727,371700
2026-05-07 14:20:00+00:00,ABEV3.SA,16.600000381469727,16.610000610351562,16.559999465942383,16.56999969482422,499100
2026-05-07 14:25:00+00:00,ABEV3.SA,16.56999969482422,16.579999923706055,16.510000228881836,16.510000228881836,411300
2026-05-07 14:30:00+00:00,ABEV3.SA,16.510000228881836,16.59000015258789,16.510000228881836,16.56999969482422,275400
2026-05-07 14:35:00+00:00,ABEV3.SA,16.579999923706055,16.610000610351562,16.56999969482422,16.610000610351562,118600
2026-05-07 14:40:00+00:00,ABEV3.SA,16.600000381469727,16.6299991607666,16.59000015258789,16.6299991607666,414000
2026-05-07 14:45:00+00:00,ABEV3.SA,16.6200008392334,16.6299991607666,16.610000610351562,16.6200008392334,241100
2026-05-07 14:50:00+00:00,ABEV3.SA,16.6200008392334,16.6200008392334,16.610000610351562,16.6200008392334,212600
2026-05-07 14:55:00+00:00,ABEV3.SA,16.6200008392334,16.6200008392334,16.600000381469727,16.610000610351562,645200
2026-05-07 15:00:00+00:00,ABEV3.SA,16.6200008392334,16.6200008392334,16.600000381469727,16.6200008392334,481200
2026-05-07 15:05:00+00:00,ABEV3.SA,16.6200008392334,16.6200008392334,16.610000610351562,16.610000610351562,249900
2026-05-07 15:10:00+00:00,ABEV3.SA,16.6200008392334,16.6200008392334,16.600000381469727,16.6200008392334,227900
2026-05-07 15:15:00+00:00,ABEV3.SA,16.6200008392334,16.950000762939453,16.549999237060547,16.559999465942383,624800
2026-05-07 15:20:00+00:00,ABEV3.SA,16.549999237060547,16.579999923706055,16.549999237060547,16.549999237060547,452300
2026-05-07 15:25:00+00:00,ABEV3.SA,16.549999237060547,16.579999923706055,16.549999237060547,16.56999969482422,699700
2026-05-07 15:30:00+00:00,ABEV3.SA,16.56999969482422,16.600000381469727,16.549999237060547,16.559999465942383,480700
2026-05-07 15:35:00+00:00,ABEV3.SA,16.559999465942383,16.56999969482422,16.549999237060547,16.549999237060547,53900
2026-05-07 15:40:00+00:00,ABEV3.SA,16.559999465942383,16.559999465942383,16.549999237060547,16.549999237060547,54000
2026-05-07 15:45:00+00:00,ABEV3.SA,16.549999237060547,16.559999465942383,16.540000915527344,16.540000915527344,101300
2026-05-07 15:50:00+00:00,ABEV3.SA,16.540000915527344,16.559999465942383,16.540000915527344,16.549999237060547,92000
2026-05-07 15:55:00+00:00,ABEV3.SA,16.549999237060547,16.549999237060547,16.540000915527344,16.540000915527344,176100
2026-05-07 16:00:00+00:00,ABEV3.SA,16.549999237060547,16.559999465942383,16.540000915527344,16.540000915527344,161800
2026-05-07 16:05:00+00:00,ABEV3.SA,16.549999237060547,16.56999969482422,16.540000915527344,16.559999465942383,156900
2026-05-07 16:10:00+00:00,ABEV3.SA,16.56999969482422,16.610000610351562,16.559999465942383,16.610000610351562,263600
2026-05-07 16:15:00+00:00,ABEV3.SA,16.610000610351562,16.610000610351562,16.59000015258789,16.600000381469727,133300
2026-05-07 16:20:00+00:00,ABEV3.SA,16.600000381469727,16.610000610351562,16.579999923706055,16.59000015258789,471800
2026-05-07 16:25:00+00:00,ABEV3.SA,16.600000381469727,16.610000610351562,16.579999923706055,16.59000015258789,308000
2026-05-07 16:30:00+00:00,ABEV3.SA,16.59000015258789,16.59000015258789,16.549999237060547,16.56999969482422,299700
2026-05-07 16:35:00+00:00,ABEV3.SA,16.559999465942383,16.56999969482422,16.549999237060547,16.559999465942383,58100
2026-05-07 16:40:00+00:00,ABEV3.SA,16.549999237060547,16.559999465942383,16.540000915527344,16.549999237060547,90400
2026-05-07 16:45:00+00:00,ABEV3.SA,16.549999237060547,16.559999465942383,16.520000457763672,16.530000686645508,203600
2026-05-07 16:50:00+00:00,ABEV3.SA,16.530000686645508,16.530000686645508,16.510000228881836,16.520000457763672,63100
2026-05-07 16:55:00+00:00,ABEV3.SA,16.520000457763672,16.520000457763672,16.5,16.5,162500
2026-05-07 17:00:00+00:00,ABEV3.SA,16.5,16.530000686645508,16.5,16.530000686645508,156000
2026-05-07 17:05:00+00:00,ABEV3.SA,16.530000686645508,16.540000915527344,16.520000457763672,16.520000457763672,73800
2026-05-07 17:10:00+00:00,ABEV3.SA,16.540000915527344,16.540000915527344,16.520000457763672,16.530000686645508,66200
2026-05-07 17:15:00+00:00,ABEV3.SA,16.520000457763672,16.530000686645508,16.510000228881836,16.530000686645508,122100
2026-05-07 17:20:00+00:00,ABEV3.SA,16.530000686645508,16.549999237060547,16.520000457763672,16.540000915527344,169600
2026-05-07 17:25:00+00:00,ABEV3.SA,16.549999237060547,16.549999237060547,16.5,16.510000228881836,857200
2026-05-07 17:30:00+00:00,ABEV3.SA,16.510000228881836,16.520000457763672,16.5,16.520000457763672,144600
2026-05-07 17:35:00+00:00,ABEV3.SA,16.520000457763672,16.520000457763672,16.5,16.510000228881836,233400
2026-05-07 17:40:00+00:00,ABEV3.SA,16.5,16.510000228881836,16.5,16.510000228881836,104900
2026-05-07 17:45:00+00:00,ABEV3.SA,16.510000228881836,16.520000457763672,16.469999313354492,16.479999542236328,581000
2026-05-07 17:50:00+00:00,ABEV3.SA,16.469999313354492,16.489999771118164,16.459999084472656,16.489999771118164,197500
2026-05-07 17:55:00+00:00,ABEV3.SA,16.479999542236328,16.5,16.479999542236328,16.489999771118164,212000
2026-05-07 18:00:00+00:00,ABEV3.SA,16.489999771118164,16.489999771118164,16.450000762939453,16.450000762939453,79800
2026-05-07 18:05:00+00:00,ABEV3.SA,16.459999084472656,16.479999542236328,16.450000762939453,16.479999542236328,371900
2026-05-07 18:10:00+00:00,ABEV3.SA,16.479999542236328,16.479999542236328,16.450000762939453,16.459999084472656,181100
2026-05-07 18:15:00+00:00,ABEV3.SA,16.459999084472656,16.469999313354492,16.450000762939453,16.459999084472656,107000
2026-05-07 18:20:00+00:00,ABEV3.SA,16.469999313354492,16.489999771118164,16.440000534057617,16.469999313354492,742500
2026-05-07 18:25:00+00:00,ABEV3.SA,16.469999313354492,16.479999542236328,16.459999084472656,16.469999313354492,101300
2026-05-07 18:30:00+00:00,ABEV3.SA,16.469999313354492,16.489999771118164,16.469999313354492,16.469999313354492,139600
2026-05-07 18:35:00+00:00,ABEV3.SA,16.479999542236328,16.479999542236328,16.450000762939453,16.459999084472656,120700
2026-05-07 18:40:00+00:00,ABEV3.SA,16.459999084472656,16.479999542236328,16.440000534057617,16.440000534057617,189500
2026-05-07 18:45:00+00:00,ABEV3.SA,16.450000762939453,16.469999313354492,16.440000534057617,16.469999313354492,708200
2026-05-07 18:50:00+00:00,ABEV3.SA,16.459999084472656,16.479999542236328,16.450000762939453,16.469999313354492,108800
2026-05-07 18:55:00+00:00,ABEV3.SA,16.479999542236328,16.489999771118164,16.469999313354492,16.479999542236328,73800
2026-05-07 19:00:00+00:00,ABEV3.SA,16.479999542236328,16.489999771118164,16.469999313354492,16.479999542236328,258600
2026-05-07 19:05:00+00:00,ABEV3.SA,16.489999771118164,16.489999771118164,16.469999313354492,16.469999313354492,229400
2026-05-07 19:10:00+00:00,ABEV3.SA,16.469999313354492,16.479999542236328,16.469999313354492,16.469999313354492,51800
2026-05-07 19:15:00+00:00,ABEV3.SA,16.469999313354492,16.479999542236328,16.450000762939453,16.450000762939453,314900
2026-05-07 19:20:00+00:00,ABEV3.SA,16.450000762939453,16.469999313354492,16.440000534057617,16.450000762939453,162000
2026-05-07 19:25:00+00:00,ABEV3.SA,16.440000534057617,16.450000762939453,16.43000030517578,16.43000030517578,336900
2026-05-07 19:30:00+00:00,ABEV3.SA,16.43000030517578,16.440000534057617,16.43000030517578,16.43000030517578,221000
2026-05-07 19:35:00+00:00,ABEV3.SA,16.440000534057617,16.440000534057617,16.420000076293945,16.43000030517578,290700
2026-05-07 19:40:00+00:00,ABEV3.SA,16.420000076293945,16.43000030517578,16.389999389648438,16.399999618530273,515000
2026-05-07 19:45:00+00:00,ABEV3.SA,16.389999389648438,16.399999618530273,16.3799991607666,16.399999618530273,391700
2026-05-07 19:50:00+00:00,ABEV3.SA,16.389999389648438,16.450000762939453,16.31999969482422,16.3700008392334,342200
2026-05-08 13:00:00+00:00,ABEV3.SA,16.489999771118164,16.489999771118164,16.389999389648438,16.420000076293945,0
2026-05-08 13:05:00+00:00,ABEV3.SA,16.40999984741211,16.450000762939453,16.3700008392334,16.389999389648438,102100
2026-05-08 13:10:00+00:00,ABEV3.SA,16.389999389648438,16.450000762939453,16.3799991607666,16.40999984741211,132900
2026-05-08 13:15:00+00:00,ABEV3.SA,16.40999984741211,16.440000534057617,16.3700008392334,16.389999389648438,295300
2026-05-08 13:20:00+00:00,ABEV3.SA,16.399999618530273,16.40999984741211,16.360000610351562,16.360000610351562,123500
2026-05-08 13:25:00+00:00,ABEV3.SA,16.3700008392334,16.469999313354492,16.350000381469727,16.459999084472656,391600
2026-05-08 13:30:00+00:00,ABEV3.SA,16.459999084472656,16.549999237060547,16.440000534057617,16.489999771118164,563100
2026-05-08 13:35:00+00:00,ABEV3.SA,16.489999771118164,16.520000457763672,16.479999542236328,16.510000228881836,239600
2026-05-08 13:40:00+00:00,ABEV3.SA,16.520000457763672,16.530000686645508,16.459999084472656,16.510000228881836,631200
2026-05-08 13:45:00+00:00,ABEV3.SA,16.510000228881836,16.520000457763672,16.489999771118164,16.510000228881836,252500
2026-05-08 13:50:00+00:00,ABEV3.SA,16.5,16.520000457763672,16.450000762939453,16.459999084472656,1138000
2026-05-08 13:55:00+00:00,ABEV3.SA,16.469999313354492,16.479999542236328,16.399999618530273,16.420000076293945,318200
2026-05-08 14:00:00+00:00,ABEV3.SA,16.43000030517578,16.43000030517578,16.299999237060547,16.329999923706055,1046000
2026-05-08 14:05:00+00:00,ABEV3.SA,16.309999465942383,16.399999618530273,16.309999465942383,16.399999618530273,340000
2026-05-08 14:10:00+00:00,ABEV3.SA,16.399999618530273,16.440000534057617,16.389999389648438,16.440000534057617,325700
2026-05-08 14:15:00+00:00,ABEV3.SA,16.440000534057617,16.479999542236328,16.43000030517578,16.479999542236328,258700
2026-05-08 14:20:00+00:00,ABEV3.SA,16.489999771118164,16.5,16.469999313354492,16.469999313354492,238100
2026-05-08 14:25:00+00:00,ABEV3.SA,16.479999542236328,16.5,16.479999542236328,16.479999542236328,700800
2026-05-08 14:30:00+00:00,ABEV3.SA,16.489999771118164,16.530000686645508,16.479999542236328,16.510000228881836,1330600
2026-05-08 14:35:00+00:00,ABEV3.SA,16.510000228881836,16.510000228881836,16.489999771118164,16.510000228881836,834000
2026-05-08 14:40:00+00:00,ABEV3.SA,16.510000228881836,16.530000686645508,16.489999771118164,16.520000457763672,689100
2026-05-08 14:45:00+00:00,ABEV3.SA,16.520000457763672,16.520000457763672,16.389999389648438,16.440000534057617,1171300
2026-05-08 14:50:00+00:00,ABEV3.SA,16.440000534057617,16.459999084472656,16.3700008392334,16.389999389648438,1021900
2026-05-08 14:55:00+00:00,ABEV3.SA,16.3799991607666,16.40999984741211,16.3799991607666,16.389999389648438,191500
2026-05-08 15:00:00+00:00,ABEV3.SA,16.399999618530273,16.420000076293945,16.3700008392334,16.389999389648438,189100
2026-05-08 15:05:00+00:00,ABEV3.SA,16.389999389648438,16.40999984741211,16.3799991607666,16.40999984741211,4516300
2026-05-08 15:10:00+00:00,ABEV3.SA,16.399999618530273,16.40999984741211,16.299999237060547,16.309999465942383,691700
2026-05-08 15:15:00+00:00,ABEV3.SA,16.309999465942383,16.31999969482422,16.299999237060547,16.309999465942383,182300
2026-05-08 15:20:00+00:00,ABEV3.SA,16.299999237060547,16.31999969482422,16.260000228881836,16.309999465942383,551400
2026-05-08 15:25:00+00:00,ABEV3.SA,16.309999465942383,16.31999969482422,16.25,16.25,449300
2026-05-08 15:30:00+00:00,ABEV3.SA,16.260000228881836,16.309999465942383,16.239999771118164,16.290000915527344,744900
2026-05-08 15:35:00+00:00,ABEV3.SA,16.290000915527344,16.299999237060547,16.260000228881836,16.270000457763672,287600
2026-05-08 15:40:00+00:00,ABEV3.SA,16.280000686645508,16.299999237060547,16.270000457763672,16.280000686645508,156700
2026-05-08 15:45:00+00:00,ABEV3.SA,16.280000686645508,16.290000915527344,16.270000457763672,16.280000686645508,150000
2026-05-08 15:50:00+00:00,ABEV3.SA,16.270000457763672,16.280000686645508,16.270000457763672,16.280000686645508,90300
2026-05-08 15:55:00+00:00,ABEV3.SA,16.280000686645508,16.290000915527344,16.270000457763672,16.290000915527344,144600
2026-05-08 16:00:00+00:00,ABEV3.SA,16.290000915527344,16.299999237060547,16.280000686645508,16.290000915527344,238200
2026-05-08 16:05:00+00:00,ABEV3.SA,16.280000686645508,16.290000915527344,16.260000228881836,16.270000457763672,127300
2026-05-08 16:10:00+00:00,ABEV3.SA,16.270000457763672,16.280000686645508,16.25,16.270000457763672,122200
2026-05-08 16:15:00+00:00,ABEV3.SA,16.270000457763672,16.280000686645508,16.239999771118164,16.260000228881836,100400
2026-05-08 16:20:00+00:00,ABEV3.SA,16.25,16.290000915527344,16.25,16.280000686645508,66300
2026-05-08 16:25:00+00:00,ABEV3.SA,16.270000457763672,16.290000915527344,16.25,16.260000228881836,343700
2026-05-08 16:30:00+00:00,ABEV3.SA,16.25,16.270000457763672,16.25,16.260000228881836,124900
2026-05-08 16:35:00+00:00,ABEV3.SA,16.260000228881836,16.280000686645508,16.239999771118164,16.270000457763672,572900
2026-05-08 16:40:00+00:00,ABEV3.SA,16.270000457763672,16.280000686645508,16.25,16.260000228881836,291800
2026-05-08 16:45:00+00:00,ABEV3.SA,16.270000457763672,16.31999969482422,16.260000228881836,16.299999237060547,496300
2026-05-08 16:50:00+00:00,ABEV3.SA,16.290000915527344,16.299999237060547,16.25,16.25,201100
2026-05-08 16:55:00+00:00,ABEV3.SA,16.260000228881836,16.260000228881836,16.239999771118164,16.260000228881836,130100
2026-05-08 17:00:00+00:00,ABEV3.SA,16.260000228881836,16.260000228881836,16.25,16.260000228881836,90500
2026-05-08 17:05:00+00:00,ABEV3.SA,16.260000228881836,16.270000457763672,16.239999771118164,16.260000228881836,156000
2026-05-08 17:10:00+00:00,ABEV3.SA,16.260000228881836,16.280000686645508,16.239999771118164,16.270000457763672,234800
2026-05-08 17:15:00+00:00,ABEV3.SA,16.270000457763672,16.280000686645508,16.25,16.270000457763672,216700
2026-05-08 17:20:00+00:00,ABEV3.SA,16.270000457763672,16.280000686645508,16.25,16.260000228881836,128700
2026-05-08 17:25:00+00:00,ABEV3.SA,16.270000457763672,16.280000686645508,16.25,16.270000457763672,257100
2026-05-08 17:30:00+00:00,ABEV3.SA,16.270000457763672,16.280000686645508,16.219999313354492,16.219999313354492,2385600
2026-05-08 17:35:00+00:00,ABEV3.SA,16.229999542236328,16.25,16.18000030517578,16.239999771118164,1001700
2026-05-08 17:40:00+00:00,ABEV3.SA,16.239999771118164,16.280000686645508,16.229999542236328,16.280000686645508,208400
2026-05-08 17:45:00+00:00,ABEV3.SA,16.280000686645508,16.280000686645508,16.229999542236328,16.239999771118164,721900
2026-05-08 17:50:00+00:00,ABEV3.SA,16.239999771118164,16.239999771118164,16.229999542236328,16.239999771118164,108900
2026-05-08 17:55:00+00:00,ABEV3.SA,16.229999542236328,16.309999465942383,16.229999542236328,16.309999465942383,1916300
2026-05-08 18:00:00+00:00,ABEV3.SA,16.309999465942383,16.329999923706055,16.280000686645508,16.31999969482422,408200
2026-05-08 18:05:00+00:00,ABEV3.SA,16.31999969482422,16.31999969482422,16.299999237060547,16.299999237060547,205200
2026-05-08 18:10:00+00:00,ABEV3.SA,16.299999237060547,16.309999465942383,16.299999237060547,16.309999465942383,84200
2026-05-08 18:15:00+00:00,ABEV3.SA,16.309999465942383,16.309999465942383,16.299999237060547,16.309999465942383,90000
2026-05-08 18:20:00+00:00,ABEV3.SA,16.309999465942383,16.309999465942383,16.280000686645508,16.290000915527344,289700
2026-05-08 18:25:00+00:00,ABEV3.SA,16.299999237060547,16.31999969482422,16.290000915527344,16.309999465942383,237600
2026-05-08 18:30:00+00:00,ABEV3.SA,16.299999237060547,16.329999923706055,16.299999237060547,16.329999923706055,331900
2026-05-08 18:35:00+00:00,ABEV3.SA,16.31999969482422,16.329999923706055,16.309999465942383,16.31999969482422,271000
2026-05-08 18:40:00+00:00,ABEV3.SA,16.31999969482422,16.31999969482422,16.309999465942383,16.31999969482422,135700
2026-05-08 18:45:00+00:00,ABEV3.SA,16.31999969482422,16.329999923706055,16.309999465942383,16.309999465942383,236700
2026-05-08 18:50:00+00:00,ABEV3.SA,16.31999969482422,16.329999923706055,16.309999465942383,16.329999923706055,485700
2026-05-08 18:55:00+00:00,ABEV3.SA,16.329999923706055,16.34000015258789,16.309999465942383,16.34000015258789,1096000
2026-05-08 19:00:00+00:00,ABEV3.SA,16.34000015258789,16.34000015258789,16.329999923706055,16.34000015258789,487100
2026-05-08 19:05:00+00:00,ABEV3.SA,16.34000015258789,16.34000015258789,16.31999969482422,16.31999969482422,359700
2026-05-08 19:10:00+00:00,ABEV3.SA,16.329999923706055,16.34000015258789,16.31999969482422,16.34000015258789,337000
2026-05-08 19:15:00+00:00,ABEV3.SA,16.34000015258789,16.350000381469727,16.329999923706055,16.34000015258789,294900
2026-05-08 19:20:00+00:00,ABEV3.SA,16.34000015258789,16.350000381469727,16.31999969482422,16.31999969482422,425700
2026-05-08 19:25:00+00:00,ABEV3.SA,16.329999923706055,16.329999923706055,16.309999465942383,16.329999923706055,313200
2026-05-08 19:30:00+00:00,ABEV3.SA,16.31999969482422,16.329999923706055,16.280000686645508,16.290000915527344,805700
2026-05-08 19:35:00+00:00,ABEV3.SA,16.299999237060547,16.31999969482422,16.290000915527344,16.309999465942383,480100
2026-05-08 19:40:00+00:00,ABEV3.SA,16.309999465942383,16.329999923706055,16.309999465942383,16.31999969482422,427000
2026-05-08 19:45:00+00:00,ABEV3.SA,16.31999969482422,16.34000015258789,16.309999465942383,16.31999969482422,436100
2026-05-08 19:50:00+00:00,ABEV3.SA,16.31999969482422,16.31999969482422,16.280000686645508,16.280000686645508,489000
2026-05-11 13:00:00+00:00,ABEV3.SA,16.200000762939453,16.270000457763672,16.200000762939453,16.270000457763672,0
2026-05-11 13:05:00+00:00,ABEV3.SA,16.25,16.270000457763672,16.200000762939453,16.219999313354492,113300
2026-05-11 13:10:00+00:00,ABEV3.SA,16.219999313354492,16.299999237060547,16.219999313354492,16.290000915527344,181000
2026-05-11 13:15:00+00:00,ABEV3.SA,16.290000915527344,16.329999923706055,16.280000686645508,16.329999923706055,92100
2026-05-11 13:20:00+00:00,ABEV3.SA,16.34000015258789,16.3799991607666,16.309999465942383,16.309999465942383,298200
2026-05-11 13:25:00+00:00,ABEV3.SA,16.31999969482422,16.360000610351562,16.299999237060547,16.350000381469727,149600
2026-05-11 13:30:00+00:00,ABEV3.SA,16.34000015258789,16.389999389648438,16.280000686645508,16.389999389648438,916800
2026-05-11 13:35:00+00:00,ABEV3.SA,16.399999618530273,16.479999542236328,16.389999389648438,16.469999313354492,474100
2026-05-11 13:40:00+00:00,ABEV3.SA,16.469999313354492,16.510000228881836,16.420000076293945,16.43000030517578,250600
2026-05-11 13:45:00+00:00,ABEV3.SA,16.40999984741211,16.450000762939453,16.350000381469727,16.360000610351562,281600
2026-05-11 13:50:00+00:00,ABEV3.SA,16.360000610351562,16.3700008392334,16.350000381469727,16.360000610351562,137100
2026-05-11 13:55:00+00:00,ABEV3.SA,16.350000381469727,16.360000610351562,16.309999465942383,16.329999923706055,217300
2026-05-11 14:00:00+00:00,ABEV3.SA,16.329999923706055,16.34000015258789,16.309999465942383,16.309999465942383,90200
2026-05-11 14:05:00+00:00,ABEV3.SA,16.31999969482422,16.31999969482422,16.280000686645508,16.31999969482422,187600
2026-05-11 14:10:00+00:00,ABEV3.SA,16.31999969482422,16.34000015258789,16.290000915527344,16.290000915527344,201400
2026-05-11 14:15:00+00:00,ABEV3.SA,16.290000915527344,16.299999237060547,16.270000457763672,16.290000915527344,117300
2026-05-11 14:20:00+00:00,ABEV3.SA,16.280000686645508,16.290000915527344,16.25,16.260000228881836,542600
2026-05-11 14:25:00+00:00,ABEV3.SA,16.260000228881836,16.280000686645508,16.25,16.270000457763672,226300
2026-05-11 14:30:00+00:00,ABEV3.SA,16.270000457763672,16.280000686645508,16.25,16.260000228881836,177200
2026-05-11 14:35:00+00:00,ABEV3.SA,16.260000228881836,16.270000457763672,16.229999542236328,16.239999771118164,134700
2026-05-11 14:40:00+00:00,ABEV3.SA,16.239999771118164,16.270000457763672,16.239999771118164,16.260000228881836,391600
2026-05-11 14:45:00+00:00,ABEV3.SA,16.260000228881836,16.260000228881836,16.239999771118164,16.25,148900
2026-05-11 14:50:00+00:00,ABEV3.SA,16.239999771118164,16.270000457763672,16.239999771118164,16.260000228881836,175700
2026-05-11 14:55:00+00:00,ABEV3.SA,16.260000228881836,16.290000915527344,16.260000228881836,16.280000686645508,120600
2026-05-11 15:00:00+00:00,ABEV3.SA,16.280000686645508,16.290000915527344,16.260000228881836,16.260000228881836,131800
2026-05-11 15:05:00+00:00,ABEV3.SA,16.270000457763672,16.290000915527344,16.25,16.290000915527344,84100
2026-05-11 15:10:00+00:00,ABEV3.SA,16.290000915527344,16.299999237060547,16.270000457763672,16.290000915527344,95500
2026-05-11 15:15:00+00:00,ABEV3.SA,16.280000686645508,16.309999465942383,16.280000686645508,16.290000915527344,183200
2026-05-11 15:20:00+00:00,ABEV3.SA,16.299999237060547,16.309999465942383,16.280000686645508,16.290000915527344,108500
2026-05-11 15:25:00+00:00,ABEV3.SA,16.299999237060547,16.299999237060547,16.280000686645508,16.280000686645508,162100
2026-05-11 15:30:00+00:00,ABEV3.SA,16.280000686645508,16.299999237060547,16.270000457763672,16.280000686645508,68600
2026-05-11 15:35:00+00:00,ABEV3.SA,16.290000915527344,16.299999237060547,16.280000686645508,16.290000915527344,53400
2026-05-11 15:40:00+00:00,ABEV3.SA,16.290000915527344,16.299999237060547,16.270000457763672,16.290000915527344,94700
2026-05-11 15:45:00+00:00,ABEV3.SA,16.280000686645508,16.290000915527344,16.270000457763672,16.280000686645508,156500
2026-05-11 15:50:00+00:00,ABEV3.SA,16.270000457763672,16.290000915527344,16.260000228881836,16.270000457763672,143700
2026-05-11 15:55:00+00:00,ABEV3.SA,16.270000457763672,16.280000686645508,16.260000228881836,16.260000228881836,119000
2026-05-11 16:00:00+00:00,ABEV3.SA,16.270000457763672,16.280000686645508,16.25,16.25,78200
2026-05-11 16:05:00+00:00,ABEV3.SA,16.25,16.260000228881836,16.229999542236328,16.239999771118164,110700
2026-05-11 16:10:00+00:00,ABEV3.SA,16.239999771118164,16.25,16.229999542236328,16.239999771118164,89600
2026-05-11 16:15:00+00:00,ABEV3.SA,16.25,16.270000457763672,16.229999542236328,16.260000228881836,232300
2026-05-11 16:20:00+00:00,ABEV3.SA,16.25,16.260000228881836,16.239999771118164,16.260000228881836,66000
2026-05-11 16:25:00+00:00,ABEV3.SA,16.25,16.260000228881836,16.209999084472656,16.209999084472656,194100
2026-05-11 16:30:00+00:00,ABEV3.SA,16.209999084472656,16.229999542236328,16.209999084472656,16.219999313354492,135100
2026-05-11 16:35:00+00:00,ABEV3.SA,16.229999542236328,16.229999542236328,16.209999084472656,16.209999084472656,98300
2026-05-11 16:40:00+00:00,ABEV3.SA,16.219999313354492,16.229999542236328,16.200000762939453,16.219999313354492,133200
2026-05-11 16:45:00+00:00,ABEV3.SA,16.219999313354492,16.239999771118164,16.209999084472656,16.219999313354492,182100
2026-05-11 16:50:00+00:00,ABEV3.SA,16.229999542236328,16.239999771118164,16.209999084472656,16.229999542236328,62100
2026-05-11 16:55:00+00:00,ABEV3.SA,16.219999313354492,16.229999542236328,16.219999313354492,16.229999542236328,63300
2026-05-11 17:00:00+00:00,ABEV3.SA,16.219999313354492,16.229999542236328,16.219999313354492,16.219999313354492,65600
2026-05-11 17:05:00+00:00,ABEV3.SA,16.219999313354492,16.239999771118164,16.219999313354492,16.229999542236328,80000
2026-05-11 17:10:00+00:00,ABEV3.SA,16.219999313354492,16.229999542236328,16.209999084472656,16.219999313354492,91800
2026-05-11 17:15:00+00:00,ABEV3.SA,16.219999313354492,16.219999313354492,16.18000030517578,16.18000030517578,214000
2026-05-11 17:20:00+00:00,ABEV3.SA,16.190000534057617,16.209999084472656,16.18000030517578,16.200000762939453,73800
2026-05-11 17:25:00+00:00,ABEV3.SA,16.200000762939453,16.209999084472656,16.18000030517578,16.200000762939453,214700
2026-05-11 17:30:00+00:00,ABEV3.SA,16.190000534057617,16.200000762939453,16.170000076293945,16.18000030517578,182200
2026-05-11 17:35:00+00:00,ABEV3.SA,16.18000030517578,16.190000534057617,16.170000076293945,16.18000030517578,285600
2026-05-11 17:40:00+00:00,ABEV3.SA,16.18000030517578,16.200000762939453,16.18000030517578,16.200000762939453,299000
2026-05-11 17:45:00+00:00,ABEV3.SA,16.200000762939453,16.209999084472656,16.190000534057617,16.200000762939453,313500
2026-05-11 17:50:00+00:00,ABEV3.SA,16.200000762939453,16.209999084472656,16.190000534057617,16.190000534057617,174800
2026-05-11 17:55:00+00:00,ABEV3.SA,16.190000534057617,16.209999084472656,16.190000534057617,16.190000534057617,380700
2026-05-11 18:00:00+00:00,ABEV3.SA,16.200000762939453,16.209999084472656,16.190000534057617,16.209999084472656,193300
2026-05-11 18:05:00+00:00,ABEV3.SA,16.209999084472656,16.209999084472656,16.200000762939453,16.200000762939453,173300
2026-05-11 18:10:00+00:00,ABEV3.SA,16.200000762939453,16.209999084472656,16.190000534057617,16.200000762939453,155600
2026-05-11 18:15:00+00:00,ABEV3.SA,16.200000762939453,16.209999084472656,16.190000534057617,16.200000762939453,185900
2026-05-11 18:20:00+00:00,ABEV3.SA,16.200000762939453,16.229999542236328,16.190000534057617,16.229999542236328,282400
2026-05-11 18:25:00+00:00,ABEV3.SA,16.229999542236328,16.25,16.219999313354492,16.239999771118164,185800
2026-05-11 18:30:00+00:00,ABEV3.SA,16.239999771118164,16.260000228881836,16.229999542236328,16.260000228881836,129900
2026-05-11 18:35:00+00:00,ABEV3.SA,16.260000228881836,16.260000228881836,16.229999542236328,16.239999771118164,184600
2026-05-11 18:40:00+00:00,ABEV3.SA,16.229999542236328,16.25,16.229999542236328,16.239999771118164,200500
2026-05-11 18:45:00+00:00,ABEV3.SA,16.239999771118164,16.25,16.229999542236328,16.239999771118164,173700
2026-05-11 18:50:00+00:00,ABEV3.SA,16.229999542236328,16.239999771118164,16.229999542236328,16.229999542236328,120600
2026-05-11 18:55:00+00:00,ABEV3.SA,16.229999542236328,16.239999771118164,16.229999542236328,16.229999542236328,142200
2026-05-11 19:00:00+00:00,ABEV3.SA,16.219999313354492,16.229999542236328,16.219999313354492,16.219999313354492,144400
2026-05-11 19:05:00+00:00,ABEV3.SA,16.219999313354492,16.25,16.219999313354492,16.25,235900
2026-05-11 19:10:00+00:00,ABEV3.SA,16.25,16.25,16.229999542236328,16.25,218200
2026-05-11 19:15:00+00:00,ABEV3.SA,16.25,16.260000228881836,16.239999771118164,16.25,297900
2026-05-11 19:20:00+00:00,ABEV3.SA,16.25,16.25,16.229999542236328,16.229999542236328,221800
2026-05-11 19:25:00+00:00,ABEV3.SA,16.229999542236328,16.25,16.229999542236328,16.25,168900
2026-05-11 19:30:00+00:00,ABEV3.SA,16.25,16.270000457763672,16.229999542236328,16.270000457763672,403500
2026-05-11 19:35:00+00:00,ABEV3.SA,16.260000228881836,16.280000686645508,16.260000228881836,16.270000457763672,301200
2026-05-11 19:40:00+00:00,ABEV3.SA,16.260000228881836,16.280000686645508,16.25,16.25,598000
2026-05-11 19:45:00+00:00,ABEV3.SA,16.25,16.270000457763672,16.25,16.260000228881836,374500
2026-05-11 19:50:00+00:00,ABEV3.SA,16.270000457763672,16.280000686645508,16.25,16.25,457500
2026-05-12 13:00:00+00:00,ABEV3.SA,16.209999084472656,16.290000915527344,16.209999084472656,16.25,0
2026-05-12 13:05:00+00:00,ABEV3.SA,16.239999771118164,16.280000686645508,16.229999542236328,16.239999771118164,158800
2026-05-12 13:10:00+00:00,ABEV3.SA,16.229999542236328,16.239999771118164,16.219999313354492,16.219999313354492,114500
2026-05-12 13:15:00+00:00,ABEV3.SA,16.219999313354492,16.239999771118164,16.190000534057617,16.200000762939453,149600
2026-05-12 13:20:00+00:00,ABEV3.SA,16.209999084472656,16.270000457763672,16.200000762939453,16.239999771118164,346700
2026-05-12 13:25:00+00:00,ABEV3.SA,16.25,16.25,16.18000030517578,16.239999771118164,347500
2026-05-12 13:30:00+00:00,ABEV3.SA,16.239999771118164,16.280000686645508,16.209999084472656,16.270000457763672,264700
2026-05-12 13:35:00+00:00,ABEV3.SA,16.270000457763672,16.31999969482422,16.260000228881836,16.309999465942383,227600
2026-05-12 13:40:00+00:00,ABEV3.SA,16.309999465942383,16.31999969482422,16.25,16.260000228881836,520700
2026-05-12 13:45:00+00:00,ABEV3.SA,16.25,16.270000457763672,16.209999084472656,16.219999313354492,92100
2026-05-12 13:50:00+00:00,ABEV3.SA,16.209999084472656,16.239999771118164,16.170000076293945,16.170000076293945,198400
2026-05-12 13:55:00+00:00,ABEV3.SA,16.170000076293945,16.18000030517578,16.139999389648438,16.149999618530273,208400
2026-05-12 14:00:00+00:00,ABEV3.SA,16.139999389648438,16.18000030517578,16.1200008392334,16.1299991607666,399100
2026-05-12 14:05:00+00:00,ABEV3.SA,16.1299991607666,16.190000534057617,16.1299991607666,16.18000030517578,987800
2026-05-12 14:10:00+00:00,ABEV3.SA,16.170000076293945,16.18000030517578,16.139999389648438,16.15999984741211,176400
2026-05-12 14:15:00+00:00,ABEV3.SA,16.170000076293945,16.170000076293945,16.1299991607666,16.139999389648438,134600
2026-05-12 14:20:00+00:00,ABEV3.SA,16.139999389648438,16.170000076293945,16.1299991607666,16.149999618530273,156500
2026-05-12 14:25:00+00:00,ABEV3.SA,16.149999618530273,16.15999984741211,16.110000610351562,16.110000610351562,209700
2026-05-12 14:30:00+00:00,ABEV3.SA,16.110000610351562,16.1299991607666,16.100000381469727,16.1200008392334,110000
2026-05-12 14:35:00+00:00,ABEV3.SA,16.1200008392334,16.139999389648438,16.110000610351562,16.1299991607666,116300
2026-05-12 14:40:00+00:00,ABEV3.SA,16.139999389648438,16.170000076293945,16.139999389648438,16.15999984741211,189400
2026-05-12 14:45:00+00:00,ABEV3.SA,16.15999984741211,16.190000534057617,16.149999618530273,16.15999984741211,96800
2026-05-12 14:50:00+00:00,ABEV3.SA,16.170000076293945,16.18000030517578,16.149999618530273,16.18000030517578,157400
2026-05-12 14:55:00+00:00,ABEV3.SA,16.18000030517578,16.200000762939453,16.170000076293945,16.190000534057617,54500
2026-05-12 15:00:00+00:00,ABEV3.SA,16.190000534057617,16.200000762939453,16.170000076293945,16.200000762939453,304800
2026-05-12 15:05:00+00:00,ABEV3.SA,16.200000762939453,16.219999313354492,16.190000534057617,16.200000762939453,201400
2026-05-12 15:10:00+00:00,ABEV3.SA,16.200000762939453,16.219999313354492,16.170000076293945,16.190000534057617,540600
2026-05-12 15:15:00+00:00,ABEV3.SA,16.209999084472656,16.229999542236328,16.209999084472656,16.229999542236328,194800
2026-05-12 15:20:00+00:00,ABEV3.SA,16.229999542236328,16.229999542236328,16.200000762939453,16.209999084472656,200500
2026-05-12 15:25:00+00:00,ABEV3.SA,16.209999084472656,16.229999542236328,16.200000762939453,16.229999542236328,116100
2026-05-12 15:30:00+00:00,ABEV3.SA,16.229999542236328,16.239999771118164,16.190000534057617,16.190000534057617,851400
2026-05-12 15:35:00+00:00,ABEV3.SA,16.190000534057617,16.200000762939453,16.190000534057617,16.200000762939453,84200
2026-05-12 15:40:00+00:00,ABEV3.SA,16.200000762939453,16.200000762939453,16.190000534057617,16.200000762939453,112400
2026-05-12 15:45:00+00:00,ABEV3.SA,16.190000534057617,16.200000762939453,16.170000076293945,16.200000762939453,184300
2026-05-12 15:50:00+00:00,ABEV3.SA,16.200000762939453,16.200000762939453,16.18000030517578,16.190000534057617,141500
2026-05-12 15:55:00+00:00,ABEV3.SA,16.190000534057617,16.200000762939453,16.18000030517578,16.200000762939453,51000
2026-05-12 16:00:00+00:00,ABEV3.SA,16.200000762939453,16.200000762939453,16.170000076293945,16.200000762939453,119700
2026-05-12 16:05:00+00:00,ABEV3.SA,16.200000762939453,16.200000762939453,16.170000076293945,16.18000030517578,254800
2026-05-12 16:10:00+00:00,ABEV3.SA,16.18000030517578,16.18000030517578,16.149999618530273,16.18000030517578,273800
2026-05-12 16:15:00+00:00,ABEV3.SA,16.18000030517578,16.200000762939453,16.18000030517578,16.200000762939453,169500
2026-05-12 16:20:00+00:00,ABEV3.SA,16.200000762939453,16.200000762939453,16.18000030517578,16.190000534057617,117300
2026-05-12 16:25:00+00:00,ABEV3.SA,16.18000030517578,16.200000762939453,16.18000030517578,16.190000534057617,67600
2026-05-12 16:30:00+00:00,ABEV3.SA,16.190000534057617,16.190000534057617,16.18000030517578,16.190000534057617,86300
2026-05-12 16:35:00+00:00,ABEV3.SA,16.190000534057617,16.200000762939453,16.18000030517578,16.190000534057617,81200
2026-05-12 16:40:00+00:00,ABEV3.SA,16.18000030517578,16.190000534057617,16.170000076293945,16.190000534057617,88900
2026-05-12 16:45:00+00:00,ABEV3.SA,16.190000534057617,16.190000534057617,16.170000076293945,16.18000030517578,90800
2026-05-12 16:50:00+00:00,ABEV3.SA,16.170000076293945,16.190000534057617,16.170000076293945,16.18000030517578,100600
2026-05-12 16:55:00+00:00,ABEV3.SA,16.18000030517578,16.18000030517578,16.170000076293945,16.18000030517578,77600
2026-05-12 17:00:00+00:00,ABEV3.SA,16.18000030517578,16.200000762939453,16.18000030517578,16.200000762939453,129800
2026-05-12 17:05:00+00:00,ABEV3.SA,16.200000762939453,16.200000762939453,16.18000030517578,16.190000534057617,90100
2026-05-12 17:10:00+00:00,ABEV3.SA,16.190000534057617,16.200000762939453,16.18000030517578,16.190000534057617,90500
2026-05-12 17:15:00+00:00,ABEV3.SA,16.190000534057617,16.200000762939453,16.18000030517578,16.190000534057617,147500
2026-05-12 17:20:00+00:00,ABEV3.SA,16.190000534057617,16.200000762939453,16.18000030517578,16.190000534057617,113200
2026-05-12 17:25:00+00:00,ABEV3.SA,16.190000534057617,16.200000762939453,16.170000076293945,16.190000534057617,284700
2026-05-12 17:30:00+00:00,ABEV3.SA,16.18000030517578,16.200000762939453,16.18000030517578,16.190000534057617,118300
2026-05-12 17:35:00+00:00,ABEV3.SA,16.190000534057617,16.200000762939453,16.18000030517578,16.190000534057617,82100
2026-05-12 17:40:00+00:00,ABEV3.SA,16.190000534057617,16.209999084472656,16.18000030517578,16.190000534057617,301200
2026-05-12 17:45:00+00:00,ABEV3.SA,16.190000534057617,16.190000534057617,16.170000076293945,16.18000030517578,181300
2026-05-12 17:50:00+00:00,ABEV3.SA,16.18000030517578,16.209999084472656,16.170000076293945,16.190000534057617,275800
2026-05-12 17:55:00+00:00,ABEV3.SA,16.190000534057617,16.200000762939453,16.170000076293945,16.18000030517578,198200
2026-05-12 18:00:00+00:00,ABEV3.SA,16.18000030517578,16.190000534057617,16.170000076293945,16.18000030517578,190300
2026-05-12 18:05:00+00:00,ABEV3.SA,16.18000030517578,16.190000534057617,16.170000076293945,16.18000030517578,106600
2026-05-12 18:10:00+00:00,ABEV3.SA,16.190000534057617,16.190000534057617,16.149999618530273,16.18000030517578,372800
2026-05-12 18:15:00+00:00,ABEV3.SA,16.18000030517578,16.200000762939453,16.170000076293945,16.190000534057617,100600
2026-05-12 18:20:00+00:00,ABEV3.SA,16.200000762939453,16.200000762939453,16.170000076293945,16.190000534057617,181000
2026-05-12 18:25:00+00:00,ABEV3.SA,16.18000030517578,16.200000762939453,16.15999984741211,16.170000076293945,291800
2026-05-12 18:30:00+00:00,ABEV3.SA,16.170000076293945,16.190000534057617,16.15999984741211,16.18000030517578,103500
2026-05-12 18:35:00+00:00,ABEV3.SA,16.190000534057617,16.190000534057617,16.15999984741211,16.15999984741211,204600
2026-05-12 18:40:00+00:00,ABEV3.SA,16.170000076293945,16.170000076293945,16.149999618530273,16.170000076293945,142800
2026-05-12 18:45:00+00:00,ABEV3.SA,16.170000076293945,16.170000076293945,16.149999618530273,16.15999984741211,106700
2026-05-12 18:50:00+00:00,ABEV3.SA,16.15999984741211,16.170000076293945,16.149999618530273,16.15999984741211,118900
2026-05-12 18:55:00+00:00,ABEV3.SA,16.15999984741211,16.15999984741211,16.139999389648438,16.139999389648438,170000
2026-05-12 19:00:00+00:00,ABEV3.SA,16.149999618530273,16.15999984741211,16.139999389648438,16.15999984741211,159600
2026-05-12 19:05:00+00:00,ABEV3.SA,16.15999984741211,16.15999984741211,16.139999389648438,16.15999984741211,174700
2026-05-12 19:10:00+00:00,ABEV3.SA,16.15999984741211,16.15999984741211,16.139999389648438,16.15999984741211,172400
2026-05-12 19:15:00+00:00,ABEV3.SA,16.149999618530273,16.170000076293945,16.149999618530273,16.15999984741211,219000
2026-05-12 19:20:00+00:00,ABEV3.SA,16.15999984741211,16.15999984741211,16.1299991607666,16.139999389648438,440800
2026-05-12 19:25:00+00:00,ABEV3.SA,16.1299991607666,16.149999618530273,16.1299991607666,16.1299991607666,143600
2026-05-12 19:30:00+00:00,ABEV3.SA,16.139999389648438,16.139999389648438,16.1200008392334,16.1299991607666,163100
2026-05-12 19:35:00+00:00,ABEV3.SA,16.139999389648438,16.139999389648438,16.110000610351562,16.110000610351562,330800
2026-05-12 19:40:00+00:00,ABEV3.SA,16.110000610351562,16.15999984741211,16.110000610351562,16.149999618530273,689300
2026-05-12 19:45:00+00:00,ABEV3.SA,16.149999618530273,16.170000076293945,16.149999618530273,16.149999618530273,167500
2026-05-12 19:50:00+00:00,ABEV3.SA,16.149999618530273,16.170000076293945,16.1299991607666,16.149999618530273,161100
2026-05-13 13:00:00+00:00,ABEV3.SA,16.15999984741211,16.18000030517578,16.1299991607666,16.15999984741211,0
2026-05-13 13:05:00+00:00,ABEV3.SA,16.15999984741211,16.15999984741211,16.139999389648438,16.139999389648438,67300
2026-05-13 13:10:00+00:00,ABEV3.SA,16.139999389648438,16.149999618530273,16.1299991607666,16.1299991607666,75900
2026-05-13 13:15:00+00:00,ABEV3.SA,16.1299991607666,16.1299991607666,16.049999237060547,16.059999465942383,214600
2026-05-13 13:20:00+00:00,ABEV3.SA,16.059999465942383,16.149999618530273,16.059999465942383,16.149999618530273,167000
2026-05-13 13:25:00+00:00,ABEV3.SA,16.149999618530273,16.149999618530273,16.09000015258789,16.09000015258789,203900
2026-05-13 13:30:00+00:00,ABEV3.SA,16.09000015258789,16.09000015258789,16.020000457763672,16.040000915527344,421700
2026-05-13 13:35:00+00:00,ABEV3.SA,16.040000915527344,16.09000015258789,16.030000686645508,16.09000015258789,167400
2026-05-13 13:40:00+00:00,ABEV3.SA,16.079999923706055,16.079999923706055,16.049999237060547,16.06999969482422,254100
2026-05-13 13:45:00+00:00,ABEV3.SA,16.06999969482422,16.139999389648438,16.059999465942383,16.1299991607666,213500
2026-05-13 13:50:00+00:00,ABEV3.SA,16.1299991607666,16.190000534057617,16.1299991607666,16.18000030517578,96300
2026-05-13 13:55:00+00:00,ABEV3.SA,16.18000030517578,16.190000534057617,16.170000076293945,16.170000076293945,91100
2026-05-13 14:00:00+00:00,ABEV3.SA,16.170000076293945,16.170000076293945,16.139999389648438,16.15999984741211,136800
2026-05-13 14:05:00+00:00,ABEV3.SA,16.149999618530273,16.25,16.149999618530273,16.229999542236328,308200
2026-05-13 14:10:00+00:00,ABEV3.SA,16.229999542236328,16.299999237060547,16.209999084472656,16.290000915527344,262800
2026-05-13 14:15:00+00:00,ABEV3.SA,16.290000915527344,16.290000915527344,16.260000228881836,16.270000457763672,156800
2026-05-13 14:20:00+00:00,ABEV3.SA,16.270000457763672,16.290000915527344,16.260000228881836,16.290000915527344,143500
2026-05-13 14:25:00+00:00,ABEV3.SA,16.280000686645508,16.290000915527344,16.260000228881836,16.260000228881836,381300
2026-05-13 14:30:00+00:00,ABEV3.SA,16.260000228881836,16.280000686645508,16.239999771118164,16.25,306600
2026-05-13 14:35:00+00:00,ABEV3.SA,16.25,16.270000457763672,16.219999313354492,16.229999542236328,460000
2026-05-13 14:40:00+00:00,ABEV3.SA,16.229999542236328,16.260000228881836,16.200000762939453,16.260000228881836,291000
2026-05-13 14:45:00+00:00,ABEV3.SA,16.239999771118164,16.260000228881836,16.229999542236328,16.239999771118164,99800
2026-05-13 14:50:00+00:00,ABEV3.SA,16.229999542236328,16.260000228881836,16.219999313354492,16.260000228881836,186800
2026-05-13 14:55:00+00:00,ABEV3.SA,16.260000228881836,16.260000228881836,16.219999313354492,16.229999542236328,310100
2026-05-13 15:00:00+00:00,ABEV3.SA,16.219999313354492,16.239999771118164,16.219999313354492,16.219999313354492,158400
2026-05-13 15:05:00+00:00,ABEV3.SA,16.229999542236328,16.239999771118164,16.209999084472656,16.209999084472656,219800
2026-05-13 15:10:00+00:00,ABEV3.SA,16.209999084472656,16.219999313354492,16.15999984741211,16.170000076293945,404100
2026-05-13 15:15:00+00:00,ABEV3.SA,16.170000076293945,16.200000762939453,16.170000076293945,16.200000762939453,171200
2026-05-13 15:20:00+00:00,ABEV3.SA,16.190000534057617,16.219999313354492,16.190000534057617,16.200000762939453,133000
2026-05-13 15:25:00+00:00,ABEV3.SA,16.209999084472656,16.219999313354492,16.200000762939453,16.200000762939453,117600
2026-05-13 15:30:00+00:00,ABEV3.SA,16.209999084472656,16.219999313354492,16.200000762939453,16.200000762939453,147100
2026-05-13 15:35:00+00:00,ABEV3.SA,16.200000762939453,16.209999084472656,16.18000030517578,16.200000762939453,285800
2026-05-13 15:40:00+00:00,ABEV3.SA,16.200000762939453,16.209999084472656,16.18000030517578,16.18000030517578,142600
2026-05-13 15:45:00+00:00,ABEV3.SA,16.190000534057617,16.190000534057617,16.170000076293945,16.170000076293945,63800
2026-05-13 15:50:00+00:00,ABEV3.SA,16.18000030517578,16.190000534057617,16.170000076293945,16.18000030517578,93900
2026-05-13 15:55:00+00:00,ABEV3.SA,16.190000534057617,16.190000534057617,16.170000076293945,16.170000076293945,390000
2026-05-13 16:00:00+00:00,ABEV3.SA,16.170000076293945,16.18000030517578,16.15999984741211,16.18000030517578,80900
2026-05-13 16:05:00+00:00,ABEV3.SA,16.18000030517578,16.18000030517578,16.149999618530273,16.15999984741211,87800
2026-05-13 16:10:00+00:00,ABEV3.SA,16.149999618530273,16.15999984741211,16.149999618530273,16.15999984741211,95000
2026-05-13 16:15:00+00:00,ABEV3.SA,16.15999984741211,16.170000076293945,16.149999618530273,16.15999984741211,41200
2026-05-13 16:20:00+00:00,ABEV3.SA,16.170000076293945,16.18000030517578,16.149999618530273,16.170000076293945,215300
2026-05-13 16:25:00+00:00,ABEV3.SA,16.170000076293945,16.18000030517578,16.15999984741211,16.15999984741211,61600
2026-05-13 16:30:00+00:00,ABEV3.SA,16.15999984741211,16.170000076293945,16.139999389648438,16.139999389648438,214600
2026-05-13 16:35:00+00:00,ABEV3.SA,16.149999618530273,16.15999984741211,16.149999618530273,16.15999984741211,93600
2026-05-13 16:40:00+00:00,ABEV3.SA,16.149999618530273,16.15999984741211,16.1299991607666,16.1299991607666,81100
2026-05-13 16:45:00+00:00,ABEV3.SA,16.1299991607666,16.139999389648438,16.1200008392334,16.1299991607666,68900
2026-05-13 16:50:00+00:00,ABEV3.SA,16.1200008392334,16.1299991607666,16.110000610351562,16.1200008392334,77000
2026-05-13 16:55:00+00:00,ABEV3.SA,16.1200008392334,16.1200008392334,16.09000015258789,16.110000610351562,137100
2026-05-13 17:00:00+00:00,ABEV3.SA,16.100000381469727,16.110000610351562,16.06999969482422,16.079999923706055,171100
2026-05-13 17:05:00+00:00,ABEV3.SA,16.06999969482422,16.09000015258789,16.06999969482422,16.09000015258789,194000
2026-05-13 17:10:00+00:00,ABEV3.SA,16.079999923706055,16.09000015258789,16.06999969482422,16.079999923706055,124900
2026-05-13 17:15:00+00:00,ABEV3.SA,16.06999969482422,16.110000610351562,16.06999969482422,16.110000610351562,405500
2026-05-13 17:20:00+00:00,ABEV3.SA,16.100000381469727,16.110000610351562,16.09000015258789,16.100000381469727,130300
2026-05-13 17:25:00+00:00,ABEV3.SA,16.09000015258789,16.100000381469727,16.06999969482422,16.079999923706055,175000
2026-05-13 17:30:00+00:00,ABEV3.SA,16.06999969482422,16.079999923706055,16.059999465942383,16.059999465942383,203700
2026-05-13 17:35:00+00:00,ABEV3.SA,16.059999465942383,16.09000015258789,16.059999465942383,16.09000015258789,174600
2026-05-13 17:40:00+00:00,ABEV3.SA,16.06999969482422,16.100000381469727,16.06999969482422,16.079999923706055,260400
2026-05-13 17:45:00+00:00,ABEV3.SA,16.079999923706055,16.100000381469727,16.079999923706055,16.079999923706055,293800
2026-05-13 17:50:00+00:00,ABEV3.SA,16.079999923706055,16.09000015258789,16.059999465942383,16.059999465942383,204400
2026-05-13 17:55:00+00:00,ABEV3.SA,16.06999969482422,16.079999923706055,16.0,16.030000686645508,740000
2026-05-13 18:00:00+00:00,ABEV3.SA,16.030000686645508,16.059999465942383,16.0,16.030000686645508,1029600
2026-05-13 18:05:00+00:00,ABEV3.SA,16.040000915527344,16.06999969482422,16.020000457763672,16.040000915527344,598100
2026-05-13 18:10:00+00:00,ABEV3.SA,16.049999237060547,16.059999465942383,16.010000228881836,16.010000228881836,523900
2026-05-13 18:15:00+00:00,ABEV3.SA,16.020000457763672,16.040000915527344,15.979999542236328,16.0,734600
2026-05-13 18:20:00+00:00,ABEV3.SA,16.0,16.010000228881836,15.9399995803833,15.949999809265137,1580700
2026-05-13 18:25:00+00:00,ABEV3.SA,15.960000038146973,15.960000038146973,15.90999984741211,15.930000305175781,381200
2026-05-13 18:30:00+00:00,ABEV3.SA,15.9399995803833,15.9399995803833,15.899999618530273,15.90999984741211,269900
2026-05-13 18:35:00+00:00,ABEV3.SA,15.90999984741211,15.930000305175781,15.890000343322754,15.930000305175781,292000
2026-05-13 18:40:00+00:00,ABEV3.SA,15.930000305175781,15.949999809265137,15.890000343322754,15.899999618530273,547900
2026-05-13 18:45:00+00:00,ABEV3.SA,15.899999618530273,15.90999984741211,15.850000381469727,15.890000343322754,677200
2026-05-13 18:50:00+00:00,ABEV3.SA,15.869999885559082,15.920000076293945,15.869999885559082,15.920000076293945,1001700
2026-05-13 18:55:00+00:00,ABEV3.SA,15.920000076293945,15.9399995803833,15.899999618530273,15.930000305175781,530100
2026-05-13 19:00:00+00:00,ABEV3.SA,15.930000305175781,15.949999809265137,15.899999618530273,15.920000076293945,561200
2026-05-13 19:05:00+00:00,ABEV3.SA,15.920000076293945,15.9399995803833,15.899999618530273,15.899999618530273,432700
2026-05-13 19:10:00+00:00,ABEV3.SA,15.899999618530273,15.920000076293945,15.899999618530273,15.899999618530273,219500
2026-05-13 19:15:00+00:00,ABEV3.SA,15.899999618530273,15.90999984741211,15.890000343322754,15.90999984741211,400100
2026-05-13 19:20:00+00:00,ABEV3.SA,15.90999984741211,15.930000305175781,15.899999618530273,15.930000305175781,282100
2026-05-13 19:25:00+00:00,ABEV3.SA,15.930000305175781,15.9399995803833,15.920000076293945,15.9399995803833,259100
2026-05-13 19:30:00+00:00,ABEV3.SA,15.9399995803833,15.9399995803833,15.880000114440918,15.899999618530273,392000
2026-05-13 19:35:00+00:00,ABEV3.SA,15.899999618530273,15.930000305175781,15.880000114440918,15.920000076293945,422100
2026-05-13 19:40:00+00:00,ABEV3.SA,15.920000076293945,15.920000076293945,15.890000343322754,15.899999618530273,781500
2026-05-13 19:45:00+00:00,ABEV3.SA,15.899999618530273,15.90999984741211,15.880000114440918,15.880000114440918,486100
2026-05-13 19:50:00+00:00,ABEV3.SA,15.880000114440918,15.90999984741211,15.859999656677246,15.890000343322754,980500
2026-05-14 13:00:00+00:00,ABEV3.SA,15.960000038146973,15.979999542236328,15.920000076293945,15.949999809265137,0
2026-05-14 13:05:00+00:00,ABEV3.SA,15.970000267028809,16.020000457763672,15.970000267028809,16.0,125600
2026-05-14 13:10:00+00:00,ABEV3.SA,16.0,16.020000457763672,15.979999542236328,15.979999542236328,59800
2026-05-14 13:15:00+00:00,ABEV3.SA,15.979999542236328,16.010000228881836,15.979999542236328,15.989999771118164,67200
2026-05-14 13:20:00+00:00,ABEV3.SA,15.989999771118164,16.020000457763672,15.989999771118164,16.0,77200
2026-05-14 13:25:00+00:00,ABEV3.SA,16.010000228881836,16.020000457763672,15.970000267028809,15.989999771118164,71100
2026-05-14 13:30:00+00:00,ABEV3.SA,15.989999771118164,16.010000228881836,15.949999809265137,16.0,151200
2026-05-14 13:35:00+00:00,ABEV3.SA,16.0,16.020000457763672,15.979999542236328,15.979999542236328,93800
2026-05-14 13:40:00+00:00,ABEV3.SA,15.979999542236328,16.0,15.970000267028809,15.979999542236328,68900
2026-05-14 13:45:00+00:00,ABEV3.SA,16.0,16.020000457763672,15.970000267028809,16.0,134700
2026-05-14 13:50:00+00:00,ABEV3.SA,16.0,16.059999465942383,16.0,16.040000915527344,102400
2026-05-14 13:55:00+00:00,ABEV3.SA,16.040000915527344,16.059999465942383,16.010000228881836,16.010000228881836,99800
2026-05-14 14:00:00+00:00,ABEV3.SA,16.010000228881836,16.059999465942383,16.0,16.040000915527344,187300
2026-05-14 14:05:00+00:00,ABEV3.SA,16.040000915527344,16.079999923706055,16.030000686645508,16.049999237060547,247100
2026-05-14 14:10:00+00:00,ABEV3.SA,16.049999237060547,16.059999465942383,16.040000915527344,16.049999237060547,74600
2026-05-14 14:15:00+00:00,ABEV3.SA,16.049999237060547,16.06999969482422,16.049999237060547,16.06999969482422,113500
2026-05-14 14:20:00+00:00,ABEV3.SA,16.06999969482422,16.079999923706055,16.040000915527344,16.040000915527344,158600
2026-05-14 14:25:00+00:00,ABEV3.SA,16.049999237060547,16.079999923706055,16.040000915527344,16.049999237060547,101600
2026-05-14 14:30:00+00:00,ABEV3.SA,16.049999237060547,16.06999969482422,16.030000686645508,16.049999237060547,115400
2026-05-14 14:35:00+00:00,ABEV3.SA,16.049999237060547,16.06999969482422,16.040000915527344,16.049999237060547,91100
2026-05-14 14:40:00+00:00,ABEV3.SA,16.049999237060547,16.059999465942383,16.040000915527344,16.040000915527344,95500
2026-05-14 14:45:00+00:00,ABEV3.SA,16.059999465942383,16.079999923706055,16.030000686645508,16.079999923706055,360000
2026-05-14 14:50:00+00:00,ABEV3.SA,16.06999969482422,16.09000015258789,16.06999969482422,16.09000015258789,81800
2026-05-14 14:55:00+00:00,ABEV3.SA,16.09000015258789,16.100000381469727,16.06999969482422,16.09000015258789,92800
2026-05-14 15:00:00+00:00,ABEV3.SA,16.09000015258789,16.100000381469727,16.059999465942383,16.059999465942383,118100
2026-05-14 15:05:00+00:00,ABEV3.SA,16.049999237060547,16.06999969482422,16.049999237060547,16.06999969482422,72800
2026-05-14 15:10:00+00:00,ABEV3.SA,16.049999237060547,16.06999969482422,16.040000915527344,16.040000915527344,61100
2026-05-14 15:15:00+00:00,ABEV3.SA,16.040000915527344,16.079999923706055,16.040000915527344,16.079999923706055,162300
2026-05-14 15:20:00+00:00,ABEV3.SA,16.079999923706055,16.100000381469727,16.06999969482422,16.09000015258789,62200
2026-05-14 15:25:00+00:00,ABEV3.SA,16.079999923706055,16.09000015258789,16.059999465942383,16.079999923706055,92800
2026-05-14 15:30:00+00:00,ABEV3.SA,16.059999465942383,16.06999969482422,16.030000686645508,16.040000915527344,206500
2026-05-14 15:35:00+00:00,ABEV3.SA,16.030000686645508,16.06999969482422,16.030000686645508,16.040000915527344,309700
2026-05-14 15:40:00+00:00,ABEV3.SA,16.040000915527344,16.049999237060547,16.030000686645508,16.030000686645508,230400
2026-05-14 15:45:00+00:00,ABEV3.SA,16.030000686645508,16.030000686645508,16.0,16.020000457763672,246300
2026-05-14 15:50:00+00:00,ABEV3.SA,16.020000457763672,16.030000686645508,15.989999771118164,16.0,154500
2026-05-14 15:55:00+00:00,ABEV3.SA,16.0,16.010000228881836,15.979999542236328,15.989999771118164,93200
2026-05-14 16:00:00+00:00,ABEV3.SA,15.979999542236328,15.989999771118164,15.970000267028809,15.979999542236328,3287500
2026-05-14 16:05:00+00:00,ABEV3.SA,15.979999542236328,15.989999771118164,15.960000038146973,15.960000038146973,118200
2026-05-14 16:10:00+00:00,ABEV3.SA,15.970000267028809,15.979999542236328,15.960000038146973,15.970000267028809,113500
2026-05-14 16:15:00+00:00,ABEV3.SA,15.970000267028809,15.979999542236328,15.960000038146973,15.970000267028809,63000
2026-05-14 16:20:00+00:00,ABEV3.SA,15.970000267028809,15.979999542236328,15.960000038146973,15.970000267028809,97300
2026-05-14 16:25:00+00:00,ABEV3.SA,15.970000267028809,16.0,15.970000267028809,16.0,386500
2026-05-14 16:30:00+00:00,ABEV3.SA,16.0,16.0,15.979999542236328,15.989999771118164,96100
2026-05-14 16:35:00+00:00,ABEV3.SA,15.989999771118164,15.989999771118164,15.949999809265137,15.960000038146973,137800
2026-05-14 16:40:00+00:00,ABEV3.SA,15.960000038146973,15.979999542236328,15.949999809265137,15.960000038146973,84200
2026-05-14 16:45:00+00:00,ABEV3.SA,15.970000267028809,15.970000267028809,15.9399995803833,15.9399995803833,91700
2026-05-14 16:50:00+00:00,ABEV3.SA,15.9399995803833,15.949999809265137,15.930000305175781,15.9399995803833,106600
2026-05-14 16:55:00+00:00,ABEV3.SA,15.949999809265137,15.949999809265137,15.90999984741211,15.9399995803833,882800
2026-05-14 17:00:00+00:00,ABEV3.SA,15.930000305175781,15.949999809265137,15.899999618530273,15.920000076293945,163000
2026-05-14 17:05:00+00:00,ABEV3.SA,15.899999618530273,15.9399995803833,15.899999618530273,15.930000305175781,187700
2026-05-14 17:10:00+00:00,ABEV3.SA,15.920000076293945,15.930000305175781,15.90999984741211,15.90999984741211,84600
2026-05-14 17:15:00+00:00,ABEV3.SA,15.920000076293945,15.930000305175781,15.899999618530273,15.90999984741211,151700
2026-05-14 17:20:00+00:00,ABEV3.SA,15.899999618530273,15.930000305175781,15.890000343322754,15.930000305175781,333500
2026-05-14 17:25:00+00:00,ABEV3.SA,15.920000076293945,15.920000076293945,15.880000114440918,15.90999984741211,342500
2026-05-14 17:30:00+00:00,ABEV3.SA,15.899999618530273,15.920000076293945,15.890000343322754,15.899999618530273,274700
2026-05-14 17:35:00+00:00,ABEV3.SA,15.90999984741211,15.90999984741211,15.880000114440918,15.899999618530273,316100
2026-05-14 17:40:00+00:00,ABEV3.SA,15.899999618530273,15.90999984741211,15.890000343322754,15.890000343322754,193900
2026-05-14 17:45:00+00:00,ABEV3.SA,15.899999618530273,15.899999618530273,15.859999656677246,15.880000114440918,333100
2026-05-14 17:50:00+00:00,ABEV3.SA,15.880000114440918,15.880000114440918,15.850000381469727,15.859999656677246,84600
2026-05-14 17:55:00+00:00,ABEV3.SA,15.859999656677246,15.869999885559082,15.84000015258789,15.850000381469727,320600
2026-05-14 18:00:00+00:00,ABEV3.SA,15.84000015258789,15.850000381469727,15.829999923706055,15.84000015258789,157800
2026-05-14 18:05:00+00:00,ABEV3.SA,15.829999923706055,15.850000381469727,15.819999694824219,15.829999923706055,145000
2026-05-14 18:10:00+00:00,ABEV3.SA,15.829999923706055,15.829999923706055,15.800000190734863,15.8100004196167,296000
2026-05-14 18:15:00+00:00,ABEV3.SA,15.819999694824219,15.819999694824219,15.800000190734863,15.8100004196167,237200
2026-05-14 18:20:00+00:00,ABEV3.SA,15.8100004196167,15.819999694824219,15.800000190734863,15.8100004196167,215100
2026-05-14 18:25:00+00:00,ABEV3.SA,15.8100004196167,15.819999694824219,15.789999961853027,15.8100004196167,240300
2026-05-14 18:30:00+00:00,ABEV3.SA,15.8100004196167,15.8100004196167,15.779999732971191,15.779999732971191,229300
2026-05-14 18:35:00+00:00,ABEV3.SA,15.789999961853027,15.789999961853027,15.760000228881836,15.779999732971191,243400
2026-05-14 18:40:00+00:00,ABEV3.SA,15.789999961853027,15.789999961853027,15.760000228881836,15.770000457763672,187100
2026-05-14 18:45:00+00:00,ABEV3.SA,15.760000228881836,15.779999732971191,15.760000228881836,15.770000457763672,161700
2026-05-14 18:50:00+00:00,ABEV3.SA,15.760000228881836,15.779999732971191,15.760000228881836,15.770000457763672,179200
2026-05-14 18:55:00+00:00,ABEV3.SA,15.760000228881836,15.779999732971191,15.760000228881836,15.779999732971191,204200
2026-05-14 19:00:00+00:00,ABEV3.SA,15.779999732971191,15.800000190734863,15.770000457763672,15.789999961853027,359600
2026-05-14 19:05:00+00:00,ABEV3.SA,15.779999732971191,15.789999961853027,15.770000457763672,15.770000457763672,176100
2026-05-14 19:10:00+00:00,ABEV3.SA,15.779999732971191,15.789999961853027,15.75,15.789999961853027,462200
2026-05-14 19:15:00+00:00,ABEV3.SA,15.789999961853027,15.800000190734863,15.770000457763672,15.770000457763672,399200
2026-05-14 19:20:00+00:00,ABEV3.SA,15.770000457763672,15.779999732971191,15.760000228881836,15.760000228881836,204900
2026-05-14 19:25:00+00:00,ABEV3.SA,15.760000228881836,15.779999732971191,15.760000228881836,15.770000457763672,333100
2026-05-14 19:30:00+00:00,ABEV3.SA,15.779999732971191,15.779999732971191,15.770000457763672,15.779999732971191,277500
2026-05-14 19:35:00+00:00,ABEV3.SA,15.779999732971191,15.800000190734863,15.770000457763672,15.800000190734863,490600
2026-05-14 19:40:00+00:00,ABEV3.SA,15.789999961853027,15.800000190734863,15.779999732971191,15.800000190734863,478000
2026-05-14 19:45:00+00:00,ABEV3.SA,15.800000190734863,15.8100004196167,15.789999961853027,15.8100004196167,390400
2026-05-14 19:50:00+00:00,ABEV3.SA,15.789999961853027,15.8100004196167,15.75,15.770000457763672,1014900
2026-05-15 13:00:00+00:00,ABEV3.SA,15.670000076293945,15.699999809265137,15.640000343322754,15.649999618530273,0
2026-05-15 13:05:00+00:00,ABEV3.SA,15.649999618530273,15.720000267028809,15.649999618530273,15.65999984741211,159800
2026-05-15 13:10:00+00:00,ABEV3.SA,15.649999618530273,15.649999618530273,15.5,15.539999961853027,802100
2026-05-15 13:15:00+00:00,ABEV3.SA,15.550000190734863,15.59000015258789,15.529999732971191,15.5600004196167,0
2026-05-15 13:20:00+00:00,ABEV3.SA,15.579999923706055,15.619999885559082,15.569999694824219,15.59000015258789,1632200
2026-05-15 13:25:00+00:00,ABEV3.SA,15.59000015258789,15.680000305175781,15.5600004196167,15.65999984741211,403100
2026-05-15 13:30:00+00:00,ABEV3.SA,15.65999984741211,15.720000267028809,15.630000114440918,15.720000267028809,942000
2026-05-15 13:35:00+00:00,ABEV3.SA,15.710000038146973,15.779999732971191,15.710000038146973,15.720000267028809,478500
2026-05-15 13:40:00+00:00,ABEV3.SA,15.729999542236328,15.75,15.699999809265137,15.739999771118164,286700
2026-05-15 13:45:00+00:00,ABEV3.SA,15.75,15.760000228881836,15.720000267028809,15.720000267028809,582900
2026-05-15 13:50:00+00:00,ABEV3.SA,15.720000267028809,15.779999732971191,15.710000038146973,15.720000267028809,776000
2026-05-15 13:55:00+00:00,ABEV3.SA,15.710000038146973,15.720000267028809,15.680000305175781,15.6899995803833,457300
2026-05-15 14:00:00+00:00,ABEV3.SA,15.680000305175781,15.720000267028809,15.670000076293945,15.699999809265137,332500
2026-05-15 14:05:00+00:00,ABEV3.SA,15.699999809265137,15.819999694824219,15.699999809265137,15.819999694824219,335500
2026-05-15 14:10:00+00:00,ABEV3.SA,15.8100004196167,15.84000015258789,15.800000190734863,15.8100004196167,404300
2026-05-15 14:15:00+00:00,ABEV3.SA,15.8100004196167,15.829999923706055,15.789999961853027,15.829999923706055,170100
2026-05-15 14:20:00+00:00,ABEV3.SA,15.819999694824219,15.880000114440918,15.819999694824219,15.859999656677246,355300
2026-05-15 14:25:00+00:00,ABEV3.SA,15.869999885559082,15.890000343322754,15.829999923706055,15.84000015258789,349900
2026-05-15 14:30:00+00:00,ABEV3.SA,15.84000015258789,15.850000381469727,15.829999923706055,15.829999923706055,149600
2026-05-15 14:35:00+00:00,ABEV3.SA,15.84000015258789,15.84000015258789,15.8100004196167,15.819999694824219,306500
2026-05-15 14:40:00+00:00,ABEV3.SA,15.819999694824219,15.829999923706055,15.770000457763672,15.770000457763672,507500
2026-05-15 14:45:00+00:00,ABEV3.SA,15.770000457763672,15.829999923706055,15.760000228881836,15.800000190734863,1291200
2026-05-15 14:50:00+00:00,ABEV3.SA,15.800000190734863,15.829999923706055,15.770000457763672,15.8100004196167,425800
2026-05-15 14:55:00+00:00,ABEV3.SA,15.8100004196167,15.829999923706055,15.779999732971191,15.779999732971191,210500
2026-05-15 15:00:00+00:00,ABEV3.SA,15.779999732971191,15.789999961853027,15.770000457763672,15.779999732971191,187100
2026-05-15 15:05:00+00:00,ABEV3.SA,15.779999732971191,15.8100004196167,15.779999732971191,15.789999961853027,226800
2026-05-15 15:10:00+00:00,ABEV3.SA,15.789999961853027,15.800000190734863,15.779999732971191,15.789999961853027,224100
2026-05-15 15:15:00+00:00,ABEV3.SA,15.800000190734863,15.800000190734863,15.779999732971191,15.779999732971191,1611300
2026-05-15 15:20:00+00:00,ABEV3.SA,15.779999732971191,15.789999961853027,15.729999542236328,15.770000457763672,598400
2026-05-15 15:25:00+00:00,ABEV3.SA,15.779999732971191,15.800000190734863,15.760000228881836,15.779999732971191,190700
2026-05-15 15:30:00+00:00,ABEV3.SA,15.779999732971191,15.800000190734863,15.75,15.75,223200
2026-05-15 15:35:00+00:00,ABEV3.SA,15.75,15.760000228881836,15.710000038146973,15.720000267028809,252800
2026-05-15 15:40:00+00:00,ABEV3.SA,15.720000267028809,15.729999542236328,15.710000038146973,15.710000038146973,155600
2026-05-15 15:45:00+00:00,ABEV3.SA,15.710000038146973,15.729999542236328,15.710000038146973,15.710000038146973,176000
2026-05-15 15:50:00+00:00,ABEV3.SA,15.710000038146973,15.720000267028809,15.699999809265137,15.710000038146973,132700
2026-05-15 15:55:00+00:00,ABEV3.SA,15.710000038146973,15.729999542236328,15.710000038146973,15.720000267028809,129700
2026-05-15 16:00:00+00:00,ABEV3.SA,15.720000267028809,15.75,15.720000267028809,15.75,131100
2026-05-15 16:05:00+00:00,ABEV3.SA,15.75,15.75,15.710000038146973,15.710000038146973,186700
2026-05-15 16:10:00+00:00,ABEV3.SA,15.710000038146973,15.729999542236328,15.710000038146973,15.720000267028809,109300
2026-05-15 16:15:00+00:00,ABEV3.SA,15.720000267028809,15.729999542236328,15.710000038146973,15.720000267028809,145600
2026-05-15 16:20:00+00:00,ABEV3.SA,15.720000267028809,15.75,15.720000267028809,15.75,144000
2026-05-15 16:25:00+00:00,ABEV3.SA,15.75,15.75,15.720000267028809,15.720000267028809,231200
2026-05-15 16:30:00+00:00,ABEV3.SA,15.720000267028809,15.720000267028809,15.65999984741211,15.670000076293945,396300
2026-05-15 16:35:00+00:00,ABEV3.SA,15.670000076293945,15.680000305175781,15.670000076293945,15.670000076293945,104800
2026-05-15 16:40:00+00:00,ABEV3.SA,15.670000076293945,15.699999809265137,15.65999984741211,15.680000305175781,511100
2026-05-15 16:45:00+00:00,ABEV3.SA,15.680000305175781,15.699999809265137,15.680000305175781,15.680000305175781,255200
2026-05-15 16:50:00+00:00,ABEV3.SA,15.680000305175781,15.6899995803833,15.670000076293945,15.670000076293945,137300
2026-05-15 16:55:00+00:00,ABEV3.SA,15.670000076293945,15.680000305175781,15.640000343322754,15.649999618530273,349900
2026-05-15 17:00:00+00:00,ABEV3.SA,15.649999618530273,15.65999984741211,15.630000114440918,15.640000343322754,209300
2026-05-15 17:05:00+00:00,ABEV3.SA,15.640000343322754,15.670000076293945,15.630000114440918,15.65999984741211,159300
2026-05-15 17:10:00+00:00,ABEV3.SA,15.65999984741211,15.670000076293945,15.65999984741211,15.65999984741211,92100
2026-05-15 17:15:00+00:00,ABEV3.SA,15.65999984741211,15.670000076293945,15.649999618530273,15.65999984741211,158000
2026-05-15 17:20:00+00:00,ABEV3.SA,15.65999984741211,15.670000076293945,15.65999984741211,15.65999984741211,120400
2026-05-15 17:25:00+00:00,ABEV3.SA,15.65999984741211,15.699999809265137,15.649999618530273,15.6899995803833,473100
2026-05-15 17:30:00+00:00,ABEV3.SA,15.6899995803833,15.710000038146973,15.680000305175781,15.699999809265137,167600
2026-05-15 17:35:00+00:00,ABEV3.SA,15.699999809265137,15.710000038146973,15.6899995803833,15.6899995803833,265000
2026-05-15 17:40:00+00:00,ABEV3.SA,15.6899995803833,15.699999809265137,15.680000305175781,15.6899995803833,144700
2026-05-15 17:45:00+00:00,ABEV3.SA,15.6899995803833,15.710000038146973,15.6899995803833,15.6899995803833,188500
2026-05-15 17:50:00+00:00,ABEV3.SA,15.6899995803833,15.710000038146973,15.6899995803833,15.699999809265137,134200
2026-05-15 17:55:00+00:00,ABEV3.SA,15.699999809265137,15.710000038146973,15.6899995803833,15.699999809265137,173200
2026-05-15 18:00:00+00:00,ABEV3.SA,15.699999809265137,15.720000267028809,15.699999809265137,15.710000038146973,220500
2026-05-15 18:05:00+00:00,ABEV3.SA,15.710000038146973,15.720000267028809,15.710000038146973,15.710000038146973,137200
2026-05-15 18:10:00+00:00,ABEV3.SA,15.710000038146973,15.720000267028809,15.699999809265137,15.699999809265137,166900
2026-05-15 18:15:00+00:00,ABEV3.SA,15.699999809265137,15.720000267028809,15.699999809265137,15.710000038146973,251900
2026-05-15 18:20:00+00:00,ABEV3.SA,15.710000038146973,15.729999542236328,15.710000038146973,15.720000267028809,214000
2026-05-15 18:25:00+00:00,ABEV3.SA,15.720000267028809,15.739999771118164,15.720000267028809,15.720000267028809,238500
2026-05-15 18:30:00+00:00,ABEV3.SA,15.720000267028809,15.739999771118164,15.699999809265137,15.720000267028809,515100
2026-05-15 18:35:00+00:00,ABEV3.SA,15.720000267028809,15.729999542236328,15.710000038146973,15.710000038146973,232900
2026-05-15 18:40:00+00:00,ABEV3.SA,15.710000038146973,15.75,15.710000038146973,15.739999771118164,297400
2026-05-15 18:45:00+00:00,ABEV3.SA,15.739999771118164,15.739999771118164,15.729999542236328,15.729999542236328,170400
2026-05-15 18:50:00+00:00,ABEV3.SA,15.729999542236328,15.75,15.729999542236328,15.729999542236328,180400
2026-05-15 18:55:00+00:00,ABEV3.SA,15.729999542236328,15.739999771118164,15.710000038146973,15.729999542236328,359700
2026-05-15 19:00:00+00:00,ABEV3.SA,15.739999771118164,15.75,15.729999542236328,15.729999542236328,231400
2026-05-15 19:05:00+00:00,ABEV3.SA,15.729999542236328,15.739999771118164,15.720000267028809,15.729999542236328,217800
2026-05-15 19:10:00+00:00,ABEV3.SA,15.729999542236328,15.739999771118164,15.720000267028809,15.720000267028809,380900
2026-05-15 19:15:00+00:00,ABEV3.SA,15.720000267028809,15.729999542236328,15.720000267028809,15.729999542236328,203900
2026-05-15 19:20:00+00:00,ABEV3.SA,15.720000267028809,15.739999771118164,15.710000038146973,15.729999542236328,252200
2026-05-15 19:25:00+00:00,ABEV3.SA,15.739999771118164,15.739999771118164,15.720000267028809,15.729999542236328,232700
2026-05-15 19:30:00+00:00,ABEV3.SA,15.729999542236328,15.739999771118164,15.720000267028809,15.720000267028809,226400
2026-05-15 19:35:00+00:00,ABEV3.SA,15.720000267028809,15.729999542236328,15.720000267028809,15.720000267028809,386500
2026-05-15 19:40:00+00:00,ABEV3.SA,15.720000267028809,15.729999542236328,15.720000267028809,15.720000267028809,968100
2026-05-15 19:45:00+00:00,ABEV3.SA,15.720000267028809,15.729999542236328,15.720000267028809,15.729999542236328,1407200
2026-05-15 19:50:00+00:00,ABEV3.SA,15.720000267028809,15.729999542236328,15.710000038146973,15.729999542236328,736100
2026-05-18 13:00:00+00:00,ABEV3.SA,15.720000267028809,15.75,15.680000305175781,15.680000305175781,0
2026-05-18 13:05:00+00:00,ABEV3.SA,15.680000305175781,15.710000038146973,15.609999656677246,15.609999656677246,117800
2026-05-18 13:10:00+00:00,ABEV3.SA,15.609999656677246,15.680000305175781,15.609999656677246,15.640000343322754,81200
2026-05-18 13:15:00+00:00,ABEV3.SA,15.649999618530273,15.699999809265137,15.649999618530273,15.65999984741211,135300
2026-05-18 13:20:00+00:00,ABEV3.SA,15.65999984741211,15.670000076293945,15.630000114440918,15.65999984741211,52800
2026-05-18 13:25:00+00:00,ABEV3.SA,15.649999618530273,15.800000190734863,15.649999618530273,15.789999961853027,358700
2026-05-18 13:30:00+00:00,ABEV3.SA,15.779999732971191,15.789999961853027,15.710000038146973,15.739999771118164,547600
2026-05-18 13:35:00+00:00,ABEV3.SA,15.729999542236328,15.819999694824219,15.729999542236328,15.819999694824219,515800
2026-05-18 13:40:00+00:00,ABEV3.SA,15.819999694824219,15.84000015258789,15.789999961853027,15.8100004196167,237000
2026-05-18 13:45:00+00:00,ABEV3.SA,15.8100004196167,15.829999923706055,15.770000457763672,15.829999923706055,443800
2026-05-18 13:50:00+00:00,ABEV3.SA,15.829999923706055,15.84000015258789,15.8100004196167,15.84000015258789,169200
2026-05-18 13:55:00+00:00,ABEV3.SA,15.84000015258789,15.850000381469727,15.8100004196167,15.819999694824219,315900
2026-05-18 14:00:00+00:00,ABEV3.SA,15.819999694824219,15.84000015258789,15.789999961853027,15.800000190734863,159000
2026-05-18 14:05:00+00:00,ABEV3.SA,15.800000190734863,15.8100004196167,15.770000457763672,15.800000190734863,181900
2026-05-18 14:10:00+00:00,ABEV3.SA,15.800000190734863,15.800000190734863,15.75,15.770000457763672,111900
2026-05-18 14:15:00+00:00,ABEV3.SA,15.770000457763672,15.779999732971191,15.75,15.760000228881836,232100
2026-05-18 14:20:00+00:00,ABEV3.SA,15.770000457763672,15.800000190734863,15.760000228881836,15.770000457763672,176100
2026-05-18 14:25:00+00:00,ABEV3.SA,15.779999732971191,15.84000015258789,15.770000457763672,15.84000015258789,293600
2026-05-18 14:30:00+00:00,ABEV3.SA,15.829999923706055,15.829999923706055,15.800000190734863,15.829999923706055,147800
2026-05-18 14:35:00+00:00,ABEV3.SA,15.829999923706055,15.84000015258789,15.800000190734863,15.84000015258789,275000
2026-05-18 14:40:00+00:00,ABEV3.SA,15.84000015258789,15.84000015258789,15.819999694824219,15.819999694824219,151900
2026-05-18 14:45:00+00:00,ABEV3.SA,15.829999923706055,15.829999923706055,15.800000190734863,15.8100004196167,162200
2026-05-18 14:50:00+00:00,ABEV3.SA,15.8100004196167,15.84000015258789,15.8100004196167,15.829999923706055,108200
2026-05-18 14:55:00+00:00,ABEV3.SA,15.829999923706055,15.84000015258789,15.819999694824219,15.84000015258789,116500
2026-05-18 15:00:00+00:00,ABEV3.SA,15.84000015258789,15.84000015258789,15.800000190734863,15.8100004196167,277700
2026-05-18 15:05:00+00:00,ABEV3.SA,15.8100004196167,15.819999694824219,15.789999961853027,15.800000190734863,156300
2026-05-18 15:10:00+00:00,ABEV3.SA,15.800000190734863,15.8100004196167,15.760000228881836,15.770000457763672,170800
2026-05-18 15:15:00+00:00,ABEV3.SA,15.770000457763672,15.789999961853027,15.760000228881836,15.779999732971191,127000
2026-05-18 15:20:00+00:00,ABEV3.SA,15.789999961853027,15.789999961853027,15.779999732971191,15.789999961853027,59000
2026-05-18 15:25:00+00:00,ABEV3.SA,15.779999732971191,15.800000190734863,15.75,15.75,260500
2026-05-18 15:30:00+00:00,ABEV3.SA,15.760000228881836,15.779999732971191,15.75,15.779999732971191,90300
2026-05-18 15:35:00+00:00,ABEV3.SA,15.779999732971191,15.800000190734863,15.779999732971191,15.800000190734863,58700
2026-05-18 15:40:00+00:00,ABEV3.SA,15.800000190734863,15.800000190734863,15.779999732971191,15.789999961853027,95600
2026-05-18 15:45:00+00:00,ABEV3.SA,15.789999961853027,15.8100004196167,15.789999961853027,15.8100004196167,52700
2026-05-18 15:50:00+00:00,ABEV3.SA,15.8100004196167,15.8100004196167,15.789999961853027,15.800000190734863,57100
2026-05-18 15:55:00+00:00,ABEV3.SA,15.8100004196167,15.819999694824219,15.789999961853027,15.819999694824219,89900
2026-05-18 16:00:00+00:00,ABEV3.SA,15.8100004196167,15.819999694824219,15.800000190734863,15.8100004196167,57800
2026-05-18 16:05:00+00:00,ABEV3.SA,15.8100004196167,15.8100004196167,15.800000190734863,15.8100004196167,51200
2026-05-18 16:10:00+00:00,ABEV3.SA,15.8100004196167,15.819999694824219,15.800000190734863,15.8100004196167,83200
2026-05-18 16:15:00+00:00,ABEV3.SA,15.8100004196167,15.819999694824219,15.789999961853027,15.800000190734863,131300
2026-05-18 16:20:00+00:00,ABEV3.SA,15.800000190734863,15.829999923706055,15.800000190734863,15.8100004196167,219600
2026-05-18 16:25:00+00:00,ABEV3.SA,15.800000190734863,15.8100004196167,15.779999732971191,15.789999961853027,110100
2026-05-18 16:30:00+00:00,ABEV3.SA,15.779999732971191,15.800000190734863,15.760000228881836,15.779999732971191,281200
2026-05-18 16:35:00+00:00,ABEV3.SA,15.789999961853027,15.789999961853027,15.75,15.75,93900
2026-05-18 16:40:00+00:00,ABEV3.SA,15.760000228881836,15.760000228881836,15.710000038146973,15.729999542236328,385900
2026-05-18 16:45:00+00:00,ABEV3.SA,15.729999542236328,15.739999771118164,15.710000038146973,15.739999771118164,71000
2026-05-18 16:50:00+00:00,ABEV3.SA,15.739999771118164,15.770000457763672,15.729999542236328,15.760000228881836,190300
2026-05-18 16:55:00+00:00,ABEV3.SA,15.760000228881836,15.779999732971191,15.75,15.770000457763672,102700
2026-05-18 17:00:00+00:00,ABEV3.SA,15.770000457763672,15.779999732971191,15.75,15.779999732971191,85900
2026-05-18 17:05:00+00:00,ABEV3.SA,15.770000457763672,15.789999961853027,15.770000457763672,15.779999732971191,59300
2026-05-18 17:10:00+00:00,ABEV3.SA,15.779999732971191,15.789999961853027,15.770000457763672,15.770000457763672,74500
2026-05-18 17:15:00+00:00,ABEV3.SA,15.779999732971191,15.8100004196167,15.770000457763672,15.800000190734863,126800
2026-05-18 17:20:00+00:00,ABEV3.SA,15.789999961853027,15.800000190734863,15.779999732971191,15.789999961853027,74100
2026-05-18 17:25:00+00:00,ABEV3.SA,15.789999961853027,15.800000190734863,15.779999732971191,15.800000190734863,64300
2026-05-18 17:30:00+00:00,ABEV3.SA,15.800000190734863,15.800000190734863,15.770000457763672,15.789999961853027,135600
2026-05-18 17:35:00+00:00,ABEV3.SA,15.779999732971191,15.779999732971191,15.760000228881836,15.779999732971191,104700
2026-05-18 17:40:00+00:00,ABEV3.SA,15.779999732971191,15.779999732971191,15.760000228881836,15.760000228881836,113900
2026-05-18 17:45:00+00:00,ABEV3.SA,15.770000457763672,15.800000190734863,15.760000228881836,15.800000190734863,222200
2026-05-18 17:50:00+00:00,ABEV3.SA,15.800000190734863,15.800000190734863,15.779999732971191,15.789999961853027,91100
2026-05-18 17:55:00+00:00,ABEV3.SA,15.789999961853027,15.789999961853027,15.770000457763672,15.779999732971191,148200
2026-05-18 18:00:00+00:00,ABEV3.SA,15.779999732971191,15.779999732971191,15.75,15.770000457763672,259600
2026-05-18 18:05:00+00:00,ABEV3.SA,15.779999732971191,15.789999961853027,15.760000228881836,15.760000228881836,229700
2026-05-18 18:10:00+00:00,ABEV3.SA,15.770000457763672,15.770000457763672,15.75,15.760000228881836,183800
2026-05-18 18:15:00+00:00,ABEV3.SA,15.760000228881836,15.770000457763672,15.729999542236328,15.739999771118164,214900
2026-05-18 18:20:00+00:00,ABEV3.SA,15.729999542236328,15.760000228881836,15.729999542236328,15.739999771118164,386300
2026-05-18 18:25:00+00:00,ABEV3.SA,15.739999771118164,15.760000228881836,15.729999542236328,15.760000228881836,257400
2026-05-18 18:30:00+00:00,ABEV3.SA,15.760000228881836,15.779999732971191,15.739999771118164,15.770000457763672,245600
2026-05-18 18:35:00+00:00,ABEV3.SA,15.770000457763672,15.779999732971191,15.760000228881836,15.770000457763672,101500
2026-05-18 18:40:00+00:00,ABEV3.SA,15.770000457763672,15.779999732971191,15.760000228881836,15.779999732971191,183500
2026-05-18 18:45:00+00:00,ABEV3.SA,15.779999732971191,15.800000190734863,15.770000457763672,15.800000190734863,140300
2026-05-18 18:50:00+00:00,ABEV3.SA,15.789999961853027,15.800000190734863,15.770000457763672,15.779999732971191,181000
2026-05-18 18:55:00+00:00,ABEV3.SA,15.779999732971191,15.789999961853027,15.760000228881836,15.770000457763672,236300
2026-05-18 19:00:00+00:00,ABEV3.SA,15.770000457763672,15.84000015258789,15.760000228881836,15.819999694824219,1441100
2026-05-18 19:05:00+00:00,ABEV3.SA,15.819999694824219,15.84000015258789,15.800000190734863,15.819999694824219,528800
2026-05-18 19:10:00+00:00,ABEV3.SA,15.8100004196167,15.819999694824219,15.789999961853027,15.800000190734863,146500
2026-05-18 19:15:00+00:00,ABEV3.SA,15.8100004196167,15.8100004196167,15.789999961853027,15.800000190734863,152000
2026-05-18 19:20:00+00:00,ABEV3.SA,15.789999961853027,15.8100004196167,15.779999732971191,15.800000190734863,121600
2026-05-18 19:25:00+00:00,ABEV3.SA,15.800000190734863,15.8100004196167,15.779999732971191,15.800000190734863,1397500
2026-05-18 19:30:00+00:00,ABEV3.SA,15.800000190734863,15.8100004196167,15.789999961853027,15.8100004196167,157800
2026-05-18 19:35:00+00:00,ABEV3.SA,15.8100004196167,15.819999694824219,15.800000190734863,15.819999694824219,599000
2026-05-18 19:40:00+00:00,ABEV3.SA,15.819999694824219,15.84000015258789,15.8100004196167,15.829999923706055,896200
2026-05-18 19:45:00+00:00,ABEV3.SA,15.819999694824219,15.84000015258789,15.819999694824219,15.84000015258789,280500
2026-05-18 19:50:00+00:00,ABEV3.SA,15.84000015258789,15.84000015258789,15.829999923706055,15.84000015258789,373600
2026-05-19 13:00:00+00:00,ABEV3.SA,15.649999618530273,15.729999542236328,15.640000343322754,15.699999809265137,0
2026-05-19 13:05:00+00:00,ABEV3.SA,15.699999809265137,15.720000267028809,15.65999984741211,15.680000305175781,264200
2026-05-19 13:10:00+00:00,ABEV3.SA,15.65999984741211,15.6899995803833,15.619999885559082,15.649999618530273,129100
2026-05-19 13:15:00+00:00,ABEV3.SA,15.649999618530273,15.65999984741211,15.600000381469727,15.609999656677246,120200
2026-05-19 13:20:00+00:00,ABEV3.SA,15.609999656677246,15.630000114440918,15.529999732971191,15.550000190734863,472600
2026-05-19 13:25:00+00:00,ABEV3.SA,15.550000190734863,15.569999694824219,15.529999732971191,15.5600004196167,185000
2026-05-19 13:30:00+00:00,ABEV3.SA,15.5600004196167,15.670000076293945,15.550000190734863,15.65999984741211,1015400
2026-05-19 13:35:00+00:00,ABEV3.SA,15.65999984741211,15.729999542236328,15.649999618530273,15.710000038146973,418100
2026-05-19 13:40:00+00:00,ABEV3.SA,15.710000038146973,15.710000038146973,15.630000114440918,15.699999809265137,609800
2026-05-19 13:45:00+00:00,ABEV3.SA,15.6899995803833,15.760000228881836,15.680000305175781,15.75,175300
2026-05-19 13:50:00+00:00,ABEV3.SA,15.739999771118164,15.800000190734863,15.729999542236328,15.760000228881836,381800
2026-05-19 13:55:00+00:00,ABEV3.SA,15.760000228881836,15.789999961853027,15.760000228881836,15.779999732971191,89000
2026-05-19 14:00:00+00:00,ABEV3.SA,15.779999732971191,15.819999694824219,15.770000457763672,15.800000190734863,707500
2026-05-19 14:05:00+00:00,ABEV3.SA,15.800000190734863,15.8100004196167,15.779999732971191,15.800000190734863,217800
2026-05-19 14:10:00+00:00,ABEV3.SA,15.789999961853027,15.800000190734863,15.770000457763672,15.789999961853027,131700
2026-05-19 14:15:00+00:00,ABEV3.SA,15.789999961853027,15.800000190734863,15.770000457763672,15.800000190734863,710400
2026-05-19 14:20:00+00:00,ABEV3.SA,15.789999961853027,15.800000190734863,15.770000457763672,15.789999961853027,255900
2026-05-19 14:25:00+00:00,ABEV3.SA,15.789999961853027,15.800000190734863,15.779999732971191,15.800000190734863,152200
2026-05-19 14:30:00+00:00,ABEV3.SA,15.789999961853027,15.84000015258789,15.789999961853027,15.84000015258789,480600
2026-05-19 14:35:00+00:00,ABEV3.SA,15.850000381469727,15.869999885559082,15.829999923706055,15.850000381469727,165400
2026-05-19 14:40:00+00:00,ABEV3.SA,15.859999656677246,15.869999885559082,15.84000015258789,15.869999885559082,183700
2026-05-19 14:45:00+00:00,ABEV3.SA,15.869999885559082,15.880000114440918,15.84000015258789,15.880000114440918,196800
2026-05-19 14:50:00+00:00,ABEV3.SA,15.880000114440918,15.880000114440918,15.84000015258789,15.869999885559082,202500
2026-05-19 14:55:00+00:00,ABEV3.SA,15.859999656677246,15.890000343322754,15.859999656677246,15.880000114440918,122500
2026-05-19 15:00:00+00:00,ABEV3.SA,15.880000114440918,15.890000343322754,15.869999885559082,15.880000114440918,196100
2026-05-19 15:05:00+00:00,ABEV3.SA,15.880000114440918,15.899999618530273,15.869999885559082,15.890000343322754,148300
2026-05-19 15:10:00+00:00,ABEV3.SA,15.890000343322754,15.899999618530273,15.850000381469727,15.880000114440918,152400
2026-05-19 15:15:00+00:00,ABEV3.SA,15.880000114440918,15.890000343322754,15.850000381469727,15.890000343322754,164000
2026-05-19 15:20:00+00:00,ABEV3.SA,15.890000343322754,15.890000343322754,15.859999656677246,15.880000114440918,170400
2026-05-19 15:25:00+00:00,ABEV3.SA,15.880000114440918,15.880000114440918,15.859999656677246,15.880000114440918,119400
2026-05-19 15:30:00+00:00,ABEV3.SA,15.869999885559082,15.899999618530273,15.869999885559082,15.890000343322754,154800
2026-05-19 15:35:00+00:00,ABEV3.SA,15.890000343322754,15.899999618530273,15.880000114440918,15.899999618530273,94500
2026-05-19 15:40:00+00:00,ABEV3.SA,15.899999618530273,15.90999984741211,15.880000114440918,15.890000343322754,233100
2026-05-19 15:45:00+00:00,ABEV3.SA,15.890000343322754,15.899999618530273,15.880000114440918,15.899999618530273,262800
2026-05-19 15:50:00+00:00,ABEV3.SA,15.899999618530273,15.899999618530273,15.880000114440918,15.890000343322754,203100
2026-05-19 15:55:00+00:00,ABEV3.SA,15.890000343322754,15.899999618530273,15.859999656677246,15.869999885559082,186900
2026-05-19 16:00:00+00:00,ABEV3.SA,15.869999885559082,15.890000343322754,15.859999656677246,15.869999885559082,140900
2026-05-19 16:05:00+00:00,ABEV3.SA,15.869999885559082,15.880000114440918,15.829999923706055,15.850000381469727,263200
2026-05-19 16:10:00+00:00,ABEV3.SA,15.850000381469727,15.850000381469727,15.829999923706055,15.84000015258789,117200
2026-05-19 16:15:00+00:00,ABEV3.SA,15.84000015258789,15.850000381469727,15.829999923706055,15.829999923706055,133000
2026-05-19 16:20:00+00:00,ABEV3.SA,15.84000015258789,15.84000015258789,15.819999694824219,15.84000015258789,201800
2026-05-19 16:25:00+00:00,ABEV3.SA,15.829999923706055,15.859999656677246,15.829999923706055,15.859999656677246,170400
2026-05-19 16:30:00+00:00,ABEV3.SA,15.859999656677246,15.869999885559082,15.850000381469727,15.850000381469727,85100
2026-05-19 16:35:00+00:00,ABEV3.SA,15.859999656677246,15.859999656677246,15.84000015258789,15.850000381469727,119500
2026-05-19 16:40:00+00:00,ABEV3.SA,15.850000381469727,15.859999656677246,15.84000015258789,15.859999656677246,119200
2026-05-19 16:45:00+00:00,ABEV3.SA,15.859999656677246,15.869999885559082,15.84000015258789,15.859999656677246,87400
2026-05-19 16:50:00+00:00,ABEV3.SA,15.859999656677246,15.890000343322754,15.859999656677246,15.880000114440918,84500
2026-05-19 16:55:00+00:00,ABEV3.SA,15.880000114440918,15.890000343322754,15.869999885559082,15.890000343322754,138500
2026-05-19 17:00:00+00:00,ABEV3.SA,15.890000343322754,15.890000343322754,15.869999885559082,15.890000343322754,128400
2026-05-19 17:05:00+00:00,ABEV3.SA,15.869999885559082,15.890000343322754,15.859999656677246,15.869999885559082,112400
2026-05-19 17:10:00+00:00,ABEV3.SA,15.869999885559082,15.890000343322754,15.859999656677246,15.890000343322754,107600
2026-05-19 17:15:00+00:00,ABEV3.SA,15.890000343322754,15.890000343322754,15.869999885559082,15.869999885559082,104300
2026-05-19 17:20:00+00:00,ABEV3.SA,15.869999885559082,15.890000343322754,15.869999885559082,15.880000114440918,120200
2026-05-19 17:25:00+00:00,ABEV3.SA,15.880000114440918,15.890000343322754,15.869999885559082,15.880000114440918,168300
2026-05-19 17:30:00+00:00,ABEV3.SA,15.880000114440918,15.890000343322754,15.859999656677246,15.869999885559082,211700
2026-05-19 17:35:00+00:00,ABEV3.SA,15.869999885559082,15.880000114440918,15.859999656677246,15.880000114440918,213800
2026-05-19 17:40:00+00:00,ABEV3.SA,15.880000114440918,15.880000114440918,15.859999656677246,15.869999885559082,92100
2026-05-19 17:45:00+00:00,ABEV3.SA,15.880000114440918,15.880000114440918,15.859999656677246,15.869999885559082,158800
2026-05-19 17:50:00+00:00,ABEV3.SA,15.880000114440918,15.880000114440918,15.859999656677246,15.869999885559082,186900
2026-05-19 17:55:00+00:00,ABEV3.SA,15.859999656677246,15.880000114440918,15.859999656677246,15.880000114440918,130500
2026-05-19 18:00:00+00:00,ABEV3.SA,15.880000114440918,15.880000114440918,15.850000381469727,15.859999656677246,265500
2026-05-19 18:05:00+00:00,ABEV3.SA,15.859999656677246,15.880000114440918,15.850000381469727,15.880000114440918,261200
2026-05-19 18:10:00+00:00,ABEV3.SA,15.880000114440918,15.880000114440918,15.859999656677246,15.869999885559082,229800
2026-05-19 18:15:00+00:00,ABEV3.SA,15.869999885559082,15.869999885559082,15.84000015258789,15.850000381469727,325200
2026-05-19 18:20:00+00:00,ABEV3.SA,15.84000015258789,15.869999885559082,15.829999923706055,15.869999885559082,232000
2026-05-19 18:25:00+00:00,ABEV3.SA,15.869999885559082,15.880000114440918,15.850000381469727,15.850000381469727,308700
2026-05-19 18:30:00+00:00,ABEV3.SA,15.869999885559082,15.869999885559082,15.84000015258789,15.850000381469727,222200
2026-05-19 18:35:00+00:00,ABEV3.SA,15.84000015258789,15.859999656677246,15.84000015258789,15.850000381469727,163300
2026-05-19 18:40:00+00:00,ABEV3.SA,15.84000015258789,15.859999656677246,15.84000015258789,15.850000381469727,260800
2026-05-19 18:45:00+00:00,ABEV3.SA,15.850000381469727,15.850000381469727,15.8100004196167,15.819999694824219,320400
2026-05-19 18:50:00+00:00,ABEV3.SA,15.8100004196167,15.819999694824219,15.800000190734863,15.8100004196167,242200
2026-05-19 18:55:00+00:00,ABEV3.SA,15.8100004196167,15.829999923706055,15.800000190734863,15.8100004196167,303100
2026-05-19 19:00:00+00:00,ABEV3.SA,15.819999694824219,15.84000015258789,15.8100004196167,15.829999923706055,518000
2026-05-19 19:05:00+00:00,ABEV3.SA,15.829999923706055,15.850000381469727,15.819999694824219,15.850000381469727,264600
2026-05-19 19:10:00+00:00,ABEV3.SA,15.850000381469727,15.859999656677246,15.84000015258789,15.84000015258789,332500
2026-05-19 19:15:00+00:00,ABEV3.SA,15.84000015258789,15.850000381469727,15.829999923706055,15.829999923706055,362000
2026-05-19 19:20:00+00:00,ABEV3.SA,15.84000015258789,15.850000381469727,15.829999923706055,15.84000015258789,383900
2026-05-19 19:25:00+00:00,ABEV3.SA,15.84000015258789,15.859999656677246,15.829999923706055,15.859999656677246,479300
2026-05-19 19:30:00+00:00,ABEV3.SA,15.859999656677246,15.859999656677246,15.84000015258789,15.850000381469727,443000
2026-05-19 19:35:00+00:00,ABEV3.SA,15.850000381469727,15.850000381469727,15.829999923706055,15.850000381469727,505800
2026-05-19 19:40:00+00:00,ABEV3.SA,15.850000381469727,15.880000114440918,15.84000015258789,15.869999885559082,2044900
2026-05-19 19:45:00+00:00,ABEV3.SA,15.869999885559082,15.880000114440918,15.859999656677246,15.880000114440918,521700
2026-05-19 19:50:00+00:00,ABEV3.SA,15.880000114440918,15.880000114440918,15.819999694824219,15.850000381469727,568000
2026-05-20 13:05:00+00:00,ABEV3.SA,15.90999984741211,15.989999771118164,15.869999885559082,15.970000267028809,33900
2026-05-20 13:10:00+00:00,ABEV3.SA,15.970000267028809,16.0,15.949999809265137,15.989999771118164,126100
2026-05-20 13:15:00+00:00,ABEV3.SA,15.979999542236328,16.030000686645508,15.979999542236328,16.030000686645508,71300
2026-05-20 13:20:00+00:00,ABEV3.SA,16.030000686645508,16.079999923706055,16.030000686645508,16.049999237060547,199900
2026-05-20 13:25:00+00:00,ABEV3.SA,16.049999237060547,16.06999969482422,16.040000915527344,16.049999237060547,137200
2026-05-20 13:30:00+00:00,ABEV3.SA,16.040000915527344,16.079999923706055,16.020000457763672,16.06999969482422,364000
2026-05-20 13:35:00+00:00,ABEV3.SA,16.059999465942383,16.100000381469727,16.049999237060547,16.09000015258789,320400
2026-05-20 13:40:00+00:00,ABEV3.SA,16.100000381469727,16.100000381469727,16.06999969482422,16.06999969482422,388700
2026-05-20 13:45:00+00:00,ABEV3.SA,16.079999923706055,16.100000381469727,16.079999923706055,16.100000381469727,140000
2026-05-20 13:50:00+00:00,ABEV3.SA,16.100000381469727,16.1299991607666,16.079999923706055,16.110000610351562,1383700
2026-05-20 13:55:00+00:00,ABEV3.SA,16.1200008392334,16.1299991607666,16.049999237060547,16.059999465942383,244700
2026-05-20 14:00:00+00:00,ABEV3.SA,16.059999465942383,16.059999465942383,15.989999771118164,15.989999771118164,392700
2026-05-20 14:05:00+00:00,ABEV3.SA,15.989999771118164,16.0,15.960000038146973,15.960000038146973,276400
2026-05-20 14:10:00+00:00,ABEV3.SA,15.970000267028809,16.0,15.970000267028809,15.989999771118164,167400
2026-05-20 14:15:00+00:00,ABEV3.SA,15.989999771118164,16.079999923706055,15.979999542236328,16.079999923706055,335900
2026-05-20 14:20:00+00:00,ABEV3.SA,16.079999923706055,16.079999923706055,16.040000915527344,16.040000915527344,233100
2026-05-20 14:25:00+00:00,ABEV3.SA,16.049999237060547,16.059999465942383,16.040000915527344,16.059999465942383,98800
2026-05-20 14:30:00+00:00,ABEV3.SA,16.059999465942383,16.09000015258789,16.049999237060547,16.06999969482422,269600
2026-05-20 14:35:00+00:00,ABEV3.SA,16.06999969482422,16.079999923706055,16.059999465942383,16.06999969482422,188200
2026-05-20 14:40:00+00:00,ABEV3.SA,16.059999465942383,16.079999923706055,16.059999465942383,16.06999969482422,247200
2026-05-20 14:45:00+00:00,ABEV3.SA,16.059999465942383,16.079999923706055,16.059999465942383,16.079999923706055,111600
2026-05-20 14:50:00+00:00,ABEV3.SA,16.06999969482422,16.09000015258789,16.049999237060547,16.09000015258789,122800
2026-05-20 14:55:00+00:00,ABEV3.SA,16.09000015258789,16.110000610351562,16.06999969482422,16.100000381469727,372500
2026-05-20 15:00:00+00:00,ABEV3.SA,16.100000381469727,16.110000610351562,16.09000015258789,16.110000610351562,65400
2026-05-20 15:05:00+00:00,ABEV3.SA,16.100000381469727,16.110000610351562,16.09000015258789,16.09000015258789,264900
2026-05-20 15:10:00+00:00,ABEV3.SA,16.100000381469727,16.110000610351562,16.09000015258789,16.110000610351562,129200
2026-05-20 15:15:00+00:00,ABEV3.SA,16.110000610351562,16.170000076293945,16.110000610351562,16.139999389648438,1383900
2026-05-20 15:20:00+00:00,ABEV3.SA,16.1299991607666,16.149999618530273,16.1200008392334,16.139999389648438,170300
2026-05-20 15:25:00+00:00,ABEV3.SA,16.1200008392334,16.1299991607666,16.100000381469727,16.1299991607666,221000
2026-05-20 15:30:00+00:00,ABEV3.SA,16.1200008392334,16.139999389648438,16.1200008392334,16.139999389648438,207800
2026-05-20 15:35:00+00:00,ABEV3.SA,16.139999389648438,16.139999389648438,16.110000610351562,16.1299991607666,101600
2026-05-20 15:40:00+00:00,ABEV3.SA,16.1299991607666,16.139999389648438,16.110000610351562,16.1299991607666,184200
2026-05-20 15:45:00+00:00,ABEV3.SA,16.1299991607666,16.149999618530273,16.1299991607666,16.139999389648438,99100
2026-05-20 15:50:00+00:00,ABEV3.SA,16.139999389648438,16.149999618530273,16.1299991607666,16.1299991607666,263100
2026-05-20 15:55:00+00:00,ABEV3.SA,16.139999389648438,16.15999984741211,16.1299991607666,16.15999984741211,253900
2026-05-20 16:00:00+00:00,ABEV3.SA,16.15999984741211,16.170000076293945,16.149999618530273,16.170000076293945,58400
2026-05-20 16:05:00+00:00,ABEV3.SA,16.18000030517578,16.200000762939453,16.170000076293945,16.200000762939453,308100
2026-05-20 16:10:00+00:00,ABEV3.SA,16.200000762939453,16.260000228881836,16.190000534057617,16.219999313354492,301100
2026-05-20 16:15:00+00:00,ABEV3.SA,16.229999542236328,16.229999542236328,16.219999313354492,16.229999542236328,67500
2026-05-20 16:20:00+00:00,ABEV3.SA,16.229999542236328,16.229999542236328,16.18000030517578,16.190000534057617,262400
2026-05-20 16:25:00+00:00,ABEV3.SA,16.190000534057617,16.209999084472656,16.18000030517578,16.209999084472656,201900
2026-05-20 16:30:00+00:00,ABEV3.SA,16.209999084472656,16.229999542236328,16.200000762939453,16.219999313354492,134400
2026-05-20 16:35:00+00:00,ABEV3.SA,16.219999313354492,16.239999771118164,16.209999084472656,16.239999771118164,115700
2026-05-20 16:40:00+00:00,ABEV3.SA,16.239999771118164,16.260000228881836,16.239999771118164,16.239999771118164,277200
2026-05-20 16:45:00+00:00,ABEV3.SA,16.25,16.280000686645508,16.25,16.260000228881836,294700
2026-05-20 16:50:00+00:00,ABEV3.SA,16.260000228881836,16.260000228881836,16.239999771118164,16.260000228881836,166600
2026-05-20 16:55:00+00:00,ABEV3.SA,16.260000228881836,16.280000686645508,16.25,16.260000228881836,178400
2026-05-20 17:00:00+00:00,ABEV3.SA,16.270000457763672,16.270000457763672,16.260000228881836,16.270000457763672,97700
2026-05-20 17:05:00+00:00,ABEV3.SA,16.270000457763672,16.280000686645508,16.260000228881836,16.270000457763672,144600
2026-05-20 17:10:00+00:00,ABEV3.SA,16.270000457763672,16.290000915527344,16.260000228881836,16.280000686645508,211500
2026-05-20 17:15:00+00:00,ABEV3.SA,16.280000686645508,16.280000686645508,16.260000228881836,16.280000686645508,183200
2026-05-20 17:20:00+00:00,ABEV3.SA,16.270000457763672,16.280000686645508,16.260000228881836,16.270000457763672,87300
2026-05-20 17:25:00+00:00,ABEV3.SA,16.270000457763672,16.270000457763672,16.239999771118164,16.260000228881836,216300
2026-05-20 17:30:00+00:00,ABEV3.SA,16.25,16.260000228881836,16.25,16.260000228881836,82200
2026-05-20 17:35:00+00:00,ABEV3.SA,16.270000457763672,16.290000915527344,16.270000457763672,16.270000457763672,234500
2026-05-20 17:40:00+00:00,ABEV3.SA,16.280000686645508,16.290000915527344,16.260000228881836,16.260000228881836,178700
2026-05-20 17:45:00+00:00,ABEV3.SA,16.260000228881836,16.270000457763672,16.260000228881836,16.270000457763672,116200
2026-05-20 17:50:00+00:00,ABEV3.SA,16.270000457763672,16.270000457763672,16.239999771118164,16.260000228881836,402900
2026-05-20 17:55:00+00:00,ABEV3.SA,16.25,16.270000457763672,16.25,16.260000228881836,188200
2026-05-20 18:00:00+00:00,ABEV3.SA,16.25,16.270000457763672,16.239999771118164,16.270000457763672,203400
2026-05-20 18:05:00+00:00,ABEV3.SA,16.260000228881836,16.280000686645508,16.260000228881836,16.270000457763672,112100
2026-05-20 18:10:00+00:00,ABEV3.SA,16.280000686645508,16.299999237060547,16.270000457763672,16.299999237060547,164100
2026-05-20 18:15:00+00:00,ABEV3.SA,16.299999237060547,16.299999237060547,16.280000686645508,16.280000686645508,190900
2026-05-20 18:20:00+00:00,ABEV3.SA,16.290000915527344,16.299999237060547,16.280000686645508,16.280000686645508,269000
2026-05-20 18:25:00+00:00,ABEV3.SA,16.290000915527344,16.290000915527344,16.270000457763672,16.270000457763672,283700
2026-05-20 18:30:00+00:00,ABEV3.SA,16.270000457763672,16.280000686645508,16.260000228881836,16.270000457763672,262000
2026-05-20 18:35:00+00:00,ABEV3.SA,16.260000228881836,16.280000686645508,16.260000228881836,16.280000686645508,280900
2026-05-20 18:40:00+00:00,ABEV3.SA,16.280000686645508,16.290000915527344,16.260000228881836,16.260000228881836,257700
2026-05-20 18:45:00+00:00,ABEV3.SA,16.25,16.280000686645508,16.25,16.260000228881836,144600
2026-05-20 18:50:00+00:00,ABEV3.SA,16.260000228881836,16.280000686645508,16.25,16.280000686645508,298300
2026-05-20 18:55:00+00:00,ABEV3.SA,16.270000457763672,16.280000686645508,16.25,16.260000228881836,246700
2026-05-20 19:00:00+00:00,ABEV3.SA,16.260000228881836,16.290000915527344,16.260000228881836,16.280000686645508,258000
2026-05-20 19:05:00+00:00,ABEV3.SA,16.290000915527344,16.290000915527344,16.270000457763672,16.290000915527344,238300
2026-05-20 19:10:00+00:00,ABEV3.SA,16.290000915527344,16.309999465942383,16.260000228881836,16.290000915527344,701100
2026-05-20 19:15:00+00:00,ABEV3.SA,16.290000915527344,16.299999237060547,16.290000915527344,16.299999237060547,178500
2026-05-20 19:20:00+00:00,ABEV3.SA,16.290000915527344,16.299999237060547,16.270000457763672,16.290000915527344,457800
2026-05-20 19:25:00+00:00,ABEV3.SA,16.290000915527344,16.290000915527344,16.270000457763672,16.280000686645508,226900
2026-05-20 19:30:00+00:00,ABEV3.SA,16.280000686645508,16.280000686645508,16.260000228881836,16.280000686645508,378900
2026-05-20 19:35:00+00:00,ABEV3.SA,16.280000686645508,16.290000915527344,16.25,16.270000457763672,597900
2026-05-20 19:40:00+00:00,ABEV3.SA,16.260000228881836,16.270000457763672,16.25,16.260000228881836,421100
2026-05-20 19:45:00+00:00,ABEV3.SA,16.25,16.270000457763672,16.239999771118164,16.25,641300
2026-05-20 19:50:00+00:00,ABEV3.SA,16.25,16.260000228881836,16.219999313354492,16.25,910100
2026-05-21 13:00:00+00:00,ABEV3.SA,16.110000610351562,16.170000076293945,16.079999923706055,16.110000610351562,0
2026-05-21 13:05:00+00:00,ABEV3.SA,16.1200008392334,16.15999984741211,16.110000610351562,16.139999389648438,162400
2026-05-21 13:10:00+00:00,ABEV3.SA,16.1200008392334,16.15999984741211,16.1200008392334,16.1299991607666,117400
2026-05-21 13:15:00+00:00,ABEV3.SA,16.1200008392334,16.149999618530273,16.1200008392334,16.1299991607666,101700
2026-05-21 13:20:00+00:00,ABEV3.SA,16.1299991607666,16.170000076293945,16.110000610351562,16.170000076293945,126500
2026-05-21 13:25:00+00:00,ABEV3.SA,16.170000076293945,16.170000076293945,16.149999618530273,16.149999618530273,63900
2026-05-21 13:30:00+00:00,ABEV3.SA,16.149999618530273,16.170000076293945,16.1299991607666,16.139999389648438,218300
2026-05-21 13:35:00+00:00,ABEV3.SA,16.139999389648438,16.18000030517578,16.1299991607666,16.15999984741211,210100
2026-05-21 13:40:00+00:00,ABEV3.SA,16.15999984741211,16.219999313354492,16.15999984741211,16.190000534057617,387300
2026-05-21 13:45:00+00:00,ABEV3.SA,16.190000534057617,16.219999313354492,16.18000030517578,16.209999084472656,148400
2026-05-21 13:50:00+00:00,ABEV3.SA,16.209999084472656,16.299999237060547,16.200000762939453,16.280000686645508,221700
2026-05-21 13:55:00+00:00,ABEV3.SA,16.290000915527344,16.299999237060547,16.280000686645508,16.280000686645508,112000
2026-05-21 14:00:00+00:00,ABEV3.SA,16.290000915527344,16.290000915527344,16.239999771118164,16.280000686645508,278200
2026-05-21 14:05:00+00:00,ABEV3.SA,16.290000915527344,16.290000915527344,16.239999771118164,16.280000686645508,255400
2026-05-21 14:10:00+00:00,ABEV3.SA,16.280000686645508,16.290000915527344,16.270000457763672,16.280000686645508,113600
2026-05-21 14:15:00+00:00,ABEV3.SA,16.280000686645508,16.290000915527344,16.260000228881836,16.270000457763672,114700
2026-05-21 14:20:00+00:00,ABEV3.SA,16.260000228881836,16.299999237060547,16.260000228881836,16.290000915527344,119900
2026-05-21 14:25:00+00:00,ABEV3.SA,16.280000686645508,16.350000381469727,16.280000686645508,16.34000015258789,607200
2026-05-21 14:30:00+00:00,ABEV3.SA,16.34000015258789,16.350000381469727,16.309999465942383,16.329999923706055,134900
2026-05-21 14:35:00+00:00,ABEV3.SA,16.329999923706055,16.329999923706055,16.309999465942383,16.31999969482422,118400
2026-05-21 14:40:00+00:00,ABEV3.SA,16.31999969482422,16.31999969482422,16.290000915527344,16.31999969482422,362900
2026-05-21 14:45:00+00:00,ABEV3.SA,16.31999969482422,16.34000015258789,16.31999969482422,16.329999923706055,100900
2026-05-21 14:50:00+00:00,ABEV3.SA,16.329999923706055,16.3799991607666,16.31999969482422,16.3700008392334,315100
2026-05-21 14:55:00+00:00,ABEV3.SA,16.3700008392334,16.3700008392334,16.329999923706055,16.34000015258789,220700
2026-05-21 15:00:00+00:00,ABEV3.SA,16.329999923706055,16.34000015258789,16.309999465942383,16.309999465942383,167300
2026-05-21 15:05:00+00:00,ABEV3.SA,16.31999969482422,16.34000015258789,16.309999465942383,16.329999923706055,319200
2026-05-21 15:10:00+00:00,ABEV3.SA,16.329999923706055,16.3799991607666,16.329999923706055,16.360000610351562,66900
2026-05-21 15:15:00+00:00,ABEV3.SA,16.360000610351562,16.360000610351562,16.34000015258789,16.34000015258789,133400
2026-05-21 15:20:00+00:00,ABEV3.SA,16.34000015258789,16.34000015258789,16.309999465942383,16.329999923706055,148800
2026-05-21 15:25:00+00:00,ABEV3.SA,16.329999923706055,16.329999923706055,16.309999465942383,16.31999969482422,245300
2026-05-21 15:30:00+00:00,ABEV3.SA,16.329999923706055,16.329999923706055,16.280000686645508,16.290000915527344,187900
2026-05-21 15:35:00+00:00,ABEV3.SA,16.280000686645508,16.299999237060547,16.280000686645508,16.290000915527344,46000
2026-05-21 15:40:00+00:00,ABEV3.SA,16.290000915527344,16.299999237060547,16.280000686645508,16.280000686645508,88100
2026-05-21 15:45:00+00:00,ABEV3.SA,16.280000686645508,16.299999237060547,16.280000686645508,16.290000915527344,47000
2026-05-21 15:50:00+00:00,ABEV3.SA,16.290000915527344,16.290000915527344,16.280000686645508,16.290000915527344,77200
2026-05-21 15:55:00+00:00,ABEV3.SA,16.280000686645508,16.31999969482422,16.280000686645508,16.309999465942383,107100
2026-05-21 16:00:00+00:00,ABEV3.SA,16.299999237060547,16.329999923706055,16.299999237060547,16.31999969482422,25400
2026-05-21 16:05:00+00:00,ABEV3.SA,16.329999923706055,16.34000015258789,16.309999465942383,16.329999923706055,79600
2026-05-21 16:10:00+00:00,ABEV3.SA,16.329999923706055,16.34000015258789,16.31999969482422,16.31999969482422,47200
2026-05-21 16:15:00+00:00,ABEV3.SA,16.31999969482422,16.350000381469727,16.31999969482422,16.34000015258789,38500
2026-05-21 16:20:00+00:00,ABEV3.SA,16.350000381469727,16.360000610351562,16.329999923706055,16.350000381469727,89800
2026-05-21 16:25:00+00:00,ABEV3.SA,16.34000015258789,16.350000381469727,16.329999923706055,16.329999923706055,83800
2026-05-21 16:30:00+00:00,ABEV3.SA,16.34000015258789,16.350000381469727,16.329999923706055,16.350000381469727,40500
2026-05-21 16:35:00+00:00,ABEV3.SA,16.34000015258789,16.350000381469727,16.329999923706055,16.329999923706055,67600
2026-05-21 16:40:00+00:00,ABEV3.SA,16.329999923706055,16.350000381469727,16.329999923706055,16.350000381469727,62500
2026-05-21 16:45:00+00:00,ABEV3.SA,16.350000381469727,16.360000610351562,16.31999969482422,16.329999923706055,133100
2026-05-21 16:50:00+00:00,ABEV3.SA,16.329999923706055,16.360000610351562,16.31999969482422,16.360000610351562,82300
2026-05-21 16:55:00+00:00,ABEV3.SA,16.360000610351562,16.360000610351562,16.34000015258789,16.350000381469727,55000
2026-05-21 17:00:00+00:00,ABEV3.SA,16.34000015258789,16.360000610351562,16.34000015258789,16.360000610351562,73300
2026-05-21 17:05:00+00:00,ABEV3.SA,16.350000381469727,16.360000610351562,16.350000381469727,16.360000610351562,45400
2026-05-21 17:10:00+00:00,ABEV3.SA,16.360000610351562,16.389999389648438,16.360000610351562,16.3700008392334,167100
2026-05-21 17:15:00+00:00,ABEV3.SA,16.3799991607666,16.450000762939453,16.3700008392334,16.450000762939453,264400
2026-05-21 17:20:00+00:00,ABEV3.SA,16.440000534057617,16.479999542236328,16.440000534057617,16.440000534057617,547400
2026-05-21 17:25:00+00:00,ABEV3.SA,16.440000534057617,16.479999542236328,16.440000534057617,16.459999084472656,512400
2026-05-21 17:30:00+00:00,ABEV3.SA,16.450000762939453,16.459999084472656,16.440000534057617,16.459999084472656,143300
2026-05-21 17:35:00+00:00,ABEV3.SA,16.459999084472656,16.469999313354492,16.450000762939453,16.450000762939453,60700
2026-05-21 17:40:00+00:00,ABEV3.SA,16.450000762939453,16.469999313354492,16.450000762939453,16.459999084472656,55800
2026-05-21 17:45:00+00:00,ABEV3.SA,16.459999084472656,16.479999542236328,16.450000762939453,16.479999542236328,116700
2026-05-21 17:50:00+00:00,ABEV3.SA,16.479999542236328,16.489999771118164,16.469999313354492,16.469999313354492,140000
2026-05-21 17:55:00+00:00,ABEV3.SA,16.469999313354492,16.489999771118164,16.459999084472656,16.479999542236328,459400
2026-05-21 18:00:00+00:00,ABEV3.SA,16.469999313354492,16.489999771118164,16.450000762939453,16.459999084472656,218000
2026-05-21 18:05:00+00:00,ABEV3.SA,16.469999313354492,16.489999771118164,16.459999084472656,16.489999771118164,162200
2026-05-21 18:10:00+00:00,ABEV3.SA,16.489999771118164,16.5,16.469999313354492,16.489999771118164,110200
2026-05-21 18:15:00+00:00,ABEV3.SA,16.479999542236328,16.510000228881836,16.479999542236328,16.5,202100
2026-05-21 18:20:00+00:00,ABEV3.SA,16.510000228881836,16.520000457763672,16.5,16.520000457763672,132500
2026-05-21 18:25:00+00:00,ABEV3.SA,16.520000457763672,16.549999237060547,16.510000228881836,16.520000457763672,664300
2026-05-21 18:30:00+00:00,ABEV3.SA,16.530000686645508,16.530000686645508,16.510000228881836,16.530000686645508,180100
2026-05-21 18:35:00+00:00,ABEV3.SA,16.530000686645508,16.549999237060547,16.520000457763672,16.549999237060547,187900
2026-05-21 18:40:00+00:00,ABEV3.SA,16.549999237060547,16.549999237060547,16.530000686645508,16.549999237060547,385000
2026-05-21 18:45:00+00:00,ABEV3.SA,16.549999237060547,16.549999237060547,16.5,16.5,593700
2026-05-21 18:50:00+00:00,ABEV3.SA,16.510000228881836,16.530000686645508,16.489999771118164,16.489999771118164,264500
2026-05-21 18:55:00+00:00,ABEV3.SA,16.489999771118164,16.5,16.469999313354492,16.479999542236328,252600
2026-05-21 19:00:00+00:00,ABEV3.SA,16.479999542236328,16.5,16.479999542236328,16.489999771118164,177600
2026-05-21 19:05:00+00:00,ABEV3.SA,16.5,16.5,16.469999313354492,16.489999771118164,203200
2026-05-21 19:10:00+00:00,ABEV3.SA,16.5,16.5,16.479999542236328,16.5,134600
2026-05-21 19:15:00+00:00,ABEV3.SA,16.489999771118164,16.510000228881836,16.469999313354492,16.469999313354492,209600
2026-05-21 19:20:00+00:00,ABEV3.SA,16.469999313354492,16.479999542236328,16.469999313354492,16.479999542236328,141100
2026-05-21 19:25:00+00:00,ABEV3.SA,16.479999542236328,16.489999771118164,16.469999313354492,16.489999771118164,202400
2026-05-21 19:30:00+00:00,ABEV3.SA,16.489999771118164,16.5,16.469999313354492,16.479999542236328,193800
2026-05-21 19:35:00+00:00,ABEV3.SA,16.479999542236328,16.489999771118164,16.479999542236328,16.489999771118164,207300
2026-05-21 19:40:00+00:00,ABEV3.SA,16.489999771118164,16.510000228881836,16.469999313354492,16.5,681900
2026-05-21 19:45:00+00:00,ABEV3.SA,16.510000228881836,16.520000457763672,16.440000534057617,16.459999084472656,931300
2026-05-21 19:50:00+00:00,ABEV3.SA,16.459999084472656,16.479999542236328,16.43000030517578,16.440000534057617,1340400
2026-05-22 13:00:00+00:00,ABEV3.SA,16.200000762939453,16.280000686645508,16.1299991607666,16.260000228881836,0
2026-05-22 13:05:00+00:00,ABEV3.SA,16.25,16.299999237060547,16.25,16.270000457763672,268400
2026-05-22 13:10:00+00:00,ABEV3.SA,16.260000228881836,16.299999237060547,16.190000534057617,16.200000762939453,347300
2026-05-22 13:15:00+00:00,ABEV3.SA,16.209999084472656,16.25,16.200000762939453,16.239999771118164,195800
2026-05-22 13:20:00+00:00,ABEV3.SA,16.239999771118164,16.25,16.229999542236328,16.25,100500
2026-05-22 13:25:00+00:00,ABEV3.SA,16.25,16.260000228881836,16.209999084472656,16.260000228881836,155200
2026-05-22 13:30:00+00:00,ABEV3.SA,16.25,16.25,16.200000762939453,16.200000762939453,241900
2026-05-22 13:35:00+00:00,ABEV3.SA,16.200000762939453,16.280000686645508,16.200000762939453,16.25,699400
2026-05-22 13:40:00+00:00,ABEV3.SA,16.25,16.260000228881836,16.219999313354492,16.239999771118164,268100
2026-05-22 13:45:00+00:00,ABEV3.SA,16.239999771118164,16.25,16.200000762939453,16.200000762939453,271100
2026-05-22 13:50:00+00:00,ABEV3.SA,16.200000762939453,16.260000228881836,16.190000534057617,16.25,433500
2026-05-22 13:55:00+00:00,ABEV3.SA,16.239999771118164,16.260000228881836,16.200000762939453,16.239999771118164,237300
2026-05-22 14:00:00+00:00,ABEV3.SA,16.25,16.25,16.190000534057617,16.200000762939453,184700
2026-05-22 14:05:00+00:00,ABEV3.SA,16.200000762939453,16.229999542236328,16.190000534057617,16.219999313354492,230900
2026-05-22 14:10:00+00:00,ABEV3.SA,16.229999542236328,16.229999542236328,16.15999984741211,16.18000030517578,221500
2026-05-22 14:15:00+00:00,ABEV3.SA,16.170000076293945,16.18000030517578,16.139999389648438,16.139999389648438,245600
2026-05-22 14:20:00+00:00,ABEV3.SA,16.139999389648438,16.15999984741211,16.1200008392334,16.149999618530273,354500
2026-05-22 14:25:00+00:00,ABEV3.SA,16.15999984741211,16.170000076293945,16.149999618530273,16.149999618530273,167900
2026-05-22 14:30:00+00:00,ABEV3.SA,16.149999618530273,16.170000076293945,16.149999618530273,16.15999984741211,93800
2026-05-22 14:35:00+00:00,ABEV3.SA,16.15999984741211,16.15999984741211,16.139999389648438,16.149999618530273,149200
2026-05-22 14:40:00+00:00,ABEV3.SA,16.149999618530273,16.149999618530273,16.110000610351562,16.1200008392334,97600
2026-05-22 14:45:00+00:00,ABEV3.SA,16.1200008392334,16.1299991607666,16.110000610351562,16.1200008392334,103400
2026-05-22 14:50:00+00:00,ABEV3.SA,16.1200008392334,16.1200008392334,16.100000381469727,16.110000610351562,116200
2026-05-22 14:55:00+00:00,ABEV3.SA,16.110000610351562,16.110000610351562,16.09000015258789,16.110000610351562,82300
2026-05-22 15:00:00+00:00,ABEV3.SA,16.110000610351562,16.139999389648438,16.110000610351562,16.1299991607666,433500
2026-05-22 15:05:00+00:00,ABEV3.SA,16.1299991607666,16.139999389648438,16.1200008392334,16.1299991607666,169800
2026-05-22 15:10:00+00:00,ABEV3.SA,16.1299991607666,16.139999389648438,16.1200008392334,16.139999389648438,166900
2026-05-22 15:15:00+00:00,ABEV3.SA,16.1299991607666,16.139999389648438,16.110000610351562,16.1299991607666,164900
2026-05-22 15:20:00+00:00,ABEV3.SA,16.1299991607666,16.139999389648438,16.1200008392334,16.139999389648438,60400
2026-05-22 15:25:00+00:00,ABEV3.SA,16.139999389648438,16.15999984741211,16.1299991607666,16.149999618530273,471000
2026-05-22 15:30:00+00:00,ABEV3.SA,16.149999618530273,16.15999984741211,16.139999389648438,16.149999618530273,320900
2026-05-22 15:35:00+00:00,ABEV3.SA,16.149999618530273,16.15999984741211,16.139999389648438,16.139999389648438,105800
2026-05-22 15:40:00+00:00,ABEV3.SA,16.149999618530273,16.18000030517578,16.139999389648438,16.170000076293945,164200
2026-05-22 15:45:00+00:00,ABEV3.SA,16.15999984741211,16.200000762939453,16.15999984741211,16.200000762939453,193300
2026-05-22 15:50:00+00:00,ABEV3.SA,16.200000762939453,16.200000762939453,16.170000076293945,16.18000030517578,143100
2026-05-22 15:55:00+00:00,ABEV3.SA,16.18000030517578,16.18000030517578,16.15999984741211,16.15999984741211,138900
2026-05-22 16:00:00+00:00,ABEV3.SA,16.15999984741211,16.18000030517578,16.15999984741211,16.170000076293945,149700
2026-05-22 16:05:00+00:00,ABEV3.SA,16.15999984741211,16.170000076293945,16.1200008392334,16.1200008392334,393800
2026-05-22 16:10:00+00:00,ABEV3.SA,16.1200008392334,16.139999389648438,16.1200008392334,16.1299991607666,235500
2026-05-22 16:15:00+00:00,ABEV3.SA,16.139999389648438,16.139999389648438,16.110000610351562,16.1299991607666,298600
2026-05-22 16:20:00+00:00,ABEV3.SA,16.1299991607666,16.139999389648438,16.1200008392334,16.1299991607666,554800
2026-05-22 16:25:00+00:00,ABEV3.SA,16.139999389648438,16.18000030517578,16.1299991607666,16.18000030517578,1713500
2026-05-22 16:30:00+00:00,ABEV3.SA,16.170000076293945,16.18000030517578,16.149999618530273,16.15999984741211,113400
2026-05-22 16:35:00+00:00,ABEV3.SA,16.15999984741211,16.170000076293945,16.15999984741211,16.15999984741211,65200
2026-05-22 16:40:00+00:00,ABEV3.SA,16.170000076293945,16.18000030517578,16.149999618530273,16.18000030517578,172400
2026-05-22 16:45:00+00:00,ABEV3.SA,16.18000030517578,16.18000030517578,16.1200008392334,16.1299991607666,390200
2026-05-22 16:50:00+00:00,ABEV3.SA,16.1299991607666,16.149999618530273,16.1299991607666,16.139999389648438,338100
2026-05-22 16:55:00+00:00,ABEV3.SA,16.139999389648438,16.149999618530273,16.139999389648438,16.149999618530273,262400
2026-05-22 17:00:00+00:00,ABEV3.SA,16.15999984741211,16.18000030517578,16.139999389648438,16.149999618530273,350800
2026-05-22 17:05:00+00:00,ABEV3.SA,16.149999618530273,16.149999618530273,16.139999389648438,16.139999389648438,93200
2026-05-22 17:10:00+00:00,ABEV3.SA,16.149999618530273,16.149999618530273,16.139999389648438,16.149999618530273,98600
2026-05-22 17:15:00+00:00,ABEV3.SA,16.149999618530273,16.149999618530273,16.1299991607666,16.139999389648438,108600
2026-05-22 17:20:00+00:00,ABEV3.SA,16.139999389648438,16.149999618530273,16.139999389648438,16.149999618530273,108600
2026-05-22 17:25:00+00:00,ABEV3.SA,16.149999618530273,16.200000762939453,16.149999618530273,16.200000762939453,1296800
2026-05-22 17:30:00+00:00,ABEV3.SA,16.200000762939453,16.209999084472656,16.15999984741211,16.170000076293945,372600
2026-05-22 17:35:00+00:00,ABEV3.SA,16.170000076293945,16.170000076293945,16.149999618530273,16.15999984741211,118900
2026-05-22 17:40:00+00:00,ABEV3.SA,16.15999984741211,16.15999984741211,16.149999618530273,16.15999984741211,124800
2026-05-22 17:45:00+00:00,ABEV3.SA,16.15999984741211,16.15999984741211,16.139999389648438,16.15999984741211,145800
2026-05-22 17:50:00+00:00,ABEV3.SA,16.15999984741211,16.15999984741211,16.1299991607666,16.15999984741211,203100
2026-05-22 17:55:00+00:00,ABEV3.SA,16.15999984741211,16.170000076293945,16.149999618530273,16.15999984741211,124000
2026-05-22 18:00:00+00:00,ABEV3.SA,16.15999984741211,16.170000076293945,16.149999618530273,16.170000076293945,118200
2026-05-22 18:05:00+00:00,ABEV3.SA,16.170000076293945,16.18000030517578,16.139999389648438,16.149999618530273,183000
2026-05-22 18:10:00+00:00,ABEV3.SA,16.149999618530273,16.149999618530273,16.1299991607666,16.149999618530273,165600
2026-05-22 18:15:00+00:00,ABEV3.SA,16.149999618530273,16.149999618530273,16.139999389648438,16.149999618530273,196000
2026-05-22 18:20:00+00:00,ABEV3.SA,16.139999389648438,16.18000030517578,16.139999389648438,16.170000076293945,329000
2026-05-22 18:25:00+00:00,ABEV3.SA,16.170000076293945,16.18000030517578,16.15999984741211,16.170000076293945,217700
2026-05-22 18:30:00+00:00,ABEV3.SA,16.15999984741211,16.170000076293945,16.139999389648438,16.15999984741211,126200
2026-05-22 18:35:00+00:00,ABEV3.SA,16.15999984741211,16.170000076293945,16.149999618530273,16.15999984741211,130600
2026-05-22 18:40:00+00:00,ABEV3.SA,16.15999984741211,16.15999984741211,16.149999618530273,16.15999984741211,72300
2026-05-22 18:45:00+00:00,ABEV3.SA,16.15999984741211,16.15999984741211,16.1299991607666,16.1299991607666,114000
2026-05-22 18:50:00+00:00,ABEV3.SA,16.139999389648438,16.139999389648438,16.1299991607666,16.139999389648438,83200
2026-05-22 18:55:00+00:00,ABEV3.SA,16.1299991607666,16.139999389648438,16.1299991607666,16.139999389648438,164600
2026-05-22 19:00:00+00:00,ABEV3.SA,16.139999389648438,16.139999389648438,16.1200008392334,16.1299991607666,134500
2026-05-22 19:05:00+00:00,ABEV3.SA,16.139999389648438,16.149999618530273,16.1200008392334,16.149999618530273,296900
2026-05-22 19:10:00+00:00,ABEV3.SA,16.149999618530273,16.149999618530273,16.139999389648438,16.139999389648438,142000
2026-05-22 19:15:00+00:00,ABEV3.SA,16.149999618530273,16.15999984741211,16.1299991607666,16.149999618530273,253000
2026-05-22 19:20:00+00:00,ABEV3.SA,16.15999984741211,16.170000076293945,16.149999618530273,16.15999984741211,386200
2026-05-22 19:25:00+00:00,ABEV3.SA,16.15999984741211,16.170000076293945,16.149999618530273,16.170000076293945,252100
2026-05-22 19:30:00+00:00,ABEV3.SA,16.170000076293945,16.170000076293945,16.139999389648438,16.149999618530273,391400
2026-05-22 19:35:00+00:00,ABEV3.SA,16.149999618530273,16.15999984741211,16.139999389648438,16.149999618530273,184600
2026-05-22 19:40:00+00:00,ABEV3.SA,16.139999389648438,16.170000076293945,16.139999389648438,16.149999618530273,426800
2026-05-22 19:45:00+00:00,ABEV3.SA,16.15999984741211,16.15999984741211,16.139999389648438,16.149999618530273,437600
2026-05-22 19:50:00+00:00,ABEV3.SA,16.15999984741211,16.15999984741211,16.1200008392334,16.139999389648438,546200
2026-05-25 13:00:00+00:00,ABEV3.SA,16.200000762939453,16.280000686645508,16.15999984741211,16.219999313354492,0
2026-05-25 13:05:00+00:00,ABEV3.SA,16.229999542236328,16.239999771118164,16.200000762939453,16.209999084472656,68400
2026-05-25 13:10:00+00:00,ABEV3.SA,16.200000762939453,16.239999771118164,16.200000762939453,16.229999542236328,37400
2026-05-25 13:15:00+00:00,ABEV3.SA,16.219999313354492,16.229999542236328,16.209999084472656,16.219999313354492,29700
2026-05-25 13:20:00+00:00,ABEV3.SA,16.219999313354492,16.25,16.200000762939453,16.209999084472656,52100
2026-05-25 13:25:00+00:00,ABEV3.SA,16.209999084472656,16.239999771118164,16.190000534057617,16.239999771118164,104500
2026-05-25 13:30:00+00:00,ABEV3.SA,16.239999771118164,16.25,16.219999313354492,16.229999542236328,158900
2026-05-25 13:35:00+00:00,ABEV3.SA,16.229999542236328,16.25,16.219999313354492,16.229999542236328,34900
2026-05-25 13:40:00+00:00,ABEV3.SA,16.229999542236328,16.239999771118164,16.219999313354492,16.239999771118164,116800
2026-05-25 13:45:00+00:00,ABEV3.SA,16.239999771118164,16.239999771118164,16.219999313354492,16.229999542236328,24000
2026-05-25 13:50:00+00:00,ABEV3.SA,16.229999542236328,16.239999771118164,16.209999084472656,16.229999542236328,136600
2026-05-25 13:55:00+00:00,ABEV3.SA,16.229999542236328,16.31999969482422,16.229999542236328,16.309999465942383,552900
2026-05-25 14:00:00+00:00,ABEV3.SA,16.31999969482422,16.329999923706055,16.299999237060547,16.299999237060547,204800
2026-05-25 14:05:00+00:00,ABEV3.SA,16.299999237060547,16.31999969482422,16.299999237060547,16.299999237060547,116600
2026-05-25 14:10:00+00:00,ABEV3.SA,16.299999237060547,16.329999923706055,16.299999237060547,16.329999923706055,74500
2026-05-25 14:15:00+00:00,ABEV3.SA,16.31999969482422,16.329999923706055,16.299999237060547,16.309999465942383,69000
2026-05-25 14:20:00+00:00,ABEV3.SA,16.299999237060547,16.309999465942383,16.290000915527344,16.299999237060547,118300
2026-05-25 14:25:00+00:00,ABEV3.SA,16.299999237060547,16.309999465942383,16.290000915527344,16.309999465942383,84800
2026-05-25 14:30:00+00:00,ABEV3.SA,16.309999465942383,16.309999465942383,16.280000686645508,16.290000915527344,241200
2026-05-25 14:35:00+00:00,ABEV3.SA,16.290000915527344,16.309999465942383,16.280000686645508,16.309999465942383,201300
2026-05-25 14:40:00+00:00,ABEV3.SA,16.299999237060547,16.309999465942383,16.299999237060547,16.309999465942383,79500
2026-05-25 14:45:00+00:00,ABEV3.SA,16.309999465942383,16.31999969482422,16.299999237060547,16.309999465942383,150000
2026-05-25 14:50:00+00:00,ABEV3.SA,16.309999465942383,16.309999465942383,16.290000915527344,16.290000915527344,168600
2026-05-25 14:55:00+00:00,ABEV3.SA,16.290000915527344,16.290000915527344,16.280000686645508,16.290000915527344,23000
2026-05-25 15:00:00+00:00,ABEV3.SA,16.280000686645508,16.290000915527344,16.270000457763672,16.290000915527344,169000
2026-05-25 15:05:00+00:00,ABEV3.SA,16.290000915527344,16.299999237060547,16.280000686645508,16.290000915527344,87000
2026-05-25 15:10:00+00:00,ABEV3.SA,16.290000915527344,16.31999969482422,16.290000915527344,16.309999465942383,153000
2026-05-25 15:15:00+00:00,ABEV3.SA,16.309999465942383,16.34000015258789,16.309999465942383,16.34000015258789,142000
2026-05-25 15:20:00+00:00,ABEV3.SA,16.34000015258789,16.350000381469727,16.329999923706055,16.329999923706055,233900
2026-05-25 15:25:00+00:00,ABEV3.SA,16.329999923706055,16.329999923706055,16.309999465942383,16.309999465942383,59600
2026-05-25 15:30:00+00:00,ABEV3.SA,16.31999969482422,16.31999969482422,16.290000915527344,16.299999237060547,286800
2026-05-25 15:35:00+00:00,ABEV3.SA,16.299999237060547,16.299999237060547,16.290000915527344,16.299999237060547,155200
2026-05-25 15:40:00+00:00,ABEV3.SA,16.290000915527344,16.329999923706055,16.290000915527344,16.31999969482422,64500
2026-05-25 15:45:00+00:00,ABEV3.SA,16.309999465942383,16.329999923706055,16.309999465942383,16.31999969482422,74200
2026-05-25 15:50:00+00:00,ABEV3.SA,16.31999969482422,16.329999923706055,16.309999465942383,16.31999969482422,41200
2026-05-25 15:55:00+00:00,ABEV3.SA,16.329999923706055,16.329999923706055,16.309999465942383,16.31999969482422,97900
2026-05-25 16:00:00+00:00,ABEV3.SA,16.309999465942383,16.31999969482422,16.290000915527344,16.299999237060547,64900
2026-05-25 16:05:00+00:00,ABEV3.SA,16.299999237060547,16.299999237060547,16.270000457763672,16.280000686645508,160400
2026-05-25 16:10:00+00:00,ABEV3.SA,16.270000457763672,16.280000686645508,16.260000228881836,16.280000686645508,303300
2026-05-25 16:15:00+00:00,ABEV3.SA,16.270000457763672,16.280000686645508,16.260000228881836,16.270000457763672,154500
2026-05-25 16:20:00+00:00,ABEV3.SA,16.260000228881836,16.280000686645508,16.260000228881836,16.270000457763672,63800
2026-05-25 16:25:00+00:00,ABEV3.SA,16.270000457763672,16.299999237060547,16.260000228881836,16.290000915527344,122200
2026-05-25 16:30:00+00:00,ABEV3.SA,16.290000915527344,16.299999237060547,16.280000686645508,16.280000686645508,58100
2026-05-25 16:35:00+00:00,ABEV3.SA,16.280000686645508,16.299999237060547,16.280000686645508,16.299999237060547,30000
2026-05-25 16:40:00+00:00,ABEV3.SA,16.299999237060547,16.309999465942383,16.290000915527344,16.299999237060547,61000
2026-05-25 16:45:00+00:00,ABEV3.SA,16.299999237060547,16.31999969482422,16.290000915527344,16.309999465942383,48500
2026-05-25 16:50:00+00:00,ABEV3.SA,16.309999465942383,16.31999969482422,16.309999465942383,16.309999465942383,43600
2026-05-25 16:55:00+00:00,ABEV3.SA,16.31999969482422,16.329999923706055,16.309999465942383,16.329999923706055,46400
2026-05-25 17:00:00+00:00,ABEV3.SA,16.329999923706055,16.329999923706055,16.309999465942383,16.31999969482422,51900
2026-05-25 17:05:00+00:00,ABEV3.SA,16.329999923706055,16.350000381469727,16.31999969482422,16.34000015258789,95100
2026-05-25 17:10:00+00:00,ABEV3.SA,16.350000381469727,16.350000381469727,16.34000015258789,16.34000015258789,27700
2026-05-25 17:15:00+00:00,ABEV3.SA,16.350000381469727,16.360000610351562,16.329999923706055,16.350000381469727,109500
2026-05-25 17:20:00+00:00,ABEV3.SA,16.34000015258789,16.3700008392334,16.34000015258789,16.3700008392334,85500
2026-05-25 17:25:00+00:00,ABEV3.SA,16.3700008392334,16.3700008392334,16.350000381469727,16.360000610351562,77100
2026-05-25 17:30:00+00:00,ABEV3.SA,16.3700008392334,16.389999389648438,16.360000610351562,16.3700008392334,100900
2026-05-25 17:35:00+00:00,ABEV3.SA,16.3799991607666,16.3799991607666,16.360000610351562,16.360000610351562,52900
2026-05-25 17:40:00+00:00,ABEV3.SA,16.360000610351562,16.3799991607666,16.360000610351562,16.3700008392334,38500
2026-05-25 17:45:00+00:00,ABEV3.SA,16.3700008392334,16.3799991607666,16.360000610351562,16.3700008392334,58500
2026-05-25 17:50:00+00:00,ABEV3.SA,16.3700008392334,16.3799991607666,16.350000381469727,16.360000610351562,109200
2026-05-25 17:55:00+00:00,ABEV3.SA,16.360000610351562,16.3799991607666,16.360000610351562,16.3799991607666,146400
2026-05-25 18:00:00+00:00,ABEV3.SA,16.3799991607666,16.3799991607666,16.3700008392334,16.3799991607666,61400
2026-05-25 18:05:00+00:00,ABEV3.SA,16.3799991607666,16.3799991607666,16.360000610351562,16.360000610351562,111600
2026-05-25 18:10:00+00:00,ABEV3.SA,16.3700008392334,16.3799991607666,16.3700008392334,16.3799991607666,64000
2026-05-25 18:15:00+00:00,ABEV3.SA,16.3799991607666,16.3799991607666,16.360000610351562,16.3799991607666,68100
2026-05-25 18:20:00+00:00,ABEV3.SA,16.3799991607666,16.389999389648438,16.3700008392334,16.389999389648438,58800
2026-05-25 18:25:00+00:00,ABEV3.SA,16.389999389648438,16.389999389648438,16.3700008392334,16.389999389648438,77400
2026-05-25 18:30:00+00:00,ABEV3.SA,16.3799991607666,16.389999389648438,16.3700008392334,16.3700008392334,106600
2026-05-25 18:35:00+00:00,ABEV3.SA,16.3700008392334,16.3799991607666,16.360000610351562,16.360000610351562,188700
2026-05-25 18:40:00+00:00,ABEV3.SA,16.3700008392334,16.3700008392334,16.360000610351562,16.3700008392334,129000
2026-05-25 18:45:00+00:00,ABEV3.SA,16.3700008392334,16.3799991607666,16.360000610351562,16.3799991607666,63800
2026-05-25 18:50:00+00:00,ABEV3.SA,16.3700008392334,16.40999984741211,16.3700008392334,16.399999618530273,327900
2026-05-25 18:55:00+00:00,ABEV3.SA,16.40999984741211,16.40999984741211,16.3799991607666,16.3799991607666,425800
2026-05-25 19:00:00+00:00,ABEV3.SA,16.389999389648438,16.389999389648438,16.350000381469727,16.3700008392334,338000
2026-05-25 19:05:00+00:00,ABEV3.SA,16.3700008392334,16.3700008392334,16.31999969482422,16.329999923706055,367000
2026-05-25 19:10:00+00:00,ABEV3.SA,16.329999923706055,16.350000381469727,16.309999465942383,16.31999969482422,441100
2026-05-25 19:15:00+00:00,ABEV3.SA,16.31999969482422,16.3700008392334,16.31999969482422,16.360000610351562,386500
2026-05-25 19:20:00+00:00,ABEV3.SA,16.360000610351562,16.3700008392334,16.350000381469727,16.360000610351562,434800
2026-05-25 19:25:00+00:00,ABEV3.SA,16.350000381469727,16.3700008392334,16.350000381469727,16.3700008392334,417400
2026-05-25 19:30:00+00:00,ABEV3.SA,16.360000610351562,16.3799991607666,16.360000610351562,16.360000610351562,288100
2026-05-25 19:35:00+00:00,ABEV3.SA,16.3700008392334,16.389999389648438,16.360000610351562,16.3700008392334,396200
2026-05-25 19:40:00+00:00,ABEV3.SA,16.3700008392334,16.389999389648438,16.360000610351562,16.3700008392334,450700
2026-05-25 19:45:00+00:00,ABEV3.SA,16.3700008392334,16.399999618530273,16.3700008392334,16.3799991607666,405300
2026-05-25 19:50:00+00:00,ABEV3.SA,16.3799991607666,16.40999984741211,16.3799991607666,16.3799991607666,433600
2026-05-26 13:05:00+00:00,ABEV3.SA,16.899999618530273,16.920000076293945,16.700000762939453,16.719999313354492,113000
2026-05-26 13:10:00+00:00,ABEV3.SA,16.700000762939453,16.770000457763672,16.610000610351562,16.649999618530273,1436500
2026-05-26 13:15:00+00:00,ABEV3.SA,16.639999389648438,16.809999465942383,16.6299991607666,16.739999771118164,1424100
2026-05-26 13:20:00+00:00,ABEV3.SA,16.739999771118164,16.739999771118164,16.6200008392334,16.68000030517578,670600
2026-05-26 13:25:00+00:00,ABEV3.SA,16.670000076293945,16.729999542236328,16.649999618530273,16.649999618530273,486300
2026-05-26 13:30:00+00:00,ABEV3.SA,16.65999984741211,16.700000762939453,16.6200008392334,16.6299991607666,466100
2026-05-26 13:35:00+00:00,ABEV3.SA,16.6299991607666,16.670000076293945,16.6200008392334,16.65999984741211,226300
2026-05-26 13:40:00+00:00,ABEV3.SA,16.649999618530273,16.649999618530273,16.579999923706055,16.600000381469727,296300
2026-05-26 13:45:00+00:00,ABEV3.SA,16.600000381469727,16.600000381469727,16.5,16.520000457763672,1521900
2026-05-26 13:50:00+00:00,ABEV3.SA,16.5,16.540000915527344,16.469999313354492,16.469999313354492,673800
2026-05-26 13:55:00+00:00,ABEV3.SA,16.469999313354492,16.489999771118164,16.450000762939453,16.459999084472656,367700
2026-05-26 14:00:00+00:00,ABEV3.SA,16.459999084472656,16.469999313354492,16.389999389648438,16.440000534057617,590300
2026-05-26 14:05:00+00:00,ABEV3.SA,16.440000534057617,16.469999313354492,16.40999984741211,16.440000534057617,210700
2026-05-26 14:10:00+00:00,ABEV3.SA,16.450000762939453,16.479999542236328,16.420000076293945,16.440000534057617,330000
2026-05-26 14:15:00+00:00,ABEV3.SA,16.440000534057617,16.469999313354492,16.43000030517578,16.469999313354492,265300
2026-05-26 14:20:00+00:00,ABEV3.SA,16.469999313354492,16.5,16.459999084472656,16.479999542236328,284600
2026-05-26 14:25:00+00:00,ABEV3.SA,16.469999313354492,16.479999542236328,16.420000076293945,16.450000762939453,441500
2026-05-26 14:30:00+00:00,ABEV3.SA,16.450000762939453,16.479999542236328,16.43000030517578,16.450000762939453,659800
2026-05-26 14:35:00+00:00,ABEV3.SA,16.450000762939453,16.459999084472656,16.420000076293945,16.450000762939453,377700
2026-05-26 14:40:00+00:00,ABEV3.SA,16.450000762939453,16.469999313354492,16.440000534057617,16.459999084472656,281800
2026-05-26 14:45:00+00:00,ABEV3.SA,16.459999084472656,16.489999771118164,16.440000534057617,16.489999771118164,195200
2026-05-26 14:50:00+00:00,ABEV3.SA,16.489999771118164,16.5,16.459999084472656,16.479999542236328,402000
2026-05-26 14:55:00+00:00,ABEV3.SA,16.469999313354492,16.489999771118164,16.459999084472656,16.489999771118164,224400
2026-05-26 15:00:00+00:00,ABEV3.SA,16.489999771118164,16.520000457763672,16.459999084472656,16.520000457763672,374600
2026-05-26 15:05:00+00:00,ABEV3.SA,16.520000457763672,16.520000457763672,16.450000762939453,16.459999084472656,291500
2026-05-26 15:10:00+00:00,ABEV3.SA,16.469999313354492,16.479999542236328,16.459999084472656,16.479999542236328,192100
2026-05-26 15:15:00+00:00,ABEV3.SA,16.479999542236328,16.489999771118164,16.479999542236328,16.489999771118164,186200
2026-05-26 15:20:00+00:00,ABEV3.SA,16.479999542236328,16.489999771118164,16.459999084472656,16.469999313354492,249800
2026-05-26 15:25:00+00:00,ABEV3.SA,16.469999313354492,16.489999771118164,16.459999084472656,16.479999542236328,140700
2026-05-26 15:30:00+00:00,ABEV3.SA,16.479999542236328,16.489999771118164,16.459999084472656,16.479999542236328,208700
2026-05-26 15:35:00+00:00,ABEV3.SA,16.459999084472656,16.479999542236328,16.440000534057617,16.469999313354492,242900
2026-05-26 15:40:00+00:00,ABEV3.SA,16.469999313354492,16.479999542236328,16.459999084472656,16.479999542236328,169600
2026-05-26 15:45:00+00:00,ABEV3.SA,16.479999542236328,16.489999771118164,16.459999084472656,16.489999771118164,133300
2026-05-26 15:50:00+00:00,ABEV3.SA,16.489999771118164,16.520000457763672,16.469999313354492,16.520000457763672,449400
2026-05-26 15:55:00+00:00,ABEV3.SA,16.520000457763672,16.520000457763672,16.510000228881836,16.520000457763672,136500
2026-05-26 16:00:00+00:00,ABEV3.SA,16.520000457763672,16.530000686645508,16.489999771118164,16.5,980400
2026-05-26 16:05:00+00:00,ABEV3.SA,16.489999771118164,16.510000228881836,16.440000534057617,16.459999084472656,328100
2026-05-26 16:10:00+00:00,ABEV3.SA,16.459999084472656,16.469999313354492,16.450000762939453,16.450000762939453,124700
2026-05-26 16:15:00+00:00,ABEV3.SA,16.459999084472656,16.469999313354492,16.450000762939453,16.469999313354492,91800
2026-05-26 16:20:00+00:00,ABEV3.SA,16.469999313354492,16.469999313354492,16.440000534057617,16.459999084472656,182200
2026-05-26 16:25:00+00:00,ABEV3.SA,16.459999084472656,16.469999313354492,16.450000762939453,16.459999084472656,133900
2026-05-26 16:30:00+00:00,ABEV3.SA,16.450000762939453,16.479999542236328,16.450000762939453,16.469999313354492,183100
2026-05-26 16:35:00+00:00,ABEV3.SA,16.469999313354492,16.469999313354492,16.450000762939453,16.469999313354492,118500
2026-05-26 16:40:00+00:00,ABEV3.SA,16.469999313354492,16.479999542236328,16.450000762939453,16.479999542236328,158400
2026-05-26 16:45:00+00:00,ABEV3.SA,16.479999542236328,16.489999771118164,16.479999542236328,16.489999771118164,201800
2026-05-26 16:50:00+00:00,ABEV3.SA,16.489999771118164,16.5,16.469999313354492,16.5,216300
2026-05-26 16:55:00+00:00,ABEV3.SA,16.5,16.520000457763672,16.489999771118164,16.510000228881836,392700
2026-05-26 17:00:00+00:00,ABEV3.SA,16.510000228881836,16.530000686645508,16.5,16.510000228881836,310600
2026-05-26 17:05:00+00:00,ABEV3.SA,16.510000228881836,16.530000686645508,16.5,16.510000228881836,227400
2026-05-26 17:10:00+00:00,ABEV3.SA,16.510000228881836,16.510000228881836,16.469999313354492,16.479999542236328,232600
2026-05-26 17:15:00+00:00,ABEV3.SA,16.479999542236328,16.5,16.469999313354492,16.5,196100
2026-05-26 17:20:00+00:00,ABEV3.SA,16.5,16.5,16.459999084472656,16.469999313354492,203200
2026-05-26 17:25:00+00:00,ABEV3.SA,16.459999084472656,16.469999313354492,16.40999984741211,16.459999084472656,578700
2026-05-26 17:30:00+00:00,ABEV3.SA,16.459999084472656,16.479999542236328,16.459999084472656,16.479999542236328,186500
2026-05-26 17:35:00+00:00,ABEV3.SA,16.479999542236328,16.5,16.469999313354492,16.489999771118164,403500
2026-05-26 17:40:00+00:00,ABEV3.SA,16.489999771118164,16.489999771118164,16.469999313354492,16.479999542236328,152900
2026-05-26 17:45:00+00:00,ABEV3.SA,16.479999542236328,16.5,16.469999313354492,16.5,256600
2026-05-26 17:50:00+00:00,ABEV3.SA,16.5,16.5,16.479999542236328,16.5,313500
2026-05-26 17:55:00+00:00,ABEV3.SA,16.5,16.5,16.469999313354492,16.479999542236328,138700
2026-05-26 18:00:00+00:00,ABEV3.SA,16.479999542236328,16.489999771118164,16.469999313354492,16.469999313354492,165900
2026-05-26 18:05:00+00:00,ABEV3.SA,16.479999542236328,16.489999771118164,16.469999313354492,16.469999313354492,128000
2026-05-26 18:10:00+00:00,ABEV3.SA,16.479999542236328,16.510000228881836,16.469999313354492,16.510000228881836,504500
2026-05-26 18:15:00+00:00,ABEV3.SA,16.510000228881836,16.510000228881836,16.479999542236328,16.489999771118164,144400
2026-05-26 18:20:00+00:00,ABEV3.SA,16.489999771118164,16.510000228881836,16.479999542236328,16.510000228881836,213500
2026-05-26 18:25:00+00:00,ABEV3.SA,16.510000228881836,16.510000228881836,16.5,16.510000228881836,107900
2026-05-26 18:30:00+00:00,ABEV3.SA,16.510000228881836,16.510000228881836,16.489999771118164,16.5,309400
2026-05-26 18:35:00+00:00,ABEV3.SA,16.5,16.510000228881836,16.489999771118164,16.510000228881836,355800
2026-05-26 18:40:00+00:00,ABEV3.SA,16.510000228881836,16.610000610351562,16.5,16.610000610351562,795800
2026-05-26 18:45:00+00:00,ABEV3.SA,16.600000381469727,16.639999389648438,16.600000381469727,16.639999389648438,271600
2026-05-26 18:50:00+00:00,ABEV3.SA,16.639999389648438,16.670000076293945,16.610000610351562,16.6299991607666,741800
2026-05-26 18:55:00+00:00,ABEV3.SA,16.639999389648438,16.649999618530273,16.600000381469727,16.6200008392334,354500
2026-05-26 19:00:00+00:00,ABEV3.SA,16.6200008392334,16.6200008392334,16.610000610351562,16.6200008392334,245500
2026-05-26 19:05:00+00:00,ABEV3.SA,16.6200008392334,16.6200008392334,16.600000381469727,16.610000610351562,293100
2026-05-26 19:10:00+00:00,ABEV3.SA,16.610000610351562,16.6200008392334,16.56999969482422,16.59000015258789,414800
2026-05-26 19:15:00+00:00,ABEV3.SA,16.579999923706055,16.59000015258789,16.540000915527344,16.559999465942383,838900
2026-05-26 19:20:00+00:00,ABEV3.SA,16.559999465942383,16.56999969482422,16.540000915527344,16.549999237060547,453000
2026-05-26 19:25:00+00:00,ABEV3.SA,16.549999237060547,16.559999465942383,16.540000915527344,16.559999465942383,352100
2026-05-26 19:30:00+00:00,ABEV3.SA,16.559999465942383,16.600000381469727,16.540000915527344,16.600000381469727,713900
2026-05-26 19:35:00+00:00,ABEV3.SA,16.59000015258789,16.6200008392334,16.59000015258789,16.6200008392334,285300
2026-05-26 19:40:00+00:00,ABEV3.SA,16.6200008392334,16.6299991607666,16.610000610351562,16.6299991607666,331500
2026-05-26 19:45:00+00:00,ABEV3.SA,16.6299991607666,16.6299991607666,16.610000610351562,16.610000610351562,269600
2026-05-26 19:50:00+00:00,ABEV3.SA,16.6200008392334,16.6299991607666,16.549999237060547,16.559999465942383,761700
2026-05-27 13:00:00+00:00,ABEV3.SA,16.790000915527344,16.790000915527344,16.709999084472656,16.709999084472656,0
2026-05-27 13:05:00+00:00,ABEV3.SA,16.719999313354492,16.75,16.690000534057617,16.739999771118164,75100
2026-05-27 13:10:00+00:00,ABEV3.SA,16.739999771118164,16.760000228881836,16.709999084472656,16.729999542236328,76300
2026-05-27 13:15:00+00:00,ABEV3.SA,16.709999084472656,16.719999313354492,16.670000076293945,16.700000762939453,257900
2026-05-27 13:20:00+00:00,ABEV3.SA,16.700000762939453,16.709999084472656,16.600000381469727,16.600000381469727,73400
2026-05-27 13:25:00+00:00,ABEV3.SA,16.600000381469727,16.6200008392334,16.56999969482422,16.579999923706055,137900
2026-05-27 13:30:00+00:00,ABEV3.SA,16.59000015258789,16.709999084472656,16.59000015258789,16.709999084472656,755600
2026-05-27 13:35:00+00:00,ABEV3.SA,16.700000762939453,16.770000457763672,16.670000076293945,16.75,380000
2026-05-27 13:40:00+00:00,ABEV3.SA,16.75,16.860000610351562,16.75,16.850000381469727,219800
2026-05-27 13:45:00+00:00,ABEV3.SA,16.850000381469727,16.920000076293945,16.829999923706055,16.84000015258789,352400
2026-05-27 13:50:00+00:00,ABEV3.SA,16.84000015258789,16.8799991607666,16.790000915527344,16.799999237060547,557800
2026-05-27 13:55:00+00:00,ABEV3.SA,16.799999237060547,16.84000015258789,16.799999237060547,16.84000015258789,268200
2026-05-27 14:00:00+00:00,ABEV3.SA,16.84000015258789,16.860000610351562,16.799999237060547,16.84000015258789,772500
2026-05-27 14:05:00+00:00,ABEV3.SA,16.84000015258789,16.84000015258789,16.760000228881836,16.790000915527344,208000
2026-05-27 14:10:00+00:00,ABEV3.SA,16.790000915527344,16.799999237060547,16.719999313354492,16.729999542236328,185600
2026-05-27 14:15:00+00:00,ABEV3.SA,16.729999542236328,16.780000686645508,16.719999313354492,16.75,210000
2026-05-27 14:20:00+00:00,ABEV3.SA,16.760000228881836,16.780000686645508,16.729999542236328,16.75,185000
2026-05-27 14:25:00+00:00,ABEV3.SA,16.75,16.760000228881836,16.729999542236328,16.739999771118164,227200
2026-05-27 14:30:00+00:00,ABEV3.SA,16.75,16.780000686645508,16.709999084472656,16.75,427300
2026-05-27 14:35:00+00:00,ABEV3.SA,16.75,16.760000228881836,16.65999984741211,16.65999984741211,658700
2026-05-27 14:40:00+00:00,ABEV3.SA,16.670000076293945,16.700000762939453,16.65999984741211,16.690000534057617,322900
2026-05-27 14:45:00+00:00,ABEV3.SA,16.690000534057617,16.719999313354492,16.65999984741211,16.68000030517578,454500
2026-05-27 14:50:00+00:00,ABEV3.SA,16.670000076293945,16.709999084472656,16.670000076293945,16.690000534057617,210400
2026-05-27 14:55:00+00:00,ABEV3.SA,16.700000762939453,16.739999771118164,16.690000534057617,16.709999084472656,405900
2026-05-27 15:00:00+00:00,ABEV3.SA,16.719999313354492,16.739999771118164,16.709999084472656,16.729999542236328,670900
2026-05-27 15:05:00+00:00,ABEV3.SA,16.739999771118164,16.770000457763672,16.709999084472656,16.719999313354492,232100
2026-05-27 15:10:00+00:00,ABEV3.SA,16.729999542236328,16.760000228881836,16.719999313354492,16.739999771118164,248300
2026-05-27 15:15:00+00:00,ABEV3.SA,16.739999771118164,16.75,16.719999313354492,16.739999771118164,381100
2026-05-27 15:20:00+00:00,ABEV3.SA,16.75,16.75,16.719999313354492,16.739999771118164,401100
2026-05-27 15:25:00+00:00,ABEV3.SA,16.75,16.75,16.719999313354492,16.739999771118164,381500
2026-05-27 15:30:00+00:00,ABEV3.SA,16.739999771118164,16.780000686645508,16.729999542236328,16.760000228881836,1956800
2026-05-27 15:35:00+00:00,ABEV3.SA,16.760000228881836,16.790000915527344,16.729999542236328,16.739999771118164,314800
2026-05-27 15:40:00+00:00,ABEV3.SA,16.75,16.75,16.68000030517578,16.68000030517578,374300
2026-05-27 15:45:00+00:00,ABEV3.SA,16.690000534057617,16.709999084472656,16.65999984741211,16.690000534057617,323300
2026-05-27 15:50:00+00:00,ABEV3.SA,16.700000762939453,16.700000762939453,16.68000030517578,16.68000030517578,205700
2026-05-27 15:55:00+00:00,ABEV3.SA,16.68000030517578,16.700000762939453,16.65999984741211,16.68000030517578,311000
2026-05-27 16:00:00+00:00,ABEV3.SA,16.68000030517578,16.700000762939453,16.670000076293945,16.670000076293945,266500
2026-05-27 16:05:00+00:00,ABEV3.SA,16.670000076293945,16.700000762939453,16.65999984741211,16.700000762939453,167000
2026-05-27 16:10:00+00:00,ABEV3.SA,16.700000762939453,16.700000762939453,16.68000030517578,16.690000534057617,180100
2026-05-27 16:15:00+00:00,ABEV3.SA,16.690000534057617,16.690000534057617,16.670000076293945,16.68000030517578,155800
2026-05-27 16:20:00+00:00,ABEV3.SA,16.670000076293945,16.68000030517578,16.670000076293945,16.68000030517578,129800
2026-05-27 16:25:00+00:00,ABEV3.SA,16.68000030517578,16.700000762939453,16.670000076293945,16.670000076293945,272800
2026-05-27 16:30:00+00:00,ABEV3.SA,16.68000030517578,16.68000030517578,16.65999984741211,16.68000030517578,127500
2026-05-27 16:35:00+00:00,ABEV3.SA,16.68000030517578,16.68000030517578,16.649999618530273,16.670000076293945,301000
2026-05-27 16:40:00+00:00,ABEV3.SA,16.670000076293945,16.670000076293945,16.649999618530273,16.65999984741211,171600
2026-05-27 16:45:00+00:00,ABEV3.SA,16.65999984741211,16.65999984741211,16.639999389648438,16.65999984741211,166800
2026-05-27 16:50:00+00:00,ABEV3.SA,16.65999984741211,16.65999984741211,16.639999389648438,16.649999618530273,161900
2026-05-27 16:55:00+00:00,ABEV3.SA,16.649999618530273,16.649999618530273,16.6299991607666,16.649999618530273,187700
2026-05-27 17:00:00+00:00,ABEV3.SA,16.639999389648438,16.649999618530273,16.6200008392334,16.6299991607666,285400
2026-05-27 17:05:00+00:00,ABEV3.SA,16.6299991607666,16.639999389648438,16.610000610351562,16.6200008392334,231900
2026-05-27 17:10:00+00:00,ABEV3.SA,16.610000610351562,16.6299991607666,16.610000610351562,16.6200008392334,154700
2026-05-27 17:15:00+00:00,ABEV3.SA,16.6200008392334,16.639999389648438,16.6200008392334,16.639999389648438,195200
2026-05-27 17:20:00+00:00,ABEV3.SA,16.639999389648438,16.65999984741211,16.6299991607666,16.649999618530273,251900
2026-05-27 17:25:00+00:00,ABEV3.SA,16.65999984741211,16.670000076293945,16.639999389648438,16.65999984741211,352300
2026-05-27 17:30:00+00:00,ABEV3.SA,16.670000076293945,16.709999084472656,16.670000076293945,16.700000762939453,445000
2026-05-27 17:35:00+00:00,ABEV3.SA,16.700000762939453,16.719999313354492,16.68000030517578,16.68000030517578,375500
2026-05-27 17:40:00+00:00,ABEV3.SA,16.68000030517578,16.700000762939453,16.670000076293945,16.690000534057617,406200
2026-05-27 17:45:00+00:00,ABEV3.SA,16.690000534057617,16.700000762939453,16.68000030517578,16.700000762939453,255200
2026-05-27 17:50:00+00:00,ABEV3.SA,16.690000534057617,16.690000534057617,16.65999984741211,16.68000030517578,996000
2026-05-27 17:55:00+00:00,ABEV3.SA,16.690000534057617,16.700000762939453,16.690000534057617,16.700000762939453,651400
2026-05-27 18:00:00+00:00,ABEV3.SA,16.700000762939453,16.700000762939453,16.68000030517578,16.690000534057617,260900
2026-05-27 18:05:00+00:00,ABEV3.SA,16.690000534057617,16.700000762939453,16.670000076293945,16.68000030517578,313500
2026-05-27 18:10:00+00:00,ABEV3.SA,16.68000030517578,16.690000534057617,16.670000076293945,16.68000030517578,451300
2026-05-27 18:15:00+00:00,ABEV3.SA,16.68000030517578,16.719999313354492,16.68000030517578,16.719999313354492,350300
2026-05-27 18:20:00+00:00,ABEV3.SA,16.719999313354492,16.739999771118164,16.700000762939453,16.709999084472656,463100
2026-05-27 18:25:00+00:00,ABEV3.SA,16.709999084472656,16.709999084472656,16.670000076293945,16.700000762939453,1501000
2026-05-27 18:30:00+00:00,ABEV3.SA,16.690000534057617,16.700000762939453,16.68000030517578,16.690000534057617,271500
2026-05-27 18:35:00+00:00,ABEV3.SA,16.690000534057617,16.700000762939453,16.68000030517578,16.700000762939453,549300
2026-05-27 18:40:00+00:00,ABEV3.SA,16.700000762939453,16.709999084472656,16.68000030517578,16.68000030517578,315900
2026-05-27 18:45:00+00:00,ABEV3.SA,16.690000534057617,16.709999084472656,16.68000030517578,16.700000762939453,317200
2026-05-27 18:50:00+00:00,ABEV3.SA,16.700000762939453,16.700000762939453,16.670000076293945,16.700000762939453,373400
2026-05-27 18:55:00+00:00,ABEV3.SA,16.700000762939453,16.719999313354492,16.690000534057617,16.709999084472656,450600
2026-05-27 19:00:00+00:00,ABEV3.SA,16.700000762939453,16.700000762939453,16.68000030517578,16.690000534057617,379900
2026-05-27 19:05:00+00:00,ABEV3.SA,16.700000762939453,16.700000762939453,16.690000534057617,16.700000762939453,194000
2026-05-27 19:10:00+00:00,ABEV3.SA,16.700000762939453,16.700000762939453,16.670000076293945,16.670000076293945,585500
2026-05-27 19:15:00+00:00,ABEV3.SA,16.68000030517578,16.68000030517578,16.65999984741211,16.68000030517578,327200
2026-05-27 19:20:00+00:00,ABEV3.SA,16.68000030517578,16.68000030517578,16.65999984741211,16.670000076293945,311900
2026-05-27 19:25:00+00:00,ABEV3.SA,16.68000030517578,16.68000030517578,16.65999984741211,16.68000030517578,336600
2026-05-27 19:30:00+00:00,ABEV3.SA,16.670000076293945,16.68000030517578,16.649999618530273,16.649999618530273,2095500
2026-05-27 19:35:00+00:00,ABEV3.SA,16.649999618530273,16.700000762939453,16.649999618530273,16.68000030517578,1298300
2026-05-27 19:40:00+00:00,ABEV3.SA,16.68000030517578,16.690000534057617,16.639999389648438,16.65999984741211,844800
2026-05-27 19:45:00+00:00,ABEV3.SA,16.670000076293945,16.670000076293945,16.6299991607666,16.639999389648438,1015400
2026-05-27 19:50:00+00:00,ABEV3.SA,16.639999389648438,16.649999618530273,16.56999969482422,16.600000381469727,1211000
2026-05-28 13:00:00+00:00,ABEV3.SA,16.600000381469727,16.649999618530273,16.540000915527344,16.610000610351562,0
2026-05-28 13:05:00+00:00,ABEV3.SA,16.600000381469727,16.6200008392334,16.56999969482422,16.600000381469727,176900
2026-05-28 13:10:00+00:00,ABEV3.SA,16.600000381469727,16.610000610351562,16.56999969482422,16.579999923706055,340500
2026-05-28 13:15:00+00:00,ABEV3.SA,16.579999923706055,16.600000381469727,16.559999465942383,16.600000381469727,55800
2026-05-28 13:20:00+00:00,ABEV3.SA,16.600000381469727,16.600000381469727,16.56999969482422,16.56999969482422,51900
2026-05-28 13:25:00+00:00,ABEV3.SA,16.56999969482422,16.56999969482422,16.530000686645508,16.559999465942383,111900
2026-05-28 13:30:00+00:00,ABEV3.SA,16.549999237060547,16.6299991607666,16.540000915527344,16.540000915527344,2233300
2026-05-28 13:35:00+00:00,ABEV3.SA,16.559999465942383,16.56999969482422,16.489999771118164,16.5,417100
2026-05-28 13:40:00+00:00,ABEV3.SA,16.5,16.559999465942383,16.5,16.540000915527344,230600
2026-05-28 13:45:00+00:00,ABEV3.SA,16.549999237060547,16.59000015258789,16.540000915527344,16.579999923706055,304300
2026-05-28 13:50:00+00:00,ABEV3.SA,16.56999969482422,16.579999923706055,16.549999237060547,16.549999237060547,289600
2026-05-28 13:55:00+00:00,ABEV3.SA,16.56999969482422,16.56999969482422,16.510000228881836,16.540000915527344,646700
2026-05-28 14:00:00+00:00,ABEV3.SA,16.540000915527344,16.549999237060547,16.510000228881836,16.520000457763672,344600
2026-05-28 14:05:00+00:00,ABEV3.SA,16.530000686645508,16.540000915527344,16.5,16.540000915527344,106900
2026-05-28 14:10:00+00:00,ABEV3.SA,16.530000686645508,16.59000015258789,16.520000457763672,16.559999465942383,875200
2026-05-28 14:15:00+00:00,ABEV3.SA,16.56999969482422,16.579999923706055,16.530000686645508,16.530000686645508,403600
2026-05-28 14:20:00+00:00,ABEV3.SA,16.540000915527344,16.540000915527344,16.5,16.510000228881836,381900
2026-05-28 14:25:00+00:00,ABEV3.SA,16.510000228881836,16.530000686645508,16.5,16.520000457763672,135900
2026-05-28 14:30:00+00:00,ABEV3.SA,16.520000457763672,16.530000686645508,16.510000228881836,16.530000686645508,78800
2026-05-28 14:35:00+00:00,ABEV3.SA,16.520000457763672,16.540000915527344,16.510000228881836,16.540000915527344,76000
2026-05-28 14:40:00+00:00,ABEV3.SA,16.540000915527344,16.56999969482422,16.530000686645508,16.549999237060547,206400
2026-05-28 14:45:00+00:00,ABEV3.SA,16.559999465942383,16.579999923706055,16.540000915527344,16.559999465942383,201400
2026-05-28 14:50:00+00:00,ABEV3.SA,16.559999465942383,16.600000381469727,16.549999237060547,16.559999465942383,2181000
2026-05-28 14:55:00+00:00,ABEV3.SA,16.559999465942383,16.559999465942383,16.530000686645508,16.549999237060547,68700
2026-05-28 15:00:00+00:00,ABEV3.SA,16.549999237060547,16.559999465942383,16.5,16.520000457763672,482000
2026-05-28 15:05:00+00:00,ABEV3.SA,16.520000457763672,16.530000686645508,16.5,16.520000457763672,112900
2026-05-28 15:10:00+00:00,ABEV3.SA,16.520000457763672,16.520000457763672,16.5,16.510000228881836,86900
2026-05-28 15:15:00+00:00,ABEV3.SA,16.510000228881836,16.510000228881836,16.489999771118164,16.5,97800
2026-05-28 15:20:00+00:00,ABEV3.SA,16.5,16.5,16.469999313354492,16.479999542236328,277000
2026-05-28 15:25:00+00:00,ABEV3.SA,16.489999771118164,16.5,16.469999313354492,16.489999771118164,83000
2026-05-28 15:30:00+00:00,ABEV3.SA,16.489999771118164,16.5,16.469999313354492,16.489999771118164,70400
2026-05-28 15:35:00+00:00,ABEV3.SA,16.489999771118164,16.5,16.479999542236328,16.489999771118164,69100
2026-05-28 15:40:00+00:00,ABEV3.SA,16.489999771118164,16.5,16.479999542236328,16.489999771118164,49300
2026-05-28 15:45:00+00:00,ABEV3.SA,16.5,16.5,16.479999542236328,16.489999771118164,99700
2026-05-28 15:50:00+00:00,ABEV3.SA,16.479999542236328,16.489999771118164,16.469999313354492,16.479999542236328,55200
2026-05-28 15:55:00+00:00,ABEV3.SA,16.489999771118164,16.489999771118164,16.469999313354492,16.479999542236328,64300
2026-05-28 16:00:00+00:00,ABEV3.SA,16.479999542236328,16.489999771118164,16.469999313354492,16.489999771118164,68400
2026-05-28 16:05:00+00:00,ABEV3.SA,16.489999771118164,16.5,16.489999771118164,16.5,43000
2026-05-28 16:10:00+00:00,ABEV3.SA,16.5,16.510000228881836,16.5,16.510000228881836,37200
2026-05-28 16:15:00+00:00,ABEV3.SA,16.510000228881836,16.520000457763672,16.5,16.520000457763672,111300
2026-05-28 16:20:00+00:00,ABEV3.SA,16.520000457763672,16.540000915527344,16.510000228881836,16.530000686645508,49800
2026-05-28 16:25:00+00:00,ABEV3.SA,16.530000686645508,16.540000915527344,16.530000686645508,16.530000686645508,51400
2026-05-28 16:30:00+00:00,ABEV3.SA,16.530000686645508,16.530000686645508,16.510000228881836,16.520000457763672,110300
2026-05-28 16:35:00+00:00,ABEV3.SA,16.520000457763672,16.520000457763672,16.510000228881836,16.510000228881836,65800
2026-05-28 16:40:00+00:00,ABEV3.SA,16.510000228881836,16.520000457763672,16.5,16.520000457763672,52100
2026-05-28 16:45:00+00:00,ABEV3.SA,16.520000457763672,16.520000457763672,16.489999771118164,16.489999771118164,100900
2026-05-28 16:50:00+00:00,ABEV3.SA,16.489999771118164,16.5,16.479999542236328,16.479999542236328,268900
2026-05-28 16:55:00+00:00,ABEV3.SA,16.489999771118164,16.489999771118164,16.459999084472656,16.469999313354492,256400
2026-05-28 17:00:00+00:00,ABEV3.SA,16.469999313354492,16.489999771118164,16.459999084472656,16.459999084472656,116200
2026-05-28 17:05:00+00:00,ABEV3.SA,16.469999313354492,16.469999313354492,16.440000534057617,16.450000762939453,204300
2026-05-28 17:10:00+00:00,ABEV3.SA,16.459999084472656,16.459999084472656,16.440000534057617,16.459999084472656,348000
2026-05-28 17:15:00+00:00,ABEV3.SA,16.450000762939453,16.459999084472656,16.450000762939453,16.450000762939453,33700
2026-05-28 17:20:00+00:00,ABEV3.SA,16.450000762939453,16.459999084472656,16.43000030517578,16.43000030517578,90900
2026-05-28 17:25:00+00:00,ABEV3.SA,16.440000534057617,16.440000534057617,16.420000076293945,16.43000030517578,125300
2026-05-28 17:30:00+00:00,ABEV3.SA,16.440000534057617,16.469999313354492,16.43000030517578,16.459999084472656,349200
2026-05-28 17:35:00+00:00,ABEV3.SA,16.469999313354492,16.469999313354492,16.450000762939453,16.459999084472656,91300
2026-05-28 17:40:00+00:00,ABEV3.SA,16.459999084472656,16.469999313354492,16.43000030517578,16.440000534057617,354200
2026-05-28 17:45:00+00:00,ABEV3.SA,16.440000534057617,16.450000762939453,16.43000030517578,16.450000762939453,1117900
2026-05-28 17:50:00+00:00,ABEV3.SA,16.450000762939453,16.450000762939453,16.43000030517578,16.440000534057617,136500
2026-05-28 17:55:00+00:00,ABEV3.SA,16.440000534057617,16.450000762939453,16.389999389648438,16.389999389648438,334400
2026-05-28 18:00:00+00:00,ABEV3.SA,16.389999389648438,16.399999618530273,16.360000610351562,16.360000610351562,227200
2026-05-28 18:05:00+00:00,ABEV3.SA,16.3700008392334,16.3700008392334,16.350000381469727,16.350000381469727,88000
2026-05-28 18:10:00+00:00,ABEV3.SA,16.350000381469727,16.360000610351562,16.34000015258789,16.350000381469727,168900
2026-05-28 18:15:00+00:00,ABEV3.SA,16.350000381469727,16.360000610351562,16.299999237060547,16.309999465942383,597100
2026-05-28 18:20:00+00:00,ABEV3.SA,16.309999465942383,16.31999969482422,16.280000686645508,16.309999465942383,225200
2026-05-28 18:25:00+00:00,ABEV3.SA,16.309999465942383,16.31999969482422,16.299999237060547,16.299999237060547,96200
2026-05-28 18:30:00+00:00,ABEV3.SA,16.309999465942383,16.309999465942383,16.280000686645508,16.290000915527344,154000
2026-05-28 18:35:00+00:00,ABEV3.SA,16.280000686645508,16.299999237060547,16.270000457763672,16.290000915527344,197200
2026-05-28 18:40:00+00:00,ABEV3.SA,16.290000915527344,16.290000915527344,16.270000457763672,16.270000457763672,91200
2026-05-28 18:45:00+00:00,ABEV3.SA,16.280000686645508,16.290000915527344,16.270000457763672,16.280000686645508,98700
2026-05-28 18:50:00+00:00,ABEV3.SA,16.280000686645508,16.290000915527344,16.280000686645508,16.280000686645508,159400
2026-05-28 18:55:00+00:00,ABEV3.SA,16.290000915527344,16.290000915527344,16.270000457763672,16.270000457763672,79700
2026-05-28 19:00:00+00:00,ABEV3.SA,16.280000686645508,16.280000686645508,16.260000228881836,16.260000228881836,209300
2026-05-28 19:05:00+00:00,ABEV3.SA,16.270000457763672,16.270000457763672,16.25,16.25,351000
2026-05-28 19:10:00+00:00,ABEV3.SA,16.25,16.290000915527344,16.25,16.280000686645508,370100
2026-05-28 19:15:00+00:00,ABEV3.SA,16.280000686645508,16.31999969482422,16.270000457763672,16.31999969482422,365200
2026-05-28 19:20:00+00:00,ABEV3.SA,16.31999969482422,16.329999923706055,16.309999465942383,16.31999969482422,185500
2026-05-28 19:25:00+00:00,ABEV3.SA,16.31999969482422,16.329999923706055,16.309999465942383,16.31999969482422,223400
2026-05-28 19:30:00+00:00,ABEV3.SA,16.309999465942383,16.31999969482422,16.299999237060547,16.309999465942383,232600
2026-05-28 19:35:00+00:00,ABEV3.SA,16.299999237060547,16.329999923706055,16.299999237060547,16.31999969482422,517300
2026-05-28 19:40:00+00:00,ABEV3.SA,16.329999923706055,16.350000381469727,16.309999465942383,16.309999465942383,557800
2026-05-28 19:45:00+00:00,ABEV3.SA,16.309999465942383,16.31999969482422,16.270000457763672,16.299999237060547,735600
2026-05-28 19:50:00+00:00,ABEV3.SA,16.299999237060547,16.299999237060547,16.270000457763672,16.270000457763672,572700
2026-05-29 13:00:00+00:00,ABEV3.SA,16.290000915527344,16.290000915527344,16.229999542236328,16.260000228881836,0
2026-05-29 13:05:00+00:00,ABEV3.SA,16.260000228881836,16.299999237060547,16.260000228881836,16.290000915527344,91800
2026-05-29 13:10:00+00:00,ABEV3.SA,16.280000686645508,16.280000686645508,16.15999984741211,16.15999984741211,172600
2026-05-29 13:15:00+00:00,ABEV3.SA,16.170000076293945,16.18000030517578,16.1299991607666,16.139999389648438,166200
2026-05-29 13:20:00+00:00,ABEV3.SA,16.139999389648438,16.139999389648438,16.06999969482422,16.1200008392334,238700
2026-05-29 13:25:00+00:00,ABEV3.SA,16.1299991607666,16.1299991607666,16.100000381469727,16.1299991607666,167200
2026-05-29 13:30:00+00:00,ABEV3.SA,16.1200008392334,16.139999389648438,16.049999237060547,16.06999969482422,416400
2026-05-29 13:35:00+00:00,ABEV3.SA,16.079999923706055,16.110000610351562,16.030000686645508,16.049999237060547,1745600
2026-05-29 13:40:00+00:00,ABEV3.SA,16.049999237060547,16.09000015258789,16.020000457763672,16.06999969482422,483700
2026-05-29 13:45:00+00:00,ABEV3.SA,16.06999969482422,16.100000381469727,16.059999465942383,16.06999969482422,288400
2026-05-29 13:50:00+00:00,ABEV3.SA,16.06999969482422,16.09000015258789,16.030000686645508,16.09000015258789,295900
2026-05-29 13:55:00+00:00,ABEV3.SA,16.079999923706055,16.100000381469727,16.049999237060547,16.049999237060547,144200
2026-05-29 14:00:00+00:00,ABEV3.SA,16.059999465942383,16.09000015258789,16.049999237060547,16.049999237060547,233400
2026-05-29 14:05:00+00:00,ABEV3.SA,16.049999237060547,16.059999465942383,16.040000915527344,16.049999237060547,148900
2026-05-29 14:10:00+00:00,ABEV3.SA,16.049999237060547,16.1200008392334,16.030000686645508,16.110000610351562,533200
2026-05-29 14:15:00+00:00,ABEV3.SA,16.110000610351562,16.1200008392334,16.09000015258789,16.100000381469727,345300
2026-05-29 14:20:00+00:00,ABEV3.SA,16.110000610351562,16.139999389648438,16.06999969482422,16.06999969482422,2055400
2026-05-29 14:25:00+00:00,ABEV3.SA,16.079999923706055,16.110000610351562,16.059999465942383,16.09000015258789,758700
2026-05-29 14:30:00+00:00,ABEV3.SA,16.09000015258789,16.100000381469727,16.030000686645508,16.040000915527344,402800
2026-05-29 14:35:00+00:00,ABEV3.SA,16.049999237060547,16.079999923706055,16.040000915527344,16.06999969482422,268900
2026-05-29 14:40:00+00:00,ABEV3.SA,16.06999969482422,16.100000381469727,16.059999465942383,16.09000015258789,130900
2026-05-29 14:45:00+00:00,ABEV3.SA,16.079999923706055,16.100000381469727,16.06999969482422,16.079999923706055,132300
2026-05-29 14:50:00+00:00,ABEV3.SA,16.079999923706055,16.149999618530273,16.06999969482422,16.100000381469727,1257500
2026-05-29 14:55:00+00:00,ABEV3.SA,16.100000381469727,16.1200008392334,16.09000015258789,16.110000610351562,1989600
2026-05-29 15:00:00+00:00,ABEV3.SA,16.1200008392334,16.139999389648438,16.100000381469727,16.1299991607666,564700
2026-05-29 15:05:00+00:00,ABEV3.SA,16.139999389648438,16.149999618530273,16.1200008392334,16.139999389648438,276700
2026-05-29 15:10:00+00:00,ABEV3.SA,16.149999618530273,16.18000030517578,16.1299991607666,16.139999389648438,1815200
2026-05-29 15:15:00+00:00,ABEV3.SA,16.149999618530273,16.149999618530273,16.110000610351562,16.1200008392334,234600
2026-05-29 15:20:00+00:00,ABEV3.SA,16.1299991607666,16.1299991607666,16.110000610351562,16.110000610351562,142100
2026-05-29 15:25:00+00:00,ABEV3.SA,16.1200008392334,16.1299991607666,16.110000610351562,16.1200008392334,137100
2026-05-29 15:30:00+00:00,ABEV3.SA,16.1200008392334,16.209999084472656,16.1200008392334,16.200000762939453,973900
2026-05-29 15:35:00+00:00,ABEV3.SA,16.190000534057617,16.200000762939453,16.149999618530273,16.15999984741211,384100
2026-05-29 15:40:00+00:00,ABEV3.SA,16.149999618530273,16.170000076293945,16.139999389648438,16.149999618530273,239200
2026-05-29 15:45:00+00:00,ABEV3.SA,16.149999618530273,16.170000076293945,16.149999618530273,16.15999984741211,244100
2026-05-29 15:50:00+00:00,ABEV3.SA,16.15999984741211,16.190000534057617,16.15999984741211,16.15999984741211,1573400
2026-05-29 15:55:00+00:00,ABEV3.SA,16.170000076293945,16.18000030517578,16.149999618530273,16.170000076293945,316700
2026-05-29 16:00:00+00:00,ABEV3.SA,16.170000076293945,16.18000030517578,16.15999984741211,16.170000076293945,138100
2026-05-29 16:05:00+00:00,ABEV3.SA,16.170000076293945,16.190000534057617,16.170000076293945,16.190000534057617,392400
2026-05-29 16:10:00+00:00,ABEV3.SA,16.190000534057617,16.200000762939453,16.170000076293945,16.200000762939453,373100
2026-05-29 16:15:00+00:00,ABEV3.SA,16.190000534057617,16.200000762939453,16.190000534057617,16.190000534057617,212800
2026-05-29 16:20:00+00:00,ABEV3.SA,16.200000762939453,16.200000762939453,16.18000030517578,16.190000534057617,180900
2026-05-29 16:25:00+00:00,ABEV3.SA,16.190000534057617,16.200000762939453,16.190000534057617,16.190000534057617,147400
2026-05-29 16:30:00+00:00,ABEV3.SA,16.190000534057617,16.209999084472656,16.190000534057617,16.190000534057617,276000
2026-05-29 16:35:00+00:00,ABEV3.SA,16.190000534057617,16.200000762939453,16.18000030517578,16.190000534057617,270400
2026-05-29 16:40:00+00:00,ABEV3.SA,16.190000534057617,16.209999084472656,16.18000030517578,16.190000534057617,513200
2026-05-29 16:45:00+00:00,ABEV3.SA,16.200000762939453,16.200000762939453,16.170000076293945,16.18000030517578,1263500
2026-05-29 16:50:00+00:00,ABEV3.SA,16.170000076293945,16.200000762939453,16.170000076293945,16.200000762939453,196100
2026-05-29 16:55:00+00:00,ABEV3.SA,16.190000534057617,16.200000762939453,16.18000030517578,16.190000534057617,227000
2026-05-29 17:00:00+00:00,ABEV3.SA,16.190000534057617,16.200000762939453,16.18000030517578,16.18000030517578,236300
2026-05-29 17:05:00+00:00,ABEV3.SA,16.18000030517578,16.200000762939453,16.170000076293945,16.190000534057617,323900
2026-05-29 17:10:00+00:00,ABEV3.SA,16.190000534057617,16.200000762939453,16.18000030517578,16.190000534057617,450500
2026-05-29 17:15:00+00:00,ABEV3.SA,16.190000534057617,16.209999084472656,16.190000534057617,16.190000534057617,646800
2026-05-29 17:20:00+00:00,ABEV3.SA,16.190000534057617,16.209999084472656,16.18000030517578,16.190000534057617,440400
2026-05-29 17:25:00+00:00,ABEV3.SA,16.190000534057617,16.200000762939453,16.190000534057617,16.200000762939453,1179800
2026-05-29 17:30:00+00:00,ABEV3.SA,16.209999084472656,16.229999542236328,16.200000762939453,16.209999084472656,430000
2026-05-29 17:35:00+00:00,ABEV3.SA,16.209999084472656,16.260000228881836,16.209999084472656,16.25,498300
2026-05-29 17:40:00+00:00,ABEV3.SA,16.239999771118164,16.260000228881836,16.219999313354492,16.229999542236328,422700
2026-05-29 17:45:00+00:00,ABEV3.SA,16.219999313354492,16.260000228881836,16.219999313354492,16.260000228881836,345100
2026-05-29 17:50:00+00:00,ABEV3.SA,16.25,16.260000228881836,16.229999542236328,16.239999771118164,249900
2026-05-29 17:55:00+00:00,ABEV3.SA,16.239999771118164,16.260000228881836,16.239999771118164,16.260000228881836,446400
2026-05-29 18:00:00+00:00,ABEV3.SA,16.25,16.260000228881836,16.229999542236328,16.260000228881836,379900
2026-05-29 18:05:00+00:00,ABEV3.SA,16.260000228881836,16.280000686645508,16.25,16.270000457763672,370200
2026-05-29 18:10:00+00:00,ABEV3.SA,16.260000228881836,16.290000915527344,16.260000228881836,16.280000686645508,326000
2026-05-29 18:15:00+00:00,ABEV3.SA,16.270000457763672,16.290000915527344,16.270000457763672,16.280000686645508,248500
2026-05-29 18:20:00+00:00,ABEV3.SA,16.270000457763672,16.309999465942383,16.270000457763672,16.309999465942383,471100
2026-05-29 18:25:00+00:00,ABEV3.SA,16.309999465942383,16.3799991607666,16.299999237060547,16.3700008392334,523700
2026-05-29 18:30:00+00:00,ABEV3.SA,16.360000610351562,16.3799991607666,16.360000610351562,16.360000610351562,434400
2026-05-29 18:35:00+00:00,ABEV3.SA,16.3700008392334,16.389999389648438,16.360000610351562,16.389999389648438,321300
2026-05-29 18:40:00+00:00,ABEV3.SA,16.389999389648438,16.399999618530273,16.34000015258789,16.360000610351562,722500
2026-05-29 18:45:00+00:00,ABEV3.SA,16.360000610351562,16.3700008392334,16.329999923706055,16.350000381469727,376100
2026-05-29 18:50:00+00:00,ABEV3.SA,16.350000381469727,16.3700008392334,16.34000015258789,16.350000381469727,342900
2026-05-29 18:55:00+00:00,ABEV3.SA,16.350000381469727,16.360000610351562,16.34000015258789,16.360000610351562,203600
2026-05-29 19:00:00+00:00,ABEV3.SA,16.360000610351562,16.3799991607666,16.34000015258789,16.3799991607666,388500
2026-05-29 19:05:00+00:00,ABEV3.SA,16.3700008392334,16.389999389648438,16.3700008392334,16.389999389648438,254000
2026-05-29 19:10:00+00:00,ABEV3.SA,16.3799991607666,16.389999389648438,16.360000610351562,16.3799991607666,600300
2026-05-29 19:15:00+00:00,ABEV3.SA,16.3700008392334,16.389999389648438,16.360000610351562,16.3799991607666,433100
2026-05-29 19:20:00+00:00,ABEV3.SA,16.3799991607666,16.399999618530273,16.3700008392334,16.3799991607666,396400
2026-05-29 19:25:00+00:00,ABEV3.SA,16.3799991607666,16.399999618530273,16.3799991607666,16.389999389648438,337500
2026-05-29 19:30:00+00:00,ABEV3.SA,16.3799991607666,16.40999984741211,16.3700008392334,16.3799991607666,994000
2026-05-29 19:35:00+00:00,ABEV3.SA,16.3799991607666,16.40999984741211,16.3700008392334,16.3799991607666,460300
2026-05-29 19:40:00+00:00,ABEV3.SA,16.389999389648438,16.40999984741211,16.389999389648438,16.389999389648438,505800
2026-05-29 19:45:00+00:00,ABEV3.SA,16.399999618530273,16.459999084472656,16.389999389648438,16.40999984741211,484200
2026-06-01 13:05:00+00:00,ABEV3.SA,16.389999389648438,16.389999389648438,16.31999969482422,16.34000015258789,0
2026-06-01 13:10:00+00:00,ABEV3.SA,16.34000015258789,16.350000381469727,16.290000915527344,16.329999923706055,110000
2026-06-01 13:15:00+00:00,ABEV3.SA,16.329999923706055,16.3700008392334,16.299999237060547,16.31999969482422,201600
2026-06-01 13:20:00+00:00,ABEV3.SA,16.31999969482422,16.31999969482422,16.229999542236328,16.25,198000
2026-06-01 13:25:00+00:00,ABEV3.SA,16.260000228881836,16.260000228881836,16.219999313354492,16.219999313354492,32600
2026-06-01 13:30:00+00:00,ABEV3.SA,16.229999542236328,16.229999542236328,16.139999389648438,16.219999313354492,355300
2026-06-01 13:35:00+00:00,ABEV3.SA,16.229999542236328,16.3700008392334,16.229999542236328,16.290000915527344,1939900
2026-06-01 13:40:00+00:00,ABEV3.SA,16.290000915527344,16.309999465942383,16.290000915527344,16.309999465942383,171400
2026-06-01 13:45:00+00:00,ABEV3.SA,16.309999465942383,16.309999465942383,16.280000686645508,16.299999237060547,337400
2026-06-01 13:50:00+00:00,ABEV3.SA,16.290000915527344,16.309999465942383,16.280000686645508,16.309999465942383,187400
2026-06-01 13:55:00+00:00,ABEV3.SA,16.309999465942383,16.309999465942383,16.280000686645508,16.290000915527344,128300
2026-06-01 14:00:00+00:00,ABEV3.SA,16.290000915527344,16.3799991607666,16.290000915527344,16.3799991607666,394400
2026-06-01 14:05:00+00:00,ABEV3.SA,16.3799991607666,16.469999313354492,16.360000610351562,16.43000030517578,706300
2026-06-01 14:10:00+00:00,ABEV3.SA,16.450000762939453,16.489999771118164,16.440000534057617,16.489999771118164,173100
2026-06-01 14:15:00+00:00,ABEV3.SA,16.489999771118164,16.510000228881836,16.469999313354492,16.479999542236328,157400
2026-06-01 14:20:00+00:00,ABEV3.SA,16.469999313354492,16.5,16.469999313354492,16.479999542236328,150100
2026-06-01 14:25:00+00:00,ABEV3.SA,16.489999771118164,16.520000457763672,16.479999542236328,16.510000228881836,123800
2026-06-01 14:30:00+00:00,ABEV3.SA,16.520000457763672,16.530000686645508,16.479999542236328,16.489999771118164,365800
2026-06-01 14:35:00+00:00,ABEV3.SA,16.489999771118164,16.540000915527344,16.489999771118164,16.530000686645508,230100
2026-06-01 14:40:00+00:00,ABEV3.SA,16.520000457763672,16.56999969482422,16.510000228881836,16.520000457763672,343600
2026-06-01 14:45:00+00:00,ABEV3.SA,16.520000457763672,16.520000457763672,16.489999771118164,16.510000228881836,143200
2026-06-01 14:50:00+00:00,ABEV3.SA,16.510000228881836,16.510000228881836,16.489999771118164,16.489999771118164,221600
2026-06-01 14:55:00+00:00,ABEV3.SA,16.489999771118164,16.5,16.459999084472656,16.459999084472656,110100
2026-06-01 15:00:00+00:00,ABEV3.SA,16.450000762939453,16.489999771118164,16.450000762939453,16.489999771118164,131600
2026-06-01 15:05:00+00:00,ABEV3.SA,16.489999771118164,16.5,16.459999084472656,16.459999084472656,1516100
2026-06-01 15:10:00+00:00,ABEV3.SA,16.459999084472656,16.469999313354492,16.440000534057617,16.440000534057617,161600
2026-06-01 15:15:00+00:00,ABEV3.SA,16.450000762939453,16.459999084472656,16.440000534057617,16.450000762939453,94900
2026-06-01 15:20:00+00:00,ABEV3.SA,16.440000534057617,16.469999313354492,16.440000534057617,16.459999084472656,118500
2026-06-01 15:25:00+00:00,ABEV3.SA,16.459999084472656,16.469999313354492,16.450000762939453,16.469999313354492,73800
2026-06-01 15:30:00+00:00,ABEV3.SA,16.469999313354492,16.5,16.450000762939453,16.479999542236328,148600
2026-06-01 15:35:00+00:00,ABEV3.SA,16.479999542236328,16.479999542236328,16.459999084472656,16.469999313354492,52100
2026-06-01 15:40:00+00:00,ABEV3.SA,16.469999313354492,16.469999313354492,16.440000534057617,16.459999084472656,177400
2026-06-01 15:45:00+00:00,ABEV3.SA,16.450000762939453,16.459999084472656,16.440000534057617,16.450000762939453,54800
2026-06-01 15:50:00+00:00,ABEV3.SA,16.450000762939453,16.450000762939453,16.40999984741211,16.43000030517578,202100
2026-06-01 15:55:00+00:00,ABEV3.SA,16.43000030517578,16.43000030517578,16.420000076293945,16.43000030517578,83500
2026-06-01 16:00:00+00:00,ABEV3.SA,16.420000076293945,16.440000534057617,16.40999984741211,16.420000076293945,65100
2026-06-01 16:05:00+00:00,ABEV3.SA,16.420000076293945,16.43000030517578,16.389999389648438,16.40999984741211,94100
2026-06-01 16:10:00+00:00,ABEV3.SA,16.40999984741211,16.40999984741211,16.360000610351562,16.360000610351562,281300
2026-06-01 16:15:00+00:00,ABEV3.SA,16.360000610351562,16.3799991607666,16.360000610351562,16.3799991607666,149700
2026-06-01 16:20:00+00:00,ABEV3.SA,16.3700008392334,16.3799991607666,16.350000381469727,16.360000610351562,182600
2026-06-01 16:25:00+00:00,ABEV3.SA,16.360000610351562,16.389999389648438,16.350000381469727,16.389999389648438,171600
2026-06-01 16:30:00+00:00,ABEV3.SA,16.389999389648438,16.389999389648438,16.3700008392334,16.389999389648438,110200
2026-06-01 16:35:00+00:00,ABEV3.SA,16.3799991607666,16.389999389648438,16.3799991607666,16.3799991607666,50800
2026-06-01 16:40:00+00:00,ABEV3.SA,16.389999389648438,16.399999618530273,16.3799991607666,16.389999389648438,81300
2026-06-01 16:45:00+00:00,ABEV3.SA,16.389999389648438,16.399999618530273,16.3799991607666,16.399999618530273,106000
2026-06-01 16:50:00+00:00,ABEV3.SA,16.389999389648438,16.43000030517578,16.389999389648438,16.43000030517578,146900
2026-06-01 16:55:00+00:00,ABEV3.SA,16.43000030517578,16.459999084472656,16.420000076293945,16.459999084472656,291400
2026-06-01 17:00:00+00:00,ABEV3.SA,16.459999084472656,16.459999084472656,16.43000030517578,16.43000030517578,154400
2026-06-01 17:05:00+00:00,ABEV3.SA,16.440000534057617,16.450000762939453,16.420000076293945,16.440000534057617,102300
2026-06-01 17:10:00+00:00,ABEV3.SA,16.43000030517578,16.450000762939453,16.43000030517578,16.440000534057617,87000
2026-06-01 17:15:00+00:00,ABEV3.SA,16.440000534057617,16.450000762939453,16.420000076293945,16.43000030517578,131100
2026-06-01 17:20:00+00:00,ABEV3.SA,16.440000534057617,16.450000762939453,16.420000076293945,16.43000030517578,133200
2026-06-01 17:25:00+00:00,ABEV3.SA,16.440000534057617,16.459999084472656,16.43000030517578,16.450000762939453,234400
2026-06-01 17:30:00+00:00,ABEV3.SA,16.459999084472656,16.479999542236328,16.389999389648438,16.389999389648438,551800
2026-06-01 17:35:00+00:00,ABEV3.SA,16.389999389648438,16.399999618530273,16.3799991607666,16.389999389648438,180400
2026-06-01 17:40:00+00:00,ABEV3.SA,16.389999389648438,16.43000030517578,16.389999389648438,16.40999984741211,223900
2026-06-01 17:45:00+00:00,ABEV3.SA,16.420000076293945,16.420000076293945,16.389999389648438,16.40999984741211,220400
2026-06-01 17:50:00+00:00,ABEV3.SA,16.399999618530273,16.40999984741211,16.399999618530273,16.399999618530273,97800
2026-06-01 17:55:00+00:00,ABEV3.SA,16.399999618530273,16.420000076293945,16.399999618530273,16.40999984741211,164600
2026-06-01 18:00:00+00:00,ABEV3.SA,16.399999618530273,16.40999984741211,16.3799991607666,16.3799991607666,253700
2026-06-01 18:05:00+00:00,ABEV3.SA,16.3799991607666,16.389999389648438,16.3799991607666,16.389999389648438,139400
2026-06-01 18:10:00+00:00,ABEV3.SA,16.389999389648438,16.389999389648438,16.3700008392334,16.389999389648438,283400
2026-06-01 18:15:00+00:00,ABEV3.SA,16.3799991607666,16.389999389648438,16.3799991607666,16.3799991607666,127200
2026-06-01 18:20:00+00:00,ABEV3.SA,16.389999389648438,16.389999389648438,16.3799991607666,16.389999389648438,114000
2026-06-01 18:25:00+00:00,ABEV3.SA,16.3799991607666,16.389999389648438,16.3799991607666,16.3799991607666,153700
2026-06-01 18:30:00+00:00,ABEV3.SA,16.3799991607666,16.420000076293945,16.3799991607666,16.40999984741211,188800
2026-06-01 18:35:00+00:00,ABEV3.SA,16.40999984741211,16.40999984741211,16.399999618530273,16.40999984741211,115000
2026-06-01 18:40:00+00:00,ABEV3.SA,16.399999618530273,16.420000076293945,16.399999618530273,16.40999984741211,156300
2026-06-01 18:45:00+00:00,ABEV3.SA,16.40999984741211,16.420000076293945,16.399999618530273,16.40999984741211,133500
2026-06-01 18:50:00+00:00,ABEV3.SA,16.40999984741211,16.43000030517578,16.399999618530273,16.40999984741211,159100
2026-06-01 18:55:00+00:00,ABEV3.SA,16.40999984741211,16.43000030517578,16.40999984741211,16.420000076293945,252700
2026-06-01 19:00:00+00:00,ABEV3.SA,16.420000076293945,16.440000534057617,16.40999984741211,16.43000030517578,235900
2026-06-01 19:05:00+00:00,ABEV3.SA,16.440000534057617,16.450000762939453,16.43000030517578,16.450000762939453,150700
2026-06-01 19:10:00+00:00,ABEV3.SA,16.450000762939453,16.450000762939453,16.43000030517578,16.43000030517578,224600
2026-06-01 19:15:00+00:00,ABEV3.SA,16.440000534057617,16.450000762939453,16.420000076293945,16.43000030517578,451700
2026-06-01 19:20:00+00:00,ABEV3.SA,16.43000030517578,16.450000762939453,16.43000030517578,16.450000762939453,219800
2026-06-01 19:25:00+00:00,ABEV3.SA,16.440000534057617,16.459999084472656,16.43000030517578,16.43000030517578,350000
2026-06-01 19:30:00+00:00,ABEV3.SA,16.440000534057617,16.440000534057617,16.420000076293945,16.420000076293945,349900
2026-06-01 19:35:00+00:00,ABEV3.SA,16.43000030517578,16.450000762939453,16.420000076293945,16.440000534057617,757000
2026-06-01 19:40:00+00:00,ABEV3.SA,16.43000030517578,16.459999084472656,16.43000030517578,16.440000534057617,316300
2026-06-01 19:45:00+00:00,ABEV3.SA,16.450000762939453,16.459999084472656,16.3799991607666,16.399999618530273,779000
2026-06-01 19:50:00+00:00,ABEV3.SA,16.399999618530273,16.40999984741211,16.350000381469727,16.399999618530273,648500
2026-06-02 13:00:00+00:00,ABEV3.SA,16.489999771118164,16.540000915527344,16.479999542236328,16.510000228881836,0
2026-06-02 13:05:00+00:00,ABEV3.SA,16.520000457763672,16.56999969482422,16.489999771118164,16.5,121500
2026-06-02 13:10:00+00:00,ABEV3.SA,16.479999542236328,16.520000457763672,16.479999542236328,16.5,114400
2026-06-02 13:15:00+00:00,ABEV3.SA,16.510000228881836,16.530000686645508,16.469999313354492,16.489999771118164,69700
2026-06-02 13:20:00+00:00,ABEV3.SA,16.489999771118164,16.5,16.469999313354492,16.489999771118164,54300
2026-06-02 13:25:00+00:00,ABEV3.SA,16.489999771118164,16.510000228881836,16.479999542236328,16.479999542236328,54600
2026-06-02 13:30:00+00:00,ABEV3.SA,16.469999313354492,16.520000457763672,16.459999084472656,16.520000457763672,225300
2026-06-02 13:35:00+00:00,ABEV3.SA,16.520000457763672,16.530000686645508,16.489999771118164,16.510000228881836,134100
2026-06-02 13:40:00+00:00,ABEV3.SA,16.510000228881836,16.559999465942383,16.510000228881836,16.549999237060547,161100
2026-06-02 13:45:00+00:00,ABEV3.SA,16.549999237060547,16.56999969482422,16.479999542236328,16.489999771118164,259300
2026-06-02 13:50:00+00:00,ABEV3.SA,16.489999771118164,16.489999771118164,16.450000762939453,16.469999313354492,307900
2026-06-02 13:55:00+00:00,ABEV3.SA,16.479999542236328,16.489999771118164,16.459999084472656,16.459999084472656,123000
2026-06-02 14:00:00+00:00,ABEV3.SA,16.469999313354492,16.479999542236328,16.450000762939453,16.450000762939453,147400
2026-06-02 14:05:00+00:00,ABEV3.SA,16.440000534057617,16.469999313354492,16.440000534057617,16.469999313354492,86400
2026-06-02 14:10:00+00:00,ABEV3.SA,16.469999313354492,16.5,16.459999084472656,16.5,198400
2026-06-02 14:15:00+00:00,ABEV3.SA,16.5,16.540000915527344,16.489999771118164,16.520000457763672,199600
2026-06-02 14:20:00+00:00,ABEV3.SA,16.530000686645508,16.56999969482422,16.520000457763672,16.559999465942383,241700
2026-06-02 14:25:00+00:00,ABEV3.SA,16.559999465942383,16.59000015258789,16.549999237060547,16.549999237060547,365900
2026-06-02 14:30:00+00:00,ABEV3.SA,16.559999465942383,16.579999923706055,16.530000686645508,16.56999969482422,174100
2026-06-02 14:35:00+00:00,ABEV3.SA,16.559999465942383,16.610000610351562,16.559999465942383,16.59000015258789,239100
2026-06-02 14:40:00+00:00,ABEV3.SA,16.600000381469727,16.6299991607666,16.600000381469727,16.610000610351562,359800
2026-06-02 14:45:00+00:00,ABEV3.SA,16.600000381469727,16.6299991607666,16.579999923706055,16.600000381469727,304000
2026-06-02 14:50:00+00:00,ABEV3.SA,16.600000381469727,16.600000381469727,16.579999923706055,16.59000015258789,115300
2026-06-02 14:55:00+00:00,ABEV3.SA,16.59000015258789,16.600000381469727,16.579999923706055,16.59000015258789,153100
2026-06-02 15:00:00+00:00,ABEV3.SA,16.59000015258789,16.600000381469727,16.56999969482422,16.600000381469727,87000
2026-06-02 15:05:00+00:00,ABEV3.SA,16.600000381469727,16.6200008392334,16.600000381469727,16.610000610351562,70200
2026-06-02 15:10:00+00:00,ABEV3.SA,16.610000610351562,16.610000610351562,16.56999969482422,16.56999969482422,303100
2026-06-02 15:15:00+00:00,ABEV3.SA,16.559999465942383,16.59000015258789,16.559999465942383,16.579999923706055,199400
2026-06-02 15:20:00+00:00,ABEV3.SA,16.579999923706055,16.610000610351562,16.559999465942383,16.600000381469727,223700
2026-06-02 15:25:00+00:00,ABEV3.SA,16.59000015258789,16.610000610351562,16.579999923706055,16.600000381469727,50200
2026-06-02 15:30:00+00:00,ABEV3.SA,16.600000381469727,16.6200008392334,16.59000015258789,16.610000610351562,86400
2026-06-02 15:35:00+00:00,ABEV3.SA,16.610000610351562,16.6200008392334,16.600000381469727,16.6200008392334,55700
2026-06-02 15:40:00+00:00,ABEV3.SA,16.610000610351562,16.6200008392334,16.600000381469727,16.610000610351562,103400
2026-06-02 15:45:00+00:00,ABEV3.SA,16.610000610351562,16.6200008392334,16.600000381469727,16.6200008392334,67600
2026-06-02 15:50:00+00:00,ABEV3.SA,16.610000610351562,16.6200008392334,16.600000381469727,16.610000610351562,54500
2026-06-02 15:55:00+00:00,ABEV3.SA,16.6200008392334,16.6200008392334,16.59000015258789,16.610000610351562,101400
2026-06-02 16:00:00+00:00,ABEV3.SA,16.610000610351562,16.610000610351562,16.600000381469727,16.600000381469727,75500
2026-06-02 16:05:00+00:00,ABEV3.SA,16.610000610351562,16.6200008392334,16.600000381469727,16.600000381469727,148600
2026-06-02 16:10:00+00:00,ABEV3.SA,16.610000610351562,16.6200008392334,16.59000015258789,16.600000381469727,154500
2026-06-02 16:15:00+00:00,ABEV3.SA,16.59000015258789,16.600000381469727,16.56999969482422,16.579999923706055,89900
2026-06-02 16:20:00+00:00,ABEV3.SA,16.579999923706055,16.579999923706055,16.56999969482422,16.579999923706055,59400
2026-06-02 16:25:00+00:00,ABEV3.SA,16.579999923706055,16.579999923706055,16.540000915527344,16.549999237060547,219700
2026-06-02 16:30:00+00:00,ABEV3.SA,16.540000915527344,16.549999237060547,16.540000915527344,16.540000915527344,51200
2026-06-02 16:35:00+00:00,ABEV3.SA,16.530000686645508,16.549999237060547,16.520000457763672,16.520000457763672,80900
2026-06-02 16:40:00+00:00,ABEV3.SA,16.520000457763672,16.530000686645508,16.510000228881836,16.530000686645508,64400
2026-06-02 16:45:00+00:00,ABEV3.SA,16.530000686645508,16.540000915527344,16.520000457763672,16.530000686645508,77700
2026-06-02 16:50:00+00:00,ABEV3.SA,16.540000915527344,16.540000915527344,16.520000457763672,16.520000457763672,85100
2026-06-02 16:55:00+00:00,ABEV3.SA,16.520000457763672,16.530000686645508,16.520000457763672,16.530000686645508,42800
2026-06-02 17:00:00+00:00,ABEV3.SA,16.530000686645508,16.530000686645508,16.510000228881836,16.520000457763672,78300
2026-06-02 17:05:00+00:00,ABEV3.SA,16.520000457763672,16.530000686645508,16.5,16.5,114900
2026-06-02 17:10:00+00:00,ABEV3.SA,16.5,16.510000228881836,16.479999542236328,16.489999771118164,142700
2026-06-02 17:15:00+00:00,ABEV3.SA,16.5,16.5,16.459999084472656,16.459999084472656,150200
2026-06-02 17:20:00+00:00,ABEV3.SA,16.459999084472656,16.479999542236328,16.459999084472656,16.479999542236328,76500
2026-06-02 17:25:00+00:00,ABEV3.SA,16.479999542236328,16.479999542236328,16.459999084472656,16.469999313354492,103300
2026-06-02 17:30:00+00:00,ABEV3.SA,16.479999542236328,16.5,16.469999313354492,16.479999542236328,68000
2026-06-02 17:35:00+00:00,ABEV3.SA,16.489999771118164,16.489999771118164,16.479999542236328,16.489999771118164,60800
2026-06-02 17:40:00+00:00,ABEV3.SA,16.489999771118164,16.5,16.469999313354492,16.479999542236328,152600
2026-06-02 17:45:00+00:00,ABEV3.SA,16.479999542236328,16.489999771118164,16.479999542236328,16.489999771118164,45300
2026-06-02 17:50:00+00:00,ABEV3.SA,16.489999771118164,16.489999771118164,16.469999313354492,16.469999313354492,87000
2026-06-02 17:55:00+00:00,ABEV3.SA,16.479999542236328,16.489999771118164,16.469999313354492,16.489999771118164,82900
2026-06-02 18:00:00+00:00,ABEV3.SA,16.479999542236328,16.5,16.479999542236328,16.479999542236328,144100
2026-06-02 18:05:00+00:00,ABEV3.SA,16.479999542236328,16.489999771118164,16.479999542236328,16.479999542236328,77000
2026-06-02 18:10:00+00:00,ABEV3.SA,16.489999771118164,16.489999771118164,16.459999084472656,16.469999313354492,234800
2026-06-02 18:15:00+00:00,ABEV3.SA,16.469999313354492,16.469999313354492,16.440000534057617,16.459999084472656,588000
2026-06-02 18:20:00+00:00,ABEV3.SA,16.450000762939453,16.469999313354492,16.450000762939453,16.469999313354492,80900
2026-06-02 18:25:00+00:00,ABEV3.SA,16.459999084472656,16.469999313354492,16.459999084472656,16.469999313354492,59200
2026-06-02 18:30:00+00:00,ABEV3.SA,16.469999313354492,16.5,16.459999084472656,16.5,475600
2026-06-02 18:35:00+00:00,ABEV3.SA,16.5,16.5,16.469999313354492,16.469999313354492,86100
2026-06-02 18:40:00+00:00,ABEV3.SA,16.479999542236328,16.479999542236328,16.459999084472656,16.459999084472656,109600
2026-06-02 18:45:00+00:00,ABEV3.SA,16.459999084472656,16.479999542236328,16.459999084472656,16.469999313354492,92400
2026-06-02 18:50:00+00:00,ABEV3.SA,16.459999084472656,16.469999313354492,16.450000762939453,16.469999313354492,64500
2026-06-02 18:55:00+00:00,ABEV3.SA,16.459999084472656,16.479999542236328,16.459999084472656,16.479999542236328,121800
2026-06-02 19:00:00+00:00,ABEV3.SA,16.479999542236328,16.489999771118164,16.469999313354492,16.469999313354492,96600
2026-06-02 19:05:00+00:00,ABEV3.SA,16.469999313354492,16.489999771118164,16.459999084472656,16.459999084472656,172300
2026-06-02 19:10:00+00:00,ABEV3.SA,16.459999084472656,16.469999313354492,16.450000762939453,16.459999084472656,139500
2026-06-02 19:15:00+00:00,ABEV3.SA,16.450000762939453,16.459999084472656,16.440000534057617,16.440000534057617,135200
2026-06-02 19:20:00+00:00,ABEV3.SA,16.440000534057617,16.459999084472656,16.440000534057617,16.440000534057617,152600
2026-06-02 19:25:00+00:00,ABEV3.SA,16.440000534057617,16.459999084472656,16.440000534057617,16.450000762939453,141500
2026-06-02 19:30:00+00:00,ABEV3.SA,16.459999084472656,16.469999313354492,16.450000762939453,16.459999084472656,251800
2026-06-02 19:35:00+00:00,ABEV3.SA,16.459999084472656,16.469999313354492,16.440000534057617,16.459999084472656,184300
2026-06-02 19:40:00+00:00,ABEV3.SA,16.450000762939453,16.469999313354492,16.440000534057617,16.459999084472656,277400
2026-06-02 19:45:00+00:00,ABEV3.SA,16.450000762939453,16.459999084472656,16.440000534057617,16.450000762939453,208700
2026-06-02 19:50:00+00:00,ABEV3.SA,16.450000762939453,16.469999313354492,16.420000076293945,16.420000076293945,318400
2026-06-03 13:00:00+00:00,ABEV3.SA,16.219999313354492,16.31999969482422,16.219999313354492,16.290000915527344,0
2026-06-03 13:05:00+00:00,ABEV3.SA,16.299999237060547,16.299999237060547,16.219999313354492,16.239999771118164,206800
2026-06-03 13:10:00+00:00,ABEV3.SA,16.229999542236328,16.280000686645508,16.209999084472656,16.219999313354492,360000
2026-06-03 13:15:00+00:00,ABEV3.SA,16.219999313354492,16.239999771118164,16.15999984741211,16.170000076293945,144400
2026-06-03 13:20:00+00:00,ABEV3.SA,16.170000076293945,16.200000762939453,16.1299991607666,16.139999389648438,490100
2026-06-03 13:25:00+00:00,ABEV3.SA,16.149999618530273,16.200000762939453,16.149999618530273,16.170000076293945,448800
2026-06-03 13:30:00+00:00,ABEV3.SA,16.170000076293945,16.25,16.170000076293945,16.219999313354492,730200
2026-06-03 13:35:00+00:00,ABEV3.SA,16.219999313354492,16.229999542236328,16.18000030517578,16.18000030517578,251400
2026-06-03 13:40:00+00:00,ABEV3.SA,16.190000534057617,16.200000762939453,16.170000076293945,16.18000030517578,284500
2026-06-03 13:45:00+00:00,ABEV3.SA,16.170000076293945,16.200000762939453,16.170000076293945,16.190000534057617,314300
2026-06-03 13:50:00+00:00,ABEV3.SA,16.190000534057617,16.209999084472656,16.149999618530273,16.209999084472656,557900
2026-06-03 13:55:00+00:00,ABEV3.SA,16.209999084472656,16.260000228881836,16.209999084472656,16.25,462300
2026-06-03 14:00:00+00:00,ABEV3.SA,16.239999771118164,16.270000457763672,16.219999313354492,16.239999771118164,471500
2026-06-03 14:05:00+00:00,ABEV3.SA,16.229999542236328,16.229999542236328,16.139999389648438,16.139999389648438,421600
2026-06-03 14:10:00+00:00,ABEV3.SA,16.139999389648438,16.190000534057617,16.09000015258789,16.190000534057617,778500
2026-06-03 14:15:00+00:00,ABEV3.SA,16.190000534057617,16.229999542236328,16.15999984741211,16.18000030517578,181200
2026-06-03 14:20:00+00:00,ABEV3.SA,16.170000076293945,16.170000076293945,16.149999618530273,16.15999984741211,179900
2026-06-03 14:25:00+00:00,ABEV3.SA,16.18000030517578,16.200000762939453,16.149999618530273,16.190000534057617,156000
2026-06-03 14:30:00+00:00,ABEV3.SA,16.190000534057617,16.219999313354492,16.18000030517578,16.209999084472656,98300
2026-06-03 14:35:00+00:00,ABEV3.SA,16.219999313354492,16.25,16.209999084472656,16.219999313354492,444800
2026-06-03 14:40:00+00:00,ABEV3.SA,16.219999313354492,16.219999313354492,16.18000030517578,16.200000762939453,143900
2026-06-03 14:45:00+00:00,ABEV3.SA,16.190000534057617,16.219999313354492,16.18000030517578,16.200000762939453,203800
2026-06-03 14:50:00+00:00,ABEV3.SA,16.190000534057617,16.229999542236328,16.190000534057617,16.209999084472656,234600
2026-06-03 14:55:00+00:00,ABEV3.SA,16.209999084472656,16.239999771118164,16.209999084472656,16.229999542236328,162800
2026-06-03 15:00:00+00:00,ABEV3.SA,16.229999542236328,16.260000228881836,16.219999313354492,16.239999771118164,88800
2026-06-03 15:05:00+00:00,ABEV3.SA,16.239999771118164,16.25,16.219999313354492,16.229999542236328,75700
2026-06-03 15:10:00+00:00,ABEV3.SA,16.239999771118164,16.239999771118164,16.209999084472656,16.219999313354492,235800
2026-06-03 15:15:00+00:00,ABEV3.SA,16.209999084472656,16.260000228881836,16.209999084472656,16.239999771118164,124100
2026-06-03 15:20:00+00:00,ABEV3.SA,16.239999771118164,16.25,16.229999542236328,16.25,101000
2026-06-03 15:25:00+00:00,ABEV3.SA,16.25,16.260000228881836,16.239999771118164,16.25,63000
2026-06-03 15:30:00+00:00,ABEV3.SA,16.260000228881836,16.260000228881836,16.219999313354492,16.229999542236328,151100
2026-06-03 15:35:00+00:00,ABEV3.SA,16.219999313354492,16.239999771118164,16.209999084472656,16.219999313354492,127700
2026-06-03 15:40:00+00:00,ABEV3.SA,16.229999542236328,16.239999771118164,16.219999313354492,16.219999313354492,89600
2026-06-03 15:45:00+00:00,ABEV3.SA,16.219999313354492,16.25,16.219999313354492,16.239999771118164,181100
2026-06-03 15:50:00+00:00,ABEV3.SA,16.239999771118164,16.239999771118164,16.219999313354492,16.219999313354492,109600
2026-06-03 15:55:00+00:00,ABEV3.SA,16.229999542236328,16.239999771118164,16.209999084472656,16.229999542236328,104100
2026-06-03 16:00:00+00:00,ABEV3.SA,16.229999542236328,16.229999542236328,16.200000762939453,16.209999084472656,84700
2026-06-03 16:05:00+00:00,ABEV3.SA,16.219999313354492,16.219999313354492,16.200000762939453,16.209999084472656,169500
2026-06-03 16:10:00+00:00,ABEV3.SA,16.200000762939453,16.219999313354492,16.190000534057617,16.209999084472656,127600
2026-06-03 16:15:00+00:00,ABEV3.SA,16.219999313354492,16.219999313354492,16.18000030517578,16.200000762939453,161600
2026-06-03 16:20:00+00:00,ABEV3.SA,16.200000762939453,16.219999313354492,16.190000534057617,16.209999084472656,212400
2026-06-03 16:25:00+00:00,ABEV3.SA,16.209999084472656,16.209999084472656,16.170000076293945,16.190000534057617,159500
2026-06-03 16:30:00+00:00,ABEV3.SA,16.190000534057617,16.200000762939453,16.18000030517578,16.18000030517578,117800
2026-06-03 16:35:00+00:00,ABEV3.SA,16.18000030517578,16.200000762939453,16.18000030517578,16.190000534057617,218900
2026-06-03 16:40:00+00:00,ABEV3.SA,16.18000030517578,16.200000762939453,16.18000030517578,16.190000534057617,236700
2026-06-03 16:45:00+00:00,ABEV3.SA,16.200000762939453,16.200000762939453,16.18000030517578,16.200000762939453,134700
2026-06-03 16:50:00+00:00,ABEV3.SA,16.200000762939453,16.200000762939453,16.15999984741211,16.18000030517578,235600
2026-06-03 16:55:00+00:00,ABEV3.SA,16.170000076293945,16.190000534057617,16.15999984741211,16.170000076293945,204800
2026-06-03 17:00:00+00:00,ABEV3.SA,16.15999984741211,16.18000030517578,16.149999618530273,16.170000076293945,437400
2026-06-03 17:05:00+00:00,ABEV3.SA,16.170000076293945,16.219999313354492,16.15999984741211,16.219999313354492,368200
2026-06-03 17:10:00+00:00,ABEV3.SA,16.209999084472656,16.219999313354492,16.200000762939453,16.200000762939453,69800
2026-06-03 17:15:00+00:00,ABEV3.SA,16.200000762939453,16.200000762939453,16.190000534057617,16.200000762939453,247900
2026-06-03 17:20:00+00:00,ABEV3.SA,16.200000762939453,16.219999313354492,16.190000534057617,16.219999313354492,220100
2026-06-03 17:25:00+00:00,ABEV3.SA,16.219999313354492,16.219999313354492,16.200000762939453,16.200000762939453,120200
2026-06-03 17:30:00+00:00,ABEV3.SA,16.209999084472656,16.219999313354492,16.200000762939453,16.219999313354492,149100
2026-06-03 17:35:00+00:00,ABEV3.SA,16.219999313354492,16.219999313354492,16.200000762939453,16.219999313354492,208600
2026-06-03 17:40:00+00:00,ABEV3.SA,16.219999313354492,16.229999542236328,16.209999084472656,16.229999542236328,168200
2026-06-03 17:45:00+00:00,ABEV3.SA,16.219999313354492,16.229999542236328,16.190000534057617,16.209999084472656,259800
2026-06-03 17:50:00+00:00,ABEV3.SA,16.209999084472656,16.209999084472656,16.170000076293945,16.170000076293945,211200
2026-06-03 17:55:00+00:00,ABEV3.SA,16.18000030517578,16.18000030517578,16.15999984741211,16.18000030517578,238500
2026-06-03 18:00:00+00:00,ABEV3.SA,16.18000030517578,16.190000534057617,16.170000076293945,16.18000030517578,79800
2026-06-03 18:05:00+00:00,ABEV3.SA,16.18000030517578,16.190000534057617,16.15999984741211,16.170000076293945,271700
2026-06-03 18:10:00+00:00,ABEV3.SA,16.170000076293945,16.18000030517578,16.149999618530273,16.15999984741211,438400
2026-06-03 18:15:00+00:00,ABEV3.SA,16.170000076293945,16.18000030517578,16.149999618530273,16.18000030517578,254100
2026-06-03 18:20:00+00:00,ABEV3.SA,16.170000076293945,16.18000030517578,16.149999618530273,16.15999984741211,204000
2026-06-03 18:25:00+00:00,ABEV3.SA,16.15999984741211,16.170000076293945,16.149999618530273,16.15999984741211,83700
2026-06-03 18:30:00+00:00,ABEV3.SA,16.15999984741211,16.170000076293945,16.139999389648438,16.139999389648438,257800
2026-06-03 18:35:00+00:00,ABEV3.SA,16.149999618530273,16.149999618530273,16.1200008392334,16.139999389648438,427700
2026-06-03 18:40:00+00:00,ABEV3.SA,16.1299991607666,16.149999618530273,16.1200008392334,16.1299991607666,230600
2026-06-03 18:45:00+00:00,ABEV3.SA,16.139999389648438,16.149999618530273,16.1299991607666,16.139999389648438,80300
2026-06-03 18:50:00+00:00,ABEV3.SA,16.139999389648438,16.15999984741211,16.1299991607666,16.15999984741211,200700
2026-06-03 18:55:00+00:00,ABEV3.SA,16.15999984741211,16.15999984741211,16.139999389648438,16.149999618530273,136400
2026-06-03 19:00:00+00:00,ABEV3.SA,16.149999618530273,16.149999618530273,16.1299991607666,16.139999389648438,113700
2026-06-03 19:05:00+00:00,ABEV3.SA,16.139999389648438,16.139999389648438,16.1299991607666,16.139999389648438,135100
2026-06-03 19:10:00+00:00,ABEV3.SA,16.139999389648438,16.139999389648438,16.110000610351562,16.1299991607666,191900
2026-06-03 19:15:00+00:00,ABEV3.SA,16.1299991607666,16.139999389648438,16.1200008392334,16.139999389648438,117700
2026-06-03 19:20:00+00:00,ABEV3.SA,16.1299991607666,16.139999389648438,16.110000610351562,16.1200008392334,307600
2026-06-03 19:25:00+00:00,ABEV3.SA,16.1299991607666,16.139999389648438,16.100000381469727,16.110000610351562,433500
2026-06-03 19:30:00+00:00,ABEV3.SA,16.100000381469727,16.1200008392334,16.100000381469727,16.100000381469727,296400
2026-06-03 19:35:00+00:00,ABEV3.SA,16.110000610351562,16.1200008392334,16.09000015258789,16.09000015258789,411300
2026-06-03 19:40:00+00:00,ABEV3.SA,16.100000381469727,16.100000381469727,16.079999923706055,16.100000381469727,303700
2026-06-03 19:45:00+00:00,ABEV3.SA,16.100000381469727,16.110000610351562,16.059999465942383,16.079999923706055,714100
2026-06-03 19:50:00+00:00,ABEV3.SA,16.079999923706055,16.079999923706055,16.049999237060547,16.06999969482422,460800
2026-06-05 13:05:00+00:00,ABEV3.SA,16.040000915527344,16.06999969482422,15.979999542236328,15.989999771118164,99000
2026-06-05 13:10:00+00:00,ABEV3.SA,16.010000228881836,16.059999465942383,16.0,16.0,208800
2026-06-05 13:15:00+00:00,ABEV3.SA,16.010000228881836,16.040000915527344,16.0,16.020000457763672,162300
2026-06-05 13:20:00+00:00,ABEV3.SA,16.020000457763672,16.06999969482422,16.020000457763672,16.030000686645508,277900
2026-06-05 13:25:00+00:00,ABEV3.SA,16.030000686645508,16.049999237060547,15.949999809265137,15.979999542236328,325600
2026-06-05 13:30:00+00:00,ABEV3.SA,15.979999542236328,16.079999923706055,15.970000267028809,16.079999923706055,525800
2026-06-05 13:35:00+00:00,ABEV3.SA,16.06999969482422,16.100000381469727,16.049999237060547,16.049999237060547,392600
2026-06-05 13:40:00+00:00,ABEV3.SA,16.059999465942383,16.139999389648438,16.049999237060547,16.139999389648438,242400
2026-06-05 13:45:00+00:00,ABEV3.SA,16.1299991607666,16.15999984741211,16.09000015258789,16.09000015258789,211400
2026-06-05 13:50:00+00:00,ABEV3.SA,16.09000015258789,16.170000076293945,16.09000015258789,16.170000076293945,558700
2026-06-05 13:55:00+00:00,ABEV3.SA,16.170000076293945,16.170000076293945,16.1200008392334,16.1200008392334,178600
2026-06-05 14:00:00+00:00,ABEV3.SA,16.1299991607666,16.170000076293945,16.1200008392334,16.15999984741211,115800
2026-06-05 14:05:00+00:00,ABEV3.SA,16.149999618530273,16.170000076293945,16.1200008392334,16.1299991607666,113300
2026-06-05 14:10:00+00:00,ABEV3.SA,16.139999389648438,16.149999618530273,16.100000381469727,16.110000610351562,95800
2026-06-05 14:15:00+00:00,ABEV3.SA,16.1200008392334,16.1200008392334,16.079999923706055,16.09000015258789,66800
2026-06-05 14:20:00+00:00,ABEV3.SA,16.09000015258789,16.110000610351562,16.040000915527344,16.059999465942383,133800
2026-06-05 14:25:00+00:00,ABEV3.SA,16.049999237060547,16.079999923706055,16.049999237060547,16.06999969482422,60900
2026-06-05 14:30:00+00:00,ABEV3.SA,16.06999969482422,16.139999389648438,16.06999969482422,16.1299991607666,263100
2026-06-05 14:35:00+00:00,ABEV3.SA,16.1299991607666,16.139999389648438,16.09000015258789,16.09000015258789,244000
2026-06-05 14:40:00+00:00,ABEV3.SA,16.100000381469727,16.1200008392334,16.09000015258789,16.100000381469727,81100
2026-06-05 14:45:00+00:00,ABEV3.SA,16.110000610351562,16.1299991607666,16.09000015258789,16.110000610351562,243600
2026-06-05 14:50:00+00:00,ABEV3.SA,16.110000610351562,16.1299991607666,16.110000610351562,16.110000610351562,67200
2026-06-05 14:55:00+00:00,ABEV3.SA,16.110000610351562,16.1200008392334,16.100000381469727,16.100000381469727,54100
2026-06-05 15:00:00+00:00,ABEV3.SA,16.110000610351562,16.1200008392334,16.100000381469727,16.100000381469727,70300
2026-06-05 15:05:00+00:00,ABEV3.SA,16.100000381469727,16.1299991607666,16.100000381469727,16.1299991607666,50800
2026-06-05 15:10:00+00:00,ABEV3.SA,16.1200008392334,16.15999984741211,16.1200008392334,16.1299991607666,175500
2026-06-05 15:15:00+00:00,ABEV3.SA,16.139999389648438,16.15999984741211,16.1299991607666,16.15999984741211,74500
2026-06-05 15:20:00+00:00,ABEV3.SA,16.15999984741211,16.170000076293945,16.149999618530273,16.170000076293945,134200
2026-06-05 15:25:00+00:00,ABEV3.SA,16.15999984741211,16.18000030517578,16.149999618530273,16.18000030517578,227100
2026-06-05 15:30:00+00:00,ABEV3.SA,16.18000030517578,16.190000534057617,16.15999984741211,16.170000076293945,257800
2026-06-05 15:35:00+00:00,ABEV3.SA,16.15999984741211,16.170000076293945,16.1299991607666,16.149999618530273,274900
2026-06-05 15:40:00+00:00,ABEV3.SA,16.149999618530273,16.15999984741211,16.1299991607666,16.139999389648438,227800
2026-06-05 15:45:00+00:00,ABEV3.SA,16.139999389648438,16.170000076293945,16.1299991607666,16.15999984741211,196200
2026-06-05 15:50:00+00:00,ABEV3.SA,16.170000076293945,16.170000076293945,16.139999389648438,16.139999389648438,358900
2026-06-05 15:55:00+00:00,ABEV3.SA,16.139999389648438,16.149999618530273,16.1299991607666,16.149999618530273,139400
2026-06-05 16:00:00+00:00,ABEV3.SA,16.139999389648438,16.15999984741211,16.1299991607666,16.139999389648438,212400
2026-06-05 16:05:00+00:00,ABEV3.SA,16.139999389648438,16.170000076293945,16.1299991607666,16.149999618530273,176100
2026-06-05 16:10:00+00:00,ABEV3.SA,16.149999618530273,16.170000076293945,16.149999618530273,16.149999618530273,288400
2026-06-05 16:15:00+00:00,ABEV3.SA,16.149999618530273,16.170000076293945,16.139999389648438,16.149999618530273,208900
2026-06-05 16:20:00+00:00,ABEV3.SA,16.15999984741211,16.15999984741211,16.139999389648438,16.149999618530273,227500
2026-06-05 16:25:00+00:00,ABEV3.SA,16.139999389648438,16.15999984741211,16.139999389648438,16.149999618530273,125200
2026-06-05 16:30:00+00:00,ABEV3.SA,16.139999389648438,16.15999984741211,16.1299991607666,16.139999389648438,209000
2026-06-05 16:35:00+00:00,ABEV3.SA,16.1299991607666,16.149999618530273,16.1299991607666,16.139999389648438,184600
2026-06-05 16:40:00+00:00,ABEV3.SA,16.1299991607666,16.139999389648438,16.1200008392334,16.139999389648438,192500
2026-06-05 16:45:00+00:00,ABEV3.SA,16.1299991607666,16.149999618530273,16.1299991607666,16.139999389648438,137400
2026-06-05 16:50:00+00:00,ABEV3.SA,16.1299991607666,16.149999618530273,16.110000610351562,16.1200008392334,206000
2026-06-05 16:55:00+00:00,ABEV3.SA,16.1299991607666,16.149999618530273,16.1200008392334,16.1299991607666,268500
2026-06-05 17:00:00+00:00,ABEV3.SA,16.1299991607666,16.139999389648438,16.1200008392334,16.1200008392334,172200
2026-06-05 17:05:00+00:00,ABEV3.SA,16.1200008392334,16.1299991607666,16.100000381469727,16.1200008392334,194400
2026-06-05 17:10:00+00:00,ABEV3.SA,16.1200008392334,16.1200008392334,16.100000381469727,16.110000610351562,234000
2026-06-05 17:15:00+00:00,ABEV3.SA,16.110000610351562,16.110000610351562,16.100000381469727,16.110000610351562,150700
2026-06-05 17:20:00+00:00,ABEV3.SA,16.110000610351562,16.1200008392334,16.100000381469727,16.1200008392334,150100
2026-06-05 17:25:00+00:00,ABEV3.SA,16.110000610351562,16.1299991607666,16.100000381469727,16.1200008392334,203900
2026-06-05 17:30:00+00:00,ABEV3.SA,16.1299991607666,16.149999618530273,16.1200008392334,16.139999389648438,166100
2026-06-05 17:35:00+00:00,ABEV3.SA,16.139999389648438,16.170000076293945,16.110000610351562,16.15999984741211,559600
2026-06-05 17:40:00+00:00,ABEV3.SA,16.15999984741211,16.209999084472656,16.149999618530273,16.209999084472656,246200
2026-06-05 17:45:00+00:00,ABEV3.SA,16.209999084472656,16.219999313354492,16.190000534057617,16.209999084472656,307300
2026-06-05 17:50:00+00:00,ABEV3.SA,16.209999084472656,16.209999084472656,16.190000534057617,16.209999084472656,216300
2026-06-05 17:55:00+00:00,ABEV3.SA,16.209999084472656,16.219999313354492,16.200000762939453,16.209999084472656,251800
2026-06-05 18:00:00+00:00,ABEV3.SA,16.209999084472656,16.219999313354492,16.190000534057617,16.200000762939453,508700
2026-06-05 18:05:00+00:00,ABEV3.SA,16.209999084472656,16.219999313354492,16.200000762939453,16.219999313354492,223500
2026-06-05 18:10:00+00:00,ABEV3.SA,16.209999084472656,16.229999542236328,16.209999084472656,16.219999313354492,296300
2026-06-05 18:15:00+00:00,ABEV3.SA,16.209999084472656,16.219999313354492,16.209999084472656,16.219999313354492,250600
2026-06-05 18:20:00+00:00,ABEV3.SA,16.219999313354492,16.239999771118164,16.200000762939453,16.200000762939453,433300
2026-06-05 18:25:00+00:00,ABEV3.SA,16.200000762939453,16.219999313354492,16.200000762939453,16.219999313354492,294300
2026-06-05 18:30:00+00:00,ABEV3.SA,16.219999313354492,16.239999771118164,16.209999084472656,16.229999542236328,272400
2026-06-05 18:35:00+00:00,ABEV3.SA,16.229999542236328,16.239999771118164,16.219999313354492,16.229999542236328,272500
2026-06-05 18:40:00+00:00,ABEV3.SA,16.219999313354492,16.239999771118164,16.209999084472656,16.239999771118164,394700
2026-06-05 18:45:00+00:00,ABEV3.SA,16.239999771118164,16.260000228881836,16.219999313354492,16.260000228881836,337000
2026-06-05 18:50:00+00:00,ABEV3.SA,16.25,16.260000228881836,16.229999542236328,16.229999542236328,335100
2026-06-05 18:55:00+00:00,ABEV3.SA,16.229999542236328,16.239999771118164,16.200000762939453,16.219999313354492,347700
2026-06-05 19:00:00+00:00,ABEV3.SA,16.200000762939453,16.200000762939453,16.170000076293945,16.18000030517578,206000
2026-06-05 19:05:00+00:00,ABEV3.SA,16.18000030517578,16.18000030517578,16.15999984741211,16.18000030517578,279800
2026-06-05 19:10:00+00:00,ABEV3.SA,16.18000030517578,16.18000030517578,16.15999984741211,16.18000030517578,191900
2026-06-05 19:15:00+00:00,ABEV3.SA,16.170000076293945,16.18000030517578,16.15999984741211,16.170000076293945,233200
2026-06-05 19:20:00+00:00,ABEV3.SA,16.15999984741211,16.170000076293945,16.149999618530273,16.170000076293945,200000
2026-06-05 19:25:00+00:00,ABEV3.SA,16.170000076293945,16.18000030517578,16.149999618530273,16.170000076293945,389400
2026-06-05 19:30:00+00:00,ABEV3.SA,16.18000030517578,16.18000030517578,16.1299991607666,16.1299991607666,368600
2026-06-05 19:35:00+00:00,ABEV3.SA,16.139999389648438,16.15999984741211,16.1299991607666,16.15999984741211,299400
2026-06-05 19:40:00+00:00,ABEV3.SA,16.149999618530273,16.170000076293945,16.139999389648438,16.139999389648438,334000
2026-06-05 19:45:00+00:00,ABEV3.SA,16.139999389648438,16.15999984741211,16.139999389648438,16.15999984741211,226100
2026-06-05 19:50:00+00:00,ABEV3.SA,16.15999984741211,16.219999313354492,16.1299991607666,16.209999084472656,754600
2026-06-08 13:00:00+00:00,ABEV3.SA,16.110000610351562,16.229999542236328,16.110000610351562,16.170000076293945,0
2026-06-08 13:05:00+00:00,ABEV3.SA,16.18000030517578,16.209999084472656,16.15999984741211,16.200000762939453,203400
2026-06-08 13:10:00+00:00,ABEV3.SA,16.190000534057617,16.200000762939453,16.149999618530273,16.200000762939453,168900
2026-06-08 13:15:00+00:00,ABEV3.SA,16.190000534057617,16.200000762939453,16.1200008392334,16.139999389648438,164100
2026-06-08 13:20:00+00:00,ABEV3.SA,16.139999389648438,16.149999618530273,16.110000610351562,16.139999389648438,78200
2026-06-08 13:25:00+00:00,ABEV3.SA,16.139999389648438,16.139999389648438,16.110000610351562,16.1299991607666,50500
2026-06-08 13:30:00+00:00,ABEV3.SA,16.1200008392334,16.170000076293945,16.1200008392334,16.1200008392334,142300
2026-06-08 13:35:00+00:00,ABEV3.SA,16.1299991607666,16.139999389648438,16.100000381469727,16.1299991607666,113800
2026-06-08 13:40:00+00:00,ABEV3.SA,16.1299991607666,16.139999389648438,16.030000686645508,16.040000915527344,217800
2026-06-08 13:45:00+00:00,ABEV3.SA,16.040000915527344,16.059999465942383,16.020000457763672,16.020000457763672,130500
2026-06-08 13:50:00+00:00,ABEV3.SA,16.030000686645508,16.100000381469727,16.010000228881836,16.09000015258789,402700
2026-06-08 13:55:00+00:00,ABEV3.SA,16.09000015258789,16.100000381469727,16.059999465942383,16.059999465942383,153100
2026-06-08 14:00:00+00:00,ABEV3.SA,16.06999969482422,16.079999923706055,16.049999237060547,16.059999465942383,131200
2026-06-08 14:05:00+00:00,ABEV3.SA,16.059999465942383,16.059999465942383,16.020000457763672,16.030000686645508,366500
2026-06-08 14:10:00+00:00,ABEV3.SA,16.030000686645508,16.059999465942383,16.020000457763672,16.040000915527344,222100
2026-06-08 14:15:00+00:00,ABEV3.SA,16.049999237060547,16.09000015258789,16.040000915527344,16.06999969482422,125200
2026-06-08 14:20:00+00:00,ABEV3.SA,16.079999923706055,16.09000015258789,16.06999969482422,16.06999969482422,142800
2026-06-08 14:25:00+00:00,ABEV3.SA,16.079999923706055,16.09000015258789,16.059999465942383,16.06999969482422,140000
2026-06-08 14:30:00+00:00,ABEV3.SA,16.06999969482422,16.079999923706055,16.040000915527344,16.059999465942383,227600
2026-06-08 14:35:00+00:00,ABEV3.SA,16.06999969482422,16.079999923706055,16.049999237060547,16.059999465942383,159500
2026-06-08 14:40:00+00:00,ABEV3.SA,16.049999237060547,16.100000381469727,16.049999237060547,16.100000381469727,190000
2026-06-08 14:45:00+00:00,ABEV3.SA,16.09000015258789,16.110000610351562,16.079999923706055,16.09000015258789,131700
2026-06-08 14:50:00+00:00,ABEV3.SA,16.079999923706055,16.09000015258789,16.030000686645508,16.040000915527344,395400
2026-06-08 14:55:00+00:00,ABEV3.SA,16.040000915527344,16.059999465942383,16.030000686645508,16.049999237060547,129500
2026-06-08 15:00:00+00:00,ABEV3.SA,16.049999237060547,16.09000015258789,16.049999237060547,16.06999969482422,384100
2026-06-08 15:05:00+00:00,ABEV3.SA,16.079999923706055,16.09000015258789,16.059999465942383,16.079999923706055,114000
2026-06-08 15:10:00+00:00,ABEV3.SA,16.079999923706055,16.09000015258789,16.059999465942383,16.059999465942383,207500
2026-06-08 15:15:00+00:00,ABEV3.SA,16.06999969482422,16.079999923706055,16.049999237060547,16.06999969482422,210000
2026-06-08 15:20:00+00:00,ABEV3.SA,16.06999969482422,16.079999923706055,16.059999465942383,16.059999465942383,123600
2026-06-08 15:25:00+00:00,ABEV3.SA,16.06999969482422,16.06999969482422,16.030000686645508,16.040000915527344,123900
2026-06-08 15:30:00+00:00,ABEV3.SA,16.040000915527344,16.040000915527344,16.020000457763672,16.020000457763672,129800
2026-06-08 15:35:00+00:00,ABEV3.SA,16.030000686645508,16.030000686645508,16.010000228881836,16.010000228881836,116200
2026-06-08 15:40:00+00:00,ABEV3.SA,16.010000228881836,16.020000457763672,15.989999771118164,16.0,172500
2026-06-08 15:45:00+00:00,ABEV3.SA,16.010000228881836,16.020000457763672,15.989999771118164,16.010000228881836,123500
2026-06-08 15:50:00+00:00,ABEV3.SA,16.010000228881836,16.030000686645508,16.010000228881836,16.020000457763672,198400
2026-06-08 15:55:00+00:00,ABEV3.SA,16.010000228881836,16.020000457763672,16.0,16.010000228881836,120700
2026-06-08 16:00:00+00:00,ABEV3.SA,16.0,16.010000228881836,15.989999771118164,16.010000228881836,62600
2026-06-08 16:05:00+00:00,ABEV3.SA,16.010000228881836,16.020000457763672,16.0,16.0,65100
2026-06-08 16:10:00+00:00,ABEV3.SA,16.0,16.020000457763672,15.979999542236328,16.020000457763672,216600
2026-06-08 16:15:00+00:00,ABEV3.SA,16.020000457763672,16.020000457763672,16.0,16.0,43500
2026-06-08 16:20:00+00:00,ABEV3.SA,16.010000228881836,16.010000228881836,15.989999771118164,16.0,68400
2026-06-08 16:25:00+00:00,ABEV3.SA,16.010000228881836,16.010000228881836,15.989999771118164,15.989999771118164,73400
2026-06-08 16:30:00+00:00,ABEV3.SA,15.989999771118164,16.0,15.979999542236328,15.979999542236328,40900
2026-06-08 16:35:00+00:00,ABEV3.SA,15.979999542236328,15.989999771118164,15.970000267028809,15.979999542236328,90200
2026-06-08 16:40:00+00:00,ABEV3.SA,15.970000267028809,15.989999771118164,15.960000038146973,15.979999542236328,189100
2026-06-08 16:45:00+00:00,ABEV3.SA,15.989999771118164,15.989999771118164,15.960000038146973,15.960000038146973,131300
2026-06-08 16:50:00+00:00,ABEV3.SA,15.960000038146973,15.970000267028809,15.949999809265137,15.960000038146973,124200
2026-06-08 16:55:00+00:00,ABEV3.SA,15.960000038146973,15.979999542236328,15.949999809265137,15.979999542236328,191800
2026-06-08 17:00:00+00:00,ABEV3.SA,15.970000267028809,16.0,15.949999809265137,16.0,397300
2026-06-08 17:05:00+00:00,ABEV3.SA,15.989999771118164,16.0,15.989999771118164,16.0,50000
2026-06-08 17:10:00+00:00,ABEV3.SA,15.989999771118164,16.0,15.979999542236328,15.989999771118164,118300
2026-06-08 17:15:00+00:00,ABEV3.SA,16.0,16.0,15.979999542236328,15.989999771118164,92900
2026-06-08 17:20:00+00:00,ABEV3.SA,15.989999771118164,16.0,15.979999542236328,16.0,63900
2026-06-08 17:25:00+00:00,ABEV3.SA,16.0,16.010000228881836,15.989999771118164,16.0,97200
2026-06-08 17:30:00+00:00,ABEV3.SA,15.989999771118164,16.010000228881836,15.989999771118164,15.989999771118164,89300
2026-06-08 17:35:00+00:00,ABEV3.SA,15.989999771118164,16.030000686645508,15.979999542236328,16.030000686645508,158200
2026-06-08 17:40:00+00:00,ABEV3.SA,16.020000457763672,16.079999923706055,16.020000457763672,16.06999969482422,634100
2026-06-08 17:45:00+00:00,ABEV3.SA,16.079999923706055,16.079999923706055,16.040000915527344,16.049999237060547,300100
2026-06-08 17:50:00+00:00,ABEV3.SA,16.040000915527344,16.049999237060547,16.030000686645508,16.030000686645508,123200
2026-06-08 17:55:00+00:00,ABEV3.SA,16.049999237060547,16.059999465942383,16.030000686645508,16.040000915527344,99600
2026-06-08 18:00:00+00:00,ABEV3.SA,16.040000915527344,16.049999237060547,16.040000915527344,16.040000915527344,161600
2026-06-08 18:05:00+00:00,ABEV3.SA,16.049999237060547,16.059999465942383,16.030000686645508,16.040000915527344,94700
2026-06-08 18:10:00+00:00,ABEV3.SA,16.030000686645508,16.049999237060547,16.010000228881836,16.020000457763672,172400
2026-06-08 18:15:00+00:00,ABEV3.SA,16.020000457763672,16.040000915527344,16.010000228881836,16.030000686645508,108800
2026-06-08 18:20:00+00:00,ABEV3.SA,16.020000457763672,16.040000915527344,16.020000457763672,16.030000686645508,163800
2026-06-08 18:25:00+00:00,ABEV3.SA,16.040000915527344,16.079999923706055,16.030000686645508,16.079999923706055,805400
2026-06-08 18:30:00+00:00,ABEV3.SA,16.079999923706055,16.079999923706055,16.06999969482422,16.079999923706055,133700
2026-06-08 18:35:00+00:00,ABEV3.SA,16.079999923706055,16.079999923706055,16.049999237060547,16.059999465942383,198200
2026-06-08 18:40:00+00:00,ABEV3.SA,16.059999465942383,16.079999923706055,16.059999465942383,16.06999969482422,97400
2026-06-08 18:45:00+00:00,ABEV3.SA,16.059999465942383,16.06999969482422,16.049999237060547,16.059999465942383,121100
2026-06-08 18:50:00+00:00,ABEV3.SA,16.049999237060547,16.06999969482422,16.049999237060547,16.059999465942383,177200
2026-06-08 18:55:00+00:00,ABEV3.SA,16.06999969482422,16.06999969482422,16.059999465942383,16.06999969482422,119700
2026-06-08 19:00:00+00:00,ABEV3.SA,16.06999969482422,16.06999969482422,16.059999465942383,16.06999969482422,143900
2026-06-08 19:05:00+00:00,ABEV3.SA,16.06999969482422,16.06999969482422,16.059999465942383,16.06999969482422,181800
2026-06-08 19:10:00+00:00,ABEV3.SA,16.06999969482422,16.079999923706055,16.059999465942383,16.06999969482422,404800
2026-06-08 19:15:00+00:00,ABEV3.SA,16.06999969482422,16.06999969482422,16.049999237060547,16.059999465942383,285500
2026-06-08 19:20:00+00:00,ABEV3.SA,16.059999465942383,16.059999465942383,16.040000915527344,16.040000915527344,134400
2026-06-08 19:25:00+00:00,ABEV3.SA,16.049999237060547,16.059999465942383,16.040000915527344,16.049999237060547,165000
2026-06-08 19:30:00+00:00,ABEV3.SA,16.059999465942383,16.06999969482422,16.049999237060547,16.059999465942383,202200
2026-06-08 19:35:00+00:00,ABEV3.SA,16.059999465942383,16.06999969482422,16.049999237060547,16.059999465942383,184100
2026-06-08 19:40:00+00:00,ABEV3.SA,16.049999237060547,16.059999465942383,16.040000915527344,16.059999465942383,219000
2026-06-08 19:45:00+00:00,ABEV3.SA,16.059999465942383,16.06999969482422,16.049999237060547,16.059999465942383,229100
2026-06-08 19:50:00+00:00,ABEV3.SA,16.049999237060547,16.06999969482422,16.0,16.010000228881836,686600
2026-06-09 13:00:00+00:00,ABEV3.SA,16.219999313354492,16.329999923706055,16.200000762939453,16.270000457763672,0
2026-06-09 13:05:00+00:00,ABEV3.SA,16.270000457763672,16.350000381469727,16.190000534057617,16.200000762939453,1260600
2026-06-09 13:10:00+00:00,ABEV3.SA,16.219999313354492,16.260000228881836,16.190000534057617,16.219999313354492,303900
2026-06-09 13:15:00+00:00,ABEV3.SA,16.239999771118164,16.290000915527344,16.229999542236328,16.260000228881836,165400
2026-06-09 13:20:00+00:00,ABEV3.SA,16.260000228881836,16.280000686645508,16.229999542236328,16.25,368600
2026-06-09 13:25:00+00:00,ABEV3.SA,16.260000228881836,16.280000686645508,16.219999313354492,16.270000457763672,569800
2026-06-09 13:30:00+00:00,ABEV3.SA,16.270000457763672,16.31999969482422,16.260000228881836,16.299999237060547,480300
2026-06-09 13:35:00+00:00,ABEV3.SA,16.309999465942383,16.309999465942383,16.260000228881836,16.280000686645508,404800
2026-06-09 13:40:00+00:00,ABEV3.SA,16.280000686645508,16.290000915527344,16.209999084472656,16.219999313354492,579100
2026-06-09 13:45:00+00:00,ABEV3.SA,16.209999084472656,16.270000457763672,16.200000762939453,16.260000228881836,250600
2026-06-09 13:50:00+00:00,ABEV3.SA,16.25,16.280000686645508,16.239999771118164,16.260000228881836,111800
2026-06-09 13:55:00+00:00,ABEV3.SA,16.260000228881836,16.260000228881836,16.239999771118164,16.239999771118164,157300
2026-06-09 14:00:00+00:00,ABEV3.SA,16.239999771118164,16.290000915527344,16.239999771118164,16.25,168700
2026-06-09 14:05:00+00:00,ABEV3.SA,16.239999771118164,16.329999923706055,16.239999771118164,16.309999465942383,484000
2026-06-09 14:10:00+00:00,ABEV3.SA,16.329999923706055,16.34000015258789,16.31999969482422,16.34000015258789,334500
2026-06-09 14:15:00+00:00,ABEV3.SA,16.34000015258789,16.34000015258789,16.299999237060547,16.299999237060547,539400
2026-06-09 14:20:00+00:00,ABEV3.SA,16.299999237060547,16.329999923706055,16.290000915527344,16.31999969482422,197800
2026-06-09 14:25:00+00:00,ABEV3.SA,16.329999923706055,16.350000381469727,16.31999969482422,16.31999969482422,135300
2026-06-09 14:30:00+00:00,ABEV3.SA,16.329999923706055,16.34000015258789,16.309999465942383,16.329999923706055,152700
2026-06-09 14:35:00+00:00,ABEV3.SA,16.329999923706055,16.350000381469727,16.299999237060547,16.309999465942383,236200
2026-06-09 14:40:00+00:00,ABEV3.SA,16.31999969482422,16.31999969482422,16.280000686645508,16.290000915527344,217500
2026-06-09 14:45:00+00:00,ABEV3.SA,16.290000915527344,16.290000915527344,16.229999542236328,16.239999771118164,553800
2026-06-09 14:50:00+00:00,ABEV3.SA,16.25,16.260000228881836,16.229999542236328,16.25,209700
2026-06-09 14:55:00+00:00,ABEV3.SA,16.260000228881836,16.270000457763672,16.25,16.260000228881836,62100
2026-06-09 15:00:00+00:00,ABEV3.SA,16.260000228881836,16.290000915527344,16.260000228881836,16.280000686645508,151900
2026-06-09 15:05:00+00:00,ABEV3.SA,16.280000686645508,16.280000686645508,16.25,16.25,123700
2026-06-09 15:10:00+00:00,ABEV3.SA,16.260000228881836,16.260000228881836,16.239999771118164,16.25,283800
2026-06-09 15:15:00+00:00,ABEV3.SA,16.260000228881836,16.260000228881836,16.219999313354492,16.229999542236328,192900
2026-06-09 15:20:00+00:00,ABEV3.SA,16.229999542236328,16.239999771118164,16.229999542236328,16.229999542236328,151200
2026-06-09 15:25:00+00:00,ABEV3.SA,16.229999542236328,16.260000228881836,16.229999542236328,16.239999771118164,211600
2026-06-09 15:30:00+00:00,ABEV3.SA,16.239999771118164,16.260000228881836,16.209999084472656,16.209999084472656,182900
2026-06-09 15:35:00+00:00,ABEV3.SA,16.219999313354492,16.229999542236328,16.200000762939453,16.219999313354492,98400
2026-06-09 15:40:00+00:00,ABEV3.SA,16.219999313354492,16.239999771118164,16.209999084472656,16.209999084472656,88800
2026-06-09 15:45:00+00:00,ABEV3.SA,16.219999313354492,16.229999542236328,16.200000762939453,16.209999084472656,75400
2026-06-09 15:50:00+00:00,ABEV3.SA,16.219999313354492,16.239999771118164,16.209999084472656,16.219999313354492,103800
2026-06-09 15:55:00+00:00,ABEV3.SA,16.229999542236328,16.239999771118164,16.209999084472656,16.229999542236328,129400
2026-06-09 16:00:00+00:00,ABEV3.SA,16.229999542236328,16.270000457763672,16.219999313354492,16.25,225300
2026-06-09 16:05:00+00:00,ABEV3.SA,16.260000228881836,16.280000686645508,16.25,16.270000457763672,79300
2026-06-09 16:10:00+00:00,ABEV3.SA,16.270000457763672,16.290000915527344,16.260000228881836,16.280000686645508,87100
2026-06-09 16:15:00+00:00,ABEV3.SA,16.280000686645508,16.280000686645508,16.25,16.25,84200
2026-06-09 16:20:00+00:00,ABEV3.SA,16.25,16.270000457763672,16.25,16.25,67300
2026-06-09 16:25:00+00:00,ABEV3.SA,16.260000228881836,16.270000457763672,16.25,16.25,74600
2026-06-09 16:30:00+00:00,ABEV3.SA,16.25,16.260000228881836,16.239999771118164,16.260000228881836,50000
2026-06-09 16:35:00+00:00,ABEV3.SA,16.25,16.25,16.139999389648438,16.149999618530273,847200
2026-06-09 16:40:00+00:00,ABEV3.SA,16.139999389648438,16.170000076293945,16.139999389648438,16.15999984741211,279900
2026-06-09 16:45:00+00:00,ABEV3.SA,16.170000076293945,16.18000030517578,16.149999618530273,16.15999984741211,222500
2026-06-09 16:50:00+00:00,ABEV3.SA,16.15999984741211,16.170000076293945,16.139999389648438,16.139999389648438,141400
2026-06-09 16:55:00+00:00,ABEV3.SA,16.149999618530273,16.18000030517578,16.139999389648438,16.170000076293945,149300
2026-06-09 17:00:00+00:00,ABEV3.SA,16.170000076293945,16.190000534057617,16.170000076293945,16.170000076293945,94400
2026-06-09 17:05:00+00:00,ABEV3.SA,16.18000030517578,16.190000534057617,16.170000076293945,16.170000076293945,65900
2026-06-09 17:10:00+00:00,ABEV3.SA,16.170000076293945,16.190000534057617,16.170000076293945,16.18000030517578,119000
2026-06-09 17:15:00+00:00,ABEV3.SA,16.170000076293945,16.18000030517578,16.139999389648438,16.149999618530273,286900
2026-06-09 17:20:00+00:00,ABEV3.SA,16.149999618530273,16.170000076293945,16.149999618530273,16.15999984741211,109700
2026-06-09 17:25:00+00:00,ABEV3.SA,16.170000076293945,16.190000534057617,16.15999984741211,16.170000076293945,123500
2026-06-09 17:30:00+00:00,ABEV3.SA,16.170000076293945,16.18000030517578,16.15999984741211,16.15999984741211,100400
2026-06-09 17:35:00+00:00,ABEV3.SA,16.170000076293945,16.170000076293945,16.15999984741211,16.15999984741211,69000
2026-06-09 17:40:00+00:00,ABEV3.SA,16.170000076293945,16.170000076293945,16.149999618530273,16.149999618530273,152100
2026-06-09 17:45:00+00:00,ABEV3.SA,16.149999618530273,16.15999984741211,16.139999389648438,16.149999618530273,108800
2026-06-09 17:50:00+00:00,ABEV3.SA,16.149999618530273,16.15999984741211,16.139999389648438,16.149999618530273,215500
2026-06-09 17:55:00+00:00,ABEV3.SA,16.15999984741211,16.170000076293945,16.149999618530273,16.15999984741211,64100
2026-06-09 18:00:00+00:00,ABEV3.SA,16.149999618530273,16.170000076293945,16.149999618530273,16.170000076293945,192700
2026-06-09 18:05:00+00:00,ABEV3.SA,16.170000076293945,16.18000030517578,16.15999984741211,16.170000076293945,228100
2026-06-09 18:10:00+00:00,ABEV3.SA,16.15999984741211,16.170000076293945,16.149999618530273,16.170000076293945,59000
2026-06-09 18:15:00+00:00,ABEV3.SA,16.15999984741211,16.170000076293945,16.15999984741211,16.15999984741211,127200
2026-06-09 18:20:00+00:00,ABEV3.SA,16.170000076293945,16.170000076293945,16.149999618530273,16.170000076293945,199300
2026-06-09 18:25:00+00:00,ABEV3.SA,16.170000076293945,16.170000076293945,16.15999984741211,16.15999984741211,63000
2026-06-09 18:30:00+00:00,ABEV3.SA,16.15999984741211,16.18000030517578,16.15999984741211,16.170000076293945,293000
2026-06-09 18:35:00+00:00,ABEV3.SA,16.170000076293945,16.18000030517578,16.15999984741211,16.15999984741211,69900
2026-06-09 18:40:00+00:00,ABEV3.SA,16.15999984741211,16.170000076293945,16.139999389648438,16.149999618530273,141600
2026-06-09 18:45:00+00:00,ABEV3.SA,16.139999389648438,16.15999984741211,16.139999389648438,16.15999984741211,310500
2026-06-09 18:50:00+00:00,ABEV3.SA,16.149999618530273,16.18000030517578,16.149999618530273,16.18000030517578,577500
2026-06-09 18:55:00+00:00,ABEV3.SA,16.18000030517578,16.200000762939453,16.18000030517578,16.200000762939453,111900
2026-06-09 19:00:00+00:00,ABEV3.SA,16.190000534057617,16.200000762939453,16.18000030517578,16.18000030517578,121500
2026-06-09 19:05:00+00:00,ABEV3.SA,16.18000030517578,16.200000762939453,16.170000076293945,16.18000030517578,268300
2026-06-09 19:10:00+00:00,ABEV3.SA,16.190000534057617,16.190000534057617,16.15999984741211,16.15999984741211,283000
2026-06-09 19:15:00+00:00,ABEV3.SA,16.15999984741211,16.170000076293945,16.149999618530273,16.15999984741211,288000
2026-06-09 19:20:00+00:00,ABEV3.SA,16.149999618530273,16.15999984741211,16.139999389648438,16.139999389648438,270700
2026-06-09 19:25:00+00:00,ABEV3.SA,16.149999618530273,16.15999984741211,16.139999389648438,16.15999984741211,208700
2026-06-09 19:30:00+00:00,ABEV3.SA,16.15999984741211,16.170000076293945,16.139999389648438,16.139999389648438,247400
2026-06-09 19:35:00+00:00,ABEV3.SA,16.15999984741211,16.15999984741211,16.1299991607666,16.149999618530273,284100
2026-06-09 19:40:00+00:00,ABEV3.SA,16.139999389648438,16.15999984741211,16.1299991607666,16.149999618530273,384900
2026-06-09 19:45:00+00:00,ABEV3.SA,16.15999984741211,16.190000534057617,16.149999618530273,16.18000030517578,378200
2026-06-09 19:50:00+00:00,ABEV3.SA,16.190000534057617,16.190000534057617,16.170000076293945,16.190000534057617,283900
2026-06-10 13:00:00+00:00,ABEV3.SA,16.1299991607666,16.209999084472656,16.1299991607666,16.190000534057617,0
2026-06-10 13:05:00+00:00,ABEV3.SA,16.209999084472656,16.219999313354492,16.139999389648438,16.190000534057617,247600
2026-06-10 13:10:00+00:00,ABEV3.SA,16.200000762939453,16.200000762939453,16.18000030517578,16.200000762939453,463900
2026-06-10 13:15:00+00:00,ABEV3.SA,16.200000762939453,16.219999313354492,16.15999984741211,16.15999984741211,169900
2026-06-10 13:20:00+00:00,ABEV3.SA,16.149999618530273,16.170000076293945,16.1299991607666,16.15999984741211,200000
2026-06-10 13:25:00+00:00,ABEV3.SA,16.15999984741211,16.209999084472656,16.149999618530273,16.18000030517578,400500
2026-06-10 13:30:00+00:00,ABEV3.SA,16.18000030517578,16.25,16.18000030517578,16.25,355200
2026-06-10 13:35:00+00:00,ABEV3.SA,16.25,16.260000228881836,16.190000534057617,16.239999771118164,333600
2026-06-10 13:40:00+00:00,ABEV3.SA,16.239999771118164,16.270000457763672,16.219999313354492,16.239999771118164,390200
2026-06-10 13:45:00+00:00,ABEV3.SA,16.239999771118164,16.25,16.170000076293945,16.170000076293945,227400
2026-06-10 13:50:00+00:00,ABEV3.SA,16.170000076293945,16.200000762939453,16.15999984741211,16.190000534057617,213300
2026-06-10 13:55:00+00:00,ABEV3.SA,16.200000762939453,16.209999084472656,16.18000030517578,16.200000762939453,113000
2026-06-10 14:00:00+00:00,ABEV3.SA,16.200000762939453,16.229999542236328,16.149999618530273,16.170000076293945,691900
2026-06-10 14:05:00+00:00,ABEV3.SA,16.170000076293945,16.190000534057617,16.149999618530273,16.15999984741211,398200
2026-06-10 14:10:00+00:00,ABEV3.SA,16.15999984741211,16.190000534057617,16.149999618530273,16.149999618530273,216900
2026-06-10 14:15:00+00:00,ABEV3.SA,16.170000076293945,16.170000076293945,16.139999389648438,16.149999618530273,277000
2026-06-10 14:20:00+00:00,ABEV3.SA,16.15999984741211,16.170000076293945,16.149999618530273,16.15999984741211,272700
2026-06-10 14:25:00+00:00,ABEV3.SA,16.170000076293945,16.170000076293945,16.149999618530273,16.149999618530273,122600
2026-06-10 14:30:00+00:00,ABEV3.SA,16.15999984741211,16.170000076293945,16.1299991607666,16.149999618530273,208700
2026-06-10 14:35:00+00:00,ABEV3.SA,16.15999984741211,16.15999984741211,16.139999389648438,16.149999618530273,116100
2026-06-10 14:40:00+00:00,ABEV3.SA,16.139999389648438,16.18000030517578,16.139999389648438,16.170000076293945,174900
2026-06-10 14:45:00+00:00,ABEV3.SA,16.170000076293945,16.18000030517578,16.15999984741211,16.170000076293945,470000
2026-06-10 14:50:00+00:00,ABEV3.SA,16.18000030517578,16.209999084472656,16.170000076293945,16.200000762939453,156300
2026-06-10 14:55:00+00:00,ABEV3.SA,16.209999084472656,16.209999084472656,16.18000030517578,16.18000030517578,171500
2026-06-10 15:00:00+00:00,ABEV3.SA,16.18000030517578,16.209999084472656,16.18000030517578,16.200000762939453,66800
2026-06-10 15:05:00+00:00,ABEV3.SA,16.190000534057617,16.200000762939453,16.18000030517578,16.190000534057617,62600
2026-06-10 15:10:00+00:00,ABEV3.SA,16.18000030517578,16.209999084472656,16.18000030517578,16.190000534057617,144000
2026-06-10 15:15:00+00:00,ABEV3.SA,16.190000534057617,16.209999084472656,16.190000534057617,16.200000762939453,125200
2026-06-10 15:20:00+00:00,ABEV3.SA,16.200000762939453,16.25,16.190000534057617,16.25,114700
2026-06-10 15:25:00+00:00,ABEV3.SA,16.239999771118164,16.25,16.229999542236328,16.239999771118164,70000
2026-06-10 15:30:00+00:00,ABEV3.SA,16.229999542236328,16.239999771118164,16.219999313354492,16.239999771118164,141600
2026-06-10 15:35:00+00:00,ABEV3.SA,16.239999771118164,16.25,16.229999542236328,16.25,122000
2026-06-10 15:40:00+00:00,ABEV3.SA,16.239999771118164,16.25,16.209999084472656,16.219999313354492,246900
2026-06-10 15:45:00+00:00,ABEV3.SA,16.219999313354492,16.239999771118164,16.170000076293945,16.209999084472656,491900
2026-06-10 15:50:00+00:00,ABEV3.SA,16.209999084472656,16.219999313354492,16.190000534057617,16.219999313354492,181800
2026-06-10 15:55:00+00:00,ABEV3.SA,16.209999084472656,16.239999771118164,16.209999084472656,16.239999771118164,113600
2026-06-10 16:00:00+00:00,ABEV3.SA,16.239999771118164,16.239999771118164,16.219999313354492,16.229999542236328,83100
2026-06-10 16:05:00+00:00,ABEV3.SA,16.229999542236328,16.239999771118164,16.219999313354492,16.229999542236328,127300
2026-06-10 16:10:00+00:00,ABEV3.SA,16.219999313354492,16.239999771118164,16.209999084472656,16.229999542236328,93200
2026-06-10 16:15:00+00:00,ABEV3.SA,16.229999542236328,16.229999542236328,16.219999313354492,16.229999542236328,70800
2026-06-10 16:20:00+00:00,ABEV3.SA,16.219999313354492,16.239999771118164,16.219999313354492,16.229999542236328,144600
2026-06-10 16:25:00+00:00,ABEV3.SA,16.229999542236328,16.260000228881836,16.219999313354492,16.25,81100
2026-06-10 16:30:00+00:00,ABEV3.SA,16.239999771118164,16.25,16.209999084472656,16.219999313354492,172000
2026-06-10 16:35:00+00:00,ABEV3.SA,16.209999084472656,16.239999771118164,16.209999084472656,16.239999771118164,83500
2026-06-10 16:40:00+00:00,ABEV3.SA,16.229999542236328,16.229999542236328,16.219999313354492,16.229999542236328,70100
2026-06-10 16:45:00+00:00,ABEV3.SA,16.219999313354492,16.239999771118164,16.209999084472656,16.229999542236328,129100
2026-06-10 16:50:00+00:00,ABEV3.SA,16.219999313354492,16.239999771118164,16.219999313354492,16.229999542236328,82400
2026-06-10 16:55:00+00:00,ABEV3.SA,16.229999542236328,16.239999771118164,16.219999313354492,16.239999771118164,106200
2026-06-10 17:00:00+00:00,ABEV3.SA,16.229999542236328,16.25,16.219999313354492,16.25,137700
2026-06-10 17:05:00+00:00,ABEV3.SA,16.239999771118164,16.239999771118164,16.229999542236328,16.229999542236328,36400
2026-06-10 17:10:00+00:00,ABEV3.SA,16.229999542236328,16.239999771118164,16.209999084472656,16.209999084472656,76500
2026-06-10 17:15:00+00:00,ABEV3.SA,16.209999084472656,16.229999542236328,16.209999084472656,16.229999542236328,349300
2026-06-10 17:20:00+00:00,ABEV3.SA,16.219999313354492,16.25,16.219999313354492,16.229999542236328,142800
2026-06-10 17:25:00+00:00,ABEV3.SA,16.229999542236328,16.25,16.229999542236328,16.239999771118164,79800
2026-06-10 17:30:00+00:00,ABEV3.SA,16.229999542236328,16.239999771118164,16.209999084472656,16.219999313354492,170300
2026-06-10 17:35:00+00:00,ABEV3.SA,16.219999313354492,16.229999542236328,16.209999084472656,16.219999313354492,109700
2026-06-10 17:40:00+00:00,ABEV3.SA,16.209999084472656,16.219999313354492,16.209999084472656,16.219999313354492,101300
2026-06-10 17:45:00+00:00,ABEV3.SA,16.209999084472656,16.209999084472656,16.18000030517578,16.209999084472656,591200
2026-06-10 17:50:00+00:00,ABEV3.SA,16.200000762939453,16.219999313354492,16.190000534057617,16.209999084472656,190000
2026-06-10 17:55:00+00:00,ABEV3.SA,16.219999313354492,16.219999313354492,16.209999084472656,16.219999313354492,93400
2026-06-10 18:00:00+00:00,ABEV3.SA,16.209999084472656,16.239999771118164,16.209999084472656,16.239999771118164,96400
2026-06-10 18:05:00+00:00,ABEV3.SA,16.239999771118164,16.239999771118164,16.219999313354492,16.219999313354492,102000
2026-06-10 18:10:00+00:00,ABEV3.SA,16.219999313354492,16.229999542236328,16.219999313354492,16.229999542236328,92000
2026-06-10 18:15:00+00:00,ABEV3.SA,16.229999542236328,16.239999771118164,16.219999313354492,16.229999542236328,146900
2026-06-10 18:20:00+00:00,ABEV3.SA,16.219999313354492,16.239999771118164,16.219999313354492,16.229999542236328,118200
2026-06-10 18:25:00+00:00,ABEV3.SA,16.239999771118164,16.260000228881836,16.229999542236328,16.25,238100
2026-06-10 18:30:00+00:00,ABEV3.SA,16.239999771118164,16.260000228881836,16.239999771118164,16.25,167900
2026-06-10 18:35:00+00:00,ABEV3.SA,16.239999771118164,16.239999771118164,16.200000762939453,16.219999313354492,434300
2026-06-10 18:40:00+00:00,ABEV3.SA,16.209999084472656,16.219999313354492,16.200000762939453,16.200000762939453,135200
2026-06-10 18:45:00+00:00,ABEV3.SA,16.200000762939453,16.209999084472656,16.200000762939453,16.209999084472656,199300
2026-06-10 18:50:00+00:00,ABEV3.SA,16.200000762939453,16.219999313354492,16.190000534057617,16.219999313354492,296400
2026-06-10 18:55:00+00:00,ABEV3.SA,16.219999313354492,16.229999542236328,16.209999084472656,16.229999542236328,98000
2026-06-10 19:00:00+00:00,ABEV3.SA,16.229999542236328,16.229999542236328,16.200000762939453,16.219999313354492,169200
2026-06-10 19:05:00+00:00,ABEV3.SA,16.209999084472656,16.25,16.209999084472656,16.229999542236328,357500
2026-06-10 19:10:00+00:00,ABEV3.SA,16.229999542236328,16.25,16.229999542236328,16.25,143000
2026-06-10 19:15:00+00:00,ABEV3.SA,16.25,16.25,16.229999542236328,16.239999771118164,246900
2026-06-10 19:20:00+00:00,ABEV3.SA,16.229999542236328,16.239999771118164,16.209999084472656,16.209999084472656,376900
2026-06-10 19:25:00+00:00,ABEV3.SA,16.219999313354492,16.229999542236328,16.209999084472656,16.219999313354492,197200
2026-06-10 19:30:00+00:00,ABEV3.SA,16.229999542236328,16.25,16.219999313354492,16.239999771118164,258700
2026-06-10 19:35:00+00:00,ABEV3.SA,16.229999542236328,16.260000228881836,16.229999542236328,16.239999771118164,812000
2026-06-10 19:40:00+00:00,ABEV3.SA,16.229999542236328,16.25,16.229999542236328,16.229999542236328,271200
2026-06-10 19:45:00+00:00,ABEV3.SA,16.239999771118164,16.239999771118164,16.200000762939453,16.229999542236328,516900
2026-06-10 19:50:00+00:00,ABEV3.SA,16.209999084472656,16.219999313354492,16.18000030517578,16.209999084472656,1056700
2026-06-11 13:00:00+00:00,ABEV3.SA,16.219999313354492,16.25,16.190000534057617,16.25,0
2026-06-11 13:05:00+00:00,ABEV3.SA,16.25,16.31999969482422,16.219999313354492,16.299999237060547,182500
2026-06-11 13:10:00+00:00,ABEV3.SA,16.299999237060547,16.3799991607666,16.290000915527344,16.3799991607666,253100
2026-06-11 13:15:00+00:00,ABEV3.SA,16.3799991607666,16.459999084472656,16.3799991607666,16.420000076293945,251500
2026-06-11 13:20:00+00:00,ABEV3.SA,16.40999984741211,16.469999313354492,16.399999618530273,16.459999084472656,383900
2026-06-11 13:25:00+00:00,ABEV3.SA,16.450000762939453,16.479999542236328,16.440000534057617,16.450000762939453,240500
2026-06-11 13:30:00+00:00,ABEV3.SA,16.440000534057617,16.5,16.43000030517578,16.479999542236328,623300
2026-06-11 13:35:00+00:00,ABEV3.SA,16.479999542236328,16.5,16.469999313354492,16.5,253200
2026-06-11 13:40:00+00:00,ABEV3.SA,16.489999771118164,16.5,16.450000762939453,16.469999313354492,212900
2026-06-11 13:45:00+00:00,ABEV3.SA,16.469999313354492,16.510000228881836,16.440000534057617,16.450000762939453,305200
2026-06-11 13:50:00+00:00,ABEV3.SA,16.440000534057617,16.479999542236328,16.420000076293945,16.459999084472656,424600
2026-06-11 13:55:00+00:00,ABEV3.SA,16.459999084472656,16.479999542236328,16.450000762939453,16.459999084472656,134200
2026-06-11 14:00:00+00:00,ABEV3.SA,16.450000762939453,16.459999084472656,16.420000076293945,16.43000030517578,321300
2026-06-11 14:05:00+00:00,ABEV3.SA,16.420000076293945,16.5,16.420000076293945,16.459999084472656,343200
2026-06-11 14:10:00+00:00,ABEV3.SA,16.459999084472656,16.510000228881836,16.450000762939453,16.489999771118164,470900
2026-06-11 14:15:00+00:00,ABEV3.SA,16.479999542236328,16.5,16.450000762939453,16.459999084472656,462900
2026-06-11 14:20:00+00:00,ABEV3.SA,16.450000762939453,16.469999313354492,16.399999618530273,16.420000076293945,300500
2026-06-11 14:25:00+00:00,ABEV3.SA,16.40999984741211,16.420000076293945,16.3700008392334,16.3700008392334,231100
2026-06-11 14:30:00+00:00,ABEV3.SA,16.3799991607666,16.43000030517578,16.3700008392334,16.420000076293945,345000
2026-06-11 14:35:00+00:00,ABEV3.SA,16.420000076293945,16.440000534057617,16.3799991607666,16.389999389648438,198800
2026-06-11 14:40:00+00:00,ABEV3.SA,16.399999618530273,16.40999984741211,16.3700008392334,16.389999389648438,210700
2026-06-11 14:45:00+00:00,ABEV3.SA,16.3799991607666,16.389999389648438,16.329999923706055,16.360000610351562,745600
2026-06-11 14:50:00+00:00,ABEV3.SA,16.360000610351562,16.3700008392334,16.350000381469727,16.3700008392334,195200
2026-06-11 14:55:00+00:00,ABEV3.SA,16.360000610351562,16.3799991607666,16.360000610351562,16.360000610351562,185400
2026-06-11 15:00:00+00:00,ABEV3.SA,16.360000610351562,16.3799991607666,16.350000381469727,16.360000610351562,129800
2026-06-11 15:05:00+00:00,ABEV3.SA,16.360000610351562,16.399999618530273,16.360000610351562,16.389999389648438,163500
2026-06-11 15:10:00+00:00,ABEV3.SA,16.389999389648438,16.399999618530273,16.360000610351562,16.3700008392334,172700
2026-06-11 15:15:00+00:00,ABEV3.SA,16.3700008392334,16.389999389648438,16.3700008392334,16.3700008392334,103400
2026-06-11 15:20:00+00:00,ABEV3.SA,16.3799991607666,16.389999389648438,16.350000381469727,16.360000610351562,240700
2026-06-11 15:25:00+00:00,ABEV3.SA,16.350000381469727,16.360000610351562,16.329999923706055,16.350000381469727,204500
2026-06-11 15:30:00+00:00,ABEV3.SA,16.34000015258789,16.3700008392334,16.329999923706055,16.3700008392334,208600
2026-06-11 15:35:00+00:00,ABEV3.SA,16.3700008392334,16.3700008392334,16.34000015258789,16.34000015258789,182300
2026-06-11 15:40:00+00:00,ABEV3.SA,16.34000015258789,16.360000610351562,16.329999923706055,16.329999923706055,161500
2026-06-11 15:45:00+00:00,ABEV3.SA,16.329999923706055,16.350000381469727,16.329999923706055,16.329999923706055,182400
2026-06-11 15:50:00+00:00,ABEV3.SA,16.34000015258789,16.34000015258789,16.31999969482422,16.31999969482422,141000
2026-06-11 15:55:00+00:00,ABEV3.SA,16.31999969482422,16.329999923706055,16.309999465942383,16.329999923706055,210800
2026-06-11 16:00:00+00:00,ABEV3.SA,16.329999923706055,16.329999923706055,16.309999465942383,16.309999465942383,207700
2026-06-11 16:05:00+00:00,ABEV3.SA,16.31999969482422,16.31999969482422,16.309999465942383,16.309999465942383,75500
2026-06-11 16:10:00+00:00,ABEV3.SA,16.309999465942383,16.329999923706055,16.309999465942383,16.309999465942383,81900
2026-06-11 16:15:00+00:00,ABEV3.SA,16.31999969482422,16.329999923706055,16.309999465942383,16.309999465942383,191500
2026-06-11 16:20:00+00:00,ABEV3.SA,16.309999465942383,16.31999969482422,16.299999237060547,16.309999465942383,85900
2026-06-11 16:25:00+00:00,ABEV3.SA,16.309999465942383,16.31999969482422,16.299999237060547,16.299999237060547,81100
2026-06-11 16:30:00+00:00,ABEV3.SA,16.299999237060547,16.31999969482422,16.299999237060547,16.309999465942383,182700
2026-06-11 16:35:00+00:00,ABEV3.SA,16.309999465942383,16.31999969482422,16.309999465942383,16.309999465942383,70200
2026-06-11 16:40:00+00:00,ABEV3.SA,16.31999969482422,16.31999969482422,16.299999237060547,16.299999237060547,184500
2026-06-11 16:45:00+00:00,ABEV3.SA,16.299999237060547,16.329999923706055,16.299999237060547,16.309999465942383,225600
2026-06-11 16:50:00+00:00,ABEV3.SA,16.309999465942383,16.31999969482422,16.290000915527344,16.309999465942383,213900
2026-06-11 16:55:00+00:00,ABEV3.SA,16.309999465942383,16.329999923706055,16.309999465942383,16.31999969482422,121600
2026-06-11 17:00:00+00:00,ABEV3.SA,16.31999969482422,16.31999969482422,16.290000915527344,16.299999237060547,194500
2026-06-11 17:05:00+00:00,ABEV3.SA,16.290000915527344,16.309999465942383,16.290000915527344,16.299999237060547,92900
2026-06-11 17:10:00+00:00,ABEV3.SA,16.299999237060547,16.309999465942383,16.280000686645508,16.280000686645508,110800
2026-06-11 17:15:00+00:00,ABEV3.SA,16.280000686645508,16.299999237060547,16.270000457763672,16.280000686645508,396900
2026-06-11 17:20:00+00:00,ABEV3.SA,16.280000686645508,16.299999237060547,16.270000457763672,16.280000686645508,172500
2026-06-11 17:25:00+00:00,ABEV3.SA,16.290000915527344,16.3700008392334,16.280000686645508,16.3700008392334,537500
2026-06-11 17:30:00+00:00,ABEV3.SA,16.3799991607666,16.43000030517578,16.3700008392334,16.40999984741211,695800
2026-06-11 17:35:00+00:00,ABEV3.SA,16.399999618530273,16.450000762939453,16.389999389648438,16.440000534057617,480000
2026-06-11 17:40:00+00:00,ABEV3.SA,16.450000762939453,16.450000762939453,16.420000076293945,16.420000076293945,213100
2026-06-11 17:45:00+00:00,ABEV3.SA,16.420000076293945,16.459999084472656,16.40999984741211,16.440000534057617,440700
2026-06-11 17:50:00+00:00,ABEV3.SA,16.450000762939453,16.450000762939453,16.40999984741211,16.420000076293945,122600
2026-06-11 17:55:00+00:00,ABEV3.SA,16.420000076293945,16.450000762939453,16.40999984741211,16.420000076293945,524700
2026-06-11 18:00:00+00:00,ABEV3.SA,16.420000076293945,16.459999084472656,16.420000076293945,16.43000030517578,439700
2026-06-11 18:05:00+00:00,ABEV3.SA,16.440000534057617,16.440000534057617,16.389999389648438,16.43000030517578,878800
2026-06-11 18:10:00+00:00,ABEV3.SA,16.43000030517578,16.469999313354492,16.40999984741211,16.459999084472656,315700
2026-06-11 18:15:00+00:00,ABEV3.SA,16.469999313354492,16.5,16.440000534057617,16.5,407100
2026-06-11 18:20:00+00:00,ABEV3.SA,16.5,16.5,16.459999084472656,16.489999771118164,333100
2026-06-11 18:25:00+00:00,ABEV3.SA,16.489999771118164,16.540000915527344,16.479999542236328,16.530000686645508,402200
2026-06-11 18:30:00+00:00,ABEV3.SA,16.520000457763672,16.59000015258789,16.520000457763672,16.56999969482422,705600
2026-06-11 18:35:00+00:00,ABEV3.SA,16.59000015258789,16.59000015258789,16.520000457763672,16.530000686645508,422000
2026-06-11 18:40:00+00:00,ABEV3.SA,16.530000686645508,16.549999237060547,16.520000457763672,16.549999237060547,283000
2026-06-11 18:45:00+00:00,ABEV3.SA,16.540000915527344,16.56999969482422,16.540000915527344,16.549999237060547,463500
2026-06-11 18:50:00+00:00,ABEV3.SA,16.549999237060547,16.56999969482422,16.549999237060547,16.56999969482422,501800
2026-06-11 18:55:00+00:00,ABEV3.SA,16.559999465942383,16.56999969482422,16.520000457763672,16.520000457763672,452200
2026-06-11 19:00:00+00:00,ABEV3.SA,16.520000457763672,16.540000915527344,16.489999771118164,16.5,1986300
2026-06-11 19:05:00+00:00,ABEV3.SA,16.5,16.5,16.469999313354492,16.479999542236328,549600
2026-06-11 19:10:00+00:00,ABEV3.SA,16.469999313354492,16.5,16.469999313354492,16.5,324300
2026-06-11 19:15:00+00:00,ABEV3.SA,16.5,16.530000686645508,16.489999771118164,16.530000686645508,497500
2026-06-11 19:20:00+00:00,ABEV3.SA,16.520000457763672,16.559999465942383,16.520000457763672,16.540000915527344,654100
2026-06-11 19:25:00+00:00,ABEV3.SA,16.559999465942383,16.56999969482422,16.540000915527344,16.559999465942383,331400
2026-06-11 19:30:00+00:00,ABEV3.SA,16.559999465942383,16.6200008392334,16.549999237060547,16.610000610351562,1048600
2026-06-11 19:35:00+00:00,ABEV3.SA,16.610000610351562,16.610000610351562,16.59000015258789,16.600000381469727,325600
2026-06-11 19:40:00+00:00,ABEV3.SA,16.59000015258789,16.6299991607666,16.56999969482422,16.6299991607666,513500
2026-06-11 19:45:00+00:00,ABEV3.SA,16.6200008392334,16.6299991607666,16.56999969482422,16.600000381469727,800600
2026-06-11 19:50:00+00:00,ABEV3.SA,16.59000015258789,16.600000381469727,16.549999237060547,16.559999465942383,945200
2026-06-12 13:00:00+00:00,ABEV3.SA,16.5,16.56999969482422,16.440000534057617,16.540000915527344,0
2026-06-12 13:05:00+00:00,ABEV3.SA,16.530000686645508,16.579999923706055,16.520000457763672,16.579999923706055,45500
2026-06-12 13:10:00+00:00,ABEV3.SA,16.579999923706055,16.6299991607666,16.559999465942383,16.6200008392334,116300
2026-06-12 13:15:00+00:00,ABEV3.SA,16.610000610351562,16.670000076293945,16.600000381469727,16.670000076293945,92400
2026-06-12 13:20:00+00:00,ABEV3.SA,16.65999984741211,16.700000762939453,16.65999984741211,16.690000534057617,93600
2026-06-12 13:25:00+00:00,ABEV3.SA,16.690000534057617,16.719999313354492,16.68000030517578,16.700000762939453,75900
2026-06-12 13:30:00+00:00,ABEV3.SA,16.690000534057617,16.770000457763672,16.690000534057617,16.75,233000
2026-06-12 13:35:00+00:00,ABEV3.SA,16.75,16.760000228881836,16.639999389648438,16.649999618530273,379000
2026-06-12 13:40:00+00:00,ABEV3.SA,16.649999618530273,16.649999618530273,16.559999465942383,16.579999923706055,554200
2026-06-12 13:45:00+00:00,ABEV3.SA,16.56999969482422,16.6200008392334,16.559999465942383,16.610000610351562,245600
2026-06-12 13:50:00+00:00,ABEV3.SA,16.600000381469727,16.6200008392334,16.579999923706055,16.610000610351562,177400
2026-06-12 13:55:00+00:00,ABEV3.SA,16.600000381469727,16.6200008392334,16.59000015258789,16.610000610351562,84100
2026-06-12 14:00:00+00:00,ABEV3.SA,16.610000610351562,16.6200008392334,16.579999923706055,16.600000381469727,189500
2026-06-12 14:05:00+00:00,ABEV3.SA,16.600000381469727,16.6200008392334,16.579999923706055,16.59000015258789,148800
2026-06-12 14:10:00+00:00,ABEV3.SA,16.579999923706055,16.59000015258789,16.540000915527344,16.559999465942383,298400
2026-06-12 14:15:00+00:00,ABEV3.SA,16.559999465942383,16.59000015258789,16.549999237060547,16.56999969482422,128500
2026-06-12 14:20:00+00:00,ABEV3.SA,16.559999465942383,16.579999923706055,16.549999237060547,16.549999237060547,143200
2026-06-12 14:25:00+00:00,ABEV3.SA,16.549999237060547,16.56999969482422,16.540000915527344,16.549999237060547,234900
2026-06-12 14:30:00+00:00,ABEV3.SA,16.549999237060547,16.56999969482422,16.540000915527344,16.559999465942383,220500
2026-06-12 14:35:00+00:00,ABEV3.SA,16.559999465942383,16.579999923706055,16.540000915527344,16.56999969482422,132500
2026-06-12 14:40:00+00:00,ABEV3.SA,16.559999465942383,16.579999923706055,16.549999237060547,16.56999969482422,161600
2026-06-12 14:45:00+00:00,ABEV3.SA,16.559999465942383,16.579999923706055,16.549999237060547,16.579999923706055,237000
2026-06-12 14:50:00+00:00,ABEV3.SA,16.56999969482422,16.6299991607666,16.56999969482422,16.6200008392334,241000
2026-06-12 14:55:00+00:00,ABEV3.SA,16.6200008392334,16.649999618530273,16.610000610351562,16.639999389648438,103200
2026-06-12 15:00:00+00:00,ABEV3.SA,16.6299991607666,16.649999618530273,16.6200008392334,16.649999618530273,70100
2026-06-12 15:05:00+00:00,ABEV3.SA,16.649999618530273,16.690000534057617,16.639999389648438,16.68000030517578,142900
2026-06-12 15:10:00+00:00,ABEV3.SA,16.670000076293945,16.700000762939453,16.65999984741211,16.670000076293945,163000
2026-06-12 15:15:00+00:00,ABEV3.SA,16.670000076293945,16.670000076293945,16.649999618530273,16.670000076293945,90100
2026-06-12 15:20:00+00:00,ABEV3.SA,16.65999984741211,16.670000076293945,16.6200008392334,16.639999389648438,252900
2026-06-12 15:25:00+00:00,ABEV3.SA,16.639999389648438,16.639999389648438,16.6299991607666,16.6299991607666,47200
2026-06-12 15:30:00+00:00,ABEV3.SA,16.6299991607666,16.639999389648438,16.6200008392334,16.6200008392334,56500
2026-06-12 15:35:00+00:00,ABEV3.SA,16.6200008392334,16.6299991607666,16.600000381469727,16.610000610351562,189700
2026-06-12 15:40:00+00:00,ABEV3.SA,16.600000381469727,16.6200008392334,16.579999923706055,16.600000381469727,94700
2026-06-12 15:45:00+00:00,ABEV3.SA,16.600000381469727,16.6200008392334,16.59000015258789,16.610000610351562,127200
2026-06-12 15:50:00+00:00,ABEV3.SA,16.600000381469727,16.6200008392334,16.59000015258789,16.610000610351562,61900
2026-06-12 15:55:00+00:00,ABEV3.SA,16.610000610351562,16.610000610351562,16.59000015258789,16.600000381469727,68300
2026-06-12 16:00:00+00:00,ABEV3.SA,16.600000381469727,16.6200008392334,16.579999923706055,16.6200008392334,275500
2026-06-12 16:05:00+00:00,ABEV3.SA,16.610000610351562,16.6299991607666,16.610000610351562,16.6299991607666,63500
2026-06-12 16:10:00+00:00,ABEV3.SA,16.6200008392334,16.639999389648438,16.610000610351562,16.6200008392334,107500
2026-06-12 16:15:00+00:00,ABEV3.SA,16.6200008392334,16.6299991607666,16.600000381469727,16.600000381469727,56100
2026-06-12 16:20:00+00:00,ABEV3.SA,16.600000381469727,16.610000610351562,16.59000015258789,16.600000381469727,43200
2026-06-12 16:25:00+00:00,ABEV3.SA,16.600000381469727,16.610000610351562,16.579999923706055,16.600000381469727,65900
2026-06-12 16:30:00+00:00,ABEV3.SA,16.59000015258789,16.600000381469727,16.56999969482422,16.56999969482422,139700
2026-06-12 16:35:00+00:00,ABEV3.SA,16.579999923706055,16.59000015258789,16.559999465942383,16.579999923706055,132200
2026-06-12 16:40:00+00:00,ABEV3.SA,16.56999969482422,16.59000015258789,16.549999237060547,16.559999465942383,147700
2026-06-12 16:45:00+00:00,ABEV3.SA,16.559999465942383,16.559999465942383,16.540000915527344,16.549999237060547,77500
2026-06-12 16:50:00+00:00,ABEV3.SA,16.549999237060547,16.56999969482422,16.549999237060547,16.56999969482422,91400
2026-06-12 16:55:00+00:00,ABEV3.SA,16.559999465942383,16.579999923706055,16.559999465942383,16.579999923706055,103600
2026-06-12 17:00:00+00:00,ABEV3.SA,16.56999969482422,16.59000015258789,16.56999969482422,16.579999923706055,62300
2026-06-12 17:05:00+00:00,ABEV3.SA,16.579999923706055,16.59000015258789,16.56999969482422,16.579999923706055,85500
2026-06-12 17:10:00+00:00,ABEV3.SA,16.56999969482422,16.579999923706055,16.559999465942383,16.579999923706055,79200
2026-06-12 17:15:00+00:00,ABEV3.SA,16.579999923706055,16.59000015258789,16.56999969482422,16.59000015258789,71700
2026-06-12 17:20:00+00:00,ABEV3.SA,16.579999923706055,16.600000381469727,16.579999923706055,16.579999923706055,39800
2026-06-12 17:25:00+00:00,ABEV3.SA,16.579999923706055,16.59000015258789,16.579999923706055,16.579999923706055,40600
2026-06-12 17:30:00+00:00,ABEV3.SA,16.579999923706055,16.59000015258789,16.579999923706055,16.59000015258789,73500
2026-06-12 17:35:00+00:00,ABEV3.SA,16.579999923706055,16.600000381469727,16.579999923706055,16.579999923706055,66700
2026-06-12 17:40:00+00:00,ABEV3.SA,16.579999923706055,16.600000381469727,16.579999923706055,16.59000015258789,81000
2026-06-12 17:45:00+00:00,ABEV3.SA,16.59000015258789,16.59000015258789,16.579999923706055,16.59000015258789,46700
2026-06-12 17:50:00+00:00,ABEV3.SA,16.579999923706055,16.59000015258789,16.56999969482422,16.579999923706055,71000
2026-06-12 17:55:00+00:00,ABEV3.SA,16.56999969482422,16.579999923706055,16.549999237060547,16.559999465942383,211100
2026-06-12 18:00:00+00:00,ABEV3.SA,16.549999237060547,16.559999465942383,16.549999237060547,16.559999465942383,100100
2026-06-12 18:05:00+00:00,ABEV3.SA,16.559999465942383,16.56999969482422,16.549999237060547,16.559999465942383,81300
2026-06-12 18:10:00+00:00,ABEV3.SA,16.549999237060547,16.56999969482422,16.549999237060547,16.56999969482422,74400
2026-06-12 18:15:00+00:00,ABEV3.SA,16.56999969482422,16.579999923706055,16.559999465942383,16.56999969482422,95500
2026-06-12 18:20:00+00:00,ABEV3.SA,16.56999969482422,16.600000381469727,16.56999969482422,16.59000015258789,98000
2026-06-12 18:25:00+00:00,ABEV3.SA,16.600000381469727,16.610000610351562,16.59000015258789,16.610000610351562,50600
2026-06-12 18:30:00+00:00,ABEV3.SA,16.600000381469727,16.610000610351562,16.59000015258789,16.600000381469727,91200
2026-06-12 18:35:00+00:00,ABEV3.SA,16.600000381469727,16.610000610351562,16.579999923706055,16.610000610351562,71600
2026-06-12 18:40:00+00:00,ABEV3.SA,16.610000610351562,16.610000610351562,16.600000381469727,16.610000610351562,42200
2026-06-12 18:45:00+00:00,ABEV3.SA,16.600000381469727,16.6200008392334,16.600000381469727,16.610000610351562,77600
2026-06-12 18:50:00+00:00,ABEV3.SA,16.610000610351562,16.6200008392334,16.600000381469727,16.6200008392334,82500
2026-06-12 18:55:00+00:00,ABEV3.SA,16.6200008392334,16.6200008392334,16.600000381469727,16.610000610351562,67900
2026-06-12 19:00:00+00:00,ABEV3.SA,16.610000610351562,16.6200008392334,16.600000381469727,16.610000610351562,180600
2026-06-12 19:05:00+00:00,ABEV3.SA,16.6200008392334,16.639999389648438,16.610000610351562,16.6299991607666,128900
2026-06-12 19:10:00+00:00,ABEV3.SA,16.6299991607666,16.639999389648438,16.6200008392334,16.6200008392334,114800
2026-06-12 19:15:00+00:00,ABEV3.SA,16.6200008392334,16.6299991607666,16.610000610351562,16.6200008392334,202400
2026-06-12 19:20:00+00:00,ABEV3.SA,16.610000610351562,16.6299991607666,16.610000610351562,16.6200008392334,140500
2026-06-12 19:25:00+00:00,ABEV3.SA,16.610000610351562,16.639999389648438,16.610000610351562,16.639999389648438,137100
2026-06-12 19:30:00+00:00,ABEV3.SA,16.639999389648438,16.639999389648438,16.610000610351562,16.610000610351562,270500
2026-06-12 19:35:00+00:00,ABEV3.SA,16.610000610351562,16.6200008392334,16.59000015258789,16.600000381469727,543900
2026-06-12 19:40:00+00:00,ABEV3.SA,16.59000015258789,16.610000610351562,16.579999923706055,16.59000015258789,315800
2026-06-12 19:45:00+00:00,ABEV3.SA,16.579999923706055,16.600000381469727,16.56999969482422,16.59000015258789,489000
2026-06-12 19:50:00+00:00,ABEV3.SA,16.59000015258789,16.610000610351562,16.579999923706055,16.59000015258789,312800
