datetime,ticker,open,high,low,close,volume
2026-03-17 13:05:00+00:00,B3SA3.SA,17.270000457763672,17.43000030517578,17.219999313354492,17.389999389648438,67100
2026-03-17 13:10:00+00:00,B3SA3.SA,17.3799991607666,17.450000762939453,17.31999969482422,17.43000030517578,122000
2026-03-17 13:15:00+00:00,B3SA3.SA,17.43000030517578,17.489999771118164,17.399999618530273,17.479999542236328,129000
2026-03-17 13:20:00+00:00,B3SA3.SA,17.479999542236328,17.600000381469727,17.469999313354492,17.600000381469727,361400
2026-03-17 13:25:00+00:00,B3SA3.SA,17.59000015258789,17.639999389648438,17.56999969482422,17.639999389648438,136200
2026-03-17 13:30:00+00:00,B3SA3.SA,17.639999389648438,17.729999542236328,17.610000610351562,17.68000030517578,1063900
2026-03-17 13:35:00+00:00,B3SA3.SA,17.670000076293945,17.809999465942383,17.670000076293945,17.809999465942383,323700
2026-03-17 13:40:00+00:00,B3SA3.SA,17.799999237060547,17.829999923706055,17.760000228881836,17.809999465942383,167600
2026-03-17 13:45:00+00:00,B3SA3.SA,17.809999465942383,17.940000534057617,17.799999237060547,17.93000030517578,403100
2026-03-17 13:50:00+00:00,B3SA3.SA,17.93000030517578,17.969999313354492,17.889999389648438,17.93000030517578,710500
2026-03-17 13:55:00+00:00,B3SA3.SA,17.93000030517578,18.049999237060547,17.899999618530273,18.040000915527344,1714200
2026-03-17 14:00:00+00:00,B3SA3.SA,18.040000915527344,18.049999237060547,17.969999313354492,18.030000686645508,2765700
2026-03-17 14:05:00+00:00,B3SA3.SA,18.030000686645508,18.100000381469727,17.989999771118164,18.049999237060547,916100
2026-03-17 14:10:00+00:00,B3SA3.SA,18.049999237060547,18.049999237060547,17.989999771118164,18.0,669700
2026-03-17 14:15:00+00:00,B3SA3.SA,18.010000228881836,18.010000228881836,17.940000534057617,17.989999771118164,576000
2026-03-17 14:20:00+00:00,B3SA3.SA,17.989999771118164,17.989999771118164,17.920000076293945,17.959999084472656,252700
2026-03-17 14:25:00+00:00,B3SA3.SA,17.959999084472656,18.0,17.93000030517578,17.959999084472656,239500
2026-03-17 14:30:00+00:00,B3SA3.SA,17.959999084472656,17.979999542236328,17.940000534057617,17.969999313354492,141600
2026-03-17 14:35:00+00:00,B3SA3.SA,17.979999542236328,18.0,17.8799991607666,17.899999618530273,240900
2026-03-17 14:40:00+00:00,B3SA3.SA,17.899999618530273,17.959999084472656,17.8799991607666,17.950000762939453,172300
2026-03-17 14:45:00+00:00,B3SA3.SA,17.950000762939453,17.950000762939453,17.899999618530273,17.920000076293945,167100
2026-03-17 14:50:00+00:00,B3SA3.SA,17.920000076293945,17.959999084472656,17.90999984741211,17.950000762939453,214900
2026-03-17 14:55:00+00:00,B3SA3.SA,17.950000762939453,17.969999313354492,17.93000030517578,17.959999084472656,120300
2026-03-17 15:00:00+00:00,B3SA3.SA,17.969999313354492,17.969999313354492,17.920000076293945,17.93000030517578,96200
2026-03-17 15:05:00+00:00,B3SA3.SA,17.93000030517578,17.940000534057617,17.8799991607666,17.899999618530273,269100
2026-03-17 15:10:00+00:00,B3SA3.SA,17.899999618530273,17.899999618530273,17.829999923706055,17.850000381469727,200900
2026-03-17 15:15:00+00:00,B3SA3.SA,17.829999923706055,17.829999923706055,17.639999389648438,17.649999618530273,586800
2026-03-17 15:20:00+00:00,B3SA3.SA,17.639999389648438,17.729999542236328,17.6200008392334,17.719999313354492,577200
2026-03-17 15:25:00+00:00,B3SA3.SA,17.729999542236328,17.760000228881836,17.670000076293945,17.709999084472656,405900
2026-03-17 15:30:00+00:00,B3SA3.SA,17.709999084472656,17.739999771118164,17.68000030517578,17.68000030517578,174100
2026-03-17 15:35:00+00:00,B3SA3.SA,17.68000030517578,17.700000762939453,17.65999984741211,17.690000534057617,119100
2026-03-17 15:40:00+00:00,B3SA3.SA,17.68000030517578,17.700000762939453,17.6299991607666,17.690000534057617,296300
2026-03-17 15:45:00+00:00,B3SA3.SA,17.700000762939453,17.700000762939453,17.65999984741211,17.670000076293945,145200
2026-03-17 15:50:00+00:00,B3SA3.SA,17.670000076293945,17.719999313354492,17.65999984741211,17.719999313354492,127400
2026-03-17 15:55:00+00:00,B3SA3.SA,17.719999313354492,17.729999542236328,17.700000762939453,17.719999313354492,164800
2026-03-17 16:00:00+00:00,B3SA3.SA,17.719999313354492,17.729999542236328,17.700000762939453,17.719999313354492,137200
2026-03-17 16:05:00+00:00,B3SA3.SA,17.719999313354492,17.729999542236328,17.68000030517578,17.700000762939453,189500
2026-03-17 16:10:00+00:00,B3SA3.SA,17.700000762939453,17.739999771118164,17.68000030517578,17.719999313354492,147900
2026-03-17 16:15:00+00:00,B3SA3.SA,17.719999313354492,17.739999771118164,17.700000762939453,17.739999771118164,135900
2026-03-17 16:20:00+00:00,B3SA3.SA,17.739999771118164,17.760000228881836,17.700000762939453,17.75,207500
2026-03-17 16:25:00+00:00,B3SA3.SA,17.75,17.790000915527344,17.739999771118164,17.780000686645508,220900
2026-03-17 16:30:00+00:00,B3SA3.SA,17.780000686645508,17.790000915527344,17.700000762939453,17.729999542236328,167700
2026-03-17 16:35:00+00:00,B3SA3.SA,17.729999542236328,17.739999771118164,17.690000534057617,17.719999313354492,167300
2026-03-17 16:40:00+00:00,B3SA3.SA,17.709999084472656,17.75,17.700000762939453,17.739999771118164,147900
2026-03-17 16:45:00+00:00,B3SA3.SA,17.739999771118164,17.75,17.709999084472656,17.719999313354492,112500
2026-03-17 16:50:00+00:00,B3SA3.SA,17.719999313354492,17.739999771118164,17.709999084472656,17.729999542236328,105900
2026-03-17 16:55:00+00:00,B3SA3.SA,17.719999313354492,17.760000228881836,17.719999313354492,17.75,201200
2026-03-17 17:00:00+00:00,B3SA3.SA,17.739999771118164,17.790000915527344,17.729999542236328,17.770000457763672,206400
2026-03-17 17:05:00+00:00,B3SA3.SA,17.75,17.780000686645508,17.739999771118164,17.770000457763672,134300
2026-03-17 17:10:00+00:00,B3SA3.SA,17.770000457763672,17.770000457763672,17.729999542236328,17.739999771118164,171700
2026-03-17 17:15:00+00:00,B3SA3.SA,17.739999771118164,17.770000457763672,17.729999542236328,17.770000457763672,169300
2026-03-17 17:20:00+00:00,B3SA3.SA,17.770000457763672,17.790000915527344,17.75,17.770000457763672,119100
2026-03-17 17:25:00+00:00,B3SA3.SA,17.780000686645508,17.790000915527344,17.75,17.790000915527344,102800
2026-03-17 17:30:00+00:00,B3SA3.SA,17.790000915527344,17.790000915527344,17.760000228881836,17.770000457763672,123300
2026-03-17 17:35:00+00:00,B3SA3.SA,17.760000228881836,17.809999465942383,17.75,17.809999465942383,164100
2026-03-17 17:40:00+00:00,B3SA3.SA,17.809999465942383,17.829999923706055,17.770000457763672,17.790000915527344,213000
2026-03-17 17:45:00+00:00,B3SA3.SA,17.790000915527344,17.809999465942383,17.770000457763672,17.809999465942383,128200
2026-03-17 17:50:00+00:00,B3SA3.SA,17.809999465942383,17.81999969482422,17.760000228881836,17.799999237060547,307600
2026-03-17 17:55:00+00:00,B3SA3.SA,17.809999465942383,17.809999465942383,17.729999542236328,17.75,511900
2026-03-17 18:00:00+00:00,B3SA3.SA,17.75,17.790000915527344,17.729999542236328,17.790000915527344,412400
2026-03-17 18:05:00+00:00,B3SA3.SA,17.790000915527344,17.81999969482422,17.770000457763672,17.790000915527344,248600
2026-03-17 18:10:00+00:00,B3SA3.SA,17.790000915527344,17.790000915527344,17.729999542236328,17.75,139200
2026-03-17 18:15:00+00:00,B3SA3.SA,17.75,17.760000228881836,17.719999313354492,17.739999771118164,173800
2026-03-17 18:20:00+00:00,B3SA3.SA,17.739999771118164,17.739999771118164,17.719999313354492,17.739999771118164,154100
2026-03-17 18:25:00+00:00,B3SA3.SA,17.739999771118164,17.739999771118164,17.649999618530273,17.670000076293945,609200
2026-03-17 18:30:00+00:00,B3SA3.SA,17.670000076293945,17.690000534057617,17.639999389648438,17.690000534057617,205000
2026-03-17 18:35:00+00:00,B3SA3.SA,17.690000534057617,17.690000534057617,17.6299991607666,17.65999984741211,221900
2026-03-17 18:40:00+00:00,B3SA3.SA,17.65999984741211,17.670000076293945,17.530000686645508,17.559999465942383,592100
2026-03-17 18:45:00+00:00,B3SA3.SA,17.56999969482422,17.6299991607666,17.510000228881836,17.6299991607666,1772900
2026-03-17 18:50:00+00:00,B3SA3.SA,17.6299991607666,17.700000762939453,17.6200008392334,17.690000534057617,816100
2026-03-17 18:55:00+00:00,B3SA3.SA,17.690000534057617,17.700000762939453,17.649999618530273,17.68000030517578,189700
2026-03-17 19:00:00+00:00,B3SA3.SA,17.68000030517578,17.700000762939453,17.649999618530273,17.68000030517578,237600
2026-03-17 19:05:00+00:00,B3SA3.SA,17.68000030517578,17.690000534057617,17.6299991607666,17.68000030517578,237800
2026-03-17 19:10:00+00:00,B3SA3.SA,17.68000030517578,17.700000762939453,17.68000030517578,17.690000534057617,206500
2026-03-17 19:15:00+00:00,B3SA3.SA,17.700000762939453,17.700000762939453,17.610000610351562,17.649999618530273,292800
2026-03-17 19:20:00+00:00,B3SA3.SA,17.639999389648438,17.670000076293945,17.610000610351562,17.670000076293945,268600
2026-03-17 19:25:00+00:00,B3SA3.SA,17.670000076293945,17.670000076293945,17.6200008392334,17.649999618530273,242100
2026-03-17 19:30:00+00:00,B3SA3.SA,17.649999618530273,17.670000076293945,17.6299991607666,17.649999618530273,245700
2026-03-17 19:35:00+00:00,B3SA3.SA,17.639999389648438,17.649999618530273,17.600000381469727,17.6200008392334,380400
2026-03-17 19:40:00+00:00,B3SA3.SA,17.610000610351562,17.639999389648438,17.59000015258789,17.600000381469727,393100
2026-03-17 19:45:00+00:00,B3SA3.SA,17.600000381469727,17.6299991607666,17.59000015258789,17.600000381469727,267400
2026-03-17 19:50:00+00:00,B3SA3.SA,17.600000381469727,17.6299991607666,17.549999237060547,17.600000381469727,503300
2026-03-18 13:05:00+00:00,B3SA3.SA,17.260000228881836,17.3700008392334,17.25,17.3700008392334,0
2026-03-18 13:10:00+00:00,B3SA3.SA,17.3799991607666,17.3799991607666,17.309999465942383,17.350000381469727,165900
2026-03-18 13:15:00+00:00,B3SA3.SA,17.350000381469727,17.43000030517578,17.309999465942383,17.40999984741211,177700
2026-03-18 13:20:00+00:00,B3SA3.SA,17.420000076293945,17.459999084472656,17.399999618530273,17.440000534057617,230000
2026-03-18 13:25:00+00:00,B3SA3.SA,17.440000534057617,17.440000534057617,17.360000610351562,17.360000610351562,143600
2026-03-18 13:30:00+00:00,B3SA3.SA,17.3700008392334,17.420000076293945,17.3700008392334,17.420000076293945,399100
2026-03-18 13:35:00+00:00,B3SA3.SA,17.420000076293945,17.440000534057617,17.34000015258789,17.3700008392334,456000
2026-03-18 13:40:00+00:00,B3SA3.SA,17.3700008392334,17.3799991607666,17.329999923706055,17.329999923706055,155300
2026-03-18 13:45:00+00:00,B3SA3.SA,17.34000015258789,17.3700008392334,17.31999969482422,17.34000015258789,161600
2026-03-18 13:50:00+00:00,B3SA3.SA,17.329999923706055,17.360000610351562,17.329999923706055,17.34000015258789,313400
2026-03-18 13:55:00+00:00,B3SA3.SA,17.350000381469727,17.489999771118164,17.329999923706055,17.479999542236328,514900
2026-03-18 14:00:00+00:00,B3SA3.SA,17.5,17.549999237060547,17.479999542236328,17.5,159600
2026-03-18 14:05:00+00:00,B3SA3.SA,17.5,17.579999923706055,17.489999771118164,17.56999969482422,299700
2026-03-18 14:10:00+00:00,B3SA3.SA,17.56999969482422,17.56999969482422,17.399999618530273,17.40999984741211,209800
2026-03-18 14:15:00+00:00,B3SA3.SA,17.40999984741211,17.43000030517578,17.399999618530273,17.399999618530273,139900
2026-03-18 14:20:00+00:00,B3SA3.SA,17.40999984741211,17.420000076293945,17.350000381469727,17.399999618530273,384300
2026-03-18 14:25:00+00:00,B3SA3.SA,17.40999984741211,17.40999984741211,17.260000228881836,17.280000686645508,346700
2026-03-18 14:30:00+00:00,B3SA3.SA,17.299999237060547,17.360000610351562,17.280000686645508,17.329999923706055,278100
2026-03-18 14:35:00+00:00,B3SA3.SA,17.31999969482422,17.329999923706055,17.290000915527344,17.290000915527344,130300
2026-03-18 14:40:00+00:00,B3SA3.SA,17.299999237060547,17.309999465942383,17.260000228881836,17.260000228881836,186800
2026-03-18 14:45:00+00:00,B3SA3.SA,17.270000457763672,17.309999465942383,17.270000457763672,17.290000915527344,74800
2026-03-18 14:50:00+00:00,B3SA3.SA,17.280000686645508,17.329999923706055,17.270000457763672,17.270000457763672,207200
2026-03-18 14:55:00+00:00,B3SA3.SA,17.270000457763672,17.309999465942383,17.25,17.309999465942383,112400
2026-03-18 15:00:00+00:00,B3SA3.SA,17.309999465942383,17.389999389648438,17.290000915527344,17.360000610351562,156200
2026-03-18 15:05:00+00:00,B3SA3.SA,17.3700008392334,17.420000076293945,17.3700008392334,17.40999984741211,67700
2026-03-18 15:10:00+00:00,B3SA3.SA,17.40999984741211,17.420000076293945,17.329999923706055,17.34000015258789,155000
2026-03-18 15:15:00+00:00,B3SA3.SA,17.350000381469727,17.350000381469727,17.299999237060547,17.299999237060547,43600
2026-03-18 15:20:00+00:00,B3SA3.SA,17.299999237060547,17.360000610351562,17.280000686645508,17.350000381469727,259900
2026-03-18 15:25:00+00:00,B3SA3.SA,17.360000610351562,17.3700008392334,17.34000015258789,17.34000015258789,38200
2026-03-18 15:30:00+00:00,B3SA3.SA,17.350000381469727,17.3799991607666,17.350000381469727,17.3700008392334,54100
2026-03-18 15:35:00+00:00,B3SA3.SA,17.360000610351562,17.389999389648438,17.360000610351562,17.3799991607666,34400
2026-03-18 15:40:00+00:00,B3SA3.SA,17.3799991607666,17.389999389648438,17.34000015258789,17.350000381469727,124000
2026-03-18 15:45:00+00:00,B3SA3.SA,17.350000381469727,17.399999618530273,17.350000381469727,17.389999389648438,42900
2026-03-18 15:50:00+00:00,B3SA3.SA,17.3700008392334,17.389999389648438,17.3700008392334,17.3799991607666,20000
2026-03-18 15:55:00+00:00,B3SA3.SA,17.389999389648438,17.399999618530273,17.360000610351562,17.3799991607666,46400
2026-03-18 16:00:00+00:00,B3SA3.SA,17.3700008392334,17.3799991607666,17.34000015258789,17.3700008392334,45600
2026-03-18 16:05:00+00:00,B3SA3.SA,17.3700008392334,17.399999618530273,17.360000610351562,17.399999618530273,15400
2026-03-18 16:10:00+00:00,B3SA3.SA,17.389999389648438,17.450000762939453,17.3799991607666,17.450000762939453,62800
2026-03-18 16:15:00+00:00,B3SA3.SA,17.43000030517578,17.450000762939453,17.420000076293945,17.420000076293945,18700
2026-03-18 16:20:00+00:00,B3SA3.SA,17.420000076293945,17.479999542236328,17.420000076293945,17.450000762939453,30900
2026-03-18 16:25:00+00:00,B3SA3.SA,17.459999084472656,17.469999313354492,17.450000762939453,17.469999313354492,23300
2026-03-18 16:30:00+00:00,B3SA3.SA,17.469999313354492,17.479999542236328,17.40999984741211,17.420000076293945,86400
2026-03-18 16:35:00+00:00,B3SA3.SA,17.420000076293945,17.450000762939453,17.40999984741211,17.450000762939453,27700
2026-03-18 16:40:00+00:00,B3SA3.SA,17.440000534057617,17.450000762939453,17.389999389648438,17.420000076293945,314200
2026-03-18 16:45:00+00:00,B3SA3.SA,17.43000030517578,17.459999084472656,17.420000076293945,17.440000534057617,130700
2026-03-18 16:50:00+00:00,B3SA3.SA,17.440000534057617,17.5,17.440000534057617,17.5,115500
2026-03-18 16:55:00+00:00,B3SA3.SA,17.5,17.559999465942383,17.479999542236328,17.549999237060547,128300
2026-03-18 17:00:00+00:00,B3SA3.SA,17.559999465942383,17.559999465942383,17.459999084472656,17.469999313354492,149600
2026-03-18 17:05:00+00:00,B3SA3.SA,17.479999542236328,17.520000457763672,17.450000762939453,17.459999084472656,464000
2026-03-18 17:10:00+00:00,B3SA3.SA,17.469999313354492,17.479999542236328,17.43000030517578,17.440000534057617,155100
2026-03-18 17:15:00+00:00,B3SA3.SA,17.450000762939453,17.459999084472656,17.420000076293945,17.420000076293945,131000
2026-03-18 17:20:00+00:00,B3SA3.SA,17.43000030517578,17.440000534057617,17.399999618530273,17.43000030517578,129200
2026-03-18 17:25:00+00:00,B3SA3.SA,17.440000534057617,17.450000762939453,17.399999618530273,17.399999618530273,142500
2026-03-18 17:30:00+00:00,B3SA3.SA,17.399999618530273,17.40999984741211,17.309999465942383,17.360000610351562,185000
2026-03-18 17:35:00+00:00,B3SA3.SA,17.3700008392334,17.3799991607666,17.34000015258789,17.360000610351562,154500
2026-03-18 17:40:00+00:00,B3SA3.SA,17.3700008392334,17.3700008392334,17.329999923706055,17.3700008392334,150400
2026-03-18 17:45:00+00:00,B3SA3.SA,17.3700008392334,17.420000076293945,17.350000381469727,17.389999389648438,263500
2026-03-18 17:50:00+00:00,B3SA3.SA,17.3799991607666,17.40999984741211,17.350000381469727,17.360000610351562,180900
2026-03-18 17:55:00+00:00,B3SA3.SA,17.360000610351562,17.399999618530273,17.309999465942383,17.34000015258789,714600
2026-03-18 18:00:00+00:00,B3SA3.SA,17.360000610351562,17.399999618530273,17.329999923706055,17.3700008392334,608500
2026-03-18 18:05:00+00:00,B3SA3.SA,17.360000610351562,17.3799991607666,17.34000015258789,17.350000381469727,227400
2026-03-18 18:10:00+00:00,B3SA3.SA,17.360000610351562,17.3799991607666,17.350000381469727,17.3700008392334,270200
2026-03-18 18:15:00+00:00,B3SA3.SA,17.3799991607666,17.3799991607666,17.290000915527344,17.329999923706055,555600
2026-03-18 18:20:00+00:00,B3SA3.SA,17.34000015258789,17.34000015258789,17.299999237060547,17.31999969482422,187600
2026-03-18 18:25:00+00:00,B3SA3.SA,17.34000015258789,17.3700008392334,17.309999465942383,17.360000610351562,135000
2026-03-18 18:30:00+00:00,B3SA3.SA,17.360000610351562,17.3700008392334,17.299999237060547,17.309999465942383,165100
2026-03-18 18:35:00+00:00,B3SA3.SA,17.309999465942383,17.360000610351562,17.280000686645508,17.280000686645508,284600
2026-03-18 18:40:00+00:00,B3SA3.SA,17.299999237060547,17.31999969482422,17.260000228881836,17.299999237060547,232700
2026-03-18 18:45:00+00:00,B3SA3.SA,17.309999465942383,17.309999465942383,17.260000228881836,17.270000457763672,234000
2026-03-18 18:50:00+00:00,B3SA3.SA,17.280000686645508,17.280000686645508,17.209999084472656,17.25,824900
2026-03-18 18:55:00+00:00,B3SA3.SA,17.25,17.270000457763672,17.209999084472656,17.209999084472656,276900
2026-03-18 19:00:00+00:00,B3SA3.SA,17.229999542236328,17.280000686645508,17.18000030517578,17.260000228881836,388100
2026-03-18 19:05:00+00:00,B3SA3.SA,17.270000457763672,17.290000915527344,17.260000228881836,17.290000915527344,262700
2026-03-18 19:10:00+00:00,B3SA3.SA,17.290000915527344,17.290000915527344,17.219999313354492,17.239999771118164,247500
2026-03-18 19:15:00+00:00,B3SA3.SA,17.260000228881836,17.270000457763672,17.219999313354492,17.229999542236328,246300
2026-03-18 19:20:00+00:00,B3SA3.SA,17.239999771118164,17.260000228881836,17.190000534057617,17.200000762939453,407400
2026-03-18 19:25:00+00:00,B3SA3.SA,17.190000534057617,17.239999771118164,17.170000076293945,17.219999313354492,609700
2026-03-18 19:30:00+00:00,B3SA3.SA,17.219999313354492,17.260000228881836,17.200000762939453,17.260000228881836,328700
2026-03-18 19:35:00+00:00,B3SA3.SA,17.260000228881836,17.260000228881836,17.209999084472656,17.229999542236328,279700
2026-03-18 19:40:00+00:00,B3SA3.SA,17.239999771118164,17.239999771118164,17.200000762939453,17.200000762939453,306400
2026-03-18 19:45:00+00:00,B3SA3.SA,17.209999084472656,17.219999313354492,17.15999984741211,17.18000030517578,451200
2026-03-18 19:50:00+00:00,B3SA3.SA,17.15999984741211,17.190000534057617,17.110000610351562,17.139999389648438,496100
2026-03-19 13:05:00+00:00,B3SA3.SA,16.59000015258789,16.6200008392334,16.530000686645508,16.56999969482422,136500
2026-03-19 13:10:00+00:00,B3SA3.SA,16.559999465942383,16.559999465942383,16.440000534057617,16.489999771118164,510400
2026-03-19 13:15:00+00:00,B3SA3.SA,16.5,16.610000610351562,16.489999771118164,16.579999923706055,692100
2026-03-19 13:20:00+00:00,B3SA3.SA,16.579999923706055,16.649999618530273,16.5,16.510000228881836,680000
2026-03-19 13:25:00+00:00,B3SA3.SA,16.530000686645508,16.579999923706055,16.489999771118164,16.56999969482422,293200
2026-03-19 13:30:00+00:00,B3SA3.SA,16.56999969482422,16.579999923706055,16.489999771118164,16.56999969482422,319700
2026-03-19 13:35:00+00:00,B3SA3.SA,16.56999969482422,16.709999084472656,16.549999237060547,16.700000762939453,312700
2026-03-19 13:40:00+00:00,B3SA3.SA,16.690000534057617,16.770000457763672,16.670000076293945,16.670000076293945,379000
2026-03-19 13:45:00+00:00,B3SA3.SA,16.670000076293945,16.690000534057617,16.59000015258789,16.610000610351562,441200
2026-03-19 13:50:00+00:00,B3SA3.SA,16.6200008392334,16.700000762939453,16.610000610351562,16.65999984741211,290700
2026-03-19 13:55:00+00:00,B3SA3.SA,16.649999618530273,16.68000030517578,16.6299991607666,16.670000076293945,218200
2026-03-19 14:00:00+00:00,B3SA3.SA,16.68000030517578,16.719999313354492,16.600000381469727,16.600000381469727,422500
2026-03-19 14:05:00+00:00,B3SA3.SA,16.6200008392334,16.719999313354492,16.610000610351562,16.709999084472656,339000
2026-03-19 14:10:00+00:00,B3SA3.SA,16.709999084472656,16.729999542236328,16.6200008392334,16.6200008392334,438400
2026-03-19 14:15:00+00:00,B3SA3.SA,16.6200008392334,16.649999618530273,16.549999237060547,16.56999969482422,441500
2026-03-19 14:20:00+00:00,B3SA3.SA,16.579999923706055,16.59000015258789,16.510000228881836,16.530000686645508,518300
2026-03-19 14:25:00+00:00,B3SA3.SA,16.530000686645508,16.540000915527344,16.450000762939453,16.450000762939453,691200
2026-03-19 14:30:00+00:00,B3SA3.SA,16.450000762939453,16.579999923706055,16.399999618530273,16.540000915527344,1238100
2026-03-19 14:35:00+00:00,B3SA3.SA,16.549999237060547,16.59000015258789,16.479999542236328,16.489999771118164,409700
2026-03-19 14:40:00+00:00,B3SA3.SA,16.489999771118164,16.540000915527344,16.489999771118164,16.5,264400
2026-03-19 14:45:00+00:00,B3SA3.SA,16.5,16.530000686645508,16.479999542236328,16.489999771118164,473200
2026-03-19 14:50:00+00:00,B3SA3.SA,16.5,16.579999923706055,16.489999771118164,16.530000686645508,387500
2026-03-19 14:55:00+00:00,B3SA3.SA,16.549999237060547,16.600000381469727,16.530000686645508,16.579999923706055,419000
2026-03-19 15:00:00+00:00,B3SA3.SA,16.59000015258789,16.649999618530273,16.56999969482422,16.639999389648438,258000
2026-03-19 15:05:00+00:00,B3SA3.SA,16.639999389648438,16.700000762939453,16.6299991607666,16.65999984741211,644400
2026-03-19 15:10:00+00:00,B3SA3.SA,16.670000076293945,16.68000030517578,16.610000610351562,16.65999984741211,615300
2026-03-19 15:15:00+00:00,B3SA3.SA,16.65999984741211,16.690000534057617,16.639999389648438,16.649999618530273,209400
2026-03-19 15:20:00+00:00,B3SA3.SA,16.649999618530273,16.65999984741211,16.549999237060547,16.549999237060547,358700
2026-03-19 15:25:00+00:00,B3SA3.SA,16.549999237060547,16.559999465942383,16.510000228881836,16.530000686645508,259300
2026-03-19 15:30:00+00:00,B3SA3.SA,16.540000915527344,16.549999237060547,16.479999542236328,16.479999542236328,219900
2026-03-19 15:35:00+00:00,B3SA3.SA,16.489999771118164,16.510000228881836,16.469999313354492,16.5,263900
2026-03-19 15:40:00+00:00,B3SA3.SA,16.5,16.5,16.420000076293945,16.420000076293945,304400
2026-03-19 15:45:00+00:00,B3SA3.SA,16.43000030517578,16.489999771118164,16.3799991607666,16.479999542236328,408400
2026-03-19 15:50:00+00:00,B3SA3.SA,16.479999542236328,16.510000228881836,16.440000534057617,16.5,213200
2026-03-19 15:55:00+00:00,B3SA3.SA,16.510000228881836,16.549999237060547,16.479999542236328,16.520000457763672,226000
2026-03-19 16:00:00+00:00,B3SA3.SA,16.510000228881836,16.559999465942383,16.5,16.530000686645508,155000
2026-03-19 16:05:00+00:00,B3SA3.SA,16.540000915527344,16.559999465942383,16.510000228881836,16.530000686645508,217700
2026-03-19 16:10:00+00:00,B3SA3.SA,16.530000686645508,16.540000915527344,16.489999771118164,16.5,239700
2026-03-19 16:15:00+00:00,B3SA3.SA,16.510000228881836,16.520000457763672,16.489999771118164,16.5,212700
2026-03-19 16:20:00+00:00,B3SA3.SA,16.489999771118164,16.520000457763672,16.459999084472656,16.510000228881836,196300
2026-03-19 16:25:00+00:00,B3SA3.SA,16.520000457763672,16.530000686645508,16.479999542236328,16.5,181200
2026-03-19 16:30:00+00:00,B3SA3.SA,16.5,16.520000457763672,16.479999542236328,16.5,236300
2026-03-19 16:35:00+00:00,B3SA3.SA,16.489999771118164,16.520000457763672,16.469999313354492,16.5,199700
2026-03-19 16:40:00+00:00,B3SA3.SA,16.520000457763672,16.549999237060547,16.5,16.530000686645508,330300
2026-03-19 16:45:00+00:00,B3SA3.SA,16.549999237060547,16.549999237060547,16.489999771118164,16.520000457763672,287400
2026-03-19 16:50:00+00:00,B3SA3.SA,16.510000228881836,16.540000915527344,16.489999771118164,16.540000915527344,249900
2026-03-19 16:55:00+00:00,B3SA3.SA,16.549999237060547,16.559999465942383,16.520000457763672,16.559999465942383,136600
2026-03-19 17:00:00+00:00,B3SA3.SA,16.559999465942383,16.559999465942383,16.520000457763672,16.520000457763672,174400
2026-03-19 17:05:00+00:00,B3SA3.SA,16.510000228881836,16.530000686645508,16.489999771118164,16.5,321400
2026-03-19 17:10:00+00:00,B3SA3.SA,16.520000457763672,16.520000457763672,16.459999084472656,16.489999771118164,439400
2026-03-19 17:15:00+00:00,B3SA3.SA,16.489999771118164,16.549999237060547,16.479999542236328,16.540000915527344,208400
2026-03-19 17:20:00+00:00,B3SA3.SA,16.540000915527344,16.559999465942383,16.540000915527344,16.540000915527344,344200
2026-03-19 17:25:00+00:00,B3SA3.SA,16.540000915527344,16.56999969482422,16.530000686645508,16.540000915527344,346500
2026-03-19 17:30:00+00:00,B3SA3.SA,16.549999237060547,16.559999465942383,16.520000457763672,16.520000457763672,166200
2026-03-19 17:35:00+00:00,B3SA3.SA,16.520000457763672,16.540000915527344,16.5,16.520000457763672,284700
2026-03-19 17:40:00+00:00,B3SA3.SA,16.530000686645508,16.530000686645508,16.469999313354492,16.510000228881836,319900
2026-03-19 17:45:00+00:00,B3SA3.SA,16.510000228881836,16.530000686645508,16.489999771118164,16.489999771118164,130400
2026-03-19 17:50:00+00:00,B3SA3.SA,16.489999771118164,16.540000915527344,16.489999771118164,16.520000457763672,227500
2026-03-19 17:55:00+00:00,B3SA3.SA,16.530000686645508,16.540000915527344,16.5,16.5,684300
2026-03-19 18:00:00+00:00,B3SA3.SA,16.510000228881836,16.530000686645508,16.489999771118164,16.510000228881836,227900
2026-03-19 18:05:00+00:00,B3SA3.SA,16.520000457763672,16.56999969482422,16.510000228881836,16.559999465942383,216500
2026-03-19 18:10:00+00:00,B3SA3.SA,16.56999969482422,16.639999389648438,16.559999465942383,16.610000610351562,365300
2026-03-19 18:15:00+00:00,B3SA3.SA,16.610000610351562,16.719999313354492,16.610000610351562,16.649999618530273,821700
2026-03-19 18:20:00+00:00,B3SA3.SA,16.65999984741211,16.670000076293945,16.649999618530273,16.65999984741211,784700
2026-03-19 18:25:00+00:00,B3SA3.SA,16.670000076293945,16.68000030517578,16.65999984741211,16.670000076293945,317900
2026-03-19 18:30:00+00:00,B3SA3.SA,16.670000076293945,16.709999084472656,16.65999984741211,16.690000534057617,681600
2026-03-19 18:35:00+00:00,B3SA3.SA,16.700000762939453,16.700000762939453,16.639999389648438,16.639999389648438,274400
2026-03-19 18:40:00+00:00,B3SA3.SA,16.639999389648438,16.65999984741211,16.6200008392334,16.639999389648438,266800
2026-03-19 18:45:00+00:00,B3SA3.SA,16.639999389648438,16.670000076293945,16.6299991607666,16.649999618530273,202600
2026-03-19 18:50:00+00:00,B3SA3.SA,16.649999618530273,16.75,16.639999389648438,16.729999542236328,1084500
2026-03-19 18:55:00+00:00,B3SA3.SA,16.739999771118164,16.899999618530273,16.719999313354492,16.8700008392334,971500
2026-03-19 19:00:00+00:00,B3SA3.SA,16.8799991607666,17.079999923706055,16.829999923706055,17.020000457763672,2817400
2026-03-19 19:05:00+00:00,B3SA3.SA,17.040000915527344,17.149999618530273,16.989999771118164,17.030000686645508,2184700
2026-03-19 19:10:00+00:00,B3SA3.SA,17.030000686645508,17.1299991607666,16.989999771118164,17.079999923706055,1445600
2026-03-19 19:15:00+00:00,B3SA3.SA,17.09000015258789,17.100000381469727,17.020000457763672,17.059999465942383,883800
2026-03-19 19:20:00+00:00,B3SA3.SA,17.059999465942383,17.059999465942383,16.899999618530273,16.950000762939453,1300700
2026-03-19 19:25:00+00:00,B3SA3.SA,16.959999084472656,16.959999084472656,16.81999969482422,16.860000610351562,964500
2026-03-19 19:30:00+00:00,B3SA3.SA,16.860000610351562,16.90999984741211,16.84000015258789,16.8700008392334,799600
2026-03-19 19:35:00+00:00,B3SA3.SA,16.8799991607666,16.899999618530273,16.81999969482422,16.8700008392334,770200
2026-03-19 19:40:00+00:00,B3SA3.SA,16.8700008392334,16.889999389648438,16.760000228881836,16.770000457763672,1870700
2026-03-19 19:45:00+00:00,B3SA3.SA,16.790000915527344,16.8700008392334,16.75,16.829999923706055,1041700
2026-03-19 19:50:00+00:00,B3SA3.SA,16.829999923706055,16.860000610351562,16.770000457763672,16.860000610351562,730800
2026-03-20 13:05:00+00:00,B3SA3.SA,16.700000762939453,16.770000457763672,16.5,16.760000228881836,154600
2026-03-20 13:10:00+00:00,B3SA3.SA,16.760000228881836,16.760000228881836,16.639999389648438,16.670000076293945,242700
2026-03-20 13:15:00+00:00,B3SA3.SA,16.65999984741211,16.68000030517578,16.559999465942383,16.600000381469727,371700
2026-03-20 13:20:00+00:00,B3SA3.SA,16.600000381469727,16.690000534057617,16.600000381469727,16.65999984741211,105700
2026-03-20 13:25:00+00:00,B3SA3.SA,16.65999984741211,16.690000534057617,16.6200008392334,16.6200008392334,72300
2026-03-20 13:30:00+00:00,B3SA3.SA,16.6299991607666,16.649999618530273,16.510000228881836,16.520000457763672,533800
2026-03-20 13:35:00+00:00,B3SA3.SA,16.520000457763672,16.540000915527344,16.489999771118164,16.5,496200
2026-03-20 13:40:00+00:00,B3SA3.SA,16.5,16.540000915527344,16.420000076293945,16.540000915527344,538500
2026-03-20 13:45:00+00:00,B3SA3.SA,16.540000915527344,16.579999923706055,16.489999771118164,16.489999771118164,253300
2026-03-20 13:50:00+00:00,B3SA3.SA,16.489999771118164,16.489999771118164,16.399999618530273,16.399999618530273,235100
2026-03-20 13:55:00+00:00,B3SA3.SA,16.399999618530273,16.420000076293945,16.34000015258789,16.399999618530273,168200
2026-03-20 14:00:00+00:00,B3SA3.SA,16.389999389648438,16.399999618530273,16.31999969482422,16.3700008392334,416900
2026-03-20 14:05:00+00:00,B3SA3.SA,16.3700008392334,16.420000076293945,16.3700008392334,16.3799991607666,183600
2026-03-20 14:10:00+00:00,B3SA3.SA,16.3799991607666,16.399999618530273,16.260000228881836,16.280000686645508,279200
2026-03-20 14:15:00+00:00,B3SA3.SA,16.280000686645508,16.309999465942383,16.260000228881836,16.280000686645508,233300
2026-03-20 14:20:00+00:00,B3SA3.SA,16.270000457763672,16.309999465942383,16.25,16.290000915527344,267600
2026-03-20 14:25:00+00:00,B3SA3.SA,16.280000686645508,16.309999465942383,16.25,16.270000457763672,240300
2026-03-20 14:30:00+00:00,B3SA3.SA,16.270000457763672,16.3799991607666,16.25,16.3799991607666,423900
2026-03-20 14:35:00+00:00,B3SA3.SA,16.3700008392334,16.40999984741211,16.34000015258789,16.34000015258789,487100
2026-03-20 14:40:00+00:00,B3SA3.SA,16.34000015258789,16.34000015258789,16.290000915527344,16.290000915527344,151900
2026-03-20 14:45:00+00:00,B3SA3.SA,16.299999237060547,16.420000076293945,16.290000915527344,16.40999984741211,166600
2026-03-20 14:50:00+00:00,B3SA3.SA,16.420000076293945,16.469999313354492,16.389999389648438,16.389999389648438,800000
2026-03-20 14:55:00+00:00,B3SA3.SA,16.399999618530273,16.469999313354492,16.389999389648438,16.450000762939453,227000
2026-03-20 15:00:00+00:00,B3SA3.SA,16.440000534057617,16.479999542236328,16.420000076293945,16.43000030517578,192200
2026-03-20 15:05:00+00:00,B3SA3.SA,16.43000030517578,16.469999313354492,16.40999984741211,16.440000534057617,215800
2026-03-20 15:10:00+00:00,B3SA3.SA,16.440000534057617,16.479999542236328,16.420000076293945,16.469999313354492,144300
2026-03-20 15:15:00+00:00,B3SA3.SA,16.469999313354492,16.479999542236328,16.420000076293945,16.43000030517578,169100
2026-03-20 15:20:00+00:00,B3SA3.SA,16.440000534057617,16.530000686645508,16.420000076293945,16.450000762939453,178000
2026-03-20 15:25:00+00:00,B3SA3.SA,16.459999084472656,16.459999084472656,16.389999389648438,16.40999984741211,205400
2026-03-20 15:30:00+00:00,B3SA3.SA,16.40999984741211,16.450000762939453,16.3799991607666,16.43000030517578,229900
2026-03-20 15:35:00+00:00,B3SA3.SA,16.43000030517578,16.459999084472656,16.399999618530273,16.450000762939453,116800
2026-03-20 15:40:00+00:00,B3SA3.SA,16.450000762939453,16.469999313354492,16.40999984741211,16.40999984741211,192800
2026-03-20 15:45:00+00:00,B3SA3.SA,16.420000076293945,16.440000534057617,16.399999618530273,16.420000076293945,133900
2026-03-20 15:50:00+00:00,B3SA3.SA,16.43000030517578,16.459999084472656,16.399999618530273,16.40999984741211,109700
2026-03-20 15:55:00+00:00,B3SA3.SA,16.43000030517578,16.440000534057617,16.399999618530273,16.43000030517578,137200
2026-03-20 16:00:00+00:00,B3SA3.SA,16.420000076293945,16.43000030517578,16.3700008392334,16.420000076293945,178400
2026-03-20 16:05:00+00:00,B3SA3.SA,16.420000076293945,16.420000076293945,16.3799991607666,16.389999389648438,140300
2026-03-20 16:10:00+00:00,B3SA3.SA,16.389999389648438,16.40999984741211,16.3799991607666,16.389999389648438,96600
2026-03-20 16:15:00+00:00,B3SA3.SA,16.3799991607666,16.389999389648438,16.31999969482422,16.350000381469727,181900
2026-03-20 16:20:00+00:00,B3SA3.SA,16.360000610351562,16.399999618530273,16.350000381469727,16.3700008392334,212800
2026-03-20 16:25:00+00:00,B3SA3.SA,16.3799991607666,16.3799991607666,16.34000015258789,16.350000381469727,137400
2026-03-20 16:30:00+00:00,B3SA3.SA,16.350000381469727,16.350000381469727,16.260000228881836,16.309999465942383,233500
2026-03-20 16:35:00+00:00,B3SA3.SA,16.309999465942383,16.34000015258789,16.309999465942383,16.329999923706055,140600
2026-03-20 16:40:00+00:00,B3SA3.SA,16.31999969482422,16.350000381469727,16.309999465942383,16.329999923706055,98000
2026-03-20 16:45:00+00:00,B3SA3.SA,16.329999923706055,16.34000015258789,16.280000686645508,16.299999237060547,129400
2026-03-20 16:50:00+00:00,B3SA3.SA,16.299999237060547,16.309999465942383,16.25,16.299999237060547,146600
2026-03-20 16:55:00+00:00,B3SA3.SA,16.299999237060547,16.31999969482422,16.280000686645508,16.299999237060547,113700
2026-03-20 17:00:00+00:00,B3SA3.SA,16.309999465942383,16.31999969482422,16.290000915527344,16.299999237060547,135200
2026-03-20 17:05:00+00:00,B3SA3.SA,16.299999237060547,16.299999237060547,16.209999084472656,16.280000686645508,420400
2026-03-20 17:10:00+00:00,B3SA3.SA,16.280000686645508,16.290000915527344,16.25,16.25,144500
2026-03-20 17:15:00+00:00,B3SA3.SA,16.25,16.270000457763672,16.190000534057617,16.190000534057617,265400
2026-03-20 17:20:00+00:00,B3SA3.SA,16.190000534057617,16.219999313354492,16.170000076293945,16.190000534057617,261700
2026-03-20 17:25:00+00:00,B3SA3.SA,16.190000534057617,16.200000762939453,16.149999618530273,16.15999984741211,190300
2026-03-20 17:30:00+00:00,B3SA3.SA,16.15999984741211,16.170000076293945,16.1299991607666,16.139999389648438,264400
2026-03-20 17:35:00+00:00,B3SA3.SA,16.149999618530273,16.190000534057617,16.139999389648438,16.15999984741211,307700
2026-03-20 17:40:00+00:00,B3SA3.SA,16.15999984741211,16.170000076293945,16.09000015258789,16.100000381469727,387700
2026-03-20 17:45:00+00:00,B3SA3.SA,16.100000381469727,16.100000381469727,16.059999465942383,16.100000381469727,274500
2026-03-20 17:50:00+00:00,B3SA3.SA,16.09000015258789,16.110000610351562,16.059999465942383,16.09000015258789,356100
2026-03-20 17:55:00+00:00,B3SA3.SA,16.100000381469727,16.149999618530273,16.100000381469727,16.139999389648438,329200
2026-03-20 18:00:00+00:00,B3SA3.SA,16.139999389648438,16.18000030517578,16.1299991607666,16.170000076293945,326900
2026-03-20 18:05:00+00:00,B3SA3.SA,16.170000076293945,16.200000762939453,16.170000076293945,16.200000762939453,285800
2026-03-20 18:10:00+00:00,B3SA3.SA,16.200000762939453,16.200000762939453,16.1299991607666,16.139999389648438,358300
2026-03-20 18:15:00+00:00,B3SA3.SA,16.139999389648438,16.149999618530273,16.1200008392334,16.1299991607666,276000
2026-03-20 18:20:00+00:00,B3SA3.SA,16.1299991607666,16.149999618530273,15.979999542236328,16.010000228881836,934800
2026-03-20 18:25:00+00:00,B3SA3.SA,16.020000457763672,16.079999923706055,16.010000228881836,16.079999923706055,626000
2026-03-20 18:30:00+00:00,B3SA3.SA,16.06999969482422,16.09000015258789,16.040000915527344,16.049999237060547,409700
2026-03-20 18:35:00+00:00,B3SA3.SA,16.049999237060547,16.059999465942383,16.0,16.010000228881836,494200
2026-03-20 18:40:00+00:00,B3SA3.SA,16.010000228881836,16.040000915527344,15.960000038146973,15.979999542236328,442500
2026-03-20 18:45:00+00:00,B3SA3.SA,15.970000267028809,16.0,15.960000038146973,15.970000267028809,464000
2026-03-20 18:50:00+00:00,B3SA3.SA,15.979999542236328,16.010000228881836,15.970000267028809,15.989999771118164,386400
2026-03-20 18:55:00+00:00,B3SA3.SA,16.0,16.010000228881836,15.979999542236328,15.989999771118164,379700
2026-03-20 19:00:00+00:00,B3SA3.SA,15.989999771118164,16.010000228881836,15.979999542236328,15.979999542236328,338500
2026-03-20 19:05:00+00:00,B3SA3.SA,15.989999771118164,16.0,15.949999809265137,15.989999771118164,571900
2026-03-20 19:10:00+00:00,B3SA3.SA,15.989999771118164,16.0,15.970000267028809,16.0,436100
2026-03-20 19:15:00+00:00,B3SA3.SA,16.0,16.06999969482422,15.989999771118164,16.040000915527344,538200
2026-03-20 19:20:00+00:00,B3SA3.SA,16.040000915527344,16.049999237060547,16.0,16.0,812900
2026-03-20 19:25:00+00:00,B3SA3.SA,16.0,16.049999237060547,16.0,16.030000686645508,594900
2026-03-20 19:30:00+00:00,B3SA3.SA,16.030000686645508,16.030000686645508,15.970000267028809,15.979999542236328,650100
2026-03-20 19:35:00+00:00,B3SA3.SA,15.979999542236328,16.0,15.960000038146973,15.989999771118164,700300
2026-03-20 19:40:00+00:00,B3SA3.SA,15.989999771118164,16.020000457763672,15.979999542236328,16.020000457763672,1007900
2026-03-20 19:45:00+00:00,B3SA3.SA,16.010000228881836,16.1200008392334,16.010000228881836,16.110000610351562,1322800
2026-03-23 13:05:00+00:00,B3SA3.SA,16.770000457763672,16.920000076293945,16.65999984741211,16.790000915527344,716000
2026-03-23 13:10:00+00:00,B3SA3.SA,16.790000915527344,17.049999237060547,16.790000915527344,17.030000686645508,1378600
2026-03-23 13:15:00+00:00,B3SA3.SA,17.030000686645508,17.09000015258789,16.950000762939453,16.959999084472656,1352400
2026-03-23 13:20:00+00:00,B3SA3.SA,16.959999084472656,17.010000228881836,16.90999984741211,16.950000762939453,168400
2026-03-23 13:25:00+00:00,B3SA3.SA,16.950000762939453,16.950000762939453,16.860000610351562,16.860000610351562,341600
2026-03-23 13:30:00+00:00,B3SA3.SA,16.8799991607666,16.889999389648438,16.760000228881836,16.790000915527344,274600
2026-03-23 13:35:00+00:00,B3SA3.SA,16.790000915527344,16.920000076293945,16.790000915527344,16.899999618530273,464200
2026-03-23 13:40:00+00:00,B3SA3.SA,16.899999618530273,16.989999771118164,16.889999389648438,16.889999389648438,360400
2026-03-23 13:45:00+00:00,B3SA3.SA,16.889999389648438,16.950000762939453,16.8700008392334,16.93000030517578,208900
2026-03-23 13:50:00+00:00,B3SA3.SA,16.920000076293945,16.979999542236328,16.90999984741211,16.969999313354492,289700
2026-03-23 13:55:00+00:00,B3SA3.SA,16.959999084472656,17.079999923706055,16.950000762939453,17.06999969482422,399600
2026-03-23 14:00:00+00:00,B3SA3.SA,17.06999969482422,17.1200008392334,17.049999237060547,17.079999923706055,598100
2026-03-23 14:05:00+00:00,B3SA3.SA,17.06999969482422,17.149999618530273,17.040000915527344,17.1299991607666,310200
2026-03-23 14:10:00+00:00,B3SA3.SA,17.1299991607666,17.209999084472656,17.110000610351562,17.190000534057617,805900
2026-03-23 14:15:00+00:00,B3SA3.SA,17.190000534057617,17.31999969482422,17.18000030517578,17.260000228881836,683600
2026-03-23 14:20:00+00:00,B3SA3.SA,17.260000228881836,17.299999237060547,17.229999542236328,17.280000686645508,423200
2026-03-23 14:25:00+00:00,B3SA3.SA,17.270000457763672,17.290000915527344,17.239999771118164,17.270000457763672,344300
2026-03-23 14:30:00+00:00,B3SA3.SA,17.260000228881836,17.270000457763672,17.170000076293945,17.229999542236328,439400
2026-03-23 14:35:00+00:00,B3SA3.SA,17.219999313354492,17.270000457763672,17.200000762939453,17.270000457763672,374300
2026-03-23 14:40:00+00:00,B3SA3.SA,17.270000457763672,17.34000015258789,17.260000228881836,17.290000915527344,594100
2026-03-23 14:45:00+00:00,B3SA3.SA,17.290000915527344,17.31999969482422,17.25,17.309999465942383,234800
2026-03-23 14:50:00+00:00,B3SA3.SA,17.299999237060547,17.329999923706055,17.260000228881836,17.309999465942383,269500
2026-03-23 14:55:00+00:00,B3SA3.SA,17.299999237060547,17.31999969482422,17.280000686645508,17.290000915527344,329600
2026-03-23 15:00:00+00:00,B3SA3.SA,17.290000915527344,17.43000030517578,17.280000686645508,17.389999389648438,534500
2026-03-23 15:05:00+00:00,B3SA3.SA,17.3799991607666,17.389999389648438,17.34000015258789,17.3700008392334,271200
2026-03-23 15:10:00+00:00,B3SA3.SA,17.360000610351562,17.420000076293945,17.360000610351562,17.3799991607666,395600
2026-03-23 15:15:00+00:00,B3SA3.SA,17.3799991607666,17.389999389648438,17.31999969482422,17.31999969482422,487900
2026-03-23 15:20:00+00:00,B3SA3.SA,17.31999969482422,17.360000610351562,17.270000457763672,17.280000686645508,774400
2026-03-23 15:25:00+00:00,B3SA3.SA,17.280000686645508,17.290000915527344,17.260000228881836,17.260000228881836,163400
2026-03-23 15:30:00+00:00,B3SA3.SA,17.260000228881836,17.270000457763672,17.219999313354492,17.219999313354492,222500
2026-03-23 15:35:00+00:00,B3SA3.SA,17.219999313354492,17.239999771118164,17.149999618530273,17.149999618530273,448300
2026-03-23 15:40:00+00:00,B3SA3.SA,17.139999389648438,17.219999313354492,17.1200008392334,17.190000534057617,494500
2026-03-23 15:45:00+00:00,B3SA3.SA,17.18000030517578,17.190000534057617,17.149999618530273,17.149999618530273,358200
2026-03-23 15:50:00+00:00,B3SA3.SA,17.149999618530273,17.190000534057617,17.100000381469727,17.1200008392334,423300
2026-03-23 15:55:00+00:00,B3SA3.SA,17.1200008392334,17.1200008392334,17.06999969482422,17.110000610351562,476100
2026-03-23 16:00:00+00:00,B3SA3.SA,17.1200008392334,17.15999984741211,17.110000610351562,17.1200008392334,240500
2026-03-23 16:05:00+00:00,B3SA3.SA,17.110000610351562,17.170000076293945,17.100000381469727,17.139999389648438,216200
2026-03-23 16:10:00+00:00,B3SA3.SA,17.1299991607666,17.170000076293945,17.110000610351562,17.149999618530273,307500
2026-03-23 16:15:00+00:00,B3SA3.SA,17.139999389648438,17.139999389648438,17.06999969482422,17.06999969482422,236100
2026-03-23 16:20:00+00:00,B3SA3.SA,17.079999923706055,17.079999923706055,17.049999237060547,17.049999237060547,242500
2026-03-23 16:25:00+00:00,B3SA3.SA,17.049999237060547,17.049999237060547,16.969999313354492,16.979999542236328,283700
2026-03-23 16:30:00+00:00,B3SA3.SA,16.979999542236328,17.079999923706055,16.979999542236328,17.06999969482422,260500
2026-03-23 16:35:00+00:00,B3SA3.SA,17.079999923706055,17.110000610351562,17.06999969482422,17.079999923706055,311700
2026-03-23 16:40:00+00:00,B3SA3.SA,17.079999923706055,17.100000381469727,17.06999969482422,17.09000015258789,316300
2026-03-23 16:45:00+00:00,B3SA3.SA,17.09000015258789,17.110000610351562,17.049999237060547,17.09000015258789,306400
2026-03-23 16:50:00+00:00,B3SA3.SA,17.100000381469727,17.1299991607666,17.06999969482422,17.079999923706055,379400
2026-03-23 16:55:00+00:00,B3SA3.SA,17.079999923706055,17.100000381469727,17.020000457763672,17.030000686645508,287600
2026-03-23 17:00:00+00:00,B3SA3.SA,17.030000686645508,17.049999237060547,17.010000228881836,17.030000686645508,223000
2026-03-23 17:05:00+00:00,B3SA3.SA,17.030000686645508,17.09000015258789,17.030000686645508,17.059999465942383,250700
2026-03-23 17:10:00+00:00,B3SA3.SA,17.059999465942383,17.06999969482422,17.030000686645508,17.030000686645508,249800
2026-03-23 17:15:00+00:00,B3SA3.SA,17.030000686645508,17.06999969482422,17.030000686645508,17.049999237060547,238700
2026-03-23 17:20:00+00:00,B3SA3.SA,17.049999237060547,17.059999465942383,17.010000228881836,17.049999237060547,379200
2026-03-23 17:25:00+00:00,B3SA3.SA,17.049999237060547,17.100000381469727,17.040000915527344,17.09000015258789,271900
2026-03-23 17:30:00+00:00,B3SA3.SA,17.09000015258789,17.110000610351562,17.049999237060547,17.110000610351562,320300
2026-03-23 17:35:00+00:00,B3SA3.SA,17.1200008392334,17.149999618530273,17.110000610351562,17.110000610351562,241200
2026-03-23 17:40:00+00:00,B3SA3.SA,17.110000610351562,17.110000610351562,17.040000915527344,17.049999237060547,287000
2026-03-23 17:45:00+00:00,B3SA3.SA,17.049999237060547,17.09000015258789,17.049999237060547,17.09000015258789,244400
2026-03-23 17:50:00+00:00,B3SA3.SA,17.079999923706055,17.1200008392334,17.079999923706055,17.110000610351562,338700
2026-03-23 17:55:00+00:00,B3SA3.SA,17.100000381469727,17.149999618530273,17.100000381469727,17.1200008392334,551200
2026-03-23 18:00:00+00:00,B3SA3.SA,17.1200008392334,17.1200008392334,17.020000457763672,17.040000915527344,814700
2026-03-23 18:05:00+00:00,B3SA3.SA,17.020000457763672,17.030000686645508,16.950000762939453,17.020000457763672,380000
2026-03-23 18:10:00+00:00,B3SA3.SA,17.020000457763672,17.06999969482422,17.020000457763672,17.049999237060547,365000
2026-03-23 18:15:00+00:00,B3SA3.SA,17.049999237060547,17.049999237060547,17.020000457763672,17.020000457763672,153200
2026-03-23 18:20:00+00:00,B3SA3.SA,17.020000457763672,17.049999237060547,17.010000228881836,17.030000686645508,180700
2026-03-23 18:25:00+00:00,B3SA3.SA,17.030000686645508,17.079999923706055,17.030000686645508,17.059999465942383,328900
2026-03-23 18:30:00+00:00,B3SA3.SA,17.049999237060547,17.15999984741211,17.049999237060547,17.149999618530273,264500
2026-03-23 18:35:00+00:00,B3SA3.SA,17.149999618530273,17.25,17.149999618530273,17.229999542236328,607100
2026-03-23 18:40:00+00:00,B3SA3.SA,17.229999542236328,17.239999771118164,17.18000030517578,17.200000762939453,279600
2026-03-23 18:45:00+00:00,B3SA3.SA,17.190000534057617,17.229999542236328,17.190000534057617,17.219999313354492,226100
2026-03-23 18:50:00+00:00,B3SA3.SA,17.219999313354492,17.229999542236328,17.18000030517578,17.209999084472656,351000
2026-03-23 18:55:00+00:00,B3SA3.SA,17.200000762939453,17.239999771118164,17.200000762939453,17.200000762939453,247000
2026-03-23 19:00:00+00:00,B3SA3.SA,17.200000762939453,17.219999313354492,17.1299991607666,17.139999389648438,459900
2026-03-23 19:05:00+00:00,B3SA3.SA,17.139999389648438,17.170000076293945,17.139999389648438,17.15999984741211,487500
2026-03-23 19:10:00+00:00,B3SA3.SA,17.15999984741211,17.18000030517578,17.1299991607666,17.149999618530273,374500
2026-03-23 19:15:00+00:00,B3SA3.SA,17.149999618530273,17.170000076293945,17.110000610351562,17.149999618530273,525900
2026-03-23 19:20:00+00:00,B3SA3.SA,17.15999984741211,17.15999984741211,17.100000381469727,17.1200008392334,511400
2026-03-23 19:25:00+00:00,B3SA3.SA,17.1299991607666,17.149999618530273,17.100000381469727,17.100000381469727,453900
2026-03-23 19:30:00+00:00,B3SA3.SA,17.100000381469727,17.15999984741211,17.09000015258789,17.139999389648438,722500
2026-03-23 19:35:00+00:00,B3SA3.SA,17.139999389648438,17.149999618530273,17.1200008392334,17.139999389648438,430000
2026-03-23 19:40:00+00:00,B3SA3.SA,17.139999389648438,17.190000534057617,17.1299991607666,17.18000030517578,511200
2026-03-23 19:45:00+00:00,B3SA3.SA,17.190000534057617,17.270000457763672,17.190000534057617,17.260000228881836,602200
2026-03-23 19:50:00+00:00,B3SA3.SA,17.260000228881836,17.290000915527344,17.229999542236328,17.239999771118164,806400
2026-03-24 13:05:00+00:00,B3SA3.SA,16.969999313354492,16.989999771118164,16.860000610351562,16.940000534057617,162200
2026-03-24 13:10:00+00:00,B3SA3.SA,16.940000534057617,17.049999237060547,16.920000076293945,17.020000457763672,181200
2026-03-24 13:15:00+00:00,B3SA3.SA,17.020000457763672,17.040000915527344,16.950000762939453,16.959999084472656,145600
2026-03-24 13:20:00+00:00,B3SA3.SA,16.950000762939453,16.959999084472656,16.8700008392334,16.920000076293945,155500
2026-03-24 13:25:00+00:00,B3SA3.SA,16.920000076293945,16.959999084472656,16.8799991607666,16.889999389648438,136200
2026-03-24 13:30:00+00:00,B3SA3.SA,16.889999389648438,16.959999084472656,16.8700008392334,16.93000030517578,135500
2026-03-24 13:35:00+00:00,B3SA3.SA,16.940000534057617,16.940000534057617,16.8799991607666,16.90999984741211,255900
2026-03-24 13:40:00+00:00,B3SA3.SA,16.920000076293945,16.93000030517578,16.8700008392334,16.889999389648438,292900
2026-03-24 13:45:00+00:00,B3SA3.SA,16.889999389648438,17.010000228881836,16.8700008392334,16.950000762939453,1326600
2026-03-24 13:50:00+00:00,B3SA3.SA,16.950000762939453,17.010000228881836,16.950000762939453,16.969999313354492,188500
2026-03-24 13:55:00+00:00,B3SA3.SA,16.969999313354492,17.06999969482422,16.959999084472656,17.049999237060547,182800
2026-03-24 14:00:00+00:00,B3SA3.SA,17.059999465942383,17.1299991607666,17.040000915527344,17.110000610351562,160400
2026-03-24 14:05:00+00:00,B3SA3.SA,17.1200008392334,17.200000762939453,17.100000381469727,17.200000762939453,183200
2026-03-24 14:10:00+00:00,B3SA3.SA,17.190000534057617,17.219999313354492,17.1299991607666,17.190000534057617,404000
2026-03-24 14:15:00+00:00,B3SA3.SA,17.190000534057617,17.229999542236328,17.170000076293945,17.229999542236328,176800
2026-03-24 14:20:00+00:00,B3SA3.SA,17.219999313354492,17.239999771118164,17.149999618530273,17.190000534057617,227400
2026-03-24 14:25:00+00:00,B3SA3.SA,17.190000534057617,17.229999542236328,17.149999618530273,17.170000076293945,374200
2026-03-24 14:30:00+00:00,B3SA3.SA,17.15999984741211,17.209999084472656,17.1200008392334,17.190000534057617,255100
2026-03-24 14:35:00+00:00,B3SA3.SA,17.18000030517578,17.190000534057617,17.09000015258789,17.1200008392334,631000
2026-03-24 14:40:00+00:00,B3SA3.SA,17.110000610351562,17.200000762939453,17.110000610351562,17.15999984741211,183600
2026-03-24 14:45:00+00:00,B3SA3.SA,17.15999984741211,17.219999313354492,17.139999389648438,17.170000076293945,302400
2026-03-24 14:50:00+00:00,B3SA3.SA,17.170000076293945,17.299999237060547,17.149999618530273,17.229999542236328,340800
2026-03-24 14:55:00+00:00,B3SA3.SA,17.219999313354492,17.270000457763672,17.1200008392334,17.139999389648438,306500
2026-03-24 15:00:00+00:00,B3SA3.SA,17.149999618530273,17.209999084472656,17.139999389648438,17.18000030517578,177700
2026-03-24 15:05:00+00:00,B3SA3.SA,17.190000534057617,17.209999084472656,17.170000076293945,17.190000534057617,121200
2026-03-24 15:10:00+00:00,B3SA3.SA,17.200000762939453,17.239999771118164,17.18000030517578,17.239999771118164,89600
2026-03-24 15:15:00+00:00,B3SA3.SA,17.239999771118164,17.260000228881836,17.219999313354492,17.239999771118164,71400
2026-03-24 15:20:00+00:00,B3SA3.SA,17.239999771118164,17.280000686645508,17.219999313354492,17.260000228881836,140000
2026-03-24 15:25:00+00:00,B3SA3.SA,17.260000228881836,17.290000915527344,17.239999771118164,17.270000457763672,99900
2026-03-24 15:30:00+00:00,B3SA3.SA,17.270000457763672,17.299999237060547,17.260000228881836,17.290000915527344,77400
2026-03-24 15:35:00+00:00,B3SA3.SA,17.290000915527344,17.31999969482422,17.280000686645508,17.280000686645508,305200
2026-03-24 15:40:00+00:00,B3SA3.SA,17.270000457763672,17.280000686645508,17.239999771118164,17.260000228881836,104500
2026-03-24 15:45:00+00:00,B3SA3.SA,17.260000228881836,17.270000457763672,17.219999313354492,17.25,91700
2026-03-24 15:50:00+00:00,B3SA3.SA,17.239999771118164,17.25,17.219999313354492,17.219999313354492,81100
2026-03-24 15:55:00+00:00,B3SA3.SA,17.219999313354492,17.229999542236328,17.15999984741211,17.18000030517578,157600
2026-03-24 16:00:00+00:00,B3SA3.SA,17.170000076293945,17.190000534057617,17.15999984741211,17.18000030517578,74300
2026-03-24 16:05:00+00:00,B3SA3.SA,17.170000076293945,17.190000534057617,17.139999389648438,17.149999618530273,120400
2026-03-24 16:10:00+00:00,B3SA3.SA,17.149999618530273,17.15999984741211,17.110000610351562,17.149999618530273,107300
2026-03-24 16:15:00+00:00,B3SA3.SA,17.139999389648438,17.190000534057617,17.139999389648438,17.190000534057617,44700
2026-03-24 16:20:00+00:00,B3SA3.SA,17.18000030517578,17.209999084472656,17.170000076293945,17.190000534057617,86400
2026-03-24 16:25:00+00:00,B3SA3.SA,17.170000076293945,17.200000762939453,17.170000076293945,17.200000762939453,50300
2026-03-24 16:30:00+00:00,B3SA3.SA,17.190000534057617,17.209999084472656,17.139999389648438,17.15999984741211,185200
2026-03-24 16:35:00+00:00,B3SA3.SA,17.139999389648438,17.15999984741211,17.09000015258789,17.110000610351562,170300
2026-03-24 16:40:00+00:00,B3SA3.SA,17.110000610351562,17.139999389648438,17.100000381469727,17.1299991607666,65100
2026-03-24 16:45:00+00:00,B3SA3.SA,17.1299991607666,17.15999984741211,17.1200008392334,17.1299991607666,73600
2026-03-24 16:50:00+00:00,B3SA3.SA,17.1299991607666,17.15999984741211,17.1299991607666,17.139999389648438,50400
2026-03-24 16:55:00+00:00,B3SA3.SA,17.149999618530273,17.149999618530273,17.110000610351562,17.1200008392334,115700
2026-03-24 17:00:00+00:00,B3SA3.SA,17.1200008392334,17.1299991607666,17.049999237060547,17.049999237060547,105900
2026-03-24 17:05:00+00:00,B3SA3.SA,17.049999237060547,17.059999465942383,17.0,17.020000457763672,163700
2026-03-24 17:10:00+00:00,B3SA3.SA,17.020000457763672,17.049999237060547,17.0,17.049999237060547,159000
2026-03-24 17:15:00+00:00,B3SA3.SA,17.040000915527344,17.049999237060547,17.0,17.020000457763672,229300
2026-03-24 17:20:00+00:00,B3SA3.SA,17.030000686645508,17.06999969482422,17.020000457763672,17.040000915527344,175100
2026-03-24 17:25:00+00:00,B3SA3.SA,17.040000915527344,17.06999969482422,17.030000686645508,17.06999969482422,120700
2026-03-24 17:30:00+00:00,B3SA3.SA,17.059999465942383,17.110000610351562,17.040000915527344,17.040000915527344,401300
2026-03-24 17:35:00+00:00,B3SA3.SA,17.049999237060547,17.110000610351562,17.040000915527344,17.09000015258789,52700
2026-03-24 17:40:00+00:00,B3SA3.SA,17.100000381469727,17.110000610351562,17.010000228881836,17.040000915527344,228200
2026-03-24 17:45:00+00:00,B3SA3.SA,17.049999237060547,17.06999969482422,17.040000915527344,17.059999465942383,128900
2026-03-24 17:50:00+00:00,B3SA3.SA,17.049999237060547,17.110000610351562,17.040000915527344,17.049999237060547,198000
2026-03-24 17:55:00+00:00,B3SA3.SA,17.049999237060547,17.170000076293945,17.049999237060547,17.15999984741211,284300
2026-03-24 18:00:00+00:00,B3SA3.SA,17.15999984741211,17.280000686645508,17.149999618530273,17.219999313354492,549200
2026-03-24 18:05:00+00:00,B3SA3.SA,17.200000762939453,17.260000228881836,17.200000762939453,17.229999542236328,338800
2026-03-24 18:10:00+00:00,B3SA3.SA,17.219999313354492,17.25,17.200000762939453,17.209999084472656,167800
2026-03-24 18:15:00+00:00,B3SA3.SA,17.219999313354492,17.229999542236328,17.170000076293945,17.209999084472656,168200
2026-03-24 18:20:00+00:00,B3SA3.SA,17.209999084472656,17.239999771118164,17.190000534057617,17.239999771118164,132000
2026-03-24 18:25:00+00:00,B3SA3.SA,17.239999771118164,17.299999237060547,17.229999542236328,17.290000915527344,242600
2026-03-24 18:30:00+00:00,B3SA3.SA,17.280000686645508,17.31999969482422,17.260000228881836,17.260000228881836,306700
2026-03-24 18:35:00+00:00,B3SA3.SA,17.260000228881836,17.309999465942383,17.229999542236328,17.309999465942383,243300
2026-03-24 18:40:00+00:00,B3SA3.SA,17.290000915527344,17.299999237060547,17.239999771118164,17.239999771118164,79400
2026-03-24 18:45:00+00:00,B3SA3.SA,17.25,17.260000228881836,17.209999084472656,17.239999771118164,114800
2026-03-24 18:50:00+00:00,B3SA3.SA,17.239999771118164,17.280000686645508,17.200000762939453,17.25,257100
2026-03-24 18:55:00+00:00,B3SA3.SA,17.25,17.270000457763672,17.219999313354492,17.219999313354492,110700
2026-03-24 19:00:00+00:00,B3SA3.SA,17.229999542236328,17.280000686645508,17.229999542236328,17.260000228881836,127300
2026-03-24 19:05:00+00:00,B3SA3.SA,17.260000228881836,17.299999237060547,17.260000228881836,17.299999237060547,127700
2026-03-24 19:10:00+00:00,B3SA3.SA,17.290000915527344,17.309999465942383,17.280000686645508,17.290000915527344,105500
2026-03-24 19:15:00+00:00,B3SA3.SA,17.309999465942383,17.34000015258789,17.299999237060547,17.34000015258789,292800
2026-03-24 19:20:00+00:00,B3SA3.SA,17.34000015258789,17.350000381469727,17.299999237060547,17.309999465942383,277800
2026-03-24 19:25:00+00:00,B3SA3.SA,17.299999237060547,17.329999923706055,17.290000915527344,17.329999923706055,413700
2026-03-24 19:30:00+00:00,B3SA3.SA,17.309999465942383,17.329999923706055,17.299999237060547,17.31999969482422,297900
2026-03-24 19:35:00+00:00,B3SA3.SA,17.31999969482422,17.360000610351562,17.299999237060547,17.350000381469727,443400
2026-03-24 19:40:00+00:00,B3SA3.SA,17.350000381469727,17.360000610351562,17.31999969482422,17.34000015258789,301900
2026-03-24 19:45:00+00:00,B3SA3.SA,17.329999923706055,17.350000381469727,17.309999465942383,17.350000381469727,230100
2026-03-24 19:50:00+00:00,B3SA3.SA,17.350000381469727,17.350000381469727,17.290000915527344,17.34000015258789,252200
2026-03-25 13:05:00+00:00,B3SA3.SA,17.850000381469727,18.0,17.780000686645508,17.93000030517578,836100
2026-03-25 13:10:00+00:00,B3SA3.SA,17.93000030517578,18.030000686645508,17.8799991607666,17.899999618530273,431700
2026-03-25 13:15:00+00:00,B3SA3.SA,17.90999984741211,18.0,17.899999618530273,17.989999771118164,488600
2026-03-25 13:20:00+00:00,B3SA3.SA,17.979999542236328,18.049999237060547,17.969999313354492,18.049999237060547,387200
2026-03-25 13:25:00+00:00,B3SA3.SA,18.040000915527344,18.110000610351562,18.010000228881836,18.049999237060547,711800
2026-03-25 13:30:00+00:00,B3SA3.SA,18.059999465942383,18.149999618530273,18.049999237060547,18.139999389648438,541100
2026-03-25 13:35:00+00:00,B3SA3.SA,18.149999618530273,18.270000457763672,18.149999618530273,18.219999313354492,652800
2026-03-25 13:40:00+00:00,B3SA3.SA,18.200000762939453,18.260000228881836,18.15999984741211,18.18000030517578,430000
2026-03-25 13:45:00+00:00,B3SA3.SA,18.190000534057617,18.200000762939453,18.06999969482422,18.079999923706055,1045800
2026-03-25 13:50:00+00:00,B3SA3.SA,18.079999923706055,18.09000015258789,18.020000457763672,18.030000686645508,1257200
2026-03-25 13:55:00+00:00,B3SA3.SA,18.030000686645508,18.040000915527344,17.969999313354492,17.979999542236328,934400
2026-03-25 14:00:00+00:00,B3SA3.SA,17.979999542236328,17.979999542236328,17.899999618530273,17.920000076293945,806200
2026-03-25 14:05:00+00:00,B3SA3.SA,17.920000076293945,17.940000534057617,17.899999618530273,17.940000534057617,482800
2026-03-25 14:10:00+00:00,B3SA3.SA,17.940000534057617,17.940000534057617,17.8799991607666,17.889999389648438,399100
2026-03-25 14:15:00+00:00,B3SA3.SA,17.889999389648438,17.959999084472656,17.889999389648438,17.959999084472656,348100
2026-03-25 14:20:00+00:00,B3SA3.SA,17.959999084472656,18.079999923706055,17.93000030517578,18.010000228881836,1018500
2026-03-25 14:25:00+00:00,B3SA3.SA,18.010000228881836,18.059999465942383,17.989999771118164,18.030000686645508,316700
2026-03-25 14:30:00+00:00,B3SA3.SA,18.040000915527344,18.100000381469727,18.020000457763672,18.09000015258789,513800
2026-03-25 14:35:00+00:00,B3SA3.SA,18.09000015258789,18.110000610351562,18.06999969482422,18.110000610351562,244800
2026-03-25 14:40:00+00:00,B3SA3.SA,18.110000610351562,18.18000030517578,18.079999923706055,18.170000076293945,332200
2026-03-25 14:45:00+00:00,B3SA3.SA,18.15999984741211,18.299999237060547,18.15999984741211,18.290000915527344,942600
2026-03-25 14:50:00+00:00,B3SA3.SA,18.299999237060547,18.309999465942383,18.209999084472656,18.219999313354492,577200
2026-03-25 14:55:00+00:00,B3SA3.SA,18.209999084472656,18.25,18.209999084472656,18.219999313354492,284400
2026-03-25 15:00:00+00:00,B3SA3.SA,18.219999313354492,18.239999771118164,18.170000076293945,18.219999313354492,288900
2026-03-25 15:05:00+00:00,B3SA3.SA,18.229999542236328,18.239999771118164,18.18000030517578,18.209999084472656,416600
2026-03-25 15:10:00+00:00,B3SA3.SA,18.209999084472656,18.229999542236328,18.100000381469727,18.1299991607666,549300
2026-03-25 15:15:00+00:00,B3SA3.SA,18.1299991607666,18.15999984741211,17.959999084472656,18.030000686645508,673100
2026-03-25 15:20:00+00:00,B3SA3.SA,18.030000686645508,18.1299991607666,18.020000457763672,18.110000610351562,875000
2026-03-25 15:25:00+00:00,B3SA3.SA,18.110000610351562,18.149999618530273,18.100000381469727,18.110000610351562,484800
2026-03-25 15:30:00+00:00,B3SA3.SA,18.110000610351562,18.18000030517578,18.100000381469727,18.139999389648438,408300
2026-03-25 15:35:00+00:00,B3SA3.SA,18.139999389648438,18.170000076293945,18.1299991607666,18.1299991607666,231600
2026-03-25 15:40:00+00:00,B3SA3.SA,18.139999389648438,18.170000076293945,18.1200008392334,18.149999618530273,314200
2026-03-25 15:45:00+00:00,B3SA3.SA,18.15999984741211,18.18000030517578,18.139999389648438,18.170000076293945,281800
2026-03-25 15:50:00+00:00,B3SA3.SA,18.15999984741211,18.18000030517578,18.149999618530273,18.15999984741211,234800
2026-03-25 15:55:00+00:00,B3SA3.SA,18.170000076293945,18.209999084472656,18.15999984741211,18.18000030517578,385800
2026-03-25 16:00:00+00:00,B3SA3.SA,18.190000534057617,18.190000534057617,18.149999618530273,18.15999984741211,385600
2026-03-25 16:05:00+00:00,B3SA3.SA,18.15999984741211,18.170000076293945,18.139999389648438,18.149999618530273,381300
2026-03-25 16:10:00+00:00,B3SA3.SA,18.149999618530273,18.200000762939453,18.1299991607666,18.200000762939453,291600
2026-03-25 16:15:00+00:00,B3SA3.SA,18.200000762939453,18.219999313354492,18.18000030517578,18.209999084472656,307400
2026-03-25 16:20:00+00:00,B3SA3.SA,18.209999084472656,18.209999084472656,18.1299991607666,18.200000762939453,2101700
2026-03-25 16:25:00+00:00,B3SA3.SA,18.200000762939453,18.219999313354492,18.100000381469727,18.1299991607666,906900
2026-03-25 16:30:00+00:00,B3SA3.SA,18.139999389648438,18.219999313354492,18.1200008392334,18.200000762939453,1065800
2026-03-25 16:35:00+00:00,B3SA3.SA,18.200000762939453,18.25,18.18000030517578,18.229999542236328,491200
2026-03-25 16:40:00+00:00,B3SA3.SA,18.239999771118164,18.25,18.200000762939453,18.200000762939453,379900
2026-03-25 16:45:00+00:00,B3SA3.SA,18.200000762939453,18.229999542236328,18.18000030517578,18.200000762939453,498300
2026-03-25 16:50:00+00:00,B3SA3.SA,18.200000762939453,18.229999542236328,18.18000030517578,18.219999313354492,353600
2026-03-25 16:55:00+00:00,B3SA3.SA,18.209999084472656,18.25,18.209999084472656,18.239999771118164,324500
2026-03-25 17:00:00+00:00,B3SA3.SA,18.229999542236328,18.260000228881836,18.209999084472656,18.219999313354492,368400
2026-03-25 17:05:00+00:00,B3SA3.SA,18.219999313354492,18.229999542236328,18.190000534057617,18.190000534057617,243900
2026-03-25 17:10:00+00:00,B3SA3.SA,18.190000534057617,18.229999542236328,18.190000534057617,18.219999313354492,268100
2026-03-25 17:15:00+00:00,B3SA3.SA,18.219999313354492,18.229999542236328,18.1200008392334,18.1299991607666,534400
2026-03-25 17:20:00+00:00,B3SA3.SA,18.1200008392334,18.18000030517578,18.100000381469727,18.15999984741211,403900
2026-03-25 17:25:00+00:00,B3SA3.SA,18.15999984741211,18.190000534057617,18.149999618530273,18.15999984741211,191600
2026-03-25 17:30:00+00:00,B3SA3.SA,18.15999984741211,18.200000762939453,18.1299991607666,18.200000762939453,335400
2026-03-25 17:35:00+00:00,B3SA3.SA,18.18000030517578,18.260000228881836,18.18000030517578,18.239999771118164,459400
2026-03-25 17:40:00+00:00,B3SA3.SA,18.25,18.270000457763672,18.209999084472656,18.209999084472656,495500
2026-03-25 17:45:00+00:00,B3SA3.SA,18.219999313354492,18.229999542236328,18.209999084472656,18.229999542236328,230400
2026-03-25 17:50:00+00:00,B3SA3.SA,18.219999313354492,18.25,18.200000762939453,18.200000762939453,277300
2026-03-25 17:55:00+00:00,B3SA3.SA,18.200000762939453,18.25,18.190000534057617,18.209999084472656,308600
2026-03-25 18:00:00+00:00,B3SA3.SA,18.219999313354492,18.239999771118164,18.209999084472656,18.229999542236328,263600
2026-03-25 18:05:00+00:00,B3SA3.SA,18.219999313354492,18.25,18.200000762939453,18.219999313354492,473300
2026-03-25 18:10:00+00:00,B3SA3.SA,18.229999542236328,18.280000686645508,18.219999313354492,18.260000228881836,521100
2026-03-25 18:15:00+00:00,B3SA3.SA,18.270000457763672,18.290000915527344,18.239999771118164,18.270000457763672,588200
2026-03-25 18:20:00+00:00,B3SA3.SA,18.270000457763672,18.299999237060547,18.25,18.260000228881836,1306700
2026-03-25 18:25:00+00:00,B3SA3.SA,18.260000228881836,18.270000457763672,18.170000076293945,18.170000076293945,395800
2026-03-25 18:30:00+00:00,B3SA3.SA,18.18000030517578,18.219999313354492,18.149999618530273,18.18000030517578,303600
2026-03-25 18:35:00+00:00,B3SA3.SA,18.190000534057617,18.200000762939453,18.149999618530273,18.170000076293945,192600
2026-03-25 18:40:00+00:00,B3SA3.SA,18.15999984741211,18.170000076293945,18.100000381469727,18.110000610351562,269800
2026-03-25 18:45:00+00:00,B3SA3.SA,18.1200008392334,18.1200008392334,18.049999237060547,18.049999237060547,249900
2026-03-25 18:50:00+00:00,B3SA3.SA,18.059999465942383,18.079999923706055,18.049999237060547,18.059999465942383,194800
2026-03-25 18:55:00+00:00,B3SA3.SA,18.06999969482422,18.06999969482422,17.920000076293945,18.010000228881836,655300
2026-03-25 19:00:00+00:00,B3SA3.SA,18.010000228881836,18.020000457763672,17.969999313354492,18.0,277800
2026-03-25 19:05:00+00:00,B3SA3.SA,17.989999771118164,18.0,17.979999542236328,17.989999771118164,243100
2026-03-25 19:10:00+00:00,B3SA3.SA,17.979999542236328,18.0,17.959999084472656,17.989999771118164,202700
2026-03-25 19:15:00+00:00,B3SA3.SA,17.989999771118164,18.040000915527344,17.979999542236328,18.040000915527344,292600
2026-03-25 19:20:00+00:00,B3SA3.SA,18.030000686645508,18.049999237060547,18.020000457763672,18.040000915527344,350700
2026-03-25 19:25:00+00:00,B3SA3.SA,18.030000686645508,18.049999237060547,18.010000228881836,18.030000686645508,329800
2026-03-25 19:30:00+00:00,B3SA3.SA,18.030000686645508,18.030000686645508,18.0,18.020000457763672,312400
2026-03-25 19:35:00+00:00,B3SA3.SA,18.020000457763672,18.040000915527344,17.979999542236328,17.989999771118164,377600
2026-03-25 19:40:00+00:00,B3SA3.SA,18.0,18.010000228881836,17.979999542236328,17.979999542236328,299200
2026-03-25 19:45:00+00:00,B3SA3.SA,17.979999542236328,18.0,17.969999313354492,17.979999542236328,276900
2026-03-25 19:50:00+00:00,B3SA3.SA,17.979999542236328,18.030000686645508,17.979999542236328,18.020000457763672,448800
2026-03-26 13:05:00+00:00,B3SA3.SA,17.68000030517578,17.739999771118164,17.579999923706055,17.739999771118164,272400
2026-03-26 13:10:00+00:00,B3SA3.SA,17.729999542236328,18.0,17.719999313354492,18.0,487000
2026-03-26 13:15:00+00:00,B3SA3.SA,18.0,18.030000686645508,17.8700008392334,17.989999771118164,746600
2026-03-26 13:20:00+00:00,B3SA3.SA,17.989999771118164,18.079999923706055,17.959999084472656,17.989999771118164,541700
2026-03-26 13:25:00+00:00,B3SA3.SA,18.010000228881836,18.040000915527344,17.969999313354492,18.0,475600
2026-03-26 13:30:00+00:00,B3SA3.SA,18.0,18.059999465942383,17.979999542236328,18.020000457763672,186300
2026-03-26 13:35:00+00:00,B3SA3.SA,18.010000228881836,18.020000457763672,17.93000030517578,17.959999084472656,289100
2026-03-26 13:40:00+00:00,B3SA3.SA,17.959999084472656,18.049999237060547,17.93000030517578,18.049999237060547,537500
2026-03-26 13:45:00+00:00,B3SA3.SA,18.049999237060547,18.18000030517578,18.049999237060547,18.079999923706055,303300
2026-03-26 13:50:00+00:00,B3SA3.SA,18.079999923706055,18.149999618530273,18.040000915527344,18.1299991607666,142000
2026-03-26 13:55:00+00:00,B3SA3.SA,18.1200008392334,18.139999389648438,18.059999465942383,18.1299991607666,226300
2026-03-26 14:00:00+00:00,B3SA3.SA,18.110000610351562,18.18000030517578,18.110000610351562,18.15999984741211,326300
2026-03-26 14:05:00+00:00,B3SA3.SA,18.170000076293945,18.190000534057617,18.06999969482422,18.06999969482422,362000
2026-03-26 14:10:00+00:00,B3SA3.SA,18.06999969482422,18.15999984741211,18.06999969482422,18.15999984741211,206500
2026-03-26 14:15:00+00:00,B3SA3.SA,18.149999618530273,18.18000030517578,18.139999389648438,18.18000030517578,102000
2026-03-26 14:20:00+00:00,B3SA3.SA,18.15999984741211,18.229999542236328,18.149999618530273,18.209999084472656,331800
2026-03-26 14:25:00+00:00,B3SA3.SA,18.209999084472656,18.229999542236328,18.18000030517578,18.190000534057617,190200
2026-03-26 14:30:00+00:00,B3SA3.SA,18.18000030517578,18.25,18.18000030517578,18.239999771118164,181300
2026-03-26 14:35:00+00:00,B3SA3.SA,18.239999771118164,18.25,18.170000076293945,18.190000534057617,447800
2026-03-26 14:40:00+00:00,B3SA3.SA,18.190000534057617,18.229999542236328,18.100000381469727,18.110000610351562,313600
2026-03-26 14:45:00+00:00,B3SA3.SA,18.100000381469727,18.1200008392334,18.0,18.079999923706055,1651300
2026-03-26 14:50:00+00:00,B3SA3.SA,18.079999923706055,18.18000030517578,18.079999923706055,18.1299991607666,321300
2026-03-26 14:55:00+00:00,B3SA3.SA,18.1200008392334,18.229999542236328,18.110000610351562,18.229999542236328,287200
2026-03-26 15:00:00+00:00,B3SA3.SA,18.229999542236328,18.239999771118164,18.18000030517578,18.200000762939453,276100
2026-03-26 15:05:00+00:00,B3SA3.SA,18.190000534057617,18.229999542236328,18.18000030517578,18.190000534057617,348900
2026-03-26 15:10:00+00:00,B3SA3.SA,18.190000534057617,18.219999313354492,18.190000534057617,18.200000762939453,140600
2026-03-26 15:15:00+00:00,B3SA3.SA,18.200000762939453,18.209999084472656,18.15999984741211,18.190000534057617,158700
2026-03-26 15:20:00+00:00,B3SA3.SA,18.190000534057617,18.209999084472656,18.149999618530273,18.18000030517578,271400
2026-03-26 15:25:00+00:00,B3SA3.SA,18.18000030517578,18.219999313354492,18.170000076293945,18.18000030517578,242900
2026-03-26 15:30:00+00:00,B3SA3.SA,18.18000030517578,18.18000030517578,18.06999969482422,18.079999923706055,949200
2026-03-26 15:35:00+00:00,B3SA3.SA,18.079999923706055,18.110000610351562,18.059999465942383,18.079999923706055,265300
2026-03-26 15:40:00+00:00,B3SA3.SA,18.09000015258789,18.100000381469727,18.040000915527344,18.059999465942383,196500
2026-03-26 15:45:00+00:00,B3SA3.SA,18.059999465942383,18.09000015258789,18.030000686645508,18.06999969482422,212700
2026-03-26 15:50:00+00:00,B3SA3.SA,18.06999969482422,18.110000610351562,18.059999465942383,18.079999923706055,105100
2026-03-26 15:55:00+00:00,B3SA3.SA,18.09000015258789,18.110000610351562,18.06999969482422,18.110000610351562,114800
2026-03-26 16:00:00+00:00,B3SA3.SA,18.100000381469727,18.110000610351562,18.059999465942383,18.06999969482422,93000
2026-03-26 16:05:00+00:00,B3SA3.SA,18.06999969482422,18.06999969482422,18.040000915527344,18.040000915527344,93100
2026-03-26 16:10:00+00:00,B3SA3.SA,18.040000915527344,18.059999465942383,18.0,18.030000686645508,197600
2026-03-26 16:15:00+00:00,B3SA3.SA,18.030000686645508,18.030000686645508,17.93000030517578,17.950000762939453,289100
2026-03-26 16:20:00+00:00,B3SA3.SA,17.950000762939453,17.950000762939453,17.850000381469727,17.860000610351562,250800
2026-03-26 16:25:00+00:00,B3SA3.SA,17.8700008392334,17.8799991607666,17.84000015258789,17.8700008392334,228400
2026-03-26 16:30:00+00:00,B3SA3.SA,17.8799991607666,17.8799991607666,17.739999771118164,17.780000686645508,322600
2026-03-26 16:35:00+00:00,B3SA3.SA,17.780000686645508,17.780000686645508,17.719999313354492,17.729999542236328,329800
2026-03-26 16:40:00+00:00,B3SA3.SA,17.739999771118164,17.770000457763672,17.719999313354492,17.75,377700
2026-03-26 16:45:00+00:00,B3SA3.SA,17.760000228881836,17.790000915527344,17.719999313354492,17.770000457763672,369400
2026-03-26 16:50:00+00:00,B3SA3.SA,17.770000457763672,17.780000686645508,17.760000228881836,17.780000686645508,152500
2026-03-26 16:55:00+00:00,B3SA3.SA,17.780000686645508,17.850000381469727,17.770000457763672,17.809999465942383,299500
2026-03-26 17:00:00+00:00,B3SA3.SA,17.81999969482422,17.850000381469727,17.799999237060547,17.809999465942383,110200
2026-03-26 17:05:00+00:00,B3SA3.SA,17.81999969482422,17.860000610351562,17.809999465942383,17.850000381469727,97000
2026-03-26 17:10:00+00:00,B3SA3.SA,17.84000015258789,17.850000381469727,17.799999237060547,17.829999923706055,351400
2026-03-26 17:15:00+00:00,B3SA3.SA,17.829999923706055,17.829999923706055,17.790000915527344,17.81999969482422,91300
2026-03-26 17:20:00+00:00,B3SA3.SA,17.81999969482422,17.81999969482422,17.790000915527344,17.790000915527344,67000
2026-03-26 17:25:00+00:00,B3SA3.SA,17.790000915527344,17.809999465942383,17.790000915527344,17.809999465942383,143300
2026-03-26 17:30:00+00:00,B3SA3.SA,17.809999465942383,17.81999969482422,17.799999237060547,17.809999465942383,45700
2026-03-26 17:35:00+00:00,B3SA3.SA,17.81999969482422,17.829999923706055,17.799999237060547,17.809999465942383,55800
2026-03-26 17:40:00+00:00,B3SA3.SA,17.799999237060547,17.809999465942383,17.790000915527344,17.790000915527344,71100
2026-03-26 17:45:00+00:00,B3SA3.SA,17.799999237060547,17.81999969482422,17.790000915527344,17.809999465942383,62400
2026-03-26 17:50:00+00:00,B3SA3.SA,17.799999237060547,17.799999237060547,17.75,17.75,239500
2026-03-26 17:55:00+00:00,B3SA3.SA,17.75,17.790000915527344,17.739999771118164,17.75,89300
2026-03-26 18:00:00+00:00,B3SA3.SA,17.760000228881836,17.790000915527344,17.739999771118164,17.770000457763672,84000
2026-03-26 18:05:00+00:00,B3SA3.SA,17.780000686645508,17.790000915527344,17.760000228881836,17.780000686645508,73600
2026-03-26 18:10:00+00:00,B3SA3.SA,17.780000686645508,17.809999465942383,17.780000686645508,17.780000686645508,141700
2026-03-26 18:15:00+00:00,B3SA3.SA,17.780000686645508,17.809999465942383,17.780000686645508,17.790000915527344,87100
2026-03-26 18:20:00+00:00,B3SA3.SA,17.790000915527344,17.809999465942383,17.790000915527344,17.790000915527344,80100
2026-03-26 18:25:00+00:00,B3SA3.SA,17.809999465942383,17.81999969482422,17.790000915527344,17.799999237060547,82500
2026-03-26 18:30:00+00:00,B3SA3.SA,17.790000915527344,17.809999465942383,17.790000915527344,17.790000915527344,55000
2026-03-26 18:35:00+00:00,B3SA3.SA,17.799999237060547,17.829999923706055,17.780000686645508,17.829999923706055,144900
2026-03-26 18:40:00+00:00,B3SA3.SA,17.81999969482422,17.84000015258789,17.799999237060547,17.84000015258789,102300
2026-03-26 18:45:00+00:00,B3SA3.SA,17.84000015258789,17.899999618530273,17.81999969482422,17.8700008392334,209200
2026-03-26 18:50:00+00:00,B3SA3.SA,17.889999389648438,17.90999984741211,17.860000610351562,17.899999618530273,250100
2026-03-26 18:55:00+00:00,B3SA3.SA,17.899999618530273,17.899999618530273,17.8799991607666,17.899999618530273,112100
2026-03-26 19:00:00+00:00,B3SA3.SA,17.889999389648438,17.90999984741211,17.829999923706055,17.850000381469727,73800
2026-03-26 19:05:00+00:00,B3SA3.SA,17.84000015258789,17.860000610351562,17.809999465942383,17.829999923706055,114200
2026-03-26 19:10:00+00:00,B3SA3.SA,17.829999923706055,17.84000015258789,17.790000915527344,17.81999969482422,109100
2026-03-26 19:15:00+00:00,B3SA3.SA,17.81999969482422,17.860000610351562,17.799999237060547,17.850000381469727,157200
2026-03-26 19:20:00+00:00,B3SA3.SA,17.850000381469727,17.8700008392334,17.829999923706055,17.829999923706055,96600
2026-03-26 19:25:00+00:00,B3SA3.SA,17.829999923706055,17.850000381469727,17.799999237060547,17.809999465942383,135800
2026-03-26 19:30:00+00:00,B3SA3.SA,17.809999465942383,17.84000015258789,17.780000686645508,17.84000015258789,315900
2026-03-26 19:35:00+00:00,B3SA3.SA,17.84000015258789,17.8700008392334,17.81999969482422,17.850000381469727,363000
2026-03-26 19:40:00+00:00,B3SA3.SA,17.850000381469727,17.850000381469727,17.81999969482422,17.84000015258789,199700
2026-03-26 19:45:00+00:00,B3SA3.SA,17.84000015258789,17.850000381469727,17.799999237060547,17.850000381469727,357700
2026-03-26 19:50:00+00:00,B3SA3.SA,17.84000015258789,17.860000610351562,17.809999465942383,17.809999465942383,183100
2026-03-27 13:05:00+00:00,B3SA3.SA,17.610000610351562,17.610000610351562,17.350000381469727,17.3700008392334,294200
2026-03-27 13:10:00+00:00,B3SA3.SA,17.389999389648438,17.420000076293945,17.329999923706055,17.3799991607666,673800
2026-03-27 13:15:00+00:00,B3SA3.SA,17.3799991607666,17.459999084472656,17.280000686645508,17.309999465942383,521200
2026-03-27 13:20:00+00:00,B3SA3.SA,17.309999465942383,17.399999618530273,17.290000915527344,17.389999389648438,563200
2026-03-27 13:25:00+00:00,B3SA3.SA,17.3799991607666,17.40999984741211,17.350000381469727,17.3700008392334,406800
2026-03-27 13:30:00+00:00,B3SA3.SA,17.389999389648438,17.420000076293945,17.360000610351562,17.389999389648438,521500
2026-03-27 13:35:00+00:00,B3SA3.SA,17.389999389648438,17.5,17.350000381469727,17.479999542236328,471200
2026-03-27 13:40:00+00:00,B3SA3.SA,17.469999313354492,17.5,17.3799991607666,17.3799991607666,908000
2026-03-27 13:45:00+00:00,B3SA3.SA,17.389999389648438,17.520000457763672,17.3799991607666,17.469999313354492,1286900
2026-03-27 13:50:00+00:00,B3SA3.SA,17.469999313354492,17.479999542236328,17.399999618530273,17.450000762939453,437200
2026-03-27 13:55:00+00:00,B3SA3.SA,17.43000030517578,17.450000762939453,17.3799991607666,17.43000030517578,303600
2026-03-27 14:00:00+00:00,B3SA3.SA,17.43000030517578,17.549999237060547,17.420000076293945,17.530000686645508,923700
2026-03-27 14:05:00+00:00,B3SA3.SA,17.530000686645508,17.600000381469727,17.510000228881836,17.530000686645508,955100
2026-03-27 14:10:00+00:00,B3SA3.SA,17.510000228881836,17.559999465942383,17.489999771118164,17.540000915527344,273800
2026-03-27 14:15:00+00:00,B3SA3.SA,17.540000915527344,17.649999618530273,17.540000915527344,17.610000610351562,499100
2026-03-27 14:20:00+00:00,B3SA3.SA,17.6299991607666,17.649999618530273,17.56999969482422,17.610000610351562,331500
2026-03-27 14:25:00+00:00,B3SA3.SA,17.6299991607666,17.649999618530273,17.59000015258789,17.6299991607666,579800
2026-03-27 14:30:00+00:00,B3SA3.SA,17.6299991607666,17.670000076293945,17.59000015258789,17.649999618530273,311000
2026-03-27 14:35:00+00:00,B3SA3.SA,17.639999389648438,17.639999389648438,17.579999923706055,17.610000610351562,435500
2026-03-27 14:40:00+00:00,B3SA3.SA,17.610000610351562,17.639999389648438,17.600000381469727,17.639999389648438,105700
2026-03-27 14:45:00+00:00,B3SA3.SA,17.639999389648438,17.75,17.639999389648438,17.75,198100
2026-03-27 14:50:00+00:00,B3SA3.SA,17.75,17.780000686645508,17.690000534057617,17.690000534057617,377600
2026-03-27 14:55:00+00:00,B3SA3.SA,17.700000762939453,17.760000228881836,17.670000076293945,17.760000228881836,153100
2026-03-27 15:00:00+00:00,B3SA3.SA,17.760000228881836,17.809999465942383,17.719999313354492,17.790000915527344,168100
2026-03-27 15:05:00+00:00,B3SA3.SA,17.780000686645508,17.81999969482422,17.68000030517578,17.719999313354492,1086400
2026-03-27 15:10:00+00:00,B3SA3.SA,17.639999389648438,17.639999389648438,17.610000610351562,17.610000610351562,186800
2026-03-27 15:15:00+00:00,B3SA3.SA,17.6200008392334,17.639999389648438,17.559999465942383,17.600000381469727,259600
2026-03-27 15:20:00+00:00,B3SA3.SA,17.610000610351562,17.68000030517578,17.59000015258789,17.6299991607666,387600
2026-03-27 15:25:00+00:00,B3SA3.SA,17.6299991607666,17.649999618530273,17.600000381469727,17.6200008392334,145900
2026-03-27 15:30:00+00:00,B3SA3.SA,17.639999389648438,17.700000762939453,17.610000610351562,17.700000762939453,846800
2026-03-27 15:35:00+00:00,B3SA3.SA,17.700000762939453,17.700000762939453,17.6200008392334,17.6299991607666,507500
2026-03-27 15:40:00+00:00,B3SA3.SA,17.6299991607666,17.639999389648438,17.56999969482422,17.579999923706055,626400
2026-03-27 15:45:00+00:00,B3SA3.SA,17.59000015258789,17.6299991607666,17.579999923706055,17.6299991607666,177600
2026-03-27 15:50:00+00:00,B3SA3.SA,17.6299991607666,17.6299991607666,17.610000610351562,17.6299991607666,135400
2026-03-27 15:55:00+00:00,B3SA3.SA,17.6299991607666,17.6299991607666,17.59000015258789,17.610000610351562,304900
2026-03-27 16:00:00+00:00,B3SA3.SA,17.610000610351562,17.6299991607666,17.579999923706055,17.600000381469727,214300
2026-03-27 16:05:00+00:00,B3SA3.SA,17.600000381469727,17.610000610351562,17.56999969482422,17.59000015258789,304500
2026-03-27 16:10:00+00:00,B3SA3.SA,17.579999923706055,17.579999923706055,17.479999542236328,17.5,491100
2026-03-27 16:15:00+00:00,B3SA3.SA,17.5,17.5,17.440000534057617,17.5,592200
2026-03-27 16:20:00+00:00,B3SA3.SA,17.489999771118164,17.520000457763672,17.450000762939453,17.450000762939453,782700
2026-03-27 16:25:00+00:00,B3SA3.SA,17.450000762939453,17.510000228881836,17.43000030517578,17.5,267600
2026-03-27 16:30:00+00:00,B3SA3.SA,17.510000228881836,17.530000686645508,17.469999313354492,17.479999542236328,481500
2026-03-27 16:35:00+00:00,B3SA3.SA,17.479999542236328,17.5,17.459999084472656,17.459999084472656,99100
2026-03-27 16:40:00+00:00,B3SA3.SA,17.459999084472656,17.469999313354492,17.440000534057617,17.459999084472656,75700
2026-03-27 16:45:00+00:00,B3SA3.SA,17.469999313354492,17.520000457763672,17.459999084472656,17.5,91700
2026-03-27 16:50:00+00:00,B3SA3.SA,17.5,17.520000457763672,17.459999084472656,17.479999542236328,181100
2026-03-27 16:55:00+00:00,B3SA3.SA,17.479999542236328,17.5,17.450000762939453,17.469999313354492,122500
2026-03-27 17:00:00+00:00,B3SA3.SA,17.479999542236328,17.489999771118164,17.399999618530273,17.420000076293945,571600
2026-03-27 17:05:00+00:00,B3SA3.SA,17.420000076293945,17.510000228881836,17.399999618530273,17.459999084472656,468800
2026-03-27 17:10:00+00:00,B3SA3.SA,17.459999084472656,17.479999542236328,17.440000534057617,17.459999084472656,304600
2026-03-27 17:15:00+00:00,B3SA3.SA,17.459999084472656,17.469999313354492,17.440000534057617,17.469999313354492,182400
2026-03-27 17:20:00+00:00,B3SA3.SA,17.469999313354492,17.469999313354492,17.440000534057617,17.469999313354492,147100
2026-03-27 17:25:00+00:00,B3SA3.SA,17.469999313354492,17.469999313354492,17.40999984741211,17.440000534057617,284200
2026-03-27 17:30:00+00:00,B3SA3.SA,17.43000030517578,17.469999313354492,17.420000076293945,17.440000534057617,451500
2026-03-27 17:35:00+00:00,B3SA3.SA,17.440000534057617,17.489999771118164,17.43000030517578,17.450000762939453,372300
2026-03-27 17:40:00+00:00,B3SA3.SA,17.459999084472656,17.479999542236328,17.440000534057617,17.450000762939453,683500
2026-03-27 17:45:00+00:00,B3SA3.SA,17.459999084472656,17.469999313354492,17.399999618530273,17.43000030517578,142300
2026-03-27 17:50:00+00:00,B3SA3.SA,17.420000076293945,17.450000762939453,17.399999618530273,17.399999618530273,144600
2026-03-27 17:55:00+00:00,B3SA3.SA,17.40999984741211,17.40999984741211,17.3700008392334,17.399999618530273,163500
2026-03-27 18:00:00+00:00,B3SA3.SA,17.3799991607666,17.40999984741211,17.3799991607666,17.389999389648438,134800
2026-03-27 18:05:00+00:00,B3SA3.SA,17.399999618530273,17.399999618530273,17.350000381469727,17.3700008392334,118200
2026-03-27 18:10:00+00:00,B3SA3.SA,17.3700008392334,17.3700008392334,17.280000686645508,17.280000686645508,532900
2026-03-27 18:15:00+00:00,B3SA3.SA,17.299999237060547,17.31999969482422,17.260000228881836,17.290000915527344,398700
2026-03-27 18:20:00+00:00,B3SA3.SA,17.299999237060547,17.309999465942383,17.229999542236328,17.290000915527344,1668100
2026-03-27 18:25:00+00:00,B3SA3.SA,17.299999237060547,17.34000015258789,17.25,17.260000228881836,1239000
2026-03-27 18:30:00+00:00,B3SA3.SA,17.260000228881836,17.270000457763672,17.25,17.260000228881836,157600
2026-03-27 18:35:00+00:00,B3SA3.SA,17.270000457763672,17.34000015258789,17.260000228881836,17.329999923706055,487400
2026-03-27 18:40:00+00:00,B3SA3.SA,17.34000015258789,17.399999618530273,17.309999465942383,17.350000381469727,468900
2026-03-27 18:45:00+00:00,B3SA3.SA,17.350000381469727,17.360000610351562,17.31999969482422,17.329999923706055,251700
2026-03-27 18:50:00+00:00,B3SA3.SA,17.350000381469727,17.360000610351562,17.31999969482422,17.329999923706055,192000
2026-03-27 18:55:00+00:00,B3SA3.SA,17.34000015258789,17.360000610351562,17.31999969482422,17.350000381469727,333500
2026-03-27 19:00:00+00:00,B3SA3.SA,17.350000381469727,17.360000610351562,17.309999465942383,17.329999923706055,346400
2026-03-27 19:05:00+00:00,B3SA3.SA,17.350000381469727,17.350000381469727,17.299999237060547,17.309999465942383,436400
2026-03-27 19:10:00+00:00,B3SA3.SA,17.31999969482422,17.31999969482422,17.280000686645508,17.280000686645508,1614300
2026-03-27 19:15:00+00:00,B3SA3.SA,17.270000457763672,17.299999237060547,17.239999771118164,17.280000686645508,1477400
2026-03-27 19:20:00+00:00,B3SA3.SA,17.299999237060547,17.299999237060547,17.25,17.280000686645508,497000
2026-03-27 19:25:00+00:00,B3SA3.SA,17.280000686645508,17.290000915527344,17.260000228881836,17.280000686645508,614900
2026-03-27 19:30:00+00:00,B3SA3.SA,17.280000686645508,17.290000915527344,17.270000457763672,17.290000915527344,500400
2026-03-27 19:35:00+00:00,B3SA3.SA,17.290000915527344,17.299999237060547,17.25,17.270000457763672,980100
2026-03-27 19:40:00+00:00,B3SA3.SA,17.260000228881836,17.280000686645508,17.219999313354492,17.25,676700
2026-03-27 19:45:00+00:00,B3SA3.SA,17.25,17.299999237060547,17.239999771118164,17.280000686645508,480700
2026-03-27 19:50:00+00:00,B3SA3.SA,17.280000686645508,17.299999237060547,17.260000228881836,17.280000686645508,432900
2026-03-30 13:00:00+00:00,B3SA3.SA,17.440000534057617,17.600000381469727,17.34000015258789,17.56999969482422,0
2026-03-30 13:05:00+00:00,B3SA3.SA,17.579999923706055,17.600000381469727,17.3700008392334,17.3700008392334,1519100
2026-03-30 13:10:00+00:00,B3SA3.SA,17.3700008392334,17.43000030517578,17.309999465942383,17.3799991607666,580200
2026-03-30 13:15:00+00:00,B3SA3.SA,17.3799991607666,17.399999618530273,17.209999084472656,17.209999084472656,1995500
2026-03-30 13:20:00+00:00,B3SA3.SA,17.219999313354492,17.25,17.15999984741211,17.209999084472656,363400
2026-03-30 13:25:00+00:00,B3SA3.SA,17.219999313354492,17.34000015258789,17.200000762939453,17.25,1615600
2026-03-30 13:30:00+00:00,B3SA3.SA,17.25,17.260000228881836,17.170000076293945,17.190000534057617,2282300
2026-03-30 13:35:00+00:00,B3SA3.SA,17.18000030517578,17.270000457763672,17.170000076293945,17.25,1835600
2026-03-30 13:40:00+00:00,B3SA3.SA,17.239999771118164,17.239999771118164,17.15999984741211,17.190000534057617,928600
2026-03-30 13:45:00+00:00,B3SA3.SA,17.200000762939453,17.200000762939453,17.059999465942383,17.100000381469727,276600
2026-03-30 13:50:00+00:00,B3SA3.SA,17.100000381469727,17.1299991607666,17.040000915527344,17.040000915527344,528300
2026-03-30 13:55:00+00:00,B3SA3.SA,17.040000915527344,17.049999237060547,16.899999618530273,16.979999542236328,611600
2026-03-30 14:00:00+00:00,B3SA3.SA,17.0,17.139999389648438,16.989999771118164,17.1200008392334,480200
2026-03-30 14:05:00+00:00,B3SA3.SA,17.1299991607666,17.149999618530273,17.049999237060547,17.06999969482422,390000
2026-03-30 14:10:00+00:00,B3SA3.SA,17.059999465942383,17.15999984741211,17.049999237060547,17.139999389648438,196900
2026-03-30 14:15:00+00:00,B3SA3.SA,17.139999389648438,17.149999618530273,17.09000015258789,17.110000610351562,125100
2026-03-30 14:20:00+00:00,B3SA3.SA,17.110000610351562,17.149999618530273,17.100000381469727,17.149999618530273,128300
2026-03-30 14:25:00+00:00,B3SA3.SA,17.149999618530273,17.149999618530273,17.079999923706055,17.1299991607666,272700
2026-03-30 14:30:00+00:00,B3SA3.SA,17.1200008392334,17.200000762939453,17.1200008392334,17.1299991607666,274200
2026-03-30 14:35:00+00:00,B3SA3.SA,17.139999389648438,17.190000534057617,17.100000381469727,17.149999618530273,922800
2026-03-30 14:40:00+00:00,B3SA3.SA,17.170000076293945,17.190000534057617,17.149999618530273,17.15999984741211,329200
2026-03-30 14:45:00+00:00,B3SA3.SA,17.15999984741211,17.25,17.1299991607666,17.18000030517578,743700
2026-03-30 14:50:00+00:00,B3SA3.SA,17.18000030517578,17.25,17.15999984741211,17.229999542236328,236400
2026-03-30 14:55:00+00:00,B3SA3.SA,17.229999542236328,17.280000686645508,17.200000762939453,17.239999771118164,304000
2026-03-30 15:00:00+00:00,B3SA3.SA,17.25,17.329999923706055,17.229999542236328,17.299999237060547,991200
2026-03-30 15:05:00+00:00,B3SA3.SA,17.290000915527344,17.31999969482422,17.200000762939453,17.270000457763672,841800
2026-03-30 15:10:00+00:00,B3SA3.SA,17.270000457763672,17.34000015258789,17.229999542236328,17.239999771118164,807800
2026-03-30 15:15:00+00:00,B3SA3.SA,17.239999771118164,17.31999969482422,17.229999542236328,17.309999465942383,226900
2026-03-30 15:20:00+00:00,B3SA3.SA,17.31999969482422,17.31999969482422,17.260000228881836,17.270000457763672,142200
2026-03-30 15:25:00+00:00,B3SA3.SA,17.280000686645508,17.309999465942383,17.270000457763672,17.280000686645508,526800
2026-03-30 15:30:00+00:00,B3SA3.SA,17.290000915527344,17.309999465942383,17.270000457763672,17.299999237060547,636800
2026-03-30 15:35:00+00:00,B3SA3.SA,17.299999237060547,17.309999465942383,17.270000457763672,17.270000457763672,142300
2026-03-30 15:40:00+00:00,B3SA3.SA,17.270000457763672,17.329999923706055,17.270000457763672,17.290000915527344,531300
2026-03-30 15:45:00+00:00,B3SA3.SA,17.299999237060547,17.329999923706055,17.280000686645508,17.290000915527344,403900
2026-03-30 15:50:00+00:00,B3SA3.SA,17.290000915527344,17.31999969482422,17.270000457763672,17.270000457763672,375200
2026-03-30 15:55:00+00:00,B3SA3.SA,17.270000457763672,17.290000915527344,17.239999771118164,17.270000457763672,140200
2026-03-30 16:00:00+00:00,B3SA3.SA,17.280000686645508,17.280000686645508,17.219999313354492,17.229999542236328,104700
2026-03-30 16:05:00+00:00,B3SA3.SA,17.229999542236328,17.270000457763672,17.219999313354492,17.239999771118164,105900
2026-03-30 16:10:00+00:00,B3SA3.SA,17.239999771118164,17.25,17.229999542236328,17.25,30800
2026-03-30 16:15:00+00:00,B3SA3.SA,17.239999771118164,17.25,17.229999542236328,17.239999771118164,99400
2026-03-30 16:20:00+00:00,B3SA3.SA,17.25,17.25,17.209999084472656,17.219999313354492,289500
2026-03-30 16:25:00+00:00,B3SA3.SA,17.229999542236328,17.239999771118164,17.18000030517578,17.18000030517578,81500
2026-03-30 16:30:00+00:00,B3SA3.SA,17.18000030517578,17.200000762939453,17.170000076293945,17.190000534057617,188000
2026-03-30 16:35:00+00:00,B3SA3.SA,17.18000030517578,17.200000762939453,17.15999984741211,17.170000076293945,361100
2026-03-30 16:40:00+00:00,B3SA3.SA,17.18000030517578,17.190000534057617,17.170000076293945,17.190000534057617,1494700
2026-03-30 16:45:00+00:00,B3SA3.SA,17.190000534057617,17.190000534057617,17.15999984741211,17.170000076293945,0
2026-03-30 16:50:00+00:00,B3SA3.SA,17.15999984741211,17.170000076293945,17.139999389648438,17.170000076293945,168400
2026-03-30 16:55:00+00:00,B3SA3.SA,17.15999984741211,17.15999984741211,17.1299991607666,17.15999984741211,188600
2026-03-30 17:00:00+00:00,B3SA3.SA,17.15999984741211,17.190000534057617,17.15999984741211,17.15999984741211,104700
2026-03-30 17:05:00+00:00,B3SA3.SA,17.170000076293945,17.209999084472656,17.170000076293945,17.200000762939453,63700
2026-03-30 17:10:00+00:00,B3SA3.SA,17.190000534057617,17.200000762939453,17.1200008392334,17.1299991607666,94100
2026-03-30 17:15:00+00:00,B3SA3.SA,17.1200008392334,17.1299991607666,17.0,17.040000915527344,1285200
2026-03-30 17:20:00+00:00,B3SA3.SA,17.040000915527344,17.049999237060547,17.0,17.040000915527344,177300
2026-03-30 17:25:00+00:00,B3SA3.SA,17.049999237060547,17.06999969482422,17.020000457763672,17.049999237060547,91000
2026-03-30 17:30:00+00:00,B3SA3.SA,17.049999237060547,17.06999969482422,17.010000228881836,17.010000228881836,95100
2026-03-30 17:35:00+00:00,B3SA3.SA,17.010000228881836,17.059999465942383,17.010000228881836,17.049999237060547,83400
2026-03-30 17:40:00+00:00,B3SA3.SA,17.059999465942383,17.100000381469727,17.040000915527344,17.079999923706055,143300
2026-03-30 17:45:00+00:00,B3SA3.SA,17.079999923706055,17.149999618530273,17.079999923706055,17.110000610351562,154800
2026-03-30 17:50:00+00:00,B3SA3.SA,17.1200008392334,17.1200008392334,17.06999969482422,17.09000015258789,160700
2026-03-30 17:55:00+00:00,B3SA3.SA,17.079999923706055,17.110000610351562,17.020000457763672,17.110000610351562,372700
2026-03-30 18:00:00+00:00,B3SA3.SA,17.110000610351562,17.110000610351562,17.079999923706055,17.09000015258789,70300
2026-03-30 18:05:00+00:00,B3SA3.SA,17.079999923706055,17.100000381469727,17.06999969482422,17.079999923706055,112400
2026-03-30 18:10:00+00:00,B3SA3.SA,17.09000015258789,17.09000015258789,17.020000457763672,17.040000915527344,219400
2026-03-30 18:15:00+00:00,B3SA3.SA,17.040000915527344,17.100000381469727,17.030000686645508,17.09000015258789,171900
2026-03-30 18:20:00+00:00,B3SA3.SA,17.09000015258789,17.09000015258789,17.040000915527344,17.049999237060547,159200
2026-03-30 18:25:00+00:00,B3SA3.SA,17.059999465942383,17.06999969482422,17.049999237060547,17.059999465942383,143800
2026-03-30 18:30:00+00:00,B3SA3.SA,17.059999465942383,17.100000381469727,17.049999237060547,17.06999969482422,262700
2026-03-30 18:35:00+00:00,B3SA3.SA,17.06999969482422,17.06999969482422,17.040000915527344,17.049999237060547,137700
2026-03-30 18:40:00+00:00,B3SA3.SA,17.049999237060547,17.059999465942383,17.030000686645508,17.059999465942383,83900
2026-03-30 18:45:00+00:00,B3SA3.SA,17.059999465942383,17.06999969482422,17.049999237060547,17.059999465942383,90600
2026-03-30 18:50:00+00:00,B3SA3.SA,17.059999465942383,17.06999969482422,17.040000915527344,17.040000915527344,203500
2026-03-30 18:55:00+00:00,B3SA3.SA,17.049999237060547,17.049999237060547,16.989999771118164,16.989999771118164,269400
2026-03-30 19:00:00+00:00,B3SA3.SA,16.989999771118164,17.06999969482422,16.989999771118164,17.040000915527344,388800
2026-03-30 19:05:00+00:00,B3SA3.SA,17.049999237060547,17.049999237060547,17.020000457763672,17.020000457763672,149500
2026-03-30 19:10:00+00:00,B3SA3.SA,17.020000457763672,17.020000457763672,16.950000762939453,17.0,436400
2026-03-30 19:15:00+00:00,B3SA3.SA,17.0,17.030000686645508,17.0,17.030000686645508,208300
2026-03-30 19:20:00+00:00,B3SA3.SA,17.030000686645508,17.030000686645508,17.010000228881836,17.020000457763672,151600
2026-03-30 19:25:00+00:00,B3SA3.SA,17.010000228881836,17.020000457763672,16.979999542236328,17.020000457763672,501700
2026-03-30 19:30:00+00:00,B3SA3.SA,17.010000228881836,17.049999237060547,17.010000228881836,17.030000686645508,330600
2026-03-30 19:35:00+00:00,B3SA3.SA,17.030000686645508,17.100000381469727,17.020000457763672,17.049999237060547,492000
2026-03-30 19:40:00+00:00,B3SA3.SA,17.059999465942383,17.139999389648438,17.049999237060547,17.1299991607666,466300
2026-03-30 19:45:00+00:00,B3SA3.SA,17.1299991607666,17.1299991607666,17.030000686645508,17.059999465942383,695700
2026-03-30 19:50:00+00:00,B3SA3.SA,17.06999969482422,17.1299991607666,17.06999969482422,17.1200008392334,437800
2026-03-31 13:05:00+00:00,B3SA3.SA,17.520000457763672,17.56999969482422,17.420000076293945,17.549999237060547,0
2026-03-31 13:10:00+00:00,B3SA3.SA,17.549999237060547,17.600000381469727,17.489999771118164,17.540000915527344,949900
2026-03-31 13:15:00+00:00,B3SA3.SA,17.540000915527344,17.639999389648438,17.510000228881836,17.6299991607666,729800
2026-03-31 13:20:00+00:00,B3SA3.SA,17.6200008392334,17.6299991607666,17.5,17.549999237060547,300300
2026-03-31 13:25:00+00:00,B3SA3.SA,17.549999237060547,17.579999923706055,17.530000686645508,17.549999237060547,164200
2026-03-31 13:30:00+00:00,B3SA3.SA,17.549999237060547,17.549999237060547,17.479999542236328,17.5,1092300
2026-03-31 13:35:00+00:00,B3SA3.SA,17.5,17.549999237060547,17.450000762939453,17.520000457763672,1007200
2026-03-31 13:40:00+00:00,B3SA3.SA,17.530000686645508,17.6299991607666,17.520000457763672,17.59000015258789,1360100
2026-03-31 13:45:00+00:00,B3SA3.SA,17.579999923706055,17.6200008392334,17.549999237060547,17.6200008392334,306700
2026-03-31 13:50:00+00:00,B3SA3.SA,17.6200008392334,17.739999771118164,17.59000015258789,17.719999313354492,580500
2026-03-31 13:55:00+00:00,B3SA3.SA,17.719999313354492,17.739999771118164,17.6299991607666,17.6299991607666,990300
2026-03-31 14:00:00+00:00,B3SA3.SA,17.639999389648438,17.700000762939453,17.610000610351562,17.670000076293945,657500
2026-03-31 14:05:00+00:00,B3SA3.SA,17.670000076293945,17.700000762939453,17.649999618530273,17.68000030517578,129200
2026-03-31 14:10:00+00:00,B3SA3.SA,17.68000030517578,17.68000030517578,17.6200008392334,17.639999389648438,222700
2026-03-31 14:15:00+00:00,B3SA3.SA,17.639999389648438,17.649999618530273,17.59000015258789,17.610000610351562,312200
2026-03-31 14:20:00+00:00,B3SA3.SA,17.600000381469727,17.600000381469727,17.549999237060547,17.579999923706055,112700
2026-03-31 14:25:00+00:00,B3SA3.SA,17.579999923706055,17.579999923706055,17.479999542236328,17.5,274100
2026-03-31 14:30:00+00:00,B3SA3.SA,17.5,17.56999969482422,17.5,17.549999237060547,236600
2026-03-31 14:35:00+00:00,B3SA3.SA,17.549999237060547,17.549999237060547,17.450000762939453,17.459999084472656,186500
2026-03-31 14:40:00+00:00,B3SA3.SA,17.459999084472656,17.489999771118164,17.3700008392334,17.40999984741211,469000
2026-03-31 14:45:00+00:00,B3SA3.SA,17.40999984741211,17.43000030517578,17.350000381469727,17.350000381469727,126500
2026-03-31 14:50:00+00:00,B3SA3.SA,17.360000610351562,17.389999389648438,17.31999969482422,17.350000381469727,160100
2026-03-31 14:55:00+00:00,B3SA3.SA,17.34000015258789,17.360000610351562,17.31999969482422,17.350000381469727,135500
2026-03-31 15:00:00+00:00,B3SA3.SA,17.360000610351562,17.450000762939453,17.360000610351562,17.450000762939453,191900
2026-03-31 15:05:00+00:00,B3SA3.SA,17.450000762939453,17.479999542236328,17.43000030517578,17.450000762939453,87700
2026-03-31 15:10:00+00:00,B3SA3.SA,17.450000762939453,17.469999313354492,17.440000534057617,17.450000762939453,88900
2026-03-31 15:15:00+00:00,B3SA3.SA,17.459999084472656,17.459999084472656,17.40999984741211,17.40999984741211,170500
2026-03-31 15:20:00+00:00,B3SA3.SA,17.40999984741211,17.489999771118164,17.3700008392334,17.459999084472656,785300
2026-03-31 15:25:00+00:00,B3SA3.SA,17.469999313354492,17.479999542236328,17.399999618530273,17.399999618530273,137100
2026-03-31 15:30:00+00:00,B3SA3.SA,17.40999984741211,17.469999313354492,17.389999389648438,17.469999313354492,231600
2026-03-31 15:35:00+00:00,B3SA3.SA,17.469999313354492,17.520000457763672,17.469999313354492,17.5,155000
2026-03-31 15:40:00+00:00,B3SA3.SA,17.5,17.549999237060547,17.489999771118164,17.549999237060547,393000
2026-03-31 15:45:00+00:00,B3SA3.SA,17.549999237060547,17.579999923706055,17.530000686645508,17.579999923706055,290400
2026-03-31 15:50:00+00:00,B3SA3.SA,17.579999923706055,17.639999389648438,17.559999465942383,17.59000015258789,169500
2026-03-31 15:55:00+00:00,B3SA3.SA,17.59000015258789,17.600000381469727,17.56999969482422,17.56999969482422,175000
2026-03-31 16:00:00+00:00,B3SA3.SA,17.579999923706055,17.65999984741211,17.56999969482422,17.639999389648438,284200
2026-03-31 16:05:00+00:00,B3SA3.SA,17.639999389648438,17.670000076293945,17.6200008392334,17.6200008392334,267300
2026-03-31 16:10:00+00:00,B3SA3.SA,17.6299991607666,17.649999618530273,17.600000381469727,17.649999618530273,99900
2026-03-31 16:15:00+00:00,B3SA3.SA,17.649999618530273,17.68000030517578,17.639999389648438,17.649999618530273,163100
2026-03-31 16:20:00+00:00,B3SA3.SA,17.65999984741211,17.690000534057617,17.6200008392334,17.690000534057617,254500
2026-03-31 16:25:00+00:00,B3SA3.SA,17.690000534057617,17.700000762939453,17.670000076293945,17.68000030517578,171000
2026-03-31 16:30:00+00:00,B3SA3.SA,17.68000030517578,17.700000762939453,17.65999984741211,17.68000030517578,318500
2026-03-31 16:35:00+00:00,B3SA3.SA,17.690000534057617,17.84000015258789,17.670000076293945,17.84000015258789,451100
2026-03-31 16:40:00+00:00,B3SA3.SA,17.84000015258789,17.989999771118164,17.84000015258789,17.93000030517578,971100
2026-03-31 16:45:00+00:00,B3SA3.SA,17.93000030517578,17.989999771118164,17.860000610351562,17.950000762939453,1106200
2026-03-31 16:50:00+00:00,B3SA3.SA,17.950000762939453,17.989999771118164,17.8799991607666,17.90999984741211,537100
2026-03-31 16:55:00+00:00,B3SA3.SA,17.920000076293945,18.030000686645508,17.90999984741211,18.020000457763672,1149900
2026-03-31 17:00:00+00:00,B3SA3.SA,18.020000457763672,18.18000030517578,18.010000228881836,18.139999389648438,811700
2026-03-31 17:05:00+00:00,B3SA3.SA,18.139999389648438,18.18000030517578,18.1200008392334,18.1299991607666,589300
2026-03-31 17:10:00+00:00,B3SA3.SA,18.149999618530273,18.229999542236328,18.139999389648438,18.219999313354492,726600
2026-03-31 17:15:00+00:00,B3SA3.SA,18.219999313354492,18.290000915527344,18.190000534057617,18.239999771118164,723100
2026-03-31 17:20:00+00:00,B3SA3.SA,18.25,18.299999237060547,18.209999084472656,18.219999313354492,758100
2026-03-31 17:25:00+00:00,B3SA3.SA,18.229999542236328,18.229999542236328,18.110000610351562,18.1200008392334,813700
2026-03-31 17:30:00+00:00,B3SA3.SA,18.1200008392334,18.229999542236328,18.110000610351562,18.229999542236328,651600
2026-03-31 17:35:00+00:00,B3SA3.SA,18.219999313354492,18.229999542236328,18.139999389648438,18.15999984741211,625200
2026-03-31 17:40:00+00:00,B3SA3.SA,18.170000076293945,18.190000534057617,18.1299991607666,18.170000076293945,312900
2026-03-31 17:45:00+00:00,B3SA3.SA,18.15999984741211,18.18000030517578,18.09000015258789,18.15999984741211,618200
2026-03-31 17:50:00+00:00,B3SA3.SA,18.15999984741211,18.18000030517578,18.1200008392334,18.149999618530273,320600
2026-03-31 17:55:00+00:00,B3SA3.SA,18.139999389648438,18.170000076293945,18.100000381469727,18.110000610351562,340900
2026-03-31 18:00:00+00:00,B3SA3.SA,18.110000610351562,18.18000030517578,18.100000381469727,18.15999984741211,616900
2026-03-31 18:05:00+00:00,B3SA3.SA,18.170000076293945,18.229999542236328,18.15999984741211,18.229999542236328,896300
2026-03-31 18:10:00+00:00,B3SA3.SA,18.229999542236328,18.229999542236328,18.190000534057617,18.209999084472656,312000
2026-03-31 18:15:00+00:00,B3SA3.SA,18.209999084472656,18.299999237060547,18.209999084472656,18.290000915527344,1080800
2026-03-31 18:20:00+00:00,B3SA3.SA,18.299999237060547,18.389999389648438,18.260000228881836,18.31999969482422,2032800
2026-03-31 18:25:00+00:00,B3SA3.SA,18.31999969482422,18.360000610351562,18.280000686645508,18.31999969482422,1022200
2026-03-31 18:30:00+00:00,B3SA3.SA,18.309999465942383,18.34000015258789,18.299999237060547,18.299999237060547,1212400
2026-03-31 18:35:00+00:00,B3SA3.SA,18.309999465942383,18.489999771118164,18.299999237060547,18.420000076293945,1504300
2026-03-31 18:40:00+00:00,B3SA3.SA,18.420000076293945,18.450000762939453,18.389999389648438,18.389999389648438,807400
2026-03-31 18:45:00+00:00,B3SA3.SA,18.389999389648438,18.43000030517578,18.350000381469727,18.3700008392334,630400
2026-03-31 18:50:00+00:00,B3SA3.SA,18.3799991607666,18.420000076293945,18.3700008392334,18.40999984741211,806100
2026-03-31 18:55:00+00:00,B3SA3.SA,18.40999984741211,18.43000030517578,18.399999618530273,18.43000030517578,430300
2026-03-31 19:00:00+00:00,B3SA3.SA,18.43000030517578,18.469999313354492,18.40999984741211,18.459999084472656,774300
2026-03-31 19:05:00+00:00,B3SA3.SA,18.459999084472656,18.469999313354492,18.3700008392334,18.3700008392334,492500
2026-03-31 19:10:00+00:00,B3SA3.SA,18.3799991607666,18.399999618530273,18.34000015258789,18.34000015258789,738200
2026-03-31 19:15:00+00:00,B3SA3.SA,18.350000381469727,18.3799991607666,18.309999465942383,18.309999465942383,351400
2026-03-31 19:20:00+00:00,B3SA3.SA,18.309999465942383,18.34000015258789,18.309999465942383,18.329999923706055,316900
2026-03-31 19:25:00+00:00,B3SA3.SA,18.329999923706055,18.3700008392334,18.31999969482422,18.34000015258789,484800
2026-03-31 19:30:00+00:00,B3SA3.SA,18.350000381469727,18.40999984741211,18.34000015258789,18.389999389648438,502300
2026-03-31 19:35:00+00:00,B3SA3.SA,18.399999618530273,18.43000030517578,18.389999389648438,18.399999618530273,455200
2026-03-31 19:40:00+00:00,B3SA3.SA,18.399999618530273,18.399999618530273,18.350000381469727,18.3700008392334,620300
2026-03-31 19:45:00+00:00,B3SA3.SA,18.360000610351562,18.389999389648438,18.34000015258789,18.360000610351562,909400
2026-03-31 19:50:00+00:00,B3SA3.SA,18.3700008392334,18.459999084472656,18.360000610351562,18.399999618530273,939300
2026-04-01 13:05:00+00:00,B3SA3.SA,18.540000915527344,18.600000381469727,18.420000076293945,18.510000228881836,292100
2026-04-01 13:10:00+00:00,B3SA3.SA,18.5,18.600000381469727,18.489999771118164,18.489999771118164,335200
2026-04-01 13:15:00+00:00,B3SA3.SA,18.489999771118164,18.5,18.360000610351562,18.3799991607666,289100
2026-04-01 13:20:00+00:00,B3SA3.SA,18.3700008392334,18.459999084472656,18.3700008392334,18.450000762939453,156300
2026-04-01 13:25:00+00:00,B3SA3.SA,18.450000762939453,18.600000381469727,18.43000030517578,18.489999771118164,1012500
2026-04-01 13:30:00+00:00,B3SA3.SA,18.5,18.540000915527344,18.450000762939453,18.5,313800
2026-04-01 13:35:00+00:00,B3SA3.SA,18.5,18.559999465942383,18.469999313354492,18.530000686645508,217500
2026-04-01 13:40:00+00:00,B3SA3.SA,18.540000915527344,18.540000915527344,18.450000762939453,18.469999313354492,258300
2026-04-01 13:45:00+00:00,B3SA3.SA,18.469999313354492,18.479999542236328,18.420000076293945,18.440000534057617,175900
2026-04-01 13:50:00+00:00,B3SA3.SA,18.440000534057617,18.5,18.420000076293945,18.420000076293945,644000
2026-04-01 13:55:00+00:00,B3SA3.SA,18.420000076293945,18.43000030517578,18.350000381469727,18.399999618530273,587400
2026-04-01 14:00:00+00:00,B3SA3.SA,18.399999618530273,18.479999542236328,18.389999389648438,18.420000076293945,310100
2026-04-01 14:05:00+00:00,B3SA3.SA,18.420000076293945,18.459999084472656,18.399999618530273,18.43000030517578,633100
2026-04-01 14:10:00+00:00,B3SA3.SA,18.420000076293945,18.459999084472656,18.399999618530273,18.450000762939453,274500
2026-04-01 14:15:00+00:00,B3SA3.SA,18.450000762939453,18.549999237060547,18.440000534057617,18.540000915527344,818600
2026-04-01 14:20:00+00:00,B3SA3.SA,18.530000686645508,18.56999969482422,18.459999084472656,18.479999542236328,416500
2026-04-01 14:25:00+00:00,B3SA3.SA,18.479999542236328,18.479999542236328,18.40999984741211,18.479999542236328,451000
2026-04-01 14:30:00+00:00,B3SA3.SA,18.479999542236328,18.520000457763672,18.459999084472656,18.479999542236328,245900
2026-04-01 14:35:00+00:00,B3SA3.SA,18.479999542236328,18.600000381469727,18.469999313354492,18.59000015258789,541200
2026-04-01 14:40:00+00:00,B3SA3.SA,18.59000015258789,18.670000076293945,18.540000915527344,18.65999984741211,675800
2026-04-01 14:45:00+00:00,B3SA3.SA,18.649999618530273,18.709999084472656,18.639999389648438,18.709999084472656,372000
2026-04-01 14:50:00+00:00,B3SA3.SA,18.709999084472656,18.719999313354492,18.6299991607666,18.68000030517578,864800
2026-04-01 14:55:00+00:00,B3SA3.SA,18.68000030517578,18.729999542236328,18.65999984741211,18.719999313354492,763400
2026-04-01 15:00:00+00:00,B3SA3.SA,18.709999084472656,18.850000381469727,18.709999084472656,18.760000228881836,803500
2026-04-01 15:05:00+00:00,B3SA3.SA,18.760000228881836,18.799999237060547,18.729999542236328,18.799999237060547,246800
2026-04-01 15:10:00+00:00,B3SA3.SA,18.790000915527344,18.799999237060547,18.729999542236328,18.75,281600
2026-04-01 15:15:00+00:00,B3SA3.SA,18.739999771118164,18.790000915527344,18.709999084472656,18.770000457763672,363300
2026-04-01 15:20:00+00:00,B3SA3.SA,18.770000457763672,18.860000610351562,18.770000457763672,18.84000015258789,467700
2026-04-01 15:25:00+00:00,B3SA3.SA,18.829999923706055,18.829999923706055,18.739999771118164,18.739999771118164,311100
2026-04-01 15:30:00+00:00,B3SA3.SA,18.739999771118164,18.780000686645508,18.700000762939453,18.770000457763672,362400
2026-04-01 15:35:00+00:00,B3SA3.SA,18.780000686645508,18.790000915527344,18.75,18.780000686645508,255600
2026-04-01 15:40:00+00:00,B3SA3.SA,18.770000457763672,18.809999465942383,18.760000228881836,18.809999465942383,286700
2026-04-01 15:45:00+00:00,B3SA3.SA,18.799999237060547,18.829999923706055,18.760000228881836,18.780000686645508,319000
2026-04-01 15:50:00+00:00,B3SA3.SA,18.770000457763672,18.829999923706055,18.770000457763672,18.809999465942383,279900
2026-04-01 15:55:00+00:00,B3SA3.SA,18.799999237060547,18.860000610351562,18.799999237060547,18.81999969482422,317000
2026-04-01 16:00:00+00:00,B3SA3.SA,18.829999923706055,18.84000015258789,18.799999237060547,18.81999969482422,206200
2026-04-01 16:05:00+00:00,B3SA3.SA,18.809999465942383,18.829999923706055,18.780000686645508,18.780000686645508,249900
2026-04-01 16:10:00+00:00,B3SA3.SA,18.780000686645508,18.799999237060547,18.729999542236328,18.75,570200
2026-04-01 16:15:00+00:00,B3SA3.SA,18.75,18.770000457763672,18.719999313354492,18.770000457763672,180700
2026-04-01 16:20:00+00:00,B3SA3.SA,18.760000228881836,18.770000457763672,18.729999542236328,18.739999771118164,332300
2026-04-01 16:25:00+00:00,B3SA3.SA,18.75,18.790000915527344,18.729999542236328,18.780000686645508,404500
2026-04-01 16:30:00+00:00,B3SA3.SA,18.780000686645508,18.850000381469727,18.760000228881836,18.84000015258789,469100
2026-04-01 16:35:00+00:00,B3SA3.SA,18.829999923706055,18.899999618530273,18.829999923706055,18.8799991607666,587200
2026-04-01 16:40:00+00:00,B3SA3.SA,18.8700008392334,18.899999618530273,18.8700008392334,18.889999389648438,348000
2026-04-01 16:45:00+00:00,B3SA3.SA,18.8799991607666,18.93000030517578,18.860000610351562,18.8700008392334,490300
2026-04-01 16:50:00+00:00,B3SA3.SA,18.8700008392334,18.90999984741211,18.860000610351562,18.90999984741211,258900
2026-04-01 16:55:00+00:00,B3SA3.SA,18.90999984741211,18.93000030517578,18.8799991607666,18.889999389648438,322000
2026-04-01 17:00:00+00:00,B3SA3.SA,18.8799991607666,18.920000076293945,18.8700008392334,18.90999984741211,608000
2026-04-01 17:05:00+00:00,B3SA3.SA,18.90999984741211,19.0,18.899999618530273,18.969999313354492,1058500
2026-04-01 17:10:00+00:00,B3SA3.SA,18.950000762939453,18.979999542236328,18.920000076293945,18.920000076293945,375700
2026-04-01 17:15:00+00:00,B3SA3.SA,18.920000076293945,18.93000030517578,18.860000610351562,18.8799991607666,510900
2026-04-01 17:20:00+00:00,B3SA3.SA,18.8700008392334,18.889999389648438,18.860000610351562,18.8700008392334,282100
2026-04-01 17:25:00+00:00,B3SA3.SA,18.860000610351562,18.8799991607666,18.780000686645508,18.809999465942383,3492800
2026-04-01 17:30:00+00:00,B3SA3.SA,18.829999923706055,18.84000015258789,18.790000915527344,18.809999465942383,292300
2026-04-01 17:35:00+00:00,B3SA3.SA,18.799999237060547,18.84000015258789,18.790000915527344,18.84000015258789,303100
2026-04-01 17:40:00+00:00,B3SA3.SA,18.84000015258789,18.84000015258789,18.81999969482422,18.84000015258789,274300
2026-04-01 17:45:00+00:00,B3SA3.SA,18.84000015258789,18.84000015258789,18.770000457763672,18.780000686645508,426300
2026-04-01 17:50:00+00:00,B3SA3.SA,18.790000915527344,18.799999237060547,18.760000228881836,18.780000686645508,292800
2026-04-01 17:55:00+00:00,B3SA3.SA,18.790000915527344,18.790000915527344,18.649999618530273,18.65999984741211,853600
2026-04-01 18:00:00+00:00,B3SA3.SA,18.65999984741211,18.709999084472656,18.6299991607666,18.639999389648438,801800
2026-04-01 18:05:00+00:00,B3SA3.SA,18.6299991607666,18.639999389648438,18.56999969482422,18.610000610351562,950500
2026-04-01 18:10:00+00:00,B3SA3.SA,18.600000381469727,18.65999984741211,18.59000015258789,18.639999389648438,567400
2026-04-01 18:15:00+00:00,B3SA3.SA,18.6299991607666,18.690000534057617,18.6200008392334,18.690000534057617,1702000
2026-04-01 18:20:00+00:00,B3SA3.SA,18.68000030517578,18.700000762939453,18.649999618530273,18.670000076293945,692700
2026-04-01 18:25:00+00:00,B3SA3.SA,18.65999984741211,18.690000534057617,18.649999618530273,18.670000076293945,449100
2026-04-01 18:30:00+00:00,B3SA3.SA,18.65999984741211,18.700000762939453,18.649999618530273,18.65999984741211,663900
2026-04-01 18:35:00+00:00,B3SA3.SA,18.649999618530273,18.68000030517578,18.610000610351562,18.639999389648438,607300
2026-04-01 18:40:00+00:00,B3SA3.SA,18.6299991607666,18.719999313354492,18.6200008392334,18.700000762939453,385700
2026-04-01 18:45:00+00:00,B3SA3.SA,18.700000762939453,18.709999084472656,18.649999618530273,18.68000030517578,413600
2026-04-01 18:50:00+00:00,B3SA3.SA,18.670000076293945,18.700000762939453,18.6200008392334,18.639999389648438,566700
2026-04-01 18:55:00+00:00,B3SA3.SA,18.639999389648438,18.639999389648438,18.600000381469727,18.6299991607666,641100
2026-04-01 19:00:00+00:00,B3SA3.SA,18.6200008392334,18.6299991607666,18.579999923706055,18.6200008392334,296900
2026-04-01 19:05:00+00:00,B3SA3.SA,18.610000610351562,18.65999984741211,18.610000610351562,18.639999389648438,349600
2026-04-01 19:10:00+00:00,B3SA3.SA,18.639999389648438,18.649999618530273,18.600000381469727,18.600000381469727,620800
2026-04-01 19:15:00+00:00,B3SA3.SA,18.600000381469727,18.649999618530273,18.559999465942383,18.6299991607666,486000
2026-04-01 19:20:00+00:00,B3SA3.SA,18.6200008392334,18.649999618530273,18.600000381469727,18.649999618530273,465200
2026-04-01 19:25:00+00:00,B3SA3.SA,18.639999389648438,18.719999313354492,18.639999389648438,18.690000534057617,633300
2026-04-01 19:30:00+00:00,B3SA3.SA,18.68000030517578,18.709999084472656,18.65999984741211,18.65999984741211,497900
2026-04-01 19:35:00+00:00,B3SA3.SA,18.670000076293945,18.700000762939453,18.65999984741211,18.690000534057617,622800
2026-04-01 19:40:00+00:00,B3SA3.SA,18.68000030517578,18.709999084472656,18.639999389648438,18.65999984741211,641900
2026-04-01 19:45:00+00:00,B3SA3.SA,18.649999618530273,18.670000076293945,18.59000015258789,18.600000381469727,661500
2026-04-01 19:50:00+00:00,B3SA3.SA,18.59000015258789,18.6200008392334,18.520000457763672,18.530000686645508,825000
2026-04-02 13:05:00+00:00,B3SA3.SA,17.979999542236328,18.049999237060547,17.829999923706055,17.850000381469727,632800
2026-04-02 13:10:00+00:00,B3SA3.SA,17.8700008392334,17.959999084472656,17.760000228881836,17.8799991607666,635300
2026-04-02 13:15:00+00:00,B3SA3.SA,17.8700008392334,17.940000534057617,17.780000686645508,17.90999984741211,825300
2026-04-02 13:20:00+00:00,B3SA3.SA,17.93000030517578,17.979999542236328,17.84000015258789,17.899999618530273,312600
2026-04-02 13:25:00+00:00,B3SA3.SA,17.8799991607666,18.010000228881836,17.860000610351562,17.93000030517578,711100
2026-04-02 13:30:00+00:00,B3SA3.SA,17.940000534057617,18.049999237060547,17.940000534057617,18.040000915527344,439900
2026-04-02 13:35:00+00:00,B3SA3.SA,18.020000457763672,18.030000686645508,17.920000076293945,17.950000762939453,621200
2026-04-02 13:40:00+00:00,B3SA3.SA,17.950000762939453,18.020000457763672,17.940000534057617,17.989999771118164,309300
2026-04-02 13:45:00+00:00,B3SA3.SA,17.979999542236328,18.139999389648438,17.969999313354492,18.110000610351562,700800
2026-04-02 13:50:00+00:00,B3SA3.SA,18.110000610351562,18.280000686645508,18.100000381469727,18.260000228881836,429800
2026-04-02 13:55:00+00:00,B3SA3.SA,18.25,18.350000381469727,18.219999313354492,18.270000457763672,728000
2026-04-02 14:00:00+00:00,B3SA3.SA,18.280000686645508,18.329999923706055,18.219999313354492,18.270000457763672,670600
2026-04-02 14:05:00+00:00,B3SA3.SA,18.270000457763672,18.309999465942383,18.25,18.280000686645508,113100
2026-04-02 14:10:00+00:00,B3SA3.SA,18.280000686645508,18.389999389648438,18.260000228881836,18.299999237060547,510700
2026-04-02 14:15:00+00:00,B3SA3.SA,18.299999237060547,18.3799991607666,18.299999237060547,18.360000610351562,147100
2026-04-02 14:20:00+00:00,B3SA3.SA,18.360000610351562,18.450000762939453,18.299999237060547,18.329999923706055,473900
2026-04-02 14:25:00+00:00,B3SA3.SA,18.31999969482422,18.3799991607666,18.290000915527344,18.309999465942383,300700
2026-04-02 14:30:00+00:00,B3SA3.SA,18.329999923706055,18.450000762939453,18.31999969482422,18.450000762939453,380200
2026-04-02 14:35:00+00:00,B3SA3.SA,18.450000762939453,18.690000534057617,18.440000534057617,18.670000076293945,1090900
2026-04-02 14:40:00+00:00,B3SA3.SA,18.649999618530273,18.68000030517578,18.549999237060547,18.59000015258789,534800
2026-04-02 14:45:00+00:00,B3SA3.SA,18.59000015258789,18.600000381469727,18.420000076293945,18.43000030517578,208200
2026-04-02 14:50:00+00:00,B3SA3.SA,18.440000534057617,18.549999237060547,18.43000030517578,18.520000457763672,202000
2026-04-02 14:55:00+00:00,B3SA3.SA,18.520000457763672,18.559999465942383,18.510000228881836,18.540000915527344,111700
2026-04-02 15:00:00+00:00,B3SA3.SA,18.530000686645508,18.540000915527344,18.489999771118164,18.530000686645508,106300
2026-04-02 15:05:00+00:00,B3SA3.SA,18.530000686645508,18.59000015258789,18.510000228881836,18.59000015258789,157900
2026-04-02 15:10:00+00:00,B3SA3.SA,18.59000015258789,18.649999618530273,18.56999969482422,18.6200008392334,199600
2026-04-02 15:15:00+00:00,B3SA3.SA,18.600000381469727,18.719999313354492,18.600000381469727,18.65999984741211,405800
2026-04-02 15:20:00+00:00,B3SA3.SA,18.65999984741211,18.65999984741211,18.549999237060547,18.600000381469727,142700
2026-04-02 15:25:00+00:00,B3SA3.SA,18.579999923706055,18.65999984741211,18.549999237060547,18.65999984741211,250000
2026-04-02 15:30:00+00:00,B3SA3.SA,18.639999389648438,18.65999984741211,18.600000381469727,18.6200008392334,126000
2026-04-02 15:35:00+00:00,B3SA3.SA,18.610000610351562,18.690000534057617,18.610000610351562,18.6200008392334,266300
2026-04-02 15:40:00+00:00,B3SA3.SA,18.6200008392334,18.639999389648438,18.579999923706055,18.6299991607666,336000
2026-04-02 15:45:00+00:00,B3SA3.SA,18.6299991607666,18.6299991607666,18.579999923706055,18.59000015258789,132900
2026-04-02 15:50:00+00:00,B3SA3.SA,18.59000015258789,18.600000381469727,18.549999237060547,18.59000015258789,107300
2026-04-02 15:55:00+00:00,B3SA3.SA,18.56999969482422,18.600000381469727,18.549999237060547,18.579999923706055,136500
2026-04-02 16:00:00+00:00,B3SA3.SA,18.56999969482422,18.59000015258789,18.540000915527344,18.549999237060547,113800
2026-04-02 16:05:00+00:00,B3SA3.SA,18.540000915527344,18.559999465942383,18.510000228881836,18.549999237060547,106000
2026-04-02 16:10:00+00:00,B3SA3.SA,18.549999237060547,18.579999923706055,18.520000457763672,18.540000915527344,170500
2026-04-02 16:15:00+00:00,B3SA3.SA,18.530000686645508,18.559999465942383,18.489999771118164,18.5,129900
2026-04-02 16:20:00+00:00,B3SA3.SA,18.489999771118164,18.510000228881836,18.450000762939453,18.489999771118164,136700
2026-04-02 16:25:00+00:00,B3SA3.SA,18.469999313354492,18.510000228881836,18.459999084472656,18.5,127300
2026-04-02 16:30:00+00:00,B3SA3.SA,18.5,18.579999923706055,18.469999313354492,18.510000228881836,226700
2026-04-02 16:35:00+00:00,B3SA3.SA,18.530000686645508,18.549999237060547,18.5,18.520000457763672,145800
2026-04-02 16:40:00+00:00,B3SA3.SA,18.520000457763672,18.56999969482422,18.510000228881836,18.559999465942383,158500
2026-04-02 16:45:00+00:00,B3SA3.SA,18.559999465942383,18.579999923706055,18.520000457763672,18.549999237060547,127200
2026-04-02 16:50:00+00:00,B3SA3.SA,18.540000915527344,18.559999465942383,18.510000228881836,18.540000915527344,111100
2026-04-02 16:55:00+00:00,B3SA3.SA,18.540000915527344,18.549999237060547,18.489999771118164,18.5,373300
2026-04-02 17:00:00+00:00,B3SA3.SA,18.5,18.530000686645508,18.479999542236328,18.530000686645508,119100
2026-04-02 17:05:00+00:00,B3SA3.SA,18.530000686645508,18.530000686645508,18.479999542236328,18.5,241200
2026-04-02 17:10:00+00:00,B3SA3.SA,18.5,18.549999237060547,18.450000762939453,18.549999237060547,1022100
2026-04-02 17:15:00+00:00,B3SA3.SA,18.549999237060547,18.579999923706055,18.5,18.530000686645508,317100
2026-04-02 17:20:00+00:00,B3SA3.SA,18.530000686645508,18.559999465942383,18.5,18.540000915527344,119400
2026-04-02 17:25:00+00:00,B3SA3.SA,18.540000915527344,18.56999969482422,18.530000686645508,18.56999969482422,107700
2026-04-02 17:30:00+00:00,B3SA3.SA,18.549999237060547,18.56999969482422,18.5,18.520000457763672,108700
2026-04-02 17:35:00+00:00,B3SA3.SA,18.510000228881836,18.540000915527344,18.479999542236328,18.530000686645508,163100
2026-04-02 17:40:00+00:00,B3SA3.SA,18.520000457763672,18.549999237060547,18.510000228881836,18.540000915527344,107000
2026-04-02 17:45:00+00:00,B3SA3.SA,18.530000686645508,18.549999237060547,18.479999542236328,18.5,121500
2026-04-02 17:50:00+00:00,B3SA3.SA,18.5,18.520000457763672,18.479999542236328,18.510000228881836,311500
2026-04-02 17:55:00+00:00,B3SA3.SA,18.5,18.549999237060547,18.479999542236328,18.549999237060547,161200
2026-04-02 18:00:00+00:00,B3SA3.SA,18.530000686645508,18.56999969482422,18.530000686645508,18.559999465942383,163100
2026-04-02 18:05:00+00:00,B3SA3.SA,18.559999465942383,18.579999923706055,18.540000915527344,18.559999465942383,154500
2026-04-02 18:10:00+00:00,B3SA3.SA,18.549999237060547,18.579999923706055,18.549999237060547,18.56999969482422,118700
2026-04-02 18:15:00+00:00,B3SA3.SA,18.559999465942383,18.59000015258789,18.530000686645508,18.56999969482422,220500
2026-04-02 18:20:00+00:00,B3SA3.SA,18.559999465942383,18.56999969482422,18.530000686645508,18.559999465942383,338300
2026-04-02 18:25:00+00:00,B3SA3.SA,18.549999237060547,18.559999465942383,18.479999542236328,18.540000915527344,298400
2026-04-02 18:30:00+00:00,B3SA3.SA,18.530000686645508,18.530000686645508,18.450000762939453,18.489999771118164,395300
2026-04-02 18:35:00+00:00,B3SA3.SA,18.469999313354492,18.489999771118164,18.440000534057617,18.469999313354492,197100
2026-04-02 18:40:00+00:00,B3SA3.SA,18.469999313354492,18.5,18.450000762939453,18.5,177900
2026-04-02 18:45:00+00:00,B3SA3.SA,18.5,18.540000915527344,18.489999771118164,18.540000915527344,174300
2026-04-02 18:50:00+00:00,B3SA3.SA,18.540000915527344,18.579999923706055,18.530000686645508,18.549999237060547,197000
2026-04-02 18:55:00+00:00,B3SA3.SA,18.549999237060547,18.559999465942383,18.520000457763672,18.530000686645508,167600
2026-04-02 19:00:00+00:00,B3SA3.SA,18.520000457763672,18.549999237060547,18.510000228881836,18.530000686645508,173900
2026-04-02 19:05:00+00:00,B3SA3.SA,18.530000686645508,18.540000915527344,18.5,18.520000457763672,178200
2026-04-02 19:10:00+00:00,B3SA3.SA,18.510000228881836,18.559999465942383,18.489999771118164,18.540000915527344,462400
2026-04-02 19:15:00+00:00,B3SA3.SA,18.520000457763672,18.56999969482422,18.5,18.559999465942383,233400
2026-04-02 19:20:00+00:00,B3SA3.SA,18.559999465942383,18.56999969482422,18.510000228881836,18.540000915527344,313400
2026-04-02 19:25:00+00:00,B3SA3.SA,18.520000457763672,18.530000686645508,18.5,18.520000457763672,234900
2026-04-02 19:30:00+00:00,B3SA3.SA,18.520000457763672,18.549999237060547,18.520000457763672,18.540000915527344,257600
2026-04-02 19:35:00+00:00,B3SA3.SA,18.540000915527344,18.6299991607666,18.540000915527344,18.6299991607666,317600
2026-04-02 19:40:00+00:00,B3SA3.SA,18.6200008392334,18.639999389648438,18.59000015258789,18.600000381469727,502400
2026-04-02 19:45:00+00:00,B3SA3.SA,18.579999923706055,18.600000381469727,18.549999237060547,18.579999923706055,258800
2026-04-02 19:50:00+00:00,B3SA3.SA,18.56999969482422,18.610000610351562,18.559999465942383,18.600000381469727,359400
2026-04-06 13:05:00+00:00,B3SA3.SA,18.610000610351562,18.739999771118164,18.610000610351562,18.68000030517578,69300
2026-04-06 13:10:00+00:00,B3SA3.SA,18.68000030517578,18.68000030517578,18.559999465942383,18.559999465942383,290500
2026-04-06 13:15:00+00:00,B3SA3.SA,18.559999465942383,18.610000610351562,18.510000228881836,18.510000228881836,180300
2026-04-06 13:20:00+00:00,B3SA3.SA,18.510000228881836,18.530000686645508,18.440000534057617,18.479999542236328,540800
2026-04-06 13:25:00+00:00,B3SA3.SA,18.479999542236328,18.549999237060547,18.469999313354492,18.520000457763672,191800
2026-04-06 13:30:00+00:00,B3SA3.SA,18.510000228881836,18.600000381469727,18.510000228881836,18.579999923706055,461300
2026-04-06 13:35:00+00:00,B3SA3.SA,18.559999465942383,18.600000381469727,18.5,18.56999969482422,221300
2026-04-06 13:40:00+00:00,B3SA3.SA,18.56999969482422,18.6200008392334,18.530000686645508,18.59000015258789,176200
2026-04-06 13:45:00+00:00,B3SA3.SA,18.579999923706055,18.649999618530273,18.489999771118164,18.579999923706055,550800
2026-04-06 13:50:00+00:00,B3SA3.SA,18.559999465942383,18.59000015258789,18.559999465942383,18.559999465942383,74700
2026-04-06 13:55:00+00:00,B3SA3.SA,18.559999465942383,18.610000610351562,18.549999237060547,18.610000610351562,148000
2026-04-06 14:00:00+00:00,B3SA3.SA,18.59000015258789,18.65999984741211,18.530000686645508,18.530000686645508,380200
2026-04-06 14:05:00+00:00,B3SA3.SA,18.540000915527344,18.600000381469727,18.520000457763672,18.59000015258789,426400
2026-04-06 14:10:00+00:00,B3SA3.SA,18.59000015258789,18.639999389648438,18.56999969482422,18.6299991607666,103200
2026-04-06 14:15:00+00:00,B3SA3.SA,18.6200008392334,18.639999389648438,18.59000015258789,18.639999389648438,73100
2026-04-06 14:20:00+00:00,B3SA3.SA,18.6200008392334,18.649999618530273,18.600000381469727,18.6299991607666,194200
2026-04-06 14:25:00+00:00,B3SA3.SA,18.6200008392334,18.649999618530273,18.559999465942383,18.6200008392334,118900
2026-04-06 14:30:00+00:00,B3SA3.SA,18.610000610351562,18.639999389648438,18.579999923706055,18.600000381469727,145500
2026-04-06 14:35:00+00:00,B3SA3.SA,18.600000381469727,18.6299991607666,18.540000915527344,18.56999969482422,153100
2026-04-06 14:40:00+00:00,B3SA3.SA,18.579999923706055,18.68000030517578,18.579999923706055,18.6200008392334,286200
2026-04-06 14:45:00+00:00,B3SA3.SA,18.610000610351562,18.6200008392334,18.579999923706055,18.579999923706055,46800
2026-04-06 14:50:00+00:00,B3SA3.SA,18.59000015258789,18.600000381469727,18.549999237060547,18.579999923706055,87800
2026-04-06 14:55:00+00:00,B3SA3.SA,18.579999923706055,18.600000381469727,18.530000686645508,18.549999237060547,112800
2026-04-06 15:00:00+00:00,B3SA3.SA,18.559999465942383,18.59000015258789,18.549999237060547,18.559999465942383,266100
2026-04-06 15:05:00+00:00,B3SA3.SA,18.56999969482422,18.600000381469727,18.549999237060547,18.59000015258789,69700
2026-04-06 15:10:00+00:00,B3SA3.SA,18.59000015258789,18.59000015258789,18.450000762939453,18.489999771118164,743200
2026-04-06 15:15:00+00:00,B3SA3.SA,18.469999313354492,18.540000915527344,18.450000762939453,18.530000686645508,109200
2026-04-06 15:20:00+00:00,B3SA3.SA,18.530000686645508,18.579999923706055,18.510000228881836,18.549999237060547,96000
2026-04-06 15:25:00+00:00,B3SA3.SA,18.549999237060547,18.559999465942383,18.520000457763672,18.549999237060547,61500
2026-04-06 15:30:00+00:00,B3SA3.SA,18.549999237060547,18.549999237060547,18.510000228881836,18.530000686645508,68900
2026-04-06 15:35:00+00:00,B3SA3.SA,18.530000686645508,18.549999237060547,18.510000228881836,18.549999237060547,87200
2026-04-06 15:40:00+00:00,B3SA3.SA,18.549999237060547,18.56999969482422,18.5,18.530000686645508,398800
2026-04-06 15:45:00+00:00,B3SA3.SA,18.540000915527344,18.559999465942383,18.5,18.540000915527344,316700
2026-04-06 15:50:00+00:00,B3SA3.SA,18.540000915527344,18.639999389648438,18.530000686645508,18.600000381469727,362600
2026-04-06 15:55:00+00:00,B3SA3.SA,18.6200008392334,18.639999389648438,18.600000381469727,18.639999389648438,95600
2026-04-06 16:00:00+00:00,B3SA3.SA,18.639999389648438,18.649999618530273,18.610000610351562,18.610000610351562,120700
2026-04-06 16:05:00+00:00,B3SA3.SA,18.6200008392334,18.649999618530273,18.600000381469727,18.600000381469727,137500
2026-04-06 16:10:00+00:00,B3SA3.SA,18.600000381469727,18.65999984741211,18.59000015258789,18.639999389648438,171400
2026-04-06 16:15:00+00:00,B3SA3.SA,18.6299991607666,18.65999984741211,18.610000610351562,18.6299991607666,108300
2026-04-06 16:20:00+00:00,B3SA3.SA,18.6299991607666,18.639999389648438,18.579999923706055,18.600000381469727,138000
2026-04-06 16:25:00+00:00,B3SA3.SA,18.610000610351562,18.649999618530273,18.600000381469727,18.649999618530273,166500
2026-04-06 16:30:00+00:00,B3SA3.SA,18.6299991607666,18.65999984741211,18.600000381469727,18.600000381469727,277900
2026-04-06 16:35:00+00:00,B3SA3.SA,18.600000381469727,18.649999618530273,18.59000015258789,18.59000015258789,133300
2026-04-06 16:40:00+00:00,B3SA3.SA,18.59000015258789,18.65999984741211,18.59000015258789,18.6299991607666,224200
2026-04-06 16:45:00+00:00,B3SA3.SA,18.6299991607666,18.649999618530273,18.610000610351562,18.6200008392334,108900
2026-04-06 16:50:00+00:00,B3SA3.SA,18.639999389648438,18.649999618530273,18.579999923706055,18.59000015258789,119300
2026-04-06 16:55:00+00:00,B3SA3.SA,18.600000381469727,18.610000610351562,18.549999237060547,18.600000381469727,833300
2026-04-06 17:00:00+00:00,B3SA3.SA,18.600000381469727,18.600000381469727,18.510000228881836,18.540000915527344,145900
2026-04-06 17:05:00+00:00,B3SA3.SA,18.559999465942383,18.56999969482422,18.530000686645508,18.530000686645508,85700
2026-04-06 17:10:00+00:00,B3SA3.SA,18.530000686645508,18.549999237060547,18.510000228881836,18.540000915527344,489400
2026-04-06 17:15:00+00:00,B3SA3.SA,18.540000915527344,18.549999237060547,18.479999542236328,18.540000915527344,258000
2026-04-06 17:20:00+00:00,B3SA3.SA,18.540000915527344,18.540000915527344,18.5,18.540000915527344,115600
2026-04-06 17:25:00+00:00,B3SA3.SA,18.540000915527344,18.540000915527344,18.510000228881836,18.520000457763672,149200
2026-04-06 17:30:00+00:00,B3SA3.SA,18.530000686645508,18.559999465942383,18.5,18.520000457763672,147900
2026-04-06 17:35:00+00:00,B3SA3.SA,18.510000228881836,18.530000686645508,18.5,18.510000228881836,98100
2026-04-06 17:40:00+00:00,B3SA3.SA,18.520000457763672,18.530000686645508,18.440000534057617,18.450000762939453,146400
2026-04-06 17:45:00+00:00,B3SA3.SA,18.469999313354492,18.469999313354492,18.399999618530273,18.40999984741211,132700
2026-04-06 17:50:00+00:00,B3SA3.SA,18.399999618530273,18.40999984741211,18.389999389648438,18.40999984741211,136200
2026-04-06 17:55:00+00:00,B3SA3.SA,18.399999618530273,18.40999984741211,18.3700008392334,18.3799991607666,157000
2026-04-06 18:00:00+00:00,B3SA3.SA,18.399999618530273,18.40999984741211,18.360000610351562,18.389999389648438,192300
2026-04-06 18:05:00+00:00,B3SA3.SA,18.399999618530273,18.440000534057617,18.3700008392334,18.420000076293945,143300
2026-04-06 18:10:00+00:00,B3SA3.SA,18.440000534057617,18.479999542236328,18.399999618530273,18.43000030517578,220200
2026-04-06 18:15:00+00:00,B3SA3.SA,18.43000030517578,18.450000762939453,18.420000076293945,18.440000534057617,120300
2026-04-06 18:20:00+00:00,B3SA3.SA,18.43000030517578,18.489999771118164,18.43000030517578,18.459999084472656,234500
2026-04-06 18:25:00+00:00,B3SA3.SA,18.459999084472656,18.479999542236328,18.450000762939453,18.450000762939453,184700
2026-04-06 18:30:00+00:00,B3SA3.SA,18.450000762939453,18.469999313354492,18.40999984741211,18.420000076293945,283400
2026-04-06 18:35:00+00:00,B3SA3.SA,18.43000030517578,18.450000762939453,18.420000076293945,18.420000076293945,151100
2026-04-06 18:40:00+00:00,B3SA3.SA,18.420000076293945,18.43000030517578,18.399999618530273,18.420000076293945,172800
2026-04-06 18:45:00+00:00,B3SA3.SA,18.420000076293945,18.450000762939453,18.40999984741211,18.450000762939453,168500
2026-04-06 18:50:00+00:00,B3SA3.SA,18.450000762939453,18.459999084472656,18.43000030517578,18.440000534057617,164600
2026-04-06 18:55:00+00:00,B3SA3.SA,18.440000534057617,18.469999313354492,18.43000030517578,18.440000534057617,203200
2026-04-06 19:00:00+00:00,B3SA3.SA,18.440000534057617,18.459999084472656,18.43000030517578,18.440000534057617,214700
2026-04-06 19:05:00+00:00,B3SA3.SA,18.440000534057617,18.459999084472656,18.420000076293945,18.420000076293945,284100
2026-04-06 19:10:00+00:00,B3SA3.SA,18.420000076293945,18.420000076293945,18.360000610351562,18.3700008392334,325500
2026-04-06 19:15:00+00:00,B3SA3.SA,18.360000610351562,18.3799991607666,18.350000381469727,18.350000381469727,380400
2026-04-06 19:20:00+00:00,B3SA3.SA,18.350000381469727,18.3799991607666,18.350000381469727,18.3700008392334,297500
2026-04-06 19:25:00+00:00,B3SA3.SA,18.360000610351562,18.389999389648438,18.360000610351562,18.3799991607666,353000
2026-04-06 19:30:00+00:00,B3SA3.SA,18.3700008392334,18.459999084472656,18.3700008392334,18.43000030517578,772000
2026-04-06 19:35:00+00:00,B3SA3.SA,18.43000030517578,18.459999084472656,18.40999984741211,18.450000762939453,795600
2026-04-06 19:40:00+00:00,B3SA3.SA,18.450000762939453,18.459999084472656,18.389999389648438,18.40999984741211,747600
2026-04-06 19:45:00+00:00,B3SA3.SA,18.420000076293945,18.43000030517578,18.389999389648438,18.40999984741211,386400
2026-04-06 19:50:00+00:00,B3SA3.SA,18.40999984741211,18.43000030517578,18.3799991607666,18.389999389648438,360300
2026-04-07 13:00:00+00:00,B3SA3.SA,18.239999771118164,18.290000915527344,18.239999771118164,18.260000228881836,0
2026-04-07 13:05:00+00:00,B3SA3.SA,18.260000228881836,18.309999465942383,18.209999084472656,18.209999084472656,167800
2026-04-07 13:10:00+00:00,B3SA3.SA,18.219999313354492,18.229999542236328,18.15999984741211,18.209999084472656,1240500
2026-04-07 13:15:00+00:00,B3SA3.SA,18.209999084472656,18.25,18.09000015258789,18.1200008392334,493700
2026-04-07 13:20:00+00:00,B3SA3.SA,18.1200008392334,18.1299991607666,18.049999237060547,18.100000381469727,341200
2026-04-07 13:25:00+00:00,B3SA3.SA,18.110000610351562,18.200000762939453,18.110000610351562,18.1200008392334,803400
2026-04-07 13:30:00+00:00,B3SA3.SA,18.1299991607666,18.170000076293945,18.110000610351562,18.149999618530273,777500
2026-04-07 13:35:00+00:00,B3SA3.SA,18.149999618530273,18.170000076293945,18.079999923706055,18.079999923706055,476600
2026-04-07 13:40:00+00:00,B3SA3.SA,18.079999923706055,18.110000610351562,18.030000686645508,18.049999237060547,522800
2026-04-07 13:45:00+00:00,B3SA3.SA,18.06999969482422,18.06999969482422,17.920000076293945,17.969999313354492,894000
2026-04-07 13:50:00+00:00,B3SA3.SA,17.979999542236328,18.0,17.920000076293945,17.979999542236328,243300
2026-04-07 13:55:00+00:00,B3SA3.SA,17.989999771118164,17.989999771118164,17.93000030517578,17.940000534057617,441000
2026-04-07 14:00:00+00:00,B3SA3.SA,17.950000762939453,17.950000762939453,17.90999984741211,17.93000030517578,210600
2026-04-07 14:05:00+00:00,B3SA3.SA,17.93000030517578,17.940000534057617,17.8700008392334,17.90999984741211,258800
2026-04-07 14:10:00+00:00,B3SA3.SA,17.90999984741211,17.940000534057617,17.889999389648438,17.93000030517578,174100
2026-04-07 14:15:00+00:00,B3SA3.SA,17.93000030517578,17.969999313354492,17.8799991607666,17.899999618530273,320000
2026-04-07 14:20:00+00:00,B3SA3.SA,17.899999618530273,17.979999542236328,17.889999389648438,17.969999313354492,551800
2026-04-07 14:25:00+00:00,B3SA3.SA,17.969999313354492,18.049999237060547,17.959999084472656,18.020000457763672,486200
2026-04-07 14:30:00+00:00,B3SA3.SA,18.020000457763672,18.049999237060547,17.979999542236328,18.020000457763672,1293700
2026-04-07 14:35:00+00:00,B3SA3.SA,18.020000457763672,18.040000915527344,17.950000762939453,17.959999084472656,563900
2026-04-07 14:40:00+00:00,B3SA3.SA,17.979999542236328,18.010000228881836,17.959999084472656,17.969999313354492,309900
2026-04-07 14:45:00+00:00,B3SA3.SA,17.979999542236328,18.040000915527344,17.93000030517578,17.940000534057617,791600
2026-04-07 14:50:00+00:00,B3SA3.SA,17.940000534057617,17.950000762939453,17.899999618530273,17.920000076293945,466100
2026-04-07 14:55:00+00:00,B3SA3.SA,17.920000076293945,17.979999542236328,17.899999618530273,17.920000076293945,858300
2026-04-07 15:00:00+00:00,B3SA3.SA,17.90999984741211,17.93000030517578,17.889999389648438,17.90999984741211,278000
2026-04-07 15:05:00+00:00,B3SA3.SA,17.90999984741211,17.920000076293945,17.860000610351562,17.8700008392334,330900
2026-04-07 15:10:00+00:00,B3SA3.SA,17.8799991607666,17.950000762939453,17.8700008392334,17.920000076293945,226400
2026-04-07 15:15:00+00:00,B3SA3.SA,17.920000076293945,18.0,17.920000076293945,17.950000762939453,506300
2026-04-07 15:20:00+00:00,B3SA3.SA,17.959999084472656,17.969999313354492,17.899999618530273,17.93000030517578,705300
2026-04-07 15:25:00+00:00,B3SA3.SA,17.93000030517578,17.979999542236328,17.93000030517578,17.959999084472656,206100
2026-04-07 15:30:00+00:00,B3SA3.SA,17.959999084472656,17.979999542236328,17.93000030517578,17.959999084472656,163000
2026-04-07 15:35:00+00:00,B3SA3.SA,17.959999084472656,18.0,17.940000534057617,17.959999084472656,1040300
2026-04-07 15:40:00+00:00,B3SA3.SA,17.959999084472656,17.979999542236328,17.940000534057617,17.950000762939453,306600
2026-04-07 15:45:00+00:00,B3SA3.SA,17.950000762939453,17.989999771118164,17.950000762939453,17.959999084472656,166100
2026-04-07 15:50:00+00:00,B3SA3.SA,17.959999084472656,17.989999771118164,17.950000762939453,17.950000762939453,193800
2026-04-07 15:55:00+00:00,B3SA3.SA,17.959999084472656,17.989999771118164,17.950000762939453,17.969999313354492,245900
2026-04-07 16:00:00+00:00,B3SA3.SA,17.979999542236328,18.030000686645508,17.950000762939453,17.959999084472656,1156200
2026-04-07 16:05:00+00:00,B3SA3.SA,17.969999313354492,17.989999771118164,17.93000030517578,17.950000762939453,273900
2026-04-07 16:10:00+00:00,B3SA3.SA,17.959999084472656,17.989999771118164,17.950000762939453,17.969999313354492,197200
2026-04-07 16:15:00+00:00,B3SA3.SA,17.969999313354492,18.020000457763672,17.969999313354492,17.979999542236328,498900
2026-04-07 16:20:00+00:00,B3SA3.SA,17.979999542236328,18.040000915527344,17.969999313354492,17.989999771118164,659100
2026-04-07 16:25:00+00:00,B3SA3.SA,18.0,18.020000457763672,17.979999542236328,18.010000228881836,652500
2026-04-07 16:30:00+00:00,B3SA3.SA,18.010000228881836,18.040000915527344,18.0,18.010000228881836,523700
2026-04-07 16:35:00+00:00,B3SA3.SA,18.010000228881836,18.020000457763672,17.940000534057617,17.940000534057617,500400
2026-04-07 16:40:00+00:00,B3SA3.SA,17.940000534057617,17.959999084472656,17.920000076293945,17.959999084472656,297000
2026-04-07 16:45:00+00:00,B3SA3.SA,17.940000534057617,17.989999771118164,17.940000534057617,17.989999771118164,485500
2026-04-07 16:50:00+00:00,B3SA3.SA,17.979999542236328,18.0,17.959999084472656,17.979999542236328,180800
2026-04-07 16:55:00+00:00,B3SA3.SA,17.959999084472656,17.979999542236328,17.93000030517578,17.93000030517578,274400
2026-04-07 17:00:00+00:00,B3SA3.SA,17.93000030517578,18.0,17.93000030517578,17.979999542236328,301600
2026-04-07 17:05:00+00:00,B3SA3.SA,17.979999542236328,18.0,17.959999084472656,17.979999542236328,141600
2026-04-07 17:10:00+00:00,B3SA3.SA,17.979999542236328,17.979999542236328,17.950000762939453,17.959999084472656,165900
2026-04-07 17:15:00+00:00,B3SA3.SA,17.950000762939453,17.969999313354492,17.90999984741211,17.959999084472656,444200
2026-04-07 17:20:00+00:00,B3SA3.SA,17.969999313354492,17.969999313354492,17.90999984741211,17.940000534057617,207300
2026-04-07 17:25:00+00:00,B3SA3.SA,17.950000762939453,17.950000762939453,17.90999984741211,17.920000076293945,175600
2026-04-07 17:30:00+00:00,B3SA3.SA,17.93000030517578,17.979999542236328,17.920000076293945,17.959999084472656,243900
2026-04-07 17:35:00+00:00,B3SA3.SA,17.959999084472656,18.020000457763672,17.959999084472656,17.959999084472656,679300
2026-04-07 17:40:00+00:00,B3SA3.SA,17.959999084472656,17.979999542236328,17.93000030517578,17.93000030517578,204800
2026-04-07 17:45:00+00:00,B3SA3.SA,17.93000030517578,17.959999084472656,17.920000076293945,17.940000534057617,204500
2026-04-07 17:50:00+00:00,B3SA3.SA,17.93000030517578,17.959999084472656,17.90999984741211,17.940000534057617,246500
2026-04-07 17:55:00+00:00,B3SA3.SA,17.940000534057617,17.940000534057617,17.90999984741211,17.90999984741211,157800
2026-04-07 18:00:00+00:00,B3SA3.SA,17.90999984741211,17.950000762939453,17.90999984741211,17.920000076293945,222200
2026-04-07 18:05:00+00:00,B3SA3.SA,17.920000076293945,17.950000762939453,17.90999984741211,17.950000762939453,167900
2026-04-07 18:10:00+00:00,B3SA3.SA,17.940000534057617,17.959999084472656,17.940000534057617,17.950000762939453,140500
2026-04-07 18:15:00+00:00,B3SA3.SA,17.950000762939453,17.959999084472656,17.920000076293945,17.950000762939453,217700
2026-04-07 18:20:00+00:00,B3SA3.SA,17.959999084472656,17.959999084472656,17.90999984741211,17.90999984741211,178200
2026-04-07 18:25:00+00:00,B3SA3.SA,17.93000030517578,17.93000030517578,17.920000076293945,17.93000030517578,175700
2026-04-07 18:30:00+00:00,B3SA3.SA,17.93000030517578,17.93000030517578,17.90999984741211,17.90999984741211,114700
2026-04-07 18:35:00+00:00,B3SA3.SA,17.920000076293945,17.93000030517578,17.8700008392334,17.8799991607666,388600
2026-04-07 18:40:00+00:00,B3SA3.SA,17.889999389648438,17.889999389648438,17.84000015258789,17.84000015258789,284200
2026-04-07 18:45:00+00:00,B3SA3.SA,17.850000381469727,17.860000610351562,17.81999969482422,17.850000381469727,435000
2026-04-07 18:50:00+00:00,B3SA3.SA,17.860000610351562,17.8700008392334,17.81999969482422,17.829999923706055,455200
2026-04-07 18:55:00+00:00,B3SA3.SA,17.829999923706055,17.829999923706055,17.790000915527344,17.829999923706055,368400
2026-04-07 19:00:00+00:00,B3SA3.SA,17.81999969482422,17.84000015258789,17.799999237060547,17.829999923706055,354700
2026-04-07 19:05:00+00:00,B3SA3.SA,17.829999923706055,17.850000381469727,17.790000915527344,17.809999465942383,416300
2026-04-07 19:10:00+00:00,B3SA3.SA,17.81999969482422,17.829999923706055,17.799999237060547,17.829999923706055,284100
2026-04-07 19:15:00+00:00,B3SA3.SA,17.829999923706055,18.0,17.81999969482422,17.969999313354492,771000
2026-04-07 19:20:00+00:00,B3SA3.SA,17.959999084472656,17.989999771118164,17.90999984741211,17.93000030517578,693700
2026-04-07 19:25:00+00:00,B3SA3.SA,17.93000030517578,17.969999313354492,17.920000076293945,17.959999084472656,713600
2026-04-07 19:30:00+00:00,B3SA3.SA,17.959999084472656,17.989999771118164,17.93000030517578,17.940000534057617,484000
2026-04-07 19:35:00+00:00,B3SA3.SA,17.93000030517578,17.93000030517578,17.8799991607666,17.899999618530273,282400
2026-04-07 19:40:00+00:00,B3SA3.SA,17.899999618530273,17.959999084472656,17.8799991607666,17.950000762939453,617600
2026-04-07 19:45:00+00:00,B3SA3.SA,17.950000762939453,18.030000686645508,17.920000076293945,17.969999313354492,2376300
2026-04-07 19:50:00+00:00,B3SA3.SA,17.969999313354492,18.040000915527344,17.959999084472656,18.0,1420000
2026-04-08 13:05:00+00:00,B3SA3.SA,19.190000534057617,19.309999465942383,19.110000610351562,19.209999084472656,681200
2026-04-08 13:10:00+00:00,B3SA3.SA,19.200000762939453,19.229999542236328,18.989999771118164,19.030000686645508,2543900
2026-04-08 13:15:00+00:00,B3SA3.SA,19.030000686645508,19.09000015258789,18.8700008392334,18.950000762939453,1733300
2026-04-08 13:20:00+00:00,B3SA3.SA,18.959999084472656,19.149999618530273,18.950000762939453,19.110000610351562,1314800
2026-04-08 13:25:00+00:00,B3SA3.SA,19.100000381469727,19.190000534057617,19.100000381469727,19.1299991607666,1047700
2026-04-08 13:30:00+00:00,B3SA3.SA,19.149999618530273,19.15999984741211,19.049999237060547,19.06999969482422,1773100
2026-04-08 13:35:00+00:00,B3SA3.SA,19.059999465942383,19.1200008392334,18.979999542236328,19.1200008392334,2329200
2026-04-08 13:40:00+00:00,B3SA3.SA,19.1200008392334,19.1299991607666,19.049999237060547,19.09000015258789,1667000
2026-04-08 13:45:00+00:00,B3SA3.SA,19.110000610351562,19.239999771118164,19.06999969482422,19.219999313354492,1893100
2026-04-08 13:50:00+00:00,B3SA3.SA,19.219999313354492,19.229999542236328,19.020000457763672,19.049999237060547,1843900
2026-04-08 13:55:00+00:00,B3SA3.SA,19.049999237060547,19.100000381469727,19.0,19.049999237060547,1662700
2026-04-08 14:00:00+00:00,B3SA3.SA,19.059999465942383,19.1200008392334,19.040000915527344,19.1200008392334,719500
2026-04-08 14:05:00+00:00,B3SA3.SA,19.1200008392334,19.1200008392334,18.920000076293945,19.0,1548200
2026-04-08 14:10:00+00:00,B3SA3.SA,19.0,19.0,18.959999084472656,18.959999084472656,509900
2026-04-08 14:15:00+00:00,B3SA3.SA,18.969999313354492,19.0,18.940000534057617,18.969999313354492,751100
2026-04-08 14:20:00+00:00,B3SA3.SA,18.969999313354492,19.030000686645508,18.950000762939453,19.030000686645508,528600
2026-04-08 14:25:00+00:00,B3SA3.SA,19.020000457763672,19.049999237060547,18.989999771118164,19.0,731000
2026-04-08 14:30:00+00:00,B3SA3.SA,19.0,19.010000228881836,18.950000762939453,19.0,724600
2026-04-08 14:35:00+00:00,B3SA3.SA,19.0,19.040000915527344,18.940000534057617,18.989999771118164,1070500
2026-04-08 14:40:00+00:00,B3SA3.SA,18.989999771118164,19.030000686645508,18.959999084472656,18.969999313354492,881900
2026-04-08 14:45:00+00:00,B3SA3.SA,18.969999313354492,19.010000228881836,18.90999984741211,19.0,533200
2026-04-08 14:50:00+00:00,B3SA3.SA,19.010000228881836,19.010000228881836,18.940000534057617,19.0,758900
2026-04-08 14:55:00+00:00,B3SA3.SA,19.0,19.0,18.93000030517578,19.0,870800
2026-04-08 15:00:00+00:00,B3SA3.SA,18.979999542236328,19.040000915527344,18.969999313354492,19.010000228881836,956800
2026-04-08 15:05:00+00:00,B3SA3.SA,19.010000228881836,19.049999237060547,18.959999084472656,18.969999313354492,473800
2026-04-08 15:10:00+00:00,B3SA3.SA,18.959999084472656,19.0,18.940000534057617,19.0,493400
2026-04-08 15:15:00+00:00,B3SA3.SA,18.989999771118164,19.010000228881836,18.969999313354492,19.0,348400
2026-04-08 15:20:00+00:00,B3SA3.SA,19.0,19.010000228881836,18.979999542236328,19.0,319100
2026-04-08 15:25:00+00:00,B3SA3.SA,19.0,19.010000228881836,18.969999313354492,18.979999542236328,311800
2026-04-08 15:30:00+00:00,B3SA3.SA,18.969999313354492,19.010000228881836,18.969999313354492,19.0,238600
2026-04-08 15:35:00+00:00,B3SA3.SA,19.0,19.040000915527344,19.0,19.030000686645508,325400
2026-04-08 15:40:00+00:00,B3SA3.SA,19.030000686645508,19.030000686645508,18.989999771118164,19.0,488900
2026-04-08 15:45:00+00:00,B3SA3.SA,19.010000228881836,19.040000915527344,19.0,19.030000686645508,340800
2026-04-08 15:50:00+00:00,B3SA3.SA,19.030000686645508,19.040000915527344,19.0,19.020000457763672,304800
2026-04-08 15:55:00+00:00,B3SA3.SA,19.020000457763672,19.049999237060547,19.010000228881836,19.040000915527344,259700
2026-04-08 16:00:00+00:00,B3SA3.SA,19.040000915527344,19.049999237060547,19.010000228881836,19.030000686645508,389900
2026-04-08 16:05:00+00:00,B3SA3.SA,19.020000457763672,19.040000915527344,19.0,19.020000457763672,216800
2026-04-08 16:10:00+00:00,B3SA3.SA,19.010000228881836,19.030000686645508,19.0,19.0,262300
2026-04-08 16:15:00+00:00,B3SA3.SA,19.0,19.010000228881836,18.989999771118164,19.0,295000
2026-04-08 16:20:00+00:00,B3SA3.SA,19.0,19.040000915527344,18.989999771118164,19.020000457763672,302000
2026-04-08 16:25:00+00:00,B3SA3.SA,19.020000457763672,19.040000915527344,19.010000228881836,19.040000915527344,267100
2026-04-08 16:30:00+00:00,B3SA3.SA,19.040000915527344,19.06999969482422,19.020000457763672,19.06999969482422,342700
2026-04-08 16:35:00+00:00,B3SA3.SA,19.059999465942383,19.06999969482422,19.030000686645508,19.049999237060547,417200
2026-04-08 16:40:00+00:00,B3SA3.SA,19.049999237060547,19.110000610351562,19.040000915527344,19.110000610351562,458600
2026-04-08 16:45:00+00:00,B3SA3.SA,19.110000610351562,19.1299991607666,19.09000015258789,19.100000381469727,319800
2026-04-08 16:50:00+00:00,B3SA3.SA,19.100000381469727,19.1299991607666,19.100000381469727,19.110000610351562,227400
2026-04-08 16:55:00+00:00,B3SA3.SA,19.110000610351562,19.149999618530273,19.110000610351562,19.139999389648438,316300
2026-04-08 17:00:00+00:00,B3SA3.SA,19.139999389648438,19.18000030517578,19.1299991607666,19.149999618530273,363600
2026-04-08 17:05:00+00:00,B3SA3.SA,19.149999618530273,19.15999984741211,19.100000381469727,19.100000381469727,299000
2026-04-08 17:10:00+00:00,B3SA3.SA,19.100000381469727,19.139999389648438,19.09000015258789,19.09000015258789,334800
2026-04-08 17:15:00+00:00,B3SA3.SA,19.09000015258789,19.1200008392334,19.040000915527344,19.06999969482422,434100
2026-04-08 17:20:00+00:00,B3SA3.SA,19.059999465942383,19.079999923706055,19.020000457763672,19.020000457763672,334200
2026-04-08 17:25:00+00:00,B3SA3.SA,19.030000686645508,19.059999465942383,19.010000228881836,19.040000915527344,358000
2026-04-08 17:30:00+00:00,B3SA3.SA,19.040000915527344,19.059999465942383,19.030000686645508,19.049999237060547,264600
2026-04-08 17:35:00+00:00,B3SA3.SA,19.059999465942383,19.079999923706055,19.040000915527344,19.059999465942383,314300
2026-04-08 17:40:00+00:00,B3SA3.SA,19.049999237060547,19.06999969482422,19.030000686645508,19.030000686645508,391500
2026-04-08 17:45:00+00:00,B3SA3.SA,19.030000686645508,19.040000915527344,19.020000457763672,19.030000686645508,246700
2026-04-08 17:50:00+00:00,B3SA3.SA,19.030000686645508,19.040000915527344,18.969999313354492,18.979999542236328,829600
2026-04-08 17:55:00+00:00,B3SA3.SA,18.969999313354492,18.989999771118164,18.959999084472656,18.979999542236328,627600
2026-04-08 18:00:00+00:00,B3SA3.SA,18.979999542236328,18.989999771118164,18.920000076293945,18.93000030517578,884600
2026-04-08 18:05:00+00:00,B3SA3.SA,18.920000076293945,18.950000762939453,18.90999984741211,18.950000762939453,424000
2026-04-08 18:10:00+00:00,B3SA3.SA,18.950000762939453,18.969999313354492,18.93000030517578,18.940000534057617,491800
2026-04-08 18:15:00+00:00,B3SA3.SA,18.940000534057617,18.950000762939453,18.809999465942383,18.860000610351562,1248600
2026-04-08 18:20:00+00:00,B3SA3.SA,18.860000610351562,18.889999389648438,18.829999923706055,18.850000381469727,653900
2026-04-08 18:25:00+00:00,B3SA3.SA,18.860000610351562,18.8700008392334,18.809999465942383,18.81999969482422,345400
2026-04-08 18:30:00+00:00,B3SA3.SA,18.809999465942383,18.860000610351562,18.809999465942383,18.829999923706055,339500
2026-04-08 18:35:00+00:00,B3SA3.SA,18.84000015258789,18.84000015258789,18.770000457763672,18.770000457763672,332400
2026-04-08 18:40:00+00:00,B3SA3.SA,18.780000686645508,18.809999465942383,18.739999771118164,18.780000686645508,670000
2026-04-08 18:45:00+00:00,B3SA3.SA,18.780000686645508,18.790000915527344,18.739999771118164,18.760000228881836,372900
2026-04-08 18:50:00+00:00,B3SA3.SA,18.760000228881836,18.790000915527344,18.75,18.760000228881836,380200
2026-04-08 18:55:00+00:00,B3SA3.SA,18.770000457763672,18.790000915527344,18.75,18.760000228881836,540800
2026-04-08 19:00:00+00:00,B3SA3.SA,18.75,18.770000457763672,18.700000762939453,18.729999542236328,776300
2026-04-08 19:05:00+00:00,B3SA3.SA,18.729999542236328,18.75,18.719999313354492,18.729999542236328,1017600
2026-04-08 19:10:00+00:00,B3SA3.SA,18.729999542236328,18.790000915527344,18.729999542236328,18.770000457763672,795700
2026-04-08 19:15:00+00:00,B3SA3.SA,18.780000686645508,18.799999237060547,18.75,18.770000457763672,376700
2026-04-08 19:20:00+00:00,B3SA3.SA,18.780000686645508,18.790000915527344,18.729999542236328,18.75,473200
2026-04-08 19:25:00+00:00,B3SA3.SA,18.75,18.770000457763672,18.709999084472656,18.729999542236328,394900
2026-04-08 19:30:00+00:00,B3SA3.SA,18.729999542236328,18.790000915527344,18.729999542236328,18.790000915527344,467700
2026-04-08 19:35:00+00:00,B3SA3.SA,18.790000915527344,18.809999465942383,18.770000457763672,18.799999237060547,633600
2026-04-08 19:40:00+00:00,B3SA3.SA,18.799999237060547,18.799999237060547,18.75,18.760000228881836,605600
2026-04-08 19:45:00+00:00,B3SA3.SA,18.760000228881836,18.81999969482422,18.760000228881836,18.799999237060547,620100
2026-04-08 19:50:00+00:00,B3SA3.SA,18.809999465942383,18.829999923706055,18.760000228881836,18.760000228881836,589100
2026-04-09 13:00:00+00:00,B3SA3.SA,18.860000610351562,18.860000610351562,18.709999084472656,18.760000228881836,0
2026-04-09 13:05:00+00:00,B3SA3.SA,18.75,18.84000015258789,18.670000076293945,18.690000534057617,271100
2026-04-09 13:10:00+00:00,B3SA3.SA,18.709999084472656,18.780000686645508,18.700000762939453,18.729999542236328,248300
2026-04-09 13:15:00+00:00,B3SA3.SA,18.729999542236328,18.790000915527344,18.729999542236328,18.770000457763672,183000
2026-04-09 13:20:00+00:00,B3SA3.SA,18.780000686645508,18.84000015258789,18.770000457763672,18.780000686645508,197000
2026-04-09 13:25:00+00:00,B3SA3.SA,18.790000915527344,18.84000015258789,18.780000686645508,18.84000015258789,144500
2026-04-09 13:30:00+00:00,B3SA3.SA,18.84000015258789,18.8700008392334,18.780000686645508,18.809999465942383,566400
2026-04-09 13:35:00+00:00,B3SA3.SA,18.799999237060547,18.93000030517578,18.790000915527344,18.93000030517578,922800
2026-04-09 13:40:00+00:00,B3SA3.SA,18.940000534057617,19.049999237060547,18.93000030517578,18.969999313354492,1295100
2026-04-09 13:45:00+00:00,B3SA3.SA,18.959999084472656,18.979999542236328,18.93000030517578,18.979999542236328,473300
2026-04-09 13:50:00+00:00,B3SA3.SA,18.969999313354492,19.0,18.93000030517578,18.950000762939453,311500
2026-04-09 13:55:00+00:00,B3SA3.SA,18.940000534057617,18.969999313354492,18.920000076293945,18.920000076293945,368500
2026-04-09 14:00:00+00:00,B3SA3.SA,18.920000076293945,18.979999542236328,18.90999984741211,18.969999313354492,123700
2026-04-09 14:05:00+00:00,B3SA3.SA,18.969999313354492,19.0,18.93000030517578,18.969999313354492,154700
2026-04-09 14:10:00+00:00,B3SA3.SA,18.969999313354492,19.0,18.940000534057617,18.979999542236328,282900
2026-04-09 14:15:00+00:00,B3SA3.SA,18.969999313354492,18.979999542236328,18.889999389648438,18.90999984741211,202300
2026-04-09 14:20:00+00:00,B3SA3.SA,18.90999984741211,18.950000762939453,18.8799991607666,18.93000030517578,78100
2026-04-09 14:25:00+00:00,B3SA3.SA,18.920000076293945,18.969999313354492,18.90999984741211,18.959999084472656,186600
2026-04-09 14:30:00+00:00,B3SA3.SA,18.969999313354492,18.979999542236328,18.920000076293945,18.940000534057617,129000
2026-04-09 14:35:00+00:00,B3SA3.SA,18.940000534057617,18.950000762939453,18.8700008392334,18.93000030517578,192700
2026-04-09 14:40:00+00:00,B3SA3.SA,18.920000076293945,18.950000762939453,18.899999618530273,18.920000076293945,87100
2026-04-09 14:45:00+00:00,B3SA3.SA,18.93000030517578,19.020000457763672,18.93000030517578,18.969999313354492,402000
2026-04-09 14:50:00+00:00,B3SA3.SA,18.969999313354492,19.0,18.93000030517578,18.950000762939453,189400
2026-04-09 14:55:00+00:00,B3SA3.SA,18.93000030517578,19.0,18.93000030517578,18.959999084472656,267800
2026-04-09 15:00:00+00:00,B3SA3.SA,18.950000762939453,18.950000762939453,18.90999984741211,18.940000534057617,177800
2026-04-09 15:05:00+00:00,B3SA3.SA,18.93000030517578,18.940000534057617,18.920000076293945,18.920000076293945,120100
2026-04-09 15:10:00+00:00,B3SA3.SA,18.93000030517578,18.989999771118164,18.93000030517578,18.989999771118164,184200
2026-04-09 15:15:00+00:00,B3SA3.SA,18.989999771118164,19.1200008392334,18.979999542236328,19.110000610351562,707900
2026-04-09 15:20:00+00:00,B3SA3.SA,19.110000610351562,19.149999618530273,19.09000015258789,19.139999389648438,377300
2026-04-09 15:25:00+00:00,B3SA3.SA,19.139999389648438,19.139999389648438,19.040000915527344,19.079999923706055,471100
2026-04-09 15:30:00+00:00,B3SA3.SA,19.079999923706055,19.229999542236328,19.049999237060547,19.15999984741211,752500
2026-04-09 15:35:00+00:00,B3SA3.SA,19.170000076293945,19.200000762939453,19.110000610351562,19.15999984741211,198700
2026-04-09 15:40:00+00:00,B3SA3.SA,19.15999984741211,19.200000762939453,19.149999618530273,19.18000030517578,195200
2026-04-09 15:45:00+00:00,B3SA3.SA,19.18000030517578,19.18000030517578,19.1200008392334,19.1200008392334,212300
2026-04-09 15:50:00+00:00,B3SA3.SA,19.1200008392334,19.139999389648438,19.079999923706055,19.09000015258789,215300
2026-04-09 15:55:00+00:00,B3SA3.SA,19.100000381469727,19.139999389648438,19.079999923706055,19.110000610351562,226100
2026-04-09 16:00:00+00:00,B3SA3.SA,19.110000610351562,19.170000076293945,19.100000381469727,19.149999618530273,392500
2026-04-09 16:05:00+00:00,B3SA3.SA,19.149999618530273,19.170000076293945,19.110000610351562,19.139999389648438,402600
2026-04-09 16:10:00+00:00,B3SA3.SA,19.139999389648438,19.18000030517578,19.139999389648438,19.18000030517578,415600
2026-04-09 16:15:00+00:00,B3SA3.SA,19.170000076293945,19.209999084472656,19.15999984741211,19.209999084472656,347800
2026-04-09 16:20:00+00:00,B3SA3.SA,19.209999084472656,19.209999084472656,19.110000610351562,19.110000610351562,392300
2026-04-09 16:25:00+00:00,B3SA3.SA,19.1200008392334,19.1200008392334,19.09000015258789,19.1200008392334,309400
2026-04-09 16:30:00+00:00,B3SA3.SA,19.110000610351562,19.1200008392334,19.09000015258789,19.100000381469727,238000
2026-04-09 16:35:00+00:00,B3SA3.SA,19.110000610351562,19.110000610351562,19.06999969482422,19.09000015258789,162700
2026-04-09 16:40:00+00:00,B3SA3.SA,19.09000015258789,19.09000015258789,19.049999237060547,19.06999969482422,230600
2026-04-09 16:45:00+00:00,B3SA3.SA,19.06999969482422,19.06999969482422,19.030000686645508,19.040000915527344,117300
2026-04-09 16:50:00+00:00,B3SA3.SA,19.049999237060547,19.059999465942383,19.030000686645508,19.030000686645508,274700
2026-04-09 16:55:00+00:00,B3SA3.SA,19.030000686645508,19.040000915527344,19.030000686645508,19.040000915527344,103000
2026-04-09 17:00:00+00:00,B3SA3.SA,19.040000915527344,19.040000915527344,19.020000457763672,19.030000686645508,172000
2026-04-09 17:05:00+00:00,B3SA3.SA,19.030000686645508,19.059999465942383,19.010000228881836,19.059999465942383,433500
2026-04-09 17:10:00+00:00,B3SA3.SA,19.059999465942383,19.079999923706055,19.010000228881836,19.06999969482422,538700
2026-04-09 17:15:00+00:00,B3SA3.SA,19.059999465942383,19.09000015258789,19.049999237060547,19.06999969482422,451900
2026-04-09 17:20:00+00:00,B3SA3.SA,19.06999969482422,19.100000381469727,19.049999237060547,19.100000381469727,4286900
2026-04-09 17:25:00+00:00,B3SA3.SA,19.100000381469727,19.1299991607666,19.06999969482422,19.1299991607666,451000
2026-04-09 17:30:00+00:00,B3SA3.SA,19.1299991607666,19.149999618530273,19.100000381469727,19.139999389648438,456000
2026-04-09 17:35:00+00:00,B3SA3.SA,19.139999389648438,19.18000030517578,19.1299991607666,19.170000076293945,271600
2026-04-09 17:40:00+00:00,B3SA3.SA,19.15999984741211,19.260000228881836,19.1299991607666,19.209999084472656,1000700
2026-04-09 17:45:00+00:00,B3SA3.SA,19.209999084472656,19.280000686645508,19.200000762939453,19.260000228881836,330300
2026-04-09 17:50:00+00:00,B3SA3.SA,19.270000457763672,19.280000686645508,19.25,19.270000457763672,303000
2026-04-09 17:55:00+00:00,B3SA3.SA,19.260000228881836,19.270000457763672,19.200000762939453,19.229999542236328,351800
2026-04-09 18:00:00+00:00,B3SA3.SA,19.229999542236328,19.229999542236328,19.110000610351562,19.110000610351562,654500
2026-04-09 18:05:00+00:00,B3SA3.SA,19.1200008392334,19.139999389648438,19.100000381469727,19.1299991607666,487400
2026-04-09 18:10:00+00:00,B3SA3.SA,19.139999389648438,19.149999618530273,19.049999237060547,19.049999237060547,368600
2026-04-09 18:15:00+00:00,B3SA3.SA,19.049999237060547,19.059999465942383,19.0,19.010000228881836,281700
2026-04-09 18:20:00+00:00,B3SA3.SA,19.020000457763672,19.049999237060547,19.0,19.010000228881836,485600
2026-04-09 18:25:00+00:00,B3SA3.SA,19.010000228881836,19.040000915527344,19.010000228881836,19.030000686645508,358500
2026-04-09 18:30:00+00:00,B3SA3.SA,19.030000686645508,19.030000686645508,19.010000228881836,19.020000457763672,510000
2026-04-09 18:35:00+00:00,B3SA3.SA,19.020000457763672,19.040000915527344,19.010000228881836,19.030000686645508,394300
2026-04-09 18:40:00+00:00,B3SA3.SA,19.030000686645508,19.079999923706055,19.020000457763672,19.040000915527344,723100
2026-04-09 18:45:00+00:00,B3SA3.SA,19.049999237060547,19.06999969482422,19.030000686645508,19.06999969482422,857300
2026-04-09 18:50:00+00:00,B3SA3.SA,19.059999465942383,19.100000381469727,19.049999237060547,19.09000015258789,657600
2026-04-09 18:55:00+00:00,B3SA3.SA,19.09000015258789,19.139999389648438,19.059999465942383,19.100000381469727,941700
2026-04-09 19:00:00+00:00,B3SA3.SA,19.110000610351562,19.170000076293945,19.09000015258789,19.170000076293945,596100
2026-04-09 19:05:00+00:00,B3SA3.SA,19.15999984741211,19.18000030517578,19.139999389648438,19.149999618530273,599000
2026-04-09 19:10:00+00:00,B3SA3.SA,19.139999389648438,19.149999618530273,19.1200008392334,19.1299991607666,220100
2026-04-09 19:15:00+00:00,B3SA3.SA,19.1299991607666,19.1299991607666,19.09000015258789,19.09000015258789,246600
2026-04-09 19:20:00+00:00,B3SA3.SA,19.09000015258789,19.139999389648438,19.079999923706055,19.139999389648438,337500
2026-04-09 19:25:00+00:00,B3SA3.SA,19.139999389648438,19.139999389648438,19.1200008392334,19.1299991607666,288200
2026-04-09 19:30:00+00:00,B3SA3.SA,19.139999389648438,19.209999084472656,19.1299991607666,19.170000076293945,481300
2026-04-09 19:35:00+00:00,B3SA3.SA,19.15999984741211,19.18000030517578,19.139999389648438,19.170000076293945,355900
2026-04-09 19:40:00+00:00,B3SA3.SA,19.18000030517578,19.239999771118164,19.149999618530273,19.209999084472656,918900
2026-04-09 19:45:00+00:00,B3SA3.SA,19.200000762939453,19.239999771118164,19.18000030517578,19.190000534057617,576500
2026-04-09 19:50:00+00:00,B3SA3.SA,19.190000534057617,19.25,19.149999618530273,19.149999618530273,976900
2026-04-10 13:05:00+00:00,B3SA3.SA,19.389999389648438,19.649999618530273,19.389999389648438,19.6200008392334,257500
2026-04-10 13:10:00+00:00,B3SA3.SA,19.6200008392334,19.6200008392334,19.510000228881836,19.56999969482422,611900
2026-04-10 13:15:00+00:00,B3SA3.SA,19.559999465942383,19.579999923706055,19.450000762939453,19.540000915527344,761900
2026-04-10 13:20:00+00:00,B3SA3.SA,19.540000915527344,19.549999237060547,19.479999542236328,19.530000686645508,585200
2026-04-10 13:25:00+00:00,B3SA3.SA,19.530000686645508,19.549999237060547,19.510000228881836,19.540000915527344,258400
2026-04-10 13:30:00+00:00,B3SA3.SA,19.549999237060547,19.549999237060547,19.389999389648438,19.420000076293945,691900
2026-04-10 13:35:00+00:00,B3SA3.SA,19.43000030517578,19.530000686645508,19.399999618530273,19.520000457763672,603200
2026-04-10 13:40:00+00:00,B3SA3.SA,19.520000457763672,19.549999237060547,19.450000762939453,19.489999771118164,416800
2026-04-10 13:45:00+00:00,B3SA3.SA,19.5,19.579999923706055,19.450000762939453,19.540000915527344,521900
2026-04-10 13:50:00+00:00,B3SA3.SA,19.559999465942383,19.670000076293945,19.5,19.670000076293945,871200
2026-04-10 13:55:00+00:00,B3SA3.SA,19.65999984741211,19.700000762939453,19.649999618530273,19.700000762939453,593900
2026-04-10 14:00:00+00:00,B3SA3.SA,19.68000030517578,19.739999771118164,19.6299991607666,19.65999984741211,955800
2026-04-10 14:05:00+00:00,B3SA3.SA,19.649999618530273,19.68000030517578,19.600000381469727,19.6200008392334,261000
2026-04-10 14:10:00+00:00,B3SA3.SA,19.610000610351562,19.65999984741211,19.579999923706055,19.649999618530273,292900
2026-04-10 14:15:00+00:00,B3SA3.SA,19.649999618530273,19.670000076293945,19.6200008392334,19.6200008392334,316600
2026-04-10 14:20:00+00:00,B3SA3.SA,19.6299991607666,19.690000534057617,19.6200008392334,19.68000030517578,424100
2026-04-10 14:25:00+00:00,B3SA3.SA,19.68000030517578,19.690000534057617,19.639999389648438,19.649999618530273,336000
2026-04-10 14:30:00+00:00,B3SA3.SA,19.649999618530273,19.670000076293945,19.579999923706055,19.59000015258789,346600
2026-04-10 14:35:00+00:00,B3SA3.SA,19.579999923706055,19.6200008392334,19.549999237060547,19.56999969482422,515800
2026-04-10 14:40:00+00:00,B3SA3.SA,19.56999969482422,19.579999923706055,19.510000228881836,19.530000686645508,786600
2026-04-10 14:45:00+00:00,B3SA3.SA,19.530000686645508,19.559999465942383,19.5,19.520000457763672,226600
2026-04-10 14:50:00+00:00,B3SA3.SA,19.510000228881836,19.579999923706055,19.469999313354492,19.489999771118164,390300
2026-04-10 14:55:00+00:00,B3SA3.SA,19.489999771118164,19.530000686645508,19.479999542236328,19.530000686645508,210600
2026-04-10 15:00:00+00:00,B3SA3.SA,19.520000457763672,19.530000686645508,19.489999771118164,19.520000457763672,285500
2026-04-10 15:05:00+00:00,B3SA3.SA,19.520000457763672,19.540000915527344,19.489999771118164,19.540000915527344,247200
2026-04-10 15:10:00+00:00,B3SA3.SA,19.540000915527344,19.559999465942383,19.520000457763672,19.540000915527344,262500
2026-04-10 15:15:00+00:00,B3SA3.SA,19.540000915527344,19.559999465942383,19.5,19.510000228881836,314900
2026-04-10 15:20:00+00:00,B3SA3.SA,19.510000228881836,19.559999465942383,19.510000228881836,19.559999465942383,227900
2026-04-10 15:25:00+00:00,B3SA3.SA,19.549999237060547,19.559999465942383,19.5,19.520000457763672,355300
2026-04-10 15:30:00+00:00,B3SA3.SA,19.520000457763672,19.530000686645508,19.450000762939453,19.459999084472656,306000
2026-04-10 15:35:00+00:00,B3SA3.SA,19.450000762939453,19.459999084472656,19.43000030517578,19.450000762939453,179700
2026-04-10 15:40:00+00:00,B3SA3.SA,19.450000762939453,19.469999313354492,19.40999984741211,19.459999084472656,338800
2026-04-10 15:45:00+00:00,B3SA3.SA,19.450000762939453,19.459999084472656,19.360000610351562,19.389999389648438,394100
2026-04-10 15:50:00+00:00,B3SA3.SA,19.389999389648438,19.399999618530273,19.3700008392334,19.389999389648438,172600
2026-04-10 15:55:00+00:00,B3SA3.SA,19.3700008392334,19.459999084472656,19.360000610351562,19.399999618530273,1018900
2026-04-10 16:00:00+00:00,B3SA3.SA,19.389999389648438,19.40999984741211,19.3799991607666,19.40999984741211,152800
2026-04-10 16:05:00+00:00,B3SA3.SA,19.399999618530273,19.40999984741211,19.3700008392334,19.389999389648438,222800
2026-04-10 16:10:00+00:00,B3SA3.SA,19.389999389648438,19.420000076293945,19.389999389648438,19.420000076293945,174600
2026-04-10 16:15:00+00:00,B3SA3.SA,19.420000076293945,19.5,19.40999984741211,19.420000076293945,623100
2026-04-10 16:20:00+00:00,B3SA3.SA,19.420000076293945,19.469999313354492,19.389999389648438,19.459999084472656,426500
2026-04-10 16:25:00+00:00,B3SA3.SA,19.469999313354492,19.469999313354492,19.3700008392334,19.3700008392334,605500
2026-04-10 16:30:00+00:00,B3SA3.SA,19.3700008392334,19.399999618530273,19.360000610351562,19.3799991607666,203100
2026-04-10 16:35:00+00:00,B3SA3.SA,19.3700008392334,19.389999389648438,19.3700008392334,19.389999389648438,178200
2026-04-10 16:40:00+00:00,B3SA3.SA,19.3799991607666,19.389999389648438,19.350000381469727,19.350000381469727,154100
2026-04-10 16:45:00+00:00,B3SA3.SA,19.350000381469727,19.360000610351562,19.290000915527344,19.309999465942383,822000
2026-04-10 16:50:00+00:00,B3SA3.SA,19.309999465942383,19.350000381469727,19.299999237060547,19.34000015258789,574600
2026-04-10 16:55:00+00:00,B3SA3.SA,19.34000015258789,19.34000015258789,19.309999465942383,19.309999465942383,224000
2026-04-10 17:00:00+00:00,B3SA3.SA,19.309999465942383,19.309999465942383,19.25,19.270000457763672,216400
2026-04-10 17:05:00+00:00,B3SA3.SA,19.270000457763672,19.299999237060547,19.260000228881836,19.299999237060547,230100
2026-04-10 17:10:00+00:00,B3SA3.SA,19.299999237060547,19.309999465942383,19.270000457763672,19.290000915527344,250900
2026-04-10 17:15:00+00:00,B3SA3.SA,19.280000686645508,19.299999237060547,19.280000686645508,19.290000915527344,439500
2026-04-10 17:20:00+00:00,B3SA3.SA,19.280000686645508,19.290000915527344,19.260000228881836,19.280000686645508,232600
2026-04-10 17:25:00+00:00,B3SA3.SA,19.290000915527344,19.299999237060547,19.260000228881836,19.260000228881836,222400
2026-04-10 17:30:00+00:00,B3SA3.SA,19.260000228881836,19.270000457763672,19.25,19.25,263400
2026-04-10 17:35:00+00:00,B3SA3.SA,19.260000228881836,19.270000457763672,19.239999771118164,19.270000457763672,197400
2026-04-10 17:40:00+00:00,B3SA3.SA,19.270000457763672,19.290000915527344,19.260000228881836,19.280000686645508,209600
2026-04-10 17:45:00+00:00,B3SA3.SA,19.280000686645508,19.290000915527344,19.270000457763672,19.280000686645508,196900
2026-04-10 17:50:00+00:00,B3SA3.SA,19.290000915527344,19.290000915527344,19.270000457763672,19.270000457763672,154700
2026-04-10 17:55:00+00:00,B3SA3.SA,19.280000686645508,19.290000915527344,19.270000457763672,19.290000915527344,190600
2026-04-10 18:00:00+00:00,B3SA3.SA,19.280000686645508,19.290000915527344,19.25,19.260000228881836,244000
2026-04-10 18:05:00+00:00,B3SA3.SA,19.25,19.260000228881836,19.219999313354492,19.239999771118164,294700
2026-04-10 18:10:00+00:00,B3SA3.SA,19.229999542236328,19.25,19.219999313354492,19.25,282700
2026-04-10 18:15:00+00:00,B3SA3.SA,19.239999771118164,19.270000457763672,19.209999084472656,19.270000457763672,241500
2026-04-10 18:20:00+00:00,B3SA3.SA,19.270000457763672,19.34000015258789,19.260000228881836,19.34000015258789,432400
2026-04-10 18:25:00+00:00,B3SA3.SA,19.34000015258789,19.360000610351562,19.309999465942383,19.309999465942383,308700
2026-04-10 18:30:00+00:00,B3SA3.SA,19.309999465942383,19.350000381469727,19.309999465942383,19.34000015258789,297800
2026-04-10 18:35:00+00:00,B3SA3.SA,19.34000015258789,19.360000610351562,19.31999969482422,19.31999969482422,270100
2026-04-10 18:40:00+00:00,B3SA3.SA,19.329999923706055,19.329999923706055,19.280000686645508,19.309999465942383,284800
2026-04-10 18:45:00+00:00,B3SA3.SA,19.309999465942383,19.309999465942383,19.280000686645508,19.299999237060547,236600
2026-04-10 18:50:00+00:00,B3SA3.SA,19.290000915527344,19.34000015258789,19.290000915527344,19.329999923706055,273200
2026-04-10 18:55:00+00:00,B3SA3.SA,19.34000015258789,19.34000015258789,19.270000457763672,19.31999969482422,333100
2026-04-10 19:00:00+00:00,B3SA3.SA,19.31999969482422,19.350000381469727,19.309999465942383,19.329999923706055,298600
2026-04-10 19:05:00+00:00,B3SA3.SA,19.329999923706055,19.350000381469727,19.31999969482422,19.329999923706055,225500
2026-04-10 19:10:00+00:00,B3SA3.SA,19.329999923706055,19.350000381469727,19.31999969482422,19.34000015258789,258700
2026-04-10 19:15:00+00:00,B3SA3.SA,19.34000015258789,19.3700008392334,19.31999969482422,19.360000610351562,1035000
2026-04-10 19:20:00+00:00,B3SA3.SA,19.350000381469727,19.3799991607666,19.329999923706055,19.3799991607666,644400
2026-04-10 19:25:00+00:00,B3SA3.SA,19.360000610351562,19.420000076293945,19.350000381469727,19.399999618530273,783900
2026-04-10 19:30:00+00:00,B3SA3.SA,19.40999984741211,19.469999313354492,19.389999389648438,19.440000534057617,483900
2026-04-10 19:35:00+00:00,B3SA3.SA,19.450000762939453,19.489999771118164,19.43000030517578,19.440000534057617,825200
2026-04-10 19:40:00+00:00,B3SA3.SA,19.440000534057617,19.489999771118164,19.420000076293945,19.489999771118164,627000
2026-04-10 19:45:00+00:00,B3SA3.SA,19.489999771118164,19.5,19.450000762939453,19.459999084472656,368600
2026-04-10 19:50:00+00:00,B3SA3.SA,19.459999084472656,19.520000457763672,19.450000762939453,19.489999771118164,708800
2026-04-13 13:05:00+00:00,B3SA3.SA,19.399999618530273,19.40999984741211,19.200000762939453,19.270000457763672,169200
2026-04-13 13:10:00+00:00,B3SA3.SA,19.260000228881836,19.3700008392334,19.239999771118164,19.31999969482422,440800
2026-04-13 13:15:00+00:00,B3SA3.SA,19.299999237060547,19.3700008392334,19.290000915527344,19.3700008392334,329000
2026-04-13 13:20:00+00:00,B3SA3.SA,19.360000610351562,19.389999389648438,19.350000381469727,19.3700008392334,170900
2026-04-13 13:25:00+00:00,B3SA3.SA,19.350000381469727,19.3799991607666,19.260000228881836,19.290000915527344,1939800
2026-04-13 13:30:00+00:00,B3SA3.SA,19.290000915527344,19.309999465942383,19.06999969482422,19.079999923706055,2484800
2026-04-13 13:35:00+00:00,B3SA3.SA,19.059999465942383,19.110000610351562,18.959999084472656,18.979999542236328,5242600
2026-04-13 13:40:00+00:00,B3SA3.SA,18.979999542236328,19.0,18.90999984741211,18.93000030517578,1579600
2026-04-13 13:45:00+00:00,B3SA3.SA,18.93000030517578,18.979999542236328,18.829999923706055,18.959999084472656,4832700
2026-04-13 13:50:00+00:00,B3SA3.SA,18.940000534057617,19.030000686645508,18.850000381469727,18.8799991607666,2172800
2026-04-13 13:55:00+00:00,B3SA3.SA,18.8799991607666,18.90999984741211,18.809999465942383,18.889999389648438,2348500
2026-04-13 14:00:00+00:00,B3SA3.SA,18.889999389648438,19.030000686645508,18.860000610351562,19.030000686645508,3328900
2026-04-13 14:05:00+00:00,B3SA3.SA,19.020000457763672,19.100000381469727,18.969999313354492,18.989999771118164,1167000
2026-04-13 14:10:00+00:00,B3SA3.SA,18.989999771118164,19.1200008392334,18.989999771118164,19.1200008392334,589200
2026-04-13 14:15:00+00:00,B3SA3.SA,19.1200008392334,19.1299991607666,19.049999237060547,19.1200008392334,1065500
2026-04-13 14:20:00+00:00,B3SA3.SA,19.1200008392334,19.170000076293945,19.079999923706055,19.170000076293945,931600
2026-04-13 14:25:00+00:00,B3SA3.SA,19.15999984741211,19.18000030517578,19.139999389648438,19.149999618530273,392100
2026-04-13 14:30:00+00:00,B3SA3.SA,19.15999984741211,19.18000030517578,19.079999923706055,19.139999389648438,548800
2026-04-13 14:35:00+00:00,B3SA3.SA,19.1299991607666,19.149999618530273,19.09000015258789,19.1200008392334,216800
2026-04-13 14:40:00+00:00,B3SA3.SA,19.110000610351562,19.1299991607666,19.110000610351562,19.1200008392334,110300
2026-04-13 14:45:00+00:00,B3SA3.SA,19.1299991607666,19.1299991607666,19.100000381469727,19.100000381469727,159800
2026-04-13 14:50:00+00:00,B3SA3.SA,19.100000381469727,19.149999618530273,19.100000381469727,19.149999618530273,304200
2026-04-13 14:55:00+00:00,B3SA3.SA,19.15999984741211,19.170000076293945,19.139999389648438,19.15999984741211,144500
2026-04-13 15:00:00+00:00,B3SA3.SA,19.15999984741211,19.15999984741211,19.100000381469727,19.110000610351562,191700
2026-04-13 15:05:00+00:00,B3SA3.SA,19.1200008392334,19.1299991607666,19.059999465942383,19.110000610351562,341700
2026-04-13 15:10:00+00:00,B3SA3.SA,19.100000381469727,19.110000610351562,19.049999237060547,19.049999237060547,141000
2026-04-13 15:15:00+00:00,B3SA3.SA,19.049999237060547,19.059999465942383,19.030000686645508,19.040000915527344,158700
2026-04-13 15:20:00+00:00,B3SA3.SA,19.030000686645508,19.09000015258789,19.030000686645508,19.06999969482422,213900
2026-04-13 15:25:00+00:00,B3SA3.SA,19.06999969482422,19.079999923706055,19.049999237060547,19.059999465942383,166800
2026-04-13 15:30:00+00:00,B3SA3.SA,19.049999237060547,19.079999923706055,19.020000457763672,19.079999923706055,192800
2026-04-13 15:35:00+00:00,B3SA3.SA,19.06999969482422,19.110000610351562,19.040000915527344,19.09000015258789,320800
2026-04-13 15:40:00+00:00,B3SA3.SA,19.09000015258789,19.100000381469727,19.079999923706055,19.079999923706055,60600
2026-04-13 15:45:00+00:00,B3SA3.SA,19.079999923706055,19.09000015258789,19.06999969482422,19.06999969482422,337300
2026-04-13 15:50:00+00:00,B3SA3.SA,19.06999969482422,19.09000015258789,19.030000686645508,19.030000686645508,303600
2026-04-13 15:55:00+00:00,B3SA3.SA,19.040000915527344,19.059999465942383,19.020000457763672,19.059999465942383,150900
2026-04-13 16:00:00+00:00,B3SA3.SA,19.059999465942383,19.06999969482422,19.040000915527344,19.06999969482422,116400
2026-04-13 16:05:00+00:00,B3SA3.SA,19.059999465942383,19.18000030517578,19.059999465942383,19.1200008392334,501000
2026-04-13 16:10:00+00:00,B3SA3.SA,19.1299991607666,19.1299991607666,19.09000015258789,19.110000610351562,116500
2026-04-13 16:15:00+00:00,B3SA3.SA,19.100000381469727,19.15999984741211,19.100000381469727,19.139999389648438,160600
2026-04-13 16:20:00+00:00,B3SA3.SA,19.149999618530273,19.190000534057617,19.139999389648438,19.170000076293945,206300
2026-04-13 16:25:00+00:00,B3SA3.SA,19.170000076293945,19.170000076293945,19.1299991607666,19.139999389648438,128000
2026-04-13 16:30:00+00:00,B3SA3.SA,19.139999389648438,19.200000762939453,19.139999389648438,19.170000076293945,157100
2026-04-13 16:35:00+00:00,B3SA3.SA,19.18000030517578,19.239999771118164,19.170000076293945,19.200000762939453,598600
2026-04-13 16:40:00+00:00,B3SA3.SA,19.209999084472656,19.25,19.18000030517578,19.209999084472656,259700
2026-04-13 16:45:00+00:00,B3SA3.SA,19.200000762939453,19.280000686645508,19.200000762939453,19.25,278700
2026-04-13 16:50:00+00:00,B3SA3.SA,19.25,19.260000228881836,19.170000076293945,19.18000030517578,475400
2026-04-13 16:55:00+00:00,B3SA3.SA,19.190000534057617,19.200000762939453,19.139999389648438,19.200000762939453,152200
2026-04-13 17:00:00+00:00,B3SA3.SA,19.190000534057617,19.280000686645508,19.190000534057617,19.280000686645508,15320800
2026-04-13 17:05:00+00:00,B3SA3.SA,19.270000457763672,19.280000686645508,19.209999084472656,19.229999542236328,158300
2026-04-13 17:10:00+00:00,B3SA3.SA,19.229999542236328,19.299999237060547,19.219999313354492,19.290000915527344,361000
2026-04-13 17:15:00+00:00,B3SA3.SA,19.290000915527344,19.31999969482422,19.260000228881836,19.290000915527344,487800
2026-04-13 17:20:00+00:00,B3SA3.SA,19.280000686645508,19.309999465942383,19.260000228881836,19.299999237060547,196300
2026-04-13 17:25:00+00:00,B3SA3.SA,19.299999237060547,19.31999969482422,19.270000457763672,19.309999465942383,404900
2026-04-13 17:30:00+00:00,B3SA3.SA,19.31999969482422,19.31999969482422,19.280000686645508,19.290000915527344,211000
2026-04-13 17:35:00+00:00,B3SA3.SA,19.299999237060547,19.299999237060547,19.270000457763672,19.290000915527344,342600
2026-04-13 17:40:00+00:00,B3SA3.SA,19.290000915527344,19.34000015258789,19.290000915527344,19.329999923706055,267700
2026-04-13 17:45:00+00:00,B3SA3.SA,19.34000015258789,19.350000381469727,19.290000915527344,19.34000015258789,190900
2026-04-13 17:50:00+00:00,B3SA3.SA,19.350000381469727,19.360000610351562,19.309999465942383,19.360000610351562,199100
2026-04-13 17:55:00+00:00,B3SA3.SA,19.350000381469727,19.350000381469727,19.329999923706055,19.34000015258789,180300
2026-04-13 18:00:00+00:00,B3SA3.SA,19.350000381469727,19.3700008392334,19.329999923706055,19.350000381469727,295500
2026-04-13 18:05:00+00:00,B3SA3.SA,19.360000610351562,19.360000610351562,19.329999923706055,19.329999923706055,130700
2026-04-13 18:10:00+00:00,B3SA3.SA,19.34000015258789,19.399999618530273,19.329999923706055,19.3700008392334,301400
2026-04-13 18:15:00+00:00,B3SA3.SA,19.360000610351562,19.360000610351562,19.329999923706055,19.329999923706055,158000
2026-04-13 18:20:00+00:00,B3SA3.SA,19.34000015258789,19.34000015258789,19.280000686645508,19.280000686645508,241300
2026-04-13 18:25:00+00:00,B3SA3.SA,19.280000686645508,19.290000915527344,19.25,19.270000457763672,171800
2026-04-13 18:30:00+00:00,B3SA3.SA,19.260000228881836,19.280000686645508,19.25,19.280000686645508,144700
2026-04-13 18:35:00+00:00,B3SA3.SA,19.280000686645508,19.290000915527344,19.25,19.260000228881836,191800
2026-04-13 18:40:00+00:00,B3SA3.SA,19.270000457763672,19.270000457763672,19.239999771118164,19.239999771118164,110400
2026-04-13 18:45:00+00:00,B3SA3.SA,19.25,19.290000915527344,19.239999771118164,19.290000915527344,209800
2026-04-13 18:50:00+00:00,B3SA3.SA,19.280000686645508,19.31999969482422,19.280000686645508,19.299999237060547,266500
2026-04-13 18:55:00+00:00,B3SA3.SA,19.309999465942383,19.309999465942383,19.270000457763672,19.270000457763672,115000
2026-04-13 19:00:00+00:00,B3SA3.SA,19.270000457763672,19.280000686645508,19.270000457763672,19.270000457763672,139000
2026-04-13 19:05:00+00:00,B3SA3.SA,19.280000686645508,19.280000686645508,19.229999542236328,19.239999771118164,284200
2026-04-13 19:10:00+00:00,B3SA3.SA,19.239999771118164,19.309999465942383,19.239999771118164,19.290000915527344,319000
2026-04-13 19:15:00+00:00,B3SA3.SA,19.290000915527344,19.329999923706055,19.270000457763672,19.309999465942383,308300
2026-04-13 19:20:00+00:00,B3SA3.SA,19.309999465942383,19.329999923706055,19.299999237060547,19.329999923706055,258000
2026-04-13 19:25:00+00:00,B3SA3.SA,19.329999923706055,19.329999923706055,19.299999237060547,19.299999237060547,318900
2026-04-13 19:30:00+00:00,B3SA3.SA,19.299999237060547,19.329999923706055,19.280000686645508,19.299999237060547,454500
2026-04-13 19:35:00+00:00,B3SA3.SA,19.299999237060547,19.309999465942383,19.270000457763672,19.290000915527344,405500
2026-04-13 19:40:00+00:00,B3SA3.SA,19.290000915527344,19.299999237060547,19.260000228881836,19.280000686645508,333800
2026-04-13 19:45:00+00:00,B3SA3.SA,19.280000686645508,19.280000686645508,19.260000228881836,19.280000686645508,398900
2026-04-13 19:50:00+00:00,B3SA3.SA,19.280000686645508,19.309999465942383,19.270000457763672,19.309999465942383,343100
2026-04-14 13:05:00+00:00,B3SA3.SA,19.299999237060547,19.31999969482422,19.079999923706055,19.219999313354492,319500
2026-04-14 13:10:00+00:00,B3SA3.SA,19.229999542236328,19.25,19.15999984741211,19.25,482200
2026-04-14 13:15:00+00:00,B3SA3.SA,19.239999771118164,19.420000076293945,19.200000762939453,19.350000381469727,669900
2026-04-14 13:20:00+00:00,B3SA3.SA,19.34000015258789,19.34000015258789,19.280000686645508,19.290000915527344,294100
2026-04-14 13:25:00+00:00,B3SA3.SA,19.280000686645508,19.440000534057617,19.280000686645508,19.440000534057617,619000
2026-04-14 13:30:00+00:00,B3SA3.SA,19.440000534057617,19.459999084472656,19.360000610351562,19.43000030517578,406500
2026-04-14 13:35:00+00:00,B3SA3.SA,19.43000030517578,19.579999923706055,19.43000030517578,19.559999465942383,340600
2026-04-14 13:40:00+00:00,B3SA3.SA,19.559999465942383,19.56999969482422,19.43000030517578,19.440000534057617,1034100
2026-04-14 13:45:00+00:00,B3SA3.SA,19.440000534057617,19.520000457763672,19.389999389648438,19.459999084472656,613100
2026-04-14 13:50:00+00:00,B3SA3.SA,19.459999084472656,19.530000686645508,19.420000076293945,19.530000686645508,412900
2026-04-14 13:55:00+00:00,B3SA3.SA,19.530000686645508,19.540000915527344,19.479999542236328,19.530000686645508,315900
2026-04-14 14:00:00+00:00,B3SA3.SA,19.530000686645508,19.6299991607666,19.520000457763672,19.579999923706055,451800
2026-04-14 14:05:00+00:00,B3SA3.SA,19.579999923706055,19.649999618530273,19.579999923706055,19.639999389648438,421600
2026-04-14 14:10:00+00:00,B3SA3.SA,19.6299991607666,19.639999389648438,19.59000015258789,19.6200008392334,251700
2026-04-14 14:15:00+00:00,B3SA3.SA,19.6200008392334,19.6299991607666,19.579999923706055,19.600000381469727,313100
2026-04-14 14:20:00+00:00,B3SA3.SA,19.600000381469727,19.600000381469727,19.530000686645508,19.56999969482422,334200
2026-04-14 14:25:00+00:00,B3SA3.SA,19.579999923706055,19.579999923706055,19.540000915527344,19.559999465942383,315000
2026-04-14 14:30:00+00:00,B3SA3.SA,19.559999465942383,19.6200008392334,19.530000686645508,19.6200008392334,390300
2026-04-14 14:35:00+00:00,B3SA3.SA,19.600000381469727,19.639999389648438,19.59000015258789,19.59000015258789,159200
2026-04-14 14:40:00+00:00,B3SA3.SA,19.59000015258789,19.6299991607666,19.59000015258789,19.610000610351562,146600
2026-04-14 14:45:00+00:00,B3SA3.SA,19.610000610351562,19.6299991607666,19.600000381469727,19.6200008392334,185300
2026-04-14 14:50:00+00:00,B3SA3.SA,19.6200008392334,19.6299991607666,19.59000015258789,19.610000610351562,331200
2026-04-14 14:55:00+00:00,B3SA3.SA,19.6200008392334,19.6299991607666,19.600000381469727,19.6200008392334,151800
2026-04-14 15:00:00+00:00,B3SA3.SA,19.6200008392334,19.6200008392334,19.579999923706055,19.59000015258789,247700
2026-04-14 15:05:00+00:00,B3SA3.SA,19.600000381469727,19.610000610351562,19.540000915527344,19.559999465942383,369700
2026-04-14 15:10:00+00:00,B3SA3.SA,19.559999465942383,19.59000015258789,19.549999237060547,19.559999465942383,198100
2026-04-14 15:15:00+00:00,B3SA3.SA,19.56999969482422,19.6299991607666,19.559999465942383,19.6200008392334,344500
2026-04-14 15:20:00+00:00,B3SA3.SA,19.6200008392334,19.65999984741211,19.610000610351562,19.65999984741211,378600
2026-04-14 15:25:00+00:00,B3SA3.SA,19.649999618530273,19.670000076293945,19.6299991607666,19.639999389648438,686900
2026-04-14 15:30:00+00:00,B3SA3.SA,19.639999389648438,19.670000076293945,19.6299991607666,19.65999984741211,242000
2026-04-14 15:35:00+00:00,B3SA3.SA,19.65999984741211,19.670000076293945,19.600000381469727,19.6200008392334,217300
2026-04-14 15:40:00+00:00,B3SA3.SA,19.6200008392334,19.639999389648438,19.600000381469727,19.610000610351562,764300
2026-04-14 15:45:00+00:00,B3SA3.SA,19.600000381469727,19.639999389648438,19.600000381469727,19.6299991607666,861200
2026-04-14 15:50:00+00:00,B3SA3.SA,19.6200008392334,19.649999618530273,19.6200008392334,19.639999389648438,244800
2026-04-14 15:55:00+00:00,B3SA3.SA,19.6299991607666,19.65999984741211,19.6299991607666,19.649999618530273,1058900
2026-04-14 16:00:00+00:00,B3SA3.SA,19.649999618530273,19.670000076293945,19.600000381469727,19.6200008392334,809800
2026-04-14 16:05:00+00:00,B3SA3.SA,19.6299991607666,19.639999389648438,19.600000381469727,19.610000610351562,138400
2026-04-14 16:10:00+00:00,B3SA3.SA,19.610000610351562,19.6200008392334,19.559999465942383,19.559999465942383,171600
2026-04-14 16:15:00+00:00,B3SA3.SA,19.559999465942383,19.56999969482422,19.520000457763672,19.520000457763672,189600
2026-04-14 16:20:00+00:00,B3SA3.SA,19.530000686645508,19.540000915527344,19.520000457763672,19.540000915527344,192100
2026-04-14 16:25:00+00:00,B3SA3.SA,19.530000686645508,19.59000015258789,19.530000686645508,19.59000015258789,270800
2026-04-14 16:30:00+00:00,B3SA3.SA,19.59000015258789,19.59000015258789,19.559999465942383,19.579999923706055,176900
2026-04-14 16:35:00+00:00,B3SA3.SA,19.579999923706055,19.600000381469727,19.549999237060547,19.600000381469727,183700
2026-04-14 16:40:00+00:00,B3SA3.SA,19.600000381469727,19.639999389648438,19.579999923706055,19.579999923706055,311300
2026-04-14 16:45:00+00:00,B3SA3.SA,19.579999923706055,19.59000015258789,19.56999969482422,19.579999923706055,98500
2026-04-14 16:50:00+00:00,B3SA3.SA,19.56999969482422,19.579999923706055,19.520000457763672,19.549999237060547,232300
2026-04-14 16:55:00+00:00,B3SA3.SA,19.559999465942383,19.639999389648438,19.540000915527344,19.610000610351562,606700
2026-04-14 17:00:00+00:00,B3SA3.SA,19.610000610351562,19.6299991607666,19.610000610351562,19.6200008392334,182400
2026-04-14 17:05:00+00:00,B3SA3.SA,19.6200008392334,19.649999618530273,19.610000610351562,19.639999389648438,183500
2026-04-14 17:10:00+00:00,B3SA3.SA,19.649999618530273,19.719999313354492,19.639999389648438,19.709999084472656,339300
2026-04-14 17:15:00+00:00,B3SA3.SA,19.700000762939453,19.700000762939453,19.639999389648438,19.670000076293945,308500
2026-04-14 17:20:00+00:00,B3SA3.SA,19.65999984741211,19.690000534057617,19.65999984741211,19.68000030517578,185200
2026-04-14 17:25:00+00:00,B3SA3.SA,19.670000076293945,19.690000534057617,19.639999389648438,19.649999618530273,203700
2026-04-14 17:30:00+00:00,B3SA3.SA,19.639999389648438,19.670000076293945,19.639999389648438,19.649999618530273,173800
2026-04-14 17:35:00+00:00,B3SA3.SA,19.649999618530273,19.68000030517578,19.649999618530273,19.68000030517578,194600
2026-04-14 17:40:00+00:00,B3SA3.SA,19.670000076293945,19.68000030517578,19.639999389648438,19.670000076293945,160700
2026-04-14 17:45:00+00:00,B3SA3.SA,19.65999984741211,19.68000030517578,19.649999618530273,19.649999618530273,272300
2026-04-14 17:50:00+00:00,B3SA3.SA,19.65999984741211,19.65999984741211,19.59000015258789,19.59000015258789,582800
2026-04-14 17:55:00+00:00,B3SA3.SA,19.59000015258789,19.600000381469727,19.559999465942383,19.56999969482422,312000
2026-04-14 18:00:00+00:00,B3SA3.SA,19.59000015258789,19.610000610351562,19.579999923706055,19.610000610351562,198600
2026-04-14 18:05:00+00:00,B3SA3.SA,19.600000381469727,19.6200008392334,19.59000015258789,19.610000610351562,250200
2026-04-14 18:10:00+00:00,B3SA3.SA,19.610000610351562,19.610000610351562,19.549999237060547,19.579999923706055,297000
2026-04-14 18:15:00+00:00,B3SA3.SA,19.579999923706055,19.59000015258789,19.540000915527344,19.540000915527344,242700
2026-04-14 18:20:00+00:00,B3SA3.SA,19.540000915527344,19.549999237060547,19.479999542236328,19.479999542236328,413500
2026-04-14 18:25:00+00:00,B3SA3.SA,19.479999542236328,19.530000686645508,19.479999542236328,19.510000228881836,285100
2026-04-14 18:30:00+00:00,B3SA3.SA,19.510000228881836,19.540000915527344,19.510000228881836,19.520000457763672,241700
2026-04-14 18:35:00+00:00,B3SA3.SA,19.520000457763672,19.549999237060547,19.520000457763672,19.549999237060547,247500
2026-04-14 18:40:00+00:00,B3SA3.SA,19.540000915527344,19.549999237060547,19.510000228881836,19.510000228881836,258500
2026-04-14 18:45:00+00:00,B3SA3.SA,19.510000228881836,19.579999923706055,19.479999542236328,19.549999237060547,630700
2026-04-14 18:50:00+00:00,B3SA3.SA,19.549999237060547,19.610000610351562,19.549999237060547,19.59000015258789,638500
2026-04-14 18:55:00+00:00,B3SA3.SA,19.59000015258789,19.600000381469727,19.559999465942383,19.56999969482422,266900
2026-04-14 19:00:00+00:00,B3SA3.SA,19.579999923706055,19.639999389648438,19.56999969482422,19.639999389648438,484400
2026-04-14 19:05:00+00:00,B3SA3.SA,19.6299991607666,19.639999389648438,19.6200008392334,19.6299991607666,265000
2026-04-14 19:10:00+00:00,B3SA3.SA,19.639999389648438,19.670000076293945,19.6299991607666,19.649999618530273,473300
2026-04-14 19:15:00+00:00,B3SA3.SA,19.639999389648438,19.690000534057617,19.639999389648438,19.670000076293945,496300
2026-04-14 19:20:00+00:00,B3SA3.SA,19.670000076293945,19.68000030517578,19.649999618530273,19.68000030517578,416100
2026-04-14 19:25:00+00:00,B3SA3.SA,19.68000030517578,19.739999771118164,19.65999984741211,19.690000534057617,1408100
2026-04-14 19:30:00+00:00,B3SA3.SA,19.690000534057617,19.700000762939453,19.6299991607666,19.639999389648438,507500
2026-04-14 19:35:00+00:00,B3SA3.SA,19.639999389648438,19.65999984741211,19.6299991607666,19.639999389648438,343300
2026-04-14 19:40:00+00:00,B3SA3.SA,19.639999389648438,19.690000534057617,19.639999389648438,19.68000030517578,508600
2026-04-14 19:45:00+00:00,B3SA3.SA,19.670000076293945,19.68000030517578,19.649999618530273,19.649999618530273,374900
2026-04-14 19:50:00+00:00,B3SA3.SA,19.65999984741211,19.670000076293945,19.6200008392334,19.65999984741211,490200
2026-04-15 13:05:00+00:00,B3SA3.SA,19.68000030517578,19.75,19.549999237060547,19.65999984741211,173200
2026-04-15 13:10:00+00:00,B3SA3.SA,19.65999984741211,19.65999984741211,19.59000015258789,19.639999389648438,250600
2026-04-15 13:15:00+00:00,B3SA3.SA,19.639999389648438,19.760000228881836,19.610000610351562,19.6200008392334,578300
2026-04-15 13:20:00+00:00,B3SA3.SA,19.6200008392334,19.770000457763672,19.600000381469727,19.709999084472656,566600
2026-04-15 13:25:00+00:00,B3SA3.SA,19.709999084472656,19.84000015258789,19.68000030517578,19.790000915527344,365800
2026-04-15 13:30:00+00:00,B3SA3.SA,19.790000915527344,19.799999237060547,19.729999542236328,19.75,322700
2026-04-15 13:35:00+00:00,B3SA3.SA,19.75,19.8700008392334,19.729999542236328,19.809999465942383,955400
2026-04-15 13:40:00+00:00,B3SA3.SA,19.809999465942383,19.81999969482422,19.729999542236328,19.739999771118164,778600
2026-04-15 13:45:00+00:00,B3SA3.SA,19.739999771118164,19.75,19.68000030517578,19.700000762939453,748000
2026-04-15 13:50:00+00:00,B3SA3.SA,19.700000762939453,19.709999084472656,19.670000076293945,19.670000076293945,242800
2026-04-15 13:55:00+00:00,B3SA3.SA,19.670000076293945,19.729999542236328,19.649999618530273,19.709999084472656,765100
2026-04-15 14:00:00+00:00,B3SA3.SA,19.709999084472656,19.739999771118164,19.700000762939453,19.719999313354492,328900
2026-04-15 14:05:00+00:00,B3SA3.SA,19.709999084472656,19.739999771118164,19.700000762939453,19.709999084472656,255400
2026-04-15 14:10:00+00:00,B3SA3.SA,19.700000762939453,19.729999542236328,19.690000534057617,19.729999542236328,136100
2026-04-15 14:15:00+00:00,B3SA3.SA,19.729999542236328,19.75,19.6299991607666,19.690000534057617,685700
2026-04-15 14:20:00+00:00,B3SA3.SA,19.690000534057617,19.709999084472656,19.649999618530273,19.68000030517578,313900
2026-04-15 14:25:00+00:00,B3SA3.SA,19.68000030517578,19.700000762939453,19.610000610351562,19.65999984741211,1966400
2026-04-15 14:30:00+00:00,B3SA3.SA,19.649999618530273,19.709999084472656,19.6299991607666,19.700000762939453,416000
2026-04-15 14:35:00+00:00,B3SA3.SA,19.700000762939453,19.739999771118164,19.68000030517578,19.690000534057617,1277600
2026-04-15 14:40:00+00:00,B3SA3.SA,19.700000762939453,19.739999771118164,19.690000534057617,19.709999084472656,367500
2026-04-15 14:45:00+00:00,B3SA3.SA,19.709999084472656,19.75,19.709999084472656,19.75,497700
2026-04-15 14:50:00+00:00,B3SA3.SA,19.739999771118164,19.770000457763672,19.709999084472656,19.729999542236328,245600
2026-04-15 14:55:00+00:00,B3SA3.SA,19.729999542236328,19.75,19.719999313354492,19.739999771118164,231800
2026-04-15 15:00:00+00:00,B3SA3.SA,19.729999542236328,19.75,19.719999313354492,19.739999771118164,193100
2026-04-15 15:05:00+00:00,B3SA3.SA,19.75,19.780000686645508,19.729999542236328,19.780000686645508,167900
2026-04-15 15:10:00+00:00,B3SA3.SA,19.780000686645508,19.850000381469727,19.780000686645508,19.829999923706055,554800
2026-04-15 15:15:00+00:00,B3SA3.SA,19.81999969482422,19.84000015258789,19.799999237060547,19.84000015258789,186000
2026-04-15 15:20:00+00:00,B3SA3.SA,19.829999923706055,19.8700008392334,19.829999923706055,19.84000015258789,484400
2026-04-15 15:25:00+00:00,B3SA3.SA,19.84000015258789,19.860000610351562,19.829999923706055,19.84000015258789,190800
2026-04-15 15:30:00+00:00,B3SA3.SA,19.84000015258789,19.84000015258789,19.770000457763672,19.770000457763672,713900
2026-04-15 15:35:00+00:00,B3SA3.SA,19.780000686645508,19.799999237060547,19.760000228881836,19.790000915527344,127000
2026-04-15 15:40:00+00:00,B3SA3.SA,19.799999237060547,19.81999969482422,19.780000686645508,19.790000915527344,2029200
2026-04-15 15:45:00+00:00,B3SA3.SA,19.790000915527344,19.809999465942383,19.719999313354492,19.75,643200
2026-04-15 15:50:00+00:00,B3SA3.SA,19.760000228881836,19.770000457763672,19.729999542236328,19.739999771118164,190500
2026-04-15 15:55:00+00:00,B3SA3.SA,19.729999542236328,19.739999771118164,19.700000762939453,19.700000762939453,321300
2026-04-15 16:00:00+00:00,B3SA3.SA,19.700000762939453,19.739999771118164,19.690000534057617,19.690000534057617,323800
2026-04-15 16:05:00+00:00,B3SA3.SA,19.690000534057617,19.709999084472656,19.690000534057617,19.709999084472656,110800
2026-04-15 16:10:00+00:00,B3SA3.SA,19.700000762939453,19.709999084472656,19.690000534057617,19.690000534057617,85500
2026-04-15 16:15:00+00:00,B3SA3.SA,19.690000534057617,19.709999084472656,19.690000534057617,19.709999084472656,130900
2026-04-15 16:20:00+00:00,B3SA3.SA,19.709999084472656,19.709999084472656,19.670000076293945,19.68000030517578,154800
2026-04-15 16:25:00+00:00,B3SA3.SA,19.68000030517578,19.690000534057617,19.670000076293945,19.690000534057617,116400
2026-04-15 16:30:00+00:00,B3SA3.SA,19.68000030517578,19.690000534057617,19.649999618530273,19.65999984741211,160300
2026-04-15 16:35:00+00:00,B3SA3.SA,19.65999984741211,19.670000076293945,19.639999389648438,19.639999389648438,117900
2026-04-15 16:40:00+00:00,B3SA3.SA,19.639999389648438,19.649999618530273,19.600000381469727,19.6200008392334,129100
2026-04-15 16:45:00+00:00,B3SA3.SA,19.6200008392334,19.639999389648438,19.59000015258789,19.6299991607666,133000
2026-04-15 16:50:00+00:00,B3SA3.SA,19.6299991607666,19.639999389648438,19.579999923706055,19.59000015258789,134100
2026-04-15 16:55:00+00:00,B3SA3.SA,19.59000015258789,19.6299991607666,19.59000015258789,19.610000610351562,170800
2026-04-15 17:00:00+00:00,B3SA3.SA,19.610000610351562,19.649999618530273,19.600000381469727,19.600000381469727,221300
2026-04-15 17:05:00+00:00,B3SA3.SA,19.600000381469727,19.6299991607666,19.600000381469727,19.6200008392334,123400
2026-04-15 17:10:00+00:00,B3SA3.SA,19.6200008392334,19.639999389648438,19.59000015258789,19.610000610351562,254400
2026-04-15 17:15:00+00:00,B3SA3.SA,19.610000610351562,19.639999389648438,19.610000610351562,19.6299991607666,170300
2026-04-15 17:20:00+00:00,B3SA3.SA,19.6299991607666,19.690000534057617,19.6299991607666,19.68000030517578,320000
2026-04-15 17:25:00+00:00,B3SA3.SA,19.690000534057617,19.690000534057617,19.670000076293945,19.670000076293945,202600
2026-04-15 17:30:00+00:00,B3SA3.SA,19.68000030517578,19.68000030517578,19.6299991607666,19.6299991607666,933000
2026-04-15 17:35:00+00:00,B3SA3.SA,19.6299991607666,19.65999984741211,19.6200008392334,19.649999618530273,346500
2026-04-15 17:40:00+00:00,B3SA3.SA,19.649999618530273,19.65999984741211,19.6200008392334,19.6299991607666,269700
2026-04-15 17:45:00+00:00,B3SA3.SA,19.6299991607666,19.649999618530273,19.6299991607666,19.639999389648438,243500
2026-04-15 17:50:00+00:00,B3SA3.SA,19.639999389648438,19.65999984741211,19.639999389648438,19.649999618530273,153100
2026-04-15 17:55:00+00:00,B3SA3.SA,19.649999618530273,19.709999084472656,19.649999618530273,19.690000534057617,616500
2026-04-15 18:00:00+00:00,B3SA3.SA,19.690000534057617,19.709999084472656,19.65999984741211,19.670000076293945,562100
2026-04-15 18:05:00+00:00,B3SA3.SA,19.670000076293945,19.739999771118164,19.670000076293945,19.719999313354492,432100
2026-04-15 18:10:00+00:00,B3SA3.SA,19.719999313354492,19.770000457763672,19.719999313354492,19.719999313354492,427400
2026-04-15 18:15:00+00:00,B3SA3.SA,19.719999313354492,19.729999542236328,19.690000534057617,19.700000762939453,285000
2026-04-15 18:20:00+00:00,B3SA3.SA,19.690000534057617,19.700000762939453,19.690000534057617,19.690000534057617,199900
2026-04-15 18:25:00+00:00,B3SA3.SA,19.690000534057617,19.700000762939453,19.68000030517578,19.690000534057617,340200
2026-04-15 18:30:00+00:00,B3SA3.SA,19.68000030517578,19.719999313354492,19.68000030517578,19.719999313354492,275800
2026-04-15 18:35:00+00:00,B3SA3.SA,19.719999313354492,19.760000228881836,19.719999313354492,19.760000228881836,326500
2026-04-15 18:40:00+00:00,B3SA3.SA,19.75,19.790000915527344,19.75,19.780000686645508,409300
2026-04-15 18:45:00+00:00,B3SA3.SA,19.770000457763672,19.799999237060547,19.770000457763672,19.780000686645508,428000
2026-04-15 18:50:00+00:00,B3SA3.SA,19.780000686645508,19.809999465942383,19.770000457763672,19.780000686645508,363400
2026-04-15 18:55:00+00:00,B3SA3.SA,19.780000686645508,19.799999237060547,19.760000228881836,19.799999237060547,257100
2026-04-15 19:00:00+00:00,B3SA3.SA,19.790000915527344,19.81999969482422,19.790000915527344,19.790000915527344,359300
2026-04-15 19:05:00+00:00,B3SA3.SA,19.790000915527344,19.809999465942383,19.770000457763672,19.770000457763672,464400
2026-04-15 19:10:00+00:00,B3SA3.SA,19.770000457763672,19.799999237060547,19.760000228881836,19.760000228881836,478200
2026-04-15 19:15:00+00:00,B3SA3.SA,19.760000228881836,19.81999969482422,19.760000228881836,19.81999969482422,672900
2026-04-15 19:20:00+00:00,B3SA3.SA,19.799999237060547,19.81999969482422,19.780000686645508,19.780000686645508,374100
2026-04-15 19:25:00+00:00,B3SA3.SA,19.780000686645508,19.790000915527344,19.75,19.75,482900
2026-04-15 19:30:00+00:00,B3SA3.SA,19.75,19.799999237060547,19.75,19.780000686645508,550800
2026-04-15 19:35:00+00:00,B3SA3.SA,19.770000457763672,19.790000915527344,19.760000228881836,19.770000457763672,445700
2026-04-15 19:40:00+00:00,B3SA3.SA,19.760000228881836,19.799999237060547,19.75,19.780000686645508,445100
2026-04-15 19:45:00+00:00,B3SA3.SA,19.780000686645508,19.799999237060547,19.760000228881836,19.780000686645508,594100
2026-04-15 19:50:00+00:00,B3SA3.SA,19.780000686645508,19.809999465942383,19.770000457763672,19.799999237060547,479600
2026-04-16 13:00:00+00:00,B3SA3.SA,19.90999984741211,20.030000686645508,19.850000381469727,19.979999542236328,0
2026-04-16 13:05:00+00:00,B3SA3.SA,19.989999771118164,19.989999771118164,19.8700008392334,19.950000762939453,316400
2026-04-16 13:10:00+00:00,B3SA3.SA,19.950000762939453,20.09000015258789,19.90999984741211,20.09000015258789,581900
2026-04-16 13:15:00+00:00,B3SA3.SA,20.09000015258789,20.100000381469727,20.020000457763672,20.059999465942383,772700
2026-04-16 13:20:00+00:00,B3SA3.SA,20.049999237060547,20.1200008392334,20.0,20.0,4184300
2026-04-16 13:25:00+00:00,B3SA3.SA,20.0,20.06999969482422,19.93000030517578,19.959999084472656,1495300
2026-04-16 13:30:00+00:00,B3SA3.SA,19.959999084472656,19.959999084472656,19.829999923706055,19.850000381469727,791300
2026-04-16 13:35:00+00:00,B3SA3.SA,19.829999923706055,19.84000015258789,19.729999542236328,19.729999542236328,765700
2026-04-16 13:40:00+00:00,B3SA3.SA,19.739999771118164,19.739999771118164,19.59000015258789,19.6200008392334,574700
2026-04-16 13:45:00+00:00,B3SA3.SA,19.6200008392334,19.770000457763672,19.610000610351562,19.75,802900
2026-04-16 13:50:00+00:00,B3SA3.SA,19.75,19.760000228881836,19.540000915527344,19.540000915527344,471000
2026-04-16 13:55:00+00:00,B3SA3.SA,19.540000915527344,19.579999923706055,19.459999084472656,19.510000228881836,539300
2026-04-16 14:00:00+00:00,B3SA3.SA,19.510000228881836,19.549999237060547,19.510000228881836,19.549999237060547,482500
2026-04-16 14:05:00+00:00,B3SA3.SA,19.540000915527344,19.559999465942383,19.510000228881836,19.549999237060547,382900
2026-04-16 14:10:00+00:00,B3SA3.SA,19.559999465942383,19.600000381469727,19.540000915527344,19.540000915527344,593600
2026-04-16 14:15:00+00:00,B3SA3.SA,19.540000915527344,19.549999237060547,19.489999771118164,19.5,517900
2026-04-16 14:20:00+00:00,B3SA3.SA,19.5,19.520000457763672,19.469999313354492,19.520000457763672,448100
2026-04-16 14:25:00+00:00,B3SA3.SA,19.520000457763672,19.559999465942383,19.489999771118164,19.510000228881836,748200
2026-04-16 14:30:00+00:00,B3SA3.SA,19.510000228881836,19.530000686645508,19.479999542236328,19.530000686645508,564900
2026-04-16 14:35:00+00:00,B3SA3.SA,19.520000457763672,19.530000686645508,19.479999542236328,19.489999771118164,330200
2026-04-16 14:40:00+00:00,B3SA3.SA,19.5,19.559999465942383,19.5,19.549999237060547,393100
2026-04-16 14:45:00+00:00,B3SA3.SA,19.549999237060547,19.610000610351562,19.530000686645508,19.610000610351562,443800
2026-04-16 14:50:00+00:00,B3SA3.SA,19.610000610351562,19.6200008392334,19.56999969482422,19.59000015258789,205400
2026-04-16 14:55:00+00:00,B3SA3.SA,19.579999923706055,19.59000015258789,19.530000686645508,19.549999237060547,223500
2026-04-16 15:00:00+00:00,B3SA3.SA,19.549999237060547,19.56999969482422,19.540000915527344,19.56999969482422,191600
2026-04-16 15:05:00+00:00,B3SA3.SA,19.559999465942383,19.6200008392334,19.549999237060547,19.600000381469727,341800
2026-04-16 15:10:00+00:00,B3SA3.SA,19.610000610351562,19.610000610351562,19.549999237060547,19.549999237060547,348600
2026-04-16 15:15:00+00:00,B3SA3.SA,19.549999237060547,19.59000015258789,19.520000457763672,19.530000686645508,471000
2026-04-16 15:20:00+00:00,B3SA3.SA,19.520000457763672,19.610000610351562,19.520000457763672,19.600000381469727,413700
2026-04-16 15:25:00+00:00,B3SA3.SA,19.610000610351562,19.610000610351562,19.56999969482422,19.59000015258789,174800
2026-04-16 15:30:00+00:00,B3SA3.SA,19.579999923706055,19.59000015258789,19.559999465942383,19.579999923706055,223000
2026-04-16 15:35:00+00:00,B3SA3.SA,19.579999923706055,19.6299991607666,19.56999969482422,19.600000381469727,394000
2026-04-16 15:40:00+00:00,B3SA3.SA,19.600000381469727,19.610000610351562,19.56999969482422,19.56999969482422,256300
2026-04-16 15:45:00+00:00,B3SA3.SA,19.56999969482422,19.600000381469727,19.56999969482422,19.59000015258789,300300
2026-04-16 15:50:00+00:00,B3SA3.SA,19.59000015258789,19.6200008392334,19.59000015258789,19.600000381469727,193600
2026-04-16 15:55:00+00:00,B3SA3.SA,19.600000381469727,19.639999389648438,19.600000381469727,19.639999389648438,229800
2026-04-16 16:00:00+00:00,B3SA3.SA,19.639999389648438,19.670000076293945,19.6200008392334,19.65999984741211,211700
2026-04-16 16:05:00+00:00,B3SA3.SA,19.65999984741211,19.719999313354492,19.65999984741211,19.709999084472656,177600
2026-04-16 16:10:00+00:00,B3SA3.SA,19.709999084472656,19.75,19.700000762939453,19.75,238000
2026-04-16 16:15:00+00:00,B3SA3.SA,19.75,19.760000228881836,19.729999542236328,19.739999771118164,170500
2026-04-16 16:20:00+00:00,B3SA3.SA,19.75,19.75,19.690000534057617,19.700000762939453,356900
2026-04-16 16:25:00+00:00,B3SA3.SA,19.709999084472656,19.739999771118164,19.700000762939453,19.729999542236328,251100
2026-04-16 16:30:00+00:00,B3SA3.SA,19.729999542236328,19.729999542236328,19.649999618530273,19.700000762939453,482900
2026-04-16 16:35:00+00:00,B3SA3.SA,19.700000762939453,19.719999313354492,19.690000534057617,19.719999313354492,145700
2026-04-16 16:40:00+00:00,B3SA3.SA,19.719999313354492,19.75,19.700000762939453,19.719999313354492,347500
2026-04-16 16:45:00+00:00,B3SA3.SA,19.709999084472656,19.719999313354492,19.700000762939453,19.700000762939453,107900
2026-04-16 16:50:00+00:00,B3SA3.SA,19.700000762939453,19.739999771118164,19.700000762939453,19.729999542236328,331400
2026-04-16 16:55:00+00:00,B3SA3.SA,19.729999542236328,19.75,19.719999313354492,19.719999313354492,132600
2026-04-16 17:00:00+00:00,B3SA3.SA,19.719999313354492,19.729999542236328,19.709999084472656,19.719999313354492,182900
2026-04-16 17:05:00+00:00,B3SA3.SA,19.719999313354492,19.729999542236328,19.690000534057617,19.719999313354492,254700
2026-04-16 17:10:00+00:00,B3SA3.SA,19.719999313354492,19.719999313354492,19.670000076293945,19.670000076293945,189700
2026-04-16 17:15:00+00:00,B3SA3.SA,19.670000076293945,19.690000534057617,19.65999984741211,19.670000076293945,210300
2026-04-16 17:20:00+00:00,B3SA3.SA,19.68000030517578,19.68000030517578,19.65999984741211,19.670000076293945,216500
2026-04-16 17:25:00+00:00,B3SA3.SA,19.670000076293945,19.68000030517578,19.670000076293945,19.68000030517578,64600
2026-04-16 17:30:00+00:00,B3SA3.SA,19.68000030517578,19.68000030517578,19.670000076293945,19.68000030517578,96000
2026-04-16 17:35:00+00:00,B3SA3.SA,19.670000076293945,19.68000030517578,19.6299991607666,19.65999984741211,351900
2026-04-16 17:40:00+00:00,B3SA3.SA,19.65999984741211,19.68000030517578,19.649999618530273,19.649999618530273,317300
2026-04-16 17:45:00+00:00,B3SA3.SA,19.65999984741211,19.65999984741211,19.6299991607666,19.65999984741211,302800
2026-04-16 17:50:00+00:00,B3SA3.SA,19.65999984741211,19.65999984741211,19.639999389648438,19.649999618530273,169400
2026-04-16 17:55:00+00:00,B3SA3.SA,19.649999618530273,19.65999984741211,19.6200008392334,19.65999984741211,310000
2026-04-16 18:00:00+00:00,B3SA3.SA,19.65999984741211,19.65999984741211,19.639999389648438,19.65999984741211,337200
2026-04-16 18:05:00+00:00,B3SA3.SA,19.65999984741211,19.68000030517578,19.6200008392334,19.6299991607666,388500
2026-04-16 18:10:00+00:00,B3SA3.SA,19.6299991607666,19.639999389648438,19.6200008392334,19.639999389648438,162300
2026-04-16 18:15:00+00:00,B3SA3.SA,19.639999389648438,19.649999618530273,19.6299991607666,19.649999618530273,142000
2026-04-16 18:20:00+00:00,B3SA3.SA,19.649999618530273,19.649999618530273,19.6200008392334,19.639999389648438,229700
2026-04-16 18:25:00+00:00,B3SA3.SA,19.639999389648438,19.639999389648438,19.610000610351562,19.6299991607666,232300
2026-04-16 18:30:00+00:00,B3SA3.SA,19.639999389648438,19.639999389648438,19.6200008392334,19.639999389648438,219900
2026-04-16 18:35:00+00:00,B3SA3.SA,19.639999389648438,19.639999389648438,19.610000610351562,19.6200008392334,286800
2026-04-16 18:40:00+00:00,B3SA3.SA,19.6200008392334,19.6200008392334,19.579999923706055,19.59000015258789,176300
2026-04-16 18:45:00+00:00,B3SA3.SA,19.59000015258789,19.610000610351562,19.59000015258789,19.610000610351562,315600
2026-04-16 18:50:00+00:00,B3SA3.SA,19.610000610351562,19.610000610351562,19.59000015258789,19.59000015258789,143200
2026-04-16 18:55:00+00:00,B3SA3.SA,19.59000015258789,19.610000610351562,19.579999923706055,19.600000381469727,344900
2026-04-16 19:00:00+00:00,B3SA3.SA,19.600000381469727,19.649999618530273,19.600000381469727,19.639999389648438,297600
2026-04-16 19:05:00+00:00,B3SA3.SA,19.6299991607666,19.649999618530273,19.6299991607666,19.639999389648438,209900
2026-04-16 19:10:00+00:00,B3SA3.SA,19.639999389648438,19.649999618530273,19.610000610351562,19.6200008392334,287000
2026-04-16 19:15:00+00:00,B3SA3.SA,19.6200008392334,19.639999389648438,19.610000610351562,19.639999389648438,276200
2026-04-16 19:20:00+00:00,B3SA3.SA,19.6299991607666,19.639999389648438,19.6200008392334,19.639999389648438,270300
2026-04-16 19:25:00+00:00,B3SA3.SA,19.639999389648438,19.639999389648438,19.6200008392334,19.6200008392334,191700
2026-04-16 19:30:00+00:00,B3SA3.SA,19.6299991607666,19.6299991607666,19.610000610351562,19.6299991607666,293200
2026-04-16 19:35:00+00:00,B3SA3.SA,19.6299991607666,19.639999389648438,19.6200008392334,19.6299991607666,285200
2026-04-16 19:40:00+00:00,B3SA3.SA,19.639999389648438,19.670000076293945,19.6299991607666,19.65999984741211,552100
2026-04-16 19:45:00+00:00,B3SA3.SA,19.65999984741211,19.670000076293945,19.639999389648438,19.670000076293945,382000
2026-04-16 19:50:00+00:00,B3SA3.SA,19.670000076293945,19.729999542236328,19.65999984741211,19.700000762939453,424600
2026-04-17 13:10:00+00:00,B3SA3.SA,20.200000762939453,20.329999923706055,20.15999984741211,20.209999084472656,1170100
2026-04-17 13:15:00+00:00,B3SA3.SA,20.229999542236328,20.229999542236328,20.1200008392334,20.139999389648438,748100
2026-04-17 13:20:00+00:00,B3SA3.SA,20.149999618530273,20.219999313354492,20.09000015258789,20.1299991607666,814600
2026-04-17 13:25:00+00:00,B3SA3.SA,20.139999389648438,20.139999389648438,20.020000457763672,20.059999465942383,799600
2026-04-17 13:30:00+00:00,B3SA3.SA,20.06999969482422,20.06999969482422,19.920000076293945,19.940000534057617,622000
2026-04-17 13:35:00+00:00,B3SA3.SA,19.959999084472656,20.030000686645508,19.920000076293945,19.950000762939453,1644500
2026-04-17 13:40:00+00:00,B3SA3.SA,19.950000762939453,19.979999542236328,19.899999618530273,19.93000030517578,1220900
2026-04-17 13:45:00+00:00,B3SA3.SA,19.93000030517578,19.940000534057617,19.780000686645508,19.8700008392334,975700
2026-04-17 13:50:00+00:00,B3SA3.SA,19.8799991607666,19.920000076293945,19.829999923706055,19.850000381469727,530500
2026-04-17 13:55:00+00:00,B3SA3.SA,19.850000381469727,19.8799991607666,19.790000915527344,19.829999923706055,656900
2026-04-17 14:00:00+00:00,B3SA3.SA,19.829999923706055,19.829999923706055,19.75,19.770000457763672,558400
2026-04-17 14:05:00+00:00,B3SA3.SA,19.770000457763672,19.8700008392334,19.729999542236328,19.84000015258789,1568400
2026-04-17 14:10:00+00:00,B3SA3.SA,19.850000381469727,19.93000030517578,19.780000686645508,19.790000915527344,471200
2026-04-17 14:15:00+00:00,B3SA3.SA,19.809999465942383,19.809999465942383,19.75,19.75,524300
2026-04-17 14:20:00+00:00,B3SA3.SA,19.760000228881836,19.799999237060547,19.729999542236328,19.799999237060547,422500
2026-04-17 14:25:00+00:00,B3SA3.SA,19.790000915527344,19.809999465942383,19.719999313354492,19.790000915527344,372400
2026-04-17 14:30:00+00:00,B3SA3.SA,19.780000686645508,19.799999237060547,19.729999542236328,19.760000228881836,476800
2026-04-17 14:35:00+00:00,B3SA3.SA,19.760000228881836,19.770000457763672,19.65999984741211,19.65999984741211,658700
2026-04-17 14:40:00+00:00,B3SA3.SA,19.68000030517578,19.760000228881836,19.68000030517578,19.75,683300
2026-04-17 14:45:00+00:00,B3SA3.SA,19.760000228881836,19.760000228881836,19.68000030517578,19.700000762939453,560500
2026-04-17 14:50:00+00:00,B3SA3.SA,19.700000762939453,19.700000762939453,19.520000457763672,19.639999389648438,859800
2026-04-17 14:55:00+00:00,B3SA3.SA,19.6299991607666,19.670000076293945,19.600000381469727,19.6299991607666,441700
2026-04-17 15:00:00+00:00,B3SA3.SA,19.639999389648438,19.65999984741211,19.559999465942383,19.59000015258789,528100
2026-04-17 15:05:00+00:00,B3SA3.SA,19.610000610351562,19.65999984741211,19.579999923706055,19.65999984741211,294000
2026-04-17 15:10:00+00:00,B3SA3.SA,19.649999618530273,19.68000030517578,19.610000610351562,19.6299991607666,414600
2026-04-17 15:15:00+00:00,B3SA3.SA,19.6299991607666,19.639999389648438,19.579999923706055,19.600000381469727,324200
2026-04-17 15:20:00+00:00,B3SA3.SA,19.59000015258789,19.670000076293945,19.59000015258789,19.65999984741211,452900
2026-04-17 15:25:00+00:00,B3SA3.SA,19.670000076293945,19.670000076293945,19.600000381469727,19.610000610351562,401000
2026-04-17 15:30:00+00:00,B3SA3.SA,19.610000610351562,19.649999618530273,19.610000610351562,19.639999389648438,290000
2026-04-17 15:35:00+00:00,B3SA3.SA,19.639999389648438,19.649999618530273,19.600000381469727,19.639999389648438,276900
2026-04-17 15:40:00+00:00,B3SA3.SA,19.6299991607666,19.649999618530273,19.600000381469727,19.639999389648438,283800
2026-04-17 15:45:00+00:00,B3SA3.SA,19.6299991607666,19.709999084472656,19.6299991607666,19.690000534057617,324000
2026-04-17 15:50:00+00:00,B3SA3.SA,19.700000762939453,19.700000762939453,19.670000076293945,19.670000076293945,204600
2026-04-17 15:55:00+00:00,B3SA3.SA,19.68000030517578,19.690000534057617,19.670000076293945,19.68000030517578,185600
2026-04-17 16:00:00+00:00,B3SA3.SA,19.68000030517578,19.68000030517578,19.6200008392334,19.639999389648438,342600
2026-04-17 16:05:00+00:00,B3SA3.SA,19.639999389648438,19.670000076293945,19.6299991607666,19.65999984741211,263600
2026-04-17 16:10:00+00:00,B3SA3.SA,19.65999984741211,19.65999984741211,19.600000381469727,19.6299991607666,278900
2026-04-17 16:15:00+00:00,B3SA3.SA,19.6299991607666,19.639999389648438,19.600000381469727,19.6200008392334,211900
2026-04-17 16:20:00+00:00,B3SA3.SA,19.6200008392334,19.6299991607666,19.59000015258789,19.600000381469727,304000
2026-04-17 16:25:00+00:00,B3SA3.SA,19.610000610351562,19.6200008392334,19.579999923706055,19.610000610351562,310500
2026-04-17 16:30:00+00:00,B3SA3.SA,19.6200008392334,19.639999389648438,19.59000015258789,19.610000610351562,271500
2026-04-17 16:35:00+00:00,B3SA3.SA,19.610000610351562,19.6200008392334,19.59000015258789,19.610000610351562,270500
2026-04-17 16:40:00+00:00,B3SA3.SA,19.610000610351562,19.610000610351562,19.559999465942383,19.56999969482422,267500
2026-04-17 16:45:00+00:00,B3SA3.SA,19.579999923706055,19.610000610351562,19.56999969482422,19.579999923706055,358200
2026-04-17 16:50:00+00:00,B3SA3.SA,19.59000015258789,19.6200008392334,19.579999923706055,19.610000610351562,308400
2026-04-17 16:55:00+00:00,B3SA3.SA,19.610000610351562,19.6200008392334,19.56999969482422,19.600000381469727,229800
2026-04-17 17:00:00+00:00,B3SA3.SA,19.600000381469727,19.610000610351562,19.579999923706055,19.600000381469727,208800
2026-04-17 17:05:00+00:00,B3SA3.SA,19.600000381469727,19.600000381469727,19.540000915527344,19.56999969482422,305900
2026-04-17 17:10:00+00:00,B3SA3.SA,19.56999969482422,19.610000610351562,19.549999237060547,19.59000015258789,386400
2026-04-17 17:15:00+00:00,B3SA3.SA,19.59000015258789,19.6200008392334,19.56999969482422,19.579999923706055,292100
2026-04-17 17:20:00+00:00,B3SA3.SA,19.59000015258789,19.610000610351562,19.540000915527344,19.549999237060547,473900
2026-04-17 17:25:00+00:00,B3SA3.SA,19.559999465942383,19.59000015258789,19.530000686645508,19.59000015258789,236500
2026-04-17 17:30:00+00:00,B3SA3.SA,19.59000015258789,19.610000610351562,19.549999237060547,19.610000610351562,288900
2026-04-17 17:35:00+00:00,B3SA3.SA,19.600000381469727,19.6299991607666,19.59000015258789,19.59000015258789,528000
2026-04-17 17:40:00+00:00,B3SA3.SA,19.59000015258789,19.6299991607666,19.59000015258789,19.6299991607666,205700
2026-04-17 17:45:00+00:00,B3SA3.SA,19.6299991607666,19.649999618530273,19.6200008392334,19.6200008392334,245600
2026-04-17 17:50:00+00:00,B3SA3.SA,19.6299991607666,19.639999389648438,19.610000610351562,19.610000610351562,247600
2026-04-17 17:55:00+00:00,B3SA3.SA,19.6299991607666,19.6299991607666,19.610000610351562,19.6299991607666,202300
2026-04-17 18:00:00+00:00,B3SA3.SA,19.6299991607666,19.649999618530273,19.610000610351562,19.610000610351562,388100
2026-04-17 18:05:00+00:00,B3SA3.SA,19.6200008392334,19.639999389648438,19.610000610351562,19.6299991607666,315400
2026-04-17 18:10:00+00:00,B3SA3.SA,19.6299991607666,19.6299991607666,19.56999969482422,19.579999923706055,297700
2026-04-17 18:15:00+00:00,B3SA3.SA,19.579999923706055,19.6200008392334,19.559999465942383,19.59000015258789,296400
2026-04-17 18:20:00+00:00,B3SA3.SA,19.59000015258789,19.6200008392334,19.579999923706055,19.59000015258789,291900
2026-04-17 18:25:00+00:00,B3SA3.SA,19.600000381469727,19.6200008392334,19.59000015258789,19.600000381469727,248300
2026-04-17 18:30:00+00:00,B3SA3.SA,19.600000381469727,19.610000610351562,19.559999465942383,19.579999923706055,425000
2026-04-17 18:35:00+00:00,B3SA3.SA,19.59000015258789,19.59000015258789,19.549999237060547,19.56999969482422,295500
2026-04-17 18:40:00+00:00,B3SA3.SA,19.559999465942383,19.56999969482422,19.530000686645508,19.549999237060547,277700
2026-04-17 18:45:00+00:00,B3SA3.SA,19.540000915527344,19.549999237060547,19.459999084472656,19.489999771118164,369500
2026-04-17 18:50:00+00:00,B3SA3.SA,19.479999542236328,19.520000457763672,19.420000076293945,19.440000534057617,801900
2026-04-17 18:55:00+00:00,B3SA3.SA,19.43000030517578,19.5,19.40999984741211,19.489999771118164,787800
2026-04-17 19:00:00+00:00,B3SA3.SA,19.489999771118164,19.520000457763672,19.459999084472656,19.510000228881836,384100
2026-04-17 19:05:00+00:00,B3SA3.SA,19.510000228881836,19.510000228881836,19.469999313354492,19.489999771118164,249700
2026-04-17 19:10:00+00:00,B3SA3.SA,19.489999771118164,19.5,19.469999313354492,19.479999542236328,280400
2026-04-17 19:15:00+00:00,B3SA3.SA,19.489999771118164,19.489999771118164,19.450000762939453,19.459999084472656,320300
2026-04-17 19:20:00+00:00,B3SA3.SA,19.459999084472656,19.479999542236328,19.459999084472656,19.469999313354492,551900
2026-04-17 19:25:00+00:00,B3SA3.SA,19.479999542236328,19.5,19.459999084472656,19.479999542236328,358900
2026-04-17 19:30:00+00:00,B3SA3.SA,19.469999313354492,19.5,19.469999313354492,19.489999771118164,314500
2026-04-17 19:35:00+00:00,B3SA3.SA,19.479999542236328,19.5,19.450000762939453,19.479999542236328,490100
2026-04-17 19:40:00+00:00,B3SA3.SA,19.479999542236328,19.489999771118164,19.459999084472656,19.459999084472656,382000
2026-04-17 19:45:00+00:00,B3SA3.SA,19.459999084472656,19.479999542236328,19.450000762939453,19.459999084472656,501900
2026-04-17 19:50:00+00:00,B3SA3.SA,19.459999084472656,19.469999313354492,19.420000076293945,19.459999084472656,444200
2026-04-20 13:05:00+00:00,B3SA3.SA,19.360000610351562,19.43000030517578,19.239999771118164,19.34000015258789,243600
2026-04-20 13:10:00+00:00,B3SA3.SA,19.329999923706055,19.399999618530273,19.299999237060547,19.350000381469727,232300
2026-04-20 13:15:00+00:00,B3SA3.SA,19.350000381469727,19.3700008392334,19.260000228881836,19.350000381469727,231300
2026-04-20 13:20:00+00:00,B3SA3.SA,19.350000381469727,19.399999618530273,19.31999969482422,19.350000381469727,376100
2026-04-20 13:25:00+00:00,B3SA3.SA,19.360000610351562,19.450000762939453,19.34000015258789,19.43000030517578,916500
2026-04-20 13:30:00+00:00,B3SA3.SA,19.450000762939453,19.469999313354492,19.299999237060547,19.34000015258789,752900
2026-04-20 13:35:00+00:00,B3SA3.SA,19.329999923706055,19.399999618530273,19.31999969482422,19.31999969482422,431100
2026-04-20 13:40:00+00:00,B3SA3.SA,19.31999969482422,19.350000381469727,19.25,19.299999237060547,403000
2026-04-20 13:45:00+00:00,B3SA3.SA,19.299999237060547,19.299999237060547,19.229999542236328,19.239999771118164,312800
2026-04-20 13:50:00+00:00,B3SA3.SA,19.239999771118164,19.25,19.170000076293945,19.239999771118164,282500
2026-04-20 13:55:00+00:00,B3SA3.SA,19.229999542236328,19.280000686645508,19.219999313354492,19.229999542236328,244800
2026-04-20 14:00:00+00:00,B3SA3.SA,19.229999542236328,19.229999542236328,19.110000610351562,19.149999618530273,417100
2026-04-20 14:05:00+00:00,B3SA3.SA,19.139999389648438,19.219999313354492,19.139999389648438,19.170000076293945,269200
2026-04-20 14:10:00+00:00,B3SA3.SA,19.18000030517578,19.229999542236328,19.149999618530273,19.229999542236328,172300
2026-04-20 14:15:00+00:00,B3SA3.SA,19.219999313354492,19.25,19.18000030517578,19.239999771118164,196600
2026-04-20 14:20:00+00:00,B3SA3.SA,19.239999771118164,19.239999771118164,19.200000762939453,19.229999542236328,193600
2026-04-20 14:25:00+00:00,B3SA3.SA,19.239999771118164,19.25,19.18000030517578,19.190000534057617,184600
2026-04-20 14:30:00+00:00,B3SA3.SA,19.190000534057617,19.260000228881836,19.190000534057617,19.260000228881836,136600
2026-04-20 14:35:00+00:00,B3SA3.SA,19.260000228881836,19.299999237060547,19.209999084472656,19.290000915527344,489500
2026-04-20 14:40:00+00:00,B3SA3.SA,19.290000915527344,19.329999923706055,19.260000228881836,19.299999237060547,1380800
2026-04-20 14:45:00+00:00,B3SA3.SA,19.299999237060547,19.31999969482422,19.280000686645508,19.299999237060547,230700
2026-04-20 14:50:00+00:00,B3SA3.SA,19.299999237060547,19.329999923706055,19.209999084472656,19.239999771118164,849000
2026-04-20 14:55:00+00:00,B3SA3.SA,19.239999771118164,19.25,19.209999084472656,19.239999771118164,107400
2026-04-20 15:00:00+00:00,B3SA3.SA,19.239999771118164,19.260000228881836,19.219999313354492,19.229999542236328,223100
2026-04-20 15:05:00+00:00,B3SA3.SA,19.25,19.299999237060547,19.239999771118164,19.299999237060547,149200
2026-04-20 15:10:00+00:00,B3SA3.SA,19.290000915527344,19.31999969482422,19.219999313354492,19.270000457763672,1775100
2026-04-20 15:15:00+00:00,B3SA3.SA,19.260000228881836,19.260000228881836,19.219999313354492,19.229999542236328,775600
2026-04-20 15:20:00+00:00,B3SA3.SA,19.229999542236328,19.280000686645508,19.219999313354492,19.260000228881836,537200
2026-04-20 15:25:00+00:00,B3SA3.SA,19.260000228881836,19.290000915527344,19.25,19.290000915527344,243100
2026-04-20 15:30:00+00:00,B3SA3.SA,19.280000686645508,19.280000686645508,19.219999313354492,19.219999313354492,149300
2026-04-20 15:35:00+00:00,B3SA3.SA,19.219999313354492,19.239999771118164,19.209999084472656,19.229999542236328,292700
2026-04-20 15:40:00+00:00,B3SA3.SA,19.229999542236328,19.229999542236328,19.18000030517578,19.190000534057617,456700
2026-04-20 15:45:00+00:00,B3SA3.SA,19.190000534057617,19.219999313354492,19.18000030517578,19.219999313354492,142200
2026-04-20 15:50:00+00:00,B3SA3.SA,19.219999313354492,19.219999313354492,19.170000076293945,19.209999084472656,167200
2026-04-20 15:55:00+00:00,B3SA3.SA,19.209999084472656,19.25,19.209999084472656,19.219999313354492,126600
2026-04-20 16:00:00+00:00,B3SA3.SA,19.219999313354492,19.290000915527344,19.219999313354492,19.280000686645508,163900
2026-04-20 16:05:00+00:00,B3SA3.SA,19.270000457763672,19.350000381469727,19.260000228881836,19.34000015258789,1911400
2026-04-20 16:10:00+00:00,B3SA3.SA,19.329999923706055,19.350000381469727,19.270000457763672,19.34000015258789,1186400
2026-04-20 16:15:00+00:00,B3SA3.SA,19.34000015258789,19.389999389648438,19.31999969482422,19.34000015258789,1256900
2026-04-20 16:20:00+00:00,B3SA3.SA,19.34000015258789,19.360000610351562,19.329999923706055,19.360000610351562,144000
2026-04-20 16:25:00+00:00,B3SA3.SA,19.350000381469727,19.360000610351562,19.309999465942383,19.34000015258789,2154100
2026-04-20 16:30:00+00:00,B3SA3.SA,19.34000015258789,19.3799991607666,19.34000015258789,19.360000610351562,241900
2026-04-20 16:35:00+00:00,B3SA3.SA,19.360000610351562,19.3799991607666,19.34000015258789,19.350000381469727,1189700
2026-04-20 16:40:00+00:00,B3SA3.SA,19.350000381469727,19.399999618530273,19.34000015258789,19.389999389648438,172300
2026-04-20 16:45:00+00:00,B3SA3.SA,19.389999389648438,19.399999618530273,19.31999969482422,19.329999923706055,264000
2026-04-20 16:50:00+00:00,B3SA3.SA,19.329999923706055,19.3700008392334,19.329999923706055,19.350000381469727,206900
2026-04-20 16:55:00+00:00,B3SA3.SA,19.34000015258789,19.34000015258789,19.299999237060547,19.31999969482422,167300
2026-04-20 17:00:00+00:00,B3SA3.SA,19.329999923706055,19.360000610351562,19.31999969482422,19.34000015258789,124400
2026-04-20 17:05:00+00:00,B3SA3.SA,19.34000015258789,19.360000610351562,19.31999969482422,19.329999923706055,160500
2026-04-20 17:10:00+00:00,B3SA3.SA,19.329999923706055,19.34000015258789,19.309999465942383,19.309999465942383,178600
2026-04-20 17:15:00+00:00,B3SA3.SA,19.309999465942383,19.329999923706055,19.270000457763672,19.280000686645508,469200
2026-04-20 17:20:00+00:00,B3SA3.SA,19.280000686645508,19.280000686645508,19.239999771118164,19.239999771118164,248000
2026-04-20 17:25:00+00:00,B3SA3.SA,19.239999771118164,19.25,19.18000030517578,19.200000762939453,193600
2026-04-20 17:30:00+00:00,B3SA3.SA,19.200000762939453,19.229999542236328,19.190000534057617,19.209999084472656,149200
2026-04-20 17:35:00+00:00,B3SA3.SA,19.209999084472656,19.25,19.209999084472656,19.219999313354492,151300
2026-04-20 17:40:00+00:00,B3SA3.SA,19.219999313354492,19.260000228881836,19.219999313354492,19.260000228881836,132000
2026-04-20 17:45:00+00:00,B3SA3.SA,19.260000228881836,19.260000228881836,19.229999542236328,19.229999542236328,129600
2026-04-20 17:50:00+00:00,B3SA3.SA,19.239999771118164,19.25,19.200000762939453,19.229999542236328,159000
2026-04-20 17:55:00+00:00,B3SA3.SA,19.229999542236328,19.25,19.190000534057617,19.219999313354492,1832200
2026-04-20 18:00:00+00:00,B3SA3.SA,19.239999771118164,19.270000457763672,19.229999542236328,19.270000457763672,195500
2026-04-20 18:05:00+00:00,B3SA3.SA,19.270000457763672,19.290000915527344,19.260000228881836,19.270000457763672,190800
2026-04-20 18:10:00+00:00,B3SA3.SA,19.280000686645508,19.280000686645508,19.239999771118164,19.260000228881836,245900
2026-04-20 18:15:00+00:00,B3SA3.SA,19.270000457763672,19.280000686645508,19.239999771118164,19.270000457763672,217100
2026-04-20 18:20:00+00:00,B3SA3.SA,19.260000228881836,19.290000915527344,19.260000228881836,19.260000228881836,133500
2026-04-20 18:25:00+00:00,B3SA3.SA,19.260000228881836,19.280000686645508,19.239999771118164,19.239999771118164,188700
2026-04-20 18:30:00+00:00,B3SA3.SA,19.239999771118164,19.260000228881836,19.239999771118164,19.25,136000
2026-04-20 18:35:00+00:00,B3SA3.SA,19.239999771118164,19.260000228881836,19.239999771118164,19.260000228881836,95900
2026-04-20 18:40:00+00:00,B3SA3.SA,19.260000228881836,19.260000228881836,19.229999542236328,19.229999542236328,178700
2026-04-20 18:45:00+00:00,B3SA3.SA,19.229999542236328,19.260000228881836,19.219999313354492,19.25,274000
2026-04-20 18:50:00+00:00,B3SA3.SA,19.239999771118164,19.260000228881836,19.229999542236328,19.239999771118164,121200
2026-04-20 18:55:00+00:00,B3SA3.SA,19.229999542236328,19.25,19.229999542236328,19.229999542236328,197900
2026-04-20 19:00:00+00:00,B3SA3.SA,19.239999771118164,19.270000457763672,19.229999542236328,19.25,186100
2026-04-20 19:05:00+00:00,B3SA3.SA,19.239999771118164,19.270000457763672,19.239999771118164,19.260000228881836,137500
2026-04-20 19:10:00+00:00,B3SA3.SA,19.270000457763672,19.270000457763672,19.25,19.260000228881836,181700
2026-04-20 19:15:00+00:00,B3SA3.SA,19.270000457763672,19.270000457763672,19.239999771118164,19.25,197000
2026-04-20 19:20:00+00:00,B3SA3.SA,19.239999771118164,19.25,19.219999313354492,19.229999542236328,188100
2026-04-20 19:25:00+00:00,B3SA3.SA,19.239999771118164,19.239999771118164,19.219999313354492,19.219999313354492,164100
2026-04-20 19:30:00+00:00,B3SA3.SA,19.229999542236328,19.229999542236328,19.18000030517578,19.200000762939453,580300
2026-04-20 19:35:00+00:00,B3SA3.SA,19.200000762939453,19.25,19.15999984741211,19.219999313354492,893100
2026-04-20 19:40:00+00:00,B3SA3.SA,19.229999542236328,19.239999771118164,19.200000762939453,19.219999313354492,4458200
2026-04-20 19:45:00+00:00,B3SA3.SA,19.209999084472656,19.229999542236328,19.190000534057617,19.200000762939453,496400
2026-04-20 19:50:00+00:00,B3SA3.SA,19.209999084472656,19.309999465942383,19.18000030517578,19.280000686645508,338300
2026-04-22 13:00:00+00:00,B3SA3.SA,19.149999618530273,19.18000030517578,19.010000228881836,19.079999923706055,512400
2026-04-22 13:05:00+00:00,B3SA3.SA,19.059999465942383,19.100000381469727,19.0,19.040000915527344,358600
2026-04-22 13:10:00+00:00,B3SA3.SA,19.059999465942383,19.079999923706055,19.010000228881836,19.030000686645508,413400
2026-04-22 13:15:00+00:00,B3SA3.SA,19.030000686645508,19.100000381469727,19.020000457763672,19.09000015258789,507700
2026-04-22 13:20:00+00:00,B3SA3.SA,19.09000015258789,19.170000076293945,19.09000015258789,19.1200008392334,280900
2026-04-22 13:25:00+00:00,B3SA3.SA,19.1200008392334,19.1200008392334,19.059999465942383,19.059999465942383,212900
2026-04-22 13:30:00+00:00,B3SA3.SA,19.06999969482422,19.06999969482422,19.0,19.020000457763672,479100
2026-04-22 13:35:00+00:00,B3SA3.SA,19.020000457763672,19.030000686645508,18.93000030517578,18.950000762939453,461500
2026-04-22 13:40:00+00:00,B3SA3.SA,18.950000762939453,19.020000457763672,18.920000076293945,19.020000457763672,255100
2026-04-22 13:45:00+00:00,B3SA3.SA,19.020000457763672,19.110000610351562,19.010000228881836,19.110000610351562,553500
2026-04-22 13:50:00+00:00,B3SA3.SA,19.1299991607666,19.1299991607666,19.040000915527344,19.06999969482422,291400
2026-04-22 13:55:00+00:00,B3SA3.SA,19.079999923706055,19.09000015258789,19.040000915527344,19.09000015258789,267000
2026-04-22 14:00:00+00:00,B3SA3.SA,19.100000381469727,19.1299991607666,19.06999969482422,19.110000610351562,199500
2026-04-22 14:05:00+00:00,B3SA3.SA,19.100000381469727,19.100000381469727,19.059999465942383,19.059999465942383,147700
2026-04-22 14:10:00+00:00,B3SA3.SA,19.06999969482422,19.100000381469727,19.040000915527344,19.059999465942383,200800
2026-04-22 14:15:00+00:00,B3SA3.SA,19.049999237060547,19.079999923706055,18.979999542236328,18.989999771118164,347500
2026-04-22 14:20:00+00:00,B3SA3.SA,18.989999771118164,19.020000457763672,18.950000762939453,19.020000457763672,219400
2026-04-22 14:25:00+00:00,B3SA3.SA,19.040000915527344,19.040000915527344,18.989999771118164,19.030000686645508,411500
2026-04-22 14:30:00+00:00,B3SA3.SA,19.030000686645508,19.049999237060547,18.950000762939453,18.969999313354492,237600
2026-04-22 14:35:00+00:00,B3SA3.SA,18.969999313354492,18.989999771118164,18.940000534057617,18.959999084472656,363500
2026-04-22 14:40:00+00:00,B3SA3.SA,18.959999084472656,18.979999542236328,18.920000076293945,18.920000076293945,211700
2026-04-22 14:45:00+00:00,B3SA3.SA,18.920000076293945,19.0,18.920000076293945,19.0,176600
2026-04-22 14:50:00+00:00,B3SA3.SA,19.0,19.0,18.899999618530273,18.940000534057617,758100
2026-04-22 14:55:00+00:00,B3SA3.SA,18.940000534057617,19.0,18.920000076293945,18.989999771118164,298900
2026-04-22 15:00:00+00:00,B3SA3.SA,18.989999771118164,19.0,18.940000534057617,18.940000534057617,219600
2026-04-22 15:05:00+00:00,B3SA3.SA,18.940000534057617,18.979999542236328,18.920000076293945,18.959999084472656,214200
2026-04-22 15:10:00+00:00,B3SA3.SA,18.959999084472656,18.989999771118164,18.959999084472656,18.979999542236328,188900
2026-04-22 15:15:00+00:00,B3SA3.SA,18.979999542236328,19.030000686645508,18.979999542236328,19.010000228881836,541600
2026-04-22 15:20:00+00:00,B3SA3.SA,19.010000228881836,19.040000915527344,18.989999771118164,19.0,536600
2026-04-22 15:25:00+00:00,B3SA3.SA,19.0,19.030000686645508,18.989999771118164,19.010000228881836,120000
2026-04-22 15:30:00+00:00,B3SA3.SA,19.010000228881836,19.020000457763672,18.989999771118164,18.989999771118164,117800
2026-04-22 15:35:00+00:00,B3SA3.SA,18.989999771118164,19.010000228881836,18.959999084472656,18.989999771118164,261400
2026-04-22 15:40:00+00:00,B3SA3.SA,19.0,19.030000686645508,18.989999771118164,19.010000228881836,240500
2026-04-22 15:45:00+00:00,B3SA3.SA,19.010000228881836,19.079999923706055,19.010000228881836,19.079999923706055,85900
2026-04-22 15:50:00+00:00,B3SA3.SA,19.06999969482422,19.09000015258789,19.059999465942383,19.079999923706055,145000
2026-04-22 15:55:00+00:00,B3SA3.SA,19.079999923706055,19.09000015258789,19.040000915527344,19.059999465942383,311400
2026-04-22 16:00:00+00:00,B3SA3.SA,19.06999969482422,19.09000015258789,19.040000915527344,19.06999969482422,162800
2026-04-22 16:05:00+00:00,B3SA3.SA,19.059999465942383,19.079999923706055,19.059999465942383,19.06999969482422,49600
2026-04-22 16:10:00+00:00,B3SA3.SA,19.06999969482422,19.079999923706055,19.049999237060547,19.049999237060547,97100
2026-04-22 16:15:00+00:00,B3SA3.SA,19.049999237060547,19.079999923706055,19.030000686645508,19.030000686645508,117300
2026-04-22 16:20:00+00:00,B3SA3.SA,19.030000686645508,19.06999969482422,19.030000686645508,19.040000915527344,113900
2026-04-22 16:25:00+00:00,B3SA3.SA,19.049999237060547,19.059999465942383,19.020000457763672,19.030000686645508,100900
2026-04-22 16:30:00+00:00,B3SA3.SA,19.030000686645508,19.030000686645508,18.959999084472656,18.979999542236328,277400
2026-04-22 16:35:00+00:00,B3SA3.SA,18.979999542236328,19.010000228881836,18.979999542236328,19.0,117200
2026-04-22 16:40:00+00:00,B3SA3.SA,19.0,19.040000915527344,19.0,19.010000228881836,95500
2026-04-22 16:45:00+00:00,B3SA3.SA,19.010000228881836,19.049999237060547,19.0,19.020000457763672,107600
2026-04-22 16:50:00+00:00,B3SA3.SA,19.020000457763672,19.049999237060547,19.010000228881836,19.020000457763672,124800
2026-04-22 16:55:00+00:00,B3SA3.SA,19.010000228881836,19.030000686645508,18.979999542236328,18.989999771118164,183100
2026-04-22 17:00:00+00:00,B3SA3.SA,18.989999771118164,19.020000457763672,18.979999542236328,18.979999542236328,259000
2026-04-22 17:05:00+00:00,B3SA3.SA,18.979999542236328,19.030000686645508,18.979999542236328,19.020000457763672,227600
2026-04-22 17:10:00+00:00,B3SA3.SA,19.020000457763672,19.049999237060547,19.020000457763672,19.020000457763672,747500
2026-04-22 17:15:00+00:00,B3SA3.SA,19.020000457763672,19.030000686645508,18.959999084472656,18.989999771118164,188900
2026-04-22 17:20:00+00:00,B3SA3.SA,18.979999542236328,19.010000228881836,18.959999084472656,18.959999084472656,185000
2026-04-22 17:25:00+00:00,B3SA3.SA,18.959999084472656,18.989999771118164,18.950000762939453,18.979999542236328,145000
2026-04-22 17:30:00+00:00,B3SA3.SA,18.969999313354492,19.010000228881836,18.959999084472656,18.959999084472656,357400
2026-04-22 17:35:00+00:00,B3SA3.SA,18.969999313354492,18.969999313354492,18.93000030517578,18.93000030517578,123900
2026-04-22 17:40:00+00:00,B3SA3.SA,18.93000030517578,18.959999084472656,18.920000076293945,18.950000762939453,113800
2026-04-22 17:45:00+00:00,B3SA3.SA,18.940000534057617,18.969999313354492,18.93000030517578,18.959999084472656,87900
2026-04-22 17:50:00+00:00,B3SA3.SA,18.959999084472656,18.979999542236328,18.940000534057617,18.940000534057617,184000
2026-04-22 17:55:00+00:00,B3SA3.SA,18.940000534057617,18.950000762939453,18.90999984741211,18.950000762939453,309900
2026-04-22 18:00:00+00:00,B3SA3.SA,18.950000762939453,18.979999542236328,18.93000030517578,18.979999542236328,159600
2026-04-22 18:05:00+00:00,B3SA3.SA,18.979999542236328,19.010000228881836,18.969999313354492,19.0,186200
2026-04-22 18:10:00+00:00,B3SA3.SA,18.989999771118164,19.030000686645508,18.989999771118164,19.030000686645508,132600
2026-04-22 18:15:00+00:00,B3SA3.SA,19.030000686645508,19.030000686645508,18.979999542236328,18.989999771118164,203900
2026-04-22 18:20:00+00:00,B3SA3.SA,18.989999771118164,19.010000228881836,18.979999542236328,18.989999771118164,175400
2026-04-22 18:25:00+00:00,B3SA3.SA,18.989999771118164,19.020000457763672,18.979999542236328,18.989999771118164,169000
2026-04-22 18:30:00+00:00,B3SA3.SA,18.989999771118164,19.010000228881836,18.989999771118164,19.0,82600
2026-04-22 18:35:00+00:00,B3SA3.SA,19.0,19.010000228881836,18.969999313354492,19.0,193400
2026-04-22 18:40:00+00:00,B3SA3.SA,19.0,19.030000686645508,19.0,19.030000686645508,225500
2026-04-22 18:45:00+00:00,B3SA3.SA,19.030000686645508,19.030000686645508,18.969999313354492,18.989999771118164,238400
2026-04-22 18:50:00+00:00,B3SA3.SA,18.979999542236328,19.0,18.979999542236328,18.989999771118164,63600
2026-04-22 18:55:00+00:00,B3SA3.SA,19.0,19.010000228881836,18.979999542236328,19.0,215200
2026-04-22 19:00:00+00:00,B3SA3.SA,19.0,19.010000228881836,18.959999084472656,18.969999313354492,145900
2026-04-22 19:05:00+00:00,B3SA3.SA,18.969999313354492,19.010000228881836,18.969999313354492,19.010000228881836,185000
2026-04-22 19:10:00+00:00,B3SA3.SA,19.0,19.010000228881836,18.979999542236328,18.979999542236328,197500
2026-04-22 19:15:00+00:00,B3SA3.SA,18.979999542236328,19.010000228881836,18.969999313354492,19.0,449700
2026-04-22 19:20:00+00:00,B3SA3.SA,19.0,19.030000686645508,19.0,19.010000228881836,348100
2026-04-22 19:25:00+00:00,B3SA3.SA,19.020000457763672,19.020000457763672,18.979999542236328,18.979999542236328,388800
2026-04-22 19:30:00+00:00,B3SA3.SA,18.979999542236328,18.989999771118164,18.969999313354492,18.979999542236328,233500
2026-04-22 19:35:00+00:00,B3SA3.SA,18.979999542236328,19.0,18.959999084472656,18.989999771118164,273000
2026-04-22 19:40:00+00:00,B3SA3.SA,19.0,19.010000228881836,18.969999313354492,19.010000228881836,551900
2026-04-22 19:45:00+00:00,B3SA3.SA,18.989999771118164,19.020000457763672,18.989999771118164,19.020000457763672,354500
2026-04-22 19:50:00+00:00,B3SA3.SA,19.020000457763672,19.030000686645508,18.979999542236328,19.030000686645508,501700
2026-04-23 13:05:00+00:00,B3SA3.SA,19.079999923706055,19.079999923706055,18.959999084472656,19.06999969482422,94900
2026-04-23 13:10:00+00:00,B3SA3.SA,19.06999969482422,19.079999923706055,18.969999313354492,18.969999313354492,109300
2026-04-23 13:15:00+00:00,B3SA3.SA,18.959999084472656,19.059999465942383,18.959999084472656,19.049999237060547,169100
2026-04-23 13:20:00+00:00,B3SA3.SA,19.049999237060547,19.1200008392334,19.020000457763672,19.079999923706055,297100
2026-04-23 13:25:00+00:00,B3SA3.SA,19.09000015258789,19.1200008392334,19.040000915527344,19.049999237060547,211700
2026-04-23 13:30:00+00:00,B3SA3.SA,19.059999465942383,19.06999969482422,19.020000457763672,19.020000457763672,87700
2026-04-23 13:35:00+00:00,B3SA3.SA,19.020000457763672,19.06999969482422,18.979999542236328,18.989999771118164,113000
2026-04-23 13:40:00+00:00,B3SA3.SA,18.979999542236328,18.989999771118164,18.899999618530273,18.920000076293945,440800
2026-04-23 13:45:00+00:00,B3SA3.SA,18.920000076293945,18.969999313354492,18.850000381469727,18.969999313354492,168900
2026-04-23 13:50:00+00:00,B3SA3.SA,18.969999313354492,19.020000457763672,18.969999313354492,18.979999542236328,110000
2026-04-23 13:55:00+00:00,B3SA3.SA,18.969999313354492,18.969999313354492,18.920000076293945,18.920000076293945,166700
2026-04-23 14:00:00+00:00,B3SA3.SA,18.920000076293945,18.940000534057617,18.889999389648438,18.899999618530273,221700
2026-04-23 14:05:00+00:00,B3SA3.SA,18.899999618530273,18.950000762939453,18.889999389648438,18.940000534057617,261600
2026-04-23 14:10:00+00:00,B3SA3.SA,18.959999084472656,18.979999542236328,18.950000762939453,18.950000762939453,78500
2026-04-23 14:15:00+00:00,B3SA3.SA,18.940000534057617,18.979999542236328,18.90999984741211,18.90999984741211,104400
2026-04-23 14:20:00+00:00,B3SA3.SA,18.90999984741211,18.979999542236328,18.899999618530273,18.979999542236328,139400
2026-04-23 14:25:00+00:00,B3SA3.SA,18.989999771118164,19.040000915527344,18.979999542236328,19.020000457763672,165500
2026-04-23 14:30:00+00:00,B3SA3.SA,19.020000457763672,19.049999237060547,19.020000457763672,19.030000686645508,134400
2026-04-23 14:35:00+00:00,B3SA3.SA,19.030000686645508,19.059999465942383,19.030000686645508,19.030000686645508,131100
2026-04-23 14:40:00+00:00,B3SA3.SA,19.030000686645508,19.049999237060547,18.989999771118164,19.0,142900
2026-04-23 14:45:00+00:00,B3SA3.SA,19.0,19.049999237060547,18.989999771118164,19.049999237060547,147300
2026-04-23 14:50:00+00:00,B3SA3.SA,19.049999237060547,19.049999237060547,19.020000457763672,19.030000686645508,89200
2026-04-23 14:55:00+00:00,B3SA3.SA,19.020000457763672,19.040000915527344,19.010000228881836,19.010000228881836,114600
2026-04-23 15:00:00+00:00,B3SA3.SA,19.010000228881836,19.020000457763672,18.969999313354492,18.979999542236328,144600
2026-04-23 15:05:00+00:00,B3SA3.SA,18.989999771118164,19.010000228881836,18.969999313354492,18.979999542236328,72400
2026-04-23 15:10:00+00:00,B3SA3.SA,18.979999542236328,19.040000915527344,18.979999542236328,19.030000686645508,99700
2026-04-23 15:15:00+00:00,B3SA3.SA,19.030000686645508,19.06999969482422,19.010000228881836,19.059999465942383,94600
2026-04-23 15:20:00+00:00,B3SA3.SA,19.059999465942383,19.100000381469727,19.049999237060547,19.100000381469727,102400
2026-04-23 15:25:00+00:00,B3SA3.SA,19.100000381469727,19.149999618530273,19.09000015258789,19.149999618530273,230900
2026-04-23 15:30:00+00:00,B3SA3.SA,19.139999389648438,19.139999389648438,19.110000610351562,19.1200008392334,108700
2026-04-23 15:35:00+00:00,B3SA3.SA,19.110000610351562,19.1299991607666,19.079999923706055,19.09000015258789,78700
2026-04-23 15:40:00+00:00,B3SA3.SA,19.079999923706055,19.09000015258789,19.06999969482422,19.09000015258789,55600
2026-04-23 15:45:00+00:00,B3SA3.SA,19.079999923706055,19.09000015258789,19.049999237060547,19.079999923706055,175100
2026-04-23 15:50:00+00:00,B3SA3.SA,19.06999969482422,19.079999923706055,19.049999237060547,19.049999237060547,50300
2026-04-23 15:55:00+00:00,B3SA3.SA,19.059999465942383,19.09000015258789,19.049999237060547,19.059999465942383,81200
2026-04-23 16:00:00+00:00,B3SA3.SA,19.059999465942383,19.059999465942383,19.020000457763672,19.030000686645508,77600
2026-04-23 16:05:00+00:00,B3SA3.SA,19.020000457763672,19.030000686645508,19.010000228881836,19.030000686645508,60500
2026-04-23 16:10:00+00:00,B3SA3.SA,19.030000686645508,19.059999465942383,19.020000457763672,19.049999237060547,87600
2026-04-23 16:15:00+00:00,B3SA3.SA,19.049999237060547,19.06999969482422,19.040000915527344,19.06999969482422,36200
2026-04-23 16:20:00+00:00,B3SA3.SA,19.06999969482422,19.100000381469727,19.06999969482422,19.09000015258789,31500
2026-04-23 16:25:00+00:00,B3SA3.SA,19.100000381469727,19.110000610351562,19.09000015258789,19.100000381469727,44400
2026-04-23 16:30:00+00:00,B3SA3.SA,19.09000015258789,19.1200008392334,19.079999923706055,19.110000610351562,86300
2026-04-23 16:35:00+00:00,B3SA3.SA,19.110000610351562,19.1299991607666,19.100000381469727,19.1299991607666,103500
2026-04-23 16:40:00+00:00,B3SA3.SA,19.1299991607666,19.190000534057617,19.110000610351562,19.170000076293945,206400
2026-04-23 16:45:00+00:00,B3SA3.SA,19.15999984741211,19.170000076293945,19.1200008392334,19.139999389648438,59800
2026-04-23 16:50:00+00:00,B3SA3.SA,19.139999389648438,19.139999389648438,19.110000610351562,19.1299991607666,53100
2026-04-23 16:55:00+00:00,B3SA3.SA,19.1299991607666,19.1299991607666,19.079999923706055,19.09000015258789,87800
2026-04-23 17:00:00+00:00,B3SA3.SA,19.09000015258789,19.110000610351562,19.020000457763672,19.020000457763672,65700
2026-04-23 17:05:00+00:00,B3SA3.SA,19.030000686645508,19.030000686645508,18.950000762939453,18.959999084472656,155400
2026-04-23 17:10:00+00:00,B3SA3.SA,18.950000762939453,19.0,18.940000534057617,18.969999313354492,168400
2026-04-23 17:15:00+00:00,B3SA3.SA,18.959999084472656,18.969999313354492,18.8799991607666,18.899999618530273,310700
2026-04-23 17:20:00+00:00,B3SA3.SA,18.90999984741211,18.93000030517578,18.84000015258789,18.8799991607666,651500
2026-04-23 17:25:00+00:00,B3SA3.SA,18.889999389648438,18.950000762939453,18.8700008392334,18.8700008392334,164600
2026-04-23 17:30:00+00:00,B3SA3.SA,18.8799991607666,18.899999618530273,18.84000015258789,18.889999389648438,714500
2026-04-23 17:35:00+00:00,B3SA3.SA,18.889999389648438,18.899999618530273,18.790000915527344,18.809999465942383,382500
2026-04-23 17:40:00+00:00,B3SA3.SA,18.809999465942383,18.809999465942383,18.739999771118164,18.760000228881836,180900
2026-04-23 17:45:00+00:00,B3SA3.SA,18.75,18.770000457763672,18.649999618530273,18.68000030517578,684700
2026-04-23 17:50:00+00:00,B3SA3.SA,18.690000534057617,18.829999923706055,18.68000030517578,18.780000686645508,238300
2026-04-23 17:55:00+00:00,B3SA3.SA,18.780000686645508,18.8700008392334,18.770000457763672,18.8700008392334,121900
2026-04-23 18:00:00+00:00,B3SA3.SA,18.8700008392334,18.920000076293945,18.84000015258789,18.920000076293945,239800
2026-04-23 18:05:00+00:00,B3SA3.SA,18.90999984741211,18.93000030517578,18.889999389648438,18.920000076293945,82300
2026-04-23 18:10:00+00:00,B3SA3.SA,18.90999984741211,18.940000534057617,18.889999389648438,18.93000030517578,143200
2026-04-23 18:15:00+00:00,B3SA3.SA,18.940000534057617,18.940000534057617,18.899999618530273,18.920000076293945,115200
2026-04-23 18:20:00+00:00,B3SA3.SA,18.90999984741211,18.950000762939453,18.90999984741211,18.940000534057617,109600
2026-04-23 18:25:00+00:00,B3SA3.SA,18.940000534057617,18.979999542236328,18.920000076293945,18.979999542236328,184400
2026-04-23 18:30:00+00:00,B3SA3.SA,18.979999542236328,19.020000457763672,18.959999084472656,19.010000228881836,364200
2026-04-23 18:35:00+00:00,B3SA3.SA,19.010000228881836,19.020000457763672,18.93000030517578,18.940000534057617,505700
2026-04-23 18:40:00+00:00,B3SA3.SA,18.940000534057617,18.940000534057617,18.899999618530273,18.940000534057617,295900
2026-04-23 18:45:00+00:00,B3SA3.SA,18.950000762939453,18.969999313354492,18.920000076293945,18.920000076293945,172900
2026-04-23 18:50:00+00:00,B3SA3.SA,18.93000030517578,18.979999542236328,18.920000076293945,18.969999313354492,197000
2026-04-23 18:55:00+00:00,B3SA3.SA,18.959999084472656,18.969999313354492,18.93000030517578,18.93000030517578,164600
2026-04-23 19:00:00+00:00,B3SA3.SA,18.93000030517578,18.940000534057617,18.899999618530273,18.90999984741211,158500
2026-04-23 19:05:00+00:00,B3SA3.SA,18.899999618530273,18.940000534057617,18.889999389648438,18.920000076293945,206300
2026-04-23 19:10:00+00:00,B3SA3.SA,18.920000076293945,18.920000076293945,18.899999618530273,18.899999618530273,163800
2026-04-23 19:15:00+00:00,B3SA3.SA,18.90999984741211,18.93000030517578,18.899999618530273,18.90999984741211,214400
2026-04-23 19:20:00+00:00,B3SA3.SA,18.90999984741211,18.920000076293945,18.899999618530273,18.90999984741211,133000
2026-04-23 19:25:00+00:00,B3SA3.SA,18.899999618530273,18.93000030517578,18.889999389648438,18.920000076293945,175800
2026-04-23 19:30:00+00:00,B3SA3.SA,18.920000076293945,18.940000534057617,18.889999389648438,18.889999389648438,354000
2026-04-23 19:35:00+00:00,B3SA3.SA,18.899999618530273,18.920000076293945,18.8700008392334,18.90999984741211,221900
2026-04-23 19:40:00+00:00,B3SA3.SA,18.90999984741211,18.959999084472656,18.899999618530273,18.90999984741211,241700
2026-04-23 19:45:00+00:00,B3SA3.SA,18.920000076293945,18.940000534057617,18.90999984741211,18.93000030517578,211900
2026-04-23 19:50:00+00:00,B3SA3.SA,18.93000030517578,19.0,18.899999618530273,19.0,300000
2026-04-24 13:05:00+00:00,B3SA3.SA,19.06999969482422,19.06999969482422,18.920000076293945,18.940000534057617,615400
2026-04-24 13:10:00+00:00,B3SA3.SA,18.940000534057617,18.959999084472656,18.889999389648438,18.899999618530273,481200
2026-04-24 13:15:00+00:00,B3SA3.SA,18.899999618530273,18.899999618530273,18.81999969482422,18.850000381469727,244900
2026-04-24 13:20:00+00:00,B3SA3.SA,18.850000381469727,18.899999618530273,18.780000686645508,18.790000915527344,261100
2026-04-24 13:25:00+00:00,B3SA3.SA,18.790000915527344,18.790000915527344,18.719999313354492,18.729999542236328,327400
2026-04-24 13:30:00+00:00,B3SA3.SA,18.729999542236328,18.739999771118164,18.649999618530273,18.670000076293945,691100
2026-04-24 13:35:00+00:00,B3SA3.SA,18.68000030517578,18.719999313354492,18.670000076293945,18.68000030517578,695900
2026-04-24 13:40:00+00:00,B3SA3.SA,18.68000030517578,18.729999542236328,18.649999618530273,18.700000762939453,423100
2026-04-24 13:45:00+00:00,B3SA3.SA,18.700000762939453,18.760000228881836,18.65999984741211,18.760000228881836,319200
2026-04-24 13:50:00+00:00,B3SA3.SA,18.75,18.780000686645508,18.700000762939453,18.739999771118164,193100
2026-04-24 13:55:00+00:00,B3SA3.SA,18.739999771118164,18.8700008392334,18.719999313354492,18.860000610351562,312100
2026-04-24 14:00:00+00:00,B3SA3.SA,18.850000381469727,18.8799991607666,18.799999237060547,18.860000610351562,838600
2026-04-24 14:05:00+00:00,B3SA3.SA,18.860000610351562,18.889999389648438,18.829999923706055,18.860000610351562,219900
2026-04-24 14:10:00+00:00,B3SA3.SA,18.8700008392334,18.8700008392334,18.790000915527344,18.799999237060547,1356000
2026-04-24 14:15:00+00:00,B3SA3.SA,18.799999237060547,18.850000381469727,18.790000915527344,18.850000381469727,344200
2026-04-24 14:20:00+00:00,B3SA3.SA,18.84000015258789,18.860000610351562,18.790000915527344,18.799999237060547,838600
2026-04-24 14:25:00+00:00,B3SA3.SA,18.799999237060547,18.81999969482422,18.729999542236328,18.790000915527344,437700
2026-04-24 14:30:00+00:00,B3SA3.SA,18.790000915527344,18.799999237060547,18.75,18.799999237060547,152100
2026-04-24 14:35:00+00:00,B3SA3.SA,18.799999237060547,18.799999237060547,18.75,18.770000457763672,201700
2026-04-24 14:40:00+00:00,B3SA3.SA,18.780000686645508,18.799999237060547,18.75,18.760000228881836,141600
2026-04-24 14:45:00+00:00,B3SA3.SA,18.760000228881836,18.790000915527344,18.729999542236328,18.75,170100
2026-04-24 14:50:00+00:00,B3SA3.SA,18.739999771118164,18.75,18.68000030517578,18.700000762939453,403700
2026-04-24 14:55:00+00:00,B3SA3.SA,18.709999084472656,18.75,18.690000534057617,18.75,146700
2026-04-24 15:00:00+00:00,B3SA3.SA,18.75,18.770000457763672,18.719999313354492,18.770000457763672,182800
2026-04-24 15:05:00+00:00,B3SA3.SA,18.760000228881836,18.770000457763672,18.700000762939453,18.709999084472656,168900
2026-04-24 15:10:00+00:00,B3SA3.SA,18.709999084472656,18.75,18.690000534057617,18.729999542236328,13290700
2026-04-24 15:15:00+00:00,B3SA3.SA,18.729999542236328,18.75,18.690000534057617,18.729999542236328,154700
2026-04-24 15:20:00+00:00,B3SA3.SA,18.719999313354492,18.729999542236328,18.700000762939453,18.719999313354492,134500
2026-04-24 15:25:00+00:00,B3SA3.SA,18.729999542236328,18.729999542236328,18.700000762939453,18.729999542236328,305400
2026-04-24 15:30:00+00:00,B3SA3.SA,18.729999542236328,18.760000228881836,18.719999313354492,18.760000228881836,180000
2026-04-24 15:35:00+00:00,B3SA3.SA,18.75,18.780000686645508,18.739999771118164,18.770000457763672,137000
2026-04-24 15:40:00+00:00,B3SA3.SA,18.780000686645508,18.850000381469727,18.739999771118164,18.850000381469727,1008700
2026-04-24 15:45:00+00:00,B3SA3.SA,18.84000015258789,18.8700008392334,18.799999237060547,18.81999969482422,747900
2026-04-24 15:50:00+00:00,B3SA3.SA,18.809999465942383,18.829999923706055,18.780000686645508,18.809999465942383,221500
2026-04-24 15:55:00+00:00,B3SA3.SA,18.81999969482422,18.81999969482422,18.790000915527344,18.799999237060547,444000
2026-04-24 16:00:00+00:00,B3SA3.SA,18.799999237060547,18.81999969482422,18.770000457763672,18.81999969482422,366000
2026-04-24 16:05:00+00:00,B3SA3.SA,18.81999969482422,18.850000381469727,18.790000915527344,18.799999237060547,186200
2026-04-24 16:10:00+00:00,B3SA3.SA,18.799999237060547,18.799999237060547,18.780000686645508,18.780000686645508,139900
2026-04-24 16:15:00+00:00,B3SA3.SA,18.780000686645508,18.790000915527344,18.739999771118164,18.739999771118164,183000
2026-04-24 16:20:00+00:00,B3SA3.SA,18.75,18.770000457763672,18.729999542236328,18.729999542236328,86000
2026-04-24 16:25:00+00:00,B3SA3.SA,18.739999771118164,18.770000457763672,18.729999542236328,18.770000457763672,188600
2026-04-24 16:30:00+00:00,B3SA3.SA,18.770000457763672,18.790000915527344,18.75,18.770000457763672,628000
2026-04-24 16:35:00+00:00,B3SA3.SA,18.780000686645508,18.780000686645508,18.770000457763672,18.780000686645508,87400
2026-04-24 16:40:00+00:00,B3SA3.SA,18.780000686645508,18.780000686645508,18.75,18.760000228881836,274500
2026-04-24 16:45:00+00:00,B3SA3.SA,18.760000228881836,18.790000915527344,18.760000228881836,18.790000915527344,159900
2026-04-24 16:50:00+00:00,B3SA3.SA,18.790000915527344,18.799999237060547,18.780000686645508,18.799999237060547,143200
2026-04-24 16:55:00+00:00,B3SA3.SA,18.799999237060547,18.799999237060547,18.780000686645508,18.790000915527344,171600
2026-04-24 17:00:00+00:00,B3SA3.SA,18.799999237060547,18.799999237060547,18.780000686645508,18.790000915527344,137000
2026-04-24 17:05:00+00:00,B3SA3.SA,18.799999237060547,18.799999237060547,18.780000686645508,18.799999237060547,141100
2026-04-24 17:10:00+00:00,B3SA3.SA,18.790000915527344,18.799999237060547,18.790000915527344,18.799999237060547,106800
2026-04-24 17:15:00+00:00,B3SA3.SA,18.799999237060547,18.829999923706055,18.790000915527344,18.809999465942383,324200
2026-04-24 17:20:00+00:00,B3SA3.SA,18.809999465942383,18.84000015258789,18.799999237060547,18.829999923706055,678500
2026-04-24 17:25:00+00:00,B3SA3.SA,18.84000015258789,18.8700008392334,18.81999969482422,18.8700008392334,376800
2026-04-24 17:30:00+00:00,B3SA3.SA,18.8700008392334,18.8700008392334,18.84000015258789,18.8700008392334,191900
2026-04-24 17:35:00+00:00,B3SA3.SA,18.8700008392334,18.889999389648438,18.860000610351562,18.8799991607666,219200
2026-04-24 17:40:00+00:00,B3SA3.SA,18.8799991607666,18.8799991607666,18.850000381469727,18.8700008392334,243100
2026-04-24 17:45:00+00:00,B3SA3.SA,18.8700008392334,18.899999618530273,18.860000610351562,18.899999618530273,259700
2026-04-24 17:50:00+00:00,B3SA3.SA,18.899999618530273,18.940000534057617,18.889999389648438,18.940000534057617,215900
2026-04-24 17:55:00+00:00,B3SA3.SA,18.940000534057617,18.940000534057617,18.899999618530273,18.899999618530273,203000
2026-04-24 18:00:00+00:00,B3SA3.SA,18.899999618530273,18.989999771118164,18.889999389648438,18.940000534057617,511700
2026-04-24 18:05:00+00:00,B3SA3.SA,18.940000534057617,18.940000534057617,18.90999984741211,18.93000030517578,193400
2026-04-24 18:10:00+00:00,B3SA3.SA,18.93000030517578,18.93000030517578,18.889999389648438,18.889999389648438,211600
2026-04-24 18:15:00+00:00,B3SA3.SA,18.899999618530273,18.920000076293945,18.8799991607666,18.889999389648438,252300
2026-04-24 18:20:00+00:00,B3SA3.SA,18.889999389648438,18.90999984741211,18.8799991607666,18.899999618530273,165200
2026-04-24 18:25:00+00:00,B3SA3.SA,18.899999618530273,18.940000534057617,18.8799991607666,18.940000534057617,315000
2026-04-24 18:30:00+00:00,B3SA3.SA,18.940000534057617,18.959999084472656,18.93000030517578,18.950000762939453,222600
2026-04-24 18:35:00+00:00,B3SA3.SA,18.959999084472656,18.969999313354492,18.940000534057617,18.950000762939453,251100
2026-04-24 18:40:00+00:00,B3SA3.SA,18.950000762939453,18.989999771118164,18.950000762939453,18.969999313354492,266500
2026-04-24 18:45:00+00:00,B3SA3.SA,18.959999084472656,19.010000228881836,18.959999084472656,18.979999542236328,623000
2026-04-24 18:50:00+00:00,B3SA3.SA,18.969999313354492,19.0,18.969999313354492,18.969999313354492,184000
2026-04-24 18:55:00+00:00,B3SA3.SA,18.969999313354492,19.010000228881836,18.959999084472656,18.989999771118164,302200
2026-04-24 19:00:00+00:00,B3SA3.SA,19.0,19.010000228881836,18.969999313354492,18.969999313354492,213500
2026-04-24 19:05:00+00:00,B3SA3.SA,18.969999313354492,18.979999542236328,18.93000030517578,18.940000534057617,324400
2026-04-24 19:10:00+00:00,B3SA3.SA,18.940000534057617,18.950000762939453,18.93000030517578,18.940000534057617,222700
2026-04-24 19:15:00+00:00,B3SA3.SA,18.940000534057617,18.969999313354492,18.93000030517578,18.950000762939453,382000
2026-04-24 19:20:00+00:00,B3SA3.SA,18.950000762939453,18.959999084472656,18.93000030517578,18.93000030517578,242300
2026-04-24 19:25:00+00:00,B3SA3.SA,18.920000076293945,18.959999084472656,18.90999984741211,18.940000534057617,292700
2026-04-24 19:30:00+00:00,B3SA3.SA,18.940000534057617,18.959999084472656,18.93000030517578,18.940000534057617,292900
2026-04-24 19:35:00+00:00,B3SA3.SA,18.940000534057617,18.959999084472656,18.93000030517578,18.950000762939453,339300
2026-04-24 19:40:00+00:00,B3SA3.SA,18.950000762939453,18.969999313354492,18.940000534057617,18.969999313354492,534700
2026-04-24 19:45:00+00:00,B3SA3.SA,18.969999313354492,18.969999313354492,18.940000534057617,18.950000762939453,286900
2026-04-24 19:50:00+00:00,B3SA3.SA,18.950000762939453,18.959999084472656,18.920000076293945,18.93000030517578,361100
2026-04-27 13:05:00+00:00,B3SA3.SA,18.940000534057617,19.010000228881836,18.899999618530273,18.979999542236328,95800
2026-04-27 13:10:00+00:00,B3SA3.SA,18.959999084472656,19.040000915527344,18.889999389648438,18.899999618530273,266600
2026-04-27 13:15:00+00:00,B3SA3.SA,18.899999618530273,18.989999771118164,18.899999618530273,18.920000076293945,152600
2026-04-27 13:20:00+00:00,B3SA3.SA,18.940000534057617,18.950000762939453,18.899999618530273,18.93000030517578,40300
2026-04-27 13:25:00+00:00,B3SA3.SA,18.93000030517578,18.989999771118164,18.90999984741211,18.950000762939453,77500
2026-04-27 13:30:00+00:00,B3SA3.SA,18.959999084472656,19.040000915527344,18.889999389648438,18.899999618530273,1281400
2026-04-27 13:35:00+00:00,B3SA3.SA,18.889999389648438,18.969999313354492,18.8700008392334,18.889999389648438,185700
2026-04-27 13:40:00+00:00,B3SA3.SA,18.889999389648438,18.959999084472656,18.8700008392334,18.90999984741211,120100
2026-04-27 13:45:00+00:00,B3SA3.SA,18.90999984741211,18.950000762939453,18.81999969482422,18.81999969482422,243000
2026-04-27 13:50:00+00:00,B3SA3.SA,18.829999923706055,18.940000534057617,18.799999237060547,18.90999984741211,206800
2026-04-27 13:55:00+00:00,B3SA3.SA,18.90999984741211,18.920000076293945,18.850000381469727,18.850000381469727,72300
2026-04-27 14:00:00+00:00,B3SA3.SA,18.860000610351562,18.860000610351562,18.829999923706055,18.850000381469727,659600
2026-04-27 14:05:00+00:00,B3SA3.SA,18.84000015258789,18.8799991607666,18.829999923706055,18.84000015258789,53600
2026-04-27 14:10:00+00:00,B3SA3.SA,18.84000015258789,18.8700008392334,18.81999969482422,18.829999923706055,70400
2026-04-27 14:15:00+00:00,B3SA3.SA,18.829999923706055,18.84000015258789,18.799999237060547,18.809999465942383,44900
2026-04-27 14:20:00+00:00,B3SA3.SA,18.809999465942383,18.850000381469727,18.799999237060547,18.84000015258789,49400
2026-04-27 14:25:00+00:00,B3SA3.SA,18.84000015258789,18.850000381469727,18.809999465942383,18.84000015258789,35900
2026-04-27 14:30:00+00:00,B3SA3.SA,18.84000015258789,18.850000381469727,18.809999465942383,18.84000015258789,64000
2026-04-27 14:35:00+00:00,B3SA3.SA,18.84000015258789,18.8700008392334,18.790000915527344,18.81999969482422,158200
2026-04-27 14:40:00+00:00,B3SA3.SA,18.829999923706055,18.850000381469727,18.790000915527344,18.81999969482422,75100
2026-04-27 14:45:00+00:00,B3SA3.SA,18.809999465942383,18.809999465942383,18.760000228881836,18.770000457763672,101300
2026-04-27 14:50:00+00:00,B3SA3.SA,18.760000228881836,18.780000686645508,18.75,18.760000228881836,119900
2026-04-27 14:55:00+00:00,B3SA3.SA,18.760000228881836,18.760000228881836,18.719999313354492,18.739999771118164,75400
2026-04-27 15:00:00+00:00,B3SA3.SA,18.75,18.780000686645508,18.709999084472656,18.739999771118164,82700
2026-04-27 15:05:00+00:00,B3SA3.SA,18.739999771118164,18.780000686645508,18.719999313354492,18.729999542236328,122700
2026-04-27 15:10:00+00:00,B3SA3.SA,18.719999313354492,18.739999771118164,18.700000762939453,18.739999771118164,83200
2026-04-27 15:15:00+00:00,B3SA3.SA,18.739999771118164,18.760000228881836,18.729999542236328,18.75,65700
2026-04-27 15:20:00+00:00,B3SA3.SA,18.739999771118164,18.75,18.690000534057617,18.719999313354492,106300
2026-04-27 15:25:00+00:00,B3SA3.SA,18.719999313354492,18.729999542236328,18.68000030517578,18.709999084472656,114900
2026-04-27 15:30:00+00:00,B3SA3.SA,18.719999313354492,18.729999542236328,18.700000762939453,18.709999084472656,156800
2026-04-27 15:35:00+00:00,B3SA3.SA,18.700000762939453,18.770000457763672,18.700000762939453,18.75,145300
2026-04-27 15:40:00+00:00,B3SA3.SA,18.75,18.799999237060547,18.75,18.790000915527344,81300
2026-04-27 15:45:00+00:00,B3SA3.SA,18.790000915527344,18.799999237060547,18.739999771118164,18.75,100900
2026-04-27 15:50:00+00:00,B3SA3.SA,18.739999771118164,18.780000686645508,18.739999771118164,18.770000457763672,77500
2026-04-27 15:55:00+00:00,B3SA3.SA,18.770000457763672,18.790000915527344,18.770000457763672,18.790000915527344,74000
2026-04-27 16:00:00+00:00,B3SA3.SA,18.780000686645508,18.790000915527344,18.760000228881836,18.770000457763672,84100
2026-04-27 16:05:00+00:00,B3SA3.SA,18.770000457763672,18.790000915527344,18.760000228881836,18.780000686645508,68600
2026-04-27 16:10:00+00:00,B3SA3.SA,18.770000457763672,18.790000915527344,18.760000228881836,18.780000686645508,76800
2026-04-27 16:15:00+00:00,B3SA3.SA,18.770000457763672,18.809999465942383,18.760000228881836,18.770000457763672,95200
2026-04-27 16:20:00+00:00,B3SA3.SA,18.780000686645508,18.790000915527344,18.760000228881836,18.780000686645508,39100
2026-04-27 16:25:00+00:00,B3SA3.SA,18.780000686645508,18.81999969482422,18.770000457763672,18.799999237060547,68400
2026-04-27 16:30:00+00:00,B3SA3.SA,18.809999465942383,18.860000610351562,18.799999237060547,18.860000610351562,400600
2026-04-27 16:35:00+00:00,B3SA3.SA,18.860000610351562,18.860000610351562,18.81999969482422,18.829999923706055,73100
2026-04-27 16:40:00+00:00,B3SA3.SA,18.829999923706055,18.829999923706055,18.81999969482422,18.81999969482422,42400
2026-04-27 16:45:00+00:00,B3SA3.SA,18.829999923706055,18.84000015258789,18.81999969482422,18.81999969482422,64800
2026-04-27 16:50:00+00:00,B3SA3.SA,18.81999969482422,18.829999923706055,18.790000915527344,18.809999465942383,225600
2026-04-27 16:55:00+00:00,B3SA3.SA,18.799999237060547,18.81999969482422,18.780000686645508,18.780000686645508,80500
2026-04-27 17:00:00+00:00,B3SA3.SA,18.790000915527344,18.81999969482422,18.780000686645508,18.799999237060547,101900
2026-04-27 17:05:00+00:00,B3SA3.SA,18.799999237060547,18.809999465942383,18.770000457763672,18.799999237060547,407900
2026-04-27 17:10:00+00:00,B3SA3.SA,18.799999237060547,18.809999465942383,18.790000915527344,18.790000915527344,652900
2026-04-27 17:15:00+00:00,B3SA3.SA,18.799999237060547,18.809999465942383,18.780000686645508,18.799999237060547,282000
2026-04-27 17:20:00+00:00,B3SA3.SA,18.790000915527344,18.81999969482422,18.780000686645508,18.790000915527344,256400
2026-04-27 17:25:00+00:00,B3SA3.SA,18.799999237060547,18.84000015258789,18.790000915527344,18.84000015258789,100400
2026-04-27 17:30:00+00:00,B3SA3.SA,18.84000015258789,18.8700008392334,18.829999923706055,18.850000381469727,3101100
2026-04-27 17:35:00+00:00,B3SA3.SA,18.850000381469727,18.8700008392334,18.850000381469727,18.860000610351562,476600
2026-04-27 17:40:00+00:00,B3SA3.SA,18.860000610351562,18.8799991607666,18.850000381469727,18.8700008392334,95500
2026-04-27 17:45:00+00:00,B3SA3.SA,18.8700008392334,18.899999618530273,18.860000610351562,18.8700008392334,411700
2026-04-27 17:50:00+00:00,B3SA3.SA,18.8700008392334,18.889999389648438,18.860000610351562,18.8700008392334,226800
2026-04-27 17:55:00+00:00,B3SA3.SA,18.860000610351562,18.8799991607666,18.860000610351562,18.8700008392334,94800
2026-04-27 18:00:00+00:00,B3SA3.SA,18.860000610351562,18.8700008392334,18.829999923706055,18.850000381469727,121000
2026-04-27 18:05:00+00:00,B3SA3.SA,18.850000381469727,18.8700008392334,18.850000381469727,18.860000610351562,57800
2026-04-27 18:10:00+00:00,B3SA3.SA,18.850000381469727,18.860000610351562,18.84000015258789,18.84000015258789,64200
2026-04-27 18:15:00+00:00,B3SA3.SA,18.84000015258789,18.860000610351562,18.84000015258789,18.84000015258789,85300
2026-04-27 18:20:00+00:00,B3SA3.SA,18.84000015258789,18.860000610351562,18.829999923706055,18.829999923706055,214700
2026-04-27 18:25:00+00:00,B3SA3.SA,18.829999923706055,18.850000381469727,18.829999923706055,18.829999923706055,82800
2026-04-27 18:30:00+00:00,B3SA3.SA,18.829999923706055,18.850000381469727,18.809999465942383,18.809999465942383,201100
2026-04-27 18:35:00+00:00,B3SA3.SA,18.809999465942383,18.81999969482422,18.780000686645508,18.799999237060547,116600
2026-04-27 18:40:00+00:00,B3SA3.SA,18.799999237060547,18.809999465942383,18.780000686645508,18.780000686645508,100800
2026-04-27 18:45:00+00:00,B3SA3.SA,18.780000686645508,18.799999237060547,18.780000686645508,18.799999237060547,103000
2026-04-27 18:50:00+00:00,B3SA3.SA,18.790000915527344,18.799999237060547,18.760000228881836,18.770000457763672,144100
2026-04-27 18:55:00+00:00,B3SA3.SA,18.770000457763672,18.780000686645508,18.75,18.770000457763672,125100
2026-04-27 19:00:00+00:00,B3SA3.SA,18.760000228881836,18.770000457763672,18.75,18.760000228881836,95700
2026-04-27 19:05:00+00:00,B3SA3.SA,18.75,18.770000457763672,18.75,18.760000228881836,159400
2026-04-27 19:10:00+00:00,B3SA3.SA,18.75,18.760000228881836,18.729999542236328,18.739999771118164,151300
2026-04-27 19:15:00+00:00,B3SA3.SA,18.729999542236328,18.770000457763672,18.729999542236328,18.760000228881836,172700
2026-04-27 19:20:00+00:00,B3SA3.SA,18.770000457763672,18.770000457763672,18.739999771118164,18.75,177900
2026-04-27 19:25:00+00:00,B3SA3.SA,18.75,18.770000457763672,18.729999542236328,18.739999771118164,206100
2026-04-27 19:30:00+00:00,B3SA3.SA,18.729999542236328,18.739999771118164,18.700000762939453,18.709999084472656,185200
2026-04-27 19:35:00+00:00,B3SA3.SA,18.709999084472656,18.729999542236328,18.700000762939453,18.719999313354492,213500
2026-04-27 19:40:00+00:00,B3SA3.SA,18.719999313354492,18.729999542236328,18.700000762939453,18.729999542236328,202000
2026-04-27 19:45:00+00:00,B3SA3.SA,18.729999542236328,18.739999771118164,18.709999084472656,18.739999771118164,341400
2026-04-27 19:50:00+00:00,B3SA3.SA,18.729999542236328,18.75,18.719999313354492,18.75,203200
2026-04-28 13:05:00+00:00,B3SA3.SA,18.399999618530273,18.440000534057617,18.290000915527344,18.3799991607666,335700
2026-04-28 13:10:00+00:00,B3SA3.SA,18.399999618530273,18.399999618530273,18.149999618530273,18.15999984741211,2142000
2026-04-28 13:15:00+00:00,B3SA3.SA,18.170000076293945,18.200000762939453,18.1200008392334,18.1299991607666,730100
2026-04-28 13:20:00+00:00,B3SA3.SA,18.139999389648438,18.18000030517578,18.06999969482422,18.079999923706055,712800
2026-04-28 13:25:00+00:00,B3SA3.SA,18.100000381469727,18.219999313354492,18.09000015258789,18.190000534057617,437200
2026-04-28 13:30:00+00:00,B3SA3.SA,18.190000534057617,18.229999542236328,18.139999389648438,18.200000762939453,447600
2026-04-28 13:35:00+00:00,B3SA3.SA,18.200000762939453,18.329999923706055,18.190000534057617,18.329999923706055,362700
2026-04-28 13:40:00+00:00,B3SA3.SA,18.309999465942383,18.3799991607666,18.299999237060547,18.3700008392334,246700
2026-04-28 13:45:00+00:00,B3SA3.SA,18.360000610351562,18.3799991607666,18.329999923706055,18.329999923706055,278600
2026-04-28 13:50:00+00:00,B3SA3.SA,18.329999923706055,18.3799991607666,18.31999969482422,18.329999923706055,194200
2026-04-28 13:55:00+00:00,B3SA3.SA,18.329999923706055,18.329999923706055,18.260000228881836,18.260000228881836,310100
2026-04-28 14:00:00+00:00,B3SA3.SA,18.260000228881836,18.34000015258789,18.260000228881836,18.290000915527344,467000
2026-04-28 14:05:00+00:00,B3SA3.SA,18.299999237060547,18.34000015258789,18.290000915527344,18.329999923706055,131100
2026-04-28 14:10:00+00:00,B3SA3.SA,18.31999969482422,18.34000015258789,18.309999465942383,18.31999969482422,72400
2026-04-28 14:15:00+00:00,B3SA3.SA,18.31999969482422,18.34000015258789,18.260000228881836,18.31999969482422,265500
2026-04-28 14:20:00+00:00,B3SA3.SA,18.31999969482422,18.350000381469727,18.260000228881836,18.260000228881836,272800
2026-04-28 14:25:00+00:00,B3SA3.SA,18.260000228881836,18.270000457763672,18.190000534057617,18.270000457763672,599200
2026-04-28 14:30:00+00:00,B3SA3.SA,18.260000228881836,18.360000610351562,18.260000228881836,18.299999237060547,203800
2026-04-28 14:35:00+00:00,B3SA3.SA,18.299999237060547,18.309999465942383,18.229999542236328,18.239999771118164,159300
2026-04-28 14:40:00+00:00,B3SA3.SA,18.229999542236328,18.229999542236328,18.170000076293945,18.190000534057617,1468300
2026-04-28 14:45:00+00:00,B3SA3.SA,18.18000030517578,18.200000762939453,18.149999618530273,18.15999984741211,484700
2026-04-28 14:50:00+00:00,B3SA3.SA,18.15999984741211,18.15999984741211,18.09000015258789,18.1200008392334,278700
2026-04-28 14:55:00+00:00,B3SA3.SA,18.1200008392334,18.170000076293945,18.110000610351562,18.170000076293945,436500
2026-04-28 15:00:00+00:00,B3SA3.SA,18.170000076293945,18.219999313354492,18.149999618530273,18.219999313354492,741800
2026-04-28 15:05:00+00:00,B3SA3.SA,18.219999313354492,18.229999542236328,18.15999984741211,18.18000030517578,304200
2026-04-28 15:10:00+00:00,B3SA3.SA,18.18000030517578,18.209999084472656,18.170000076293945,18.190000534057617,86400
2026-04-28 15:15:00+00:00,B3SA3.SA,18.190000534057617,18.209999084472656,18.18000030517578,18.190000534057617,290800
2026-04-28 15:20:00+00:00,B3SA3.SA,18.190000534057617,18.229999542236328,18.190000534057617,18.200000762939453,265500
2026-04-28 15:25:00+00:00,B3SA3.SA,18.190000534057617,18.219999313354492,18.170000076293945,18.170000076293945,215700
2026-04-28 15:30:00+00:00,B3SA3.SA,18.170000076293945,18.239999771118164,18.170000076293945,18.239999771118164,154000
2026-04-28 15:35:00+00:00,B3SA3.SA,18.219999313354492,18.270000457763672,18.219999313354492,18.260000228881836,93000
2026-04-28 15:40:00+00:00,B3SA3.SA,18.260000228881836,18.290000915527344,18.25,18.270000457763672,222800
2026-04-28 15:45:00+00:00,B3SA3.SA,18.270000457763672,18.290000915527344,18.260000228881836,18.270000457763672,132300
2026-04-28 15:50:00+00:00,B3SA3.SA,18.270000457763672,18.360000610351562,18.270000457763672,18.350000381469727,408200
2026-04-28 15:55:00+00:00,B3SA3.SA,18.350000381469727,18.350000381469727,18.31999969482422,18.329999923706055,114400
2026-04-28 16:00:00+00:00,B3SA3.SA,18.329999923706055,18.34000015258789,18.31999969482422,18.31999969482422,86500
2026-04-28 16:05:00+00:00,B3SA3.SA,18.31999969482422,18.34000015258789,18.309999465942383,18.31999969482422,74700
2026-04-28 16:10:00+00:00,B3SA3.SA,18.31999969482422,18.329999923706055,18.290000915527344,18.31999969482422,123400
2026-04-28 16:15:00+00:00,B3SA3.SA,18.31999969482422,18.31999969482422,18.290000915527344,18.309999465942383,75700
2026-04-28 16:20:00+00:00,B3SA3.SA,18.309999465942383,18.34000015258789,18.299999237060547,18.34000015258789,87400
2026-04-28 16:25:00+00:00,B3SA3.SA,18.329999923706055,18.3799991607666,18.329999923706055,18.34000015258789,141100
2026-04-28 16:30:00+00:00,B3SA3.SA,18.360000610351562,18.360000610351562,18.31999969482422,18.31999969482422,92600
2026-04-28 16:35:00+00:00,B3SA3.SA,18.31999969482422,18.34000015258789,18.309999465942383,18.31999969482422,94000
2026-04-28 16:40:00+00:00,B3SA3.SA,18.329999923706055,18.329999923706055,18.309999465942383,18.31999969482422,57700
2026-04-28 16:45:00+00:00,B3SA3.SA,18.309999465942383,18.329999923706055,18.309999465942383,18.31999969482422,52500
2026-04-28 16:50:00+00:00,B3SA3.SA,18.329999923706055,18.3700008392334,18.309999465942383,18.360000610351562,119700
2026-04-28 16:55:00+00:00,B3SA3.SA,18.350000381469727,18.3799991607666,18.34000015258789,18.360000610351562,82200
2026-04-28 17:00:00+00:00,B3SA3.SA,18.360000610351562,18.3700008392334,18.34000015258789,18.3700008392334,96700
2026-04-28 17:05:00+00:00,B3SA3.SA,18.360000610351562,18.3700008392334,18.34000015258789,18.3700008392334,111100
2026-04-28 17:10:00+00:00,B3SA3.SA,18.3700008392334,18.389999389648438,18.350000381469727,18.3700008392334,161300
2026-04-28 17:15:00+00:00,B3SA3.SA,18.3700008392334,18.3799991607666,18.350000381469727,18.350000381469727,127400
2026-04-28 17:20:00+00:00,B3SA3.SA,18.360000610351562,18.389999389648438,18.350000381469727,18.3799991607666,99500
2026-04-28 17:25:00+00:00,B3SA3.SA,18.389999389648438,18.420000076293945,18.3799991607666,18.399999618530273,136800
2026-04-28 17:30:00+00:00,B3SA3.SA,18.399999618530273,18.43000030517578,18.389999389648438,18.420000076293945,95200
2026-04-28 17:35:00+00:00,B3SA3.SA,18.43000030517578,18.479999542236328,18.420000076293945,18.450000762939453,121900
2026-04-28 17:40:00+00:00,B3SA3.SA,18.450000762939453,18.489999771118164,18.450000762939453,18.450000762939453,128300
2026-04-28 17:45:00+00:00,B3SA3.SA,18.450000762939453,18.489999771118164,18.450000762939453,18.489999771118164,112700
2026-04-28 17:50:00+00:00,B3SA3.SA,18.489999771118164,18.530000686645508,18.479999542236328,18.489999771118164,1035000
2026-04-28 17:55:00+00:00,B3SA3.SA,18.489999771118164,18.510000228881836,18.469999313354492,18.469999313354492,366100
2026-04-28 18:00:00+00:00,B3SA3.SA,18.469999313354492,18.489999771118164,18.459999084472656,18.459999084472656,119200
2026-04-28 18:05:00+00:00,B3SA3.SA,18.459999084472656,18.469999313354492,18.399999618530273,18.420000076293945,381400
2026-04-28 18:10:00+00:00,B3SA3.SA,18.420000076293945,18.440000534057617,18.40999984741211,18.43000030517578,92000
2026-04-28 18:15:00+00:00,B3SA3.SA,18.420000076293945,18.459999084472656,18.420000076293945,18.450000762939453,156500
2026-04-28 18:20:00+00:00,B3SA3.SA,18.459999084472656,18.5,18.459999084472656,18.469999313354492,195800
2026-04-28 18:25:00+00:00,B3SA3.SA,18.469999313354492,18.510000228881836,18.469999313354492,18.5,200200
2026-04-28 18:30:00+00:00,B3SA3.SA,18.5,18.520000457763672,18.479999542236328,18.479999542236328,166800
2026-04-28 18:35:00+00:00,B3SA3.SA,18.489999771118164,18.489999771118164,18.459999084472656,18.479999542236328,158000
2026-04-28 18:40:00+00:00,B3SA3.SA,18.469999313354492,18.510000228881836,18.459999084472656,18.510000228881836,160600
2026-04-28 18:45:00+00:00,B3SA3.SA,18.510000228881836,18.510000228881836,18.489999771118164,18.5,93600
2026-04-28 18:50:00+00:00,B3SA3.SA,18.5,18.510000228881836,18.489999771118164,18.489999771118164,133400
2026-04-28 18:55:00+00:00,B3SA3.SA,18.489999771118164,18.5,18.469999313354492,18.469999313354492,120200
2026-04-28 19:00:00+00:00,B3SA3.SA,18.469999313354492,18.479999542236328,18.459999084472656,18.479999542236328,107900
2026-04-28 19:05:00+00:00,B3SA3.SA,18.479999542236328,18.520000457763672,18.459999084472656,18.459999084472656,379800
2026-04-28 19:10:00+00:00,B3SA3.SA,18.459999084472656,18.489999771118164,18.440000534057617,18.459999084472656,221600
2026-04-28 19:15:00+00:00,B3SA3.SA,18.479999542236328,18.489999771118164,18.459999084472656,18.489999771118164,60500
2026-04-28 19:20:00+00:00,B3SA3.SA,18.479999542236328,18.510000228881836,18.479999542236328,18.510000228881836,93000
2026-04-28 19:25:00+00:00,B3SA3.SA,18.5,18.540000915527344,18.489999771118164,18.489999771118164,443100
2026-04-28 19:30:00+00:00,B3SA3.SA,18.510000228881836,18.530000686645508,18.489999771118164,18.489999771118164,164900
2026-04-28 19:35:00+00:00,B3SA3.SA,18.489999771118164,18.520000457763672,18.479999542236328,18.5,186800
2026-04-28 19:40:00+00:00,B3SA3.SA,18.5,18.510000228881836,18.489999771118164,18.5,159200
2026-04-28 19:45:00+00:00,B3SA3.SA,18.510000228881836,18.530000686645508,18.489999771118164,18.520000457763672,350900
2026-04-28 19:50:00+00:00,B3SA3.SA,18.530000686645508,18.540000915527344,18.489999771118164,18.540000915527344,372300
2026-04-29 13:05:00+00:00,B3SA3.SA,18.25,18.399999618530273,18.25,18.389999389648438,115900
2026-04-29 13:10:00+00:00,B3SA3.SA,18.389999389648438,18.389999389648438,18.290000915527344,18.309999465942383,524900
2026-04-29 13:15:00+00:00,B3SA3.SA,18.309999465942383,18.420000076293945,18.270000457763672,18.40999984741211,685400
2026-04-29 13:20:00+00:00,B3SA3.SA,18.399999618530273,18.540000915527344,18.399999618530273,18.530000686645508,759500
2026-04-29 13:25:00+00:00,B3SA3.SA,18.510000228881836,18.530000686645508,18.459999084472656,18.510000228881836,6903100
2026-04-29 13:30:00+00:00,B3SA3.SA,18.520000457763672,18.530000686645508,18.31999969482422,18.329999923706055,5677500
2026-04-29 13:35:00+00:00,B3SA3.SA,18.31999969482422,18.350000381469727,18.260000228881836,18.270000457763672,1312100
2026-04-29 13:40:00+00:00,B3SA3.SA,18.270000457763672,18.299999237060547,18.170000076293945,18.18000030517578,340800
2026-04-29 13:45:00+00:00,B3SA3.SA,18.18000030517578,18.18000030517578,18.079999923706055,18.139999389648438,877100
2026-04-29 13:50:00+00:00,B3SA3.SA,18.139999389648438,18.18000030517578,18.139999389648438,18.139999389648438,174400
2026-04-29 13:55:00+00:00,B3SA3.SA,18.139999389648438,18.149999618530273,18.110000610351562,18.1299991607666,315000
2026-04-29 14:00:00+00:00,B3SA3.SA,18.1200008392334,18.1299991607666,18.06999969482422,18.110000610351562,442000
2026-04-29 14:05:00+00:00,B3SA3.SA,18.110000610351562,18.149999618530273,18.100000381469727,18.1299991607666,165600
2026-04-29 14:10:00+00:00,B3SA3.SA,18.139999389648438,18.200000762939453,18.1299991607666,18.200000762939453,186200
2026-04-29 14:15:00+00:00,B3SA3.SA,18.18000030517578,18.229999542236328,18.18000030517578,18.18000030517578,253500
2026-04-29 14:20:00+00:00,B3SA3.SA,18.170000076293945,18.209999084472656,18.1200008392334,18.139999389648438,678800
2026-04-29 14:25:00+00:00,B3SA3.SA,18.139999389648438,18.170000076293945,18.139999389648438,18.15999984741211,201800
2026-04-29 14:30:00+00:00,B3SA3.SA,18.149999618530273,18.170000076293945,18.1200008392334,18.149999618530273,490200
2026-04-29 14:35:00+00:00,B3SA3.SA,18.149999618530273,18.170000076293945,18.1299991607666,18.149999618530273,355400
2026-04-29 14:40:00+00:00,B3SA3.SA,18.139999389648438,18.15999984741211,18.1299991607666,18.149999618530273,149000
2026-04-29 14:45:00+00:00,B3SA3.SA,18.15999984741211,18.15999984741211,18.110000610351562,18.110000610351562,149700
2026-04-29 14:50:00+00:00,B3SA3.SA,18.1200008392334,18.15999984741211,18.110000610351562,18.15999984741211,158300
2026-04-29 14:55:00+00:00,B3SA3.SA,18.149999618530273,18.18000030517578,18.139999389648438,18.15999984741211,129400
2026-04-29 15:00:00+00:00,B3SA3.SA,18.170000076293945,18.170000076293945,18.100000381469727,18.139999389648438,243100
2026-04-29 15:05:00+00:00,B3SA3.SA,18.139999389648438,18.149999618530273,18.110000610351562,18.110000610351562,138100
2026-04-29 15:10:00+00:00,B3SA3.SA,18.110000610351562,18.149999618530273,18.110000610351562,18.1299991607666,235000
2026-04-29 15:15:00+00:00,B3SA3.SA,18.1299991607666,18.18000030517578,18.1299991607666,18.149999618530273,86600
2026-04-29 15:20:00+00:00,B3SA3.SA,18.15999984741211,18.170000076293945,18.149999618530273,18.149999618530273,112700
2026-04-29 15:25:00+00:00,B3SA3.SA,18.149999618530273,18.15999984741211,18.110000610351562,18.1299991607666,335300
2026-04-29 15:30:00+00:00,B3SA3.SA,18.1200008392334,18.1299991607666,18.079999923706055,18.100000381469727,180800
2026-04-29 15:35:00+00:00,B3SA3.SA,18.110000610351562,18.110000610351562,18.020000457763672,18.040000915527344,354900
2026-04-29 15:40:00+00:00,B3SA3.SA,18.040000915527344,18.06999969482422,18.040000915527344,18.059999465942383,160000
2026-04-29 15:45:00+00:00,B3SA3.SA,18.059999465942383,18.059999465942383,18.030000686645508,18.030000686645508,156800
2026-04-29 15:50:00+00:00,B3SA3.SA,18.040000915527344,18.059999465942383,17.979999542236328,18.0,541800
2026-04-29 15:55:00+00:00,B3SA3.SA,18.0,18.020000457763672,17.989999771118164,18.010000228881836,190000
2026-04-29 16:00:00+00:00,B3SA3.SA,18.010000228881836,18.040000915527344,17.989999771118164,18.020000457763672,241400
2026-04-29 16:05:00+00:00,B3SA3.SA,18.020000457763672,18.079999923706055,18.020000457763672,18.030000686645508,328000
2026-04-29 16:10:00+00:00,B3SA3.SA,18.040000915527344,18.06999969482422,18.040000915527344,18.040000915527344,124000
2026-04-29 16:15:00+00:00,B3SA3.SA,18.030000686645508,18.059999465942383,18.020000457763672,18.030000686645508,109900
2026-04-29 16:20:00+00:00,B3SA3.SA,18.030000686645508,18.049999237060547,18.020000457763672,18.049999237060547,145700
2026-04-29 16:25:00+00:00,B3SA3.SA,18.040000915527344,18.06999969482422,18.030000686645508,18.049999237060547,232100
2026-04-29 16:30:00+00:00,B3SA3.SA,18.040000915527344,18.040000915527344,17.989999771118164,18.010000228881836,158500
2026-04-29 16:35:00+00:00,B3SA3.SA,18.010000228881836,18.020000457763672,17.989999771118164,18.020000457763672,104100
2026-04-29 16:40:00+00:00,B3SA3.SA,18.020000457763672,18.030000686645508,17.989999771118164,18.010000228881836,100000
2026-04-29 16:45:00+00:00,B3SA3.SA,18.010000228881836,18.030000686645508,18.010000228881836,18.020000457763672,80600
2026-04-29 16:50:00+00:00,B3SA3.SA,18.020000457763672,18.030000686645508,17.989999771118164,18.030000686645508,220300
2026-04-29 16:55:00+00:00,B3SA3.SA,18.030000686645508,18.040000915527344,18.0,18.010000228881836,202700
2026-04-29 17:00:00+00:00,B3SA3.SA,18.010000228881836,18.030000686645508,17.969999313354492,17.979999542236328,132200
2026-04-29 17:05:00+00:00,B3SA3.SA,17.979999542236328,18.0,17.969999313354492,17.989999771118164,147600
2026-04-29 17:10:00+00:00,B3SA3.SA,17.989999771118164,18.0,17.969999313354492,17.989999771118164,117100
2026-04-29 17:15:00+00:00,B3SA3.SA,18.0,18.0,17.979999542236328,17.979999542236328,650600
2026-04-29 17:20:00+00:00,B3SA3.SA,17.989999771118164,18.0,17.93000030517578,17.950000762939453,392600
2026-04-29 17:25:00+00:00,B3SA3.SA,17.950000762939453,17.959999084472656,17.940000534057617,17.959999084472656,91100
2026-04-29 17:30:00+00:00,B3SA3.SA,17.959999084472656,18.0,17.940000534057617,17.959999084472656,213200
2026-04-29 17:35:00+00:00,B3SA3.SA,17.959999084472656,17.969999313354492,17.8700008392334,17.8799991607666,556800
2026-04-29 17:40:00+00:00,B3SA3.SA,17.8700008392334,17.8799991607666,17.860000610351562,17.8700008392334,351500
2026-04-29 17:45:00+00:00,B3SA3.SA,17.8799991607666,17.93000030517578,17.860000610351562,17.899999618530273,819300
2026-04-29 17:50:00+00:00,B3SA3.SA,17.889999389648438,17.920000076293945,17.8799991607666,17.920000076293945,207800
2026-04-29 17:55:00+00:00,B3SA3.SA,17.920000076293945,17.93000030517578,17.899999618530273,17.93000030517578,194000
2026-04-29 18:00:00+00:00,B3SA3.SA,17.920000076293945,17.93000030517578,17.84000015258789,17.84000015258789,388100
2026-04-29 18:05:00+00:00,B3SA3.SA,17.850000381469727,17.850000381469727,17.790000915527344,17.809999465942383,481900
2026-04-29 18:10:00+00:00,B3SA3.SA,17.81999969482422,17.829999923706055,17.790000915527344,17.829999923706055,289000
2026-04-29 18:15:00+00:00,B3SA3.SA,17.829999923706055,17.889999389648438,17.829999923706055,17.860000610351562,330900
2026-04-29 18:20:00+00:00,B3SA3.SA,17.860000610351562,17.8799991607666,17.829999923706055,17.829999923706055,187700
2026-04-29 18:25:00+00:00,B3SA3.SA,17.829999923706055,17.84000015258789,17.780000686645508,17.809999465942383,507400
2026-04-29 18:30:00+00:00,B3SA3.SA,17.809999465942383,17.84000015258789,17.790000915527344,17.81999969482422,328000
2026-04-29 18:35:00+00:00,B3SA3.SA,17.809999465942383,17.8799991607666,17.799999237060547,17.809999465942383,386700
2026-04-29 18:40:00+00:00,B3SA3.SA,17.809999465942383,17.809999465942383,17.770000457763672,17.770000457763672,316400
2026-04-29 18:45:00+00:00,B3SA3.SA,17.770000457763672,17.81999969482422,17.760000228881836,17.809999465942383,326100
2026-04-29 18:50:00+00:00,B3SA3.SA,17.809999465942383,17.829999923706055,17.799999237060547,17.799999237060547,158300
2026-04-29 18:55:00+00:00,B3SA3.SA,17.799999237060547,17.850000381469727,17.799999237060547,17.850000381469727,242100
2026-04-29 19:00:00+00:00,B3SA3.SA,17.850000381469727,17.860000610351562,17.81999969482422,17.84000015258789,341000
2026-04-29 19:05:00+00:00,B3SA3.SA,17.829999923706055,17.84000015258789,17.81999969482422,17.829999923706055,237200
2026-04-29 19:10:00+00:00,B3SA3.SA,17.829999923706055,17.8700008392334,17.799999237060547,17.850000381469727,353400
2026-04-29 19:15:00+00:00,B3SA3.SA,17.850000381469727,17.8700008392334,17.829999923706055,17.8700008392334,268900
2026-04-29 19:20:00+00:00,B3SA3.SA,17.850000381469727,17.860000610351562,17.809999465942383,17.81999969482422,271300
2026-04-29 19:25:00+00:00,B3SA3.SA,17.829999923706055,17.8799991607666,17.81999969482422,17.84000015258789,389700
2026-04-29 19:30:00+00:00,B3SA3.SA,17.84000015258789,17.84000015258789,17.760000228881836,17.790000915527344,563500
2026-04-29 19:35:00+00:00,B3SA3.SA,17.790000915527344,17.809999465942383,17.760000228881836,17.780000686645508,672300
2026-04-29 19:40:00+00:00,B3SA3.SA,17.790000915527344,17.790000915527344,17.760000228881836,17.760000228881836,514000
2026-04-29 19:45:00+00:00,B3SA3.SA,17.770000457763672,17.809999465942383,17.739999771118164,17.770000457763672,805900
2026-04-29 19:50:00+00:00,B3SA3.SA,17.770000457763672,17.799999237060547,17.75,17.799999237060547,675800
2026-04-30 13:00:00+00:00,B3SA3.SA,18.1200008392334,18.15999984741211,17.959999084472656,18.100000381469727,0
2026-04-30 13:05:00+00:00,B3SA3.SA,18.100000381469727,18.139999389648438,18.059999465942383,18.100000381469727,364600
2026-04-30 13:10:00+00:00,B3SA3.SA,18.100000381469727,18.100000381469727,18.040000915527344,18.059999465942383,88000
2026-04-30 13:15:00+00:00,B3SA3.SA,18.059999465942383,18.190000534057617,18.059999465942383,18.190000534057617,256500
2026-04-30 13:20:00+00:00,B3SA3.SA,18.190000534057617,18.239999771118164,18.149999618530273,18.18000030517578,450800
2026-04-30 13:25:00+00:00,B3SA3.SA,18.190000534057617,18.219999313354492,18.18000030517578,18.200000762939453,140100
2026-04-30 13:30:00+00:00,B3SA3.SA,18.200000762939453,18.239999771118164,18.15999984741211,18.200000762939453,204700
2026-04-30 13:35:00+00:00,B3SA3.SA,18.190000534057617,18.229999542236328,18.190000534057617,18.200000762939453,151500
2026-04-30 13:40:00+00:00,B3SA3.SA,18.200000762939453,18.25,18.15999984741211,18.219999313354492,191100
2026-04-30 13:45:00+00:00,B3SA3.SA,18.219999313354492,18.239999771118164,18.200000762939453,18.229999542236328,235300
2026-04-30 13:50:00+00:00,B3SA3.SA,18.229999542236328,18.270000457763672,18.209999084472656,18.260000228881836,237100
2026-04-30 13:55:00+00:00,B3SA3.SA,18.25,18.260000228881836,18.209999084472656,18.229999542236328,222700
2026-04-30 14:00:00+00:00,B3SA3.SA,18.229999542236328,18.229999542236328,18.139999389648438,18.149999618530273,217000
2026-04-30 14:05:00+00:00,B3SA3.SA,18.149999618530273,18.18000030517578,18.09000015258789,18.1200008392334,226200
2026-04-30 14:10:00+00:00,B3SA3.SA,18.1200008392334,18.1299991607666,18.079999923706055,18.079999923706055,124300
2026-04-30 14:15:00+00:00,B3SA3.SA,18.079999923706055,18.149999618530273,18.06999969482422,18.110000610351562,253700
2026-04-30 14:20:00+00:00,B3SA3.SA,18.110000610351562,18.15999984741211,18.100000381469727,18.139999389648438,133300
2026-04-30 14:25:00+00:00,B3SA3.SA,18.139999389648438,18.170000076293945,18.110000610351562,18.1200008392334,324900
2026-04-30 14:30:00+00:00,B3SA3.SA,18.1200008392334,18.1200008392334,17.989999771118164,18.010000228881836,641300
2026-04-30 14:35:00+00:00,B3SA3.SA,18.020000457763672,18.030000686645508,17.8799991607666,17.90999984741211,608000
2026-04-30 14:40:00+00:00,B3SA3.SA,17.920000076293945,17.989999771118164,17.90999984741211,17.989999771118164,410200
2026-04-30 14:45:00+00:00,B3SA3.SA,17.989999771118164,18.059999465942383,17.979999542236328,18.030000686645508,414600
2026-04-30 14:50:00+00:00,B3SA3.SA,18.049999237060547,18.049999237060547,17.969999313354492,17.969999313354492,177800
2026-04-30 14:55:00+00:00,B3SA3.SA,17.969999313354492,18.030000686645508,17.959999084472656,18.0,298400
2026-04-30 15:00:00+00:00,B3SA3.SA,18.0,18.059999465942383,17.989999771118164,18.020000457763672,135800
2026-04-30 15:05:00+00:00,B3SA3.SA,18.010000228881836,18.06999969482422,17.959999084472656,18.06999969482422,320000
2026-04-30 15:10:00+00:00,B3SA3.SA,18.06999969482422,18.09000015258789,18.040000915527344,18.040000915527344,98700
2026-04-30 15:15:00+00:00,B3SA3.SA,18.040000915527344,18.06999969482422,18.030000686645508,18.049999237060547,117500
2026-04-30 15:20:00+00:00,B3SA3.SA,18.059999465942383,18.100000381469727,18.030000686645508,18.079999923706055,153100
2026-04-30 15:25:00+00:00,B3SA3.SA,18.079999923706055,18.1299991607666,18.06999969482422,18.079999923706055,241200
2026-04-30 15:30:00+00:00,B3SA3.SA,18.06999969482422,18.100000381469727,18.049999237060547,18.06999969482422,92400
2026-04-30 15:35:00+00:00,B3SA3.SA,18.06999969482422,18.079999923706055,18.040000915527344,18.059999465942383,124900
2026-04-30 15:40:00+00:00,B3SA3.SA,18.059999465942383,18.100000381469727,18.040000915527344,18.09000015258789,121100
2026-04-30 15:45:00+00:00,B3SA3.SA,18.09000015258789,18.09000015258789,18.040000915527344,18.06999969482422,116200
2026-04-30 15:50:00+00:00,B3SA3.SA,18.059999465942383,18.09000015258789,18.049999237060547,18.06999969482422,131800
2026-04-30 15:55:00+00:00,B3SA3.SA,18.06999969482422,18.100000381469727,18.059999465942383,18.06999969482422,128100
2026-04-30 16:00:00+00:00,B3SA3.SA,18.059999465942383,18.079999923706055,18.049999237060547,18.079999923706055,102100
2026-04-30 16:05:00+00:00,B3SA3.SA,18.06999969482422,18.079999923706055,18.049999237060547,18.06999969482422,89700
2026-04-30 16:10:00+00:00,B3SA3.SA,18.059999465942383,18.06999969482422,18.040000915527344,18.049999237060547,48300
2026-04-30 16:15:00+00:00,B3SA3.SA,18.049999237060547,18.06999969482422,18.030000686645508,18.049999237060547,141300
2026-04-30 16:20:00+00:00,B3SA3.SA,18.040000915527344,18.059999465942383,18.030000686645508,18.030000686645508,104700
2026-04-30 16:25:00+00:00,B3SA3.SA,18.030000686645508,18.059999465942383,18.010000228881836,18.059999465942383,118700
2026-04-30 16:30:00+00:00,B3SA3.SA,18.040000915527344,18.09000015258789,18.040000915527344,18.06999969482422,126500
2026-04-30 16:35:00+00:00,B3SA3.SA,18.06999969482422,18.100000381469727,18.059999465942383,18.079999923706055,157600
2026-04-30 16:40:00+00:00,B3SA3.SA,18.09000015258789,18.1200008392334,18.079999923706055,18.100000381469727,177200
2026-04-30 16:45:00+00:00,B3SA3.SA,18.079999923706055,18.1299991607666,18.059999465942383,18.1200008392334,369900
2026-04-30 16:50:00+00:00,B3SA3.SA,18.1200008392334,18.149999618530273,18.100000381469727,18.1299991607666,129500
2026-04-30 16:55:00+00:00,B3SA3.SA,18.1299991607666,18.1299991607666,18.09000015258789,18.09000015258789,135000
2026-04-30 17:00:00+00:00,B3SA3.SA,18.09000015258789,18.149999618530273,18.09000015258789,18.1299991607666,121100
2026-04-30 17:05:00+00:00,B3SA3.SA,18.1200008392334,18.139999389648438,18.1200008392334,18.1200008392334,55900
2026-04-30 17:10:00+00:00,B3SA3.SA,18.1200008392334,18.139999389648438,18.100000381469727,18.100000381469727,115900
2026-04-30 17:15:00+00:00,B3SA3.SA,18.100000381469727,18.1299991607666,18.079999923706055,18.110000610351562,195300
2026-04-30 17:20:00+00:00,B3SA3.SA,18.100000381469727,18.1200008392334,18.079999923706055,18.100000381469727,117000
2026-04-30 17:25:00+00:00,B3SA3.SA,18.100000381469727,18.110000610351562,18.079999923706055,18.079999923706055,121700
2026-04-30 17:30:00+00:00,B3SA3.SA,18.079999923706055,18.1299991607666,18.079999923706055,18.1200008392334,164800
2026-04-30 17:35:00+00:00,B3SA3.SA,18.1200008392334,18.15999984741211,18.1200008392334,18.139999389648438,150900
2026-04-30 17:40:00+00:00,B3SA3.SA,18.149999618530273,18.15999984741211,18.139999389648438,18.15999984741211,111600
2026-04-30 17:45:00+00:00,B3SA3.SA,18.149999618530273,18.15999984741211,18.139999389648438,18.139999389648438,116700
2026-04-30 17:50:00+00:00,B3SA3.SA,18.139999389648438,18.149999618530273,18.100000381469727,18.1200008392334,348000
2026-04-30 17:55:00+00:00,B3SA3.SA,18.1299991607666,18.1299991607666,18.059999465942383,18.079999923706055,247600
2026-04-30 18:00:00+00:00,B3SA3.SA,18.079999923706055,18.110000610351562,18.079999923706055,18.079999923706055,291700
2026-04-30 18:05:00+00:00,B3SA3.SA,18.079999923706055,18.09000015258789,18.06999969482422,18.079999923706055,111500
2026-04-30 18:10:00+00:00,B3SA3.SA,18.079999923706055,18.09000015258789,18.030000686645508,18.049999237060547,400700
2026-04-30 18:15:00+00:00,B3SA3.SA,18.049999237060547,18.09000015258789,18.049999237060547,18.09000015258789,175400
2026-04-30 18:20:00+00:00,B3SA3.SA,18.079999923706055,18.09000015258789,18.059999465942383,18.079999923706055,581900
2026-04-30 18:25:00+00:00,B3SA3.SA,18.079999923706055,18.1200008392334,18.059999465942383,18.059999465942383,194900
2026-04-30 18:30:00+00:00,B3SA3.SA,18.059999465942383,18.09000015258789,18.059999465942383,18.079999923706055,134500
2026-04-30 18:35:00+00:00,B3SA3.SA,18.06999969482422,18.09000015258789,18.06999969482422,18.09000015258789,83700
2026-04-30 18:40:00+00:00,B3SA3.SA,18.079999923706055,18.09000015258789,18.079999923706055,18.079999923706055,70000
2026-04-30 18:45:00+00:00,B3SA3.SA,18.079999923706055,18.110000610351562,18.079999923706055,18.09000015258789,379300
2026-04-30 18:50:00+00:00,B3SA3.SA,18.100000381469727,18.100000381469727,18.079999923706055,18.079999923706055,109400
2026-04-30 18:55:00+00:00,B3SA3.SA,18.079999923706055,18.09000015258789,18.059999465942383,18.06999969482422,108800
2026-04-30 19:00:00+00:00,B3SA3.SA,18.06999969482422,18.100000381469727,18.06999969482422,18.09000015258789,81800
2026-04-30 19:05:00+00:00,B3SA3.SA,18.09000015258789,18.09000015258789,18.059999465942383,18.06999969482422,441800
2026-04-30 19:10:00+00:00,B3SA3.SA,18.06999969482422,18.100000381469727,18.049999237060547,18.09000015258789,640100
2026-04-30 19:15:00+00:00,B3SA3.SA,18.09000015258789,18.09000015258789,18.06999969482422,18.06999969482422,82300
2026-04-30 19:20:00+00:00,B3SA3.SA,18.06999969482422,18.100000381469727,18.059999465942383,18.079999923706055,213600
2026-04-30 19:25:00+00:00,B3SA3.SA,18.079999923706055,18.100000381469727,18.079999923706055,18.079999923706055,134800
2026-04-30 19:30:00+00:00,B3SA3.SA,18.079999923706055,18.09000015258789,18.06999969482422,18.06999969482422,271300
2026-04-30 19:35:00+00:00,B3SA3.SA,18.079999923706055,18.079999923706055,18.049999237060547,18.06999969482422,105400
2026-04-30 19:40:00+00:00,B3SA3.SA,18.06999969482422,18.079999923706055,18.059999465942383,18.079999923706055,145800
2026-04-30 19:45:00+00:00,B3SA3.SA,18.06999969482422,18.09000015258789,18.059999465942383,18.06999969482422,435200
2026-05-04 13:05:00+00:00,B3SA3.SA,17.989999771118164,18.1200008392334,17.950000762939453,18.040000915527344,321400
2026-05-04 13:10:00+00:00,B3SA3.SA,18.049999237060547,18.1299991607666,18.040000915527344,18.1200008392334,285300
2026-05-04 13:15:00+00:00,B3SA3.SA,18.110000610351562,18.110000610351562,18.030000686645508,18.030000686645508,382900
2026-05-04 13:20:00+00:00,B3SA3.SA,18.030000686645508,18.049999237060547,17.979999542236328,18.020000457763672,800700
2026-05-04 13:25:00+00:00,B3SA3.SA,18.040000915527344,18.059999465942383,18.0,18.040000915527344,349200
2026-05-04 13:30:00+00:00,B3SA3.SA,18.049999237060547,18.1200008392334,18.0,18.110000610351562,441900
2026-05-04 13:35:00+00:00,B3SA3.SA,18.110000610351562,18.18000030517578,18.06999969482422,18.149999618530273,1373500
2026-05-04 13:40:00+00:00,B3SA3.SA,18.149999618530273,18.18000030517578,18.1299991607666,18.1299991607666,255400
2026-05-04 13:45:00+00:00,B3SA3.SA,18.139999389648438,18.219999313354492,18.139999389648438,18.15999984741211,313600
2026-05-04 13:50:00+00:00,B3SA3.SA,18.15999984741211,18.18000030517578,18.110000610351562,18.139999389648438,629000
2026-05-04 13:55:00+00:00,B3SA3.SA,18.149999618530273,18.149999618530273,18.06999969482422,18.079999923706055,475500
2026-05-04 14:00:00+00:00,B3SA3.SA,18.079999923706055,18.1200008392334,18.079999923706055,18.100000381469727,1111100
2026-05-04 14:05:00+00:00,B3SA3.SA,18.110000610351562,18.1200008392334,18.06999969482422,18.079999923706055,559200
2026-05-04 14:10:00+00:00,B3SA3.SA,18.079999923706055,18.100000381469727,18.030000686645508,18.06999969482422,1429100
2026-05-04 14:15:00+00:00,B3SA3.SA,18.079999923706055,18.149999618530273,18.06999969482422,18.149999618530273,932200
2026-05-04 14:20:00+00:00,B3SA3.SA,18.149999618530273,18.18000030517578,18.1299991607666,18.18000030517578,155400
2026-05-04 14:25:00+00:00,B3SA3.SA,18.18000030517578,18.209999084472656,18.15999984741211,18.170000076293945,158300
2026-05-04 14:30:00+00:00,B3SA3.SA,18.15999984741211,18.190000534057617,18.149999618530273,18.15999984741211,387000
2026-05-04 14:35:00+00:00,B3SA3.SA,18.149999618530273,18.190000534057617,18.139999389648438,18.18000030517578,178700
2026-05-04 14:40:00+00:00,B3SA3.SA,18.18000030517578,18.18000030517578,18.139999389648438,18.139999389648438,56400
2026-05-04 14:45:00+00:00,B3SA3.SA,18.139999389648438,18.149999618530273,18.09000015258789,18.1200008392334,299300
2026-05-04 14:50:00+00:00,B3SA3.SA,18.110000610351562,18.1200008392334,18.09000015258789,18.100000381469727,1660700
2026-05-04 14:55:00+00:00,B3SA3.SA,18.110000610351562,18.1200008392334,18.059999465942383,18.06999969482422,830200
2026-05-04 15:00:00+00:00,B3SA3.SA,18.06999969482422,18.079999923706055,18.0,18.040000915527344,431000
2026-05-04 15:05:00+00:00,B3SA3.SA,18.030000686645508,18.110000610351562,18.020000457763672,18.110000610351562,212000
2026-05-04 15:10:00+00:00,B3SA3.SA,18.100000381469727,18.1299991607666,18.09000015258789,18.1200008392334,82500
2026-05-04 15:15:00+00:00,B3SA3.SA,18.1200008392334,18.139999389648438,18.030000686645508,18.040000915527344,131500
2026-05-04 15:20:00+00:00,B3SA3.SA,18.040000915527344,18.059999465942383,17.950000762939453,17.959999084472656,638000
2026-05-04 15:25:00+00:00,B3SA3.SA,17.969999313354492,18.030000686645508,17.959999084472656,18.020000457763672,155900
2026-05-04 15:30:00+00:00,B3SA3.SA,18.010000228881836,18.020000457763672,17.969999313354492,17.979999542236328,276900
2026-05-04 15:35:00+00:00,B3SA3.SA,17.969999313354492,18.010000228881836,17.959999084472656,17.959999084472656,134400
2026-05-04 15:40:00+00:00,B3SA3.SA,17.959999084472656,17.969999313354492,17.899999618530273,17.940000534057617,216400
2026-05-04 15:45:00+00:00,B3SA3.SA,17.93000030517578,17.93000030517578,17.860000610351562,17.8700008392334,151100
2026-05-04 15:50:00+00:00,B3SA3.SA,17.8700008392334,17.920000076293945,17.850000381469727,17.920000076293945,169600
2026-05-04 15:55:00+00:00,B3SA3.SA,17.90999984741211,17.93000030517578,17.889999389648438,17.90999984741211,187500
2026-05-04 16:00:00+00:00,B3SA3.SA,17.899999618530273,17.90999984741211,17.8700008392334,17.899999618530273,194000
2026-05-04 16:05:00+00:00,B3SA3.SA,17.899999618530273,17.899999618530273,17.790000915527344,17.84000015258789,238100
2026-05-04 16:10:00+00:00,B3SA3.SA,17.829999923706055,17.84000015258789,17.799999237060547,17.81999969482422,169800
2026-05-04 16:15:00+00:00,B3SA3.SA,17.809999465942383,17.889999389648438,17.790000915527344,17.860000610351562,219700
2026-05-04 16:20:00+00:00,B3SA3.SA,17.860000610351562,17.899999618530273,17.84000015258789,17.84000015258789,381200
2026-05-04 16:25:00+00:00,B3SA3.SA,17.850000381469727,17.850000381469727,17.809999465942383,17.81999969482422,143400
2026-05-04 16:30:00+00:00,B3SA3.SA,17.81999969482422,17.829999923706055,17.799999237060547,17.81999969482422,294300
2026-05-04 16:35:00+00:00,B3SA3.SA,17.81999969482422,17.829999923706055,17.770000457763672,17.799999237060547,286700
2026-05-04 16:40:00+00:00,B3SA3.SA,17.799999237060547,17.809999465942383,17.760000228881836,17.760000228881836,277100
2026-05-04 16:45:00+00:00,B3SA3.SA,17.770000457763672,17.799999237060547,17.760000228881836,17.790000915527344,292100
2026-05-04 16:50:00+00:00,B3SA3.SA,17.790000915527344,17.790000915527344,17.729999542236328,17.75,377000
2026-05-04 16:55:00+00:00,B3SA3.SA,17.760000228881836,17.760000228881836,17.729999542236328,17.75,276400
2026-05-04 17:00:00+00:00,B3SA3.SA,17.75,17.799999237060547,17.729999542236328,17.780000686645508,547900
2026-05-04 17:05:00+00:00,B3SA3.SA,17.770000457763672,17.799999237060547,17.770000457763672,17.799999237060547,313100
2026-05-04 17:10:00+00:00,B3SA3.SA,17.790000915527344,17.809999465942383,17.780000686645508,17.790000915527344,245300
2026-05-04 17:15:00+00:00,B3SA3.SA,17.790000915527344,17.850000381469727,17.770000457763672,17.81999969482422,407900
2026-05-04 17:20:00+00:00,B3SA3.SA,17.81999969482422,17.84000015258789,17.799999237060547,17.809999465942383,245700
2026-05-04 17:25:00+00:00,B3SA3.SA,17.809999465942383,17.84000015258789,17.790000915527344,17.829999923706055,321200
2026-05-04 17:30:00+00:00,B3SA3.SA,17.829999923706055,17.829999923706055,17.780000686645508,17.780000686645508,242200
2026-05-04 17:35:00+00:00,B3SA3.SA,17.780000686645508,17.799999237060547,17.760000228881836,17.760000228881836,209100
2026-05-04 17:40:00+00:00,B3SA3.SA,17.760000228881836,17.780000686645508,17.739999771118164,17.780000686645508,136500
2026-05-04 17:45:00+00:00,B3SA3.SA,17.780000686645508,17.790000915527344,17.739999771118164,17.780000686645508,114700
2026-05-04 17:50:00+00:00,B3SA3.SA,17.780000686645508,17.799999237060547,17.780000686645508,17.790000915527344,114400
2026-05-04 17:55:00+00:00,B3SA3.SA,17.799999237060547,17.81999969482422,17.780000686645508,17.809999465942383,145600
2026-05-04 18:00:00+00:00,B3SA3.SA,17.799999237060547,17.829999923706055,17.780000686645508,17.81999969482422,163800
2026-05-04 18:05:00+00:00,B3SA3.SA,17.81999969482422,17.84000015258789,17.809999465942383,17.84000015258789,93900
2026-05-04 18:10:00+00:00,B3SA3.SA,17.829999923706055,17.84000015258789,17.790000915527344,17.809999465942383,92800
2026-05-04 18:15:00+00:00,B3SA3.SA,17.799999237060547,17.809999465942383,17.770000457763672,17.780000686645508,129200
2026-05-04 18:20:00+00:00,B3SA3.SA,17.799999237060547,17.809999465942383,17.770000457763672,17.799999237060547,195700
2026-05-04 18:25:00+00:00,B3SA3.SA,17.799999237060547,17.809999465942383,17.760000228881836,17.809999465942383,117300
2026-05-04 18:30:00+00:00,B3SA3.SA,17.809999465942383,17.809999465942383,17.780000686645508,17.799999237060547,137200
2026-05-04 18:35:00+00:00,B3SA3.SA,17.790000915527344,17.84000015258789,17.770000457763672,17.829999923706055,156300
2026-05-04 18:40:00+00:00,B3SA3.SA,17.829999923706055,17.850000381469727,17.809999465942383,17.81999969482422,160200
2026-05-04 18:45:00+00:00,B3SA3.SA,17.81999969482422,17.81999969482422,17.799999237060547,17.809999465942383,148300
2026-05-04 18:50:00+00:00,B3SA3.SA,17.809999465942383,17.81999969482422,17.809999465942383,17.81999969482422,199200
2026-05-04 18:55:00+00:00,B3SA3.SA,17.81999969482422,17.84000015258789,17.809999465942383,17.829999923706055,140700
2026-05-04 19:00:00+00:00,B3SA3.SA,17.84000015258789,17.850000381469727,17.81999969482422,17.81999969482422,215900
2026-05-04 19:05:00+00:00,B3SA3.SA,17.829999923706055,17.90999984741211,17.809999465942383,17.899999618530273,459400
2026-05-04 19:10:00+00:00,B3SA3.SA,17.899999618530273,17.899999618530273,17.850000381469727,17.860000610351562,102400
2026-05-04 19:15:00+00:00,B3SA3.SA,17.850000381469727,17.8700008392334,17.84000015258789,17.860000610351562,122900
2026-05-04 19:20:00+00:00,B3SA3.SA,17.860000610351562,17.93000030517578,17.84000015258789,17.90999984741211,304600
2026-05-04 19:25:00+00:00,B3SA3.SA,17.90999984741211,17.90999984741211,17.860000610351562,17.8700008392334,176300
2026-05-04 19:30:00+00:00,B3SA3.SA,17.8700008392334,17.8799991607666,17.81999969482422,17.829999923706055,241800
2026-05-04 19:35:00+00:00,B3SA3.SA,17.829999923706055,17.8799991607666,17.809999465942383,17.860000610351562,202100
2026-05-04 19:40:00+00:00,B3SA3.SA,17.860000610351562,17.8700008392334,17.829999923706055,17.850000381469727,248500
2026-05-04 19:45:00+00:00,B3SA3.SA,17.850000381469727,17.860000610351562,17.829999923706055,17.860000610351562,251900
2026-05-04 19:50:00+00:00,B3SA3.SA,17.850000381469727,17.8700008392334,17.829999923706055,17.8700008392334,298200
2026-05-05 13:05:00+00:00,B3SA3.SA,17.920000076293945,18.0,17.899999618530273,17.950000762939453,1938600
2026-05-05 13:10:00+00:00,B3SA3.SA,17.959999084472656,18.059999465942383,17.940000534057617,17.969999313354492,205100
2026-05-05 13:15:00+00:00,B3SA3.SA,17.969999313354492,18.040000915527344,17.969999313354492,17.989999771118164,134700
2026-05-05 13:20:00+00:00,B3SA3.SA,17.989999771118164,18.040000915527344,17.969999313354492,17.979999542236328,127100
2026-05-05 13:25:00+00:00,B3SA3.SA,17.989999771118164,18.020000457763672,17.959999084472656,17.969999313354492,162200
2026-05-05 13:30:00+00:00,B3SA3.SA,17.969999313354492,17.969999313354492,17.84000015258789,17.8700008392334,227900
2026-05-05 13:35:00+00:00,B3SA3.SA,17.8700008392334,17.8700008392334,17.780000686645508,17.790000915527344,224900
2026-05-05 13:40:00+00:00,B3SA3.SA,17.780000686645508,17.850000381469727,17.770000457763672,17.81999969482422,149800
2026-05-05 13:45:00+00:00,B3SA3.SA,17.829999923706055,17.8700008392334,17.81999969482422,17.850000381469727,294400
2026-05-05 13:50:00+00:00,B3SA3.SA,17.850000381469727,17.8700008392334,17.809999465942383,17.81999969482422,325900
2026-05-05 13:55:00+00:00,B3SA3.SA,17.81999969482422,17.850000381469727,17.809999465942383,17.84000015258789,132900
2026-05-05 14:00:00+00:00,B3SA3.SA,17.829999923706055,17.90999984741211,17.829999923706055,17.8799991607666,786300
2026-05-05 14:05:00+00:00,B3SA3.SA,17.8799991607666,17.889999389648438,17.860000610351562,17.8799991607666,154400
2026-05-05 14:10:00+00:00,B3SA3.SA,17.8700008392334,17.8799991607666,17.770000457763672,17.790000915527344,266500
2026-05-05 14:15:00+00:00,B3SA3.SA,17.780000686645508,17.799999237060547,17.729999542236328,17.760000228881836,175300
2026-05-05 14:20:00+00:00,B3SA3.SA,17.760000228881836,17.81999969482422,17.739999771118164,17.81999969482422,131400
2026-05-05 14:25:00+00:00,B3SA3.SA,17.81999969482422,17.829999923706055,17.790000915527344,17.809999465942383,98300
2026-05-05 14:30:00+00:00,B3SA3.SA,17.81999969482422,17.8799991607666,17.809999465942383,17.8799991607666,411300
2026-05-05 14:35:00+00:00,B3SA3.SA,17.8799991607666,17.920000076293945,17.84000015258789,17.8700008392334,431100
2026-05-05 14:40:00+00:00,B3SA3.SA,17.860000610351562,17.940000534057617,17.860000610351562,17.920000076293945,183500
2026-05-05 14:45:00+00:00,B3SA3.SA,17.920000076293945,17.93000030517578,17.889999389648438,17.90999984741211,184100
2026-05-05 14:50:00+00:00,B3SA3.SA,17.899999618530273,17.920000076293945,17.889999389648438,17.899999618530273,111300
2026-05-05 14:55:00+00:00,B3SA3.SA,17.899999618530273,17.93000030517578,17.889999389648438,17.90999984741211,82800
2026-05-05 15:00:00+00:00,B3SA3.SA,17.920000076293945,17.950000762939453,17.90999984741211,17.920000076293945,142300
2026-05-05 15:05:00+00:00,B3SA3.SA,17.93000030517578,17.93000030517578,17.860000610351562,17.860000610351562,126300
2026-05-05 15:10:00+00:00,B3SA3.SA,17.850000381469727,17.899999618530273,17.850000381469727,17.899999618530273,138200
2026-05-05 15:15:00+00:00,B3SA3.SA,17.899999618530273,17.950000762939453,17.899999618530273,17.93000030517578,471500
2026-05-05 15:20:00+00:00,B3SA3.SA,17.93000030517578,17.969999313354492,17.90999984741211,17.940000534057617,162100
2026-05-05 15:25:00+00:00,B3SA3.SA,17.940000534057617,17.969999313354492,17.940000534057617,17.959999084472656,86100
2026-05-05 15:30:00+00:00,B3SA3.SA,17.969999313354492,17.989999771118164,17.899999618530273,17.920000076293945,256500
2026-05-05 15:35:00+00:00,B3SA3.SA,17.920000076293945,17.989999771118164,17.920000076293945,17.989999771118164,604500
2026-05-05 15:40:00+00:00,B3SA3.SA,17.979999542236328,18.020000457763672,17.979999542236328,18.0,91100
2026-05-05 15:45:00+00:00,B3SA3.SA,18.010000228881836,18.020000457763672,18.0,18.0,52900
2026-05-05 15:50:00+00:00,B3SA3.SA,18.010000228881836,18.020000457763672,17.979999542236328,17.979999542236328,116600
2026-05-05 15:55:00+00:00,B3SA3.SA,17.979999542236328,18.0,17.979999542236328,17.989999771118164,39000
2026-05-05 16:00:00+00:00,B3SA3.SA,17.989999771118164,18.0,17.979999542236328,17.989999771118164,76500
2026-05-05 16:05:00+00:00,B3SA3.SA,17.979999542236328,18.010000228881836,17.969999313354492,18.010000228881836,117200
2026-05-05 16:10:00+00:00,B3SA3.SA,18.010000228881836,18.020000457763672,17.979999542236328,17.979999542236328,191700
2026-05-05 16:15:00+00:00,B3SA3.SA,17.979999542236328,18.010000228881836,17.969999313354492,18.0,129600
2026-05-05 16:20:00+00:00,B3SA3.SA,18.0,18.020000457763672,17.950000762939453,17.959999084472656,233000
2026-05-05 16:25:00+00:00,B3SA3.SA,17.959999084472656,17.969999313354492,17.940000534057617,17.940000534057617,64700
2026-05-05 16:30:00+00:00,B3SA3.SA,17.950000762939453,17.959999084472656,17.93000030517578,17.93000030517578,82700
2026-05-05 16:35:00+00:00,B3SA3.SA,17.93000030517578,17.989999771118164,17.93000030517578,17.969999313354492,105900
2026-05-05 16:40:00+00:00,B3SA3.SA,17.959999084472656,17.979999542236328,17.93000030517578,17.93000030517578,95600
2026-05-05 16:45:00+00:00,B3SA3.SA,17.940000534057617,17.959999084472656,17.920000076293945,17.950000762939453,60300
2026-05-05 16:50:00+00:00,B3SA3.SA,17.950000762939453,17.950000762939453,17.920000076293945,17.93000030517578,140300
2026-05-05 16:55:00+00:00,B3SA3.SA,17.920000076293945,17.93000030517578,17.889999389648438,17.90999984741211,90700
2026-05-05 17:00:00+00:00,B3SA3.SA,17.899999618530273,17.93000030517578,17.889999389648438,17.920000076293945,61200
2026-05-05 17:05:00+00:00,B3SA3.SA,17.90999984741211,17.93000030517578,17.889999389648438,17.889999389648438,112600
2026-05-05 17:10:00+00:00,B3SA3.SA,17.889999389648438,17.90999984741211,17.8799991607666,17.90999984741211,63800
2026-05-05 17:15:00+00:00,B3SA3.SA,17.90999984741211,17.93000030517578,17.899999618530273,17.920000076293945,138500
2026-05-05 17:20:00+00:00,B3SA3.SA,17.920000076293945,17.920000076293945,17.889999389648438,17.889999389648438,91600
2026-05-05 17:25:00+00:00,B3SA3.SA,17.899999618530273,17.90999984741211,17.889999389648438,17.889999389648438,78300
2026-05-05 17:30:00+00:00,B3SA3.SA,17.899999618530273,17.90999984741211,17.8799991607666,17.899999618530273,65900
2026-05-05 17:35:00+00:00,B3SA3.SA,17.899999618530273,17.920000076293945,17.889999389648438,17.920000076293945,380400
2026-05-05 17:40:00+00:00,B3SA3.SA,17.90999984741211,17.959999084472656,17.90999984741211,17.950000762939453,118900
2026-05-05 17:45:00+00:00,B3SA3.SA,17.959999084472656,17.969999313354492,17.93000030517578,17.959999084472656,133200
2026-05-05 17:50:00+00:00,B3SA3.SA,17.950000762939453,17.969999313354492,17.940000534057617,17.950000762939453,98500
2026-05-05 17:55:00+00:00,B3SA3.SA,17.950000762939453,17.959999084472656,17.93000030517578,17.950000762939453,86200
2026-05-05 18:00:00+00:00,B3SA3.SA,17.940000534057617,17.969999313354492,17.920000076293945,17.940000534057617,246800
2026-05-05 18:05:00+00:00,B3SA3.SA,17.940000534057617,18.0,17.940000534057617,17.989999771118164,226800
2026-05-05 18:10:00+00:00,B3SA3.SA,17.989999771118164,18.030000686645508,17.979999542236328,17.989999771118164,161000
2026-05-05 18:15:00+00:00,B3SA3.SA,18.0,18.030000686645508,17.989999771118164,18.030000686645508,275400
2026-05-05 18:20:00+00:00,B3SA3.SA,18.030000686645508,18.049999237060547,18.030000686645508,18.040000915527344,113000
2026-05-05 18:25:00+00:00,B3SA3.SA,18.040000915527344,18.049999237060547,18.0,18.010000228881836,158100
2026-05-05 18:30:00+00:00,B3SA3.SA,18.010000228881836,18.030000686645508,18.0,18.0,101200
2026-05-05 18:35:00+00:00,B3SA3.SA,18.010000228881836,18.010000228881836,17.979999542236328,18.0,110700
2026-05-05 18:40:00+00:00,B3SA3.SA,17.989999771118164,18.020000457763672,17.979999542236328,18.020000457763672,145000
2026-05-05 18:45:00+00:00,B3SA3.SA,18.020000457763672,18.020000457763672,18.0,18.010000228881836,138100
2026-05-05 18:50:00+00:00,B3SA3.SA,18.010000228881836,18.020000457763672,17.989999771118164,18.010000228881836,164100
2026-05-05 18:55:00+00:00,B3SA3.SA,18.0,18.020000457763672,18.0,18.010000228881836,78400
2026-05-05 19:00:00+00:00,B3SA3.SA,18.010000228881836,18.020000457763672,18.0,18.0,110000
2026-05-05 19:05:00+00:00,B3SA3.SA,18.0,18.010000228881836,17.989999771118164,17.989999771118164,128000
2026-05-05 19:10:00+00:00,B3SA3.SA,17.989999771118164,18.0,17.969999313354492,17.989999771118164,129200
2026-05-05 19:15:00+00:00,B3SA3.SA,17.979999542236328,18.010000228881836,17.979999542236328,18.0,130200
2026-05-05 19:20:00+00:00,B3SA3.SA,18.0,18.020000457763672,17.989999771118164,17.989999771118164,183200
2026-05-05 19:25:00+00:00,B3SA3.SA,18.0,18.020000457763672,17.989999771118164,18.020000457763672,283200
2026-05-05 19:30:00+00:00,B3SA3.SA,18.020000457763672,18.020000457763672,17.979999542236328,17.989999771118164,281200
2026-05-05 19:35:00+00:00,B3SA3.SA,17.989999771118164,18.010000228881836,17.969999313354492,18.010000228881836,342900
2026-05-05 19:40:00+00:00,B3SA3.SA,18.010000228881836,18.020000457763672,17.959999084472656,17.969999313354492,406400
2026-05-05 19:45:00+00:00,B3SA3.SA,17.969999313354492,18.0,17.959999084472656,17.989999771118164,367200
2026-05-05 19:50:00+00:00,B3SA3.SA,17.979999542236328,17.989999771118164,17.950000762939453,17.950000762939453,469400
2026-05-06 13:05:00+00:00,B3SA3.SA,18.3700008392334,18.520000457763672,18.3700008392334,18.420000076293945,0
2026-05-06 13:10:00+00:00,B3SA3.SA,18.440000534057617,18.5,18.399999618530273,18.5,656600
2026-05-06 13:15:00+00:00,B3SA3.SA,18.489999771118164,18.559999465942383,18.459999084472656,18.5,402300
2026-05-06 13:20:00+00:00,B3SA3.SA,18.5,18.579999923706055,18.459999084472656,18.549999237060547,367100
2026-05-06 13:25:00+00:00,B3SA3.SA,18.559999465942383,18.59000015258789,18.530000686645508,18.530000686645508,484600
2026-05-06 13:30:00+00:00,B3SA3.SA,18.530000686645508,18.540000915527344,18.34000015258789,18.3799991607666,751100
2026-05-06 13:35:00+00:00,B3SA3.SA,18.389999389648438,18.469999313354492,18.34000015258789,18.450000762939453,282100
2026-05-06 13:40:00+00:00,B3SA3.SA,18.450000762939453,18.510000228881836,18.440000534057617,18.469999313354492,803000
2026-05-06 13:45:00+00:00,B3SA3.SA,18.469999313354492,18.540000915527344,18.459999084472656,18.510000228881836,6728100
2026-05-06 13:50:00+00:00,B3SA3.SA,18.5,18.5,18.420000076293945,18.489999771118164,205300
2026-05-06 13:55:00+00:00,B3SA3.SA,18.469999313354492,18.489999771118164,18.350000381469727,18.3700008392334,595000
2026-05-06 14:00:00+00:00,B3SA3.SA,18.3700008392334,18.3700008392334,18.260000228881836,18.260000228881836,328100
2026-05-06 14:05:00+00:00,B3SA3.SA,18.270000457763672,18.309999465942383,18.239999771118164,18.299999237060547,199400
2026-05-06 14:10:00+00:00,B3SA3.SA,18.299999237060547,18.299999237060547,18.25,18.299999237060547,35800
2026-05-06 14:15:00+00:00,B3SA3.SA,18.309999465942383,18.309999465942383,18.239999771118164,18.25,226300
2026-05-06 14:20:00+00:00,B3SA3.SA,18.25,18.260000228881836,18.1299991607666,18.190000534057617,366500
2026-05-06 14:25:00+00:00,B3SA3.SA,18.200000762939453,18.290000915527344,18.190000534057617,18.260000228881836,123700
2026-05-06 14:30:00+00:00,B3SA3.SA,18.25,18.299999237060547,18.229999542236328,18.299999237060547,68500
2026-05-06 14:35:00+00:00,B3SA3.SA,18.299999237060547,18.31999969482422,18.280000686645508,18.309999465942383,613000
2026-05-06 14:40:00+00:00,B3SA3.SA,18.309999465942383,18.3700008392334,18.290000915527344,18.34000015258789,1890500
2026-05-06 14:45:00+00:00,B3SA3.SA,18.34000015258789,18.360000610351562,18.299999237060547,18.329999923706055,534000
2026-05-06 14:50:00+00:00,B3SA3.SA,18.31999969482422,18.329999923706055,18.260000228881836,18.270000457763672,137500
2026-05-06 14:55:00+00:00,B3SA3.SA,18.260000228881836,18.299999237060547,18.260000228881836,18.299999237060547,76800
2026-05-06 15:00:00+00:00,B3SA3.SA,18.290000915527344,18.299999237060547,18.260000228881836,18.299999237060547,213800
2026-05-06 15:05:00+00:00,B3SA3.SA,18.299999237060547,18.299999237060547,18.260000228881836,18.290000915527344,96500
2026-05-06 15:10:00+00:00,B3SA3.SA,18.280000686645508,18.31999969482422,18.280000686645508,18.31999969482422,90600
2026-05-06 15:15:00+00:00,B3SA3.SA,18.309999465942383,18.350000381469727,18.309999465942383,18.34000015258789,114500
2026-05-06 15:20:00+00:00,B3SA3.SA,18.329999923706055,18.350000381469727,18.31999969482422,18.350000381469727,235000
2026-05-06 15:25:00+00:00,B3SA3.SA,18.34000015258789,18.350000381469727,18.299999237060547,18.299999237060547,128600
2026-05-06 15:30:00+00:00,B3SA3.SA,18.299999237060547,18.350000381469727,18.299999237060547,18.350000381469727,191200
2026-05-06 15:35:00+00:00,B3SA3.SA,18.34000015258789,18.350000381469727,18.329999923706055,18.34000015258789,691500
2026-05-06 15:40:00+00:00,B3SA3.SA,18.34000015258789,18.360000610351562,18.329999923706055,18.360000610351562,183600
2026-05-06 15:45:00+00:00,B3SA3.SA,18.350000381469727,18.360000610351562,18.34000015258789,18.360000610351562,197700
2026-05-06 15:50:00+00:00,B3SA3.SA,18.350000381469727,18.3799991607666,18.34000015258789,18.360000610351562,165200
2026-05-06 15:55:00+00:00,B3SA3.SA,18.360000610351562,18.3700008392334,18.360000610351562,18.3700008392334,99900
2026-05-06 16:00:00+00:00,B3SA3.SA,18.3700008392334,18.399999618530273,18.34000015258789,18.389999389648438,324300
2026-05-06 16:05:00+00:00,B3SA3.SA,18.389999389648438,18.399999618530273,18.3799991607666,18.399999618530273,223200
2026-05-06 16:10:00+00:00,B3SA3.SA,18.399999618530273,18.43000030517578,18.389999389648438,18.420000076293945,662500
2026-05-06 16:15:00+00:00,B3SA3.SA,18.40999984741211,18.450000762939453,18.40999984741211,18.450000762939453,238500
2026-05-06 16:20:00+00:00,B3SA3.SA,18.450000762939453,18.479999542236328,18.420000076293945,18.459999084472656,884300
2026-05-06 16:25:00+00:00,B3SA3.SA,18.459999084472656,18.459999084472656,18.40999984741211,18.440000534057617,152700
2026-05-06 16:30:00+00:00,B3SA3.SA,18.43000030517578,18.450000762939453,18.40999984741211,18.40999984741211,137100
2026-05-06 16:35:00+00:00,B3SA3.SA,18.420000076293945,18.459999084472656,18.40999984741211,18.450000762939453,94200
2026-05-06 16:40:00+00:00,B3SA3.SA,18.440000534057617,18.440000534057617,18.40999984741211,18.420000076293945,195500
2026-05-06 16:45:00+00:00,B3SA3.SA,18.40999984741211,18.420000076293945,18.389999389648438,18.40999984741211,182400
2026-05-06 16:50:00+00:00,B3SA3.SA,18.420000076293945,18.43000030517578,18.360000610351562,18.3700008392334,259600
2026-05-06 16:55:00+00:00,B3SA3.SA,18.3799991607666,18.399999618530273,18.34000015258789,18.350000381469727,346300
2026-05-06 17:00:00+00:00,B3SA3.SA,18.350000381469727,18.43000030517578,18.350000381469727,18.43000030517578,65300
2026-05-06 17:05:00+00:00,B3SA3.SA,18.43000030517578,18.450000762939453,18.420000076293945,18.440000534057617,204800
2026-05-06 17:10:00+00:00,B3SA3.SA,18.440000534057617,18.440000534057617,18.399999618530273,18.43000030517578,150600
2026-05-06 17:15:00+00:00,B3SA3.SA,18.43000030517578,18.43000030517578,18.3799991607666,18.399999618530273,369900
2026-05-06 17:20:00+00:00,B3SA3.SA,18.399999618530273,18.43000030517578,18.389999389648438,18.40999984741211,193800
2026-05-06 17:25:00+00:00,B3SA3.SA,18.40999984741211,18.420000076293945,18.389999389648438,18.40999984741211,130000
2026-05-06 17:30:00+00:00,B3SA3.SA,18.40999984741211,18.40999984741211,18.3799991607666,18.389999389648438,127100
2026-05-06 17:35:00+00:00,B3SA3.SA,18.389999389648438,18.389999389648438,18.360000610351562,18.3799991607666,102900
2026-05-06 17:40:00+00:00,B3SA3.SA,18.3799991607666,18.399999618530273,18.360000610351562,18.399999618530273,133400
2026-05-06 17:45:00+00:00,B3SA3.SA,18.399999618530273,18.399999618530273,18.34000015258789,18.360000610351562,242400
2026-05-06 17:50:00+00:00,B3SA3.SA,18.360000610351562,18.3799991607666,18.350000381469727,18.3799991607666,131800
2026-05-06 17:55:00+00:00,B3SA3.SA,18.3799991607666,18.389999389648438,18.350000381469727,18.3700008392334,252100
2026-05-06 18:00:00+00:00,B3SA3.SA,18.3700008392334,18.3799991607666,18.350000381469727,18.3700008392334,187000
2026-05-06 18:05:00+00:00,B3SA3.SA,18.360000610351562,18.389999389648438,18.360000610351562,18.3799991607666,104500
2026-05-06 18:10:00+00:00,B3SA3.SA,18.389999389648438,18.389999389648438,18.350000381469727,18.360000610351562,260200
2026-05-06 18:15:00+00:00,B3SA3.SA,18.360000610351562,18.3799991607666,18.34000015258789,18.3700008392334,135100
2026-05-06 18:20:00+00:00,B3SA3.SA,18.360000610351562,18.3799991607666,18.350000381469727,18.360000610351562,185300
2026-05-06 18:25:00+00:00,B3SA3.SA,18.350000381469727,18.3799991607666,18.34000015258789,18.3700008392334,121500
2026-05-06 18:30:00+00:00,B3SA3.SA,18.3700008392334,18.3799991607666,18.350000381469727,18.3700008392334,231000
2026-05-06 18:35:00+00:00,B3SA3.SA,18.3799991607666,18.389999389648438,18.3700008392334,18.389999389648438,167800
2026-05-06 18:40:00+00:00,B3SA3.SA,18.389999389648438,18.399999618530273,18.3799991607666,18.3799991607666,269100
2026-05-06 18:45:00+00:00,B3SA3.SA,18.3799991607666,18.399999618530273,18.3700008392334,18.389999389648438,196700
2026-05-06 18:50:00+00:00,B3SA3.SA,18.389999389648438,18.399999618530273,18.34000015258789,18.389999389648438,484100
2026-05-06 18:55:00+00:00,B3SA3.SA,18.389999389648438,18.40999984741211,18.3799991607666,18.389999389648438,163700
2026-05-06 19:00:00+00:00,B3SA3.SA,18.389999389648438,18.40999984741211,18.3799991607666,18.40999984741211,165800
2026-05-06 19:05:00+00:00,B3SA3.SA,18.40999984741211,18.420000076293945,18.399999618530273,18.420000076293945,421100
2026-05-06 19:10:00+00:00,B3SA3.SA,18.420000076293945,18.43000030517578,18.40999984741211,18.420000076293945,204300
2026-05-06 19:15:00+00:00,B3SA3.SA,18.420000076293945,18.43000030517578,18.389999389648438,18.40999984741211,364000
2026-05-06 19:20:00+00:00,B3SA3.SA,18.40999984741211,18.43000030517578,18.399999618530273,18.399999618530273,256200
2026-05-06 19:25:00+00:00,B3SA3.SA,18.399999618530273,18.40999984741211,18.360000610351562,18.3799991607666,308500
2026-05-06 19:30:00+00:00,B3SA3.SA,18.3799991607666,18.389999389648438,18.350000381469727,18.3700008392334,350500
2026-05-06 19:35:00+00:00,B3SA3.SA,18.3799991607666,18.389999389648438,18.3700008392334,18.3799991607666,228500
2026-05-06 19:40:00+00:00,B3SA3.SA,18.3799991607666,18.389999389648438,18.350000381469727,18.3700008392334,387300
2026-05-06 19:45:00+00:00,B3SA3.SA,18.360000610351562,18.450000762939453,18.360000610351562,18.43000030517578,613800
2026-05-06 19:50:00+00:00,B3SA3.SA,18.43000030517578,18.440000534057617,18.40999984741211,18.40999984741211,289100
2026-05-07 13:00:00+00:00,B3SA3.SA,18.309999465942383,18.489999771118164,18.309999465942383,18.440000534057617,0
2026-05-07 13:05:00+00:00,B3SA3.SA,18.450000762939453,18.450000762939453,18.270000457763672,18.309999465942383,216000
2026-05-07 13:10:00+00:00,B3SA3.SA,18.299999237060547,18.34000015258789,18.239999771118164,18.31999969482422,272100
2026-05-07 13:15:00+00:00,B3SA3.SA,18.329999923706055,18.34000015258789,18.209999084472656,18.31999969482422,2080600
2026-05-07 13:20:00+00:00,B3SA3.SA,18.31999969482422,18.360000610351562,18.260000228881836,18.270000457763672,183600
2026-05-07 13:25:00+00:00,B3SA3.SA,18.270000457763672,18.290000915527344,18.25,18.280000686645508,389300
2026-05-07 13:30:00+00:00,B3SA3.SA,18.280000686645508,18.3700008392334,18.260000228881836,18.360000610351562,433100
2026-05-07 13:35:00+00:00,B3SA3.SA,18.360000610351562,18.360000610351562,18.239999771118164,18.260000228881836,183400
2026-05-07 13:40:00+00:00,B3SA3.SA,18.270000457763672,18.299999237060547,18.200000762939453,18.200000762939453,720900
2026-05-07 13:45:00+00:00,B3SA3.SA,18.200000762939453,18.25,18.18000030517578,18.25,527100
2026-05-07 13:50:00+00:00,B3SA3.SA,18.25,18.290000915527344,18.219999313354492,18.239999771118164,229200
2026-05-07 13:55:00+00:00,B3SA3.SA,18.25,18.280000686645508,18.200000762939453,18.239999771118164,535900
2026-05-07 14:00:00+00:00,B3SA3.SA,18.260000228881836,18.280000686645508,18.09000015258789,18.149999618530273,839500
2026-05-07 14:05:00+00:00,B3SA3.SA,18.139999389648438,18.18000030517578,18.09000015258789,18.15999984741211,330200
2026-05-07 14:10:00+00:00,B3SA3.SA,18.149999618530273,18.18000030517578,18.149999618530273,18.18000030517578,87900
2026-05-07 14:15:00+00:00,B3SA3.SA,18.170000076293945,18.219999313354492,18.15999984741211,18.219999313354492,101000
2026-05-07 14:20:00+00:00,B3SA3.SA,18.200000762939453,18.219999313354492,18.18000030517578,18.219999313354492,89100
2026-05-07 14:25:00+00:00,B3SA3.SA,18.219999313354492,18.219999313354492,18.1200008392334,18.1200008392334,152200
2026-05-07 14:30:00+00:00,B3SA3.SA,18.1200008392334,18.18000030517578,18.1200008392334,18.139999389648438,107200
2026-05-07 14:35:00+00:00,B3SA3.SA,18.149999618530273,18.18000030517578,18.1200008392334,18.1299991607666,134100
2026-05-07 14:40:00+00:00,B3SA3.SA,18.1299991607666,18.15999984741211,18.100000381469727,18.15999984741211,91000
2026-05-07 14:45:00+00:00,B3SA3.SA,18.170000076293945,18.190000534057617,18.149999618530273,18.18000030517578,79100
2026-05-07 14:50:00+00:00,B3SA3.SA,18.190000534057617,18.219999313354492,18.1299991607666,18.149999618530273,283800
2026-05-07 14:55:00+00:00,B3SA3.SA,18.15999984741211,18.200000762939453,18.149999618530273,18.18000030517578,174800
2026-05-07 15:00:00+00:00,B3SA3.SA,18.18000030517578,18.219999313354492,18.15999984741211,18.15999984741211,148000
2026-05-07 15:05:00+00:00,B3SA3.SA,18.170000076293945,18.200000762939453,18.139999389648438,18.149999618530273,175200
2026-05-07 15:10:00+00:00,B3SA3.SA,18.149999618530273,18.18000030517578,18.149999618530273,18.18000030517578,71100
2026-05-07 15:15:00+00:00,B3SA3.SA,18.18000030517578,18.360000610351562,18.1299991607666,18.139999389648438,63600
2026-05-07 15:20:00+00:00,B3SA3.SA,18.139999389648438,18.18000030517578,18.1200008392334,18.139999389648438,85700
2026-05-07 15:25:00+00:00,B3SA3.SA,18.149999618530273,18.15999984741211,18.100000381469727,18.1200008392334,127100
2026-05-07 15:30:00+00:00,B3SA3.SA,18.1299991607666,18.149999618530273,18.110000610351562,18.149999618530273,50800
2026-05-07 15:35:00+00:00,B3SA3.SA,18.149999618530273,18.170000076293945,18.139999389648438,18.170000076293945,66300
2026-05-07 15:40:00+00:00,B3SA3.SA,18.170000076293945,18.170000076293945,18.149999618530273,18.149999618530273,152500
2026-05-07 15:45:00+00:00,B3SA3.SA,18.139999389648438,18.139999389648438,18.09000015258789,18.100000381469727,99700
2026-05-07 15:50:00+00:00,B3SA3.SA,18.100000381469727,18.1299991607666,18.100000381469727,18.100000381469727,102400
2026-05-07 15:55:00+00:00,B3SA3.SA,18.100000381469727,18.110000610351562,18.059999465942383,18.079999923706055,139100
2026-05-07 16:00:00+00:00,B3SA3.SA,18.100000381469727,18.110000610351562,18.06999969482422,18.100000381469727,134800
2026-05-07 16:05:00+00:00,B3SA3.SA,18.100000381469727,18.100000381469727,18.059999465942383,18.100000381469727,304200
2026-05-07 16:10:00+00:00,B3SA3.SA,18.09000015258789,18.100000381469727,18.06999969482422,18.100000381469727,84400
2026-05-07 16:15:00+00:00,B3SA3.SA,18.09000015258789,18.100000381469727,18.06999969482422,18.079999923706055,92700
2026-05-07 16:20:00+00:00,B3SA3.SA,18.079999923706055,18.100000381469727,18.079999923706055,18.079999923706055,58400
2026-05-07 16:25:00+00:00,B3SA3.SA,18.09000015258789,18.110000610351562,18.09000015258789,18.100000381469727,0
2026-05-07 16:30:00+00:00,B3SA3.SA,18.110000610351562,18.1200008392334,18.06999969482422,18.06999969482422,10473100
2026-05-07 16:35:00+00:00,B3SA3.SA,18.06999969482422,18.079999923706055,18.0,18.010000228881836,294400
2026-05-07 16:40:00+00:00,B3SA3.SA,18.020000457763672,18.030000686645508,17.989999771118164,18.020000457763672,305300
2026-05-07 16:45:00+00:00,B3SA3.SA,18.020000457763672,18.040000915527344,18.0,18.020000457763672,134100
2026-05-07 16:50:00+00:00,B3SA3.SA,18.020000457763672,18.030000686645508,17.989999771118164,18.0,116900
2026-05-07 16:55:00+00:00,B3SA3.SA,18.010000228881836,18.020000457763672,17.950000762939453,17.969999313354492,129000
2026-05-07 17:00:00+00:00,B3SA3.SA,17.979999542236328,17.989999771118164,17.950000762939453,17.950000762939453,118200
2026-05-07 17:05:00+00:00,B3SA3.SA,17.969999313354492,17.989999771118164,17.959999084472656,17.969999313354492,76400
2026-05-07 17:10:00+00:00,B3SA3.SA,17.959999084472656,17.969999313354492,17.8700008392334,17.940000534057617,1220100
2026-05-07 17:15:00+00:00,B3SA3.SA,17.940000534057617,17.940000534057617,17.899999618530273,17.920000076293945,95100
2026-05-07 17:20:00+00:00,B3SA3.SA,17.920000076293945,17.940000534057617,17.889999389648438,17.93000030517578,279700
2026-05-07 17:25:00+00:00,B3SA3.SA,17.940000534057617,17.940000534057617,17.760000228881836,17.790000915527344,649500
2026-05-07 17:30:00+00:00,B3SA3.SA,17.780000686645508,17.81999969482422,17.770000457763672,17.81999969482422,151300
2026-05-07 17:35:00+00:00,B3SA3.SA,17.81999969482422,17.889999389648438,17.799999237060547,17.860000610351562,149900
2026-05-07 17:40:00+00:00,B3SA3.SA,17.860000610351562,17.8700008392334,17.84000015258789,17.860000610351562,105700
2026-05-07 17:45:00+00:00,B3SA3.SA,17.860000610351562,17.8700008392334,17.81999969482422,17.829999923706055,129300
2026-05-07 17:50:00+00:00,B3SA3.SA,17.84000015258789,17.850000381469727,17.809999465942383,17.84000015258789,132100
2026-05-07 17:55:00+00:00,B3SA3.SA,17.850000381469727,17.8799991607666,17.829999923706055,17.8700008392334,131200
2026-05-07 18:00:00+00:00,B3SA3.SA,17.860000610351562,17.8700008392334,17.829999923706055,17.829999923706055,107200
2026-05-07 18:05:00+00:00,B3SA3.SA,17.81999969482422,17.860000610351562,17.81999969482422,17.829999923706055,130100
2026-05-07 18:10:00+00:00,B3SA3.SA,17.829999923706055,17.850000381469727,17.829999923706055,17.850000381469727,94400
2026-05-07 18:15:00+00:00,B3SA3.SA,17.850000381469727,17.899999618530273,17.84000015258789,17.8799991607666,126300
2026-05-07 18:20:00+00:00,B3SA3.SA,17.889999389648438,17.899999618530273,17.850000381469727,17.899999618530273,254300
2026-05-07 18:25:00+00:00,B3SA3.SA,17.889999389648438,17.899999618530273,17.8700008392334,17.8700008392334,263800
2026-05-07 18:30:00+00:00,B3SA3.SA,17.8799991607666,17.940000534057617,17.8700008392334,17.93000030517578,178900
2026-05-07 18:35:00+00:00,B3SA3.SA,17.93000030517578,17.950000762939453,17.899999618530273,17.940000534057617,715500
2026-05-07 18:40:00+00:00,B3SA3.SA,17.940000534057617,17.959999084472656,17.8700008392334,17.889999389648438,212700
2026-05-07 18:45:00+00:00,B3SA3.SA,17.889999389648438,17.93000030517578,17.8799991607666,17.90999984741211,139600
2026-05-07 18:50:00+00:00,B3SA3.SA,17.899999618530273,17.90999984741211,17.8799991607666,17.90999984741211,113800
2026-05-07 18:55:00+00:00,B3SA3.SA,17.90999984741211,17.940000534057617,17.899999618530273,17.93000030517578,546600
2026-05-07 19:00:00+00:00,B3SA3.SA,17.93000030517578,17.940000534057617,17.899999618530273,17.920000076293945,86300
2026-05-07 19:05:00+00:00,B3SA3.SA,17.920000076293945,17.920000076293945,17.8799991607666,17.889999389648438,111600
2026-05-07 19:10:00+00:00,B3SA3.SA,17.899999618530273,17.93000030517578,17.8799991607666,17.899999618530273,186000
2026-05-07 19:15:00+00:00,B3SA3.SA,17.90999984741211,17.920000076293945,17.860000610351562,17.889999389648438,632100
2026-05-07 19:20:00+00:00,B3SA3.SA,17.889999389648438,17.899999618530273,17.84000015258789,17.860000610351562,141400
2026-05-07 19:25:00+00:00,B3SA3.SA,17.850000381469727,17.860000610351562,17.809999465942383,17.809999465942383,316200
2026-05-07 19:30:00+00:00,B3SA3.SA,17.81999969482422,17.850000381469727,17.809999465942383,17.84000015258789,482700
2026-05-07 19:35:00+00:00,B3SA3.SA,17.829999923706055,17.8700008392334,17.81999969482422,17.84000015258789,499700
2026-05-07 19:40:00+00:00,B3SA3.SA,17.84000015258789,17.84000015258789,17.799999237060547,17.81999969482422,416500
2026-05-07 19:45:00+00:00,B3SA3.SA,17.81999969482422,17.81999969482422,17.780000686645508,17.790000915527344,535200
2026-05-07 19:50:00+00:00,B3SA3.SA,17.799999237060547,17.809999465942383,17.709999084472656,17.75,849100
2026-05-08 13:05:00+00:00,B3SA3.SA,18.209999084472656,18.309999465942383,18.190000534057617,18.299999237060547,274700
2026-05-08 13:10:00+00:00,B3SA3.SA,18.309999465942383,18.360000610351562,18.239999771118164,18.280000686645508,625500
2026-05-08 13:15:00+00:00,B3SA3.SA,18.280000686645508,18.31999969482422,18.190000534057617,18.239999771118164,757300
2026-05-08 13:20:00+00:00,B3SA3.SA,18.239999771118164,18.25,18.040000915527344,18.09000015258789,963000
2026-05-08 13:25:00+00:00,B3SA3.SA,18.06999969482422,18.110000610351562,18.030000686645508,18.06999969482422,339100
2026-05-08 13:30:00+00:00,B3SA3.SA,18.06999969482422,18.09000015258789,17.979999542236328,18.079999923706055,1169400
2026-05-08 13:35:00+00:00,B3SA3.SA,18.079999923706055,18.18000030517578,18.079999923706055,18.149999618530273,234300
2026-05-08 13:40:00+00:00,B3SA3.SA,18.149999618530273,18.260000228881836,18.1299991607666,18.139999389648438,472300
2026-05-08 13:45:00+00:00,B3SA3.SA,18.15999984741211,18.170000076293945,18.079999923706055,18.100000381469727,451200
2026-05-08 13:50:00+00:00,B3SA3.SA,18.09000015258789,18.1200008392334,18.020000457763672,18.020000457763672,149300
2026-05-08 13:55:00+00:00,B3SA3.SA,18.020000457763672,18.079999923706055,18.010000228881836,18.049999237060547,954300
2026-05-08 14:00:00+00:00,B3SA3.SA,18.049999237060547,18.059999465942383,17.969999313354492,17.969999313354492,1900700
2026-05-08 14:05:00+00:00,B3SA3.SA,17.979999542236328,18.040000915527344,17.940000534057617,18.020000457763672,470200
2026-05-08 14:10:00+00:00,B3SA3.SA,18.010000228881836,18.079999923706055,17.90999984741211,18.059999465942383,1152400
2026-05-08 14:15:00+00:00,B3SA3.SA,18.059999465942383,18.1200008392334,18.049999237060547,18.09000015258789,528300
2026-05-08 14:20:00+00:00,B3SA3.SA,18.09000015258789,18.110000610351562,18.040000915527344,18.059999465942383,351200
2026-05-08 14:25:00+00:00,B3SA3.SA,18.06999969482422,18.139999389648438,18.059999465942383,18.100000381469727,187200
2026-05-08 14:30:00+00:00,B3SA3.SA,18.09000015258789,18.110000610351562,18.040000915527344,18.040000915527344,145400
2026-05-08 14:35:00+00:00,B3SA3.SA,18.040000915527344,18.09000015258789,18.010000228881836,18.06999969482422,283800
2026-05-08 14:40:00+00:00,B3SA3.SA,18.06999969482422,18.139999389648438,18.059999465942383,18.1299991607666,208700
2026-05-08 14:45:00+00:00,B3SA3.SA,18.1200008392334,18.139999389648438,18.079999923706055,18.09000015258789,105100
2026-05-08 14:50:00+00:00,B3SA3.SA,18.09000015258789,18.139999389648438,18.010000228881836,18.020000457763672,190900
2026-05-08 14:55:00+00:00,B3SA3.SA,18.010000228881836,18.059999465942383,18.010000228881836,18.030000686645508,202200
2026-05-08 15:00:00+00:00,B3SA3.SA,18.030000686645508,18.059999465942383,17.969999313354492,17.989999771118164,222100
2026-05-08 15:05:00+00:00,B3SA3.SA,17.989999771118164,18.0,17.8799991607666,17.959999084472656,959800
2026-05-08 15:10:00+00:00,B3SA3.SA,17.959999084472656,17.969999313354492,17.920000076293945,17.940000534057617,245700
2026-05-08 15:15:00+00:00,B3SA3.SA,17.950000762939453,17.979999542236328,17.93000030517578,17.969999313354492,213200
2026-05-08 15:20:00+00:00,B3SA3.SA,17.959999084472656,17.969999313354492,17.920000076293945,17.940000534057617,311100
2026-05-08 15:25:00+00:00,B3SA3.SA,17.93000030517578,17.969999313354492,17.93000030517578,17.950000762939453,136100
2026-05-08 15:30:00+00:00,B3SA3.SA,17.950000762939453,17.950000762939453,17.899999618530273,17.940000534057617,336700
2026-05-08 15:35:00+00:00,B3SA3.SA,17.959999084472656,17.979999542236328,17.950000762939453,17.959999084472656,122100
2026-05-08 15:40:00+00:00,B3SA3.SA,17.969999313354492,17.979999542236328,17.93000030517578,17.940000534057617,159400
2026-05-08 15:45:00+00:00,B3SA3.SA,17.940000534057617,17.969999313354492,17.940000534057617,17.950000762939453,116600
2026-05-08 15:50:00+00:00,B3SA3.SA,17.950000762939453,17.969999313354492,17.940000534057617,17.940000534057617,117400
2026-05-08 15:55:00+00:00,B3SA3.SA,17.950000762939453,18.0,17.940000534057617,17.969999313354492,147400
2026-05-08 16:00:00+00:00,B3SA3.SA,17.979999542236328,18.06999969482422,17.969999313354492,18.049999237060547,231800
2026-05-08 16:05:00+00:00,B3SA3.SA,18.049999237060547,18.079999923706055,18.040000915527344,18.049999237060547,178700
2026-05-08 16:10:00+00:00,B3SA3.SA,18.049999237060547,18.059999465942383,18.030000686645508,18.030000686645508,166800
2026-05-08 16:15:00+00:00,B3SA3.SA,18.030000686645508,18.040000915527344,17.969999313354492,17.979999542236328,127400
2026-05-08 16:20:00+00:00,B3SA3.SA,17.979999542236328,18.040000915527344,17.979999542236328,18.030000686645508,182600
2026-05-08 16:25:00+00:00,B3SA3.SA,18.040000915527344,18.059999465942383,18.020000457763672,18.030000686645508,158600
2026-05-08 16:30:00+00:00,B3SA3.SA,18.030000686645508,18.049999237060547,18.010000228881836,18.020000457763672,129000
2026-05-08 16:35:00+00:00,B3SA3.SA,18.020000457763672,18.049999237060547,17.989999771118164,17.989999771118164,163700
2026-05-08 16:40:00+00:00,B3SA3.SA,17.989999771118164,18.0,17.950000762939453,17.959999084472656,124100
2026-05-08 16:45:00+00:00,B3SA3.SA,17.959999084472656,17.989999771118164,17.959999084472656,17.969999313354492,105700
2026-05-08 16:50:00+00:00,B3SA3.SA,17.969999313354492,17.989999771118164,17.959999084472656,17.969999313354492,84600
2026-05-08 16:55:00+00:00,B3SA3.SA,17.979999542236328,17.979999542236328,17.950000762939453,17.950000762939453,101200
2026-05-08 17:00:00+00:00,B3SA3.SA,17.950000762939453,17.979999542236328,17.950000762939453,17.969999313354492,90600
2026-05-08 17:05:00+00:00,B3SA3.SA,17.969999313354492,17.989999771118164,17.950000762939453,17.969999313354492,103700
2026-05-08 17:10:00+00:00,B3SA3.SA,17.969999313354492,17.979999542236328,17.940000534057617,17.950000762939453,139800
2026-05-08 17:15:00+00:00,B3SA3.SA,17.950000762939453,17.979999542236328,17.920000076293945,17.940000534057617,163200
2026-05-08 17:20:00+00:00,B3SA3.SA,17.940000534057617,17.959999084472656,17.920000076293945,17.940000534057617,136100
2026-05-08 17:25:00+00:00,B3SA3.SA,17.920000076293945,17.959999084472656,17.920000076293945,17.940000534057617,133800
2026-05-08 17:30:00+00:00,B3SA3.SA,17.940000534057617,17.959999084472656,17.920000076293945,17.950000762939453,145100
2026-05-08 17:35:00+00:00,B3SA3.SA,17.940000534057617,17.950000762939453,17.90999984741211,17.920000076293945,108700
2026-05-08 17:40:00+00:00,B3SA3.SA,17.920000076293945,17.959999084472656,17.889999389648438,17.950000762939453,670700
2026-05-08 17:45:00+00:00,B3SA3.SA,17.950000762939453,17.959999084472656,17.920000076293945,17.93000030517578,163800
2026-05-08 17:50:00+00:00,B3SA3.SA,17.93000030517578,17.959999084472656,17.90999984741211,17.90999984741211,239900
2026-05-08 17:55:00+00:00,B3SA3.SA,17.90999984741211,17.920000076293945,17.8700008392334,17.8799991607666,289600
2026-05-08 18:00:00+00:00,B3SA3.SA,17.8799991607666,17.940000534057617,17.8799991607666,17.899999618530273,257700
2026-05-08 18:05:00+00:00,B3SA3.SA,17.899999618530273,17.93000030517578,17.889999389648438,17.90999984741211,167300
2026-05-08 18:10:00+00:00,B3SA3.SA,17.90999984741211,17.90999984741211,17.8799991607666,17.889999389648438,114000
2026-05-08 18:15:00+00:00,B3SA3.SA,17.8799991607666,17.920000076293945,17.8799991607666,17.889999389648438,135000
2026-05-08 18:20:00+00:00,B3SA3.SA,17.8799991607666,17.920000076293945,17.8799991607666,17.889999389648438,173700
2026-05-08 18:25:00+00:00,B3SA3.SA,17.889999389648438,18.0,17.889999389648438,17.979999542236328,314000
2026-05-08 18:30:00+00:00,B3SA3.SA,17.979999542236328,18.030000686645508,17.979999542236328,18.010000228881836,329000
2026-05-08 18:35:00+00:00,B3SA3.SA,18.010000228881836,18.020000457763672,17.989999771118164,18.0,247600
2026-05-08 18:40:00+00:00,B3SA3.SA,18.010000228881836,18.020000457763672,17.979999542236328,17.989999771118164,215600
2026-05-08 18:45:00+00:00,B3SA3.SA,17.989999771118164,18.010000228881836,17.969999313354492,17.989999771118164,238700
2026-05-08 18:50:00+00:00,B3SA3.SA,17.989999771118164,18.010000228881836,17.979999542236328,17.979999542236328,257200
2026-05-08 18:55:00+00:00,B3SA3.SA,17.979999542236328,18.010000228881836,17.969999313354492,17.979999542236328,297200
2026-05-08 19:00:00+00:00,B3SA3.SA,17.979999542236328,18.0,17.959999084472656,17.959999084472656,223400
2026-05-08 19:05:00+00:00,B3SA3.SA,17.959999084472656,17.979999542236328,17.93000030517578,17.940000534057617,336700
2026-05-08 19:10:00+00:00,B3SA3.SA,17.940000534057617,17.959999084472656,17.93000030517578,17.940000534057617,191200
2026-05-08 19:15:00+00:00,B3SA3.SA,17.940000534057617,17.969999313354492,17.940000534057617,17.950000762939453,178500
2026-05-08 19:20:00+00:00,B3SA3.SA,17.950000762939453,17.979999542236328,17.950000762939453,17.950000762939453,167500
2026-05-08 19:25:00+00:00,B3SA3.SA,17.950000762939453,17.959999084472656,17.920000076293945,17.950000762939453,251100
2026-05-08 19:30:00+00:00,B3SA3.SA,17.93000030517578,17.940000534057617,17.889999389648438,17.920000076293945,714300
2026-05-08 19:35:00+00:00,B3SA3.SA,17.920000076293945,17.979999542236328,17.889999389648438,17.959999084472656,428500
2026-05-08 19:40:00+00:00,B3SA3.SA,17.959999084472656,18.020000457763672,17.950000762939453,17.959999084472656,666000
2026-05-08 19:45:00+00:00,B3SA3.SA,17.959999084472656,17.989999771118164,17.940000534057617,17.979999542236328,231900
2026-05-08 19:50:00+00:00,B3SA3.SA,17.979999542236328,18.030000686645508,17.950000762939453,17.950000762939453,190500
2026-05-11 13:05:00+00:00,B3SA3.SA,17.709999084472656,17.75,17.65999984741211,17.68000030517578,0
2026-05-11 13:10:00+00:00,B3SA3.SA,17.68000030517578,17.889999389648438,17.670000076293945,17.8799991607666,278400
2026-05-11 13:15:00+00:00,B3SA3.SA,17.8799991607666,17.969999313354492,17.860000610351562,17.969999313354492,118900
2026-05-11 13:20:00+00:00,B3SA3.SA,17.969999313354492,18.0,17.90999984741211,17.920000076293945,616800
2026-05-11 13:25:00+00:00,B3SA3.SA,17.920000076293945,17.940000534057617,17.860000610351562,17.889999389648438,259400
2026-05-11 13:30:00+00:00,B3SA3.SA,17.899999618530273,17.969999313354492,17.899999618530273,17.969999313354492,2329100
2026-05-11 13:35:00+00:00,B3SA3.SA,17.979999542236328,18.049999237060547,17.959999084472656,17.969999313354492,191600
2026-05-11 13:40:00+00:00,B3SA3.SA,17.979999542236328,18.0,17.920000076293945,17.940000534057617,174600
2026-05-11 13:45:00+00:00,B3SA3.SA,17.940000534057617,17.950000762939453,17.899999618530273,17.920000076293945,435500
2026-05-11 13:50:00+00:00,B3SA3.SA,17.920000076293945,17.920000076293945,17.799999237060547,17.829999923706055,494400
2026-05-11 13:55:00+00:00,B3SA3.SA,17.829999923706055,17.8700008392334,17.809999465942383,17.8700008392334,158100
2026-05-11 14:00:00+00:00,B3SA3.SA,17.860000610351562,17.899999618530273,17.850000381469727,17.860000610351562,172800
2026-05-11 14:05:00+00:00,B3SA3.SA,17.850000381469727,17.8799991607666,17.829999923706055,17.84000015258789,121100
2026-05-11 14:10:00+00:00,B3SA3.SA,17.84000015258789,17.860000610351562,17.809999465942383,17.81999969482422,97000
2026-05-11 14:15:00+00:00,B3SA3.SA,17.81999969482422,17.84000015258789,17.799999237060547,17.829999923706055,168700
2026-05-11 14:20:00+00:00,B3SA3.SA,17.81999969482422,17.829999923706055,17.770000457763672,17.790000915527344,146200
2026-05-11 14:25:00+00:00,B3SA3.SA,17.790000915527344,17.790000915527344,17.760000228881836,17.780000686645508,138400
2026-05-11 14:30:00+00:00,B3SA3.SA,17.780000686645508,17.81999969482422,17.770000457763672,17.809999465942383,195100
2026-05-11 14:35:00+00:00,B3SA3.SA,17.81999969482422,17.850000381469727,17.799999237060547,17.84000015258789,1428500
2026-05-11 14:40:00+00:00,B3SA3.SA,17.84000015258789,17.8700008392334,17.81999969482422,17.81999969482422,743000
2026-05-11 14:45:00+00:00,B3SA3.SA,17.829999923706055,17.84000015258789,17.770000457763672,17.809999465942383,351300
2026-05-11 14:50:00+00:00,B3SA3.SA,17.809999465942383,17.809999465942383,17.729999542236328,17.770000457763672,305200
2026-05-11 14:55:00+00:00,B3SA3.SA,17.770000457763672,17.770000457763672,17.700000762939453,17.719999313354492,100400
2026-05-11 15:00:00+00:00,B3SA3.SA,17.719999313354492,17.719999313354492,17.6200008392334,17.649999618530273,194400
2026-05-11 15:05:00+00:00,B3SA3.SA,17.649999618530273,17.719999313354492,17.610000610351562,17.690000534057617,334700
2026-05-11 15:10:00+00:00,B3SA3.SA,17.690000534057617,17.709999084472656,17.670000076293945,17.709999084472656,106800
2026-05-11 15:15:00+00:00,B3SA3.SA,17.709999084472656,17.719999313354492,17.670000076293945,17.68000030517578,129900
2026-05-11 15:20:00+00:00,B3SA3.SA,17.68000030517578,17.700000762939453,17.670000076293945,17.68000030517578,157400
2026-05-11 15:25:00+00:00,B3SA3.SA,17.68000030517578,17.68000030517578,17.649999618530273,17.65999984741211,112300
2026-05-11 15:30:00+00:00,B3SA3.SA,17.65999984741211,17.68000030517578,17.639999389648438,17.68000030517578,114700
2026-05-11 15:35:00+00:00,B3SA3.SA,17.68000030517578,17.709999084472656,17.670000076293945,17.690000534057617,130900
2026-05-11 15:40:00+00:00,B3SA3.SA,17.690000534057617,17.709999084472656,17.65999984741211,17.68000030517578,126600
2026-05-11 15:45:00+00:00,B3SA3.SA,17.690000534057617,17.690000534057617,17.65999984741211,17.68000030517578,196600
2026-05-11 15:50:00+00:00,B3SA3.SA,17.68000030517578,17.68000030517578,17.639999389648438,17.670000076293945,128900
2026-05-11 15:55:00+00:00,B3SA3.SA,17.670000076293945,17.670000076293945,17.649999618530273,17.670000076293945,151200
2026-05-11 16:00:00+00:00,B3SA3.SA,17.65999984741211,17.670000076293945,17.6299991607666,17.6299991607666,125500
2026-05-11 16:05:00+00:00,B3SA3.SA,17.639999389648438,17.639999389648438,17.600000381469727,17.6299991607666,277300
2026-05-11 16:10:00+00:00,B3SA3.SA,17.6299991607666,17.649999618530273,17.600000381469727,17.610000610351562,313800
2026-05-11 16:15:00+00:00,B3SA3.SA,17.610000610351562,17.65999984741211,17.610000610351562,17.6299991607666,208700
2026-05-11 16:20:00+00:00,B3SA3.SA,17.6200008392334,17.639999389648438,17.6200008392334,17.6299991607666,66700
2026-05-11 16:25:00+00:00,B3SA3.SA,17.639999389648438,17.639999389648438,17.56999969482422,17.579999923706055,120300
2026-05-11 16:30:00+00:00,B3SA3.SA,17.56999969482422,17.56999969482422,17.549999237060547,17.559999465942383,249100
2026-05-11 16:35:00+00:00,B3SA3.SA,17.559999465942383,17.56999969482422,17.540000915527344,17.559999465942383,177600
2026-05-11 16:40:00+00:00,B3SA3.SA,17.559999465942383,17.579999923706055,17.540000915527344,17.56999969482422,223900
2026-05-11 16:45:00+00:00,B3SA3.SA,17.579999923706055,17.610000610351562,17.549999237060547,17.579999923706055,177100
2026-05-11 16:50:00+00:00,B3SA3.SA,17.579999923706055,17.600000381469727,17.559999465942383,17.600000381469727,105700
2026-05-11 16:55:00+00:00,B3SA3.SA,17.600000381469727,17.600000381469727,17.56999969482422,17.579999923706055,224500
2026-05-11 17:00:00+00:00,B3SA3.SA,17.579999923706055,17.59000015258789,17.559999465942383,17.59000015258789,209900
2026-05-11 17:05:00+00:00,B3SA3.SA,17.579999923706055,17.649999618530273,17.56999969482422,17.6299991607666,310800
2026-05-11 17:10:00+00:00,B3SA3.SA,17.639999389648438,17.649999618530273,17.610000610351562,17.649999618530273,284800
2026-05-11 17:15:00+00:00,B3SA3.SA,17.639999389648438,17.65999984741211,17.6299991607666,17.639999389648438,125000
2026-05-11 17:20:00+00:00,B3SA3.SA,17.649999618530273,17.729999542236328,17.639999389648438,17.719999313354492,267500
2026-05-11 17:25:00+00:00,B3SA3.SA,17.719999313354492,17.729999542236328,17.700000762939453,17.719999313354492,187000
2026-05-11 17:30:00+00:00,B3SA3.SA,17.719999313354492,17.760000228881836,17.719999313354492,17.75,106900
2026-05-11 17:35:00+00:00,B3SA3.SA,17.75,17.75,17.719999313354492,17.739999771118164,124000
2026-05-11 17:40:00+00:00,B3SA3.SA,17.739999771118164,17.770000457763672,17.729999542236328,17.760000228881836,231000
2026-05-11 17:45:00+00:00,B3SA3.SA,17.75,17.760000228881836,17.709999084472656,17.719999313354492,309300
2026-05-11 17:50:00+00:00,B3SA3.SA,17.729999542236328,17.729999542236328,17.709999084472656,17.719999313354492,144100
2026-05-11 17:55:00+00:00,B3SA3.SA,17.709999084472656,17.719999313354492,17.690000534057617,17.709999084472656,126100
2026-05-11 18:00:00+00:00,B3SA3.SA,17.700000762939453,17.719999313354492,17.670000076293945,17.690000534057617,250600
2026-05-11 18:05:00+00:00,B3SA3.SA,17.68000030517578,17.700000762939453,17.6200008392334,17.670000076293945,2958900
2026-05-11 18:10:00+00:00,B3SA3.SA,17.670000076293945,17.700000762939453,17.639999389648438,17.670000076293945,273000
2026-05-11 18:15:00+00:00,B3SA3.SA,17.670000076293945,17.670000076293945,17.6299991607666,17.65999984741211,424600
2026-05-11 18:20:00+00:00,B3SA3.SA,17.65999984741211,17.670000076293945,17.6299991607666,17.649999618530273,175700
2026-05-11 18:25:00+00:00,B3SA3.SA,17.649999618530273,17.65999984741211,17.600000381469727,17.610000610351562,300000
2026-05-11 18:30:00+00:00,B3SA3.SA,17.6200008392334,17.6299991607666,17.59000015258789,17.600000381469727,696400
2026-05-11 18:35:00+00:00,B3SA3.SA,17.610000610351562,17.610000610351562,17.59000015258789,17.600000381469727,216500
2026-05-11 18:40:00+00:00,B3SA3.SA,17.600000381469727,17.649999618530273,17.59000015258789,17.639999389648438,259500
2026-05-11 18:45:00+00:00,B3SA3.SA,17.639999389648438,17.639999389648438,17.600000381469727,17.600000381469727,311700
2026-05-11 18:50:00+00:00,B3SA3.SA,17.59000015258789,17.59000015258789,17.540000915527344,17.549999237060547,409100
2026-05-11 18:55:00+00:00,B3SA3.SA,17.540000915527344,17.549999237060547,17.510000228881836,17.510000228881836,360500
2026-05-11 19:00:00+00:00,B3SA3.SA,17.520000457763672,17.530000686645508,17.5,17.530000686645508,317500
2026-05-11 19:05:00+00:00,B3SA3.SA,17.520000457763672,17.530000686645508,17.5,17.510000228881836,235800
2026-05-11 19:10:00+00:00,B3SA3.SA,17.510000228881836,17.520000457763672,17.469999313354492,17.479999542236328,248900
2026-05-11 19:15:00+00:00,B3SA3.SA,17.479999542236328,17.5,17.459999084472656,17.469999313354492,698100
2026-05-11 19:20:00+00:00,B3SA3.SA,17.469999313354492,17.489999771118164,17.440000534057617,17.459999084472656,275600
2026-05-11 19:25:00+00:00,B3SA3.SA,17.459999084472656,17.459999084472656,17.43000030517578,17.450000762939453,397100
2026-05-11 19:30:00+00:00,B3SA3.SA,17.450000762939453,17.5,17.440000534057617,17.5,384900
2026-05-11 19:35:00+00:00,B3SA3.SA,17.489999771118164,17.5,17.479999542236328,17.489999771118164,276300
2026-05-11 19:40:00+00:00,B3SA3.SA,17.489999771118164,17.510000228881836,17.469999313354492,17.5,287500
2026-05-11 19:45:00+00:00,B3SA3.SA,17.5,17.530000686645508,17.489999771118164,17.510000228881836,441900
2026-05-11 19:50:00+00:00,B3SA3.SA,17.510000228881836,17.549999237060547,17.489999771118164,17.549999237060547,279800
2026-05-12 13:00:00+00:00,B3SA3.SA,17.3799991607666,17.469999313354492,17.3799991607666,17.450000762939453,0
2026-05-12 13:05:00+00:00,B3SA3.SA,17.459999084472656,17.530000686645508,17.43000030517578,17.459999084472656,166500
2026-05-12 13:10:00+00:00,B3SA3.SA,17.459999084472656,17.510000228881836,17.43000030517578,17.43000030517578,136500
2026-05-12 13:15:00+00:00,B3SA3.SA,17.43000030517578,17.440000534057617,17.389999389648438,17.420000076293945,244300
2026-05-12 13:20:00+00:00,B3SA3.SA,17.43000030517578,17.520000457763672,17.420000076293945,17.450000762939453,137200
2026-05-12 13:25:00+00:00,B3SA3.SA,17.459999084472656,17.5,17.43000030517578,17.489999771118164,84400
2026-05-12 13:30:00+00:00,B3SA3.SA,17.5,17.6299991607666,17.469999313354492,17.610000610351562,220800
2026-05-12 13:35:00+00:00,B3SA3.SA,17.610000610351562,17.670000076293945,17.59000015258789,17.610000610351562,194500
2026-05-12 13:40:00+00:00,B3SA3.SA,17.600000381469727,17.639999389648438,17.540000915527344,17.559999465942383,586300
2026-05-12 13:45:00+00:00,B3SA3.SA,17.559999465942383,17.6200008392334,17.559999465942383,17.59000015258789,156300
2026-05-12 13:50:00+00:00,B3SA3.SA,17.600000381469727,17.6200008392334,17.559999465942383,17.559999465942383,110000
2026-05-12 13:55:00+00:00,B3SA3.SA,17.579999923706055,17.579999923706055,17.540000915527344,17.549999237060547,91600
2026-05-12 14:00:00+00:00,B3SA3.SA,17.549999237060547,17.559999465942383,17.489999771118164,17.510000228881836,293400
2026-05-12 14:05:00+00:00,B3SA3.SA,17.5,17.520000457763672,17.469999313354492,17.510000228881836,364700
2026-05-12 14:10:00+00:00,B3SA3.SA,17.510000228881836,17.510000228881836,17.450000762939453,17.459999084472656,100600
2026-05-12 14:15:00+00:00,B3SA3.SA,17.459999084472656,17.459999084472656,17.399999618530273,17.40999984741211,727600
2026-05-12 14:20:00+00:00,B3SA3.SA,17.399999618530273,17.420000076293945,17.3700008392334,17.399999618530273,176400
2026-05-12 14:25:00+00:00,B3SA3.SA,17.399999618530273,17.420000076293945,17.350000381469727,17.350000381469727,168000
2026-05-12 14:30:00+00:00,B3SA3.SA,17.350000381469727,17.360000610351562,17.299999237060547,17.360000610351562,190400
2026-05-12 14:35:00+00:00,B3SA3.SA,17.350000381469727,17.399999618530273,17.34000015258789,17.399999618530273,144900
2026-05-12 14:40:00+00:00,B3SA3.SA,17.399999618530273,17.450000762939453,17.3799991607666,17.3799991607666,194600
2026-05-12 14:45:00+00:00,B3SA3.SA,17.3799991607666,17.399999618530273,17.350000381469727,17.350000381469727,124600
2026-05-12 14:50:00+00:00,B3SA3.SA,17.360000610351562,17.399999618530273,17.34000015258789,17.399999618530273,109900
2026-05-12 14:55:00+00:00,B3SA3.SA,17.389999389648438,17.43000030517578,17.3799991607666,17.40999984741211,229000
2026-05-12 15:00:00+00:00,B3SA3.SA,17.399999618530273,17.43000030517578,17.389999389648438,17.40999984741211,188500
2026-05-12 15:05:00+00:00,B3SA3.SA,17.40999984741211,17.469999313354492,17.399999618530273,17.459999084472656,108600
2026-05-12 15:10:00+00:00,B3SA3.SA,17.459999084472656,17.459999084472656,17.389999389648438,17.40999984741211,312300
2026-05-12 15:15:00+00:00,B3SA3.SA,17.399999618530273,17.399999618530273,17.3700008392334,17.3700008392334,117300
2026-05-12 15:20:00+00:00,B3SA3.SA,17.3700008392334,17.389999389648438,17.350000381469727,17.3799991607666,108400
2026-05-12 15:25:00+00:00,B3SA3.SA,17.3700008392334,17.3799991607666,17.34000015258789,17.360000610351562,162800
2026-05-12 15:30:00+00:00,B3SA3.SA,17.350000381469727,17.389999389648438,17.350000381469727,17.360000610351562,124800
2026-05-12 15:35:00+00:00,B3SA3.SA,17.3700008392334,17.3700008392334,17.34000015258789,17.360000610351562,111200
2026-05-12 15:40:00+00:00,B3SA3.SA,17.360000610351562,17.3799991607666,17.34000015258789,17.3700008392334,134800
2026-05-12 15:45:00+00:00,B3SA3.SA,17.3700008392334,17.389999389648438,17.360000610351562,17.389999389648438,94800
2026-05-12 15:50:00+00:00,B3SA3.SA,17.389999389648438,17.399999618530273,17.360000610351562,17.3799991607666,150400
2026-05-12 15:55:00+00:00,B3SA3.SA,17.3799991607666,17.399999618530273,17.3700008392334,17.399999618530273,96900
2026-05-12 16:00:00+00:00,B3SA3.SA,17.399999618530273,17.399999618530273,17.3700008392334,17.389999389648438,213500
2026-05-12 16:05:00+00:00,B3SA3.SA,17.389999389648438,17.399999618530273,17.3700008392334,17.389999389648438,155000
2026-05-12 16:10:00+00:00,B3SA3.SA,17.399999618530273,17.450000762939453,17.389999389648438,17.450000762939453,344500
2026-05-12 16:15:00+00:00,B3SA3.SA,17.440000534057617,17.450000762939453,17.43000030517578,17.43000030517578,93200
2026-05-12 16:20:00+00:00,B3SA3.SA,17.440000534057617,17.440000534057617,17.389999389648438,17.399999618530273,219500
2026-05-12 16:25:00+00:00,B3SA3.SA,17.399999618530273,17.399999618530273,17.3700008392334,17.399999618530273,95700
2026-05-12 16:30:00+00:00,B3SA3.SA,17.389999389648438,17.399999618530273,17.3700008392334,17.389999389648438,148500
2026-05-12 16:35:00+00:00,B3SA3.SA,17.389999389648438,17.40999984741211,17.3799991607666,17.399999618530273,210300
2026-05-12 16:40:00+00:00,B3SA3.SA,17.399999618530273,17.399999618530273,17.329999923706055,17.360000610351562,189200
2026-05-12 16:45:00+00:00,B3SA3.SA,17.360000610351562,17.360000610351562,17.309999465942383,17.31999969482422,112600
2026-05-12 16:50:00+00:00,B3SA3.SA,17.31999969482422,17.31999969482422,17.299999237060547,17.31999969482422,161600
2026-05-12 16:55:00+00:00,B3SA3.SA,17.31999969482422,17.31999969482422,17.299999237060547,17.299999237060547,341000
2026-05-12 17:00:00+00:00,B3SA3.SA,17.309999465942383,17.360000610351562,17.299999237060547,17.350000381469727,163200
2026-05-12 17:05:00+00:00,B3SA3.SA,17.350000381469727,17.350000381469727,17.329999923706055,17.329999923706055,190200
2026-05-12 17:10:00+00:00,B3SA3.SA,17.329999923706055,17.34000015258789,17.299999237060547,17.309999465942383,144700
2026-05-12 17:15:00+00:00,B3SA3.SA,17.31999969482422,17.329999923706055,17.309999465942383,17.329999923706055,147200
2026-05-12 17:20:00+00:00,B3SA3.SA,17.329999923706055,17.360000610351562,17.31999969482422,17.329999923706055,172400
2026-05-12 17:25:00+00:00,B3SA3.SA,17.329999923706055,17.360000610351562,17.31999969482422,17.34000015258789,210100
2026-05-12 17:30:00+00:00,B3SA3.SA,17.34000015258789,17.350000381469727,17.31999969482422,17.34000015258789,207000
2026-05-12 17:35:00+00:00,B3SA3.SA,17.34000015258789,17.34000015258789,17.309999465942383,17.329999923706055,153900
2026-05-12 17:40:00+00:00,B3SA3.SA,17.329999923706055,17.34000015258789,17.299999237060547,17.299999237060547,198100
2026-05-12 17:45:00+00:00,B3SA3.SA,17.309999465942383,17.309999465942383,17.280000686645508,17.290000915527344,173100
2026-05-12 17:50:00+00:00,B3SA3.SA,17.280000686645508,17.309999465942383,17.260000228881836,17.280000686645508,270800
2026-05-12 17:55:00+00:00,B3SA3.SA,17.290000915527344,17.299999237060547,17.270000457763672,17.290000915527344,204000
2026-05-12 18:00:00+00:00,B3SA3.SA,17.290000915527344,17.299999237060547,17.239999771118164,17.260000228881836,268400
2026-05-12 18:05:00+00:00,B3SA3.SA,17.260000228881836,17.270000457763672,17.239999771118164,17.260000228881836,260700
2026-05-12 18:10:00+00:00,B3SA3.SA,17.260000228881836,17.260000228881836,17.219999313354492,17.260000228881836,216800
2026-05-12 18:15:00+00:00,B3SA3.SA,17.260000228881836,17.290000915527344,17.239999771118164,17.280000686645508,201400
2026-05-12 18:20:00+00:00,B3SA3.SA,17.290000915527344,17.299999237060547,17.270000457763672,17.280000686645508,204100
2026-05-12 18:25:00+00:00,B3SA3.SA,17.280000686645508,17.31999969482422,17.260000228881836,17.299999237060547,308600
2026-05-12 18:30:00+00:00,B3SA3.SA,17.299999237060547,17.31999969482422,17.280000686645508,17.31999969482422,131200
2026-05-12 18:35:00+00:00,B3SA3.SA,17.309999465942383,17.31999969482422,17.280000686645508,17.299999237060547,143700
2026-05-12 18:40:00+00:00,B3SA3.SA,17.299999237060547,17.299999237060547,17.260000228881836,17.290000915527344,165500
2026-05-12 18:45:00+00:00,B3SA3.SA,17.270000457763672,17.290000915527344,17.260000228881836,17.270000457763672,151300
2026-05-12 18:50:00+00:00,B3SA3.SA,17.270000457763672,17.299999237060547,17.260000228881836,17.290000915527344,202700
2026-05-12 18:55:00+00:00,B3SA3.SA,17.290000915527344,17.309999465942383,17.270000457763672,17.280000686645508,134900
2026-05-12 19:00:00+00:00,B3SA3.SA,17.270000457763672,17.309999465942383,17.270000457763672,17.299999237060547,176000
2026-05-12 19:05:00+00:00,B3SA3.SA,17.290000915527344,17.309999465942383,17.280000686645508,17.309999465942383,152000
2026-05-12 19:10:00+00:00,B3SA3.SA,17.309999465942383,17.329999923706055,17.299999237060547,17.309999465942383,124300
2026-05-12 19:15:00+00:00,B3SA3.SA,17.309999465942383,17.34000015258789,17.309999465942383,17.34000015258789,213200
2026-05-12 19:20:00+00:00,B3SA3.SA,17.34000015258789,17.34000015258789,17.290000915527344,17.299999237060547,173600
2026-05-12 19:25:00+00:00,B3SA3.SA,17.299999237060547,17.31999969482422,17.290000915527344,17.299999237060547,139200
2026-05-12 19:30:00+00:00,B3SA3.SA,17.299999237060547,17.309999465942383,17.280000686645508,17.299999237060547,196600
2026-05-12 19:35:00+00:00,B3SA3.SA,17.299999237060547,17.309999465942383,17.260000228881836,17.270000457763672,272000
2026-05-12 19:40:00+00:00,B3SA3.SA,17.270000457763672,17.290000915527344,17.270000457763672,17.290000915527344,239400
2026-05-12 19:45:00+00:00,B3SA3.SA,17.290000915527344,17.290000915527344,17.270000457763672,17.290000915527344,158600
2026-05-12 19:50:00+00:00,B3SA3.SA,17.280000686645508,17.299999237060547,17.270000457763672,17.270000457763672,220200
2026-05-13 13:05:00+00:00,B3SA3.SA,17.209999084472656,17.209999084472656,17.100000381469727,17.15999984741211,80300
2026-05-13 13:10:00+00:00,B3SA3.SA,17.149999618530273,17.329999923706055,17.149999618530273,17.31999969482422,1935700
2026-05-13 13:15:00+00:00,B3SA3.SA,17.309999465942383,17.34000015258789,17.280000686645508,17.299999237060547,588200
2026-05-13 13:20:00+00:00,B3SA3.SA,17.309999465942383,17.350000381469727,17.299999237060547,17.34000015258789,103200
2026-05-13 13:25:00+00:00,B3SA3.SA,17.34000015258789,17.34000015258789,17.229999542236328,17.239999771118164,126000
2026-05-13 13:30:00+00:00,B3SA3.SA,17.25,17.260000228881836,17.170000076293945,17.190000534057617,160800
2026-05-13 13:35:00+00:00,B3SA3.SA,17.190000534057617,17.219999313354492,17.110000610351562,17.1299991607666,137900
2026-05-13 13:40:00+00:00,B3SA3.SA,17.1200008392334,17.15999984741211,17.110000610351562,17.15999984741211,153000
2026-05-13 13:45:00+00:00,B3SA3.SA,17.149999618530273,17.290000915527344,17.149999618530273,17.290000915527344,603200
2026-05-13 13:50:00+00:00,B3SA3.SA,17.290000915527344,17.34000015258789,17.290000915527344,17.329999923706055,771400
2026-05-13 13:55:00+00:00,B3SA3.SA,17.34000015258789,17.350000381469727,17.309999465942383,17.31999969482422,68100
2026-05-13 14:00:00+00:00,B3SA3.SA,17.309999465942383,17.31999969482422,17.239999771118164,17.260000228881836,797000
2026-05-13 14:05:00+00:00,B3SA3.SA,17.25,17.280000686645508,17.229999542236328,17.25,796300
2026-05-13 14:10:00+00:00,B3SA3.SA,17.25,17.260000228881836,17.239999771118164,17.239999771118164,410500
2026-05-13 14:15:00+00:00,B3SA3.SA,17.25,17.270000457763672,17.1200008392334,17.1299991607666,1169300
2026-05-13 14:20:00+00:00,B3SA3.SA,17.1299991607666,17.18000030517578,17.1200008392334,17.139999389648438,927600
2026-05-13 14:25:00+00:00,B3SA3.SA,17.149999618530273,17.18000030517578,17.1299991607666,17.18000030517578,442900
2026-05-13 14:30:00+00:00,B3SA3.SA,17.18000030517578,17.18000030517578,17.110000610351562,17.139999389648438,2596100
2026-05-13 14:35:00+00:00,B3SA3.SA,17.149999618530273,17.190000534057617,17.1299991607666,17.18000030517578,2704200
2026-05-13 14:40:00+00:00,B3SA3.SA,17.18000030517578,17.18000030517578,17.149999618530273,17.15999984741211,129700
2026-05-13 14:45:00+00:00,B3SA3.SA,17.15999984741211,17.170000076293945,17.139999389648438,17.170000076293945,127900
2026-05-13 14:50:00+00:00,B3SA3.SA,17.170000076293945,17.219999313354492,17.15999984741211,17.209999084472656,333100
2026-05-13 14:55:00+00:00,B3SA3.SA,17.219999313354492,17.219999313354492,17.149999618530273,17.149999618530273,143400
2026-05-13 15:00:00+00:00,B3SA3.SA,17.149999618530273,17.190000534057617,17.149999618530273,17.190000534057617,302000
2026-05-13 15:05:00+00:00,B3SA3.SA,17.190000534057617,17.200000762939453,17.170000076293945,17.170000076293945,134600
2026-05-13 15:10:00+00:00,B3SA3.SA,17.170000076293945,17.190000534057617,17.149999618530273,17.18000030517578,186100
2026-05-13 15:15:00+00:00,B3SA3.SA,17.18000030517578,17.18000030517578,17.149999618530273,17.18000030517578,226600
2026-05-13 15:20:00+00:00,B3SA3.SA,17.18000030517578,17.25,17.170000076293945,17.219999313354492,3522900
2026-05-13 15:25:00+00:00,B3SA3.SA,17.219999313354492,17.239999771118164,17.190000534057617,17.200000762939453,411000
2026-05-13 15:30:00+00:00,B3SA3.SA,17.219999313354492,17.229999542236328,17.200000762939453,17.209999084472656,286600
2026-05-13 15:35:00+00:00,B3SA3.SA,17.209999084472656,17.270000457763672,17.200000762939453,17.270000457763672,334300
2026-05-13 15:40:00+00:00,B3SA3.SA,17.270000457763672,17.280000686645508,17.229999542236328,17.229999542236328,1617600
2026-05-13 15:45:00+00:00,B3SA3.SA,17.239999771118164,17.260000228881836,17.229999542236328,17.25,135900
2026-05-13 15:50:00+00:00,B3SA3.SA,17.260000228881836,17.299999237060547,17.25,17.299999237060547,153300
2026-05-13 15:55:00+00:00,B3SA3.SA,17.299999237060547,17.309999465942383,17.290000915527344,17.309999465942383,117400
2026-05-13 16:00:00+00:00,B3SA3.SA,17.299999237060547,17.329999923706055,17.299999237060547,17.31999969482422,152200
2026-05-13 16:05:00+00:00,B3SA3.SA,17.329999923706055,17.329999923706055,17.260000228881836,17.260000228881836,212200
2026-05-13 16:10:00+00:00,B3SA3.SA,17.270000457763672,17.270000457763672,17.25,17.25,106300
2026-05-13 16:15:00+00:00,B3SA3.SA,17.25,17.280000686645508,17.25,17.270000457763672,104900
2026-05-13 16:20:00+00:00,B3SA3.SA,17.280000686645508,17.309999465942383,17.270000457763672,17.299999237060547,254700
2026-05-13 16:25:00+00:00,B3SA3.SA,17.299999237060547,17.299999237060547,17.280000686645508,17.280000686645508,116800
2026-05-13 16:30:00+00:00,B3SA3.SA,17.280000686645508,17.309999465942383,17.280000686645508,17.299999237060547,67500
2026-05-13 16:35:00+00:00,B3SA3.SA,17.299999237060547,17.299999237060547,17.25,17.290000915527344,309600
2026-05-13 16:40:00+00:00,B3SA3.SA,17.290000915527344,17.290000915527344,17.260000228881836,17.280000686645508,71400
2026-05-13 16:45:00+00:00,B3SA3.SA,17.280000686645508,17.280000686645508,17.25,17.260000228881836,76000
2026-05-13 16:50:00+00:00,B3SA3.SA,17.260000228881836,17.290000915527344,17.25,17.260000228881836,132400
2026-05-13 16:55:00+00:00,B3SA3.SA,17.260000228881836,17.260000228881836,17.229999542236328,17.229999542236328,345300
2026-05-13 17:00:00+00:00,B3SA3.SA,17.229999542236328,17.260000228881836,17.190000534057617,17.209999084472656,1600200
2026-05-13 17:05:00+00:00,B3SA3.SA,17.209999084472656,17.229999542236328,17.190000534057617,17.229999542236328,222900
2026-05-13 17:10:00+00:00,B3SA3.SA,17.229999542236328,17.229999542236328,17.18000030517578,17.190000534057617,179300
2026-05-13 17:15:00+00:00,B3SA3.SA,17.18000030517578,17.229999542236328,17.18000030517578,17.229999542236328,454600
2026-05-13 17:20:00+00:00,B3SA3.SA,17.209999084472656,17.229999542236328,17.209999084472656,17.209999084472656,140700
2026-05-13 17:25:00+00:00,B3SA3.SA,17.200000762939453,17.239999771118164,17.190000534057617,17.190000534057617,222500
2026-05-13 17:30:00+00:00,B3SA3.SA,17.190000534057617,17.200000762939453,17.170000076293945,17.190000534057617,239600
2026-05-13 17:35:00+00:00,B3SA3.SA,17.18000030517578,17.209999084472656,17.18000030517578,17.200000762939453,232900
2026-05-13 17:40:00+00:00,B3SA3.SA,17.190000534057617,17.219999313354492,17.18000030517578,17.219999313354492,555600
2026-05-13 17:45:00+00:00,B3SA3.SA,17.200000762939453,17.219999313354492,17.18000030517578,17.209999084472656,174200
2026-05-13 17:50:00+00:00,B3SA3.SA,17.209999084472656,17.219999313354492,17.200000762939453,17.200000762939453,265400
2026-05-13 17:55:00+00:00,B3SA3.SA,17.209999084472656,17.209999084472656,16.920000076293945,16.979999542236328,2000400
2026-05-13 18:00:00+00:00,B3SA3.SA,16.979999542236328,17.020000457763672,16.8700008392334,16.93000030517578,1507100
2026-05-13 18:05:00+00:00,B3SA3.SA,16.940000534057617,16.959999084472656,16.829999923706055,16.850000381469727,1798900
2026-05-13 18:10:00+00:00,B3SA3.SA,16.850000381469727,16.8700008392334,16.709999084472656,16.780000686645508,1574300
2026-05-13 18:15:00+00:00,B3SA3.SA,16.760000228881836,16.780000686645508,16.600000381469727,16.690000534057617,3929400
2026-05-13 18:20:00+00:00,B3SA3.SA,16.670000076293945,16.709999084472656,16.6299991607666,16.639999389648438,1327500
2026-05-13 18:25:00+00:00,B3SA3.SA,16.6299991607666,16.649999618530273,16.579999923706055,16.6200008392334,1563700
2026-05-13 18:30:00+00:00,B3SA3.SA,16.610000610351562,16.649999618530273,16.559999465942383,16.579999923706055,625700
2026-05-13 18:35:00+00:00,B3SA3.SA,16.579999923706055,16.639999389648438,16.559999465942383,16.6299991607666,802300
2026-05-13 18:40:00+00:00,B3SA3.SA,16.6200008392334,16.670000076293945,16.549999237060547,16.579999923706055,509700
2026-05-13 18:45:00+00:00,B3SA3.SA,16.579999923706055,16.6200008392334,16.459999084472656,16.530000686645508,801900
2026-05-13 18:50:00+00:00,B3SA3.SA,16.530000686645508,16.65999984741211,16.530000686645508,16.649999618530273,1048300
2026-05-13 18:55:00+00:00,B3SA3.SA,16.649999618530273,16.690000534057617,16.610000610351562,16.65999984741211,592500
2026-05-13 19:00:00+00:00,B3SA3.SA,16.65999984741211,16.709999084472656,16.579999923706055,16.579999923706055,1189100
2026-05-13 19:05:00+00:00,B3SA3.SA,16.579999923706055,16.610000610351562,16.559999465942383,16.600000381469727,347300
2026-05-13 19:10:00+00:00,B3SA3.SA,16.600000381469727,16.610000610351562,16.549999237060547,16.559999465942383,378300
2026-05-13 19:15:00+00:00,B3SA3.SA,16.559999465942383,16.65999984741211,16.549999237060547,16.649999618530273,1006400
2026-05-13 19:20:00+00:00,B3SA3.SA,16.649999618530273,16.670000076293945,16.639999389648438,16.649999618530273,682200
2026-05-13 19:25:00+00:00,B3SA3.SA,16.649999618530273,16.65999984741211,16.600000381469727,16.600000381469727,1066700
2026-05-13 19:30:00+00:00,B3SA3.SA,16.600000381469727,16.6299991607666,16.549999237060547,16.559999465942383,1205100
2026-05-13 19:35:00+00:00,B3SA3.SA,16.56999969482422,16.670000076293945,16.549999237060547,16.670000076293945,693700
2026-05-13 19:40:00+00:00,B3SA3.SA,16.670000076293945,16.700000762939453,16.649999618530273,16.670000076293945,762900
2026-05-13 19:45:00+00:00,B3SA3.SA,16.670000076293945,16.709999084472656,16.59000015258789,16.600000381469727,2353700
2026-05-13 19:50:00+00:00,B3SA3.SA,16.600000381469727,16.6200008392334,16.559999465942383,16.600000381469727,3032100
2026-05-14 13:05:00+00:00,B3SA3.SA,16.950000762939453,16.959999084472656,16.899999618530273,16.940000534057617,0
2026-05-14 13:10:00+00:00,B3SA3.SA,16.940000534057617,16.940000534057617,16.75,16.760000228881836,485600
2026-05-14 13:15:00+00:00,B3SA3.SA,16.760000228881836,16.799999237060547,16.709999084472656,16.709999084472656,539900
2026-05-14 13:20:00+00:00,B3SA3.SA,16.719999313354492,16.790000915527344,16.719999313354492,16.780000686645508,271200
2026-05-14 13:25:00+00:00,B3SA3.SA,16.790000915527344,16.799999237060547,16.68000030517578,16.700000762939453,366600
2026-05-14 13:30:00+00:00,B3SA3.SA,16.690000534057617,16.739999771118164,16.65999984741211,16.719999313354492,323000
2026-05-14 13:35:00+00:00,B3SA3.SA,16.719999313354492,16.770000457763672,16.700000762939453,16.719999313354492,352800
2026-05-14 13:40:00+00:00,B3SA3.SA,16.719999313354492,16.739999771118164,16.690000534057617,16.700000762939453,276600
2026-05-14 13:45:00+00:00,B3SA3.SA,16.709999084472656,16.719999313354492,16.579999923706055,16.639999389648438,518900
2026-05-14 13:50:00+00:00,B3SA3.SA,16.639999389648438,16.670000076293945,16.600000381469727,16.670000076293945,270200
2026-05-14 13:55:00+00:00,B3SA3.SA,16.65999984741211,16.670000076293945,16.59000015258789,16.600000381469727,236400
2026-05-14 14:00:00+00:00,B3SA3.SA,16.600000381469727,16.649999618530273,16.600000381469727,16.6200008392334,251000
2026-05-14 14:05:00+00:00,B3SA3.SA,16.6200008392334,16.75,16.610000610351562,16.739999771118164,1019700
2026-05-14 14:10:00+00:00,B3SA3.SA,16.729999542236328,16.809999465942383,16.729999542236328,16.760000228881836,756700
2026-05-14 14:15:00+00:00,B3SA3.SA,16.760000228881836,16.790000915527344,16.700000762939453,16.729999542236328,469400
2026-05-14 14:20:00+00:00,B3SA3.SA,16.729999542236328,16.760000228881836,16.719999313354492,16.760000228881836,1493500
2026-05-14 14:25:00+00:00,B3SA3.SA,16.760000228881836,16.809999465942383,16.729999542236328,16.780000686645508,321400
2026-05-14 14:30:00+00:00,B3SA3.SA,16.790000915527344,16.829999923706055,16.770000457763672,16.809999465942383,285600
2026-05-14 14:35:00+00:00,B3SA3.SA,16.81999969482422,16.81999969482422,16.780000686645508,16.790000915527344,233400
2026-05-14 14:40:00+00:00,B3SA3.SA,16.790000915527344,16.809999465942383,16.760000228881836,16.799999237060547,188600
2026-05-14 14:45:00+00:00,B3SA3.SA,16.799999237060547,16.809999465942383,16.760000228881836,16.799999237060547,199100
2026-05-14 14:50:00+00:00,B3SA3.SA,16.799999237060547,16.81999969482422,16.790000915527344,16.809999465942383,208900
2026-05-14 14:55:00+00:00,B3SA3.SA,16.809999465942383,16.850000381469727,16.799999237060547,16.81999969482422,213000
2026-05-14 15:00:00+00:00,B3SA3.SA,16.81999969482422,16.889999389648438,16.809999465942383,16.850000381469727,451600
2026-05-14 15:05:00+00:00,B3SA3.SA,16.860000610351562,16.8700008392334,16.81999969482422,16.850000381469727,896800
2026-05-14 15:10:00+00:00,B3SA3.SA,16.860000610351562,16.8700008392334,16.829999923706055,16.829999923706055,412500
2026-05-14 15:15:00+00:00,B3SA3.SA,16.84000015258789,16.84000015258789,16.799999237060547,16.809999465942383,193800
2026-05-14 15:20:00+00:00,B3SA3.SA,16.81999969482422,16.81999969482422,16.799999237060547,16.799999237060547,129800
2026-05-14 15:25:00+00:00,B3SA3.SA,16.809999465942383,16.84000015258789,16.790000915527344,16.799999237060547,1206800
2026-05-14 15:30:00+00:00,B3SA3.SA,16.799999237060547,16.829999923706055,16.780000686645508,16.790000915527344,270000
2026-05-14 15:35:00+00:00,B3SA3.SA,16.799999237060547,16.84000015258789,16.780000686645508,16.84000015258789,228200
2026-05-14 15:40:00+00:00,B3SA3.SA,16.84000015258789,16.84000015258789,16.809999465942383,16.809999465942383,138700
2026-05-14 15:45:00+00:00,B3SA3.SA,16.81999969482422,16.84000015258789,16.809999465942383,16.829999923706055,191900
2026-05-14 15:50:00+00:00,B3SA3.SA,16.81999969482422,16.84000015258789,16.790000915527344,16.790000915527344,197900
2026-05-14 15:55:00+00:00,B3SA3.SA,16.799999237060547,16.81999969482422,16.780000686645508,16.790000915527344,304300
2026-05-14 16:00:00+00:00,B3SA3.SA,16.799999237060547,16.829999923706055,16.780000686645508,16.81999969482422,355300
2026-05-14 16:05:00+00:00,B3SA3.SA,16.829999923706055,16.829999923706055,16.799999237060547,16.799999237060547,101300
2026-05-14 16:10:00+00:00,B3SA3.SA,16.809999465942383,16.860000610351562,16.799999237060547,16.81999969482422,745200
2026-05-14 16:15:00+00:00,B3SA3.SA,16.829999923706055,16.829999923706055,16.790000915527344,16.809999465942383,257500
2026-05-14 16:20:00+00:00,B3SA3.SA,16.81999969482422,16.81999969482422,16.770000457763672,16.780000686645508,183600
2026-05-14 16:25:00+00:00,B3SA3.SA,16.770000457763672,16.780000686645508,16.690000534057617,16.700000762939453,519800
2026-05-14 16:30:00+00:00,B3SA3.SA,16.709999084472656,16.729999542236328,16.690000534057617,16.719999313354492,299200
2026-05-14 16:35:00+00:00,B3SA3.SA,16.719999313354492,16.780000686645508,16.709999084472656,16.760000228881836,261500
2026-05-14 16:40:00+00:00,B3SA3.SA,16.760000228881836,16.809999465942383,16.75,16.799999237060547,577500
2026-05-14 16:45:00+00:00,B3SA3.SA,16.799999237060547,16.84000015258789,16.790000915527344,16.81999969482422,369300
2026-05-14 16:50:00+00:00,B3SA3.SA,16.81999969482422,16.829999923706055,16.799999237060547,16.81999969482422,196500
2026-05-14 16:55:00+00:00,B3SA3.SA,16.81999969482422,16.81999969482422,16.790000915527344,16.809999465942383,179900
2026-05-14 17:00:00+00:00,B3SA3.SA,16.809999465942383,16.829999923706055,16.799999237060547,16.829999923706055,191700
2026-05-14 17:05:00+00:00,B3SA3.SA,16.829999923706055,16.8799991607666,16.81999969482422,16.8799991607666,199600
2026-05-14 17:10:00+00:00,B3SA3.SA,16.8799991607666,16.889999389648438,16.850000381469727,16.860000610351562,223800
2026-05-14 17:15:00+00:00,B3SA3.SA,16.860000610351562,16.860000610351562,16.81999969482422,16.829999923706055,157200
2026-05-14 17:20:00+00:00,B3SA3.SA,16.829999923706055,16.860000610351562,16.799999237060547,16.850000381469727,221900
2026-05-14 17:25:00+00:00,B3SA3.SA,16.850000381469727,16.850000381469727,16.829999923706055,16.84000015258789,162100
2026-05-14 17:30:00+00:00,B3SA3.SA,16.84000015258789,16.889999389648438,16.829999923706055,16.8799991607666,184800
2026-05-14 17:35:00+00:00,B3SA3.SA,16.8799991607666,16.899999618530273,16.8700008392334,16.889999389648438,139000
2026-05-14 17:40:00+00:00,B3SA3.SA,16.889999389648438,16.889999389648438,16.860000610351562,16.8700008392334,181100
2026-05-14 17:45:00+00:00,B3SA3.SA,16.8799991607666,16.920000076293945,16.8700008392334,16.899999618530273,252900
2026-05-14 17:50:00+00:00,B3SA3.SA,16.899999618530273,16.899999618530273,16.860000610351562,16.8700008392334,152500
2026-05-14 17:55:00+00:00,B3SA3.SA,16.8700008392334,16.889999389648438,16.850000381469727,16.850000381469727,229100
2026-05-14 18:00:00+00:00,B3SA3.SA,16.850000381469727,16.860000610351562,16.809999465942383,16.829999923706055,312300
2026-05-14 18:05:00+00:00,B3SA3.SA,16.829999923706055,16.860000610351562,16.81999969482422,16.860000610351562,205100
2026-05-14 18:10:00+00:00,B3SA3.SA,16.860000610351562,16.860000610351562,16.829999923706055,16.860000610351562,205500
2026-05-14 18:15:00+00:00,B3SA3.SA,16.860000610351562,16.860000610351562,16.84000015258789,16.850000381469727,199400
2026-05-14 18:20:00+00:00,B3SA3.SA,16.850000381469727,16.860000610351562,16.829999923706055,16.84000015258789,212900
2026-05-14 18:25:00+00:00,B3SA3.SA,16.829999923706055,16.850000381469727,16.81999969482422,16.84000015258789,219100
2026-05-14 18:30:00+00:00,B3SA3.SA,16.84000015258789,16.850000381469727,16.81999969482422,16.829999923706055,235200
2026-05-14 18:35:00+00:00,B3SA3.SA,16.81999969482422,16.84000015258789,16.799999237060547,16.81999969482422,306900
2026-05-14 18:40:00+00:00,B3SA3.SA,16.81999969482422,16.829999923706055,16.799999237060547,16.799999237060547,243300
2026-05-14 18:45:00+00:00,B3SA3.SA,16.790000915527344,16.84000015258789,16.780000686645508,16.829999923706055,297300
2026-05-14 18:50:00+00:00,B3SA3.SA,16.829999923706055,16.84000015258789,16.809999465942383,16.81999969482422,213900
2026-05-14 18:55:00+00:00,B3SA3.SA,16.81999969482422,16.850000381469727,16.809999465942383,16.850000381469727,299800
2026-05-14 19:00:00+00:00,B3SA3.SA,16.850000381469727,16.8799991607666,16.81999969482422,16.850000381469727,302200
2026-05-14 19:05:00+00:00,B3SA3.SA,16.850000381469727,16.850000381469727,16.809999465942383,16.809999465942383,340300
2026-05-14 19:10:00+00:00,B3SA3.SA,16.81999969482422,16.84000015258789,16.809999465942383,16.829999923706055,214600
2026-05-14 19:15:00+00:00,B3SA3.SA,16.829999923706055,16.860000610351562,16.81999969482422,16.850000381469727,336100
2026-05-14 19:20:00+00:00,B3SA3.SA,16.84000015258789,16.8700008392334,16.829999923706055,16.829999923706055,326400
2026-05-14 19:25:00+00:00,B3SA3.SA,16.84000015258789,16.850000381469727,16.81999969482422,16.81999969482422,278200
2026-05-14 19:30:00+00:00,B3SA3.SA,16.81999969482422,16.850000381469727,16.809999465942383,16.829999923706055,260800
2026-05-14 19:35:00+00:00,B3SA3.SA,16.81999969482422,16.84000015258789,16.799999237060547,16.84000015258789,363600
2026-05-14 19:40:00+00:00,B3SA3.SA,16.84000015258789,16.84000015258789,16.81999969482422,16.84000015258789,244000
2026-05-14 19:45:00+00:00,B3SA3.SA,16.829999923706055,16.84000015258789,16.81999969482422,16.81999969482422,315200
2026-05-14 19:50:00+00:00,B3SA3.SA,16.81999969482422,16.899999618530273,16.809999465942383,16.899999618530273,440900
2026-05-15 13:05:00+00:00,B3SA3.SA,16.530000686645508,16.559999465942383,16.469999313354492,16.469999313354492,83000
2026-05-15 13:10:00+00:00,B3SA3.SA,16.479999542236328,16.549999237060547,16.459999084472656,16.520000457763672,876800
2026-05-15 13:15:00+00:00,B3SA3.SA,16.520000457763672,16.559999465942383,16.5,16.520000457763672,99300
2026-05-15 13:20:00+00:00,B3SA3.SA,16.520000457763672,16.600000381469727,16.520000457763672,16.59000015258789,114300
2026-05-15 13:25:00+00:00,B3SA3.SA,16.600000381469727,16.6299991607666,16.549999237060547,16.559999465942383,271500
2026-05-15 13:30:00+00:00,B3SA3.SA,16.559999465942383,16.579999923706055,16.520000457763672,16.540000915527344,234600
2026-05-15 13:35:00+00:00,B3SA3.SA,16.540000915527344,16.59000015258789,16.530000686645508,16.579999923706055,176100
2026-05-15 13:40:00+00:00,B3SA3.SA,16.579999923706055,16.59000015258789,16.549999237060547,16.549999237060547,147200
2026-05-15 13:45:00+00:00,B3SA3.SA,16.549999237060547,16.559999465942383,16.459999084472656,16.479999542236328,307800
2026-05-15 13:50:00+00:00,B3SA3.SA,16.469999313354492,16.600000381469727,16.450000762939453,16.579999923706055,387200
2026-05-15 13:55:00+00:00,B3SA3.SA,16.56999969482422,16.6299991607666,16.549999237060547,16.600000381469727,326400
2026-05-15 14:00:00+00:00,B3SA3.SA,16.59000015258789,16.610000610351562,16.530000686645508,16.549999237060547,271800
2026-05-15 14:05:00+00:00,B3SA3.SA,16.559999465942383,16.6200008392334,16.530000686645508,16.610000610351562,201100
2026-05-15 14:10:00+00:00,B3SA3.SA,16.600000381469727,16.670000076293945,16.600000381469727,16.649999618530273,229500
2026-05-15 14:15:00+00:00,B3SA3.SA,16.649999618530273,16.709999084472656,16.649999618530273,16.709999084472656,122000
2026-05-15 14:20:00+00:00,B3SA3.SA,16.709999084472656,16.719999313354492,16.68000030517578,16.709999084472656,180300
2026-05-15 14:25:00+00:00,B3SA3.SA,16.709999084472656,16.709999084472656,16.6299991607666,16.649999618530273,99500
2026-05-15 14:30:00+00:00,B3SA3.SA,16.649999618530273,16.690000534057617,16.639999389648438,16.65999984741211,79300
2026-05-15 14:35:00+00:00,B3SA3.SA,16.65999984741211,16.700000762939453,16.649999618530273,16.68000030517578,131200
2026-05-15 14:40:00+00:00,B3SA3.SA,16.68000030517578,16.690000534057617,16.610000610351562,16.639999389648438,531900
2026-05-15 14:45:00+00:00,B3SA3.SA,16.639999389648438,16.649999618530273,16.610000610351562,16.6299991607666,128600
2026-05-15 14:50:00+00:00,B3SA3.SA,16.6200008392334,16.6299991607666,16.56999969482422,16.600000381469727,182800
2026-05-15 14:55:00+00:00,B3SA3.SA,16.600000381469727,16.610000610351562,16.530000686645508,16.530000686645508,156700
2026-05-15 15:00:00+00:00,B3SA3.SA,16.540000915527344,16.59000015258789,16.530000686645508,16.59000015258789,489400
2026-05-15 15:05:00+00:00,B3SA3.SA,16.59000015258789,16.6299991607666,16.579999923706055,16.600000381469727,398300
2026-05-15 15:10:00+00:00,B3SA3.SA,16.610000610351562,16.639999389648438,16.56999969482422,16.6200008392334,116200
2026-05-15 15:15:00+00:00,B3SA3.SA,16.6200008392334,16.6299991607666,16.600000381469727,16.600000381469727,112700
2026-05-15 15:20:00+00:00,B3SA3.SA,16.59000015258789,16.6200008392334,16.579999923706055,16.579999923706055,70800
2026-05-15 15:25:00+00:00,B3SA3.SA,16.56999969482422,16.649999618530273,16.56999969482422,16.639999389648438,134300
2026-05-15 15:30:00+00:00,B3SA3.SA,16.649999618530273,16.649999618530273,16.59000015258789,16.600000381469727,148300
2026-05-15 15:35:00+00:00,B3SA3.SA,16.59000015258789,16.610000610351562,16.579999923706055,16.579999923706055,98100
2026-05-15 15:40:00+00:00,B3SA3.SA,16.579999923706055,16.65999984741211,16.579999923706055,16.65999984741211,1119500
2026-05-15 15:45:00+00:00,B3SA3.SA,16.65999984741211,16.729999542236328,16.65999984741211,16.719999313354492,235500
2026-05-15 15:50:00+00:00,B3SA3.SA,16.719999313354492,16.739999771118164,16.68000030517578,16.709999084472656,547300
2026-05-15 15:55:00+00:00,B3SA3.SA,16.709999084472656,16.770000457763672,16.709999084472656,16.770000457763672,277500
2026-05-15 16:00:00+00:00,B3SA3.SA,16.760000228881836,16.790000915527344,16.75,16.770000457763672,208600
2026-05-15 16:05:00+00:00,B3SA3.SA,16.790000915527344,16.790000915527344,16.700000762939453,16.719999313354492,136100
2026-05-15 16:10:00+00:00,B3SA3.SA,16.719999313354492,16.729999542236328,16.690000534057617,16.729999542236328,109900
2026-05-15 16:15:00+00:00,B3SA3.SA,16.719999313354492,16.770000457763672,16.719999313354492,16.760000228881836,127200
2026-05-15 16:20:00+00:00,B3SA3.SA,16.739999771118164,16.780000686645508,16.739999771118164,16.780000686645508,50100
2026-05-15 16:25:00+00:00,B3SA3.SA,16.780000686645508,16.790000915527344,16.770000457763672,16.780000686645508,54900
2026-05-15 16:30:00+00:00,B3SA3.SA,16.790000915527344,16.790000915527344,16.739999771118164,16.760000228881836,90500
2026-05-15 16:35:00+00:00,B3SA3.SA,16.770000457763672,16.790000915527344,16.75,16.770000457763672,49100
2026-05-15 16:40:00+00:00,B3SA3.SA,16.780000686645508,16.84000015258789,16.770000457763672,16.809999465942383,421500
2026-05-15 16:45:00+00:00,B3SA3.SA,16.829999923706055,16.84000015258789,16.809999465942383,16.829999923706055,74300
2026-05-15 16:50:00+00:00,B3SA3.SA,16.829999923706055,16.829999923706055,16.770000457763672,16.790000915527344,220400
2026-05-15 16:55:00+00:00,B3SA3.SA,16.790000915527344,16.809999465942383,16.760000228881836,16.770000457763672,1214600
2026-05-15 17:00:00+00:00,B3SA3.SA,16.770000457763672,16.770000457763672,16.719999313354492,16.760000228881836,2347100
2026-05-15 17:05:00+00:00,B3SA3.SA,16.75,16.760000228881836,16.739999771118164,16.75,767800
2026-05-15 17:10:00+00:00,B3SA3.SA,16.760000228881836,16.760000228881836,16.729999542236328,16.75,189100
2026-05-15 17:15:00+00:00,B3SA3.SA,16.75,16.790000915527344,16.739999771118164,16.780000686645508,174100
2026-05-15 17:20:00+00:00,B3SA3.SA,16.780000686645508,16.790000915527344,16.760000228881836,16.770000457763672,83900
2026-05-15 17:25:00+00:00,B3SA3.SA,16.780000686645508,16.829999923706055,16.770000457763672,16.770000457763672,247000
2026-05-15 17:30:00+00:00,B3SA3.SA,16.780000686645508,16.790000915527344,16.760000228881836,16.780000686645508,65400
2026-05-15 17:35:00+00:00,B3SA3.SA,16.790000915527344,16.790000915527344,16.760000228881836,16.770000457763672,81200
2026-05-15 17:40:00+00:00,B3SA3.SA,16.770000457763672,16.780000686645508,16.739999771118164,16.760000228881836,99200
2026-05-15 17:45:00+00:00,B3SA3.SA,16.770000457763672,16.780000686645508,16.75,16.760000228881836,106000
2026-05-15 17:50:00+00:00,B3SA3.SA,16.770000457763672,16.790000915527344,16.75,16.790000915527344,102400
2026-05-15 17:55:00+00:00,B3SA3.SA,16.790000915527344,16.790000915527344,16.760000228881836,16.780000686645508,99900
2026-05-15 18:00:00+00:00,B3SA3.SA,16.780000686645508,16.799999237060547,16.760000228881836,16.790000915527344,189200
2026-05-15 18:05:00+00:00,B3SA3.SA,16.790000915527344,16.790000915527344,16.760000228881836,16.780000686645508,97200
2026-05-15 18:10:00+00:00,B3SA3.SA,16.780000686645508,16.790000915527344,16.760000228881836,16.770000457763672,122300
2026-05-15 18:15:00+00:00,B3SA3.SA,16.770000457763672,16.780000686645508,16.719999313354492,16.729999542236328,128300
2026-05-15 18:20:00+00:00,B3SA3.SA,16.729999542236328,16.760000228881836,16.709999084472656,16.729999542236328,137200
2026-05-15 18:25:00+00:00,B3SA3.SA,16.729999542236328,16.760000228881836,16.719999313354492,16.75,134200
2026-05-15 18:30:00+00:00,B3SA3.SA,16.739999771118164,16.75,16.6299991607666,16.649999618530273,375400
2026-05-15 18:35:00+00:00,B3SA3.SA,16.639999389648438,16.65999984741211,16.6299991607666,16.65999984741211,156500
2026-05-15 18:40:00+00:00,B3SA3.SA,16.649999618530273,16.690000534057617,16.6200008392334,16.68000030517578,131400
2026-05-15 18:45:00+00:00,B3SA3.SA,16.68000030517578,16.68000030517578,16.649999618530273,16.65999984741211,135300
2026-05-15 18:50:00+00:00,B3SA3.SA,16.65999984741211,16.68000030517578,16.639999389648438,16.65999984741211,175200
2026-05-15 18:55:00+00:00,B3SA3.SA,16.65999984741211,16.68000030517578,16.6200008392334,16.6299991607666,196200
2026-05-15 19:00:00+00:00,B3SA3.SA,16.639999389648438,16.649999618530273,16.610000610351562,16.6299991607666,281500
2026-05-15 19:05:00+00:00,B3SA3.SA,16.6299991607666,16.649999618530273,16.610000610351562,16.610000610351562,247200
2026-05-15 19:10:00+00:00,B3SA3.SA,16.6200008392334,16.6299991607666,16.59000015258789,16.610000610351562,223600
2026-05-15 19:15:00+00:00,B3SA3.SA,16.6200008392334,16.639999389648438,16.600000381469727,16.6200008392334,201000
2026-05-15 19:20:00+00:00,B3SA3.SA,16.6200008392334,16.6299991607666,16.600000381469727,16.600000381469727,159300
2026-05-15 19:25:00+00:00,B3SA3.SA,16.600000381469727,16.670000076293945,16.600000381469727,16.65999984741211,316700
2026-05-15 19:30:00+00:00,B3SA3.SA,16.65999984741211,16.68000030517578,16.610000610351562,16.639999389648438,278800
2026-05-15 19:35:00+00:00,B3SA3.SA,16.6299991607666,16.65999984741211,16.6200008392334,16.649999618530273,253300
2026-05-15 19:40:00+00:00,B3SA3.SA,16.65999984741211,16.68000030517578,16.649999618530273,16.670000076293945,250700
2026-05-15 19:45:00+00:00,B3SA3.SA,16.65999984741211,16.719999313354492,16.65999984741211,16.719999313354492,294300
2026-05-15 19:50:00+00:00,B3SA3.SA,16.709999084472656,16.719999313354492,16.68000030517578,16.68000030517578,393900
2026-05-18 13:00:00+00:00,B3SA3.SA,16.700000762939453,16.780000686645508,16.690000534057617,16.75,0
2026-05-18 13:05:00+00:00,B3SA3.SA,16.760000228881836,16.920000076293945,16.75,16.799999237060547,3069400
2026-05-18 13:10:00+00:00,B3SA3.SA,16.809999465942383,16.81999969482422,16.700000762939453,16.709999084472656,101600
2026-05-18 13:15:00+00:00,B3SA3.SA,16.709999084472656,16.709999084472656,16.59000015258789,16.6200008392334,214600
2026-05-18 13:20:00+00:00,B3SA3.SA,16.6200008392334,16.690000534057617,16.59000015258789,16.68000030517578,164100
2026-05-18 13:25:00+00:00,B3SA3.SA,16.68000030517578,16.690000534057617,16.649999618530273,16.649999618530273,89500
2026-05-18 13:30:00+00:00,B3SA3.SA,16.649999618530273,16.65999984741211,16.549999237060547,16.56999969482422,253000
2026-05-18 13:35:00+00:00,B3SA3.SA,16.56999969482422,16.579999923706055,16.5,16.530000686645508,384000
2026-05-18 13:40:00+00:00,B3SA3.SA,16.540000915527344,16.59000015258789,16.520000457763672,16.579999923706055,204900
2026-05-18 13:45:00+00:00,B3SA3.SA,16.579999923706055,16.700000762939453,16.579999923706055,16.670000076293945,322200
2026-05-18 13:50:00+00:00,B3SA3.SA,16.670000076293945,16.700000762939453,16.670000076293945,16.700000762939453,102100
2026-05-18 13:55:00+00:00,B3SA3.SA,16.700000762939453,16.700000762939453,16.68000030517578,16.68000030517578,78900
2026-05-18 14:00:00+00:00,B3SA3.SA,16.68000030517578,16.709999084472656,16.6200008392334,16.6299991607666,445000
2026-05-18 14:05:00+00:00,B3SA3.SA,16.6299991607666,16.6299991607666,16.540000915527344,16.59000015258789,174800
2026-05-18 14:10:00+00:00,B3SA3.SA,16.59000015258789,16.6200008392334,16.559999465942383,16.56999969482422,123900
2026-05-18 14:15:00+00:00,B3SA3.SA,16.579999923706055,16.59000015258789,16.549999237060547,16.59000015258789,78300
2026-05-18 14:20:00+00:00,B3SA3.SA,16.59000015258789,16.6200008392334,16.56999969482422,16.59000015258789,162500
2026-05-18 14:25:00+00:00,B3SA3.SA,16.59000015258789,16.670000076293945,16.59000015258789,16.649999618530273,154500
2026-05-18 14:30:00+00:00,B3SA3.SA,16.649999618530273,16.670000076293945,16.639999389648438,16.65999984741211,86000
2026-05-18 14:35:00+00:00,B3SA3.SA,16.670000076293945,16.670000076293945,16.6299991607666,16.649999618530273,156600
2026-05-18 14:40:00+00:00,B3SA3.SA,16.649999618530273,16.670000076293945,16.6299991607666,16.6299991607666,95500
2026-05-18 14:45:00+00:00,B3SA3.SA,16.6299991607666,16.65999984741211,16.610000610351562,16.610000610351562,153200
2026-05-18 14:50:00+00:00,B3SA3.SA,16.610000610351562,16.670000076293945,16.600000381469727,16.649999618530273,81400
2026-05-18 14:55:00+00:00,B3SA3.SA,16.649999618530273,16.690000534057617,16.649999618530273,16.68000030517578,146100
2026-05-18 15:00:00+00:00,B3SA3.SA,16.690000534057617,16.709999084472656,16.6299991607666,16.639999389648438,202700
2026-05-18 15:05:00+00:00,B3SA3.SA,16.649999618530273,16.690000534057617,16.649999618530273,16.649999618530273,198700
2026-05-18 15:10:00+00:00,B3SA3.SA,16.65999984741211,16.690000534057617,16.649999618530273,16.690000534057617,125700
2026-05-18 15:15:00+00:00,B3SA3.SA,16.68000030517578,16.709999084472656,16.65999984741211,16.65999984741211,133600
2026-05-18 15:20:00+00:00,B3SA3.SA,16.65999984741211,16.68000030517578,16.639999389648438,16.639999389648438,129600
2026-05-18 15:25:00+00:00,B3SA3.SA,16.639999389648438,16.670000076293945,16.6200008392334,16.6200008392334,112700
2026-05-18 15:30:00+00:00,B3SA3.SA,16.6200008392334,16.700000762939453,16.610000610351562,16.700000762939453,102900
2026-05-18 15:35:00+00:00,B3SA3.SA,16.700000762939453,16.729999542236328,16.690000534057617,16.719999313354492,94800
2026-05-18 15:40:00+00:00,B3SA3.SA,16.729999542236328,16.75,16.700000762939453,16.719999313354492,190100
2026-05-18 15:45:00+00:00,B3SA3.SA,16.709999084472656,16.729999542236328,16.709999084472656,16.709999084472656,197800
2026-05-18 15:50:00+00:00,B3SA3.SA,16.709999084472656,16.729999542236328,16.690000534057617,16.719999313354492,262800
2026-05-18 15:55:00+00:00,B3SA3.SA,16.709999084472656,16.739999771118164,16.709999084472656,16.719999313354492,108000
2026-05-18 16:00:00+00:00,B3SA3.SA,16.719999313354492,16.719999313354492,16.690000534057617,16.700000762939453,74300
2026-05-18 16:05:00+00:00,B3SA3.SA,16.700000762939453,16.709999084472656,16.690000534057617,16.709999084472656,81900
2026-05-18 16:10:00+00:00,B3SA3.SA,16.700000762939453,16.709999084472656,16.690000534057617,16.700000762939453,106400
2026-05-18 16:15:00+00:00,B3SA3.SA,16.700000762939453,16.739999771118164,16.700000762939453,16.709999084472656,206600
2026-05-18 16:20:00+00:00,B3SA3.SA,16.709999084472656,16.719999313354492,16.700000762939453,16.709999084472656,96900
2026-05-18 16:25:00+00:00,B3SA3.SA,16.709999084472656,16.709999084472656,16.639999389648438,16.65999984741211,347500
2026-05-18 16:30:00+00:00,B3SA3.SA,16.65999984741211,16.670000076293945,16.6299991607666,16.65999984741211,93900
2026-05-18 16:35:00+00:00,B3SA3.SA,16.649999618530273,16.670000076293945,16.639999389648438,16.670000076293945,106300
2026-05-18 16:40:00+00:00,B3SA3.SA,16.65999984741211,16.670000076293945,16.6299991607666,16.639999389648438,118300
2026-05-18 16:45:00+00:00,B3SA3.SA,16.6299991607666,16.649999618530273,16.6200008392334,16.649999618530273,90100
2026-05-18 16:50:00+00:00,B3SA3.SA,16.639999389648438,16.739999771118164,16.639999389648438,16.729999542236328,162800
2026-05-18 16:55:00+00:00,B3SA3.SA,16.719999313354492,16.780000686645508,16.719999313354492,16.760000228881836,157600
2026-05-18 17:00:00+00:00,B3SA3.SA,16.75,16.809999465942383,16.75,16.790000915527344,341500
2026-05-18 17:05:00+00:00,B3SA3.SA,16.790000915527344,16.81999969482422,16.780000686645508,16.799999237060547,337000
2026-05-18 17:10:00+00:00,B3SA3.SA,16.809999465942383,16.809999465942383,16.770000457763672,16.790000915527344,307000
2026-05-18 17:15:00+00:00,B3SA3.SA,16.790000915527344,16.799999237060547,16.770000457763672,16.780000686645508,186700
2026-05-18 17:20:00+00:00,B3SA3.SA,16.780000686645508,16.799999237060547,16.75,16.760000228881836,256700
2026-05-18 17:25:00+00:00,B3SA3.SA,16.75,16.780000686645508,16.719999313354492,16.739999771118164,223300
2026-05-18 17:30:00+00:00,B3SA3.SA,16.729999542236328,16.739999771118164,16.709999084472656,16.719999313354492,71000
2026-05-18 17:35:00+00:00,B3SA3.SA,16.719999313354492,16.719999313354492,16.670000076293945,16.670000076293945,104200
2026-05-18 17:40:00+00:00,B3SA3.SA,16.670000076293945,16.690000534057617,16.65999984741211,16.65999984741211,146000
2026-05-18 17:45:00+00:00,B3SA3.SA,16.65999984741211,16.670000076293945,16.6299991607666,16.649999618530273,162800
2026-05-18 17:50:00+00:00,B3SA3.SA,16.639999389648438,16.65999984741211,16.6299991607666,16.639999389648438,117700
2026-05-18 17:55:00+00:00,B3SA3.SA,16.639999389648438,16.649999618530273,16.6299991607666,16.649999618530273,108300
2026-05-18 18:00:00+00:00,B3SA3.SA,16.639999389648438,16.649999618530273,16.59000015258789,16.59000015258789,272700
2026-05-18 18:05:00+00:00,B3SA3.SA,16.59000015258789,16.610000610351562,16.56999969482422,16.56999969482422,290300
2026-05-18 18:10:00+00:00,B3SA3.SA,16.579999923706055,16.6200008392334,16.549999237060547,16.600000381469727,497600
2026-05-18 18:15:00+00:00,B3SA3.SA,16.600000381469727,16.610000610351562,16.559999465942383,16.559999465942383,693600
2026-05-18 18:20:00+00:00,B3SA3.SA,16.559999465942383,16.600000381469727,16.559999465942383,16.579999923706055,371500
2026-05-18 18:25:00+00:00,B3SA3.SA,16.579999923706055,16.59000015258789,16.549999237060547,16.579999923706055,304000
2026-05-18 18:30:00+00:00,B3SA3.SA,16.579999923706055,16.600000381469727,16.56999969482422,16.59000015258789,1097100
2026-05-18 18:35:00+00:00,B3SA3.SA,16.59000015258789,16.600000381469727,16.56999969482422,16.56999969482422,327200
2026-05-18 18:40:00+00:00,B3SA3.SA,16.56999969482422,16.59000015258789,16.56999969482422,16.579999923706055,374600
2026-05-18 18:45:00+00:00,B3SA3.SA,16.56999969482422,16.579999923706055,16.530000686645508,16.549999237060547,572000
2026-05-18 18:50:00+00:00,B3SA3.SA,16.549999237060547,16.559999465942383,16.520000457763672,16.520000457763672,292100
2026-05-18 18:55:00+00:00,B3SA3.SA,16.520000457763672,16.540000915527344,16.510000228881836,16.520000457763672,382500
2026-05-18 19:00:00+00:00,B3SA3.SA,16.510000228881836,16.649999618530273,16.5,16.610000610351562,838500
2026-05-18 19:05:00+00:00,B3SA3.SA,16.6200008392334,16.6200008392334,16.559999465942383,16.600000381469727,560700
2026-05-18 19:10:00+00:00,B3SA3.SA,16.600000381469727,16.610000610351562,16.559999465942383,16.56999969482422,388900
2026-05-18 19:15:00+00:00,B3SA3.SA,16.56999969482422,16.6299991607666,16.56999969482422,16.610000610351562,655600
2026-05-18 19:20:00+00:00,B3SA3.SA,16.600000381469727,16.610000610351562,16.549999237060547,16.579999923706055,1592800
2026-05-18 19:25:00+00:00,B3SA3.SA,16.59000015258789,16.6200008392334,16.579999923706055,16.59000015258789,606100
2026-05-18 19:30:00+00:00,B3SA3.SA,16.59000015258789,16.6299991607666,16.59000015258789,16.6200008392334,628200
2026-05-18 19:35:00+00:00,B3SA3.SA,16.610000610351562,16.670000076293945,16.610000610351562,16.65999984741211,1983500
2026-05-18 19:40:00+00:00,B3SA3.SA,16.65999984741211,16.719999313354492,16.649999618530273,16.709999084472656,970500
2026-05-18 19:45:00+00:00,B3SA3.SA,16.709999084472656,16.729999542236328,16.700000762939453,16.709999084472656,563600
2026-05-18 19:50:00+00:00,B3SA3.SA,16.709999084472656,16.780000686645508,16.670000076293945,16.770000457763672,977500
2026-05-19 13:05:00+00:00,B3SA3.SA,16.290000915527344,16.290000915527344,16.079999923706055,16.1200008392334,0
2026-05-19 13:10:00+00:00,B3SA3.SA,16.1299991607666,16.149999618530273,16.040000915527344,16.09000015258789,1505400
2026-05-19 13:15:00+00:00,B3SA3.SA,16.09000015258789,16.1200008392334,15.970000267028809,15.979999542236328,632200
2026-05-19 13:20:00+00:00,B3SA3.SA,15.989999771118164,16.0,15.869999885559082,15.890000343322754,1299400
2026-05-19 13:25:00+00:00,B3SA3.SA,15.899999618530273,15.899999618530273,15.8100004196167,15.829999923706055,1382200
2026-05-19 13:30:00+00:00,B3SA3.SA,15.819999694824219,15.960000038146973,15.8100004196167,15.899999618530273,2690700
2026-05-19 13:35:00+00:00,B3SA3.SA,15.90999984741211,16.06999969482422,15.90999984741211,16.059999465942383,2274900
2026-05-19 13:40:00+00:00,B3SA3.SA,16.06999969482422,16.06999969482422,15.979999542236328,16.0,975100
2026-05-19 13:45:00+00:00,B3SA3.SA,16.0,16.149999618530273,15.960000038146973,16.1200008392334,1235400
2026-05-19 13:50:00+00:00,B3SA3.SA,16.1200008392334,16.209999084472656,16.1200008392334,16.170000076293945,1884200
2026-05-19 13:55:00+00:00,B3SA3.SA,16.15999984741211,16.18000030517578,16.1200008392334,16.149999618530273,492300
2026-05-19 14:00:00+00:00,B3SA3.SA,16.139999389648438,16.200000762939453,16.100000381469727,16.190000534057617,1910500
2026-05-19 14:05:00+00:00,B3SA3.SA,16.200000762939453,16.209999084472656,16.049999237060547,16.06999969482422,869600
2026-05-19 14:10:00+00:00,B3SA3.SA,16.059999465942383,16.09000015258789,15.970000267028809,15.979999542236328,875300
2026-05-19 14:15:00+00:00,B3SA3.SA,15.979999542236328,16.0,15.90999984741211,15.90999984741211,617500
2026-05-19 14:20:00+00:00,B3SA3.SA,15.90999984741211,16.010000228881836,15.899999618530273,15.970000267028809,735800
2026-05-19 14:25:00+00:00,B3SA3.SA,15.970000267028809,16.010000228881836,15.960000038146973,15.979999542236328,323700
2026-05-19 14:30:00+00:00,B3SA3.SA,15.989999771118164,15.989999771118164,15.930000305175781,15.930000305175781,396900
2026-05-19 14:35:00+00:00,B3SA3.SA,15.930000305175781,15.960000038146973,15.90999984741211,15.930000305175781,605700
2026-05-19 14:40:00+00:00,B3SA3.SA,15.930000305175781,15.970000267028809,15.899999618530273,15.949999809265137,778100
2026-05-19 14:45:00+00:00,B3SA3.SA,15.9399995803833,15.949999809265137,15.890000343322754,15.930000305175781,435100
2026-05-19 14:50:00+00:00,B3SA3.SA,15.90999984741211,15.930000305175781,15.84000015258789,15.869999885559082,543200
2026-05-19 14:55:00+00:00,B3SA3.SA,15.880000114440918,15.920000076293945,15.869999885559082,15.90999984741211,397400
2026-05-19 15:00:00+00:00,B3SA3.SA,15.90999984741211,15.930000305175781,15.859999656677246,15.899999618530273,473500
2026-05-19 15:05:00+00:00,B3SA3.SA,15.899999618530273,15.920000076293945,15.869999885559082,15.920000076293945,487200
2026-05-19 15:10:00+00:00,B3SA3.SA,15.90999984741211,15.920000076293945,15.850000381469727,15.880000114440918,1085700
2026-05-19 15:15:00+00:00,B3SA3.SA,15.890000343322754,15.890000343322754,15.84000015258789,15.869999885559082,330700
2026-05-19 15:20:00+00:00,B3SA3.SA,15.859999656677246,15.869999885559082,15.829999923706055,15.84000015258789,475900
2026-05-19 15:25:00+00:00,B3SA3.SA,15.850000381469727,15.869999885559082,15.819999694824219,15.84000015258789,306700
2026-05-19 15:30:00+00:00,B3SA3.SA,15.84000015258789,15.899999618530273,15.84000015258789,15.880000114440918,307100
2026-05-19 15:35:00+00:00,B3SA3.SA,15.880000114440918,15.890000343322754,15.859999656677246,15.880000114440918,334900
2026-05-19 15:40:00+00:00,B3SA3.SA,15.880000114440918,15.899999618530273,15.850000381469727,15.869999885559082,366200
2026-05-19 15:45:00+00:00,B3SA3.SA,15.859999656677246,15.880000114440918,15.84000015258789,15.859999656677246,346100
2026-05-19 15:50:00+00:00,B3SA3.SA,15.859999656677246,15.869999885559082,15.829999923706055,15.84000015258789,313000
2026-05-19 15:55:00+00:00,B3SA3.SA,15.84000015258789,15.850000381469727,15.8100004196167,15.829999923706055,458000
2026-05-19 16:00:00+00:00,B3SA3.SA,15.829999923706055,15.890000343322754,15.829999923706055,15.859999656677246,452100
2026-05-19 16:05:00+00:00,B3SA3.SA,15.859999656677246,15.880000114440918,15.829999923706055,15.850000381469727,607100
2026-05-19 16:10:00+00:00,B3SA3.SA,15.850000381469727,15.869999885559082,15.829999923706055,15.859999656677246,365100
2026-05-19 16:15:00+00:00,B3SA3.SA,15.869999885559082,15.899999618530273,15.84000015258789,15.850000381469727,234400
2026-05-19 16:20:00+00:00,B3SA3.SA,15.850000381469727,15.899999618530273,15.819999694824219,15.880000114440918,558700
2026-05-19 16:25:00+00:00,B3SA3.SA,15.890000343322754,15.9399995803833,15.880000114440918,15.930000305175781,261800
2026-05-19 16:30:00+00:00,B3SA3.SA,15.920000076293945,15.9399995803833,15.890000343322754,15.890000343322754,227100
2026-05-19 16:35:00+00:00,B3SA3.SA,15.880000114440918,15.90999984741211,15.880000114440918,15.890000343322754,176800
2026-05-19 16:40:00+00:00,B3SA3.SA,15.890000343322754,15.930000305175781,15.890000343322754,15.90999984741211,204300
2026-05-19 16:45:00+00:00,B3SA3.SA,15.90999984741211,15.970000267028809,15.90999984741211,15.960000038146973,276700
2026-05-19 16:50:00+00:00,B3SA3.SA,15.960000038146973,16.030000686645508,15.949999809265137,16.0,503100
2026-05-19 16:55:00+00:00,B3SA3.SA,16.0,16.06999969482422,16.0,16.040000915527344,423100
2026-05-19 17:00:00+00:00,B3SA3.SA,16.030000686645508,16.049999237060547,16.0,16.010000228881836,330400
2026-05-19 17:05:00+00:00,B3SA3.SA,16.020000457763672,16.040000915527344,15.960000038146973,15.979999542236328,461700
2026-05-19 17:10:00+00:00,B3SA3.SA,15.970000267028809,16.059999465942383,15.970000267028809,16.059999465942383,426300
2026-05-19 17:15:00+00:00,B3SA3.SA,16.049999237060547,16.059999465942383,16.010000228881836,16.020000457763672,361100
2026-05-19 17:20:00+00:00,B3SA3.SA,16.030000686645508,16.049999237060547,15.979999542236328,15.979999542236328,464100
2026-05-19 17:25:00+00:00,B3SA3.SA,15.989999771118164,16.010000228881836,15.979999542236328,16.0,177900
2026-05-19 17:30:00+00:00,B3SA3.SA,16.0,16.020000457763672,15.970000267028809,15.970000267028809,318900
2026-05-19 17:35:00+00:00,B3SA3.SA,15.979999542236328,16.0,15.949999809265137,15.979999542236328,423500
2026-05-19 17:40:00+00:00,B3SA3.SA,15.970000267028809,15.979999542236328,15.949999809265137,15.960000038146973,243900
2026-05-19 17:45:00+00:00,B3SA3.SA,15.960000038146973,15.960000038146973,15.930000305175781,15.949999809265137,295600
2026-05-19 17:50:00+00:00,B3SA3.SA,15.9399995803833,15.970000267028809,15.930000305175781,15.930000305175781,260800
2026-05-19 17:55:00+00:00,B3SA3.SA,15.9399995803833,15.970000267028809,15.930000305175781,15.960000038146973,527800
2026-05-19 18:00:00+00:00,B3SA3.SA,15.970000267028809,15.970000267028809,15.869999885559082,15.880000114440918,998600
2026-05-19 18:05:00+00:00,B3SA3.SA,15.890000343322754,15.960000038146973,15.880000114440918,15.960000038146973,1058200
2026-05-19 18:10:00+00:00,B3SA3.SA,15.960000038146973,16.049999237060547,15.949999809265137,15.989999771118164,2222000
2026-05-19 18:15:00+00:00,B3SA3.SA,15.989999771118164,16.020000457763672,15.9399995803833,15.960000038146973,2488800
2026-05-19 18:20:00+00:00,B3SA3.SA,15.949999809265137,16.020000457763672,15.9399995803833,16.0,1041600
2026-05-19 18:25:00+00:00,B3SA3.SA,16.0,16.09000015258789,16.0,16.030000686645508,929800
2026-05-19 18:30:00+00:00,B3SA3.SA,16.020000457763672,16.040000915527344,16.0,16.010000228881836,563700
2026-05-19 18:35:00+00:00,B3SA3.SA,16.010000228881836,16.030000686645508,16.0,16.020000457763672,413900
2026-05-19 18:40:00+00:00,B3SA3.SA,16.020000457763672,16.020000457763672,15.989999771118164,16.0,483500
2026-05-19 18:45:00+00:00,B3SA3.SA,15.989999771118164,16.0,15.970000267028809,15.989999771118164,397400
2026-05-19 18:50:00+00:00,B3SA3.SA,15.979999542236328,16.0,15.970000267028809,15.979999542236328,410700
2026-05-19 18:55:00+00:00,B3SA3.SA,15.970000267028809,15.979999542236328,15.949999809265137,15.970000267028809,448600
2026-05-19 19:00:00+00:00,B3SA3.SA,15.960000038146973,15.970000267028809,15.90999984741211,15.920000076293945,341600
2026-05-19 19:05:00+00:00,B3SA3.SA,15.90999984741211,15.930000305175781,15.899999618530273,15.930000305175781,298400
2026-05-19 19:10:00+00:00,B3SA3.SA,15.920000076293945,15.9399995803833,15.90999984741211,15.920000076293945,479800
2026-05-19 19:15:00+00:00,B3SA3.SA,15.920000076293945,15.9399995803833,15.899999618530273,15.90999984741211,429200
2026-05-19 19:20:00+00:00,B3SA3.SA,15.899999618530273,15.90999984741211,15.850000381469727,15.859999656677246,717500
2026-05-19 19:25:00+00:00,B3SA3.SA,15.859999656677246,15.890000343322754,15.850000381469727,15.859999656677246,624700
2026-05-19 19:30:00+00:00,B3SA3.SA,15.859999656677246,15.880000114440918,15.84000015258789,15.859999656677246,546800
2026-05-19 19:35:00+00:00,B3SA3.SA,15.859999656677246,15.880000114440918,15.859999656677246,15.880000114440918,630500
2026-05-19 19:40:00+00:00,B3SA3.SA,15.880000114440918,15.880000114440918,15.850000381469727,15.859999656677246,597500
2026-05-19 19:45:00+00:00,B3SA3.SA,15.859999656677246,15.890000343322754,15.859999656677246,15.880000114440918,778000
2026-05-19 19:50:00+00:00,B3SA3.SA,15.869999885559082,15.890000343322754,15.829999923706055,15.859999656677246,961200
2026-05-20 13:00:00+00:00,B3SA3.SA,16.06999969482422,16.1200008392334,15.970000267028809,16.1200008392334,0
2026-05-20 13:05:00+00:00,B3SA3.SA,16.1200008392334,16.190000534057617,16.100000381469727,16.139999389648438,274000
2026-05-20 13:10:00+00:00,B3SA3.SA,16.139999389648438,16.229999542236328,16.100000381469727,16.219999313354492,592300
2026-05-20 13:15:00+00:00,B3SA3.SA,16.209999084472656,16.299999237060547,16.200000762939453,16.290000915527344,414800
2026-05-20 13:20:00+00:00,B3SA3.SA,16.290000915527344,16.329999923706055,16.25,16.329999923706055,289300
2026-05-20 13:25:00+00:00,B3SA3.SA,16.329999923706055,16.34000015258789,16.270000457763672,16.309999465942383,317800
2026-05-20 13:30:00+00:00,B3SA3.SA,16.299999237060547,16.3799991607666,16.290000915527344,16.350000381469727,430800
2026-05-20 13:35:00+00:00,B3SA3.SA,16.360000610351562,16.43000030517578,16.34000015258789,16.420000076293945,1564100
2026-05-20 13:40:00+00:00,B3SA3.SA,16.420000076293945,16.469999313354492,16.389999389648438,16.459999084472656,376600
2026-05-20 13:45:00+00:00,B3SA3.SA,16.450000762939453,16.549999237060547,16.450000762939453,16.530000686645508,997600
2026-05-20 13:50:00+00:00,B3SA3.SA,16.520000457763672,16.549999237060547,16.5,16.540000915527344,808500
2026-05-20 13:55:00+00:00,B3SA3.SA,16.540000915527344,16.600000381469727,16.540000915527344,16.549999237060547,1179300
2026-05-20 14:00:00+00:00,B3SA3.SA,16.549999237060547,16.579999923706055,16.510000228881836,16.530000686645508,1978900
2026-05-20 14:05:00+00:00,B3SA3.SA,16.530000686645508,16.559999465942383,16.469999313354492,16.469999313354492,697000
2026-05-20 14:10:00+00:00,B3SA3.SA,16.469999313354492,16.56999969482422,16.440000534057617,16.489999771118164,2695000
2026-05-20 14:15:00+00:00,B3SA3.SA,16.489999771118164,16.709999084472656,16.489999771118164,16.700000762939453,1317800
2026-05-20 14:20:00+00:00,B3SA3.SA,16.700000762939453,16.709999084472656,16.600000381469727,16.600000381469727,453800
2026-05-20 14:25:00+00:00,B3SA3.SA,16.600000381469727,16.65999984741211,16.59000015258789,16.6299991607666,316100
2026-05-20 14:30:00+00:00,B3SA3.SA,16.639999389648438,16.709999084472656,16.6200008392334,16.670000076293945,326000
2026-05-20 14:35:00+00:00,B3SA3.SA,16.670000076293945,16.68000030517578,16.600000381469727,16.610000610351562,366900
2026-05-20 14:40:00+00:00,B3SA3.SA,16.600000381469727,16.700000762939453,16.600000381469727,16.700000762939453,342500
2026-05-20 14:45:00+00:00,B3SA3.SA,16.690000534057617,16.729999542236328,16.670000076293945,16.700000762939453,348400
2026-05-20 14:50:00+00:00,B3SA3.SA,16.68000030517578,16.75,16.649999618530273,16.729999542236328,1138500
2026-05-20 14:55:00+00:00,B3SA3.SA,16.729999542236328,16.75,16.700000762939453,16.709999084472656,317300
2026-05-20 15:00:00+00:00,B3SA3.SA,16.719999313354492,16.75,16.709999084472656,16.729999542236328,338100
2026-05-20 15:05:00+00:00,B3SA3.SA,16.729999542236328,16.760000228881836,16.709999084472656,16.739999771118164,521600
2026-05-20 15:10:00+00:00,B3SA3.SA,16.739999771118164,16.770000457763672,16.729999542236328,16.739999771118164,317200
2026-05-20 15:15:00+00:00,B3SA3.SA,16.739999771118164,16.90999984741211,16.729999542236328,16.829999923706055,853500
2026-05-20 15:20:00+00:00,B3SA3.SA,16.84000015258789,16.90999984741211,16.780000686645508,16.8700008392334,1413400
2026-05-20 15:25:00+00:00,B3SA3.SA,16.850000381469727,16.889999389648438,16.780000686645508,16.809999465942383,2860400
2026-05-20 15:30:00+00:00,B3SA3.SA,16.809999465942383,16.84000015258789,16.780000686645508,16.809999465942383,1399100
2026-05-20 15:35:00+00:00,B3SA3.SA,16.790000915527344,16.81999969482422,16.770000457763672,16.799999237060547,304500
2026-05-20 15:40:00+00:00,B3SA3.SA,16.799999237060547,16.809999465942383,16.770000457763672,16.780000686645508,222200
2026-05-20 15:45:00+00:00,B3SA3.SA,16.780000686645508,16.829999923706055,16.760000228881836,16.780000686645508,939300
2026-05-20 15:50:00+00:00,B3SA3.SA,16.790000915527344,16.860000610351562,16.780000686645508,16.809999465942383,2685700
2026-05-20 15:55:00+00:00,B3SA3.SA,16.809999465942383,16.84000015258789,16.790000915527344,16.809999465942383,239700
2026-05-20 16:00:00+00:00,B3SA3.SA,16.809999465942383,16.84000015258789,16.799999237060547,16.829999923706055,229300
2026-05-20 16:05:00+00:00,B3SA3.SA,16.829999923706055,16.8799991607666,16.829999923706055,16.860000610351562,264400
2026-05-20 16:10:00+00:00,B3SA3.SA,16.860000610351562,16.8700008392334,16.84000015258789,16.860000610351562,200200
2026-05-20 16:15:00+00:00,B3SA3.SA,16.860000610351562,16.860000610351562,16.81999969482422,16.84000015258789,228700
2026-05-20 16:20:00+00:00,B3SA3.SA,16.829999923706055,16.84000015258789,16.809999465942383,16.829999923706055,161600
2026-05-20 16:25:00+00:00,B3SA3.SA,16.829999923706055,16.8700008392334,16.81999969482422,16.850000381469727,791800
2026-05-20 16:30:00+00:00,B3SA3.SA,16.860000610351562,16.8799991607666,16.829999923706055,16.8799991607666,695200
2026-05-20 16:35:00+00:00,B3SA3.SA,16.8700008392334,16.93000030517578,16.850000381469727,16.920000076293945,584500
2026-05-20 16:40:00+00:00,B3SA3.SA,16.920000076293945,16.969999313354492,16.920000076293945,16.940000534057617,532800
2026-05-20 16:45:00+00:00,B3SA3.SA,16.93000030517578,16.969999313354492,16.93000030517578,16.969999313354492,256200
2026-05-20 16:50:00+00:00,B3SA3.SA,16.959999084472656,16.959999084472656,16.920000076293945,16.959999084472656,232700
2026-05-20 16:55:00+00:00,B3SA3.SA,16.950000762939453,17.0,16.940000534057617,16.989999771118164,211000
2026-05-20 17:00:00+00:00,B3SA3.SA,16.989999771118164,16.989999771118164,16.899999618530273,16.940000534057617,826100
2026-05-20 17:05:00+00:00,B3SA3.SA,16.940000534057617,16.979999542236328,16.940000534057617,16.969999313354492,453300
2026-05-20 17:10:00+00:00,B3SA3.SA,16.969999313354492,16.989999771118164,16.950000762939453,16.979999542236328,379800
2026-05-20 17:15:00+00:00,B3SA3.SA,16.979999542236328,17.0,16.959999084472656,16.979999542236328,202100
2026-05-20 17:20:00+00:00,B3SA3.SA,16.969999313354492,16.989999771118164,16.940000534057617,16.979999542236328,450200
2026-05-20 17:25:00+00:00,B3SA3.SA,16.979999542236328,17.0,16.969999313354492,16.979999542236328,278000
2026-05-20 17:30:00+00:00,B3SA3.SA,16.969999313354492,17.0,16.959999084472656,17.0,290600
2026-05-20 17:35:00+00:00,B3SA3.SA,17.0,17.049999237060547,16.989999771118164,17.0,459800
2026-05-20 17:40:00+00:00,B3SA3.SA,16.989999771118164,17.079999923706055,16.989999771118164,17.040000915527344,1025600
2026-05-20 17:45:00+00:00,B3SA3.SA,17.040000915527344,17.06999969482422,17.040000915527344,17.059999465942383,271000
2026-05-20 17:50:00+00:00,B3SA3.SA,17.059999465942383,17.059999465942383,16.989999771118164,17.010000228881836,1131100
2026-05-20 17:55:00+00:00,B3SA3.SA,17.010000228881836,17.049999237060547,16.969999313354492,16.989999771118164,624500
2026-05-20 18:00:00+00:00,B3SA3.SA,16.989999771118164,16.989999771118164,16.950000762939453,16.989999771118164,372900
2026-05-20 18:05:00+00:00,B3SA3.SA,16.989999771118164,17.010000228881836,16.93000030517578,16.959999084472656,1185000
2026-05-20 18:10:00+00:00,B3SA3.SA,16.959999084472656,16.969999313354492,16.93000030517578,16.940000534057617,323600
2026-05-20 18:15:00+00:00,B3SA3.SA,16.940000534057617,16.950000762939453,16.920000076293945,16.940000534057617,211900
2026-05-20 18:20:00+00:00,B3SA3.SA,16.940000534057617,16.959999084472656,16.920000076293945,16.920000076293945,202000
2026-05-20 18:25:00+00:00,B3SA3.SA,16.93000030517578,16.959999084472656,16.920000076293945,16.920000076293945,256400
2026-05-20 18:30:00+00:00,B3SA3.SA,16.93000030517578,16.950000762939453,16.920000076293945,16.950000762939453,156900
2026-05-20 18:35:00+00:00,B3SA3.SA,16.950000762939453,16.969999313354492,16.920000076293945,16.959999084472656,211100
2026-05-20 18:40:00+00:00,B3SA3.SA,16.959999084472656,16.959999084472656,16.8700008392334,16.8700008392334,916700
2026-05-20 18:45:00+00:00,B3SA3.SA,16.8799991607666,16.8799991607666,16.829999923706055,16.829999923706055,431600
2026-05-20 18:50:00+00:00,B3SA3.SA,16.829999923706055,16.850000381469727,16.799999237060547,16.829999923706055,757400
2026-05-20 18:55:00+00:00,B3SA3.SA,16.829999923706055,16.84000015258789,16.809999465942383,16.81999969482422,242000
2026-05-20 19:00:00+00:00,B3SA3.SA,16.829999923706055,16.84000015258789,16.81999969482422,16.81999969482422,200700
2026-05-20 19:05:00+00:00,B3SA3.SA,16.829999923706055,16.850000381469727,16.81999969482422,16.829999923706055,433600
2026-05-20 19:10:00+00:00,B3SA3.SA,16.829999923706055,16.889999389648438,16.81999969482422,16.8799991607666,601100
2026-05-20 19:15:00+00:00,B3SA3.SA,16.8799991607666,16.8799991607666,16.84000015258789,16.84000015258789,395100
2026-05-20 19:20:00+00:00,B3SA3.SA,16.84000015258789,16.860000610351562,16.790000915527344,16.860000610351562,1153400
2026-05-20 19:25:00+00:00,B3SA3.SA,16.860000610351562,16.8799991607666,16.829999923706055,16.850000381469727,513300
2026-05-20 19:30:00+00:00,B3SA3.SA,16.860000610351562,16.8799991607666,16.829999923706055,16.829999923706055,504100
2026-05-20 19:35:00+00:00,B3SA3.SA,16.84000015258789,16.84000015258789,16.799999237060547,16.799999237060547,475700
2026-05-20 19:40:00+00:00,B3SA3.SA,16.799999237060547,16.809999465942383,16.770000457763672,16.790000915527344,418300
2026-05-20 19:45:00+00:00,B3SA3.SA,16.790000915527344,16.799999237060547,16.760000228881836,16.780000686645508,640500
2026-05-20 19:50:00+00:00,B3SA3.SA,16.770000457763672,16.81999969482422,16.75,16.75,788800
2026-05-21 13:05:00+00:00,B3SA3.SA,16.600000381469727,16.68000030517578,16.579999923706055,16.59000015258789,164100
2026-05-21 13:10:00+00:00,B3SA3.SA,16.579999923706055,16.700000762939453,16.579999923706055,16.68000030517578,180100
2026-05-21 13:15:00+00:00,B3SA3.SA,16.690000534057617,16.700000762939453,16.649999618530273,16.649999618530273,133400
2026-05-21 13:20:00+00:00,B3SA3.SA,16.65999984741211,16.719999313354492,16.6299991607666,16.709999084472656,145800
2026-05-21 13:25:00+00:00,B3SA3.SA,16.709999084472656,16.729999542236328,16.6200008392334,16.6200008392334,259600
2026-05-21 13:30:00+00:00,B3SA3.SA,16.610000610351562,16.639999389648438,16.510000228881836,16.520000457763672,680500
2026-05-21 13:35:00+00:00,B3SA3.SA,16.530000686645508,16.579999923706055,16.520000457763672,16.579999923706055,239100
2026-05-21 13:40:00+00:00,B3SA3.SA,16.579999923706055,16.690000534057617,16.56999969482422,16.65999984741211,538200
2026-05-21 13:45:00+00:00,B3SA3.SA,16.670000076293945,16.729999542236328,16.670000076293945,16.68000030517578,230100
2026-05-21 13:50:00+00:00,B3SA3.SA,16.68000030517578,16.860000610351562,16.68000030517578,16.850000381469727,523800
2026-05-21 13:55:00+00:00,B3SA3.SA,16.860000610351562,16.860000610351562,16.770000457763672,16.770000457763672,320200
2026-05-21 14:00:00+00:00,B3SA3.SA,16.780000686645508,16.799999237060547,16.729999542236328,16.780000686645508,188500
2026-05-21 14:05:00+00:00,B3SA3.SA,16.799999237060547,16.829999923706055,16.760000228881836,16.81999969482422,211900
2026-05-21 14:10:00+00:00,B3SA3.SA,16.809999465942383,16.829999923706055,16.75,16.770000457763672,216000
2026-05-21 14:15:00+00:00,B3SA3.SA,16.770000457763672,16.780000686645508,16.700000762939453,16.709999084472656,309800
2026-05-21 14:20:00+00:00,B3SA3.SA,16.709999084472656,16.790000915527344,16.700000762939453,16.780000686645508,184400
2026-05-21 14:25:00+00:00,B3SA3.SA,16.780000686645508,16.799999237060547,16.760000228881836,16.780000686645508,145000
2026-05-21 14:30:00+00:00,B3SA3.SA,16.790000915527344,16.809999465942383,16.75,16.770000457763672,184000
2026-05-21 14:35:00+00:00,B3SA3.SA,16.780000686645508,16.790000915527344,16.739999771118164,16.75,161800
2026-05-21 14:40:00+00:00,B3SA3.SA,16.75,16.760000228881836,16.700000762939453,16.739999771118164,140000
2026-05-21 14:45:00+00:00,B3SA3.SA,16.729999542236328,16.770000457763672,16.719999313354492,16.75,123500
2026-05-21 14:50:00+00:00,B3SA3.SA,16.739999771118164,16.770000457763672,16.719999313354492,16.75,354400
2026-05-21 14:55:00+00:00,B3SA3.SA,16.760000228881836,16.799999237060547,16.75,16.790000915527344,209800
2026-05-21 15:00:00+00:00,B3SA3.SA,16.790000915527344,16.790000915527344,16.719999313354492,16.729999542236328,135300
2026-05-21 15:05:00+00:00,B3SA3.SA,16.739999771118164,16.75,16.68000030517578,16.68000030517578,245200
2026-05-21 15:10:00+00:00,B3SA3.SA,16.68000030517578,16.770000457763672,16.68000030517578,16.739999771118164,185100
2026-05-21 15:15:00+00:00,B3SA3.SA,16.739999771118164,16.75,16.719999313354492,16.75,88000
2026-05-21 15:20:00+00:00,B3SA3.SA,16.75,16.75,16.690000534057617,16.700000762939453,132300
2026-05-21 15:25:00+00:00,B3SA3.SA,16.709999084472656,16.719999313354492,16.690000534057617,16.700000762939453,132800
2026-05-21 15:30:00+00:00,B3SA3.SA,16.709999084472656,16.709999084472656,16.670000076293945,16.670000076293945,97400
2026-05-21 15:35:00+00:00,B3SA3.SA,16.68000030517578,16.719999313354492,16.670000076293945,16.719999313354492,66400
2026-05-21 15:40:00+00:00,B3SA3.SA,16.719999313354492,16.729999542236328,16.700000762939453,16.709999084472656,109500
2026-05-21 15:45:00+00:00,B3SA3.SA,16.719999313354492,16.75,16.709999084472656,16.739999771118164,159400
2026-05-21 15:50:00+00:00,B3SA3.SA,16.75,16.75,16.709999084472656,16.719999313354492,102600
2026-05-21 15:55:00+00:00,B3SA3.SA,16.719999313354492,16.739999771118164,16.709999084472656,16.729999542236328,84200
2026-05-21 16:00:00+00:00,B3SA3.SA,16.719999313354492,16.760000228881836,16.719999313354492,16.729999542236328,124800
2026-05-21 16:05:00+00:00,B3SA3.SA,16.739999771118164,16.75,16.709999084472656,16.75,185900
2026-05-21 16:10:00+00:00,B3SA3.SA,16.739999771118164,16.75,16.719999313354492,16.719999313354492,71300
2026-05-21 16:15:00+00:00,B3SA3.SA,16.729999542236328,16.75,16.719999313354492,16.75,64500
2026-05-21 16:20:00+00:00,B3SA3.SA,16.75,16.770000457763672,16.700000762939453,16.709999084472656,140100
2026-05-21 16:25:00+00:00,B3SA3.SA,16.719999313354492,16.739999771118164,16.700000762939453,16.709999084472656,114000
2026-05-21 16:30:00+00:00,B3SA3.SA,16.709999084472656,16.729999542236328,16.700000762939453,16.719999313354492,101100
2026-05-21 16:35:00+00:00,B3SA3.SA,16.729999542236328,16.729999542236328,16.709999084472656,16.719999313354492,99200
2026-05-21 16:40:00+00:00,B3SA3.SA,16.729999542236328,16.729999542236328,16.690000534057617,16.700000762939453,107800
2026-05-21 16:45:00+00:00,B3SA3.SA,16.709999084472656,16.719999313354492,16.68000030517578,16.68000030517578,122200
2026-05-21 16:50:00+00:00,B3SA3.SA,16.690000534057617,16.729999542236328,16.68000030517578,16.709999084472656,129600
2026-05-21 16:55:00+00:00,B3SA3.SA,16.719999313354492,16.729999542236328,16.700000762939453,16.709999084472656,132000
2026-05-21 17:00:00+00:00,B3SA3.SA,16.709999084472656,16.739999771118164,16.700000762939453,16.729999542236328,142500
2026-05-21 17:05:00+00:00,B3SA3.SA,16.719999313354492,16.739999771118164,16.700000762939453,16.709999084472656,122400
2026-05-21 17:10:00+00:00,B3SA3.SA,16.719999313354492,16.790000915527344,16.709999084472656,16.790000915527344,200000
2026-05-21 17:15:00+00:00,B3SA3.SA,16.799999237060547,16.979999542236328,16.790000915527344,16.959999084472656,563300
2026-05-21 17:20:00+00:00,B3SA3.SA,16.959999084472656,17.059999465942383,16.93000030517578,16.969999313354492,1009900
2026-05-21 17:25:00+00:00,B3SA3.SA,16.969999313354492,17.0,16.920000076293945,16.93000030517578,211100
2026-05-21 17:30:00+00:00,B3SA3.SA,16.93000030517578,16.950000762939453,16.90999984741211,16.940000534057617,152800
2026-05-21 17:35:00+00:00,B3SA3.SA,16.950000762939453,16.969999313354492,16.920000076293945,16.940000534057617,144400
2026-05-21 17:40:00+00:00,B3SA3.SA,16.940000534057617,16.959999084472656,16.899999618530273,16.950000762939453,297800
2026-05-21 17:45:00+00:00,B3SA3.SA,16.950000762939453,16.989999771118164,16.93000030517578,16.979999542236328,283800
2026-05-21 17:50:00+00:00,B3SA3.SA,16.989999771118164,17.0,16.959999084472656,16.989999771118164,187100
2026-05-21 17:55:00+00:00,B3SA3.SA,16.989999771118164,17.0,16.959999084472656,16.959999084472656,229400
2026-05-21 18:00:00+00:00,B3SA3.SA,16.959999084472656,16.979999542236328,16.940000534057617,16.950000762939453,621400
2026-05-21 18:05:00+00:00,B3SA3.SA,16.950000762939453,17.020000457763672,16.950000762939453,16.989999771118164,534700
2026-05-21 18:10:00+00:00,B3SA3.SA,17.0,17.049999237060547,16.969999313354492,17.049999237060547,595200
2026-05-21 18:15:00+00:00,B3SA3.SA,17.040000915527344,17.06999969482422,17.030000686645508,17.059999465942383,748300
2026-05-21 18:20:00+00:00,B3SA3.SA,17.059999465942383,17.100000381469727,17.049999237060547,17.09000015258789,608700
2026-05-21 18:25:00+00:00,B3SA3.SA,17.09000015258789,17.100000381469727,17.06999969482422,17.079999923706055,301400
2026-05-21 18:30:00+00:00,B3SA3.SA,17.059999465942383,17.079999923706055,17.040000915527344,17.059999465942383,255300
2026-05-21 18:35:00+00:00,B3SA3.SA,17.040000915527344,17.059999465942383,17.040000915527344,17.049999237060547,217800
2026-05-21 18:40:00+00:00,B3SA3.SA,17.040000915527344,17.100000381469727,17.040000915527344,17.079999923706055,553500
2026-05-21 18:45:00+00:00,B3SA3.SA,17.079999923706055,17.079999923706055,16.989999771118164,16.989999771118164,269200
2026-05-21 18:50:00+00:00,B3SA3.SA,16.989999771118164,17.020000457763672,16.940000534057617,16.940000534057617,445900
2026-05-21 18:55:00+00:00,B3SA3.SA,16.940000534057617,16.969999313354492,16.93000030517578,16.950000762939453,245900
2026-05-21 19:00:00+00:00,B3SA3.SA,16.959999084472656,16.989999771118164,16.950000762939453,16.979999542236328,250000
2026-05-21 19:05:00+00:00,B3SA3.SA,16.979999542236328,17.010000228881836,16.959999084472656,17.0,148400
2026-05-21 19:10:00+00:00,B3SA3.SA,17.0,17.020000457763672,16.989999771118164,17.020000457763672,134100
2026-05-21 19:15:00+00:00,B3SA3.SA,17.020000457763672,17.030000686645508,17.0,17.010000228881836,170400
2026-05-21 19:20:00+00:00,B3SA3.SA,17.010000228881836,17.020000457763672,16.969999313354492,17.010000228881836,444200
2026-05-21 19:25:00+00:00,B3SA3.SA,17.010000228881836,17.059999465942383,17.0,17.049999237060547,626300
2026-05-21 19:30:00+00:00,B3SA3.SA,17.049999237060547,17.079999923706055,17.040000915527344,17.040000915527344,281200
2026-05-21 19:35:00+00:00,B3SA3.SA,17.049999237060547,17.09000015258789,17.049999237060547,17.079999923706055,788000
2026-05-21 19:40:00+00:00,B3SA3.SA,17.079999923706055,17.09000015258789,17.049999237060547,17.06999969482422,679500
2026-05-21 19:45:00+00:00,B3SA3.SA,17.079999923706055,17.100000381469727,17.059999465942383,17.079999923706055,1081100
2026-05-21 19:50:00+00:00,B3SA3.SA,17.09000015258789,17.149999618530273,17.079999923706055,17.1299991607666,1188100
2026-05-22 13:00:00+00:00,B3SA3.SA,17.0,17.040000915527344,16.8799991607666,16.920000076293945,0
2026-05-22 13:05:00+00:00,B3SA3.SA,16.93000030517578,17.0,16.90999984741211,16.979999542236328,1869500
2026-05-22 13:10:00+00:00,B3SA3.SA,16.989999771118164,17.020000457763672,16.959999084472656,16.989999771118164,256000
2026-05-22 13:15:00+00:00,B3SA3.SA,16.989999771118164,17.020000457763672,16.950000762939453,17.0,353000
2026-05-22 13:20:00+00:00,B3SA3.SA,16.989999771118164,17.010000228881836,16.959999084472656,17.010000228881836,189700
2026-05-22 13:25:00+00:00,B3SA3.SA,17.0,17.010000228881836,16.950000762939453,16.950000762939453,222600
2026-05-22 13:30:00+00:00,B3SA3.SA,16.950000762939453,16.959999084472656,16.899999618530273,16.93000030517578,1006300
2026-05-22 13:35:00+00:00,B3SA3.SA,16.920000076293945,16.979999542236328,16.920000076293945,16.969999313354492,520300
2026-05-22 13:40:00+00:00,B3SA3.SA,16.979999542236328,17.030000686645508,16.93000030517578,16.93000030517578,527600
2026-05-22 13:45:00+00:00,B3SA3.SA,16.93000030517578,16.940000534057617,16.84000015258789,16.84000015258789,186100
2026-05-22 13:50:00+00:00,B3SA3.SA,16.850000381469727,16.920000076293945,16.829999923706055,16.889999389648438,268900
2026-05-22 13:55:00+00:00,B3SA3.SA,16.8799991607666,16.899999618530273,16.799999237060547,16.850000381469727,237500
2026-05-22 14:00:00+00:00,B3SA3.SA,16.850000381469727,16.850000381469727,16.770000457763672,16.770000457763672,167000
2026-05-22 14:05:00+00:00,B3SA3.SA,16.770000457763672,16.780000686645508,16.739999771118164,16.760000228881836,193700
2026-05-22 14:10:00+00:00,B3SA3.SA,16.770000457763672,16.780000686645508,16.65999984741211,16.690000534057617,384800
2026-05-22 14:15:00+00:00,B3SA3.SA,16.68000030517578,16.68000030517578,16.559999465942383,16.559999465942383,1305600
2026-05-22 14:20:00+00:00,B3SA3.SA,16.579999923706055,16.649999618530273,16.559999465942383,16.639999389648438,371700
2026-05-22 14:25:00+00:00,B3SA3.SA,16.639999389648438,16.670000076293945,16.639999389648438,16.670000076293945,115600
2026-05-22 14:30:00+00:00,B3SA3.SA,16.670000076293945,16.68000030517578,16.65999984741211,16.670000076293945,135600
2026-05-22 14:35:00+00:00,B3SA3.SA,16.670000076293945,16.700000762939453,16.670000076293945,16.700000762939453,256600
2026-05-22 14:40:00+00:00,B3SA3.SA,16.700000762939453,16.700000762939453,16.65999984741211,16.65999984741211,135000
2026-05-22 14:45:00+00:00,B3SA3.SA,16.670000076293945,16.690000534057617,16.65999984741211,16.68000030517578,97100
2026-05-22 14:50:00+00:00,B3SA3.SA,16.670000076293945,16.68000030517578,16.579999923706055,16.600000381469727,842700
2026-05-22 14:55:00+00:00,B3SA3.SA,16.600000381469727,16.6200008392334,16.59000015258789,16.600000381469727,138800
2026-05-22 15:00:00+00:00,B3SA3.SA,16.600000381469727,16.670000076293945,16.579999923706055,16.639999389648438,533300
2026-05-22 15:05:00+00:00,B3SA3.SA,16.6299991607666,16.639999389648438,16.600000381469727,16.610000610351562,148200
2026-05-22 15:10:00+00:00,B3SA3.SA,16.600000381469727,16.649999618530273,16.600000381469727,16.649999618530273,286000
2026-05-22 15:15:00+00:00,B3SA3.SA,16.649999618530273,16.670000076293945,16.610000610351562,16.6200008392334,1378200
2026-05-22 15:20:00+00:00,B3SA3.SA,16.610000610351562,16.6299991607666,16.610000610351562,16.610000610351562,178800
2026-05-22 15:25:00+00:00,B3SA3.SA,16.610000610351562,16.68000030517578,16.600000381469727,16.65999984741211,1586700
2026-05-22 15:30:00+00:00,B3SA3.SA,16.65999984741211,16.68000030517578,16.610000610351562,16.6200008392334,228800
2026-05-22 15:35:00+00:00,B3SA3.SA,16.6299991607666,16.68000030517578,16.6200008392334,16.670000076293945,319500
2026-05-22 15:40:00+00:00,B3SA3.SA,16.65999984741211,16.68000030517578,16.65999984741211,16.68000030517578,158400
2026-05-22 15:45:00+00:00,B3SA3.SA,16.670000076293945,16.68000030517578,16.65999984741211,16.670000076293945,177600
2026-05-22 15:50:00+00:00,B3SA3.SA,16.65999984741211,16.68000030517578,16.639999389648438,16.670000076293945,229400
2026-05-22 15:55:00+00:00,B3SA3.SA,16.65999984741211,16.670000076293945,16.649999618530273,16.649999618530273,124400
2026-05-22 16:00:00+00:00,B3SA3.SA,16.649999618530273,16.690000534057617,16.649999618530273,16.670000076293945,333900
2026-05-22 16:05:00+00:00,B3SA3.SA,16.670000076293945,16.68000030517578,16.649999618530273,16.670000076293945,131100
2026-05-22 16:10:00+00:00,B3SA3.SA,16.68000030517578,16.700000762939453,16.670000076293945,16.700000762939453,190900
2026-05-22 16:15:00+00:00,B3SA3.SA,16.68000030517578,16.690000534057617,16.65999984741211,16.65999984741211,119500
2026-05-22 16:20:00+00:00,B3SA3.SA,16.65999984741211,16.690000534057617,16.65999984741211,16.670000076293945,157900
2026-05-22 16:25:00+00:00,B3SA3.SA,16.670000076293945,16.68000030517578,16.649999618530273,16.670000076293945,176000
2026-05-22 16:30:00+00:00,B3SA3.SA,16.65999984741211,16.670000076293945,16.639999389648438,16.639999389648438,124000
2026-05-22 16:35:00+00:00,B3SA3.SA,16.639999389648438,16.649999618530273,16.6200008392334,16.649999618530273,157500
2026-05-22 16:40:00+00:00,B3SA3.SA,16.6299991607666,16.65999984741211,16.6200008392334,16.6200008392334,166800
2026-05-22 16:45:00+00:00,B3SA3.SA,16.6200008392334,16.649999618530273,16.610000610351562,16.6299991607666,240300
2026-05-22 16:50:00+00:00,B3SA3.SA,16.639999389648438,16.639999389648438,16.610000610351562,16.6200008392334,131300
2026-05-22 16:55:00+00:00,B3SA3.SA,16.639999389648438,16.639999389648438,16.610000610351562,16.6299991607666,244700
2026-05-22 17:00:00+00:00,B3SA3.SA,16.6200008392334,16.639999389648438,16.6200008392334,16.639999389648438,132700
2026-05-22 17:05:00+00:00,B3SA3.SA,16.6299991607666,16.639999389648438,16.6200008392334,16.6299991607666,131300
2026-05-22 17:10:00+00:00,B3SA3.SA,16.639999389648438,16.65999984741211,16.6299991607666,16.649999618530273,213200
2026-05-22 17:15:00+00:00,B3SA3.SA,16.649999618530273,16.68000030517578,16.6299991607666,16.649999618530273,217500
2026-05-22 17:20:00+00:00,B3SA3.SA,16.639999389648438,16.68000030517578,16.6299991607666,16.670000076293945,193300
2026-05-22 17:25:00+00:00,B3SA3.SA,16.68000030517578,16.780000686645508,16.670000076293945,16.770000457763672,1292600
2026-05-22 17:30:00+00:00,B3SA3.SA,16.770000457763672,16.780000686645508,16.700000762939453,16.719999313354492,273400
2026-05-22 17:35:00+00:00,B3SA3.SA,16.719999313354492,16.719999313354492,16.670000076293945,16.690000534057617,170700
2026-05-22 17:40:00+00:00,B3SA3.SA,16.690000534057617,16.700000762939453,16.670000076293945,16.68000030517578,249500
2026-05-22 17:45:00+00:00,B3SA3.SA,16.68000030517578,16.68000030517578,16.65999984741211,16.68000030517578,176200
2026-05-22 17:50:00+00:00,B3SA3.SA,16.68000030517578,16.68000030517578,16.65999984741211,16.670000076293945,197300
2026-05-22 17:55:00+00:00,B3SA3.SA,16.670000076293945,16.68000030517578,16.649999618530273,16.670000076293945,226200
2026-05-22 18:00:00+00:00,B3SA3.SA,16.670000076293945,16.68000030517578,16.639999389648438,16.670000076293945,227600
2026-05-22 18:05:00+00:00,B3SA3.SA,16.670000076293945,16.68000030517578,16.649999618530273,16.670000076293945,155800
2026-05-22 18:10:00+00:00,B3SA3.SA,16.670000076293945,16.68000030517578,16.649999618530273,16.65999984741211,163100
2026-05-22 18:15:00+00:00,B3SA3.SA,16.65999984741211,16.690000534057617,16.649999618530273,16.68000030517578,169600
2026-05-22 18:20:00+00:00,B3SA3.SA,16.690000534057617,16.700000762939453,16.68000030517578,16.68000030517578,197500
2026-05-22 18:25:00+00:00,B3SA3.SA,16.68000030517578,16.690000534057617,16.670000076293945,16.690000534057617,172900
2026-05-22 18:30:00+00:00,B3SA3.SA,16.68000030517578,16.690000534057617,16.670000076293945,16.68000030517578,184600
2026-05-22 18:35:00+00:00,B3SA3.SA,16.68000030517578,16.690000534057617,16.65999984741211,16.670000076293945,277100
2026-05-22 18:40:00+00:00,B3SA3.SA,16.690000534057617,16.700000762939453,16.670000076293945,16.68000030517578,113500
2026-05-22 18:45:00+00:00,B3SA3.SA,16.700000762939453,16.700000762939453,16.649999618530273,16.649999618530273,285300
2026-05-22 18:50:00+00:00,B3SA3.SA,16.649999618530273,16.68000030517578,16.649999618530273,16.68000030517578,116500
2026-05-22 18:55:00+00:00,B3SA3.SA,16.68000030517578,16.709999084472656,16.670000076293945,16.690000534057617,185500
2026-05-22 19:00:00+00:00,B3SA3.SA,16.709999084472656,16.709999084472656,16.670000076293945,16.68000030517578,198800
2026-05-22 19:05:00+00:00,B3SA3.SA,16.68000030517578,16.68000030517578,16.65999984741211,16.68000030517578,229800
2026-05-22 19:10:00+00:00,B3SA3.SA,16.68000030517578,16.690000534057617,16.65999984741211,16.68000030517578,230100
2026-05-22 19:15:00+00:00,B3SA3.SA,16.68000030517578,16.709999084472656,16.670000076293945,16.690000534057617,438400
2026-05-22 19:20:00+00:00,B3SA3.SA,16.68000030517578,16.690000534057617,16.65999984741211,16.68000030517578,186200
2026-05-22 19:25:00+00:00,B3SA3.SA,16.690000534057617,16.690000534057617,16.670000076293945,16.670000076293945,229300
2026-05-22 19:30:00+00:00,B3SA3.SA,16.68000030517578,16.690000534057617,16.6299991607666,16.6299991607666,567900
2026-05-22 19:35:00+00:00,B3SA3.SA,16.639999389648438,16.65999984741211,16.610000610351562,16.65999984741211,489400
2026-05-22 19:40:00+00:00,B3SA3.SA,16.649999618530273,16.670000076293945,16.59000015258789,16.6200008392334,1350500
2026-05-22 19:45:00+00:00,B3SA3.SA,16.610000610351562,16.649999618530273,16.600000381469727,16.639999389648438,608800
2026-05-22 19:50:00+00:00,B3SA3.SA,16.639999389648438,16.670000076293945,16.56999969482422,16.649999618530273,637200
2026-05-25 13:10:00+00:00,B3SA3.SA,16.920000076293945,16.950000762939453,16.780000686645508,16.81999969482422,232400
2026-05-25 13:15:00+00:00,B3SA3.SA,16.809999465942383,16.889999389648438,16.799999237060547,16.850000381469727,108900
2026-05-25 13:20:00+00:00,B3SA3.SA,16.850000381469727,16.8799991607666,16.790000915527344,16.829999923706055,328000
2026-05-25 13:25:00+00:00,B3SA3.SA,16.81999969482422,16.84000015258789,16.809999465942383,16.81999969482422,143000
2026-05-25 13:30:00+00:00,B3SA3.SA,16.81999969482422,16.889999389648438,16.81999969482422,16.850000381469727,57200
2026-05-25 13:35:00+00:00,B3SA3.SA,16.8700008392334,16.950000762939453,16.8700008392334,16.940000534057617,142600
2026-05-25 13:40:00+00:00,B3SA3.SA,16.940000534057617,16.969999313354492,16.90999984741211,16.920000076293945,150800
2026-05-25 13:45:00+00:00,B3SA3.SA,16.920000076293945,16.93000030517578,16.899999618530273,16.920000076293945,105900
2026-05-25 13:50:00+00:00,B3SA3.SA,16.920000076293945,16.950000762939453,16.920000076293945,16.920000076293945,74900
2026-05-25 13:55:00+00:00,B3SA3.SA,16.920000076293945,16.940000534057617,16.90999984741211,16.920000076293945,71700
2026-05-25 14:00:00+00:00,B3SA3.SA,16.920000076293945,16.959999084472656,16.90999984741211,16.920000076293945,118500
2026-05-25 14:05:00+00:00,B3SA3.SA,16.920000076293945,16.940000534057617,16.90999984741211,16.93000030517578,58700
2026-05-25 14:10:00+00:00,B3SA3.SA,16.93000030517578,16.950000762939453,16.920000076293945,16.950000762939453,30000
2026-05-25 14:15:00+00:00,B3SA3.SA,16.959999084472656,16.959999084472656,16.90999984741211,16.920000076293945,160900
2026-05-25 14:20:00+00:00,B3SA3.SA,16.920000076293945,16.93000030517578,16.899999618530273,16.93000030517578,93100
2026-05-25 14:25:00+00:00,B3SA3.SA,16.940000534057617,16.959999084472656,16.920000076293945,16.950000762939453,52100
2026-05-25 14:30:00+00:00,B3SA3.SA,16.959999084472656,16.969999313354492,16.920000076293945,16.950000762939453,81200
2026-05-25 14:35:00+00:00,B3SA3.SA,16.940000534057617,16.959999084472656,16.940000534057617,16.950000762939453,63700
2026-05-25 14:40:00+00:00,B3SA3.SA,16.959999084472656,16.979999542236328,16.940000534057617,16.950000762939453,78600
2026-05-25 14:45:00+00:00,B3SA3.SA,16.950000762939453,16.969999313354492,16.940000534057617,16.959999084472656,51800
2026-05-25 14:50:00+00:00,B3SA3.SA,16.959999084472656,16.989999771118164,16.950000762939453,16.969999313354492,188700
2026-05-25 14:55:00+00:00,B3SA3.SA,16.969999313354492,16.979999542236328,16.940000534057617,16.969999313354492,142300
2026-05-25 15:00:00+00:00,B3SA3.SA,16.979999542236328,16.979999542236328,16.940000534057617,16.959999084472656,46300
2026-05-25 15:05:00+00:00,B3SA3.SA,16.969999313354492,16.989999771118164,16.950000762939453,16.989999771118164,37300
2026-05-25 15:10:00+00:00,B3SA3.SA,16.989999771118164,17.030000686645508,16.969999313354492,17.0,139200
2026-05-25 15:15:00+00:00,B3SA3.SA,17.0,17.020000457763672,16.979999542236328,17.010000228881836,84500
2026-05-25 15:20:00+00:00,B3SA3.SA,17.010000228881836,17.010000228881836,16.959999084472656,16.989999771118164,84800
2026-05-25 15:25:00+00:00,B3SA3.SA,16.989999771118164,17.010000228881836,16.979999542236328,17.0,88000
2026-05-25 15:30:00+00:00,B3SA3.SA,17.0,17.030000686645508,17.0,17.030000686645508,64400
2026-05-25 15:35:00+00:00,B3SA3.SA,17.030000686645508,17.049999237060547,17.030000686645508,17.040000915527344,69900
2026-05-25 15:40:00+00:00,B3SA3.SA,17.049999237060547,17.059999465942383,17.040000915527344,17.049999237060547,58800
2026-05-25 15:45:00+00:00,B3SA3.SA,17.040000915527344,17.06999969482422,17.040000915527344,17.06999969482422,96000
2026-05-25 15:50:00+00:00,B3SA3.SA,17.06999969482422,17.100000381469727,17.040000915527344,17.100000381469727,126900
2026-05-25 15:55:00+00:00,B3SA3.SA,17.100000381469727,17.1200008392334,17.09000015258789,17.100000381469727,250700
2026-05-25 16:00:00+00:00,B3SA3.SA,17.100000381469727,17.110000610351562,17.079999923706055,17.110000610351562,132500
2026-05-25 16:05:00+00:00,B3SA3.SA,17.110000610351562,17.110000610351562,17.059999465942383,17.079999923706055,287800
2026-05-25 16:10:00+00:00,B3SA3.SA,17.06999969482422,17.1200008392334,17.059999465942383,17.1200008392334,255400
2026-05-25 16:15:00+00:00,B3SA3.SA,17.1200008392334,17.1200008392334,17.06999969482422,17.079999923706055,202000
2026-05-25 16:20:00+00:00,B3SA3.SA,17.079999923706055,17.110000610351562,17.079999923706055,17.100000381469727,170600
2026-05-25 16:25:00+00:00,B3SA3.SA,17.100000381469727,17.1200008392334,17.09000015258789,17.110000610351562,119800
2026-05-25 16:30:00+00:00,B3SA3.SA,17.100000381469727,17.1200008392334,17.09000015258789,17.100000381469727,155000
2026-05-25 16:35:00+00:00,B3SA3.SA,17.110000610351562,17.139999389648438,17.100000381469727,17.1200008392334,157000
2026-05-25 16:40:00+00:00,B3SA3.SA,17.1299991607666,17.139999389648438,17.1200008392334,17.139999389648438,72900
2026-05-25 16:45:00+00:00,B3SA3.SA,17.139999389648438,17.139999389648438,17.110000610351562,17.139999389648438,113300
2026-05-25 16:50:00+00:00,B3SA3.SA,17.139999389648438,17.18000030517578,17.139999389648438,17.170000076293945,213800
2026-05-25 16:55:00+00:00,B3SA3.SA,17.170000076293945,17.190000534057617,17.170000076293945,17.18000030517578,75900
2026-05-25 17:00:00+00:00,B3SA3.SA,17.170000076293945,17.190000534057617,17.170000076293945,17.18000030517578,108400
2026-05-25 17:05:00+00:00,B3SA3.SA,17.18000030517578,17.229999542236328,17.18000030517578,17.200000762939453,486700
2026-05-25 17:10:00+00:00,B3SA3.SA,17.209999084472656,17.229999542236328,17.190000534057617,17.209999084472656,149600
2026-05-25 17:15:00+00:00,B3SA3.SA,17.209999084472656,17.219999313354492,17.190000534057617,17.219999313354492,142000
2026-05-25 17:20:00+00:00,B3SA3.SA,17.219999313354492,17.299999237060547,17.190000534057617,17.299999237060547,453300
2026-05-25 17:25:00+00:00,B3SA3.SA,17.290000915527344,17.299999237060547,17.260000228881836,17.270000457763672,270900
2026-05-25 17:30:00+00:00,B3SA3.SA,17.270000457763672,17.299999237060547,17.25,17.260000228881836,253300
2026-05-25 17:35:00+00:00,B3SA3.SA,17.280000686645508,17.31999969482422,17.260000228881836,17.299999237060547,244800
2026-05-25 17:40:00+00:00,B3SA3.SA,17.299999237060547,17.31999969482422,17.290000915527344,17.309999465942383,207600
2026-05-25 17:45:00+00:00,B3SA3.SA,17.299999237060547,17.329999923706055,17.280000686645508,17.309999465942383,227600
2026-05-25 17:50:00+00:00,B3SA3.SA,17.309999465942383,17.329999923706055,17.290000915527344,17.299999237060547,234200
2026-05-25 17:55:00+00:00,B3SA3.SA,17.299999237060547,17.31999969482422,17.290000915527344,17.299999237060547,216500
2026-05-25 18:00:00+00:00,B3SA3.SA,17.299999237060547,17.350000381469727,17.290000915527344,17.34000015258789,279000
2026-05-25 18:05:00+00:00,B3SA3.SA,17.34000015258789,17.34000015258789,17.309999465942383,17.329999923706055,128400
2026-05-25 18:10:00+00:00,B3SA3.SA,17.329999923706055,17.34000015258789,17.309999465942383,17.309999465942383,183100
2026-05-25 18:15:00+00:00,B3SA3.SA,17.309999465942383,17.350000381469727,17.309999465942383,17.350000381469727,231700
2026-05-25 18:20:00+00:00,B3SA3.SA,17.350000381469727,17.3799991607666,17.34000015258789,17.34000015258789,326500
2026-05-25 18:25:00+00:00,B3SA3.SA,17.350000381469727,17.389999389648438,17.34000015258789,17.3799991607666,349700
2026-05-25 18:30:00+00:00,B3SA3.SA,17.3799991607666,17.389999389648438,17.350000381469727,17.3700008392334,305700
2026-05-25 18:35:00+00:00,B3SA3.SA,17.3700008392334,17.3700008392334,17.329999923706055,17.360000610351562,159700
2026-05-25 18:40:00+00:00,B3SA3.SA,17.360000610351562,17.3700008392334,17.34000015258789,17.3700008392334,154200
2026-05-25 18:45:00+00:00,B3SA3.SA,17.3700008392334,17.389999389648438,17.34000015258789,17.3799991607666,217000
2026-05-25 18:50:00+00:00,B3SA3.SA,17.3799991607666,17.43000030517578,17.3700008392334,17.399999618530273,426200
2026-05-25 18:55:00+00:00,B3SA3.SA,17.399999618530273,17.40999984741211,17.3799991607666,17.40999984741211,306000
2026-05-25 19:00:00+00:00,B3SA3.SA,17.40999984741211,17.40999984741211,17.360000610351562,17.360000610351562,170400
2026-05-25 19:05:00+00:00,B3SA3.SA,17.360000610351562,17.3700008392334,17.329999923706055,17.34000015258789,142400
2026-05-25 19:10:00+00:00,B3SA3.SA,17.34000015258789,17.360000610351562,17.329999923706055,17.34000015258789,153900
2026-05-25 19:15:00+00:00,B3SA3.SA,17.329999923706055,17.3700008392334,17.329999923706055,17.3700008392334,129600
2026-05-25 19:20:00+00:00,B3SA3.SA,17.3700008392334,17.3700008392334,17.350000381469727,17.3700008392334,193200
2026-05-25 19:25:00+00:00,B3SA3.SA,17.3700008392334,17.3799991607666,17.34000015258789,17.360000610351562,321600
2026-05-25 19:30:00+00:00,B3SA3.SA,17.360000610351562,17.3799991607666,17.329999923706055,17.3700008392334,240300
2026-05-25 19:35:00+00:00,B3SA3.SA,17.3700008392334,17.3700008392334,17.31999969482422,17.3700008392334,514600
2026-05-25 19:40:00+00:00,B3SA3.SA,17.3700008392334,17.3700008392334,17.329999923706055,17.3700008392334,338600
2026-05-25 19:45:00+00:00,B3SA3.SA,17.3700008392334,17.3799991607666,17.350000381469727,17.3799991607666,306000
2026-05-25 19:50:00+00:00,B3SA3.SA,17.3799991607666,17.420000076293945,17.360000610351562,17.3700008392334,623000
2026-05-26 13:00:00+00:00,B3SA3.SA,17.260000228881836,17.260000228881836,17.1200008392334,17.1200008392334,0
2026-05-26 13:05:00+00:00,B3SA3.SA,17.1200008392334,17.1200008392334,16.979999542236328,17.010000228881836,551800
2026-05-26 13:10:00+00:00,B3SA3.SA,16.989999771118164,17.0,16.93000030517578,17.0,225000
2026-05-26 13:15:00+00:00,B3SA3.SA,17.010000228881836,17.059999465942383,17.0,17.030000686645508,334200
2026-05-26 13:20:00+00:00,B3SA3.SA,17.010000228881836,17.09000015258789,16.989999771118164,17.06999969482422,307000
2026-05-26 13:25:00+00:00,B3SA3.SA,17.079999923706055,17.1299991607666,17.059999465942383,17.06999969482422,219800
2026-05-26 13:30:00+00:00,B3SA3.SA,17.06999969482422,17.1299991607666,17.059999465942383,17.1200008392334,134800
2026-05-26 13:35:00+00:00,B3SA3.SA,17.1200008392334,17.139999389648438,17.030000686645508,17.059999465942383,357600
2026-05-26 13:40:00+00:00,B3SA3.SA,17.059999465942383,17.06999969482422,16.989999771118164,17.030000686645508,239600
2026-05-26 13:45:00+00:00,B3SA3.SA,17.020000457763672,17.040000915527344,16.950000762939453,16.979999542236328,350500
2026-05-26 13:50:00+00:00,B3SA3.SA,16.969999313354492,17.0,16.8799991607666,16.899999618530273,387700
2026-05-26 13:55:00+00:00,B3SA3.SA,16.899999618530273,16.969999313354492,16.899999618530273,16.969999313354492,170500
2026-05-26 14:00:00+00:00,B3SA3.SA,16.969999313354492,17.010000228881836,16.90999984741211,16.989999771118164,281600
2026-05-26 14:05:00+00:00,B3SA3.SA,16.989999771118164,17.059999465942383,16.979999542236328,17.040000915527344,214800
2026-05-26 14:10:00+00:00,B3SA3.SA,17.040000915527344,17.079999923706055,17.0,17.040000915527344,216700
2026-05-26 14:15:00+00:00,B3SA3.SA,17.030000686645508,17.079999923706055,17.020000457763672,17.059999465942383,283100
2026-05-26 14:20:00+00:00,B3SA3.SA,17.049999237060547,17.079999923706055,17.020000457763672,17.059999465942383,246000
2026-05-26 14:25:00+00:00,B3SA3.SA,17.059999465942383,17.1200008392334,17.049999237060547,17.09000015258789,287800
2026-05-26 14:30:00+00:00,B3SA3.SA,17.079999923706055,17.110000610351562,17.059999465942383,17.06999969482422,410500
2026-05-26 14:35:00+00:00,B3SA3.SA,17.059999465942383,17.09000015258789,17.040000915527344,17.06999969482422,142000
2026-05-26 14:40:00+00:00,B3SA3.SA,17.059999465942383,17.1200008392334,17.049999237060547,17.110000610351562,222900
2026-05-26 14:45:00+00:00,B3SA3.SA,17.100000381469727,17.139999389648438,17.06999969482422,17.100000381469727,731600
2026-05-26 14:50:00+00:00,B3SA3.SA,17.09000015258789,17.100000381469727,17.030000686645508,17.040000915527344,231800
2026-05-26 14:55:00+00:00,B3SA3.SA,17.040000915527344,17.06999969482422,17.040000915527344,17.06999969482422,116400
2026-05-26 15:00:00+00:00,B3SA3.SA,17.059999465942383,17.06999969482422,17.010000228881836,17.030000686645508,216900
2026-05-26 15:05:00+00:00,B3SA3.SA,17.030000686645508,17.040000915527344,17.010000228881836,17.030000686645508,136300
2026-05-26 15:10:00+00:00,B3SA3.SA,17.030000686645508,17.049999237060547,17.0,17.020000457763672,186500
2026-05-26 15:15:00+00:00,B3SA3.SA,17.020000457763672,17.030000686645508,16.940000534057617,16.979999542236328,734700
2026-05-26 15:20:00+00:00,B3SA3.SA,16.969999313354492,16.979999542236328,16.93000030517578,16.959999084472656,305200
2026-05-26 15:25:00+00:00,B3SA3.SA,16.950000762939453,17.010000228881836,16.950000762939453,17.0,161100
2026-05-26 15:30:00+00:00,B3SA3.SA,17.0,17.010000228881836,16.969999313354492,16.969999313354492,176600
2026-05-26 15:35:00+00:00,B3SA3.SA,16.969999313354492,16.989999771118164,16.950000762939453,16.979999542236328,182100
2026-05-26 15:40:00+00:00,B3SA3.SA,16.979999542236328,17.0,16.90999984741211,16.969999313354492,944800
2026-05-26 15:45:00+00:00,B3SA3.SA,16.969999313354492,16.979999542236328,16.959999084472656,16.969999313354492,137200
2026-05-26 15:50:00+00:00,B3SA3.SA,16.969999313354492,16.989999771118164,16.920000076293945,16.969999313354492,665000
2026-05-26 15:55:00+00:00,B3SA3.SA,16.959999084472656,16.969999313354492,16.950000762939453,16.950000762939453,127200
2026-05-26 16:00:00+00:00,B3SA3.SA,16.950000762939453,16.969999313354492,16.950000762939453,16.950000762939453,168900
2026-05-26 16:05:00+00:00,B3SA3.SA,16.950000762939453,16.979999542236328,16.950000762939453,16.950000762939453,159200
2026-05-26 16:10:00+00:00,B3SA3.SA,16.950000762939453,16.959999084472656,16.940000534057617,16.940000534057617,110900
2026-05-26 16:15:00+00:00,B3SA3.SA,16.940000534057617,16.979999542236328,16.940000534057617,16.969999313354492,191500
2026-05-26 16:20:00+00:00,B3SA3.SA,16.959999084472656,16.969999313354492,16.940000534057617,16.950000762939453,1623300
2026-05-26 16:25:00+00:00,B3SA3.SA,16.940000534057617,16.959999084472656,16.93000030517578,16.940000534057617,0
2026-05-26 16:30:00+00:00,B3SA3.SA,16.93000030517578,16.950000762939453,16.920000076293945,16.93000030517578,222300
2026-05-26 16:35:00+00:00,B3SA3.SA,16.920000076293945,16.940000534057617,16.920000076293945,16.940000534057617,183500
2026-05-26 16:40:00+00:00,B3SA3.SA,16.93000030517578,16.950000762939453,16.920000076293945,16.93000030517578,151300
2026-05-26 16:45:00+00:00,B3SA3.SA,16.93000030517578,16.959999084472656,16.93000030517578,16.940000534057617,141800
2026-05-26 16:50:00+00:00,B3SA3.SA,16.940000534057617,16.959999084472656,16.93000030517578,16.93000030517578,415600
2026-05-26 16:55:00+00:00,B3SA3.SA,16.93000030517578,16.950000762939453,16.93000030517578,16.950000762939453,232000
2026-05-26 17:00:00+00:00,B3SA3.SA,16.93000030517578,16.950000762939453,16.93000030517578,16.93000030517578,75100
2026-05-26 17:05:00+00:00,B3SA3.SA,16.940000534057617,16.950000762939453,16.93000030517578,16.93000030517578,86700
2026-05-26 17:10:00+00:00,B3SA3.SA,16.940000534057617,16.950000762939453,16.90999984741211,16.920000076293945,191500
2026-05-26 17:15:00+00:00,B3SA3.SA,16.90999984741211,16.940000534057617,16.90999984741211,16.920000076293945,172100
2026-05-26 17:20:00+00:00,B3SA3.SA,16.90999984741211,16.93000030517578,16.899999618530273,16.899999618530273,120700
2026-05-26 17:25:00+00:00,B3SA3.SA,16.899999618530273,16.940000534057617,16.899999618530273,16.93000030517578,164000
2026-05-26 17:30:00+00:00,B3SA3.SA,16.920000076293945,16.950000762939453,16.90999984741211,16.93000030517578,191900
2026-05-26 17:35:00+00:00,B3SA3.SA,16.93000030517578,16.950000762939453,16.93000030517578,16.940000534057617,129200
2026-05-26 17:40:00+00:00,B3SA3.SA,16.940000534057617,16.950000762939453,16.920000076293945,16.940000534057617,224500
2026-05-26 17:45:00+00:00,B3SA3.SA,16.920000076293945,16.940000534057617,16.899999618530273,16.90999984741211,149500
2026-05-26 17:50:00+00:00,B3SA3.SA,16.90999984741211,16.940000534057617,16.90999984741211,16.920000076293945,180800
2026-05-26 17:55:00+00:00,B3SA3.SA,16.920000076293945,16.93000030517578,16.889999389648438,16.899999618530273,259400
2026-05-26 18:00:00+00:00,B3SA3.SA,16.899999618530273,16.90999984741211,16.8799991607666,16.889999389648438,194300
2026-05-26 18:05:00+00:00,B3SA3.SA,16.8799991607666,16.90999984741211,16.8799991607666,16.899999618530273,212000
2026-05-26 18:10:00+00:00,B3SA3.SA,16.889999389648438,16.950000762939453,16.889999389648438,16.940000534057617,644200
2026-05-26 18:15:00+00:00,B3SA3.SA,16.940000534057617,16.940000534057617,16.90999984741211,16.93000030517578,280700
2026-05-26 18:20:00+00:00,B3SA3.SA,16.920000076293945,16.950000762939453,16.920000076293945,16.93000030517578,234700
2026-05-26 18:25:00+00:00,B3SA3.SA,16.920000076293945,16.93000030517578,16.899999618530273,16.920000076293945,194400
2026-05-26 18:30:00+00:00,B3SA3.SA,16.93000030517578,16.93000030517578,16.889999389648438,16.889999389648438,686900
2026-05-26 18:35:00+00:00,B3SA3.SA,16.889999389648438,16.90999984741211,16.8700008392334,16.889999389648438,305000
2026-05-26 18:40:00+00:00,B3SA3.SA,16.889999389648438,16.899999618530273,16.850000381469727,16.860000610351562,807500
2026-05-26 18:45:00+00:00,B3SA3.SA,16.860000610351562,16.8700008392334,16.809999465942383,16.84000015258789,509100
2026-05-26 18:50:00+00:00,B3SA3.SA,16.84000015258789,16.8700008392334,16.81999969482422,16.81999969482422,459100
2026-05-26 18:55:00+00:00,B3SA3.SA,16.81999969482422,16.850000381469727,16.799999237060547,16.799999237060547,2883800
2026-05-26 19:00:00+00:00,B3SA3.SA,16.799999237060547,16.8700008392334,16.790000915527344,16.860000610351562,452900
2026-05-26 19:05:00+00:00,B3SA3.SA,16.860000610351562,16.8799991607666,16.84000015258789,16.8700008392334,211300
2026-05-26 19:10:00+00:00,B3SA3.SA,16.8799991607666,16.889999389648438,16.850000381469727,16.850000381469727,248600
2026-05-26 19:15:00+00:00,B3SA3.SA,16.850000381469727,16.8700008392334,16.84000015258789,16.8700008392334,198700
2026-05-26 19:20:00+00:00,B3SA3.SA,16.860000610351562,16.93000030517578,16.860000610351562,16.899999618530273,598300
2026-05-26 19:25:00+00:00,B3SA3.SA,16.899999618530273,16.90999984741211,16.899999618530273,16.899999618530273,246900
2026-05-26 19:30:00+00:00,B3SA3.SA,16.899999618530273,16.93000030517578,16.899999618530273,16.93000030517578,390800
2026-05-26 19:35:00+00:00,B3SA3.SA,16.920000076293945,17.010000228881836,16.899999618530273,16.979999542236328,1263600
2026-05-26 19:40:00+00:00,B3SA3.SA,16.969999313354492,16.979999542236328,16.90999984741211,16.920000076293945,738700
2026-05-26 19:45:00+00:00,B3SA3.SA,16.920000076293945,16.93000030517578,16.889999389648438,16.90999984741211,496100
2026-05-26 19:50:00+00:00,B3SA3.SA,16.920000076293945,16.920000076293945,16.8700008392334,16.8799991607666,399700
2026-05-27 13:00:00+00:00,B3SA3.SA,17.149999618530273,17.25,17.139999389648438,17.18000030517578,0
2026-05-27 13:05:00+00:00,B3SA3.SA,17.190000534057617,17.280000686645508,17.170000076293945,17.200000762939453,199600
2026-05-27 13:10:00+00:00,B3SA3.SA,17.209999084472656,17.270000457763672,17.149999618530273,17.15999984741211,234000
2026-05-27 13:15:00+00:00,B3SA3.SA,17.149999618530273,17.18000030517578,17.1200008392334,17.1299991607666,79100
2026-05-27 13:20:00+00:00,B3SA3.SA,17.139999389648438,17.139999389648438,17.049999237060547,17.049999237060547,104600
2026-05-27 13:25:00+00:00,B3SA3.SA,17.049999237060547,17.100000381469727,17.030000686645508,17.049999237060547,181600
2026-05-27 13:30:00+00:00,B3SA3.SA,17.049999237060547,17.139999389648438,17.049999237060547,17.1299991607666,175800
2026-05-27 13:35:00+00:00,B3SA3.SA,17.1299991607666,17.149999618530273,17.110000610351562,17.139999389648438,201500
2026-05-27 13:40:00+00:00,B3SA3.SA,17.139999389648438,17.139999389648438,17.0,17.0,450400
2026-05-27 13:45:00+00:00,B3SA3.SA,17.010000228881836,17.049999237060547,16.969999313354492,16.989999771118164,245600
2026-05-27 13:50:00+00:00,B3SA3.SA,17.0,17.030000686645508,16.959999084472656,16.979999542236328,104100
2026-05-27 13:55:00+00:00,B3SA3.SA,16.959999084472656,16.979999542236328,16.920000076293945,16.950000762939453,150500
2026-05-27 14:00:00+00:00,B3SA3.SA,16.969999313354492,16.979999542236328,16.93000030517578,16.940000534057617,201000
2026-05-27 14:05:00+00:00,B3SA3.SA,16.940000534057617,16.940000534057617,16.829999923706055,16.84000015258789,312100
2026-05-27 14:10:00+00:00,B3SA3.SA,16.850000381469727,16.8700008392334,16.780000686645508,16.790000915527344,305800
2026-05-27 14:15:00+00:00,B3SA3.SA,16.790000915527344,16.84000015258789,16.780000686645508,16.809999465942383,148800
2026-05-27 14:20:00+00:00,B3SA3.SA,16.81999969482422,16.8700008392334,16.790000915527344,16.84000015258789,105900
2026-05-27 14:25:00+00:00,B3SA3.SA,16.850000381469727,16.8700008392334,16.81999969482422,16.8700008392334,59500
2026-05-27 14:30:00+00:00,B3SA3.SA,16.8700008392334,16.8799991607666,16.809999465942383,16.84000015258789,148700
2026-05-27 14:35:00+00:00,B3SA3.SA,16.850000381469727,16.920000076293945,16.84000015258789,16.889999389648438,86000
2026-05-27 14:40:00+00:00,B3SA3.SA,16.889999389648438,16.920000076293945,16.8799991607666,16.90999984741211,60000
2026-05-27 14:45:00+00:00,B3SA3.SA,16.889999389648438,16.979999542236328,16.889999389648438,16.920000076293945,341000
2026-05-27 14:50:00+00:00,B3SA3.SA,16.920000076293945,16.940000534057617,16.899999618530273,16.940000534057617,56000
2026-05-27 14:55:00+00:00,B3SA3.SA,16.940000534057617,16.940000534057617,16.899999618530273,16.920000076293945,44500
2026-05-27 15:00:00+00:00,B3SA3.SA,16.90999984741211,16.93000030517578,16.889999389648438,16.93000030517578,126700
2026-05-27 15:05:00+00:00,B3SA3.SA,16.90999984741211,16.920000076293945,16.860000610351562,16.8799991607666,88400
2026-05-27 15:10:00+00:00,B3SA3.SA,16.889999389648438,16.90999984741211,16.8700008392334,16.889999389648438,58100
2026-05-27 15:15:00+00:00,B3SA3.SA,16.899999618530273,16.899999618530273,16.81999969482422,16.84000015258789,112100
2026-05-27 15:20:00+00:00,B3SA3.SA,16.850000381469727,16.850000381469727,16.760000228881836,16.780000686645508,207900
2026-05-27 15:25:00+00:00,B3SA3.SA,16.790000915527344,16.81999969482422,16.770000457763672,16.809999465942383,136300
2026-05-27 15:30:00+00:00,B3SA3.SA,16.81999969482422,16.84000015258789,16.799999237060547,16.81999969482422,197000
2026-05-27 15:35:00+00:00,B3SA3.SA,16.829999923706055,16.829999923706055,16.780000686645508,16.790000915527344,314400
2026-05-27 15:40:00+00:00,B3SA3.SA,16.799999237060547,16.799999237060547,16.719999313354492,16.729999542236328,286300
2026-05-27 15:45:00+00:00,B3SA3.SA,16.739999771118164,16.770000457763672,16.709999084472656,16.739999771118164,181700
2026-05-27 15:50:00+00:00,B3SA3.SA,16.75,16.770000457763672,16.700000762939453,16.75,311100
2026-05-27 15:55:00+00:00,B3SA3.SA,16.760000228881836,16.770000457763672,16.729999542236328,16.75,63300
2026-05-27 16:00:00+00:00,B3SA3.SA,16.760000228881836,16.780000686645508,16.729999542236328,16.739999771118164,89700
2026-05-27 16:05:00+00:00,B3SA3.SA,16.729999542236328,16.780000686645508,16.729999542236328,16.780000686645508,149300
2026-05-27 16:10:00+00:00,B3SA3.SA,16.780000686645508,16.790000915527344,16.760000228881836,16.780000686645508,135000
2026-05-27 16:15:00+00:00,B3SA3.SA,16.780000686645508,16.790000915527344,16.75,16.75,43800
2026-05-27 16:20:00+00:00,B3SA3.SA,16.760000228881836,16.780000686645508,16.75,16.760000228881836,55300
2026-05-27 16:25:00+00:00,B3SA3.SA,16.770000457763672,16.790000915527344,16.760000228881836,16.760000228881836,53700
2026-05-27 16:30:00+00:00,B3SA3.SA,16.770000457763672,16.780000686645508,16.75,16.760000228881836,60200
2026-05-27 16:35:00+00:00,B3SA3.SA,16.760000228881836,16.760000228881836,16.739999771118164,16.75,85900
2026-05-27 16:40:00+00:00,B3SA3.SA,16.75,16.760000228881836,16.739999771118164,16.760000228881836,52300
2026-05-27 16:45:00+00:00,B3SA3.SA,16.75,16.780000686645508,16.75,16.770000457763672,139400
2026-05-27 16:50:00+00:00,B3SA3.SA,16.780000686645508,16.780000686645508,16.729999542236328,16.739999771118164,128900
2026-05-27 16:55:00+00:00,B3SA3.SA,16.739999771118164,16.739999771118164,16.690000534057617,16.700000762939453,360500
2026-05-27 17:00:00+00:00,B3SA3.SA,16.690000534057617,16.700000762939453,16.65999984741211,16.68000030517578,222800
2026-05-27 17:05:00+00:00,B3SA3.SA,16.670000076293945,16.690000534057617,16.639999389648438,16.639999389648438,291000
2026-05-27 17:10:00+00:00,B3SA3.SA,16.639999389648438,16.65999984741211,16.6200008392334,16.6299991607666,124500
2026-05-27 17:15:00+00:00,B3SA3.SA,16.6299991607666,16.65999984741211,16.6299991607666,16.639999389648438,77600
2026-05-27 17:20:00+00:00,B3SA3.SA,16.649999618530273,16.670000076293945,16.639999389648438,16.649999618530273,75100
2026-05-27 17:25:00+00:00,B3SA3.SA,16.65999984741211,16.65999984741211,16.59000015258789,16.610000610351562,296300
2026-05-27 17:30:00+00:00,B3SA3.SA,16.610000610351562,16.639999389648438,16.610000610351562,16.639999389648438,52200
2026-05-27 17:35:00+00:00,B3SA3.SA,16.6299991607666,16.65999984741211,16.6299991607666,16.639999389648438,87400
2026-05-27 17:40:00+00:00,B3SA3.SA,16.639999389648438,16.670000076293945,16.639999389648438,16.65999984741211,78700
2026-05-27 17:45:00+00:00,B3SA3.SA,16.65999984741211,16.670000076293945,16.639999389648438,16.649999618530273,132700
2026-05-27 17:50:00+00:00,B3SA3.SA,16.639999389648438,16.649999618530273,16.579999923706055,16.610000610351562,243200
2026-05-27 17:55:00+00:00,B3SA3.SA,16.600000381469727,16.6200008392334,16.579999923706055,16.600000381469727,330700
2026-05-27 18:00:00+00:00,B3SA3.SA,16.600000381469727,16.600000381469727,16.559999465942383,16.559999465942383,451700
2026-05-27 18:05:00+00:00,B3SA3.SA,16.559999465942383,16.6299991607666,16.559999465942383,16.610000610351562,194300
2026-05-27 18:10:00+00:00,B3SA3.SA,16.6200008392334,16.639999389648438,16.610000610351562,16.6299991607666,122300
2026-05-27 18:15:00+00:00,B3SA3.SA,16.6200008392334,16.639999389648438,16.6200008392334,16.639999389648438,255600
2026-05-27 18:20:00+00:00,B3SA3.SA,16.6299991607666,16.65999984741211,16.6200008392334,16.65999984741211,335900
2026-05-27 18:25:00+00:00,B3SA3.SA,16.65999984741211,16.65999984741211,16.639999389648438,16.639999389648438,100700
2026-05-27 18:30:00+00:00,B3SA3.SA,16.639999389648438,16.649999618530273,16.6200008392334,16.6200008392334,367000
2026-05-27 18:35:00+00:00,B3SA3.SA,16.6200008392334,16.6299991607666,16.600000381469727,16.6299991607666,337700
2026-05-27 18:40:00+00:00,B3SA3.SA,16.6299991607666,16.6299991607666,16.610000610351562,16.6299991607666,195000
2026-05-27 18:45:00+00:00,B3SA3.SA,16.6299991607666,16.6299991607666,16.59000015258789,16.610000610351562,128200
2026-05-27 18:50:00+00:00,B3SA3.SA,16.610000610351562,16.6200008392334,16.59000015258789,16.600000381469727,93200
2026-05-27 18:55:00+00:00,B3SA3.SA,16.6200008392334,16.639999389648438,16.56999969482422,16.56999969482422,512600
2026-05-27 19:00:00+00:00,B3SA3.SA,16.56999969482422,16.600000381469727,16.559999465942383,16.600000381469727,433500
2026-05-27 19:05:00+00:00,B3SA3.SA,16.59000015258789,16.610000610351562,16.579999923706055,16.600000381469727,660700
2026-05-27 19:10:00+00:00,B3SA3.SA,16.59000015258789,16.600000381469727,16.579999923706055,16.59000015258789,411600
2026-05-27 19:15:00+00:00,B3SA3.SA,16.600000381469727,16.600000381469727,16.559999465942383,16.579999923706055,476300
2026-05-27 19:20:00+00:00,B3SA3.SA,16.579999923706055,16.59000015258789,16.549999237060547,16.56999969482422,577900
2026-05-27 19:25:00+00:00,B3SA3.SA,16.579999923706055,16.59000015258789,16.559999465942383,16.59000015258789,490000
2026-05-27 19:30:00+00:00,B3SA3.SA,16.600000381469727,16.600000381469727,16.579999923706055,16.600000381469727,151700
2026-05-27 19:35:00+00:00,B3SA3.SA,16.59000015258789,16.610000610351562,16.59000015258789,16.600000381469727,295100
2026-05-27 19:40:00+00:00,B3SA3.SA,16.600000381469727,16.6200008392334,16.579999923706055,16.610000610351562,317900
2026-05-27 19:45:00+00:00,B3SA3.SA,16.610000610351562,16.6200008392334,16.559999465942383,16.59000015258789,675500
2026-05-27 19:50:00+00:00,B3SA3.SA,16.59000015258789,16.59000015258789,16.520000457763672,16.549999237060547,755800
2026-05-28 13:05:00+00:00,B3SA3.SA,16.549999237060547,16.579999923706055,16.469999313354492,16.469999313354492,0
2026-05-28 13:10:00+00:00,B3SA3.SA,16.479999542236328,16.479999542236328,16.350000381469727,16.350000381469727,241500
2026-05-28 13:15:00+00:00,B3SA3.SA,16.360000610351562,16.360000610351562,16.239999771118164,16.299999237060547,542300
2026-05-28 13:20:00+00:00,B3SA3.SA,16.299999237060547,16.299999237060547,16.219999313354492,16.219999313354492,177200
2026-05-28 13:25:00+00:00,B3SA3.SA,16.229999542236328,16.229999542236328,16.149999618530273,16.15999984741211,340400
2026-05-28 13:30:00+00:00,B3SA3.SA,16.149999618530273,16.18000030517578,16.110000610351562,16.170000076293945,329800
2026-05-28 13:35:00+00:00,B3SA3.SA,16.15999984741211,16.260000228881836,16.15999984741211,16.239999771118164,308700
2026-05-28 13:40:00+00:00,B3SA3.SA,16.219999313354492,16.280000686645508,16.190000534057617,16.280000686645508,217900
2026-05-28 13:45:00+00:00,B3SA3.SA,16.280000686645508,16.399999618530273,16.280000686645508,16.3799991607666,1722000
2026-05-28 13:50:00+00:00,B3SA3.SA,16.389999389648438,16.420000076293945,16.3700008392334,16.399999618530273,142500
2026-05-28 13:55:00+00:00,B3SA3.SA,16.40999984741211,16.43000030517578,16.34000015258789,16.34000015258789,433900
2026-05-28 14:00:00+00:00,B3SA3.SA,16.34000015258789,16.399999618530273,16.34000015258789,16.3799991607666,318000
2026-05-28 14:05:00+00:00,B3SA3.SA,16.3799991607666,16.43000030517578,16.34000015258789,16.40999984741211,342200
2026-05-28 14:10:00+00:00,B3SA3.SA,16.40999984741211,16.65999984741211,16.399999618530273,16.600000381469727,1108700
2026-05-28 14:15:00+00:00,B3SA3.SA,16.600000381469727,16.610000610351562,16.540000915527344,16.549999237060547,554300
2026-05-28 14:20:00+00:00,B3SA3.SA,16.549999237060547,16.549999237060547,16.5,16.520000457763672,224100
2026-05-28 14:25:00+00:00,B3SA3.SA,16.520000457763672,16.530000686645508,16.5,16.5,80300
2026-05-28 14:30:00+00:00,B3SA3.SA,16.5,16.540000915527344,16.459999084472656,16.5,135500
2026-05-28 14:35:00+00:00,B3SA3.SA,16.510000228881836,16.579999923706055,16.469999313354492,16.56999969482422,243200
2026-05-28 14:40:00+00:00,B3SA3.SA,16.559999465942383,16.600000381469727,16.540000915527344,16.549999237060547,138100
2026-05-28 14:45:00+00:00,B3SA3.SA,16.549999237060547,16.59000015258789,16.540000915527344,16.549999237060547,91700
2026-05-28 14:50:00+00:00,B3SA3.SA,16.549999237060547,16.600000381469727,16.549999237060547,16.559999465942383,191600
2026-05-28 14:55:00+00:00,B3SA3.SA,16.559999465942383,16.559999465942383,16.510000228881836,16.549999237060547,105800
2026-05-28 15:00:00+00:00,B3SA3.SA,16.549999237060547,16.56999969482422,16.530000686645508,16.530000686645508,72600
2026-05-28 15:05:00+00:00,B3SA3.SA,16.530000686645508,16.549999237060547,16.489999771118164,16.489999771118164,127500
2026-05-28 15:10:00+00:00,B3SA3.SA,16.489999771118164,16.530000686645508,16.479999542236328,16.5,207200
2026-05-28 15:15:00+00:00,B3SA3.SA,16.5,16.530000686645508,16.479999542236328,16.510000228881836,152900
2026-05-28 15:20:00+00:00,B3SA3.SA,16.520000457763672,16.530000686645508,16.5,16.520000457763672,77200
2026-05-28 15:25:00+00:00,B3SA3.SA,16.520000457763672,16.530000686645508,16.479999542236328,16.520000457763672,433700
2026-05-28 15:30:00+00:00,B3SA3.SA,16.520000457763672,16.549999237060547,16.510000228881836,16.530000686645508,103600
2026-05-28 15:35:00+00:00,B3SA3.SA,16.540000915527344,16.56999969482422,16.530000686645508,16.559999465942383,84400
2026-05-28 15:40:00+00:00,B3SA3.SA,16.56999969482422,16.600000381469727,16.549999237060547,16.559999465942383,128000
2026-05-28 15:45:00+00:00,B3SA3.SA,16.56999969482422,16.59000015258789,16.549999237060547,16.56999969482422,220700
2026-05-28 15:50:00+00:00,B3SA3.SA,16.56999969482422,16.59000015258789,16.530000686645508,16.540000915527344,93900
2026-05-28 15:55:00+00:00,B3SA3.SA,16.540000915527344,16.559999465942383,16.520000457763672,16.540000915527344,101000
2026-05-28 16:00:00+00:00,B3SA3.SA,16.530000686645508,16.549999237060547,16.520000457763672,16.520000457763672,181100
2026-05-28 16:05:00+00:00,B3SA3.SA,16.530000686645508,16.56999969482422,16.530000686645508,16.559999465942383,82600
2026-05-28 16:10:00+00:00,B3SA3.SA,16.549999237060547,16.559999465942383,16.530000686645508,16.540000915527344,75100
2026-05-28 16:15:00+00:00,B3SA3.SA,16.540000915527344,16.56999969482422,16.540000915527344,16.56999969482422,105900
2026-05-28 16:20:00+00:00,B3SA3.SA,16.56999969482422,16.59000015258789,16.549999237060547,16.579999923706055,132200
2026-05-28 16:25:00+00:00,B3SA3.SA,16.579999923706055,16.579999923706055,16.549999237060547,16.549999237060547,53900
2026-05-28 16:30:00+00:00,B3SA3.SA,16.549999237060547,16.579999923706055,16.549999237060547,16.579999923706055,135800
2026-05-28 16:35:00+00:00,B3SA3.SA,16.59000015258789,16.600000381469727,16.579999923706055,16.579999923706055,73400
2026-05-28 16:40:00+00:00,B3SA3.SA,16.579999923706055,16.610000610351562,16.579999923706055,16.59000015258789,76500
2026-05-28 16:45:00+00:00,B3SA3.SA,16.59000015258789,16.600000381469727,16.579999923706055,16.600000381469727,56800
2026-05-28 16:50:00+00:00,B3SA3.SA,16.59000015258789,16.610000610351562,16.579999923706055,16.59000015258789,78700
2026-05-28 16:55:00+00:00,B3SA3.SA,16.59000015258789,16.6299991607666,16.579999923706055,16.6200008392334,125700
2026-05-28 17:00:00+00:00,B3SA3.SA,16.6200008392334,16.639999389648438,16.610000610351562,16.6200008392334,79800
2026-05-28 17:05:00+00:00,B3SA3.SA,16.610000610351562,16.6200008392334,16.59000015258789,16.6200008392334,106500
2026-05-28 17:10:00+00:00,B3SA3.SA,16.6200008392334,16.6200008392334,16.600000381469727,16.6200008392334,54600
2026-05-28 17:15:00+00:00,B3SA3.SA,16.610000610351562,16.649999618530273,16.610000610351562,16.6200008392334,198700
2026-05-28 17:20:00+00:00,B3SA3.SA,16.6200008392334,16.6299991607666,16.59000015258789,16.59000015258789,101800
2026-05-28 17:25:00+00:00,B3SA3.SA,16.59000015258789,16.610000610351562,16.59000015258789,16.59000015258789,54700
2026-05-28 17:30:00+00:00,B3SA3.SA,16.600000381469727,16.65999984741211,16.600000381469727,16.639999389648438,146000
2026-05-28 17:35:00+00:00,B3SA3.SA,16.639999389648438,16.649999618530273,16.6200008392334,16.639999389648438,77200
2026-05-28 17:40:00+00:00,B3SA3.SA,16.6299991607666,16.649999618530273,16.6200008392334,16.649999618530273,60900
2026-05-28 17:45:00+00:00,B3SA3.SA,16.649999618530273,16.670000076293945,16.639999389648438,16.65999984741211,153200
2026-05-28 17:50:00+00:00,B3SA3.SA,16.65999984741211,16.68000030517578,16.649999618530273,16.65999984741211,129200
2026-05-28 17:55:00+00:00,B3SA3.SA,16.649999618530273,16.670000076293945,16.649999618530273,16.670000076293945,58600
2026-05-28 18:00:00+00:00,B3SA3.SA,16.670000076293945,16.670000076293945,16.639999389648438,16.65999984741211,90800
2026-05-28 18:05:00+00:00,B3SA3.SA,16.65999984741211,16.68000030517578,16.649999618530273,16.649999618530273,164300
2026-05-28 18:10:00+00:00,B3SA3.SA,16.649999618530273,16.65999984741211,16.6299991607666,16.639999389648438,143600
2026-05-28 18:15:00+00:00,B3SA3.SA,16.639999389648438,16.65999984741211,16.6299991607666,16.649999618530273,111900
2026-05-28 18:20:00+00:00,B3SA3.SA,16.649999618530273,16.649999618530273,16.6200008392334,16.639999389648438,82200
2026-05-28 18:25:00+00:00,B3SA3.SA,16.639999389648438,16.649999618530273,16.610000610351562,16.610000610351562,98800
2026-05-28 18:30:00+00:00,B3SA3.SA,16.610000610351562,16.6299991607666,16.600000381469727,16.610000610351562,90500
2026-05-28 18:35:00+00:00,B3SA3.SA,16.610000610351562,16.6299991607666,16.59000015258789,16.610000610351562,117500
2026-05-28 18:40:00+00:00,B3SA3.SA,16.610000610351562,16.6200008392334,16.59000015258789,16.600000381469727,143200
2026-05-28 18:45:00+00:00,B3SA3.SA,16.59000015258789,16.600000381469727,16.579999923706055,16.579999923706055,79600
2026-05-28 18:50:00+00:00,B3SA3.SA,16.579999923706055,16.6200008392334,16.579999923706055,16.610000610351562,211500
2026-05-28 18:55:00+00:00,B3SA3.SA,16.6200008392334,16.6299991607666,16.610000610351562,16.6299991607666,74400
2026-05-28 19:00:00+00:00,B3SA3.SA,16.6200008392334,16.6299991607666,16.59000015258789,16.600000381469727,141200
2026-05-28 19:05:00+00:00,B3SA3.SA,16.600000381469727,16.610000610351562,16.59000015258789,16.59000015258789,67700
2026-05-28 19:10:00+00:00,B3SA3.SA,16.59000015258789,16.600000381469727,16.540000915527344,16.540000915527344,140900
2026-05-28 19:15:00+00:00,B3SA3.SA,16.540000915527344,16.559999465942383,16.510000228881836,16.520000457763672,481700
2026-05-28 19:20:00+00:00,B3SA3.SA,16.520000457763672,16.559999465942383,16.520000457763672,16.559999465942383,190800
2026-05-28 19:25:00+00:00,B3SA3.SA,16.549999237060547,16.559999465942383,16.540000915527344,16.559999465942383,78700
2026-05-28 19:30:00+00:00,B3SA3.SA,16.549999237060547,16.559999465942383,16.520000457763672,16.530000686645508,332300
2026-05-28 19:35:00+00:00,B3SA3.SA,16.530000686645508,16.549999237060547,16.530000686645508,16.549999237060547,198200
2026-05-28 19:40:00+00:00,B3SA3.SA,16.540000915527344,16.579999923706055,16.520000457763672,16.579999923706055,308600
2026-05-28 19:45:00+00:00,B3SA3.SA,16.56999969482422,16.59000015258789,16.549999237060547,16.579999923706055,360500
2026-05-28 19:50:00+00:00,B3SA3.SA,16.59000015258789,16.59000015258789,16.5,16.5,451200
2026-05-29 13:00:00+00:00,B3SA3.SA,16.530000686645508,16.549999237060547,16.469999313354492,16.530000686645508,0
2026-05-29 13:05:00+00:00,B3SA3.SA,16.530000686645508,16.610000610351562,16.5,16.600000381469727,196000
2026-05-29 13:10:00+00:00,B3SA3.SA,16.610000610351562,16.610000610351562,16.489999771118164,16.5,118900
2026-05-29 13:15:00+00:00,B3SA3.SA,16.510000228881836,16.530000686645508,16.469999313354492,16.469999313354492,163900
2026-05-29 13:20:00+00:00,B3SA3.SA,16.489999771118164,16.5,16.389999389648438,16.43000030517578,258300
2026-05-29 13:25:00+00:00,B3SA3.SA,16.440000534057617,16.469999313354492,16.399999618530273,16.469999313354492,194700
2026-05-29 13:30:00+00:00,B3SA3.SA,16.469999313354492,16.479999542236328,16.3700008392334,16.399999618530273,317700
2026-05-29 13:35:00+00:00,B3SA3.SA,16.399999618530273,16.559999465942383,16.399999618530273,16.549999237060547,820100
2026-05-29 13:40:00+00:00,B3SA3.SA,16.530000686645508,16.579999923706055,16.510000228881836,16.56999969482422,238600
2026-05-29 13:45:00+00:00,B3SA3.SA,16.579999923706055,16.639999389648438,16.540000915527344,16.540000915527344,714000
2026-05-29 13:50:00+00:00,B3SA3.SA,16.549999237060547,16.549999237060547,16.489999771118164,16.520000457763672,501100
2026-05-29 13:55:00+00:00,B3SA3.SA,16.520000457763672,16.559999465942383,16.40999984741211,16.40999984741211,196100
2026-05-29 14:00:00+00:00,B3SA3.SA,16.420000076293945,16.43000030517578,16.290000915527344,16.309999465942383,1107500
2026-05-29 14:05:00+00:00,B3SA3.SA,16.309999465942383,16.34000015258789,16.280000686645508,16.309999465942383,189500
2026-05-29 14:10:00+00:00,B3SA3.SA,16.31999969482422,16.31999969482422,16.260000228881836,16.280000686645508,159100
2026-05-29 14:15:00+00:00,B3SA3.SA,16.280000686645508,16.31999969482422,16.280000686645508,16.290000915527344,176900
2026-05-29 14:20:00+00:00,B3SA3.SA,16.290000915527344,16.31999969482422,16.25,16.25,203100
2026-05-29 14:25:00+00:00,B3SA3.SA,16.25,16.299999237060547,16.25,16.280000686645508,191700
2026-05-29 14:30:00+00:00,B3SA3.SA,16.290000915527344,16.31999969482422,16.280000686645508,16.299999237060547,297500
2026-05-29 14:35:00+00:00,B3SA3.SA,16.290000915527344,16.299999237060547,16.229999542236328,16.270000457763672,245300
2026-05-29 14:40:00+00:00,B3SA3.SA,16.270000457763672,16.299999237060547,16.260000228881836,16.270000457763672,427400
2026-05-29 14:45:00+00:00,B3SA3.SA,16.280000686645508,16.290000915527344,16.219999313354492,16.280000686645508,351200
2026-05-29 14:50:00+00:00,B3SA3.SA,16.280000686645508,16.350000381469727,16.239999771118164,16.329999923706055,686500
2026-05-29 14:55:00+00:00,B3SA3.SA,16.34000015258789,16.3700008392334,16.290000915527344,16.299999237060547,488100
2026-05-29 15:00:00+00:00,B3SA3.SA,16.309999465942383,16.389999389648438,16.299999237060547,16.3700008392334,182400
2026-05-29 15:05:00+00:00,B3SA3.SA,16.3799991607666,16.40999984741211,16.350000381469727,16.389999389648438,161100
2026-05-29 15:10:00+00:00,B3SA3.SA,16.389999389648438,16.450000762939453,16.3700008392334,16.3799991607666,278300
2026-05-29 15:15:00+00:00,B3SA3.SA,16.3700008392334,16.3799991607666,16.34000015258789,16.350000381469727,134200
2026-05-29 15:20:00+00:00,B3SA3.SA,16.360000610351562,16.360000610351562,16.31999969482422,16.34000015258789,137900
2026-05-29 15:25:00+00:00,B3SA3.SA,16.350000381469727,16.360000610351562,16.31999969482422,16.329999923706055,165400
2026-05-29 15:30:00+00:00,B3SA3.SA,16.34000015258789,16.389999389648438,16.329999923706055,16.350000381469727,122000
2026-05-29 15:35:00+00:00,B3SA3.SA,16.360000610351562,16.3700008392334,16.329999923706055,16.350000381469727,113000
2026-05-29 15:40:00+00:00,B3SA3.SA,16.360000610351562,16.3700008392334,16.299999237060547,16.34000015258789,131100
2026-05-29 15:45:00+00:00,B3SA3.SA,16.34000015258789,16.360000610351562,16.329999923706055,16.329999923706055,113900
2026-05-29 15:50:00+00:00,B3SA3.SA,16.329999923706055,16.360000610351562,16.329999923706055,16.350000381469727,99800
2026-05-29 15:55:00+00:00,B3SA3.SA,16.350000381469727,16.360000610351562,16.329999923706055,16.350000381469727,109500
2026-05-29 16:00:00+00:00,B3SA3.SA,16.34000015258789,16.350000381469727,16.31999969482422,16.329999923706055,75300
2026-05-29 16:05:00+00:00,B3SA3.SA,16.34000015258789,16.360000610351562,16.329999923706055,16.360000610351562,86200
2026-05-29 16:10:00+00:00,B3SA3.SA,16.350000381469727,16.3700008392334,16.350000381469727,16.360000610351562,102700
2026-05-29 16:15:00+00:00,B3SA3.SA,16.360000610351562,16.389999389648438,16.350000381469727,16.3700008392334,85500
2026-05-29 16:20:00+00:00,B3SA3.SA,16.360000610351562,16.3700008392334,16.350000381469727,16.350000381469727,100900
2026-05-29 16:25:00+00:00,B3SA3.SA,16.350000381469727,16.3700008392334,16.34000015258789,16.360000610351562,78200
2026-05-29 16:30:00+00:00,B3SA3.SA,16.350000381469727,16.389999389648438,16.350000381469727,16.360000610351562,128600
2026-05-29 16:35:00+00:00,B3SA3.SA,16.3700008392334,16.389999389648438,16.350000381469727,16.3799991607666,130600
2026-05-29 16:40:00+00:00,B3SA3.SA,16.389999389648438,16.420000076293945,16.3799991607666,16.389999389648438,218800
2026-05-29 16:45:00+00:00,B3SA3.SA,16.399999618530273,16.40999984741211,16.3799991607666,16.40999984741211,138800
2026-05-29 16:50:00+00:00,B3SA3.SA,16.399999618530273,16.40999984741211,16.360000610351562,16.40999984741211,179900
2026-05-29 16:55:00+00:00,B3SA3.SA,16.399999618530273,16.40999984741211,16.3799991607666,16.389999389648438,106000
2026-05-29 17:00:00+00:00,B3SA3.SA,16.389999389648438,16.440000534057617,16.389999389648438,16.420000076293945,152500
2026-05-29 17:05:00+00:00,B3SA3.SA,16.420000076293945,16.459999084472656,16.420000076293945,16.459999084472656,120100
2026-05-29 17:10:00+00:00,B3SA3.SA,16.450000762939453,16.459999084472656,16.43000030517578,16.459999084472656,158800
2026-05-29 17:15:00+00:00,B3SA3.SA,16.450000762939453,16.489999771118164,16.450000762939453,16.469999313354492,149800
2026-05-29 17:20:00+00:00,B3SA3.SA,16.489999771118164,16.5,16.440000534057617,16.479999542236328,197400
2026-05-29 17:25:00+00:00,B3SA3.SA,16.489999771118164,16.489999771118164,16.450000762939453,16.469999313354492,113700
2026-05-29 17:30:00+00:00,B3SA3.SA,16.459999084472656,16.489999771118164,16.43000030517578,16.479999542236328,344000
2026-05-29 17:35:00+00:00,B3SA3.SA,16.489999771118164,16.510000228881836,16.469999313354492,16.469999313354492,98600
2026-05-29 17:40:00+00:00,B3SA3.SA,16.479999542236328,16.489999771118164,16.459999084472656,16.479999542236328,119600
2026-05-29 17:45:00+00:00,B3SA3.SA,16.489999771118164,16.510000228881836,16.479999542236328,16.5,188900
2026-05-29 17:50:00+00:00,B3SA3.SA,16.479999542236328,16.510000228881836,16.469999313354492,16.479999542236328,95000
2026-05-29 17:55:00+00:00,B3SA3.SA,16.479999542236328,16.520000457763672,16.479999542236328,16.489999771118164,151600
2026-05-29 18:00:00+00:00,B3SA3.SA,16.489999771118164,16.520000457763672,16.469999313354492,16.520000457763672,202900
2026-05-29 18:05:00+00:00,B3SA3.SA,16.510000228881836,16.530000686645508,16.510000228881836,16.520000457763672,133400
2026-05-29 18:10:00+00:00,B3SA3.SA,16.510000228881836,16.520000457763672,16.5,16.510000228881836,141300
2026-05-29 18:15:00+00:00,B3SA3.SA,16.510000228881836,16.510000228881836,16.469999313354492,16.479999542236328,134700
2026-05-29 18:20:00+00:00,B3SA3.SA,16.479999542236328,16.510000228881836,16.479999542236328,16.489999771118164,265000
2026-05-29 18:25:00+00:00,B3SA3.SA,16.489999771118164,16.510000228881836,16.479999542236328,16.479999542236328,135000
2026-05-29 18:30:00+00:00,B3SA3.SA,16.479999542236328,16.5,16.440000534057617,16.450000762939453,219700
2026-05-29 18:35:00+00:00,B3SA3.SA,16.459999084472656,16.479999542236328,16.450000762939453,16.469999313354492,104200
2026-05-29 18:40:00+00:00,B3SA3.SA,16.459999084472656,16.479999542236328,16.450000762939453,16.469999313354492,125600
2026-05-29 18:45:00+00:00,B3SA3.SA,16.469999313354492,16.489999771118164,16.43000030517578,16.450000762939453,144900
2026-05-29 18:50:00+00:00,B3SA3.SA,16.450000762939453,16.479999542236328,16.440000534057617,16.440000534057617,150000
2026-05-29 18:55:00+00:00,B3SA3.SA,16.450000762939453,16.479999542236328,16.450000762939453,16.459999084472656,184900
2026-05-29 19:00:00+00:00,B3SA3.SA,16.469999313354492,16.510000228881836,16.440000534057617,16.489999771118164,214200
2026-05-29 19:05:00+00:00,B3SA3.SA,16.489999771118164,16.530000686645508,16.479999542236328,16.520000457763672,185500
2026-05-29 19:10:00+00:00,B3SA3.SA,16.520000457763672,16.540000915527344,16.510000228881836,16.520000457763672,273800
2026-05-29 19:15:00+00:00,B3SA3.SA,16.520000457763672,16.540000915527344,16.510000228881836,16.520000457763672,220700
2026-05-29 19:20:00+00:00,B3SA3.SA,16.520000457763672,16.530000686645508,16.5,16.510000228881836,222800
2026-05-29 19:25:00+00:00,B3SA3.SA,16.520000457763672,16.520000457763672,16.479999542236328,16.510000228881836,516200
2026-05-29 19:30:00+00:00,B3SA3.SA,16.520000457763672,16.540000915527344,16.5,16.510000228881836,301200
2026-05-29 19:35:00+00:00,B3SA3.SA,16.510000228881836,16.549999237060547,16.510000228881836,16.510000228881836,294900
2026-05-29 19:40:00+00:00,B3SA3.SA,16.520000457763672,16.540000915527344,16.5,16.5,270700
2026-05-29 19:45:00+00:00,B3SA3.SA,16.510000228881836,16.510000228881836,16.469999313354492,16.489999771118164,208100
2026-06-01 13:05:00+00:00,B3SA3.SA,16.399999618530273,16.469999313354492,16.280000686645508,16.420000076293945,0
2026-06-01 13:10:00+00:00,B3SA3.SA,16.420000076293945,16.420000076293945,16.290000915527344,16.34000015258789,180300
2026-06-01 13:15:00+00:00,B3SA3.SA,16.329999923706055,16.360000610351562,16.290000915527344,16.290000915527344,274400
2026-06-01 13:20:00+00:00,B3SA3.SA,16.290000915527344,16.290000915527344,16.209999084472656,16.219999313354492,150700
2026-06-01 13:25:00+00:00,B3SA3.SA,16.219999313354492,16.229999542236328,16.190000534057617,16.209999084472656,229600
2026-06-01 13:30:00+00:00,B3SA3.SA,16.219999313354492,16.219999313354492,16.149999618530273,16.18000030517578,213400
2026-06-01 13:35:00+00:00,B3SA3.SA,16.18000030517578,16.239999771118164,16.170000076293945,16.18000030517578,467700
2026-06-01 13:40:00+00:00,B3SA3.SA,16.170000076293945,16.18000030517578,16.110000610351562,16.139999389648438,558400
2026-06-01 13:45:00+00:00,B3SA3.SA,16.1200008392334,16.209999084472656,16.1200008392334,16.18000030517578,284400
2026-06-01 13:50:00+00:00,B3SA3.SA,16.18000030517578,16.209999084472656,16.1200008392334,16.1200008392334,174300
2026-06-01 13:55:00+00:00,B3SA3.SA,16.1200008392334,16.149999618530273,16.059999465942383,16.079999923706055,336500
2026-06-01 14:00:00+00:00,B3SA3.SA,16.079999923706055,16.110000610351562,16.030000686645508,16.09000015258789,412900
2026-06-01 14:05:00+00:00,B3SA3.SA,16.09000015258789,16.1200008392334,16.059999465942383,16.110000610351562,151600
2026-06-01 14:10:00+00:00,B3SA3.SA,16.100000381469727,16.139999389648438,16.079999923706055,16.1200008392334,226600
2026-06-01 14:15:00+00:00,B3SA3.SA,16.1200008392334,16.170000076293945,16.06999969482422,16.09000015258789,249100
2026-06-01 14:20:00+00:00,B3SA3.SA,16.09000015258789,16.110000610351562,16.040000915527344,16.110000610351562,1211300
2026-06-01 14:25:00+00:00,B3SA3.SA,16.100000381469727,16.110000610351562,16.06999969482422,16.100000381469727,325000
2026-06-01 14:30:00+00:00,B3SA3.SA,16.100000381469727,16.100000381469727,16.049999237060547,16.049999237060547,411900
2026-06-01 14:35:00+00:00,B3SA3.SA,16.049999237060547,16.110000610351562,16.040000915527344,16.06999969482422,666600
2026-06-01 14:40:00+00:00,B3SA3.SA,16.079999923706055,16.100000381469727,16.0,16.059999465942383,407700
2026-06-01 14:45:00+00:00,B3SA3.SA,16.059999465942383,16.09000015258789,16.030000686645508,16.030000686645508,155600
2026-06-01 14:50:00+00:00,B3SA3.SA,16.030000686645508,16.049999237060547,16.0,16.020000457763672,210700
2026-06-01 14:55:00+00:00,B3SA3.SA,16.020000457763672,16.040000915527344,16.010000228881836,16.020000457763672,180400
2026-06-01 15:00:00+00:00,B3SA3.SA,16.030000686645508,16.059999465942383,16.0,16.049999237060547,156500
2026-06-01 15:05:00+00:00,B3SA3.SA,16.049999237060547,16.079999923706055,16.020000457763672,16.049999237060547,370700
2026-06-01 15:10:00+00:00,B3SA3.SA,16.049999237060547,16.1299991607666,16.049999237060547,16.1299991607666,811100
2026-06-01 15:15:00+00:00,B3SA3.SA,16.1200008392334,16.170000076293945,16.110000610351562,16.15999984741211,251500
2026-06-01 15:20:00+00:00,B3SA3.SA,16.15999984741211,16.200000762939453,16.1299991607666,16.149999618530273,296500
2026-06-01 15:25:00+00:00,B3SA3.SA,16.15999984741211,16.18000030517578,16.1299991607666,16.170000076293945,108700
2026-06-01 15:30:00+00:00,B3SA3.SA,16.170000076293945,16.239999771118164,16.15999984741211,16.209999084472656,182800
2026-06-01 15:35:00+00:00,B3SA3.SA,16.209999084472656,16.219999313354492,16.200000762939453,16.200000762939453,100900
2026-06-01 15:40:00+00:00,B3SA3.SA,16.200000762939453,16.239999771118164,16.200000762939453,16.239999771118164,68000
2026-06-01 15:45:00+00:00,B3SA3.SA,16.229999542236328,16.239999771118164,16.209999084472656,16.209999084472656,65700
2026-06-01 15:50:00+00:00,B3SA3.SA,16.219999313354492,16.229999542236328,16.200000762939453,16.200000762939453,51200
2026-06-01 15:55:00+00:00,B3SA3.SA,16.200000762939453,16.219999313354492,16.200000762939453,16.209999084472656,37300
2026-06-01 16:00:00+00:00,B3SA3.SA,16.209999084472656,16.239999771118164,16.200000762939453,16.200000762939453,84100
2026-06-01 16:05:00+00:00,B3SA3.SA,16.200000762939453,16.209999084472656,16.170000076293945,16.200000762939453,172900
2026-06-01 16:10:00+00:00,B3SA3.SA,16.200000762939453,16.219999313354492,16.170000076293945,16.219999313354492,408200
2026-06-01 16:15:00+00:00,B3SA3.SA,16.209999084472656,16.239999771118164,16.209999084472656,16.229999542236328,111500
2026-06-01 16:20:00+00:00,B3SA3.SA,16.239999771118164,16.239999771118164,16.219999313354492,16.219999313354492,41900
2026-06-01 16:25:00+00:00,B3SA3.SA,16.219999313354492,16.239999771118164,16.209999084472656,16.219999313354492,123000
2026-06-01 16:30:00+00:00,B3SA3.SA,16.229999542236328,16.239999771118164,16.190000534057617,16.219999313354492,144400
2026-06-01 16:35:00+00:00,B3SA3.SA,16.209999084472656,16.219999313354492,16.200000762939453,16.200000762939453,26000
2026-06-01 16:40:00+00:00,B3SA3.SA,16.200000762939453,16.280000686645508,16.200000762939453,16.229999542236328,636500
2026-06-01 16:45:00+00:00,B3SA3.SA,16.229999542236328,16.270000457763672,16.229999542236328,16.260000228881836,181000
2026-06-01 16:50:00+00:00,B3SA3.SA,16.270000457763672,16.34000015258789,16.270000457763672,16.309999465942383,493300
2026-06-01 16:55:00+00:00,B3SA3.SA,16.31999969482422,16.34000015258789,16.299999237060547,16.329999923706055,157700
2026-06-01 17:00:00+00:00,B3SA3.SA,16.34000015258789,16.34000015258789,16.260000228881836,16.280000686645508,450200
2026-06-01 17:05:00+00:00,B3SA3.SA,16.280000686645508,16.280000686645508,16.229999542236328,16.25,131700
2026-06-01 17:10:00+00:00,B3SA3.SA,16.239999771118164,16.260000228881836,16.209999084472656,16.229999542236328,462800
2026-06-01 17:15:00+00:00,B3SA3.SA,16.229999542236328,16.25,16.200000762939453,16.219999313354492,1398900
2026-06-01 17:20:00+00:00,B3SA3.SA,16.219999313354492,16.260000228881836,16.209999084472656,16.229999542236328,881900
2026-06-01 17:25:00+00:00,B3SA3.SA,16.229999542236328,16.329999923706055,16.229999542236328,16.31999969482422,938300
2026-06-01 17:30:00+00:00,B3SA3.SA,16.31999969482422,16.350000381469727,16.280000686645508,16.309999465942383,969700
2026-06-01 17:35:00+00:00,B3SA3.SA,16.299999237060547,16.31999969482422,16.25,16.280000686645508,516500
2026-06-01 17:40:00+00:00,B3SA3.SA,16.270000457763672,16.329999923706055,16.260000228881836,16.309999465942383,213600
2026-06-01 17:45:00+00:00,B3SA3.SA,16.309999465942383,16.309999465942383,16.260000228881836,16.290000915527344,214400
2026-06-01 17:50:00+00:00,B3SA3.SA,16.290000915527344,16.299999237060547,16.260000228881836,16.270000457763672,273000
2026-06-01 17:55:00+00:00,B3SA3.SA,16.280000686645508,16.299999237060547,16.260000228881836,16.270000457763672,221300
2026-06-01 18:00:00+00:00,B3SA3.SA,16.270000457763672,16.280000686645508,16.25,16.25,15147700
2026-06-01 18:05:00+00:00,B3SA3.SA,16.25,16.280000686645508,16.25,16.260000228881836,118300
2026-06-01 18:10:00+00:00,B3SA3.SA,16.260000228881836,16.280000686645508,16.25,16.280000686645508,262200
2026-06-01 18:15:00+00:00,B3SA3.SA,16.270000457763672,16.280000686645508,16.239999771118164,16.260000228881836,250800
2026-06-01 18:20:00+00:00,B3SA3.SA,16.260000228881836,16.280000686645508,16.25,16.25,206400
2026-06-01 18:25:00+00:00,B3SA3.SA,16.25,16.270000457763672,16.239999771118164,16.260000228881836,104000
2026-06-01 18:30:00+00:00,B3SA3.SA,16.260000228881836,16.299999237060547,16.260000228881836,16.270000457763672,157400
2026-06-01 18:35:00+00:00,B3SA3.SA,16.270000457763672,16.299999237060547,16.260000228881836,16.290000915527344,77300
2026-06-01 18:40:00+00:00,B3SA3.SA,16.299999237060547,16.309999465942383,16.260000228881836,16.280000686645508,485300
2026-06-01 18:45:00+00:00,B3SA3.SA,16.280000686645508,16.299999237060547,16.260000228881836,16.280000686645508,127900
2026-06-01 18:50:00+00:00,B3SA3.SA,16.280000686645508,16.299999237060547,16.270000457763672,16.290000915527344,88200
2026-06-01 18:55:00+00:00,B3SA3.SA,16.280000686645508,16.309999465942383,16.280000686645508,16.290000915527344,87500
2026-06-01 19:00:00+00:00,B3SA3.SA,16.290000915527344,16.299999237060547,16.270000457763672,16.280000686645508,95400
2026-06-01 19:05:00+00:00,B3SA3.SA,16.280000686645508,16.290000915527344,16.25,16.280000686645508,519000
2026-06-01 19:10:00+00:00,B3SA3.SA,16.270000457763672,16.299999237060547,16.270000457763672,16.270000457763672,136300
2026-06-01 19:15:00+00:00,B3SA3.SA,16.270000457763672,16.299999237060547,16.260000228881836,16.299999237060547,151000
2026-06-01 19:20:00+00:00,B3SA3.SA,16.290000915527344,16.309999465942383,16.290000915527344,16.299999237060547,176300
2026-06-01 19:25:00+00:00,B3SA3.SA,16.309999465942383,16.329999923706055,16.290000915527344,16.299999237060547,156700
2026-06-01 19:30:00+00:00,B3SA3.SA,16.309999465942383,16.31999969482422,16.290000915527344,16.299999237060547,85700
2026-06-01 19:35:00+00:00,B3SA3.SA,16.299999237060547,16.309999465942383,16.280000686645508,16.280000686645508,166200
2026-06-01 19:40:00+00:00,B3SA3.SA,16.290000915527344,16.299999237060547,16.280000686645508,16.299999237060547,148000
2026-06-01 19:45:00+00:00,B3SA3.SA,16.299999237060547,16.309999465942383,16.280000686645508,16.299999237060547,433400
2026-06-01 19:50:00+00:00,B3SA3.SA,16.299999237060547,16.31999969482422,16.25,16.25,174200
2026-06-02 13:00:00+00:00,B3SA3.SA,16.420000076293945,16.520000457763672,16.389999389648438,16.459999084472656,0
2026-06-02 13:05:00+00:00,B3SA3.SA,16.459999084472656,16.56999969482422,16.43000030517578,16.459999084472656,667400
2026-06-02 13:10:00+00:00,B3SA3.SA,16.450000762939453,16.56999969482422,16.450000762939453,16.549999237060547,211800
2026-06-02 13:15:00+00:00,B3SA3.SA,16.530000686645508,16.59000015258789,16.479999542236328,16.520000457763672,391500
2026-06-02 13:20:00+00:00,B3SA3.SA,16.510000228881836,16.510000228881836,16.459999084472656,16.479999542236328,209800
2026-06-02 13:25:00+00:00,B3SA3.SA,16.479999542236328,16.520000457763672,16.469999313354492,16.479999542236328,446500
2026-06-02 13:30:00+00:00,B3SA3.SA,16.479999542236328,16.540000915527344,16.459999084472656,16.520000457763672,211800
2026-06-02 13:35:00+00:00,B3SA3.SA,16.530000686645508,16.600000381469727,16.520000457763672,16.549999237060547,634100
2026-06-02 13:40:00+00:00,B3SA3.SA,16.549999237060547,16.610000610351562,16.540000915527344,16.549999237060547,371200
2026-06-02 13:45:00+00:00,B3SA3.SA,16.559999465942383,16.610000610351562,16.530000686645508,16.530000686645508,254500
2026-06-02 13:50:00+00:00,B3SA3.SA,16.530000686645508,16.549999237060547,16.5,16.530000686645508,269700
2026-06-02 13:55:00+00:00,B3SA3.SA,16.530000686645508,16.559999465942383,16.450000762939453,16.459999084472656,677400
2026-06-02 14:00:00+00:00,B3SA3.SA,16.459999084472656,16.469999313354492,16.40999984741211,16.450000762939453,823200
2026-06-02 14:05:00+00:00,B3SA3.SA,16.450000762939453,16.469999313354492,16.420000076293945,16.450000762939453,614000
2026-06-02 14:10:00+00:00,B3SA3.SA,16.450000762939453,16.540000915527344,16.450000762939453,16.520000457763672,244700
2026-06-02 14:15:00+00:00,B3SA3.SA,16.520000457763672,16.559999465942383,16.510000228881836,16.549999237060547,257000
2026-06-02 14:20:00+00:00,B3SA3.SA,16.549999237060547,16.6299991607666,16.549999237060547,16.610000610351562,290800
2026-06-02 14:25:00+00:00,B3SA3.SA,16.610000610351562,16.65999984741211,16.549999237060547,16.549999237060547,335500
2026-06-02 14:30:00+00:00,B3SA3.SA,16.549999237060547,16.549999237060547,16.510000228881836,16.540000915527344,364800
2026-06-02 14:35:00+00:00,B3SA3.SA,16.520000457763672,16.59000015258789,16.510000228881836,16.549999237060547,343200
2026-06-02 14:40:00+00:00,B3SA3.SA,16.549999237060547,16.649999618530273,16.549999237060547,16.56999969482422,1166500
2026-06-02 14:45:00+00:00,B3SA3.SA,16.56999969482422,16.600000381469727,16.540000915527344,16.549999237060547,294400
2026-06-02 14:50:00+00:00,B3SA3.SA,16.540000915527344,16.56999969482422,16.520000457763672,16.530000686645508,142300
2026-06-02 14:55:00+00:00,B3SA3.SA,16.540000915527344,16.56999969482422,16.530000686645508,16.540000915527344,145700
2026-06-02 15:00:00+00:00,B3SA3.SA,16.540000915527344,16.56999969482422,16.520000457763672,16.56999969482422,164500
2026-06-02 15:05:00+00:00,B3SA3.SA,16.559999465942383,16.579999923706055,16.549999237060547,16.559999465942383,92500
2026-06-02 15:10:00+00:00,B3SA3.SA,16.559999465942383,16.579999923706055,16.549999237060547,16.559999465942383,164400
2026-06-02 15:15:00+00:00,B3SA3.SA,16.559999465942383,16.56999969482422,16.5,16.549999237060547,615800
2026-06-02 15:20:00+00:00,B3SA3.SA,16.549999237060547,16.579999923706055,16.540000915527344,16.559999465942383,278300
2026-06-02 15:25:00+00:00,B3SA3.SA,16.559999465942383,16.579999923706055,16.540000915527344,16.579999923706055,209600
2026-06-02 15:30:00+00:00,B3SA3.SA,16.579999923706055,16.600000381469727,16.56999969482422,16.579999923706055,124900
2026-06-02 15:35:00+00:00,B3SA3.SA,16.56999969482422,16.59000015258789,16.559999465942383,16.579999923706055,88100
2026-06-02 15:40:00+00:00,B3SA3.SA,16.59000015258789,16.59000015258789,16.559999465942383,16.559999465942383,137100
2026-06-02 15:45:00+00:00,B3SA3.SA,16.56999969482422,16.6200008392334,16.559999465942383,16.610000610351562,97400
2026-06-02 15:50:00+00:00,B3SA3.SA,16.610000610351562,16.6299991607666,16.59000015258789,16.610000610351562,161900
2026-06-02 15:55:00+00:00,B3SA3.SA,16.610000610351562,16.6200008392334,16.600000381469727,16.610000610351562,141300
2026-06-02 16:00:00+00:00,B3SA3.SA,16.6200008392334,16.6200008392334,16.59000015258789,16.59000015258789,91800
2026-06-02 16:05:00+00:00,B3SA3.SA,16.59000015258789,16.600000381469727,16.559999465942383,16.59000015258789,282700
2026-06-02 16:10:00+00:00,B3SA3.SA,16.579999923706055,16.59000015258789,16.549999237060547,16.549999237060547,183900
2026-06-02 16:15:00+00:00,B3SA3.SA,16.559999465942383,16.56999969482422,16.549999237060547,16.549999237060547,281000
2026-06-02 16:20:00+00:00,B3SA3.SA,16.549999237060547,16.549999237060547,16.5,16.530000686645508,260300
2026-06-02 16:25:00+00:00,B3SA3.SA,16.520000457763672,16.540000915527344,16.520000457763672,16.520000457763672,109800
2026-06-02 16:30:00+00:00,B3SA3.SA,16.520000457763672,16.530000686645508,16.5,16.510000228881836,371900
2026-06-02 16:35:00+00:00,B3SA3.SA,16.5,16.510000228881836,16.479999542236328,16.479999542236328,1786900
2026-06-02 16:40:00+00:00,B3SA3.SA,16.479999542236328,16.479999542236328,16.440000534057617,16.450000762939453,801200
2026-06-02 16:45:00+00:00,B3SA3.SA,16.450000762939453,16.510000228881836,16.450000762939453,16.5,198900
2026-06-02 16:50:00+00:00,B3SA3.SA,16.5,16.520000457763672,16.5,16.510000228881836,822300
2026-06-02 16:55:00+00:00,B3SA3.SA,16.510000228881836,16.520000457763672,16.5,16.510000228881836,99400
2026-06-02 17:00:00+00:00,B3SA3.SA,16.510000228881836,16.530000686645508,16.510000228881836,16.520000457763672,130400
2026-06-02 17:05:00+00:00,B3SA3.SA,16.510000228881836,16.530000686645508,16.5,16.510000228881836,96200
2026-06-02 17:10:00+00:00,B3SA3.SA,16.510000228881836,16.520000457763672,16.479999542236328,16.5,155600
2026-06-02 17:15:00+00:00,B3SA3.SA,16.5,16.510000228881836,16.440000534057617,16.440000534057617,341700
2026-06-02 17:20:00+00:00,B3SA3.SA,16.440000534057617,16.469999313354492,16.440000534057617,16.459999084472656,361800
2026-06-02 17:25:00+00:00,B3SA3.SA,16.459999084472656,16.459999084472656,16.3799991607666,16.450000762939453,845200
2026-06-02 17:30:00+00:00,B3SA3.SA,16.450000762939453,16.489999771118164,16.440000534057617,16.469999313354492,192600
2026-06-02 17:35:00+00:00,B3SA3.SA,16.469999313354492,16.5,16.469999313354492,16.479999542236328,328900
2026-06-02 17:40:00+00:00,B3SA3.SA,16.479999542236328,16.510000228881836,16.459999084472656,16.459999084472656,605500
2026-06-02 17:45:00+00:00,B3SA3.SA,16.459999084472656,16.469999313354492,16.43000030517578,16.450000762939453,283800
2026-06-02 17:50:00+00:00,B3SA3.SA,16.450000762939453,16.489999771118164,16.43000030517578,16.440000534057617,3493100
2026-06-02 17:55:00+00:00,B3SA3.SA,16.440000534057617,16.459999084472656,16.420000076293945,16.43000030517578,287000
2026-06-02 18:00:00+00:00,B3SA3.SA,16.43000030517578,16.459999084472656,16.399999618530273,16.40999984741211,390400
2026-06-02 18:05:00+00:00,B3SA3.SA,16.40999984741211,16.459999084472656,16.399999618530273,16.440000534057617,314300
2026-06-02 18:10:00+00:00,B3SA3.SA,16.450000762939453,16.469999313354492,16.43000030517578,16.440000534057617,300300
2026-06-02 18:15:00+00:00,B3SA3.SA,16.440000534057617,16.459999084472656,16.440000534057617,16.440000534057617,271700
2026-06-02 18:20:00+00:00,B3SA3.SA,16.440000534057617,16.489999771118164,16.440000534057617,16.479999542236328,347400
2026-06-02 18:25:00+00:00,B3SA3.SA,16.469999313354492,16.5,16.459999084472656,16.5,377100
2026-06-02 18:30:00+00:00,B3SA3.SA,16.489999771118164,16.549999237060547,16.489999771118164,16.540000915527344,296000
2026-06-02 18:35:00+00:00,B3SA3.SA,16.540000915527344,16.56999969482422,16.469999313354492,16.479999542236328,424900
2026-06-02 18:40:00+00:00,B3SA3.SA,16.479999542236328,16.489999771118164,16.450000762939453,16.450000762939453,268600
2026-06-02 18:45:00+00:00,B3SA3.SA,16.450000762939453,16.489999771118164,16.450000762939453,16.469999313354492,287100
2026-06-02 18:50:00+00:00,B3SA3.SA,16.469999313354492,16.479999542236328,16.399999618530273,16.440000534057617,1027200
2026-06-02 18:55:00+00:00,B3SA3.SA,16.420000076293945,16.450000762939453,16.420000076293945,16.450000762939453,247400
2026-06-02 19:00:00+00:00,B3SA3.SA,16.450000762939453,16.479999542236328,16.399999618530273,16.43000030517578,615100
2026-06-02 19:05:00+00:00,B3SA3.SA,16.440000534057617,16.450000762939453,16.40999984741211,16.420000076293945,356100
2026-06-02 19:10:00+00:00,B3SA3.SA,16.420000076293945,16.440000534057617,16.3799991607666,16.3799991607666,300100
2026-06-02 19:15:00+00:00,B3SA3.SA,16.3799991607666,16.399999618530273,16.360000610351562,16.3799991607666,338300
2026-06-02 19:20:00+00:00,B3SA3.SA,16.3799991607666,16.399999618530273,16.3799991607666,16.389999389648438,303800
2026-06-02 19:25:00+00:00,B3SA3.SA,16.389999389648438,16.420000076293945,16.360000610351562,16.399999618530273,629600
2026-06-02 19:30:00+00:00,B3SA3.SA,16.40999984741211,16.440000534057617,16.389999389648438,16.389999389648438,475700
2026-06-02 19:35:00+00:00,B3SA3.SA,16.399999618530273,16.420000076293945,16.389999389648438,16.399999618530273,483100
2026-06-02 19:40:00+00:00,B3SA3.SA,16.389999389648438,16.420000076293945,16.3799991607666,16.3799991607666,516500
2026-06-02 19:45:00+00:00,B3SA3.SA,16.389999389648438,16.40999984741211,16.350000381469727,16.40999984741211,485100
2026-06-02 19:50:00+00:00,B3SA3.SA,16.40999984741211,16.40999984741211,16.350000381469727,16.3799991607666,500400
2026-06-03 13:05:00+00:00,B3SA3.SA,15.859999656677246,15.979999542236328,15.84000015258789,15.949999809265137,0
2026-06-03 13:10:00+00:00,B3SA3.SA,15.949999809265137,16.06999969482422,15.930000305175781,16.020000457763672,1176600
2026-06-03 13:15:00+00:00,B3SA3.SA,16.010000228881836,16.030000686645508,15.90999984741211,15.930000305175781,877600
2026-06-03 13:20:00+00:00,B3SA3.SA,15.949999809265137,15.979999542236328,15.930000305175781,15.9399995803833,192300
2026-06-03 13:25:00+00:00,B3SA3.SA,15.949999809265137,16.020000457763672,15.9399995803833,15.9399995803833,876100
2026-06-03 13:30:00+00:00,B3SA3.SA,15.949999809265137,16.139999389648438,15.949999809265137,16.1299991607666,461100
2026-06-03 13:35:00+00:00,B3SA3.SA,16.139999389648438,16.15999984741211,16.079999923706055,16.09000015258789,481300
2026-06-03 13:40:00+00:00,B3SA3.SA,16.09000015258789,16.100000381469727,16.020000457763672,16.049999237060547,797400
2026-06-03 13:45:00+00:00,B3SA3.SA,16.049999237060547,16.06999969482422,16.0,16.0,317800
2026-06-03 13:50:00+00:00,B3SA3.SA,16.010000228881836,16.020000457763672,15.930000305175781,16.020000457763672,356400
2026-06-03 13:55:00+00:00,B3SA3.SA,16.010000228881836,16.020000457763672,15.960000038146973,15.979999542236328,309100
2026-06-03 14:00:00+00:00,B3SA3.SA,15.989999771118164,15.989999771118164,15.920000076293945,15.930000305175781,386900
2026-06-03 14:05:00+00:00,B3SA3.SA,15.920000076293945,15.930000305175781,15.850000381469727,15.859999656677246,352200
2026-06-03 14:10:00+00:00,B3SA3.SA,15.859999656677246,15.880000114440918,15.8100004196167,15.850000381469727,721600
2026-06-03 14:15:00+00:00,B3SA3.SA,15.850000381469727,15.90999984741211,15.779999732971191,15.819999694824219,462900
2026-06-03 14:20:00+00:00,B3SA3.SA,15.8100004196167,15.819999694824219,15.75,15.770000457763672,398200
2026-06-03 14:25:00+00:00,B3SA3.SA,15.770000457763672,15.819999694824219,15.760000228881836,15.779999732971191,341000
2026-06-03 14:30:00+00:00,B3SA3.SA,15.779999732971191,15.859999656677246,15.770000457763672,15.829999923706055,715300
2026-06-03 14:35:00+00:00,B3SA3.SA,15.829999923706055,15.859999656677246,15.789999961853027,15.8100004196167,328900
2026-06-03 14:40:00+00:00,B3SA3.SA,15.8100004196167,15.829999923706055,15.770000457763672,15.779999732971191,283500
2026-06-03 14:45:00+00:00,B3SA3.SA,15.779999732971191,15.8100004196167,15.720000267028809,15.720000267028809,572000
2026-06-03 14:50:00+00:00,B3SA3.SA,15.729999542236328,15.819999694824219,15.720000267028809,15.789999961853027,527500
2026-06-03 14:55:00+00:00,B3SA3.SA,15.800000190734863,15.829999923706055,15.789999961853027,15.829999923706055,218600
2026-06-03 15:00:00+00:00,B3SA3.SA,15.819999694824219,15.859999656677246,15.800000190734863,15.800000190734863,273500
2026-06-03 15:05:00+00:00,B3SA3.SA,15.800000190734863,15.8100004196167,15.75,15.75,252200
2026-06-03 15:10:00+00:00,B3SA3.SA,15.75,15.789999961853027,15.729999542236328,15.760000228881836,527300
2026-06-03 15:15:00+00:00,B3SA3.SA,15.760000228881836,15.800000190734863,15.729999542236328,15.75,344200
2026-06-03 15:20:00+00:00,B3SA3.SA,15.739999771118164,15.779999732971191,15.729999542236328,15.760000228881836,220000
2026-06-03 15:25:00+00:00,B3SA3.SA,15.770000457763672,15.779999732971191,15.729999542236328,15.760000228881836,231300
2026-06-03 15:30:00+00:00,B3SA3.SA,15.760000228881836,15.779999732971191,15.739999771118164,15.739999771118164,196300
2026-06-03 15:35:00+00:00,B3SA3.SA,15.739999771118164,15.770000457763672,15.720000267028809,15.739999771118164,241000
2026-06-03 15:40:00+00:00,B3SA3.SA,15.739999771118164,15.760000228881836,15.720000267028809,15.729999542236328,207200
2026-06-03 15:45:00+00:00,B3SA3.SA,15.739999771118164,15.760000228881836,15.699999809265137,15.729999542236328,518000
2026-06-03 15:50:00+00:00,B3SA3.SA,15.720000267028809,15.729999542236328,15.6899995803833,15.699999809265137,188000
2026-06-03 15:55:00+00:00,B3SA3.SA,15.699999809265137,15.720000267028809,15.6899995803833,15.720000267028809,184600
2026-06-03 16:00:00+00:00,B3SA3.SA,15.699999809265137,15.729999542236328,15.680000305175781,15.699999809265137,278800
2026-06-03 16:05:00+00:00,B3SA3.SA,15.699999809265137,15.729999542236328,15.6899995803833,15.6899995803833,194800
2026-06-03 16:10:00+00:00,B3SA3.SA,15.6899995803833,15.699999809265137,15.649999618530273,15.649999618530273,679600
2026-06-03 16:15:00+00:00,B3SA3.SA,15.649999618530273,15.670000076293945,15.619999885559082,15.630000114440918,287600
2026-06-03 16:20:00+00:00,B3SA3.SA,15.630000114440918,15.640000343322754,15.5600004196167,15.569999694824219,955600
2026-06-03 16:25:00+00:00,B3SA3.SA,15.579999923706055,15.619999885559082,15.569999694824219,15.579999923706055,340300
2026-06-03 16:30:00+00:00,B3SA3.SA,15.59000015258789,15.600000381469727,15.550000190734863,15.5600004196167,434500
2026-06-03 16:35:00+00:00,B3SA3.SA,15.5600004196167,15.569999694824219,15.529999732971191,15.529999732971191,470200
2026-06-03 16:40:00+00:00,B3SA3.SA,15.539999961853027,15.619999885559082,15.529999732971191,15.59000015258789,461400
2026-06-03 16:45:00+00:00,B3SA3.SA,15.600000381469727,15.619999885559082,15.569999694824219,15.600000381469727,240800
2026-06-03 16:50:00+00:00,B3SA3.SA,15.609999656677246,15.609999656677246,15.5600004196167,15.569999694824219,314100
2026-06-03 16:55:00+00:00,B3SA3.SA,15.569999694824219,15.600000381469727,15.5600004196167,15.579999923706055,311400
2026-06-03 17:00:00+00:00,B3SA3.SA,15.59000015258789,15.59000015258789,15.5600004196167,15.579999923706055,188500
2026-06-03 17:05:00+00:00,B3SA3.SA,15.569999694824219,15.600000381469727,15.5600004196167,15.579999923706055,224200
2026-06-03 17:10:00+00:00,B3SA3.SA,15.600000381469727,15.600000381469727,15.550000190734863,15.5600004196167,240500
2026-06-03 17:15:00+00:00,B3SA3.SA,15.5600004196167,15.579999923706055,15.539999961853027,15.539999961853027,254100
2026-06-03 17:20:00+00:00,B3SA3.SA,15.539999961853027,15.59000015258789,15.539999961853027,15.59000015258789,301300
2026-06-03 17:25:00+00:00,B3SA3.SA,15.579999923706055,15.59000015258789,15.550000190734863,15.569999694824219,371700
2026-06-03 17:30:00+00:00,B3SA3.SA,15.569999694824219,15.609999656677246,15.569999694824219,15.600000381469727,305900
2026-06-03 17:35:00+00:00,B3SA3.SA,15.59000015258789,15.640000343322754,15.59000015258789,15.609999656677246,313300
2026-06-03 17:40:00+00:00,B3SA3.SA,15.609999656677246,15.649999618530273,15.609999656677246,15.640000343322754,358100
2026-06-03 17:45:00+00:00,B3SA3.SA,15.640000343322754,15.640000343322754,15.600000381469727,15.619999885559082,535000
2026-06-03 17:50:00+00:00,B3SA3.SA,15.630000114440918,15.640000343322754,15.59000015258789,15.609999656677246,394700
2026-06-03 17:55:00+00:00,B3SA3.SA,15.619999885559082,15.619999885559082,15.59000015258789,15.600000381469727,284600
2026-06-03 18:00:00+00:00,B3SA3.SA,15.609999656677246,15.649999618530273,15.59000015258789,15.649999618530273,249600
2026-06-03 18:05:00+00:00,B3SA3.SA,15.649999618530273,15.649999618530273,15.609999656677246,15.630000114440918,271800
2026-06-03 18:10:00+00:00,B3SA3.SA,15.630000114440918,15.630000114440918,15.569999694824219,15.600000381469727,448900
2026-06-03 18:15:00+00:00,B3SA3.SA,15.600000381469727,15.600000381469727,15.5600004196167,15.59000015258789,367200
2026-06-03 18:20:00+00:00,B3SA3.SA,15.600000381469727,15.630000114440918,15.569999694824219,15.600000381469727,503100
2026-06-03 18:25:00+00:00,B3SA3.SA,15.600000381469727,15.630000114440918,15.59000015258789,15.630000114440918,260200
2026-06-03 18:30:00+00:00,B3SA3.SA,15.630000114440918,15.630000114440918,15.579999923706055,15.59000015258789,241200
2026-06-03 18:35:00+00:00,B3SA3.SA,15.59000015258789,15.59000015258789,15.539999961853027,15.5600004196167,353000
2026-06-03 18:40:00+00:00,B3SA3.SA,15.5600004196167,15.569999694824219,15.529999732971191,15.5600004196167,556900
2026-06-03 18:45:00+00:00,B3SA3.SA,15.5600004196167,15.569999694824219,15.539999961853027,15.5600004196167,247000
2026-06-03 18:50:00+00:00,B3SA3.SA,15.569999694824219,15.569999694824219,15.5,15.510000228881836,1084500
2026-06-03 18:55:00+00:00,B3SA3.SA,15.510000228881836,15.550000190734863,15.489999771118164,15.539999961853027,578700
2026-06-03 19:00:00+00:00,B3SA3.SA,15.529999732971191,15.539999961853027,15.510000228881836,15.520000457763672,299600
2026-06-03 19:05:00+00:00,B3SA3.SA,15.510000228881836,15.520000457763672,15.479999542236328,15.510000228881836,383000
2026-06-03 19:10:00+00:00,B3SA3.SA,15.5,15.529999732971191,15.489999771118164,15.510000228881836,375200
2026-06-03 19:15:00+00:00,B3SA3.SA,15.520000457763672,15.550000190734863,15.510000228881836,15.520000457763672,347300
2026-06-03 19:20:00+00:00,B3SA3.SA,15.520000457763672,15.520000457763672,15.460000038146973,15.489999771118164,589600
2026-06-03 19:25:00+00:00,B3SA3.SA,15.489999771118164,15.510000228881836,15.479999542236328,15.489999771118164,653400
2026-06-03 19:30:00+00:00,B3SA3.SA,15.5,15.550000190734863,15.479999542236328,15.520000457763672,855500
2026-06-03 19:35:00+00:00,B3SA3.SA,15.520000457763672,15.529999732971191,15.5,15.510000228881836,366700
2026-06-03 19:40:00+00:00,B3SA3.SA,15.510000228881836,15.529999732971191,15.5,15.520000457763672,626000
2026-06-03 19:45:00+00:00,B3SA3.SA,15.529999732971191,15.579999923706055,15.520000457763672,15.539999961853027,936600
2026-06-03 19:50:00+00:00,B3SA3.SA,15.529999732971191,15.569999694824219,15.5,15.5,846500
2026-06-05 13:05:00+00:00,B3SA3.SA,15.430000305175781,15.5600004196167,15.260000228881836,15.529999732971191,417600
2026-06-05 13:10:00+00:00,B3SA3.SA,15.520000457763672,15.680000305175781,15.510000228881836,15.550000190734863,665600
2026-06-05 13:15:00+00:00,B3SA3.SA,15.539999961853027,15.59000015258789,15.5,15.529999732971191,219900
2026-06-05 13:20:00+00:00,B3SA3.SA,15.529999732971191,15.59000015258789,15.529999732971191,15.539999961853027,85100
2026-06-05 13:25:00+00:00,B3SA3.SA,15.550000190734863,15.5600004196167,15.449999809265137,15.460000038146973,337300
2026-06-05 13:30:00+00:00,B3SA3.SA,15.470000267028809,15.510000228881836,15.460000038146973,15.489999771118164,188600
2026-06-05 13:35:00+00:00,B3SA3.SA,15.489999771118164,15.569999694824219,15.489999771118164,15.550000190734863,181400
2026-06-05 13:40:00+00:00,B3SA3.SA,15.550000190734863,15.5600004196167,15.489999771118164,15.539999961853027,178100
2026-06-05 13:45:00+00:00,B3SA3.SA,15.529999732971191,15.5600004196167,15.479999542236328,15.5,407500
2026-06-05 13:50:00+00:00,B3SA3.SA,15.5,15.550000190734863,15.460000038146973,15.539999961853027,272500
2026-06-05 13:55:00+00:00,B3SA3.SA,15.539999961853027,15.539999961853027,15.430000305175781,15.430000305175781,164500
2026-06-05 14:00:00+00:00,B3SA3.SA,15.4399995803833,15.510000228881836,15.40999984741211,15.479999542236328,318800
2026-06-05 14:05:00+00:00,B3SA3.SA,15.479999542236328,15.510000228881836,15.460000038146973,15.479999542236328,262100
2026-06-05 14:10:00+00:00,B3SA3.SA,15.479999542236328,15.510000228881836,15.4399995803833,15.470000267028809,215000
2026-06-05 14:15:00+00:00,B3SA3.SA,15.470000267028809,15.479999542236328,15.430000305175781,15.479999542236328,736400
2026-06-05 14:20:00+00:00,B3SA3.SA,15.479999542236328,15.489999771118164,15.40999984741211,15.420000076293945,231600
2026-06-05 14:25:00+00:00,B3SA3.SA,15.420000076293945,15.470000267028809,15.40999984741211,15.449999809265137,145200
2026-06-05 14:30:00+00:00,B3SA3.SA,15.460000038146973,15.539999961853027,15.449999809265137,15.539999961853027,193400
2026-06-05 14:35:00+00:00,B3SA3.SA,15.529999732971191,15.529999732971191,15.449999809265137,15.449999809265137,239000
2026-06-05 14:40:00+00:00,B3SA3.SA,15.460000038146973,15.479999542236328,15.4399995803833,15.460000038146973,177200
2026-06-05 14:45:00+00:00,B3SA3.SA,15.460000038146973,15.489999771118164,15.449999809265137,15.460000038146973,122700
2026-06-05 14:50:00+00:00,B3SA3.SA,15.460000038146973,15.5,15.460000038146973,15.470000267028809,114200
2026-06-05 14:55:00+00:00,B3SA3.SA,15.479999542236328,15.479999542236328,15.430000305175781,15.460000038146973,189900
2026-06-05 15:00:00+00:00,B3SA3.SA,15.449999809265137,15.489999771118164,15.449999809265137,15.449999809265137,193900
2026-06-05 15:05:00+00:00,B3SA3.SA,15.449999809265137,15.470000267028809,15.4399995803833,15.4399995803833,149800
2026-06-05 15:10:00+00:00,B3SA3.SA,15.4399995803833,15.470000267028809,15.4399995803833,15.449999809265137,359600
2026-06-05 15:15:00+00:00,B3SA3.SA,15.449999809265137,15.479999542236328,15.449999809265137,15.479999542236328,98600
2026-06-05 15:20:00+00:00,B3SA3.SA,15.479999542236328,15.489999771118164,15.449999809265137,15.460000038146973,197600
2026-06-05 15:25:00+00:00,B3SA3.SA,15.449999809265137,15.479999542236328,15.449999809265137,15.470000267028809,181900
2026-06-05 15:30:00+00:00,B3SA3.SA,15.470000267028809,15.470000267028809,15.430000305175781,15.430000305175781,185900
2026-06-05 15:35:00+00:00,B3SA3.SA,15.430000305175781,15.4399995803833,15.380000114440918,15.380000114440918,256800
2026-06-05 15:40:00+00:00,B3SA3.SA,15.380000114440918,15.399999618530273,15.350000381469727,15.359999656677246,290700
2026-06-05 15:45:00+00:00,B3SA3.SA,15.369999885559082,15.390000343322754,15.34000015258789,15.380000114440918,293800
2026-06-05 15:50:00+00:00,B3SA3.SA,15.369999885559082,15.390000343322754,15.329999923706055,15.34000015258789,291100
2026-06-05 15:55:00+00:00,B3SA3.SA,15.34000015258789,15.359999656677246,15.329999923706055,15.34000015258789,216200
2026-06-05 16:00:00+00:00,B3SA3.SA,15.34000015258789,15.380000114440918,15.34000015258789,15.369999885559082,184800
2026-06-05 16:05:00+00:00,B3SA3.SA,15.380000114440918,15.380000114440918,15.34000015258789,15.350000381469727,310000
2026-06-05 16:10:00+00:00,B3SA3.SA,15.350000381469727,15.369999885559082,15.329999923706055,15.34000015258789,182300
2026-06-05 16:15:00+00:00,B3SA3.SA,15.350000381469727,15.369999885559082,15.319999694824219,15.359999656677246,225600
2026-06-05 16:20:00+00:00,B3SA3.SA,15.350000381469727,15.369999885559082,15.34000015258789,15.350000381469727,314700
2026-06-05 16:25:00+00:00,B3SA3.SA,15.34000015258789,15.380000114440918,15.34000015258789,15.369999885559082,124100
2026-06-05 16:30:00+00:00,B3SA3.SA,15.359999656677246,15.390000343322754,15.329999923706055,15.359999656677246,840300
2026-06-05 16:35:00+00:00,B3SA3.SA,15.369999885559082,15.380000114440918,15.329999923706055,15.329999923706055,245600
2026-06-05 16:40:00+00:00,B3SA3.SA,15.329999923706055,15.350000381469727,15.3100004196167,15.329999923706055,203500
2026-06-05 16:45:00+00:00,B3SA3.SA,15.329999923706055,15.350000381469727,15.319999694824219,15.350000381469727,145500
2026-06-05 16:50:00+00:00,B3SA3.SA,15.34000015258789,15.359999656677246,15.329999923706055,15.350000381469727,110700
2026-06-05 16:55:00+00:00,B3SA3.SA,15.359999656677246,15.369999885559082,15.34000015258789,15.350000381469727,129900
2026-06-05 17:00:00+00:00,B3SA3.SA,15.359999656677246,15.359999656677246,15.3100004196167,15.319999694824219,430900
2026-06-05 17:05:00+00:00,B3SA3.SA,15.329999923706055,15.350000381469727,15.3100004196167,15.329999923706055,411400
2026-06-05 17:10:00+00:00,B3SA3.SA,15.34000015258789,15.380000114440918,15.289999961853027,15.369999885559082,771700
2026-06-05 17:15:00+00:00,B3SA3.SA,15.369999885559082,15.390000343322754,15.359999656677246,15.390000343322754,196200
2026-06-05 17:20:00+00:00,B3SA3.SA,15.390000343322754,15.40999984741211,15.369999885559082,15.380000114440918,349400
2026-06-05 17:25:00+00:00,B3SA3.SA,15.390000343322754,15.399999618530273,15.369999885559082,15.380000114440918,231300
2026-06-05 17:30:00+00:00,B3SA3.SA,15.369999885559082,15.399999618530273,15.369999885559082,15.390000343322754,569600
2026-06-05 17:35:00+00:00,B3SA3.SA,15.380000114440918,15.4399995803833,15.380000114440918,15.430000305175781,328400
2026-06-05 17:40:00+00:00,B3SA3.SA,15.4399995803833,15.470000267028809,15.430000305175781,15.460000038146973,507600
2026-06-05 17:45:00+00:00,B3SA3.SA,15.449999809265137,15.470000267028809,15.4399995803833,15.449999809265137,450600
2026-06-05 17:50:00+00:00,B3SA3.SA,15.449999809265137,15.470000267028809,15.4399995803833,15.470000267028809,409500
2026-06-05 17:55:00+00:00,B3SA3.SA,15.470000267028809,15.479999542236328,15.460000038146973,15.479999542236328,259500
2026-06-05 18:00:00+00:00,B3SA3.SA,15.479999542236328,15.5,15.420000076293945,15.420000076293945,337500
2026-06-05 18:05:00+00:00,B3SA3.SA,15.430000305175781,15.4399995803833,15.390000343322754,15.40999984741211,219800
2026-06-05 18:10:00+00:00,B3SA3.SA,15.399999618530273,15.420000076293945,15.390000343322754,15.399999618530273,267100
2026-06-05 18:15:00+00:00,B3SA3.SA,15.390000343322754,15.399999618530273,15.359999656677246,15.390000343322754,208400
2026-06-05 18:20:00+00:00,B3SA3.SA,15.390000343322754,15.430000305175781,15.380000114440918,15.40999984741211,180700
2026-06-05 18:25:00+00:00,B3SA3.SA,15.399999618530273,15.40999984741211,15.390000343322754,15.399999618530273,194500
2026-06-05 18:30:00+00:00,B3SA3.SA,15.40999984741211,15.40999984741211,15.390000343322754,15.399999618530273,185400
2026-06-05 18:35:00+00:00,B3SA3.SA,15.399999618530273,15.4399995803833,15.380000114440918,15.4399995803833,306800
2026-06-05 18:40:00+00:00,B3SA3.SA,15.4399995803833,15.449999809265137,15.40999984741211,15.449999809265137,194700
2026-06-05 18:45:00+00:00,B3SA3.SA,15.449999809265137,15.489999771118164,15.430000305175781,15.479999542236328,195200
2026-06-05 18:50:00+00:00,B3SA3.SA,15.479999542236328,15.479999542236328,15.449999809265137,15.460000038146973,158500
2026-06-05 18:55:00+00:00,B3SA3.SA,15.449999809265137,15.479999542236328,15.420000076293945,15.430000305175781,339500
2026-06-05 19:00:00+00:00,B3SA3.SA,15.430000305175781,15.4399995803833,15.40999984741211,15.430000305175781,217400
2026-06-05 19:05:00+00:00,B3SA3.SA,15.430000305175781,15.4399995803833,15.40999984741211,15.430000305175781,167000
2026-06-05 19:10:00+00:00,B3SA3.SA,15.430000305175781,15.430000305175781,15.399999618530273,15.40999984741211,175800
2026-06-05 19:15:00+00:00,B3SA3.SA,15.420000076293945,15.430000305175781,15.399999618530273,15.420000076293945,126300
2026-06-05 19:20:00+00:00,B3SA3.SA,15.420000076293945,15.430000305175781,15.390000343322754,15.40999984741211,224400
2026-06-05 19:25:00+00:00,B3SA3.SA,15.399999618530273,15.420000076293945,15.399999618530273,15.420000076293945,172900
2026-06-05 19:30:00+00:00,B3SA3.SA,15.420000076293945,15.420000076293945,15.390000343322754,15.399999618530273,254300
2026-06-05 19:35:00+00:00,B3SA3.SA,15.40999984741211,15.4399995803833,15.390000343322754,15.4399995803833,276000
2026-06-05 19:40:00+00:00,B3SA3.SA,15.4399995803833,15.4399995803833,15.390000343322754,15.40999984741211,494400
2026-06-05 19:45:00+00:00,B3SA3.SA,15.420000076293945,15.430000305175781,15.390000343322754,15.399999618530273,914700
2026-06-05 19:50:00+00:00,B3SA3.SA,15.399999618530273,15.4399995803833,15.390000343322754,15.430000305175781,1130800
2026-06-08 13:00:00+00:00,B3SA3.SA,15.399999618530273,15.399999618530273,15.300000190734863,15.319999694824219,0
2026-06-08 13:05:00+00:00,B3SA3.SA,15.3100004196167,15.329999923706055,15.220000267028809,15.25,6231100
2026-06-08 13:10:00+00:00,B3SA3.SA,15.25,15.260000228881836,15.130000114440918,15.130000114440918,693200
2026-06-08 13:15:00+00:00,B3SA3.SA,15.130000114440918,15.199999809265137,15.130000114440918,15.140000343322754,342700
2026-06-08 13:20:00+00:00,B3SA3.SA,15.140000343322754,15.1899995803833,15.130000114440918,15.170000076293945,289100
2026-06-08 13:25:00+00:00,B3SA3.SA,15.170000076293945,15.199999809265137,15.149999618530273,15.149999618530273,468700
2026-06-08 13:30:00+00:00,B3SA3.SA,15.149999618530273,15.260000228881836,15.149999618530273,15.229999542236328,3263200
2026-06-08 13:35:00+00:00,B3SA3.SA,15.229999542236328,15.300000190734863,15.180000305175781,15.300000190734863,681900
2026-06-08 13:40:00+00:00,B3SA3.SA,15.300000190734863,15.300000190734863,15.15999984741211,15.199999809265137,548100
2026-06-08 13:45:00+00:00,B3SA3.SA,15.199999809265137,15.210000038146973,15.15999984741211,15.180000305175781,418300
2026-06-08 13:50:00+00:00,B3SA3.SA,15.180000305175781,15.1899995803833,15.140000343322754,15.140000343322754,346900
2026-06-08 13:55:00+00:00,B3SA3.SA,15.140000343322754,15.15999984741211,15.09000015258789,15.100000381469727,487100
2026-06-08 14:00:00+00:00,B3SA3.SA,15.100000381469727,15.140000343322754,15.069999694824219,15.130000114440918,553900
2026-06-08 14:05:00+00:00,B3SA3.SA,15.119999885559082,15.199999809265137,15.09000015258789,15.199999809265137,582900
2026-06-08 14:10:00+00:00,B3SA3.SA,15.1899995803833,15.220000267028809,15.180000305175781,15.199999809265137,216400
2026-06-08 14:15:00+00:00,B3SA3.SA,15.199999809265137,15.229999542236328,15.180000305175781,15.210000038146973,131600
2026-06-08 14:20:00+00:00,B3SA3.SA,15.210000038146973,15.229999542236328,15.180000305175781,15.199999809265137,272000
2026-06-08 14:25:00+00:00,B3SA3.SA,15.199999809265137,15.260000228881836,15.199999809265137,15.25,366000
2026-06-08 14:30:00+00:00,B3SA3.SA,15.25,15.25,15.210000038146973,15.210000038146973,584000
2026-06-08 14:35:00+00:00,B3SA3.SA,15.210000038146973,15.239999771118164,15.199999809265137,15.220000267028809,1286400
2026-06-08 14:40:00+00:00,B3SA3.SA,15.210000038146973,15.239999771118164,15.210000038146973,15.239999771118164,120600
2026-06-08 14:45:00+00:00,B3SA3.SA,15.229999542236328,15.279999732971191,15.229999542236328,15.260000228881836,773800
2026-06-08 14:50:00+00:00,B3SA3.SA,15.260000228881836,15.279999732971191,15.239999771118164,15.25,279600
2026-06-08 14:55:00+00:00,B3SA3.SA,15.25,15.279999732971191,15.239999771118164,15.260000228881836,557100
2026-06-08 15:00:00+00:00,B3SA3.SA,15.260000228881836,15.300000190734863,15.25,15.279999732971191,1278800
2026-06-08 15:05:00+00:00,B3SA3.SA,15.270000457763672,15.329999923706055,15.270000457763672,15.329999923706055,222400
2026-06-08 15:10:00+00:00,B3SA3.SA,15.319999694824219,15.329999923706055,15.270000457763672,15.270000457763672,166100
2026-06-08 15:15:00+00:00,B3SA3.SA,15.270000457763672,15.279999732971191,15.239999771118164,15.279999732971191,145700
2026-06-08 15:20:00+00:00,B3SA3.SA,15.270000457763672,15.300000190734863,15.239999771118164,15.289999961853027,131700
2026-06-08 15:25:00+00:00,B3SA3.SA,15.289999961853027,15.289999961853027,15.239999771118164,15.239999771118164,150500
2026-06-08 15:30:00+00:00,B3SA3.SA,15.239999771118164,15.25,15.210000038146973,15.229999542236328,161900
2026-06-08 15:35:00+00:00,B3SA3.SA,15.229999542236328,15.25,15.199999809265137,15.239999771118164,420600
2026-06-08 15:40:00+00:00,B3SA3.SA,15.229999542236328,15.25,15.199999809265137,15.220000267028809,180000
2026-06-08 15:45:00+00:00,B3SA3.SA,15.210000038146973,15.229999542236328,15.1899995803833,15.229999542236328,167100
2026-06-08 15:50:00+00:00,B3SA3.SA,15.220000267028809,15.25,15.210000038146973,15.229999542236328,131600
2026-06-08 15:55:00+00:00,B3SA3.SA,15.220000267028809,15.229999542236328,15.210000038146973,15.229999542236328,89900
2026-06-08 16:00:00+00:00,B3SA3.SA,15.229999542236328,15.229999542236328,15.1899995803833,15.199999809265137,224300
2026-06-08 16:05:00+00:00,B3SA3.SA,15.210000038146973,15.220000267028809,15.1899995803833,15.1899995803833,104300
2026-06-08 16:10:00+00:00,B3SA3.SA,15.1899995803833,15.229999542236328,15.1899995803833,15.199999809265137,136700
2026-06-08 16:15:00+00:00,B3SA3.SA,15.199999809265137,15.229999542236328,15.199999809265137,15.220000267028809,1091500
2026-06-08 16:20:00+00:00,B3SA3.SA,15.220000267028809,15.270000457763672,15.210000038146973,15.220000267028809,219400
2026-06-08 16:25:00+00:00,B3SA3.SA,15.220000267028809,15.239999771118164,15.210000038146973,15.210000038146973,363800
2026-06-08 16:30:00+00:00,B3SA3.SA,15.210000038146973,15.220000267028809,15.210000038146973,15.210000038146973,108000
2026-06-08 16:35:00+00:00,B3SA3.SA,15.210000038146973,15.229999542236328,15.210000038146973,15.229999542236328,403200
2026-06-08 16:40:00+00:00,B3SA3.SA,15.220000267028809,15.239999771118164,15.210000038146973,15.220000267028809,92800
2026-06-08 16:45:00+00:00,B3SA3.SA,15.220000267028809,15.239999771118164,15.210000038146973,15.239999771118164,120500
2026-06-08 16:50:00+00:00,B3SA3.SA,15.239999771118164,15.239999771118164,15.1899995803833,15.1899995803833,803000
2026-06-08 16:55:00+00:00,B3SA3.SA,15.1899995803833,15.199999809265137,15.15999984741211,15.180000305175781,179700
2026-06-08 17:00:00+00:00,B3SA3.SA,15.170000076293945,15.180000305175781,15.140000343322754,15.170000076293945,177100
2026-06-08 17:05:00+00:00,B3SA3.SA,15.170000076293945,15.1899995803833,15.15999984741211,15.15999984741211,180200
2026-06-08 17:10:00+00:00,B3SA3.SA,15.15999984741211,15.170000076293945,15.149999618530273,15.170000076293945,154700
2026-06-08 17:15:00+00:00,B3SA3.SA,15.170000076293945,15.180000305175781,15.149999618530273,15.15999984741211,184400
2026-06-08 17:20:00+00:00,B3SA3.SA,15.170000076293945,15.180000305175781,15.15999984741211,15.180000305175781,117100
2026-06-08 17:25:00+00:00,B3SA3.SA,15.170000076293945,15.199999809265137,15.170000076293945,15.170000076293945,184000
2026-06-08 17:30:00+00:00,B3SA3.SA,15.170000076293945,15.180000305175781,15.149999618530273,15.15999984741211,166200
2026-06-08 17:35:00+00:00,B3SA3.SA,15.15999984741211,15.170000076293945,15.140000343322754,15.15999984741211,146900
2026-06-08 17:40:00+00:00,B3SA3.SA,15.15999984741211,15.170000076293945,15.140000343322754,15.149999618530273,142500
2026-06-08 17:45:00+00:00,B3SA3.SA,15.140000343322754,15.180000305175781,15.140000343322754,15.170000076293945,140900
2026-06-08 17:50:00+00:00,B3SA3.SA,15.170000076293945,15.1899995803833,15.15999984741211,15.180000305175781,173400
2026-06-08 17:55:00+00:00,B3SA3.SA,15.180000305175781,15.210000038146973,15.170000076293945,15.1899995803833,153800
2026-06-08 18:00:00+00:00,B3SA3.SA,15.1899995803833,15.239999771118164,15.1899995803833,15.210000038146973,314200
2026-06-08 18:05:00+00:00,B3SA3.SA,15.199999809265137,15.210000038146973,15.180000305175781,15.1899995803833,2624300
2026-06-08 18:10:00+00:00,B3SA3.SA,15.199999809265137,15.210000038146973,15.170000076293945,15.170000076293945,184300
2026-06-08 18:15:00+00:00,B3SA3.SA,15.180000305175781,15.1899995803833,15.170000076293945,15.180000305175781,145000
2026-06-08 18:20:00+00:00,B3SA3.SA,15.180000305175781,15.180000305175781,15.149999618530273,15.170000076293945,195100
2026-06-08 18:25:00+00:00,B3SA3.SA,15.15999984741211,15.180000305175781,15.15999984741211,15.180000305175781,145900
2026-06-08 18:30:00+00:00,B3SA3.SA,15.170000076293945,15.1899995803833,15.15999984741211,15.15999984741211,203900
2026-06-08 18:35:00+00:00,B3SA3.SA,15.15999984741211,15.180000305175781,15.149999618530273,15.15999984741211,181500
2026-06-08 18:40:00+00:00,B3SA3.SA,15.15999984741211,15.170000076293945,15.149999618530273,15.149999618530273,143100
2026-06-08 18:45:00+00:00,B3SA3.SA,15.149999618530273,15.180000305175781,15.140000343322754,15.170000076293945,257500
2026-06-08 18:50:00+00:00,B3SA3.SA,15.149999618530273,15.170000076293945,15.140000343322754,15.149999618530273,231400
2026-06-08 18:55:00+00:00,B3SA3.SA,15.149999618530273,15.170000076293945,15.149999618530273,15.15999984741211,201000
2026-06-08 19:00:00+00:00,B3SA3.SA,15.15999984741211,15.180000305175781,15.149999618530273,15.149999618530273,522500
2026-06-08 19:05:00+00:00,B3SA3.SA,15.149999618530273,15.170000076293945,15.140000343322754,15.140000343322754,349100
2026-06-08 19:10:00+00:00,B3SA3.SA,15.149999618530273,15.149999618530273,15.109999656677246,15.109999656677246,359700
2026-06-08 19:15:00+00:00,B3SA3.SA,15.130000114440918,15.149999618530273,15.109999656677246,15.149999618530273,294700
2026-06-08 19:20:00+00:00,B3SA3.SA,15.149999618530273,15.15999984741211,15.109999656677246,15.109999656677246,510800
2026-06-08 19:25:00+00:00,B3SA3.SA,15.119999885559082,15.15999984741211,15.109999656677246,15.15999984741211,659900
2026-06-08 19:30:00+00:00,B3SA3.SA,15.15999984741211,15.170000076293945,15.130000114440918,15.149999618530273,298800
2026-06-08 19:35:00+00:00,B3SA3.SA,15.140000343322754,15.170000076293945,15.119999885559082,15.149999618530273,457800
2026-06-08 19:40:00+00:00,B3SA3.SA,15.149999618530273,15.15999984741211,15.140000343322754,15.140000343322754,435600
2026-06-08 19:45:00+00:00,B3SA3.SA,15.149999618530273,15.1899995803833,15.140000343322754,15.1899995803833,669700
2026-06-08 19:50:00+00:00,B3SA3.SA,15.1899995803833,15.199999809265137,15.140000343322754,15.140000343322754,538200
2026-06-09 13:05:00+00:00,B3SA3.SA,15.34000015258789,15.470000267028809,15.34000015258789,15.449999809265137,749400
2026-06-09 13:10:00+00:00,B3SA3.SA,15.460000038146973,15.470000267028809,15.319999694824219,15.329999923706055,287200
2026-06-09 13:15:00+00:00,B3SA3.SA,15.34000015258789,15.390000343322754,15.319999694824219,15.319999694824219,149200
2026-06-09 13:20:00+00:00,B3SA3.SA,15.319999694824219,15.34000015258789,15.279999732971191,15.279999732971191,416700
2026-06-09 13:25:00+00:00,B3SA3.SA,15.279999732971191,15.279999732971191,15.199999809265137,15.229999542236328,208800
2026-06-09 13:30:00+00:00,B3SA3.SA,15.229999542236328,15.270000457763672,15.140000343322754,15.270000457763672,2953100
2026-06-09 13:35:00+00:00,B3SA3.SA,15.270000457763672,15.279999732971191,15.180000305175781,15.199999809265137,1416000
2026-06-09 13:40:00+00:00,B3SA3.SA,15.1899995803833,15.220000267028809,15.140000343322754,15.140000343322754,714400
2026-06-09 13:45:00+00:00,B3SA3.SA,15.140000343322754,15.270000457763672,15.140000343322754,15.220000267028809,1042000
2026-06-09 13:50:00+00:00,B3SA3.SA,15.210000038146973,15.289999961853027,15.199999809265137,15.279999732971191,330900
2026-06-09 13:55:00+00:00,B3SA3.SA,15.279999732971191,15.300000190734863,15.239999771118164,15.260000228881836,160000
2026-06-09 14:00:00+00:00,B3SA3.SA,15.270000457763672,15.350000381469727,15.260000228881836,15.329999923706055,1019500
2026-06-09 14:05:00+00:00,B3SA3.SA,15.319999694824219,15.420000076293945,15.3100004196167,15.399999618530273,3484600
2026-06-09 14:10:00+00:00,B3SA3.SA,15.40999984741211,15.510000228881836,15.390000343322754,15.489999771118164,941000
2026-06-09 14:15:00+00:00,B3SA3.SA,15.489999771118164,15.510000228881836,15.40999984741211,15.40999984741211,875400
2026-06-09 14:20:00+00:00,B3SA3.SA,15.399999618530273,15.529999732971191,15.399999618530273,15.510000228881836,1060100
2026-06-09 14:25:00+00:00,B3SA3.SA,15.510000228881836,15.520000457763672,15.470000267028809,15.5,548500
2026-06-09 14:30:00+00:00,B3SA3.SA,15.5,15.510000228881836,15.380000114440918,15.470000267028809,1029600
2026-06-09 14:35:00+00:00,B3SA3.SA,15.479999542236328,15.5,15.449999809265137,15.479999542236328,308800
2026-06-09 14:40:00+00:00,B3SA3.SA,15.479999542236328,15.5,15.449999809265137,15.460000038146973,392100
2026-06-09 14:45:00+00:00,B3SA3.SA,15.460000038146973,15.460000038146973,15.369999885559082,15.369999885559082,1162700
2026-06-09 14:50:00+00:00,B3SA3.SA,15.369999885559082,15.460000038146973,15.369999885559082,15.449999809265137,351700
2026-06-09 14:55:00+00:00,B3SA3.SA,15.460000038146973,15.489999771118164,15.430000305175781,15.479999542236328,260100
2026-06-09 15:00:00+00:00,B3SA3.SA,15.470000267028809,15.5,15.470000267028809,15.470000267028809,3405300
2026-06-09 15:05:00+00:00,B3SA3.SA,15.470000267028809,15.470000267028809,15.4399995803833,15.460000038146973,178500
2026-06-09 15:10:00+00:00,B3SA3.SA,15.460000038146973,15.479999542236328,15.430000305175781,15.449999809265137,144300
2026-06-09 15:15:00+00:00,B3SA3.SA,15.460000038146973,15.470000267028809,15.390000343322754,15.40999984741211,176300
2026-06-09 15:20:00+00:00,B3SA3.SA,15.40999984741211,15.420000076293945,15.369999885559082,15.369999885559082,202100
2026-06-09 15:25:00+00:00,B3SA3.SA,15.369999885559082,15.380000114440918,15.3100004196167,15.329999923706055,439400
2026-06-09 15:30:00+00:00,B3SA3.SA,15.319999694824219,15.34000015258789,15.3100004196167,15.319999694824219,113100
2026-06-09 15:35:00+00:00,B3SA3.SA,15.3100004196167,15.34000015258789,15.289999961853027,15.34000015258789,224000
2026-06-09 15:40:00+00:00,B3SA3.SA,15.34000015258789,15.34000015258789,15.289999961853027,15.300000190734863,308400
2026-06-09 15:45:00+00:00,B3SA3.SA,15.3100004196167,15.3100004196167,15.279999732971191,15.3100004196167,140500
2026-06-09 15:50:00+00:00,B3SA3.SA,15.300000190734863,15.319999694824219,15.279999732971191,15.3100004196167,193200
2026-06-09 15:55:00+00:00,B3SA3.SA,15.3100004196167,15.3100004196167,15.260000228881836,15.289999961853027,221200
2026-06-09 16:00:00+00:00,B3SA3.SA,15.289999961853027,15.3100004196167,15.270000457763672,15.279999732971191,150600
2026-06-09 16:05:00+00:00,B3SA3.SA,15.279999732971191,15.300000190734863,15.260000228881836,15.279999732971191,113200
2026-06-09 16:10:00+00:00,B3SA3.SA,15.270000457763672,15.300000190734863,15.270000457763672,15.289999961853027,80000
2026-06-09 16:15:00+00:00,B3SA3.SA,15.289999961853027,15.34000015258789,15.270000457763672,15.279999732971191,273000
2026-06-09 16:20:00+00:00,B3SA3.SA,15.270000457763672,15.329999923706055,15.270000457763672,15.329999923706055,3146000
2026-06-09 16:25:00+00:00,B3SA3.SA,15.329999923706055,15.380000114440918,15.319999694824219,15.350000381469727,389000
2026-06-09 16:30:00+00:00,B3SA3.SA,15.350000381469727,15.390000343322754,15.34000015258789,15.390000343322754,273800
2026-06-09 16:35:00+00:00,B3SA3.SA,15.380000114440918,15.390000343322754,15.170000076293945,15.1899995803833,653000
2026-06-09 16:40:00+00:00,B3SA3.SA,15.1899995803833,15.239999771118164,15.15999984741211,15.239999771118164,286100
2026-06-09 16:45:00+00:00,B3SA3.SA,15.239999771118164,15.270000457763672,15.239999771118164,15.260000228881836,125500
2026-06-09 16:50:00+00:00,B3SA3.SA,15.25,15.289999961853027,15.239999771118164,15.239999771118164,425600
2026-06-09 16:55:00+00:00,B3SA3.SA,15.25,15.3100004196167,15.25,15.300000190734863,174800
2026-06-09 17:00:00+00:00,B3SA3.SA,15.289999961853027,15.350000381469727,15.289999961853027,15.34000015258789,198800
2026-06-09 17:05:00+00:00,B3SA3.SA,15.329999923706055,15.359999656677246,15.329999923706055,15.34000015258789,126000
2026-06-09 17:10:00+00:00,B3SA3.SA,15.329999923706055,15.369999885559082,15.329999923706055,15.350000381469727,507600
2026-06-09 17:15:00+00:00,B3SA3.SA,15.359999656677246,15.399999618530273,15.34000015258789,15.390000343322754,217200
2026-06-09 17:20:00+00:00,B3SA3.SA,15.380000114440918,15.40999984741211,15.369999885559082,15.399999618530273,237200
2026-06-09 17:25:00+00:00,B3SA3.SA,15.399999618530273,15.40999984741211,15.369999885559082,15.40999984741211,200400
2026-06-09 17:30:00+00:00,B3SA3.SA,15.399999618530273,15.4399995803833,15.399999618530273,15.4399995803833,338400
2026-06-09 17:35:00+00:00,B3SA3.SA,15.4399995803833,15.449999809265137,15.420000076293945,15.4399995803833,214500
2026-06-09 17:40:00+00:00,B3SA3.SA,15.4399995803833,15.470000267028809,15.420000076293945,15.4399995803833,216900
2026-06-09 17:45:00+00:00,B3SA3.SA,15.4399995803833,15.4399995803833,15.350000381469727,15.380000114440918,224900
2026-06-09 17:50:00+00:00,B3SA3.SA,15.369999885559082,15.399999618530273,15.359999656677246,15.359999656677246,179800
2026-06-09 17:55:00+00:00,B3SA3.SA,15.369999885559082,15.390000343322754,15.34000015258789,15.369999885559082,349800
2026-06-09 18:00:00+00:00,B3SA3.SA,15.369999885559082,15.369999885559082,15.329999923706055,15.359999656677246,135500
2026-06-09 18:05:00+00:00,B3SA3.SA,15.359999656677246,15.380000114440918,15.350000381469727,15.369999885559082,875700
2026-06-09 18:10:00+00:00,B3SA3.SA,15.369999885559082,15.380000114440918,15.34000015258789,15.350000381469727,159500
2026-06-09 18:15:00+00:00,B3SA3.SA,15.350000381469727,15.369999885559082,15.34000015258789,15.369999885559082,160700
2026-06-09 18:20:00+00:00,B3SA3.SA,15.359999656677246,15.380000114440918,15.34000015258789,15.359999656677246,193900
2026-06-09 18:25:00+00:00,B3SA3.SA,15.369999885559082,15.369999885559082,15.34000015258789,15.359999656677246,79200
2026-06-09 18:30:00+00:00,B3SA3.SA,15.359999656677246,15.369999885559082,15.34000015258789,15.350000381469727,107700
2026-06-09 18:35:00+00:00,B3SA3.SA,15.350000381469727,15.359999656677246,15.329999923706055,15.34000015258789,124700
2026-06-09 18:40:00+00:00,B3SA3.SA,15.34000015258789,15.350000381469727,15.329999923706055,15.329999923706055,1606100
2026-06-09 18:45:00+00:00,B3SA3.SA,15.34000015258789,15.359999656677246,15.34000015258789,15.350000381469727,71100
2026-06-09 18:50:00+00:00,B3SA3.SA,15.34000015258789,15.40999984741211,15.34000015258789,15.369999885559082,245700
2026-06-09 18:55:00+00:00,B3SA3.SA,15.380000114440918,15.399999618530273,15.369999885559082,15.390000343322754,131100
2026-06-09 19:00:00+00:00,B3SA3.SA,15.399999618530273,15.399999618530273,15.359999656677246,15.369999885559082,163600
2026-06-09 19:05:00+00:00,B3SA3.SA,15.380000114440918,15.380000114440918,15.350000381469727,15.350000381469727,304600
2026-06-09 19:10:00+00:00,B3SA3.SA,15.350000381469727,15.359999656677246,15.329999923706055,15.34000015258789,695400
2026-06-09 19:15:00+00:00,B3SA3.SA,15.34000015258789,15.350000381469727,15.270000457763672,15.289999961853027,306400
2026-06-09 19:20:00+00:00,B3SA3.SA,15.289999961853027,15.3100004196167,15.260000228881836,15.289999961853027,478700
2026-06-09 19:25:00+00:00,B3SA3.SA,15.279999732971191,15.300000190734863,15.260000228881836,15.300000190734863,306600
2026-06-09 19:30:00+00:00,B3SA3.SA,15.300000190734863,15.3100004196167,15.279999732971191,15.300000190734863,452800
2026-06-09 19:35:00+00:00,B3SA3.SA,15.300000190734863,15.329999923706055,15.289999961853027,15.319999694824219,631100
2026-06-09 19:40:00+00:00,B3SA3.SA,15.319999694824219,15.350000381469727,15.3100004196167,15.329999923706055,564400
2026-06-09 19:45:00+00:00,B3SA3.SA,15.34000015258789,15.34000015258789,15.319999694824219,15.319999694824219,336700
2026-06-09 19:50:00+00:00,B3SA3.SA,15.319999694824219,15.359999656677246,15.3100004196167,15.319999694824219,392300
2026-06-10 13:05:00+00:00,B3SA3.SA,15.210000038146973,15.25,15.1899995803833,15.210000038146973,117100
2026-06-10 13:10:00+00:00,B3SA3.SA,15.220000267028809,15.220000267028809,15.149999618530273,15.170000076293945,136900
2026-06-10 13:15:00+00:00,B3SA3.SA,15.180000305175781,15.199999809265137,15.109999656677246,15.109999656677246,5305500
2026-06-10 13:20:00+00:00,B3SA3.SA,15.109999656677246,15.109999656677246,15.0,15.050000190734863,561500
2026-06-10 13:25:00+00:00,B3SA3.SA,15.039999961853027,15.09000015258789,15.029999732971191,15.069999694824219,330800
2026-06-10 13:30:00+00:00,B3SA3.SA,15.069999694824219,15.149999618530273,15.069999694824219,15.140000343322754,410700
2026-06-10 13:35:00+00:00,B3SA3.SA,15.140000343322754,15.15999984741211,15.09000015258789,15.109999656677246,20428100
2026-06-10 13:40:00+00:00,B3SA3.SA,15.109999656677246,15.239999771118164,15.100000381469727,15.229999542236328,997500
2026-06-10 13:45:00+00:00,B3SA3.SA,15.239999771118164,15.279999732971191,15.180000305175781,15.1899995803833,928800
2026-06-10 13:50:00+00:00,B3SA3.SA,15.1899995803833,15.220000267028809,15.149999618530273,15.180000305175781,565500
2026-06-10 13:55:00+00:00,B3SA3.SA,15.1899995803833,15.199999809265137,15.149999618530273,15.15999984741211,586600
2026-06-10 14:00:00+00:00,B3SA3.SA,15.170000076293945,15.180000305175781,15.109999656677246,15.130000114440918,1366500
2026-06-10 14:05:00+00:00,B3SA3.SA,15.130000114440918,15.149999618530273,15.100000381469727,15.109999656677246,304200
2026-06-10 14:10:00+00:00,B3SA3.SA,15.109999656677246,15.140000343322754,15.079999923706055,15.079999923706055,323400
2026-06-10 14:15:00+00:00,B3SA3.SA,15.079999923706055,15.100000381469727,15.050000190734863,15.0600004196167,355200
2026-06-10 14:20:00+00:00,B3SA3.SA,15.050000190734863,15.069999694824219,15.020000457763672,15.0600004196167,634600
2026-06-10 14:25:00+00:00,B3SA3.SA,15.050000190734863,15.069999694824219,15.020000457763672,15.0600004196167,300500
2026-06-10 14:30:00+00:00,B3SA3.SA,15.0600004196167,15.09000015258789,15.029999732971191,15.0600004196167,493600
2026-06-10 14:35:00+00:00,B3SA3.SA,15.0600004196167,15.0600004196167,15.010000228881836,15.029999732971191,276000
2026-06-10 14:40:00+00:00,B3SA3.SA,15.020000457763672,15.029999732971191,14.979999542236328,14.979999542236328,461900
2026-06-10 14:45:00+00:00,B3SA3.SA,14.979999542236328,15.0,14.960000038146973,14.970000267028809,440600
2026-06-10 14:50:00+00:00,B3SA3.SA,14.979999542236328,15.020000457763672,14.960000038146973,15.020000457763672,188700
2026-06-10 14:55:00+00:00,B3SA3.SA,15.020000457763672,15.020000457763672,14.960000038146973,15.0,375100
2026-06-10 15:00:00+00:00,B3SA3.SA,15.0,15.079999923706055,14.979999542236328,15.050000190734863,384900
2026-06-10 15:05:00+00:00,B3SA3.SA,15.039999961853027,15.069999694824219,15.010000228881836,15.020000457763672,325000
2026-06-10 15:10:00+00:00,B3SA3.SA,15.020000457763672,15.069999694824219,15.010000228881836,15.050000190734863,431700
2026-06-10 15:15:00+00:00,B3SA3.SA,15.039999961853027,15.0600004196167,15.029999732971191,15.039999961853027,156700
2026-06-10 15:20:00+00:00,B3SA3.SA,15.039999961853027,15.100000381469727,15.039999961853027,15.09000015258789,249900
2026-06-10 15:25:00+00:00,B3SA3.SA,15.079999923706055,15.109999656677246,15.0600004196167,15.0600004196167,312800
2026-06-10 15:30:00+00:00,B3SA3.SA,15.069999694824219,15.079999923706055,15.050000190734863,15.069999694824219,173500
2026-06-10 15:35:00+00:00,B3SA3.SA,15.0600004196167,15.09000015258789,15.029999732971191,15.0600004196167,150800
2026-06-10 15:40:00+00:00,B3SA3.SA,15.050000190734863,15.079999923706055,14.989999771118164,15.050000190734863,644700
2026-06-10 15:45:00+00:00,B3SA3.SA,15.050000190734863,15.050000190734863,14.899999618530273,14.949999809265137,1373600
2026-06-10 15:50:00+00:00,B3SA3.SA,14.960000038146973,15.0,14.930000305175781,14.989999771118164,491700
2026-06-10 15:55:00+00:00,B3SA3.SA,14.979999542236328,15.0,14.960000038146973,15.0,121600
2026-06-10 16:00:00+00:00,B3SA3.SA,15.0,15.0,14.960000038146973,14.960000038146973,119600
2026-06-10 16:05:00+00:00,B3SA3.SA,14.970000267028809,14.989999771118164,14.9399995803833,14.960000038146973,234000
2026-06-10 16:10:00+00:00,B3SA3.SA,14.949999809265137,14.960000038146973,14.930000305175781,14.9399995803833,198300
2026-06-10 16:15:00+00:00,B3SA3.SA,14.949999809265137,15.010000228881836,14.9399995803833,15.010000228881836,438900
2026-06-10 16:20:00+00:00,B3SA3.SA,15.010000228881836,15.050000190734863,15.0,15.029999732971191,340600
2026-06-10 16:25:00+00:00,B3SA3.SA,15.039999961853027,15.0600004196167,15.029999732971191,15.050000190734863,150700
2026-06-10 16:30:00+00:00,B3SA3.SA,15.039999961853027,15.050000190734863,15.020000457763672,15.029999732971191,210000
2026-06-10 16:35:00+00:00,B3SA3.SA,15.039999961853027,15.039999961853027,15.0,15.039999961853027,298300
2026-06-10 16:40:00+00:00,B3SA3.SA,15.029999732971191,15.09000015258789,15.020000457763672,15.069999694824219,406600
2026-06-10 16:45:00+00:00,B3SA3.SA,15.0600004196167,15.09000015258789,15.0600004196167,15.079999923706055,442800
2026-06-10 16:50:00+00:00,B3SA3.SA,15.079999923706055,15.100000381469727,15.069999694824219,15.079999923706055,278800
2026-06-10 16:55:00+00:00,B3SA3.SA,15.09000015258789,15.109999656677246,15.069999694824219,15.09000015258789,252300
2026-06-10 17:00:00+00:00,B3SA3.SA,15.09000015258789,15.119999885559082,15.09000015258789,15.109999656677246,319200
2026-06-10 17:05:00+00:00,B3SA3.SA,15.109999656677246,15.130000114440918,15.09000015258789,15.09000015258789,639900
2026-06-10 17:10:00+00:00,B3SA3.SA,15.09000015258789,15.109999656677246,15.079999923706055,15.09000015258789,173800
2026-06-10 17:15:00+00:00,B3SA3.SA,15.09000015258789,15.100000381469727,15.069999694824219,15.079999923706055,204600
2026-06-10 17:20:00+00:00,B3SA3.SA,15.079999923706055,15.09000015258789,15.039999961853027,15.050000190734863,313400
2026-06-10 17:25:00+00:00,B3SA3.SA,15.039999961853027,15.09000015258789,15.039999961853027,15.069999694824219,317700
2026-06-10 17:30:00+00:00,B3SA3.SA,15.0600004196167,15.069999694824219,15.050000190734863,15.0600004196167,373600
2026-06-10 17:35:00+00:00,B3SA3.SA,15.050000190734863,15.0600004196167,15.020000457763672,15.050000190734863,733600
2026-06-10 17:40:00+00:00,B3SA3.SA,15.050000190734863,15.0600004196167,15.020000457763672,15.0600004196167,651500
2026-06-10 17:45:00+00:00,B3SA3.SA,15.050000190734863,15.100000381469727,15.050000190734863,15.09000015258789,373400
2026-06-10 17:50:00+00:00,B3SA3.SA,15.079999923706055,15.09000015258789,15.050000190734863,15.0600004196167,290800
2026-06-10 17:55:00+00:00,B3SA3.SA,15.069999694824219,15.09000015258789,15.050000190734863,15.0600004196167,209900
2026-06-10 18:00:00+00:00,B3SA3.SA,15.050000190734863,15.069999694824219,15.029999732971191,15.050000190734863,549000
2026-06-10 18:05:00+00:00,B3SA3.SA,15.050000190734863,15.069999694824219,15.039999961853027,15.0600004196167,653600
2026-06-10 18:10:00+00:00,B3SA3.SA,15.0600004196167,15.069999694824219,15.039999961853027,15.050000190734863,222500
2026-06-10 18:15:00+00:00,B3SA3.SA,15.0600004196167,15.079999923706055,15.029999732971191,15.050000190734863,564700
2026-06-10 18:20:00+00:00,B3SA3.SA,15.050000190734863,15.069999694824219,15.050000190734863,15.0600004196167,175400
2026-06-10 18:25:00+00:00,B3SA3.SA,15.050000190734863,15.079999923706055,15.050000190734863,15.0600004196167,513300
2026-06-10 18:30:00+00:00,B3SA3.SA,15.0600004196167,15.079999923706055,15.050000190734863,15.050000190734863,250500
2026-06-10 18:35:00+00:00,B3SA3.SA,15.0600004196167,15.069999694824219,15.029999732971191,15.039999961853027,536300
2026-06-10 18:40:00+00:00,B3SA3.SA,15.039999961853027,15.069999694824219,15.039999961853027,15.050000190734863,262300
2026-06-10 18:45:00+00:00,B3SA3.SA,15.050000190734863,15.069999694824219,15.050000190734863,15.0600004196167,247900
2026-06-10 18:50:00+00:00,B3SA3.SA,15.050000190734863,15.0600004196167,15.029999732971191,15.050000190734863,649200
2026-06-10 18:55:00+00:00,B3SA3.SA,15.039999961853027,15.050000190734863,15.039999961853027,15.050000190734863,257000
2026-06-10 19:00:00+00:00,B3SA3.SA,15.039999961853027,15.0600004196167,15.029999732971191,15.039999961853027,405900
2026-06-10 19:05:00+00:00,B3SA3.SA,15.050000190734863,15.050000190734863,15.029999732971191,15.029999732971191,224500
2026-06-10 19:10:00+00:00,B3SA3.SA,15.029999732971191,15.0600004196167,15.020000457763672,15.039999961853027,944100
2026-06-10 19:15:00+00:00,B3SA3.SA,15.050000190734863,15.069999694824219,15.039999961853027,15.039999961853027,242500
2026-06-10 19:20:00+00:00,B3SA3.SA,15.039999961853027,15.050000190734863,15.029999732971191,15.029999732971191,431400
2026-06-10 19:25:00+00:00,B3SA3.SA,15.029999732971191,15.039999961853027,15.0,15.020000457763672,452700
2026-06-10 19:30:00+00:00,B3SA3.SA,15.029999732971191,15.0600004196167,15.020000457763672,15.039999961853027,423400
2026-06-10 19:35:00+00:00,B3SA3.SA,15.050000190734863,15.069999694824219,15.039999961853027,15.0600004196167,835700
2026-06-10 19:40:00+00:00,B3SA3.SA,15.050000190734863,15.0600004196167,15.050000190734863,15.0600004196167,224900
2026-06-10 19:45:00+00:00,B3SA3.SA,15.050000190734863,15.069999694824219,15.0,15.029999732971191,1504400
2026-06-10 19:50:00+00:00,B3SA3.SA,15.020000457763672,15.039999961853027,15.0,15.039999961853027,652900
2026-06-11 13:05:00+00:00,B3SA3.SA,15.079999923706055,15.140000343322754,15.039999961853027,15.079999923706055,172700
2026-06-11 13:10:00+00:00,B3SA3.SA,15.079999923706055,15.09000015258789,15.050000190734863,15.069999694824219,220700
2026-06-11 13:15:00+00:00,B3SA3.SA,15.069999694824219,15.119999885559082,15.0600004196167,15.119999885559082,363200
2026-06-11 13:20:00+00:00,B3SA3.SA,15.109999656677246,15.140000343322754,15.050000190734863,15.100000381469727,442200
2026-06-11 13:25:00+00:00,B3SA3.SA,15.100000381469727,15.140000343322754,15.069999694824219,15.09000015258789,342300
2026-06-11 13:30:00+00:00,B3SA3.SA,15.100000381469727,15.170000076293945,15.079999923706055,15.140000343322754,606300
2026-06-11 13:35:00+00:00,B3SA3.SA,15.149999618530273,15.170000076293945,15.069999694824219,15.079999923706055,645600
2026-06-11 13:40:00+00:00,B3SA3.SA,15.09000015258789,15.119999885559082,15.069999694824219,15.079999923706055,621300
2026-06-11 13:45:00+00:00,B3SA3.SA,15.079999923706055,15.140000343322754,15.069999694824219,15.109999656677246,346000
2026-06-11 13:50:00+00:00,B3SA3.SA,15.109999656677246,15.170000076293945,15.109999656677246,15.15999984741211,309500
2026-06-11 13:55:00+00:00,B3SA3.SA,15.170000076293945,15.1899995803833,15.140000343322754,15.180000305175781,771800
2026-06-11 14:00:00+00:00,B3SA3.SA,15.170000076293945,15.170000076293945,15.100000381469727,15.119999885559082,399800
2026-06-11 14:05:00+00:00,B3SA3.SA,15.109999656677246,15.140000343322754,15.100000381469727,15.100000381469727,352700
2026-06-11 14:10:00+00:00,B3SA3.SA,15.100000381469727,15.109999656677246,15.050000190734863,15.0600004196167,584100
2026-06-11 14:15:00+00:00,B3SA3.SA,15.069999694824219,15.100000381469727,15.010000228881836,15.039999961853027,441200
2026-06-11 14:20:00+00:00,B3SA3.SA,15.050000190734863,15.069999694824219,15.029999732971191,15.029999732971191,258400
2026-06-11 14:25:00+00:00,B3SA3.SA,15.029999732971191,15.0600004196167,15.029999732971191,15.0600004196167,190500
2026-06-11 14:30:00+00:00,B3SA3.SA,15.050000190734863,15.100000381469727,15.050000190734863,15.079999923706055,379200
2026-06-11 14:35:00+00:00,B3SA3.SA,15.079999923706055,15.100000381469727,15.0600004196167,15.079999923706055,435500
2026-06-11 14:40:00+00:00,B3SA3.SA,15.09000015258789,15.100000381469727,15.069999694824219,15.069999694824219,379100
2026-06-11 14:45:00+00:00,B3SA3.SA,15.069999694824219,15.079999923706055,15.029999732971191,15.050000190734863,519900
2026-06-11 14:50:00+00:00,B3SA3.SA,15.050000190734863,15.050000190734863,15.020000457763672,15.029999732971191,376800
2026-06-11 14:55:00+00:00,B3SA3.SA,15.039999961853027,15.050000190734863,15.020000457763672,15.029999732971191,375400
2026-06-11 15:00:00+00:00,B3SA3.SA,15.029999732971191,15.0600004196167,15.020000457763672,15.029999732971191,351400
2026-06-11 15:05:00+00:00,B3SA3.SA,15.029999732971191,15.050000190734863,14.989999771118164,15.020000457763672,1695400
2026-06-11 15:10:00+00:00,B3SA3.SA,15.020000457763672,15.0600004196167,15.020000457763672,15.039999961853027,403600
2026-06-11 15:15:00+00:00,B3SA3.SA,15.050000190734863,15.0600004196167,15.020000457763672,15.0600004196167,305600
2026-06-11 15:20:00+00:00,B3SA3.SA,15.0600004196167,15.079999923706055,15.039999961853027,15.050000190734863,262200
2026-06-11 15:25:00+00:00,B3SA3.SA,15.050000190734863,15.0600004196167,15.039999961853027,15.0600004196167,207400
2026-06-11 15:30:00+00:00,B3SA3.SA,15.050000190734863,15.0600004196167,15.039999961853027,15.050000190734863,234900
2026-06-11 15:35:00+00:00,B3SA3.SA,15.0600004196167,15.079999923706055,15.039999961853027,15.050000190734863,825900
2026-06-11 15:40:00+00:00,B3SA3.SA,15.050000190734863,15.069999694824219,15.050000190734863,15.050000190734863,189700
2026-06-11 15:45:00+00:00,B3SA3.SA,15.0600004196167,15.0600004196167,15.029999732971191,15.029999732971191,463700
2026-06-11 15:50:00+00:00,B3SA3.SA,15.039999961853027,15.050000190734863,15.029999732971191,15.050000190734863,281800
2026-06-11 15:55:00+00:00,B3SA3.SA,15.050000190734863,15.050000190734863,15.029999732971191,15.039999961853027,390800
2026-06-11 16:00:00+00:00,B3SA3.SA,15.039999961853027,15.039999961853027,15.010000228881836,15.020000457763672,435200
2026-06-11 16:05:00+00:00,B3SA3.SA,15.029999732971191,15.050000190734863,15.020000457763672,15.029999732971191,331700
2026-06-11 16:10:00+00:00,B3SA3.SA,15.029999732971191,15.0600004196167,15.029999732971191,15.050000190734863,333500
2026-06-11 16:15:00+00:00,B3SA3.SA,15.050000190734863,15.0600004196167,15.020000457763672,15.020000457763672,1255400
2026-06-11 16:20:00+00:00,B3SA3.SA,15.020000457763672,15.119999885559082,15.020000457763672,15.079999923706055,733700
2026-06-11 16:25:00+00:00,B3SA3.SA,15.079999923706055,15.100000381469727,15.079999923706055,15.09000015258789,308400
2026-06-11 16:30:00+00:00,B3SA3.SA,15.100000381469727,15.100000381469727,15.079999923706055,15.09000015258789,370400
2026-06-11 16:35:00+00:00,B3SA3.SA,15.09000015258789,15.109999656677246,15.079999923706055,15.100000381469727,395700
2026-06-11 16:40:00+00:00,B3SA3.SA,15.109999656677246,15.109999656677246,15.069999694824219,15.079999923706055,420500
2026-06-11 16:45:00+00:00,B3SA3.SA,15.09000015258789,15.09000015258789,15.0600004196167,15.069999694824219,390400
2026-06-11 16:50:00+00:00,B3SA3.SA,15.069999694824219,15.069999694824219,15.050000190734863,15.050000190734863,319000
2026-06-11 16:55:00+00:00,B3SA3.SA,15.050000190734863,15.069999694824219,15.050000190734863,15.050000190734863,281800
2026-06-11 17:00:00+00:00,B3SA3.SA,15.050000190734863,15.0600004196167,15.0,15.020000457763672,403100
2026-06-11 17:05:00+00:00,B3SA3.SA,15.010000228881836,15.010000228881836,14.989999771118164,14.989999771118164,548700
2026-06-11 17:10:00+00:00,B3SA3.SA,14.989999771118164,15.0,14.979999542236328,15.0,518500
2026-06-11 17:15:00+00:00,B3SA3.SA,14.979999542236328,15.0,14.960000038146973,14.970000267028809,313800
2026-06-11 17:20:00+00:00,B3SA3.SA,14.979999542236328,14.989999771118164,14.949999809265137,14.979999542236328,312100
2026-06-11 17:25:00+00:00,B3SA3.SA,15.0,15.130000114440918,14.979999542236328,15.119999885559082,1998300
2026-06-11 17:30:00+00:00,B3SA3.SA,15.130000114440918,15.220000267028809,15.109999656677246,15.15999984741211,3240600
2026-06-11 17:35:00+00:00,B3SA3.SA,15.15999984741211,15.220000267028809,15.140000343322754,15.210000038146973,1926300
2026-06-11 17:40:00+00:00,B3SA3.SA,15.220000267028809,15.279999732971191,15.15999984741211,15.170000076293945,2434500
2026-06-11 17:45:00+00:00,B3SA3.SA,15.170000076293945,15.300000190734863,15.15999984741211,15.199999809265137,1243000
2026-06-11 17:50:00+00:00,B3SA3.SA,15.210000038146973,15.229999542236328,15.170000076293945,15.220000267028809,2086800
2026-06-11 17:55:00+00:00,B3SA3.SA,15.229999542236328,15.25,15.1899995803833,15.220000267028809,433500
2026-06-11 18:00:00+00:00,B3SA3.SA,15.210000038146973,15.260000228881836,15.199999809265137,15.199999809265137,752100
2026-06-11 18:05:00+00:00,B3SA3.SA,15.210000038146973,15.210000038146973,15.140000343322754,15.140000343322754,681400
2026-06-11 18:10:00+00:00,B3SA3.SA,15.149999618530273,15.199999809265137,15.130000114440918,15.1899995803833,9022200
2026-06-11 18:15:00+00:00,B3SA3.SA,15.199999809265137,15.260000228881836,15.199999809265137,15.239999771118164,1502800
2026-06-11 18:20:00+00:00,B3SA3.SA,15.239999771118164,15.270000457763672,15.180000305175781,15.25,700900
2026-06-11 18:25:00+00:00,B3SA3.SA,15.260000228881836,15.300000190734863,15.25,15.260000228881836,478500
2026-06-11 18:30:00+00:00,B3SA3.SA,15.270000457763672,15.289999961853027,15.239999771118164,15.260000228881836,394700
2026-06-11 18:35:00+00:00,B3SA3.SA,15.260000228881836,15.289999961853027,15.239999771118164,15.239999771118164,772300
2026-06-11 18:40:00+00:00,B3SA3.SA,15.25,15.270000457763672,15.229999542236328,15.229999542236328,363800
2026-06-11 18:45:00+00:00,B3SA3.SA,15.239999771118164,15.260000228881836,15.229999542236328,15.239999771118164,1150600
2026-06-11 18:50:00+00:00,B3SA3.SA,15.239999771118164,15.260000228881836,15.229999542236328,15.229999542236328,417400
2026-06-11 18:55:00+00:00,B3SA3.SA,15.229999542236328,15.239999771118164,15.220000267028809,15.229999542236328,363000
2026-06-11 19:00:00+00:00,B3SA3.SA,15.229999542236328,15.260000228881836,15.229999542236328,15.239999771118164,481800
2026-06-11 19:05:00+00:00,B3SA3.SA,15.239999771118164,15.260000228881836,15.210000038146973,15.239999771118164,454000
2026-06-11 19:10:00+00:00,B3SA3.SA,15.25,15.289999961853027,15.239999771118164,15.270000457763672,876300
2026-06-11 19:15:00+00:00,B3SA3.SA,15.270000457763672,15.329999923706055,15.270000457763672,15.300000190734863,581800
2026-06-11 19:20:00+00:00,B3SA3.SA,15.3100004196167,15.329999923706055,15.300000190734863,15.329999923706055,564500
2026-06-11 19:25:00+00:00,B3SA3.SA,15.329999923706055,15.40999984741211,15.319999694824219,15.399999618530273,861900
2026-06-11 19:30:00+00:00,B3SA3.SA,15.40999984741211,15.520000457763672,15.390000343322754,15.470000267028809,1036300
2026-06-11 19:35:00+00:00,B3SA3.SA,15.470000267028809,15.479999542236328,15.399999618530273,15.40999984741211,877900
2026-06-11 19:40:00+00:00,B3SA3.SA,15.40999984741211,15.5,15.40999984741211,15.460000038146973,1423900
2026-06-11 19:45:00+00:00,B3SA3.SA,15.460000038146973,15.460000038146973,15.399999618530273,15.430000305175781,1034300
2026-06-11 19:50:00+00:00,B3SA3.SA,15.420000076293945,15.449999809265137,15.40999984741211,15.4399995803833,904000
2026-06-12 13:05:00+00:00,B3SA3.SA,15.199999809265137,15.350000381469727,15.15999984741211,15.329999923706055,226900
2026-06-12 13:10:00+00:00,B3SA3.SA,15.34000015258789,15.380000114440918,15.3100004196167,15.380000114440918,180200
2026-06-12 13:15:00+00:00,B3SA3.SA,15.380000114440918,15.5,15.34000015258789,15.5,191900
2026-06-12 13:20:00+00:00,B3SA3.SA,15.489999771118164,15.550000190734863,15.489999771118164,15.550000190734863,532000
2026-06-12 13:25:00+00:00,B3SA3.SA,15.550000190734863,15.569999694824219,15.449999809265137,15.520000457763672,296200
2026-06-12 13:30:00+00:00,B3SA3.SA,15.510000228881836,15.579999923706055,15.5,15.529999732971191,393400
2026-06-12 13:35:00+00:00,B3SA3.SA,15.539999961853027,15.5600004196167,15.380000114440918,15.399999618530273,673100
2026-06-12 13:40:00+00:00,B3SA3.SA,15.40999984741211,15.40999984741211,15.239999771118164,15.279999732971191,1322400
2026-06-12 13:45:00+00:00,B3SA3.SA,15.260000228881836,15.319999694824219,15.25,15.300000190734863,643700
2026-06-12 13:50:00+00:00,B3SA3.SA,15.300000190734863,15.3100004196167,15.239999771118164,15.270000457763672,373300
2026-06-12 13:55:00+00:00,B3SA3.SA,15.270000457763672,15.300000190734863,15.25,15.279999732971191,933200
2026-06-12 14:00:00+00:00,B3SA3.SA,15.279999732971191,15.319999694824219,15.270000457763672,15.3100004196167,308700
2026-06-12 14:05:00+00:00,B3SA3.SA,15.3100004196167,15.369999885559082,15.279999732971191,15.34000015258789,1653000
2026-06-12 14:10:00+00:00,B3SA3.SA,15.329999923706055,15.34000015258789,15.279999732971191,15.329999923706055,1312200
2026-06-12 14:15:00+00:00,B3SA3.SA,15.319999694824219,15.430000305175781,15.319999694824219,15.399999618530273,676300
2026-06-12 14:20:00+00:00,B3SA3.SA,15.390000343322754,15.420000076293945,15.350000381469727,15.390000343322754,792600
2026-06-12 14:25:00+00:00,B3SA3.SA,15.380000114440918,15.399999618530273,15.34000015258789,15.350000381469727,2129200
2026-06-12 14:30:00+00:00,B3SA3.SA,15.350000381469727,15.430000305175781,15.350000381469727,15.399999618530273,9758500
2026-06-12 14:35:00+00:00,B3SA3.SA,15.390000343322754,15.40999984741211,15.350000381469727,15.380000114440918,606600
2026-06-12 14:40:00+00:00,B3SA3.SA,15.390000343322754,15.390000343322754,15.300000190734863,15.3100004196167,1402900
2026-06-12 14:45:00+00:00,B3SA3.SA,15.300000190734863,15.300000190734863,15.25,15.270000457763672,730800
2026-06-12 14:50:00+00:00,B3SA3.SA,15.260000228881836,15.359999656677246,15.239999771118164,15.34000015258789,687100
2026-06-12 14:55:00+00:00,B3SA3.SA,15.350000381469727,15.369999885559082,15.300000190734863,15.319999694824219,1686300
2026-06-12 15:00:00+00:00,B3SA3.SA,15.3100004196167,15.390000343322754,15.289999961853027,15.380000114440918,651100
2026-06-12 15:05:00+00:00,B3SA3.SA,15.380000114440918,15.420000076293945,15.359999656677246,15.399999618530273,236400
2026-06-12 15:10:00+00:00,B3SA3.SA,15.390000343322754,15.399999618530273,15.34000015258789,15.369999885559082,753500
2026-06-12 15:15:00+00:00,B3SA3.SA,15.359999656677246,15.369999885559082,15.319999694824219,15.329999923706055,231900
2026-06-12 15:20:00+00:00,B3SA3.SA,15.329999923706055,15.350000381469727,15.329999923706055,15.350000381469727,523500
2026-06-12 15:25:00+00:00,B3SA3.SA,15.34000015258789,15.369999885559082,15.319999694824219,15.359999656677246,324200
2026-06-12 15:30:00+00:00,B3SA3.SA,15.380000114440918,15.390000343322754,15.350000381469727,15.350000381469727,100900
2026-06-12 15:35:00+00:00,B3SA3.SA,15.359999656677246,15.380000114440918,15.279999732971191,15.300000190734863,769200
2026-06-12 15:40:00+00:00,B3SA3.SA,15.300000190734863,15.3100004196167,15.25,15.270000457763672,382000
2026-06-12 15:45:00+00:00,B3SA3.SA,15.260000228881836,15.3100004196167,15.260000228881836,15.3100004196167,466200
2026-06-12 15:50:00+00:00,B3SA3.SA,15.3100004196167,15.34000015258789,15.300000190734863,15.329999923706055,632200
2026-06-12 15:55:00+00:00,B3SA3.SA,15.329999923706055,15.34000015258789,15.300000190734863,15.3100004196167,67300
2026-06-12 16:00:00+00:00,B3SA3.SA,15.300000190734863,15.319999694824219,15.270000457763672,15.279999732971191,131100
2026-06-12 16:05:00+00:00,B3SA3.SA,15.279999732971191,15.300000190734863,15.270000457763672,15.300000190734863,72900
2026-06-12 16:10:00+00:00,B3SA3.SA,15.289999961853027,15.319999694824219,15.260000228881836,15.260000228881836,170100
2026-06-12 16:15:00+00:00,B3SA3.SA,15.260000228881836,15.279999732971191,15.210000038146973,15.210000038146973,854800
2026-06-12 16:20:00+00:00,B3SA3.SA,15.210000038146973,15.239999771118164,15.180000305175781,15.239999771118164,672700
2026-06-12 16:25:00+00:00,B3SA3.SA,15.239999771118164,15.239999771118164,15.199999809265137,15.199999809265137,1002400
2026-06-12 16:30:00+00:00,B3SA3.SA,15.199999809265137,15.220000267028809,15.140000343322754,15.140000343322754,981000
2026-06-12 16:35:00+00:00,B3SA3.SA,15.149999618530273,15.170000076293945,15.130000114440918,15.149999618530273,282500
2026-06-12 16:40:00+00:00,B3SA3.SA,15.140000343322754,15.170000076293945,15.140000343322754,15.140000343322754,202600
2026-06-12 16:45:00+00:00,B3SA3.SA,15.149999618530273,15.180000305175781,15.130000114440918,15.180000305175781,129300
2026-06-12 16:50:00+00:00,B3SA3.SA,15.170000076293945,15.1899995803833,15.15999984741211,15.1899995803833,124100
2026-06-12 16:55:00+00:00,B3SA3.SA,15.1899995803833,15.1899995803833,15.170000076293945,15.1899995803833,68700
2026-06-12 17:00:00+00:00,B3SA3.SA,15.1899995803833,15.199999809265137,15.180000305175781,15.1899995803833,114900
2026-06-12 17:05:00+00:00,B3SA3.SA,15.1899995803833,15.229999542236328,15.1899995803833,15.229999542236328,260300
2026-06-12 17:10:00+00:00,B3SA3.SA,15.220000267028809,15.25,15.210000038146973,15.25,771900
2026-06-12 17:15:00+00:00,B3SA3.SA,15.25,15.279999732971191,15.239999771118164,15.270000457763672,334500
2026-06-12 17:20:00+00:00,B3SA3.SA,15.279999732971191,15.3100004196167,15.270000457763672,15.289999961853027,93600
2026-06-12 17:25:00+00:00,B3SA3.SA,15.289999961853027,15.319999694824219,15.279999732971191,15.3100004196167,122900
2026-06-12 17:30:00+00:00,B3SA3.SA,15.319999694824219,15.319999694824219,15.279999732971191,15.279999732971191,61200
2026-06-12 17:35:00+00:00,B3SA3.SA,15.289999961853027,15.300000190734863,15.270000457763672,15.279999732971191,53400
2026-06-12 17:40:00+00:00,B3SA3.SA,15.270000457763672,15.279999732971191,15.25,15.260000228881836,104200
2026-06-12 17:45:00+00:00,B3SA3.SA,15.260000228881836,15.279999732971191,15.220000267028809,15.220000267028809,113200
2026-06-12 17:50:00+00:00,B3SA3.SA,15.229999542236328,15.239999771118164,15.210000038146973,15.229999542236328,106300
2026-06-12 17:55:00+00:00,B3SA3.SA,15.220000267028809,15.220000267028809,15.1899995803833,15.199999809265137,180600
2026-06-12 18:00:00+00:00,B3SA3.SA,15.199999809265137,15.210000038146973,15.170000076293945,15.180000305175781,96000
2026-06-12 18:05:00+00:00,B3SA3.SA,15.1899995803833,15.199999809265137,15.170000076293945,15.1899995803833,99200
2026-06-12 18:10:00+00:00,B3SA3.SA,15.180000305175781,15.210000038146973,15.180000305175781,15.210000038146973,127900
2026-06-12 18:15:00+00:00,B3SA3.SA,15.210000038146973,15.220000267028809,15.1899995803833,15.199999809265137,320400
2026-06-12 18:20:00+00:00,B3SA3.SA,15.210000038146973,15.220000267028809,15.1899995803833,15.210000038146973,158700
2026-06-12 18:25:00+00:00,B3SA3.SA,15.220000267028809,15.220000267028809,15.199999809265137,15.220000267028809,103900
2026-06-12 18:30:00+00:00,B3SA3.SA,15.220000267028809,15.229999542236328,15.1899995803833,15.1899995803833,90600
2026-06-12 18:35:00+00:00,B3SA3.SA,15.1899995803833,15.210000038146973,15.1899995803833,15.210000038146973,118100
2026-06-12 18:40:00+00:00,B3SA3.SA,15.210000038146973,15.210000038146973,15.1899995803833,15.1899995803833,109700
2026-06-12 18:45:00+00:00,B3SA3.SA,15.1899995803833,15.210000038146973,15.180000305175781,15.210000038146973,164300
2026-06-12 18:50:00+00:00,B3SA3.SA,15.199999809265137,15.229999542236328,15.1899995803833,15.229999542236328,282600
2026-06-12 18:55:00+00:00,B3SA3.SA,15.220000267028809,15.239999771118164,15.199999809265137,15.199999809265137,321800
2026-06-12 19:00:00+00:00,B3SA3.SA,15.1899995803833,15.220000267028809,15.1899995803833,15.210000038146973,116000
2026-06-12 19:05:00+00:00,B3SA3.SA,15.220000267028809,15.229999542236328,15.210000038146973,15.210000038146973,128400
2026-06-12 19:10:00+00:00,B3SA3.SA,15.210000038146973,15.239999771118164,15.210000038146973,15.220000267028809,196000
2026-06-12 19:15:00+00:00,B3SA3.SA,15.210000038146973,15.239999771118164,15.210000038146973,15.220000267028809,154400
2026-06-12 19:20:00+00:00,B3SA3.SA,15.229999542236328,15.229999542236328,15.220000267028809,15.220000267028809,109400
2026-06-12 19:25:00+00:00,B3SA3.SA,15.220000267028809,15.239999771118164,15.220000267028809,15.220000267028809,114100
2026-06-12 19:30:00+00:00,B3SA3.SA,15.220000267028809,15.229999542236328,15.199999809265137,15.220000267028809,200900
2026-06-12 19:35:00+00:00,B3SA3.SA,15.210000038146973,15.229999542236328,15.199999809265137,15.220000267028809,492400
2026-06-12 19:40:00+00:00,B3SA3.SA,15.210000038146973,15.229999542236328,15.210000038146973,15.210000038146973,253500
2026-06-12 19:45:00+00:00,B3SA3.SA,15.210000038146973,15.220000267028809,15.1899995803833,15.220000267028809,590000
2026-06-12 19:50:00+00:00,B3SA3.SA,15.220000267028809,15.229999542236328,15.210000038146973,15.229999542236328,205500
