datetime,ticker,open,high,low,close,volume
2026-03-17 13:00:00+00:00,CASH3.SA,3.369999885559082,3.369999885559082,3.3499999046325684,3.3499999046325684,0
2026-03-17 13:05:00+00:00,CASH3.SA,3.3499999046325684,3.380000114440918,3.3499999046325684,3.359999895095825,7200
2026-03-17 13:10:00+00:00,CASH3.SA,3.359999895095825,3.359999895095825,3.3499999046325684,3.359999895095825,75300
2026-03-17 13:15:00+00:00,CASH3.SA,3.359999895095825,3.359999895095825,3.3499999046325684,3.3499999046325684,34500
2026-03-17 13:20:00+00:00,CASH3.SA,3.3499999046325684,3.369999885559082,3.3499999046325684,3.359999895095825,16600
2026-03-17 13:25:00+00:00,CASH3.SA,3.369999885559082,3.380000114440918,3.369999885559082,3.380000114440918,6200
2026-03-17 13:30:00+00:00,CASH3.SA,3.380000114440918,3.380000114440918,3.369999885559082,3.380000114440918,5300
2026-03-17 13:35:00+00:00,CASH3.SA,3.369999885559082,3.4000000953674316,3.369999885559082,3.380000114440918,33100
2026-03-17 13:40:00+00:00,CASH3.SA,3.390000104904175,3.390000104904175,3.380000114440918,3.380000114440918,1500
2026-03-17 13:45:00+00:00,CASH3.SA,3.380000114440918,3.4000000953674316,3.380000114440918,3.390000104904175,16200
2026-03-17 13:50:00+00:00,CASH3.SA,3.390000104904175,3.390000104904175,3.390000104904175,3.390000104904175,0
2026-03-17 13:55:00+00:00,CASH3.SA,3.380000114440918,3.390000104904175,3.380000114440918,3.390000104904175,900
2026-03-17 14:00:00+00:00,CASH3.SA,3.380000114440918,3.380000114440918,3.380000114440918,3.380000114440918,100
2026-03-17 14:05:00+00:00,CASH3.SA,3.369999885559082,3.380000114440918,3.369999885559082,3.380000114440918,1400
2026-03-17 14:10:00+00:00,CASH3.SA,3.369999885559082,3.369999885559082,3.3499999046325684,3.359999895095825,13300
2026-03-17 14:15:00+00:00,CASH3.SA,3.369999885559082,3.369999885559082,3.369999885559082,3.369999885559082,0
2026-03-17 14:20:00+00:00,CASH3.SA,3.369999885559082,3.369999885559082,3.359999895095825,3.359999895095825,1000
2026-03-17 14:25:00+00:00,CASH3.SA,3.359999895095825,3.359999895095825,3.3499999046325684,3.359999895095825,3200
2026-03-17 14:30:00+00:00,CASH3.SA,3.3499999046325684,3.359999895095825,3.3499999046325684,3.359999895095825,2500
2026-03-17 14:35:00+00:00,CASH3.SA,3.3499999046325684,3.359999895095825,3.3399999141693115,3.359999895095825,55500
2026-03-17 14:40:00+00:00,CASH3.SA,3.3499999046325684,3.369999885559082,3.3399999141693115,3.369999885559082,10300
2026-03-17 14:45:00+00:00,CASH3.SA,3.369999885559082,3.369999885559082,3.3499999046325684,3.369999885559082,22200
2026-03-17 14:50:00+00:00,CASH3.SA,3.369999885559082,3.369999885559082,3.359999895095825,3.359999895095825,8600
2026-03-17 14:55:00+00:00,CASH3.SA,3.359999895095825,3.369999885559082,3.359999895095825,3.369999885559082,6800
2026-03-17 15:00:00+00:00,CASH3.SA,3.369999885559082,3.369999885559082,3.359999895095825,3.359999895095825,2500
2026-03-17 15:05:00+00:00,CASH3.SA,3.369999885559082,3.369999885559082,3.3499999046325684,3.3499999046325684,23000
2026-03-17 15:10:00+00:00,CASH3.SA,3.3499999046325684,3.359999895095825,3.3499999046325684,3.359999895095825,6500
2026-03-17 15:15:00+00:00,CASH3.SA,3.359999895095825,3.359999895095825,3.3399999141693115,3.3399999141693115,97400
2026-03-17 15:20:00+00:00,CASH3.SA,3.3399999141693115,3.3499999046325684,3.3299999237060547,3.3399999141693115,14700
2026-03-17 15:25:00+00:00,CASH3.SA,3.3499999046325684,3.3499999046325684,3.3399999141693115,3.3399999141693115,0
2026-03-17 15:30:00+00:00,CASH3.SA,3.3399999141693115,3.3399999141693115,3.3299999237060547,3.3399999141693115,4200
2026-03-17 15:35:00+00:00,CASH3.SA,3.3299999237060547,3.359999895095825,3.3299999237060547,3.359999895095825,57200
2026-03-17 15:40:00+00:00,CASH3.SA,3.359999895095825,3.380000114440918,3.3499999046325684,3.380000114440918,18800
2026-03-17 15:45:00+00:00,CASH3.SA,3.380000114440918,3.380000114440918,3.380000114440918,3.380000114440918,4400
2026-03-17 15:50:00+00:00,CASH3.SA,3.380000114440918,3.390000104904175,3.369999885559082,3.380000114440918,14100
2026-03-17 15:55:00+00:00,CASH3.SA,3.380000114440918,3.380000114440918,3.369999885559082,3.369999885559082,8100
2026-03-17 16:00:00+00:00,CASH3.SA,3.369999885559082,3.369999885559082,3.3499999046325684,3.359999895095825,5700
2026-03-17 16:05:00+00:00,CASH3.SA,3.359999895095825,3.359999895095825,3.3499999046325684,3.359999895095825,1400
2026-03-17 16:10:00+00:00,CASH3.SA,3.359999895095825,3.359999895095825,3.3499999046325684,3.359999895095825,6500
2026-03-17 16:15:00+00:00,CASH3.SA,3.359999895095825,3.369999885559082,3.359999895095825,3.359999895095825,7400
2026-03-17 16:20:00+00:00,CASH3.SA,3.359999895095825,3.359999895095825,3.3499999046325684,3.3499999046325684,13100
2026-03-17 16:25:00+00:00,CASH3.SA,3.359999895095825,3.359999895095825,3.3399999141693115,3.3399999141693115,3500
2026-03-17 16:30:00+00:00,CASH3.SA,3.3499999046325684,3.369999885559082,3.3399999141693115,3.359999895095825,53900
2026-03-17 16:35:00+00:00,CASH3.SA,3.359999895095825,3.359999895095825,3.3399999141693115,3.3399999141693115,13600
2026-03-17 16:40:00+00:00,CASH3.SA,3.3399999141693115,3.359999895095825,3.3399999141693115,3.359999895095825,7300
2026-03-17 16:45:00+00:00,CASH3.SA,3.359999895095825,3.359999895095825,3.3499999046325684,3.359999895095825,1000
2026-03-17 16:50:00+00:00,CASH3.SA,3.359999895095825,3.359999895095825,3.3399999141693115,3.3399999141693115,16400
2026-03-17 16:55:00+00:00,CASH3.SA,3.3499999046325684,3.3499999046325684,3.3399999141693115,3.3499999046325684,2800
2026-03-17 17:00:00+00:00,CASH3.SA,3.3499999046325684,3.359999895095825,3.3399999141693115,3.359999895095825,4500
2026-03-17 17:05:00+00:00,CASH3.SA,3.359999895095825,3.359999895095825,3.3499999046325684,3.359999895095825,1300
2026-03-17 17:10:00+00:00,CASH3.SA,3.359999895095825,3.359999895095825,3.3499999046325684,3.359999895095825,2000
2026-03-17 17:15:00+00:00,CASH3.SA,3.3499999046325684,3.359999895095825,3.3499999046325684,3.359999895095825,62100
2026-03-17 17:20:00+00:00,CASH3.SA,3.359999895095825,3.359999895095825,3.3499999046325684,3.359999895095825,1700
2026-03-17 17:25:00+00:00,CASH3.SA,3.3499999046325684,3.369999885559082,3.3499999046325684,3.369999885559082,13900
2026-03-17 17:30:00+00:00,CASH3.SA,3.369999885559082,3.369999885559082,3.3499999046325684,3.369999885559082,4200
2026-03-17 17:35:00+00:00,CASH3.SA,3.3499999046325684,3.369999885559082,3.3499999046325684,3.369999885559082,6500
2026-03-17 17:40:00+00:00,CASH3.SA,3.369999885559082,3.369999885559082,3.369999885559082,3.369999885559082,1200
2026-03-17 17:45:00+00:00,CASH3.SA,3.369999885559082,3.369999885559082,3.359999895095825,3.369999885559082,2700
2026-03-17 17:50:00+00:00,CASH3.SA,3.359999895095825,3.380000114440918,3.359999895095825,3.380000114440918,7500
2026-03-17 17:55:00+00:00,CASH3.SA,3.380000114440918,3.380000114440918,3.369999885559082,3.380000114440918,13300
2026-03-17 18:00:00+00:00,CASH3.SA,3.380000114440918,3.380000114440918,3.369999885559082,3.380000114440918,1300
2026-03-17 18:05:00+00:00,CASH3.SA,3.380000114440918,3.380000114440918,3.369999885559082,3.369999885559082,8600
2026-03-17 18:10:00+00:00,CASH3.SA,3.369999885559082,3.380000114440918,3.369999885559082,3.369999885559082,3700
2026-03-17 18:15:00+00:00,CASH3.SA,3.380000114440918,3.380000114440918,3.359999895095825,3.359999895095825,5800
2026-03-17 18:20:00+00:00,CASH3.SA,3.369999885559082,3.369999885559082,3.3499999046325684,3.359999895095825,16800
2026-03-17 18:25:00+00:00,CASH3.SA,3.359999895095825,3.359999895095825,3.3499999046325684,3.3499999046325684,19500
2026-03-17 18:30:00+00:00,CASH3.SA,3.3499999046325684,3.3499999046325684,3.3399999141693115,3.3499999046325684,1200
2026-03-17 18:35:00+00:00,CASH3.SA,3.3499999046325684,3.3499999046325684,3.3399999141693115,3.3399999141693115,2600
2026-03-17 18:40:00+00:00,CASH3.SA,3.3499999046325684,3.3499999046325684,3.3299999237060547,3.3299999237060547,22600
2026-03-17 18:45:00+00:00,CASH3.SA,3.3299999237060547,3.3499999046325684,3.3299999237060547,3.3499999046325684,13900
2026-03-17 18:50:00+00:00,CASH3.SA,3.3499999046325684,3.3499999046325684,3.3399999141693115,3.3499999046325684,1500
2026-03-17 18:55:00+00:00,CASH3.SA,3.3499999046325684,3.3499999046325684,3.3399999141693115,3.3399999141693115,2800
2026-03-17 19:00:00+00:00,CASH3.SA,3.3399999141693115,3.3499999046325684,3.3399999141693115,3.3499999046325684,2700
2026-03-17 19:05:00+00:00,CASH3.SA,3.3499999046325684,3.3499999046325684,3.3399999141693115,3.3499999046325684,3700
2026-03-17 19:10:00+00:00,CASH3.SA,3.3399999141693115,3.359999895095825,3.3399999141693115,3.359999895095825,9900
2026-03-17 19:15:00+00:00,CASH3.SA,3.359999895095825,3.359999895095825,3.3399999141693115,3.3399999141693115,2100
2026-03-17 19:20:00+00:00,CASH3.SA,3.3499999046325684,3.3499999046325684,3.3399999141693115,3.3499999046325684,6400
2026-03-17 19:25:00+00:00,CASH3.SA,3.3399999141693115,3.3499999046325684,3.3399999141693115,3.3399999141693115,3000
2026-03-17 19:30:00+00:00,CASH3.SA,3.3499999046325684,3.3499999046325684,3.3399999141693115,3.3399999141693115,8600
2026-03-17 19:35:00+00:00,CASH3.SA,3.3399999141693115,3.3499999046325684,3.3399999141693115,3.3399999141693115,3400
2026-03-17 19:40:00+00:00,CASH3.SA,3.3499999046325684,3.3499999046325684,3.3299999237060547,3.3499999046325684,24000
2026-03-17 19:45:00+00:00,CASH3.SA,3.3499999046325684,3.3499999046325684,3.3299999237060547,3.3299999237060547,9300
2026-03-17 19:50:00+00:00,CASH3.SA,3.3399999141693115,3.3399999141693115,3.309999942779541,3.3399999141693115,40000
2026-03-18 13:00:00+00:00,CASH3.SA,3.299999952316284,3.299999952316284,3.2899999618530273,3.2899999618530273,0
2026-03-18 13:05:00+00:00,CASH3.SA,3.2899999618530273,3.299999952316284,3.2799999713897705,3.2899999618530273,45300
2026-03-18 13:10:00+00:00,CASH3.SA,3.2899999618530273,3.2899999618530273,3.2799999713897705,3.2799999713897705,37400
2026-03-18 13:15:00+00:00,CASH3.SA,3.2799999713897705,3.2899999618530273,3.2799999713897705,3.2899999618530273,9300
2026-03-18 13:20:00+00:00,CASH3.SA,3.299999952316284,3.309999942779541,3.2899999618530273,3.2899999618530273,46200
2026-03-18 13:25:00+00:00,CASH3.SA,3.2899999618530273,3.2899999618530273,3.2799999713897705,3.2899999618530273,30100
2026-03-18 13:30:00+00:00,CASH3.SA,3.2799999713897705,3.2799999713897705,3.2799999713897705,3.2799999713897705,15400
2026-03-18 13:35:00+00:00,CASH3.SA,3.2899999618530273,3.2899999618530273,3.2799999713897705,3.2899999618530273,8200
2026-03-18 13:40:00+00:00,CASH3.SA,3.2899999618530273,3.2899999618530273,3.2899999618530273,3.2899999618530273,1200
2026-03-18 13:45:00+00:00,CASH3.SA,3.2899999618530273,3.309999942779541,3.2899999618530273,3.299999952316284,23200
2026-03-18 13:50:00+00:00,CASH3.SA,3.299999952316284,3.299999952316284,3.299999952316284,3.299999952316284,42400
2026-03-18 13:55:00+00:00,CASH3.SA,3.309999942779541,3.309999942779541,3.299999952316284,3.299999952316284,41900
2026-03-18 14:00:00+00:00,CASH3.SA,3.309999942779541,3.309999942779541,3.299999952316284,3.299999952316284,2800
2026-03-18 14:05:00+00:00,CASH3.SA,3.299999952316284,3.309999942779541,3.299999952316284,3.309999942779541,35900
2026-03-18 14:10:00+00:00,CASH3.SA,3.299999952316284,3.299999952316284,3.299999952316284,3.299999952316284,13900
2026-03-18 14:15:00+00:00,CASH3.SA,3.2899999618530273,3.2899999618530273,3.2899999618530273,3.2899999618530273,0
2026-03-18 14:20:00+00:00,CASH3.SA,3.299999952316284,3.299999952316284,3.299999952316284,3.299999952316284,1600
2026-03-18 14:25:00+00:00,CASH3.SA,3.299999952316284,3.309999942779541,3.2899999618530273,3.309999942779541,103600
2026-03-18 14:30:00+00:00,CASH3.SA,3.309999942779541,3.309999942779541,3.299999952316284,3.299999952316284,9000
2026-03-18 14:35:00+00:00,CASH3.SA,3.299999952316284,3.309999942779541,3.299999952316284,3.299999952316284,4700
2026-03-18 14:45:00+00:00,CASH3.SA,3.299999952316284,3.309999942779541,3.299999952316284,3.309999942779541,16300
2026-03-18 14:50:00+00:00,CASH3.SA,3.309999942779541,3.319999933242798,3.309999942779541,3.309999942779541,1500
2026-03-18 14:55:00+00:00,CASH3.SA,3.319999933242798,3.319999933242798,3.309999942779541,3.319999933242798,12900
2026-03-18 15:00:00+00:00,CASH3.SA,3.319999933242798,3.319999933242798,3.319999933242798,3.319999933242798,75700
2026-03-18 15:05:00+00:00,CASH3.SA,3.319999933242798,3.319999933242798,3.319999933242798,3.319999933242798,6400
2026-03-18 15:10:00+00:00,CASH3.SA,3.319999933242798,3.319999933242798,3.309999942779541,3.309999942779541,9300
2026-03-18 15:15:00+00:00,CASH3.SA,3.309999942779541,3.309999942779541,3.309999942779541,3.309999942779541,8500
2026-03-18 15:20:00+00:00,CASH3.SA,3.309999942779541,3.309999942779541,3.299999952316284,3.299999952316284,3500
2026-03-18 15:25:00+00:00,CASH3.SA,3.299999952316284,3.299999952316284,3.2899999618530273,3.2899999618530273,1900
2026-03-18 15:30:00+00:00,CASH3.SA,3.2899999618530273,3.2899999618530273,3.2899999618530273,3.2899999618530273,1300
2026-03-18 15:40:00+00:00,CASH3.SA,3.299999952316284,3.299999952316284,3.299999952316284,3.299999952316284,400
2026-03-18 15:45:00+00:00,CASH3.SA,3.299999952316284,3.299999952316284,3.299999952316284,3.299999952316284,1200
2026-03-18 15:50:00+00:00,CASH3.SA,3.299999952316284,3.299999952316284,3.2899999618530273,3.2899999618530273,300
2026-03-18 15:55:00+00:00,CASH3.SA,3.299999952316284,3.299999952316284,3.299999952316284,3.299999952316284,200
2026-03-18 16:00:00+00:00,CASH3.SA,3.2899999618530273,3.299999952316284,3.2899999618530273,3.299999952316284,700
2026-03-18 16:05:00+00:00,CASH3.SA,3.299999952316284,3.299999952316284,3.299999952316284,3.299999952316284,2000
2026-03-18 16:10:00+00:00,CASH3.SA,3.299999952316284,3.299999952316284,3.2899999618530273,3.299999952316284,400
2026-03-18 16:15:00+00:00,CASH3.SA,3.2899999618530273,3.2899999618530273,3.2899999618530273,3.2899999618530273,120000
2026-03-18 16:20:00+00:00,CASH3.SA,3.2899999618530273,3.2899999618530273,3.259999990463257,3.259999990463257,157800
2026-03-18 16:25:00+00:00,CASH3.SA,3.259999990463257,3.2699999809265137,3.259999990463257,3.2699999809265137,8800
2026-03-18 16:30:00+00:00,CASH3.SA,3.2699999809265137,3.2699999809265137,3.259999990463257,3.259999990463257,2000
2026-03-18 16:35:00+00:00,CASH3.SA,3.259999990463257,3.259999990463257,3.25,3.259999990463257,52700
2026-03-18 16:40:00+00:00,CASH3.SA,3.259999990463257,3.259999990463257,3.25,3.25,12400
2026-03-18 16:45:00+00:00,CASH3.SA,3.259999990463257,3.259999990463257,3.25,3.259999990463257,23800
2026-03-18 16:50:00+00:00,CASH3.SA,3.2699999809265137,3.2799999713897705,3.2699999809265137,3.2799999713897705,39000
2026-03-18 16:55:00+00:00,CASH3.SA,3.2799999713897705,3.2799999713897705,3.2699999809265137,3.2699999809265137,1400
2026-03-18 17:00:00+00:00,CASH3.SA,3.2799999713897705,3.2799999713897705,3.2699999809265137,3.2699999809265137,3900
2026-03-18 17:05:00+00:00,CASH3.SA,3.2699999809265137,3.2799999713897705,3.2699999809265137,3.2699999809265137,2600
2026-03-18 17:10:00+00:00,CASH3.SA,3.2699999809265137,3.2699999809265137,3.259999990463257,3.259999990463257,39600
2026-03-18 17:15:00+00:00,CASH3.SA,3.259999990463257,3.2699999809265137,3.259999990463257,3.2699999809265137,1700
2026-03-18 17:20:00+00:00,CASH3.SA,3.2699999809265137,3.2699999809265137,3.2699999809265137,3.2699999809265137,2100
2026-03-18 17:25:00+00:00,CASH3.SA,3.2699999809265137,3.2699999809265137,3.259999990463257,3.2699999809265137,600
2026-03-18 17:30:00+00:00,CASH3.SA,3.2699999809265137,3.2699999809265137,3.259999990463257,3.259999990463257,4000
2026-03-18 17:35:00+00:00,CASH3.SA,3.2699999809265137,3.2699999809265137,3.2699999809265137,3.2699999809265137,0
2026-03-18 17:40:00+00:00,CASH3.SA,3.2699999809265137,3.2699999809265137,3.259999990463257,3.259999990463257,600
2026-03-18 17:45:00+00:00,CASH3.SA,3.2699999809265137,3.2799999713897705,3.2699999809265137,3.2799999713897705,32700
2026-03-18 17:50:00+00:00,CASH3.SA,3.2699999809265137,3.2699999809265137,3.2699999809265137,3.2699999809265137,2200
2026-03-18 17:55:00+00:00,CASH3.SA,3.2699999809265137,3.2899999618530273,3.2699999809265137,3.2799999713897705,11300
2026-03-18 18:00:00+00:00,CASH3.SA,3.2799999713897705,3.2799999713897705,3.2699999809265137,3.2699999809265137,2100
2026-03-18 18:05:00+00:00,CASH3.SA,3.2799999713897705,3.2799999713897705,3.2699999809265137,3.2699999809265137,1700
2026-03-18 18:10:00+00:00,CASH3.SA,3.2899999618530273,3.2899999618530273,3.2799999713897705,3.2899999618530273,10700
2026-03-18 18:15:00+00:00,CASH3.SA,3.2799999713897705,3.2799999713897705,3.2699999809265137,3.2699999809265137,17400
2026-03-18 18:20:00+00:00,CASH3.SA,3.2699999809265137,3.2699999809265137,3.2699999809265137,3.2699999809265137,1000
2026-03-18 18:25:00+00:00,CASH3.SA,3.2799999713897705,3.2799999713897705,3.2699999809265137,3.2699999809265137,2900
2026-03-18 18:30:00+00:00,CASH3.SA,3.2699999809265137,3.2699999809265137,3.259999990463257,3.259999990463257,8200
2026-03-18 18:35:00+00:00,CASH3.SA,3.259999990463257,3.2699999809265137,3.259999990463257,3.259999990463257,9900
2026-03-18 18:40:00+00:00,CASH3.SA,3.259999990463257,3.2699999809265137,3.259999990463257,3.259999990463257,5700
2026-03-18 18:45:00+00:00,CASH3.SA,3.2699999809265137,3.2699999809265137,3.259999990463257,3.259999990463257,12800
2026-03-18 18:50:00+00:00,CASH3.SA,3.259999990463257,3.259999990463257,3.25,3.25,31200
2026-03-18 18:55:00+00:00,CASH3.SA,3.259999990463257,3.259999990463257,3.25,3.25,3400
2026-03-18 19:00:00+00:00,CASH3.SA,3.25,3.25,3.240000009536743,3.25,176100
2026-03-18 19:05:00+00:00,CASH3.SA,3.25,3.259999990463257,3.25,3.25,10300
2026-03-18 19:10:00+00:00,CASH3.SA,3.25,3.259999990463257,3.25,3.25,8100
2026-03-18 19:15:00+00:00,CASH3.SA,3.259999990463257,3.259999990463257,3.25,3.25,1000
2026-03-18 19:20:00+00:00,CASH3.SA,3.25,3.259999990463257,3.25,3.259999990463257,2300
2026-03-18 19:25:00+00:00,CASH3.SA,3.259999990463257,3.259999990463257,3.240000009536743,3.240000009536743,17600
2026-03-18 19:30:00+00:00,CASH3.SA,3.25,3.259999990463257,3.25,3.25,19400
2026-03-18 19:35:00+00:00,CASH3.SA,3.25,3.259999990463257,3.25,3.259999990463257,6500
2026-03-18 19:40:00+00:00,CASH3.SA,3.259999990463257,3.259999990463257,3.25,3.259999990463257,3800
2026-03-18 19:45:00+00:00,CASH3.SA,3.259999990463257,3.259999990463257,3.240000009536743,3.25,15100
2026-03-18 19:50:00+00:00,CASH3.SA,3.240000009536743,3.25,3.240000009536743,3.25,36300
2026-03-19 13:05:00+00:00,CASH3.SA,3.2799999713897705,3.309999942779541,3.25,3.2699999809265137,0
2026-03-19 13:10:00+00:00,CASH3.SA,3.2799999713897705,3.3299999237060547,3.2699999809265137,3.2799999713897705,137900
2026-03-19 13:15:00+00:00,CASH3.SA,3.299999952316284,3.299999952316284,3.2200000286102295,3.240000009536743,195600
2026-03-19 13:20:00+00:00,CASH3.SA,3.25,3.25,3.2100000381469727,3.2200000286102295,94900
2026-03-19 13:25:00+00:00,CASH3.SA,3.2100000381469727,3.2699999809265137,3.2100000381469727,3.259999990463257,69400
2026-03-19 13:30:00+00:00,CASH3.SA,3.25,3.3499999046325684,3.25,3.3299999237060547,179700
2026-03-19 13:35:00+00:00,CASH3.SA,3.3399999141693115,3.3499999046325684,3.319999933242798,3.3499999046325684,70800
2026-03-19 13:40:00+00:00,CASH3.SA,3.359999895095825,3.390000104904175,3.3399999141693115,3.380000114440918,290800
2026-03-19 13:45:00+00:00,CASH3.SA,3.390000104904175,3.4100000858306885,3.380000114440918,3.4000000953674316,144700
2026-03-19 13:50:00+00:00,CASH3.SA,3.4000000953674316,3.5299999713897705,3.4000000953674316,3.490000009536743,422800
2026-03-19 13:55:00+00:00,CASH3.SA,3.490000009536743,3.5,3.4600000381469727,3.490000009536743,63700
2026-03-19 14:00:00+00:00,CASH3.SA,3.4800000190734863,3.509999990463257,3.4600000381469727,3.4800000190734863,103500
2026-03-19 14:05:00+00:00,CASH3.SA,3.4800000190734863,3.5,3.4700000286102295,3.4700000286102295,15600
2026-03-19 14:10:00+00:00,CASH3.SA,3.4700000286102295,3.490000009536743,3.4700000286102295,3.4800000190734863,25800
2026-03-19 14:15:00+00:00,CASH3.SA,3.490000009536743,3.490000009536743,3.4800000190734863,3.4800000190734863,25800
2026-03-19 14:20:00+00:00,CASH3.SA,3.4800000190734863,3.5199999809265137,3.4700000286102295,3.4700000286102295,272000
2026-03-19 14:25:00+00:00,CASH3.SA,3.4700000286102295,3.4800000190734863,3.4600000381469727,3.4700000286102295,22500
2026-03-19 14:30:00+00:00,CASH3.SA,3.4700000286102295,3.490000009536743,3.4700000286102295,3.490000009536743,55200
2026-03-19 14:35:00+00:00,CASH3.SA,3.490000009536743,3.5,3.4700000286102295,3.4700000286102295,79100
2026-03-19 14:40:00+00:00,CASH3.SA,3.4700000286102295,3.490000009536743,3.4700000286102295,3.4800000190734863,26200
2026-03-19 14:45:00+00:00,CASH3.SA,3.4800000190734863,3.5,3.4800000190734863,3.4800000190734863,43500
2026-03-19 14:50:00+00:00,CASH3.SA,3.4800000190734863,3.490000009536743,3.4800000190734863,3.4800000190734863,2400
2026-03-19 14:55:00+00:00,CASH3.SA,3.4800000190734863,3.5,3.4700000286102295,3.4700000286102295,37000
2026-03-19 15:00:00+00:00,CASH3.SA,3.4700000286102295,3.4800000190734863,3.4700000286102295,3.4800000190734863,80600
2026-03-19 15:05:00+00:00,CASH3.SA,3.490000009536743,3.509999990463257,3.4600000381469727,3.5,115400
2026-03-19 15:10:00+00:00,CASH3.SA,3.490000009536743,3.5199999809265137,3.490000009536743,3.5199999809265137,30100
2026-03-19 15:15:00+00:00,CASH3.SA,3.5199999809265137,3.5199999809265137,3.509999990463257,3.5199999809265137,14900
2026-03-19 15:20:00+00:00,CASH3.SA,3.509999990463257,3.5199999809265137,3.509999990463257,3.509999990463257,17300
2026-03-19 15:25:00+00:00,CASH3.SA,3.509999990463257,3.5199999809265137,3.5,3.509999990463257,21400
2026-03-19 15:30:00+00:00,CASH3.SA,3.509999990463257,3.5199999809265137,3.490000009536743,3.5,76200
2026-03-19 15:35:00+00:00,CASH3.SA,3.490000009536743,3.5,3.490000009536743,3.490000009536743,9100
2026-03-19 15:40:00+00:00,CASH3.SA,3.490000009536743,3.490000009536743,3.4800000190734863,3.4800000190734863,22500
2026-03-19 15:45:00+00:00,CASH3.SA,3.4800000190734863,3.5,3.4800000190734863,3.5,14900
2026-03-19 15:50:00+00:00,CASH3.SA,3.490000009536743,3.5,3.490000009536743,3.490000009536743,16700
2026-03-19 15:55:00+00:00,CASH3.SA,3.4800000190734863,3.5,3.4800000190734863,3.4800000190734863,40200
2026-03-19 16:00:00+00:00,CASH3.SA,3.4800000190734863,3.549999952316284,3.4800000190734863,3.5299999713897705,212200
2026-03-19 16:05:00+00:00,CASH3.SA,3.5299999713897705,3.549999952316284,3.5299999713897705,3.5399999618530273,20200
2026-03-19 16:10:00+00:00,CASH3.SA,3.5399999618530273,3.5799999237060547,3.5299999713897705,3.569999933242798,164000
2026-03-19 16:15:00+00:00,CASH3.SA,3.569999933242798,3.5799999237060547,3.5199999809265137,3.5199999809265137,143400
2026-03-19 16:20:00+00:00,CASH3.SA,3.5199999809265137,3.5199999809265137,3.5,3.5,23800
2026-03-19 16:25:00+00:00,CASH3.SA,3.509999990463257,3.5199999809265137,3.509999990463257,3.5199999809265137,13300
2026-03-19 16:30:00+00:00,CASH3.SA,3.5199999809265137,3.5199999809265137,3.4800000190734863,3.4800000190734863,35100
2026-03-19 16:35:00+00:00,CASH3.SA,3.4800000190734863,3.4800000190734863,3.440000057220459,3.450000047683716,55000
2026-03-19 16:40:00+00:00,CASH3.SA,3.4600000381469727,3.4700000286102295,3.450000047683716,3.450000047683716,19300
2026-03-19 16:45:00+00:00,CASH3.SA,3.4600000381469727,3.4600000381469727,3.450000047683716,3.450000047683716,11400
2026-03-19 16:50:00+00:00,CASH3.SA,3.450000047683716,3.4700000286102295,3.450000047683716,3.4700000286102295,41000
2026-03-19 16:55:00+00:00,CASH3.SA,3.4700000286102295,3.4700000286102295,3.4600000381469727,3.4700000286102295,13100
2026-03-19 17:00:00+00:00,CASH3.SA,3.4700000286102295,3.4700000286102295,3.4600000381469727,3.4600000381469727,6400
2026-03-19 17:05:00+00:00,CASH3.SA,3.450000047683716,3.4600000381469727,3.440000057220459,3.450000047683716,23300
2026-03-19 17:10:00+00:00,CASH3.SA,3.440000057220459,3.450000047683716,3.440000057220459,3.440000057220459,25500
2026-03-19 17:15:00+00:00,CASH3.SA,3.440000057220459,3.4600000381469727,3.440000057220459,3.450000047683716,15500
2026-03-19 17:20:00+00:00,CASH3.SA,3.450000047683716,3.4700000286102295,3.450000047683716,3.4600000381469727,6300
2026-03-19 17:25:00+00:00,CASH3.SA,3.4600000381469727,3.4700000286102295,3.4600000381469727,3.4600000381469727,4500
2026-03-19 17:30:00+00:00,CASH3.SA,3.4600000381469727,3.490000009536743,3.4600000381469727,3.4700000286102295,29200
2026-03-19 17:35:00+00:00,CASH3.SA,3.4700000286102295,3.5,3.4700000286102295,3.490000009536743,28000
2026-03-19 17:40:00+00:00,CASH3.SA,3.5,3.5,3.490000009536743,3.490000009536743,24100
2026-03-19 17:45:00+00:00,CASH3.SA,3.5,3.5299999713897705,3.5,3.5199999809265137,57100
2026-03-19 17:50:00+00:00,CASH3.SA,3.5199999809265137,3.5399999618530273,3.5199999809265137,3.5299999713897705,25000
2026-03-19 17:55:00+00:00,CASH3.SA,3.5299999713897705,3.5399999618530273,3.5199999809265137,3.5299999713897705,14300
2026-03-19 18:00:00+00:00,CASH3.SA,3.5399999618530273,3.5399999618530273,3.5199999809265137,3.5199999809265137,36600
2026-03-19 18:05:00+00:00,CASH3.SA,3.5199999809265137,3.5199999809265137,3.5199999809265137,3.5199999809265137,1100
2026-03-19 18:10:00+00:00,CASH3.SA,3.5299999713897705,3.549999952316284,3.5299999713897705,3.5399999618530273,57800
2026-03-19 18:15:00+00:00,CASH3.SA,3.549999952316284,3.549999952316284,3.5399999618530273,3.5399999618530273,30200
2026-03-19 18:20:00+00:00,CASH3.SA,3.5399999618530273,3.5799999237060547,3.5399999618530273,3.559999942779541,98500
2026-03-19 18:25:00+00:00,CASH3.SA,3.559999942779541,3.569999933242798,3.559999942779541,3.559999942779541,8000
2026-03-19 18:30:00+00:00,CASH3.SA,3.559999942779541,3.569999933242798,3.559999942779541,3.559999942779541,15400
2026-03-19 18:35:00+00:00,CASH3.SA,3.559999942779541,3.559999942779541,3.549999952316284,3.559999942779541,40800
2026-03-19 18:40:00+00:00,CASH3.SA,3.549999952316284,3.559999942779541,3.549999952316284,3.549999952316284,14100
2026-03-19 18:45:00+00:00,CASH3.SA,3.549999952316284,3.559999942779541,3.549999952316284,3.549999952316284,54800
2026-03-19 18:50:00+00:00,CASH3.SA,3.559999942779541,3.569999933242798,3.549999952316284,3.569999933242798,118700
2026-03-19 18:55:00+00:00,CASH3.SA,3.559999942779541,3.5799999237060547,3.559999942779541,3.569999933242798,37400
2026-03-19 19:00:00+00:00,CASH3.SA,3.569999933242798,3.5999999046325684,3.569999933242798,3.5999999046325684,193200
2026-03-19 19:15:00+00:00,CASH3.SA,3.5999999046325684,3.680000066757202,3.5899999141693115,3.6700000762939453,264300
2026-03-19 19:20:00+00:00,CASH3.SA,3.6700000762939453,3.6700000762939453,3.640000104904175,3.6500000953674316,86500
2026-03-19 19:25:00+00:00,CASH3.SA,3.6500000953674316,3.6600000858306885,3.619999885559082,3.640000104904175,83700
2026-03-19 19:30:00+00:00,CASH3.SA,3.640000104904175,3.640000104904175,3.630000114440918,3.630000114440918,8000
2026-03-19 19:35:00+00:00,CASH3.SA,3.630000114440918,3.6500000953674316,3.630000114440918,3.640000104904175,66800
2026-03-19 19:40:00+00:00,CASH3.SA,3.6500000953674316,3.7100000381469727,3.640000104904175,3.700000047683716,234400
2026-03-19 19:45:00+00:00,CASH3.SA,3.7100000381469727,3.7100000381469727,3.6700000762939453,3.6700000762939453,50600
2026-03-19 19:50:00+00:00,CASH3.SA,3.6600000858306885,3.6700000762939453,3.640000104904175,3.640000104904175,26800
2026-03-20 13:00:00+00:00,CASH3.SA,3.619999885559082,3.619999885559082,3.5799999237060547,3.5999999046325684,0
2026-03-20 13:05:00+00:00,CASH3.SA,3.5799999237060547,3.5999999046325684,3.509999990463257,3.5899999141693115,84200
2026-03-20 13:10:00+00:00,CASH3.SA,3.5899999141693115,3.680000066757202,3.5899999141693115,3.6700000762939453,50700
2026-03-20 13:15:00+00:00,CASH3.SA,3.680000066757202,3.680000066757202,3.630000114440918,3.6600000858306885,20900
2026-03-20 13:20:00+00:00,CASH3.SA,3.6600000858306885,3.7699999809265137,3.6600000858306885,3.740000009536743,153200
2026-03-20 13:25:00+00:00,CASH3.SA,3.7200000286102295,3.75,3.680000066757202,3.7200000286102295,217700
2026-03-20 13:30:00+00:00,CASH3.SA,3.7200000286102295,3.7799999713897705,3.700000047683716,3.7699999809265137,153900
2026-03-20 13:35:00+00:00,CASH3.SA,3.75,3.75,3.680000066757202,3.700000047683716,35000
2026-03-20 13:40:00+00:00,CASH3.SA,3.700000047683716,3.700000047683716,3.6700000762939453,3.680000066757202,34600
2026-03-20 13:45:00+00:00,CASH3.SA,3.690000057220459,3.690000057220459,3.6700000762939453,3.6700000762939453,20000
2026-03-20 13:50:00+00:00,CASH3.SA,3.6600000858306885,3.6600000858306885,3.640000104904175,3.640000104904175,47400
2026-03-20 13:55:00+00:00,CASH3.SA,3.640000104904175,3.6700000762939453,3.619999885559082,3.6700000762939453,46100
2026-03-20 14:00:00+00:00,CASH3.SA,3.6600000858306885,3.6600000858306885,3.6500000953674316,3.6500000953674316,8900
2026-03-20 14:05:00+00:00,CASH3.SA,3.6600000858306885,3.6600000858306885,3.6500000953674316,3.6500000953674316,22100
2026-03-20 14:10:00+00:00,CASH3.SA,3.6500000953674316,3.6700000762939453,3.609999895095825,3.609999895095825,48600
2026-03-20 14:15:00+00:00,CASH3.SA,3.609999895095825,3.640000104904175,3.609999895095825,3.619999885559082,71600
2026-03-20 14:20:00+00:00,CASH3.SA,3.619999885559082,3.640000104904175,3.609999895095825,3.619999885559082,36900
2026-03-20 14:25:00+00:00,CASH3.SA,3.630000114440918,3.640000104904175,3.630000114440918,3.630000114440918,17100
2026-03-20 14:30:00+00:00,CASH3.SA,3.630000114440918,3.6600000858306885,3.630000114440918,3.640000104904175,30700
2026-03-20 14:35:00+00:00,CASH3.SA,3.640000104904175,3.6500000953674316,3.630000114440918,3.640000104904175,2800
2026-03-20 14:40:00+00:00,CASH3.SA,3.630000114440918,3.640000104904175,3.619999885559082,3.640000104904175,23100
2026-03-20 14:45:00+00:00,CASH3.SA,3.640000104904175,3.6500000953674316,3.640000104904175,3.640000104904175,21200
2026-03-20 14:50:00+00:00,CASH3.SA,3.6600000858306885,3.6600000858306885,3.6500000953674316,3.6500000953674316,14600
2026-03-20 14:55:00+00:00,CASH3.SA,3.6600000858306885,3.680000066757202,3.6600000858306885,3.680000066757202,38500
2026-03-20 15:00:00+00:00,CASH3.SA,3.680000066757202,3.700000047683716,3.6700000762939453,3.6700000762939453,32400
2026-03-20 15:05:00+00:00,CASH3.SA,3.680000066757202,3.700000047683716,3.680000066757202,3.680000066757202,63400
2026-03-20 15:10:00+00:00,CASH3.SA,3.680000066757202,3.680000066757202,3.640000104904175,3.6600000858306885,35600
2026-03-20 15:15:00+00:00,CASH3.SA,3.6600000858306885,3.6600000858306885,3.6500000953674316,3.6500000953674316,13400
2026-03-20 15:20:00+00:00,CASH3.SA,3.6600000858306885,3.690000057220459,3.6500000953674316,3.6700000762939453,60600
2026-03-20 15:25:00+00:00,CASH3.SA,3.6700000762939453,3.680000066757202,3.6700000762939453,3.680000066757202,2100
2026-03-20 15:30:00+00:00,CASH3.SA,3.6700000762939453,3.680000066757202,3.6700000762939453,3.6700000762939453,4100
2026-03-20 15:35:00+00:00,CASH3.SA,3.680000066757202,3.680000066757202,3.6700000762939453,3.6700000762939453,7600
2026-03-20 15:40:00+00:00,CASH3.SA,3.680000066757202,3.690000057220459,3.6700000762939453,3.690000057220459,12500
2026-03-20 15:45:00+00:00,CASH3.SA,3.680000066757202,3.680000066757202,3.6700000762939453,3.6700000762939453,10400
2026-03-20 15:50:00+00:00,CASH3.SA,3.680000066757202,3.690000057220459,3.6700000762939453,3.6700000762939453,7000
2026-03-20 15:55:00+00:00,CASH3.SA,3.6700000762939453,3.6700000762939453,3.6600000858306885,3.6600000858306885,8300
2026-03-20 16:00:00+00:00,CASH3.SA,3.6600000858306885,3.6600000858306885,3.6500000953674316,3.6500000953674316,14600
2026-03-20 16:05:00+00:00,CASH3.SA,3.6600000858306885,3.6600000858306885,3.630000114440918,3.630000114440918,26500
2026-03-20 16:10:00+00:00,CASH3.SA,3.630000114440918,3.640000104904175,3.630000114440918,3.630000114440918,13300
2026-03-20 16:15:00+00:00,CASH3.SA,3.630000114440918,3.640000104904175,3.609999895095825,3.640000104904175,64500
2026-03-20 16:20:00+00:00,CASH3.SA,3.6500000953674316,3.6500000953674316,3.630000114440918,3.6500000953674316,21800
2026-03-20 16:25:00+00:00,CASH3.SA,3.640000104904175,3.6500000953674316,3.619999885559082,3.619999885559082,21400
2026-03-20 16:30:00+00:00,CASH3.SA,3.619999885559082,3.619999885559082,3.5899999141693115,3.619999885559082,56400
2026-03-20 16:35:00+00:00,CASH3.SA,3.630000114440918,3.630000114440918,3.619999885559082,3.619999885559082,600
2026-03-20 16:40:00+00:00,CASH3.SA,3.619999885559082,3.630000114440918,3.619999885559082,3.619999885559082,1900
2026-03-20 16:45:00+00:00,CASH3.SA,3.619999885559082,3.630000114440918,3.619999885559082,3.619999885559082,3800
2026-03-20 16:50:00+00:00,CASH3.SA,3.619999885559082,3.630000114440918,3.619999885559082,3.619999885559082,3200
2026-03-20 16:55:00+00:00,CASH3.SA,3.619999885559082,3.640000104904175,3.619999885559082,3.630000114440918,13000
2026-03-20 17:00:00+00:00,CASH3.SA,3.630000114440918,3.640000104904175,3.630000114440918,3.640000104904175,2000
2026-03-20 17:05:00+00:00,CASH3.SA,3.630000114440918,3.640000104904175,3.619999885559082,3.630000114440918,80000
2026-03-20 17:10:00+00:00,CASH3.SA,3.630000114440918,3.6600000858306885,3.630000114440918,3.640000104904175,81300
2026-03-20 17:15:00+00:00,CASH3.SA,3.640000104904175,3.640000104904175,3.630000114440918,3.640000104904175,2400
2026-03-20 17:20:00+00:00,CASH3.SA,3.640000104904175,3.640000104904175,3.619999885559082,3.619999885559082,49300
2026-03-20 17:25:00+00:00,CASH3.SA,3.619999885559082,3.630000114440918,3.619999885559082,3.619999885559082,6200
2026-03-20 17:30:00+00:00,CASH3.SA,3.619999885559082,3.630000114440918,3.609999895095825,3.630000114440918,16000
2026-03-20 17:35:00+00:00,CASH3.SA,3.619999885559082,3.640000104904175,3.619999885559082,3.630000114440918,26200
2026-03-20 17:40:00+00:00,CASH3.SA,3.630000114440918,3.630000114440918,3.559999942779541,3.5899999141693115,150900
2026-03-20 17:45:00+00:00,CASH3.SA,3.5899999141693115,3.5999999046325684,3.5799999237060547,3.5799999237060547,17400
2026-03-20 17:50:00+00:00,CASH3.SA,3.5799999237060547,3.5799999237060547,3.569999933242798,3.569999933242798,14800
2026-03-20 17:55:00+00:00,CASH3.SA,3.569999933242798,3.5899999141693115,3.569999933242798,3.5799999237060547,22500
2026-03-20 18:00:00+00:00,CASH3.SA,3.5899999141693115,3.5899999141693115,3.549999952316284,3.5799999237060547,58300
2026-03-20 18:05:00+00:00,CASH3.SA,3.569999933242798,3.5799999237060547,3.569999933242798,3.569999933242798,1000
2026-03-20 18:10:00+00:00,CASH3.SA,3.569999933242798,3.569999933242798,3.559999942779541,3.569999933242798,14700
2026-03-20 18:15:00+00:00,CASH3.SA,3.559999942779541,3.569999933242798,3.559999942779541,3.559999942779541,5200
2026-03-20 18:20:00+00:00,CASH3.SA,3.569999933242798,3.569999933242798,3.5299999713897705,3.5399999618530273,273900
2026-03-20 18:25:00+00:00,CASH3.SA,3.5399999618530273,3.5399999618530273,3.5,3.509999990463257,52600
2026-03-20 18:30:00+00:00,CASH3.SA,3.5199999809265137,3.5199999809265137,3.509999990463257,3.509999990463257,19100
2026-03-20 18:35:00+00:00,CASH3.SA,3.509999990463257,3.5199999809265137,3.4800000190734863,3.509999990463257,181600
2026-03-20 18:40:00+00:00,CASH3.SA,3.509999990463257,3.509999990463257,3.5,3.5,20400
2026-03-20 18:45:00+00:00,CASH3.SA,3.5,3.5,3.450000047683716,3.4700000286102295,103200
2026-03-20 18:50:00+00:00,CASH3.SA,3.4800000190734863,3.5299999713897705,3.4800000190734863,3.509999990463257,201000
2026-03-20 18:55:00+00:00,CASH3.SA,3.5,3.509999990463257,3.490000009536743,3.5,4800
2026-03-20 19:00:00+00:00,CASH3.SA,3.490000009536743,3.5299999713897705,3.490000009536743,3.5299999713897705,43900
2026-03-20 19:05:00+00:00,CASH3.SA,3.5299999713897705,3.549999952316284,3.5299999713897705,3.5299999713897705,22900
2026-03-20 19:10:00+00:00,CASH3.SA,3.5299999713897705,3.5399999618530273,3.5299999713897705,3.5299999713897705,5500
2026-03-20 19:15:00+00:00,CASH3.SA,3.5299999713897705,3.549999952316284,3.5199999809265137,3.5199999809265137,43600
2026-03-20 19:20:00+00:00,CASH3.SA,3.5199999809265137,3.5299999713897705,3.509999990463257,3.509999990463257,58400
2026-03-20 19:25:00+00:00,CASH3.SA,3.5,3.509999990463257,3.5,3.5,3400
2026-03-20 19:30:00+00:00,CASH3.SA,3.5,3.5199999809265137,3.5,3.509999990463257,12200
2026-03-20 19:35:00+00:00,CASH3.SA,3.5199999809265137,3.5199999809265137,3.490000009536743,3.490000009536743,46100
2026-03-20 19:40:00+00:00,CASH3.SA,3.490000009536743,3.509999990463257,3.490000009536743,3.509999990463257,32600
2026-03-20 19:45:00+00:00,CASH3.SA,3.5199999809265137,3.549999952316284,3.5,3.5199999809265137,68300
2026-03-23 13:00:00+00:00,CASH3.SA,3.5999999046325684,3.619999885559082,3.5999999046325684,3.609999895095825,0
2026-03-23 13:05:00+00:00,CASH3.SA,3.609999895095825,3.619999885559082,3.5899999141693115,3.5999999046325684,46700
2026-03-23 13:10:00+00:00,CASH3.SA,3.609999895095825,3.619999885559082,3.5399999618530273,3.549999952316284,149000
2026-03-23 13:15:00+00:00,CASH3.SA,3.559999942779541,3.5799999237060547,3.5199999809265137,3.549999952316284,178200
2026-03-23 13:20:00+00:00,CASH3.SA,3.549999952316284,3.630000114440918,3.549999952316284,3.619999885559082,172800
2026-03-23 13:25:00+00:00,CASH3.SA,3.609999895095825,3.630000114440918,3.5999999046325684,3.630000114440918,2500
2026-03-23 13:30:00+00:00,CASH3.SA,3.630000114440918,3.630000114440918,3.5899999141693115,3.5999999046325684,19800
2026-03-23 13:35:00+00:00,CASH3.SA,3.5899999141693115,3.5899999141693115,3.5399999618530273,3.5799999237060547,156900
2026-03-23 13:40:00+00:00,CASH3.SA,3.5899999141693115,3.619999885559082,3.5899999141693115,3.5999999046325684,17500
2026-03-23 13:45:00+00:00,CASH3.SA,3.5999999046325684,3.630000114440918,3.5999999046325684,3.630000114440918,49100
2026-03-23 13:50:00+00:00,CASH3.SA,3.640000104904175,3.6600000858306885,3.640000104904175,3.6600000858306885,39400
2026-03-23 13:55:00+00:00,CASH3.SA,3.6600000858306885,3.6700000762939453,3.640000104904175,3.6700000762939453,18200
2026-03-23 14:00:00+00:00,CASH3.SA,3.6700000762939453,3.6700000762939453,3.6500000953674316,3.6500000953674316,48100
2026-03-23 14:05:00+00:00,CASH3.SA,3.640000104904175,3.6500000953674316,3.640000104904175,3.640000104904175,17100
2026-03-23 14:10:00+00:00,CASH3.SA,3.6500000953674316,3.6600000858306885,3.6500000953674316,3.6500000953674316,17300
2026-03-23 14:15:00+00:00,CASH3.SA,3.640000104904175,3.680000066757202,3.640000104904175,3.6700000762939453,39800
2026-03-23 14:20:00+00:00,CASH3.SA,3.6700000762939453,3.700000047683716,3.6700000762939453,3.690000057220459,43100
2026-03-23 14:25:00+00:00,CASH3.SA,3.680000066757202,3.680000066757202,3.6700000762939453,3.680000066757202,4800
2026-03-23 14:30:00+00:00,CASH3.SA,3.6700000762939453,3.6700000762939453,3.6600000858306885,3.6700000762939453,8900
2026-03-23 14:35:00+00:00,CASH3.SA,3.6700000762939453,3.680000066757202,3.6600000858306885,3.680000066757202,4300
2026-03-23 14:40:00+00:00,CASH3.SA,3.680000066757202,3.680000066757202,3.6500000953674316,3.6600000858306885,66000
2026-03-23 14:45:00+00:00,CASH3.SA,3.6500000953674316,3.6500000953674316,3.630000114440918,3.630000114440918,53300
2026-03-23 14:50:00+00:00,CASH3.SA,3.619999885559082,3.6500000953674316,3.619999885559082,3.6500000953674316,23300
2026-03-23 14:55:00+00:00,CASH3.SA,3.6600000858306885,3.6600000858306885,3.6500000953674316,3.6500000953674316,3000
2026-03-23 15:00:00+00:00,CASH3.SA,3.6500000953674316,3.6700000762939453,3.6500000953674316,3.6600000858306885,9400
2026-03-23 15:05:00+00:00,CASH3.SA,3.6600000858306885,3.6700000762939453,3.6600000858306885,3.6700000762939453,4000
2026-03-23 15:10:00+00:00,CASH3.SA,3.6700000762939453,3.680000066757202,3.6600000858306885,3.6700000762939453,8400
2026-03-23 15:15:00+00:00,CASH3.SA,3.6700000762939453,3.6700000762939453,3.6600000858306885,3.6600000858306885,5300
2026-03-23 15:20:00+00:00,CASH3.SA,3.6600000858306885,3.6700000762939453,3.6600000858306885,3.6700000762939453,8000
2026-03-23 15:25:00+00:00,CASH3.SA,3.6700000762939453,3.6700000762939453,3.6600000858306885,3.6700000762939453,2200
2026-03-23 15:30:00+00:00,CASH3.SA,3.6700000762939453,3.680000066757202,3.6700000762939453,3.680000066757202,7700
2026-03-23 15:35:00+00:00,CASH3.SA,3.6700000762939453,3.680000066757202,3.6600000858306885,3.6600000858306885,24800
2026-03-23 15:40:00+00:00,CASH3.SA,3.6600000858306885,3.6600000858306885,3.630000114440918,3.640000104904175,38300
2026-03-23 15:45:00+00:00,CASH3.SA,3.640000104904175,3.6500000953674316,3.640000104904175,3.640000104904175,4400
2026-03-23 15:50:00+00:00,CASH3.SA,3.640000104904175,3.6500000953674316,3.640000104904175,3.6500000953674316,10600
2026-03-23 15:55:00+00:00,CASH3.SA,3.640000104904175,3.640000104904175,3.640000104904175,3.640000104904175,1900
2026-03-23 16:00:00+00:00,CASH3.SA,3.640000104904175,3.640000104904175,3.630000114440918,3.630000114440918,16500
2026-03-23 16:05:00+00:00,CASH3.SA,3.630000114440918,3.630000114440918,3.630000114440918,3.630000114440918,5500
2026-03-23 16:10:00+00:00,CASH3.SA,3.630000114440918,3.7200000286102295,3.630000114440918,3.7100000381469727,152000
2026-03-23 16:15:00+00:00,CASH3.SA,3.7100000381469727,3.7300000190734863,3.7100000381469727,3.7300000190734863,7600
2026-03-23 16:20:00+00:00,CASH3.SA,3.7200000286102295,3.7300000190734863,3.7200000286102295,3.7300000190734863,31600
2026-03-23 16:25:00+00:00,CASH3.SA,3.7200000286102295,3.7200000286102295,3.7200000286102295,3.7200000286102295,20900
2026-03-23 16:30:00+00:00,CASH3.SA,3.7200000286102295,3.7300000190734863,3.7200000286102295,3.7200000286102295,7400
2026-03-23 16:35:00+00:00,CASH3.SA,3.7300000190734863,3.740000009536743,3.7200000286102295,3.7200000286102295,22800
2026-03-23 16:40:00+00:00,CASH3.SA,3.7300000190734863,3.75,3.7300000190734863,3.740000009536743,50600
2026-03-23 16:45:00+00:00,CASH3.SA,3.740000009536743,3.740000009536743,3.740000009536743,3.740000009536743,11500
2026-03-23 16:50:00+00:00,CASH3.SA,3.7300000190734863,3.7300000190734863,3.7200000286102295,3.7300000190734863,9800
2026-03-23 16:55:00+00:00,CASH3.SA,3.7200000286102295,3.7200000286102295,3.7100000381469727,3.7100000381469727,11200
2026-03-23 17:00:00+00:00,CASH3.SA,3.7200000286102295,3.7200000286102295,3.7200000286102295,3.7200000286102295,7700
2026-03-23 17:05:00+00:00,CASH3.SA,3.7100000381469727,3.7200000286102295,3.7100000381469727,3.7200000286102295,8700
2026-03-23 17:10:00+00:00,CASH3.SA,3.7200000286102295,3.7200000286102295,3.7200000286102295,3.7200000286102295,0
2026-03-23 17:15:00+00:00,CASH3.SA,3.7200000286102295,3.7300000190734863,3.7200000286102295,3.7300000190734863,26800
2026-03-23 17:20:00+00:00,CASH3.SA,3.7300000190734863,3.7300000190734863,3.7100000381469727,3.7200000286102295,35900
2026-03-23 17:25:00+00:00,CASH3.SA,3.7300000190734863,3.7300000190734863,3.7300000190734863,3.7300000190734863,15800
2026-03-23 17:30:00+00:00,CASH3.SA,3.7300000190734863,3.75,3.7200000286102295,3.740000009536743,73400
2026-03-23 17:35:00+00:00,CASH3.SA,3.75,3.75,3.700000047683716,3.700000047683716,105300
2026-03-23 17:40:00+00:00,CASH3.SA,3.7100000381469727,3.7200000286102295,3.700000047683716,3.7100000381469727,26900
2026-03-23 17:45:00+00:00,CASH3.SA,3.7100000381469727,3.7200000286102295,3.7100000381469727,3.7100000381469727,5200
2026-03-23 17:50:00+00:00,CASH3.SA,3.7100000381469727,3.7200000286102295,3.7100000381469727,3.7200000286102295,3500
2026-03-23 17:55:00+00:00,CASH3.SA,3.7200000286102295,3.7200000286102295,3.7200000286102295,3.7200000286102295,800
2026-03-23 18:00:00+00:00,CASH3.SA,3.7200000286102295,3.7300000190734863,3.7200000286102295,3.7200000286102295,14300
2026-03-23 18:05:00+00:00,CASH3.SA,3.7200000286102295,3.7300000190734863,3.7100000381469727,3.7100000381469727,11800
2026-03-23 18:10:00+00:00,CASH3.SA,3.7200000286102295,3.7200000286102295,3.7100000381469727,3.7200000286102295,11300
2026-03-23 18:15:00+00:00,CASH3.SA,3.7200000286102295,3.7200000286102295,3.7200000286102295,3.7200000286102295,12500
2026-03-23 18:20:00+00:00,CASH3.SA,3.7200000286102295,3.7300000190734863,3.7200000286102295,3.7200000286102295,3300
2026-03-23 18:25:00+00:00,CASH3.SA,3.7200000286102295,3.740000009536743,3.7200000286102295,3.7300000190734863,5700
2026-03-23 18:30:00+00:00,CASH3.SA,3.7300000190734863,3.7899999618530273,3.7300000190734863,3.7899999618530273,127600
2026-03-23 18:35:00+00:00,CASH3.SA,3.7899999618530273,3.799999952316284,3.7899999618530273,3.7899999618530273,105500
2026-03-23 18:40:00+00:00,CASH3.SA,3.799999952316284,3.799999952316284,3.7699999809265137,3.7899999618530273,45200
2026-03-23 18:45:00+00:00,CASH3.SA,3.7899999618530273,3.7899999618530273,3.7899999618530273,3.7899999618530273,12300
2026-03-23 18:50:00+00:00,CASH3.SA,3.799999952316284,3.819999933242798,3.7899999618530273,3.809999942779541,103400
2026-03-23 18:55:00+00:00,CASH3.SA,3.809999942779541,3.8399999141693115,3.809999942779541,3.8299999237060547,35700
2026-03-23 19:00:00+00:00,CASH3.SA,3.8299999237060547,3.8399999141693115,3.8299999237060547,3.8299999237060547,12500
2026-03-23 19:05:00+00:00,CASH3.SA,3.8299999237060547,3.8399999141693115,3.819999933242798,3.8299999237060547,21800
2026-03-23 19:10:00+00:00,CASH3.SA,3.8299999237060547,3.8399999141693115,3.819999933242798,3.8399999141693115,11300
2026-03-23 19:15:00+00:00,CASH3.SA,3.8299999237060547,3.8299999237060547,3.819999933242798,3.819999933242798,4800
2026-03-23 19:20:00+00:00,CASH3.SA,3.8299999237060547,3.880000114440918,3.819999933242798,3.869999885559082,191400
2026-03-23 19:25:00+00:00,CASH3.SA,3.880000114440918,3.890000104904175,3.869999885559082,3.880000114440918,18100
2026-03-23 19:30:00+00:00,CASH3.SA,3.890000104904175,3.890000104904175,3.869999885559082,3.869999885559082,12900
2026-03-23 19:35:00+00:00,CASH3.SA,3.880000114440918,3.880000114440918,3.869999885559082,3.869999885559082,6500
2026-03-23 19:40:00+00:00,CASH3.SA,3.880000114440918,3.880000114440918,3.869999885559082,3.880000114440918,3600
2026-03-23 19:45:00+00:00,CASH3.SA,3.869999885559082,3.880000114440918,3.869999885559082,3.869999885559082,13200
2026-03-23 19:50:00+00:00,CASH3.SA,3.869999885559082,3.890000104904175,3.869999885559082,3.869999885559082,18400
2026-03-24 13:00:00+00:00,CASH3.SA,3.7699999809265137,3.819999933242798,3.7699999809265137,3.819999933242798,0
2026-03-24 13:05:00+00:00,CASH3.SA,3.809999942779541,3.819999933242798,3.7899999618530273,3.819999933242798,24300
2026-03-24 13:10:00+00:00,CASH3.SA,3.799999952316284,3.8299999237060547,3.799999952316284,3.809999942779541,32600
2026-03-24 13:15:00+00:00,CASH3.SA,3.809999942779541,3.809999942779541,3.799999952316284,3.799999952316284,2700
2026-03-24 13:20:00+00:00,CASH3.SA,3.799999952316284,3.799999952316284,3.7799999713897705,3.7899999618530273,5900
2026-03-24 13:25:00+00:00,CASH3.SA,3.7799999713897705,3.799999952316284,3.75,3.75,38900
2026-03-24 13:30:00+00:00,CASH3.SA,3.759999990463257,3.759999990463257,3.700000047683716,3.7200000286102295,49600
2026-03-24 13:35:00+00:00,CASH3.SA,3.7200000286102295,3.740000009536743,3.7100000381469727,3.7200000286102295,20900
2026-03-24 13:40:00+00:00,CASH3.SA,3.7200000286102295,3.7300000190734863,3.7100000381469727,3.7300000190734863,20200
2026-03-24 13:45:00+00:00,CASH3.SA,3.7100000381469727,3.7300000190734863,3.690000057220459,3.690000057220459,38500
2026-03-24 13:50:00+00:00,CASH3.SA,3.690000057220459,3.75,3.690000057220459,3.7200000286102295,43000
2026-03-24 13:55:00+00:00,CASH3.SA,3.7200000286102295,3.7300000190734863,3.7200000286102295,3.7300000190734863,4300
2026-03-24 14:00:00+00:00,CASH3.SA,3.7300000190734863,3.740000009536743,3.7200000286102295,3.740000009536743,30900
2026-03-24 14:05:00+00:00,CASH3.SA,3.740000009536743,3.75,3.7300000190734863,3.75,5600
2026-03-24 14:10:00+00:00,CASH3.SA,3.75,3.75,3.690000057220459,3.690000057220459,45500
2026-03-24 14:15:00+00:00,CASH3.SA,3.680000066757202,3.690000057220459,3.6700000762939453,3.680000066757202,44700
2026-03-24 14:20:00+00:00,CASH3.SA,3.680000066757202,3.690000057220459,3.6700000762939453,3.6700000762939453,29700
2026-03-24 14:25:00+00:00,CASH3.SA,3.6700000762939453,3.680000066757202,3.6700000762939453,3.680000066757202,20900
2026-03-24 14:30:00+00:00,CASH3.SA,3.680000066757202,3.690000057220459,3.680000066757202,3.690000057220459,12800
2026-03-24 14:35:00+00:00,CASH3.SA,3.690000057220459,3.690000057220459,3.6700000762939453,3.6700000762939453,54300
2026-03-24 14:40:00+00:00,CASH3.SA,3.6700000762939453,3.690000057220459,3.6600000858306885,3.6700000762939453,12900
2026-03-24 14:45:00+00:00,CASH3.SA,3.6600000858306885,3.690000057220459,3.6600000858306885,3.680000066757202,14300
2026-03-24 14:50:00+00:00,CASH3.SA,3.6700000762939453,3.690000057220459,3.6600000858306885,3.680000066757202,37100
2026-03-24 14:55:00+00:00,CASH3.SA,3.680000066757202,3.680000066757202,3.6600000858306885,3.6600000858306885,43600
2026-03-24 15:00:00+00:00,CASH3.SA,3.6700000762939453,3.7100000381469727,3.6700000762939453,3.7100000381469727,38300
2026-03-24 15:05:00+00:00,CASH3.SA,3.690000057220459,3.700000047683716,3.680000066757202,3.700000047683716,104700
2026-03-24 15:10:00+00:00,CASH3.SA,3.700000047683716,3.700000047683716,3.690000057220459,3.700000047683716,21500
2026-03-24 15:15:00+00:00,CASH3.SA,3.700000047683716,3.700000047683716,3.690000057220459,3.700000047683716,3900
2026-03-24 15:20:00+00:00,CASH3.SA,3.700000047683716,3.75,3.700000047683716,3.740000009536743,43000
2026-03-24 15:25:00+00:00,CASH3.SA,3.75,3.75,3.7100000381469727,3.7300000190734863,56000
2026-03-24 15:30:00+00:00,CASH3.SA,3.7200000286102295,3.740000009536743,3.7200000286102295,3.740000009536743,9300
2026-03-24 15:35:00+00:00,CASH3.SA,3.7300000190734863,3.740000009536743,3.7300000190734863,3.740000009536743,1200
2026-03-24 15:40:00+00:00,CASH3.SA,3.7300000190734863,3.7300000190734863,3.7200000286102295,3.7300000190734863,8900
2026-03-24 15:45:00+00:00,CASH3.SA,3.7300000190734863,3.740000009536743,3.7200000286102295,3.7200000286102295,10700
2026-03-24 15:50:00+00:00,CASH3.SA,3.7200000286102295,3.7200000286102295,3.7100000381469727,3.7100000381469727,17000
2026-03-24 15:55:00+00:00,CASH3.SA,3.7200000286102295,3.7200000286102295,3.680000066757202,3.700000047683716,40300
2026-03-24 16:00:00+00:00,CASH3.SA,3.690000057220459,3.700000047683716,3.680000066757202,3.690000057220459,10300
2026-03-24 16:05:00+00:00,CASH3.SA,3.690000057220459,3.700000047683716,3.690000057220459,3.700000047683716,14600
2026-03-24 16:10:00+00:00,CASH3.SA,3.690000057220459,3.700000047683716,3.690000057220459,3.700000047683716,8400
2026-03-24 16:15:00+00:00,CASH3.SA,3.690000057220459,3.7200000286102295,3.690000057220459,3.7200000286102295,9000
2026-03-24 16:20:00+00:00,CASH3.SA,3.7200000286102295,3.7200000286102295,3.7100000381469727,3.7200000286102295,1400
2026-03-24 16:25:00+00:00,CASH3.SA,3.7200000286102295,3.7200000286102295,3.7100000381469727,3.7100000381469727,2100
2026-03-24 16:30:00+00:00,CASH3.SA,3.7100000381469727,3.7200000286102295,3.7100000381469727,3.7200000286102295,2300
2026-03-24 16:35:00+00:00,CASH3.SA,3.7200000286102295,3.7200000286102295,3.700000047683716,3.700000047683716,7100
2026-03-24 16:40:00+00:00,CASH3.SA,3.700000047683716,3.7100000381469727,3.700000047683716,3.700000047683716,7200
2026-03-24 16:45:00+00:00,CASH3.SA,3.700000047683716,3.7100000381469727,3.700000047683716,3.700000047683716,3400
2026-03-24 16:50:00+00:00,CASH3.SA,3.7100000381469727,3.7100000381469727,3.700000047683716,3.700000047683716,18700
2026-03-24 16:55:00+00:00,CASH3.SA,3.690000057220459,3.700000047683716,3.690000057220459,3.690000057220459,2900
2026-03-24 17:00:00+00:00,CASH3.SA,3.690000057220459,3.700000047683716,3.680000066757202,3.690000057220459,24800
2026-03-24 17:05:00+00:00,CASH3.SA,3.690000057220459,3.700000047683716,3.680000066757202,3.680000066757202,86600
2026-03-24 17:10:00+00:00,CASH3.SA,3.680000066757202,3.690000057220459,3.6700000762939453,3.6700000762939453,75400
2026-03-24 17:15:00+00:00,CASH3.SA,3.6700000762939453,3.680000066757202,3.6700000762939453,3.680000066757202,9100
2026-03-24 17:20:00+00:00,CASH3.SA,3.6700000762939453,3.7100000381469727,3.6700000762939453,3.700000047683716,66700
2026-03-24 17:25:00+00:00,CASH3.SA,3.700000047683716,3.7200000286102295,3.700000047683716,3.7200000286102295,23700
2026-03-24 17:30:00+00:00,CASH3.SA,3.7200000286102295,3.7300000190734863,3.7200000286102295,3.7200000286102295,18100
2026-03-24 17:35:00+00:00,CASH3.SA,3.7300000190734863,3.7300000190734863,3.7200000286102295,3.7200000286102295,10300
2026-03-24 17:40:00+00:00,CASH3.SA,3.7300000190734863,3.7300000190734863,3.700000047683716,3.7100000381469727,9300
2026-03-24 17:45:00+00:00,CASH3.SA,3.700000047683716,3.7100000381469727,3.700000047683716,3.7100000381469727,3900
2026-03-24 17:50:00+00:00,CASH3.SA,3.700000047683716,3.7200000286102295,3.700000047683716,3.7200000286102295,12200
2026-03-24 17:55:00+00:00,CASH3.SA,3.7100000381469727,3.7300000190734863,3.7100000381469727,3.7200000286102295,29100
2026-03-24 18:00:00+00:00,CASH3.SA,3.7200000286102295,3.7300000190734863,3.7100000381469727,3.7200000286102295,30400
2026-03-24 18:05:00+00:00,CASH3.SA,3.7200000286102295,3.7200000286102295,3.7100000381469727,3.7200000286102295,4700
2026-03-24 18:10:00+00:00,CASH3.SA,3.7200000286102295,3.7200000286102295,3.7100000381469727,3.7200000286102295,4000
2026-03-24 18:15:00+00:00,CASH3.SA,3.7200000286102295,3.7200000286102295,3.700000047683716,3.700000047683716,15700
2026-03-24 18:20:00+00:00,CASH3.SA,3.7100000381469727,3.7200000286102295,3.7100000381469727,3.7200000286102295,5400
2026-03-24 18:25:00+00:00,CASH3.SA,3.7200000286102295,3.7300000190734863,3.7100000381469727,3.7200000286102295,7600
2026-03-24 18:30:00+00:00,CASH3.SA,3.7200000286102295,3.7200000286102295,3.7100000381469727,3.7200000286102295,3900
2026-03-24 18:35:00+00:00,CASH3.SA,3.7200000286102295,3.7300000190734863,3.700000047683716,3.7300000190734863,22800
2026-03-24 18:40:00+00:00,CASH3.SA,3.7300000190734863,3.7300000190734863,3.7100000381469727,3.7100000381469727,6100
2026-03-24 18:45:00+00:00,CASH3.SA,3.7200000286102295,3.7200000286102295,3.700000047683716,3.700000047683716,6300
2026-03-24 18:50:00+00:00,CASH3.SA,3.7100000381469727,3.7100000381469727,3.700000047683716,3.7100000381469727,4700
2026-03-24 18:55:00+00:00,CASH3.SA,3.7100000381469727,3.7100000381469727,3.700000047683716,3.7100000381469727,15400
2026-03-24 19:00:00+00:00,CASH3.SA,3.7100000381469727,3.7100000381469727,3.700000047683716,3.7100000381469727,19100
2026-03-24 19:05:00+00:00,CASH3.SA,3.7100000381469727,3.7100000381469727,3.700000047683716,3.700000047683716,3700
2026-03-24 19:10:00+00:00,CASH3.SA,3.7100000381469727,3.7100000381469727,3.700000047683716,3.7100000381469727,5700
2026-03-24 19:15:00+00:00,CASH3.SA,3.7100000381469727,3.7100000381469727,3.700000047683716,3.7100000381469727,3400
2026-03-24 19:20:00+00:00,CASH3.SA,3.7100000381469727,3.7100000381469727,3.700000047683716,3.700000047683716,7600
2026-03-24 19:25:00+00:00,CASH3.SA,3.7100000381469727,3.7100000381469727,3.700000047683716,3.700000047683716,8400
2026-03-24 19:30:00+00:00,CASH3.SA,3.7100000381469727,3.7100000381469727,3.6600000858306885,3.680000066757202,58100
2026-03-24 19:35:00+00:00,CASH3.SA,3.680000066757202,3.680000066757202,3.6600000858306885,3.6700000762939453,5300
2026-03-24 19:40:00+00:00,CASH3.SA,3.6700000762939453,3.6700000762939453,3.6500000953674316,3.6600000858306885,44600
2026-03-24 19:45:00+00:00,CASH3.SA,3.6600000858306885,3.690000057220459,3.6500000953674316,3.6600000858306885,122900
2026-03-24 19:50:00+00:00,CASH3.SA,3.6600000858306885,3.6700000762939453,3.630000114440918,3.640000104904175,33800
2026-03-25 13:00:00+00:00,CASH3.SA,3.759999990463257,3.759999990463257,3.700000047683716,3.700000047683716,0
2026-03-25 13:05:00+00:00,CASH3.SA,3.7100000381469727,3.75,3.700000047683716,3.7300000190734863,21300
2026-03-25 13:10:00+00:00,CASH3.SA,3.7200000286102295,3.759999990463257,3.7200000286102295,3.75,39600
2026-03-25 13:15:00+00:00,CASH3.SA,3.740000009536743,3.740000009536743,3.7300000190734863,3.7300000190734863,21300
2026-03-25 13:20:00+00:00,CASH3.SA,3.7200000286102295,3.740000009536743,3.7200000286102295,3.7200000286102295,4200
2026-03-25 13:25:00+00:00,CASH3.SA,3.7300000190734863,3.740000009536743,3.7300000190734863,3.7300000190734863,9200
2026-03-25 13:30:00+00:00,CASH3.SA,3.7300000190734863,3.759999990463257,3.7300000190734863,3.759999990463257,15100
2026-03-25 13:35:00+00:00,CASH3.SA,3.759999990463257,3.7699999809265137,3.75,3.75,56300
2026-03-25 13:40:00+00:00,CASH3.SA,3.75,3.7799999713897705,3.75,3.759999990463257,30400
2026-03-25 13:45:00+00:00,CASH3.SA,3.7799999713897705,3.7799999713897705,3.740000009536743,3.740000009536743,16500
2026-03-25 13:50:00+00:00,CASH3.SA,3.75,3.7699999809265137,3.75,3.7699999809265137,9600
2026-03-25 13:55:00+00:00,CASH3.SA,3.759999990463257,3.7799999713897705,3.759999990463257,3.759999990463257,6300
2026-03-25 14:00:00+00:00,CASH3.SA,3.7699999809265137,3.7799999713897705,3.75,3.75,25500
2026-03-25 14:05:00+00:00,CASH3.SA,3.75,3.7699999809265137,3.75,3.759999990463257,4800
2026-03-25 14:10:00+00:00,CASH3.SA,3.759999990463257,3.7699999809265137,3.759999990463257,3.7699999809265137,5600
2026-03-25 14:15:00+00:00,CASH3.SA,3.7799999713897705,3.7799999713897705,3.759999990463257,3.7699999809265137,8300
2026-03-25 14:20:00+00:00,CASH3.SA,3.759999990463257,3.7699999809265137,3.759999990463257,3.759999990463257,9700
2026-03-25 14:25:00+00:00,CASH3.SA,3.759999990463257,3.7699999809265137,3.759999990463257,3.759999990463257,13100
2026-03-25 14:30:00+00:00,CASH3.SA,3.759999990463257,3.7699999809265137,3.759999990463257,3.7699999809265137,6800
2026-03-25 14:35:00+00:00,CASH3.SA,3.7699999809265137,3.7699999809265137,3.75,3.75,18700
2026-03-25 14:40:00+00:00,CASH3.SA,3.740000009536743,3.75,3.7300000190734863,3.740000009536743,7000
2026-03-25 14:45:00+00:00,CASH3.SA,3.7300000190734863,3.740000009536743,3.7300000190734863,3.7300000190734863,7400
2026-03-25 14:50:00+00:00,CASH3.SA,3.7300000190734863,3.75,3.7300000190734863,3.7300000190734863,25800
2026-03-25 14:55:00+00:00,CASH3.SA,3.7200000286102295,3.740000009536743,3.7200000286102295,3.7200000286102295,10600
2026-03-25 15:00:00+00:00,CASH3.SA,3.7200000286102295,3.7300000190734863,3.7200000286102295,3.7300000190734863,9000
2026-03-25 15:05:00+00:00,CASH3.SA,3.7300000190734863,3.740000009536743,3.7200000286102295,3.7200000286102295,41200
2026-03-25 15:10:00+00:00,CASH3.SA,3.7200000286102295,3.7300000190734863,3.7100000381469727,3.7100000381469727,11700
2026-03-25 15:15:00+00:00,CASH3.SA,3.7200000286102295,3.7200000286102295,3.680000066757202,3.680000066757202,44300
2026-03-25 15:20:00+00:00,CASH3.SA,3.680000066757202,3.700000047683716,3.680000066757202,3.700000047683716,18600
2026-03-25 15:25:00+00:00,CASH3.SA,3.7100000381469727,3.7100000381469727,3.700000047683716,3.700000047683716,4900
2026-03-25 15:30:00+00:00,CASH3.SA,3.7100000381469727,3.7100000381469727,3.700000047683716,3.700000047683716,2200
2026-03-25 15:35:00+00:00,CASH3.SA,3.7100000381469727,3.7200000286102295,3.700000047683716,3.7200000286102295,18300
2026-03-25 15:40:00+00:00,CASH3.SA,3.7100000381469727,3.7200000286102295,3.7100000381469727,3.7200000286102295,2200
2026-03-25 15:45:00+00:00,CASH3.SA,3.7200000286102295,3.7200000286102295,3.7100000381469727,3.7200000286102295,3400
2026-03-25 15:50:00+00:00,CASH3.SA,3.7200000286102295,3.7200000286102295,3.7100000381469727,3.7100000381469727,6700
2026-03-25 15:55:00+00:00,CASH3.SA,3.7100000381469727,3.7200000286102295,3.7100000381469727,3.7200000286102295,1400
2026-03-25 16:00:00+00:00,CASH3.SA,3.7200000286102295,3.7200000286102295,3.7100000381469727,3.7200000286102295,5800
2026-03-25 16:05:00+00:00,CASH3.SA,3.7100000381469727,3.7200000286102295,3.7100000381469727,3.7200000286102295,5800
2026-03-25 16:10:00+00:00,CASH3.SA,3.7300000190734863,3.75,3.7200000286102295,3.740000009536743,7900
2026-03-25 16:15:00+00:00,CASH3.SA,3.740000009536743,3.75,3.740000009536743,3.740000009536743,1100
2026-03-25 16:20:00+00:00,CASH3.SA,3.75,3.75,3.740000009536743,3.740000009536743,10200
2026-03-25 16:25:00+00:00,CASH3.SA,3.740000009536743,3.75,3.7300000190734863,3.7300000190734863,27700
2026-03-25 16:30:00+00:00,CASH3.SA,3.740000009536743,3.740000009536743,3.7300000190734863,3.740000009536743,5500
2026-03-25 16:35:00+00:00,CASH3.SA,3.740000009536743,3.740000009536743,3.7300000190734863,3.7300000190734863,5700
2026-03-25 16:40:00+00:00,CASH3.SA,3.740000009536743,3.740000009536743,3.7300000190734863,3.7300000190734863,700
2026-03-25 16:45:00+00:00,CASH3.SA,3.740000009536743,3.740000009536743,3.7300000190734863,3.740000009536743,1200
2026-03-25 16:50:00+00:00,CASH3.SA,3.740000009536743,3.740000009536743,3.7300000190734863,3.740000009536743,5700
2026-03-25 16:55:00+00:00,CASH3.SA,3.7300000190734863,3.759999990463257,3.7300000190734863,3.75,77200
2026-03-25 17:00:00+00:00,CASH3.SA,3.759999990463257,3.7699999809265137,3.740000009536743,3.75,37000
2026-03-25 17:05:00+00:00,CASH3.SA,3.740000009536743,3.759999990463257,3.7300000190734863,3.75,47800
2026-03-25 17:10:00+00:00,CASH3.SA,3.740000009536743,3.759999990463257,3.740000009536743,3.759999990463257,32400
2026-03-25 17:15:00+00:00,CASH3.SA,3.75,3.7699999809265137,3.75,3.7699999809265137,16100
2026-03-25 17:20:00+00:00,CASH3.SA,3.759999990463257,3.7699999809265137,3.75,3.75,17000
2026-03-25 17:25:00+00:00,CASH3.SA,3.75,3.759999990463257,3.75,3.75,6500
2026-03-25 17:30:00+00:00,CASH3.SA,3.759999990463257,3.7699999809265137,3.75,3.759999990463257,21800
2026-03-25 17:35:00+00:00,CASH3.SA,3.759999990463257,3.7899999618530273,3.759999990463257,3.7699999809265137,84700
2026-03-25 17:40:00+00:00,CASH3.SA,3.7699999809265137,3.7799999713897705,3.75,3.7699999809265137,91900
2026-03-25 17:45:00+00:00,CASH3.SA,3.759999990463257,3.7699999809265137,3.759999990463257,3.759999990463257,11100
2026-03-25 17:50:00+00:00,CASH3.SA,3.759999990463257,3.7699999809265137,3.75,3.75,13600
2026-03-25 17:55:00+00:00,CASH3.SA,3.75,3.759999990463257,3.75,3.759999990463257,7200
2026-03-25 18:00:00+00:00,CASH3.SA,3.75,3.759999990463257,3.740000009536743,3.75,41500
2026-03-25 18:05:00+00:00,CASH3.SA,3.75,3.759999990463257,3.75,3.75,7000
2026-03-25 18:10:00+00:00,CASH3.SA,3.75,3.759999990463257,3.75,3.759999990463257,10500
2026-03-25 18:15:00+00:00,CASH3.SA,3.75,3.759999990463257,3.75,3.75,5800
2026-03-25 18:20:00+00:00,CASH3.SA,3.75,3.759999990463257,3.75,3.75,13000
2026-03-25 18:25:00+00:00,CASH3.SA,3.75,3.759999990463257,3.740000009536743,3.740000009536743,11500
2026-03-25 18:30:00+00:00,CASH3.SA,3.740000009536743,3.75,3.740000009536743,3.740000009536743,8100
2026-03-25 18:35:00+00:00,CASH3.SA,3.740000009536743,3.75,3.740000009536743,3.740000009536743,8300
2026-03-25 18:40:00+00:00,CASH3.SA,3.740000009536743,3.75,3.7300000190734863,3.7300000190734863,11500
2026-03-25 18:45:00+00:00,CASH3.SA,3.7300000190734863,3.740000009536743,3.7300000190734863,3.7300000190734863,7100
2026-03-25 18:50:00+00:00,CASH3.SA,3.7300000190734863,3.740000009536743,3.7200000286102295,3.7300000190734863,14800
2026-03-25 18:55:00+00:00,CASH3.SA,3.7300000190734863,3.7300000190734863,3.690000057220459,3.7200000286102295,93300
2026-03-25 19:00:00+00:00,CASH3.SA,3.7200000286102295,3.740000009536743,3.7200000286102295,3.740000009536743,27600
2026-03-25 19:05:00+00:00,CASH3.SA,3.7300000190734863,3.740000009536743,3.7300000190734863,3.7300000190734863,15000
2026-03-25 19:10:00+00:00,CASH3.SA,3.7300000190734863,3.740000009536743,3.7200000286102295,3.7200000286102295,16900
2026-03-25 19:15:00+00:00,CASH3.SA,3.7200000286102295,3.7300000190734863,3.7200000286102295,3.7200000286102295,7300
2026-03-25 19:20:00+00:00,CASH3.SA,3.7200000286102295,3.740000009536743,3.7200000286102295,3.7300000190734863,17500
2026-03-25 19:25:00+00:00,CASH3.SA,3.7300000190734863,3.740000009536743,3.7300000190734863,3.7300000190734863,6000
2026-03-25 19:30:00+00:00,CASH3.SA,3.7300000190734863,3.740000009536743,3.7300000190734863,3.740000009536743,21500
2026-03-25 19:35:00+00:00,CASH3.SA,3.7300000190734863,3.7300000190734863,3.7200000286102295,3.7300000190734863,24500
2026-03-25 19:40:00+00:00,CASH3.SA,3.740000009536743,3.740000009536743,3.7300000190734863,3.7300000190734863,14900
2026-03-25 19:45:00+00:00,CASH3.SA,3.7300000190734863,3.740000009536743,3.7300000190734863,3.7300000190734863,9500
2026-03-25 19:50:00+00:00,CASH3.SA,3.7300000190734863,3.740000009536743,3.7300000190734863,3.7300000190734863,8300
2026-03-26 13:00:00+00:00,CASH3.SA,3.6700000762939453,3.700000047683716,3.6500000953674316,3.680000066757202,0
2026-03-26 13:05:00+00:00,CASH3.SA,3.680000066757202,3.700000047683716,3.680000066757202,3.690000057220459,26000
2026-03-26 13:10:00+00:00,CASH3.SA,3.680000066757202,3.7200000286102295,3.680000066757202,3.7200000286102295,31300
2026-03-26 13:15:00+00:00,CASH3.SA,3.7200000286102295,3.7300000190734863,3.7100000381469727,3.7200000286102295,5200
2026-03-26 13:20:00+00:00,CASH3.SA,3.7200000286102295,3.740000009536743,3.7200000286102295,3.7200000286102295,5300
2026-03-26 13:25:00+00:00,CASH3.SA,3.7200000286102295,3.7300000190734863,3.7200000286102295,3.7300000190734863,1800
2026-03-26 13:30:00+00:00,CASH3.SA,3.7300000190734863,3.7300000190734863,3.7100000381469727,3.7100000381469727,16800
2026-03-26 13:35:00+00:00,CASH3.SA,3.7200000286102295,3.7200000286102295,3.700000047683716,3.700000047683716,5500
2026-03-26 13:40:00+00:00,CASH3.SA,3.700000047683716,3.7100000381469727,3.690000057220459,3.7100000381469727,18700
2026-03-26 13:45:00+00:00,CASH3.SA,3.7100000381469727,3.740000009536743,3.7100000381469727,3.7300000190734863,1900
2026-03-26 13:50:00+00:00,CASH3.SA,3.7300000190734863,3.740000009536743,3.7300000190734863,3.740000009536743,4900
2026-03-26 13:55:00+00:00,CASH3.SA,3.7300000190734863,3.740000009536743,3.7100000381469727,3.7200000286102295,3800
2026-03-26 14:00:00+00:00,CASH3.SA,3.7100000381469727,3.7300000190734863,3.7100000381469727,3.7200000286102295,1200
2026-03-26 14:05:00+00:00,CASH3.SA,3.7200000286102295,3.7200000286102295,3.7100000381469727,3.7100000381469727,3300
2026-03-26 14:10:00+00:00,CASH3.SA,3.7200000286102295,3.7200000286102295,3.700000047683716,3.7100000381469727,14700
2026-03-26 14:15:00+00:00,CASH3.SA,3.700000047683716,3.7300000190734863,3.700000047683716,3.7100000381469727,13500
2026-03-26 14:20:00+00:00,CASH3.SA,3.7100000381469727,3.7300000190734863,3.7100000381469727,3.7200000286102295,15300
2026-03-26 14:25:00+00:00,CASH3.SA,3.7300000190734863,3.7300000190734863,3.7100000381469727,3.7100000381469727,2200
2026-03-26 14:30:00+00:00,CASH3.SA,3.7100000381469727,3.7300000190734863,3.7100000381469727,3.7200000286102295,1800
2026-03-26 14:35:00+00:00,CASH3.SA,3.7300000190734863,3.7300000190734863,3.7100000381469727,3.7200000286102295,2400
2026-03-26 14:40:00+00:00,CASH3.SA,3.7200000286102295,3.7300000190734863,3.690000057220459,3.690000057220459,15200
2026-03-26 14:45:00+00:00,CASH3.SA,3.690000057220459,3.690000057220459,3.6700000762939453,3.690000057220459,24700
2026-03-26 14:50:00+00:00,CASH3.SA,3.700000047683716,3.700000047683716,3.680000066757202,3.680000066757202,15600
2026-03-26 14:55:00+00:00,CASH3.SA,3.680000066757202,3.7100000381469727,3.6700000762939453,3.7100000381469727,35600
2026-03-26 15:00:00+00:00,CASH3.SA,3.700000047683716,3.7100000381469727,3.690000057220459,3.700000047683716,9000
2026-03-26 15:05:00+00:00,CASH3.SA,3.700000047683716,3.7200000286102295,3.700000047683716,3.7100000381469727,4200
2026-03-26 15:10:00+00:00,CASH3.SA,3.7100000381469727,3.7200000286102295,3.690000057220459,3.700000047683716,57500
2026-03-26 15:15:00+00:00,CASH3.SA,3.700000047683716,3.7100000381469727,3.690000057220459,3.700000047683716,5700
2026-03-26 15:20:00+00:00,CASH3.SA,3.7100000381469727,3.7100000381469727,3.700000047683716,3.700000047683716,2200
2026-03-26 15:25:00+00:00,CASH3.SA,3.700000047683716,3.7100000381469727,3.700000047683716,3.700000047683716,3800
2026-03-26 15:30:00+00:00,CASH3.SA,3.700000047683716,3.7100000381469727,3.690000057220459,3.690000057220459,24600
2026-03-26 15:35:00+00:00,CASH3.SA,3.690000057220459,3.700000047683716,3.680000066757202,3.680000066757202,6700
2026-03-26 15:40:00+00:00,CASH3.SA,3.680000066757202,3.680000066757202,3.6700000762939453,3.6700000762939453,10800
2026-03-26 15:45:00+00:00,CASH3.SA,3.6700000762939453,3.690000057220459,3.6700000762939453,3.6700000762939453,9000
2026-03-26 15:50:00+00:00,CASH3.SA,3.6700000762939453,3.680000066757202,3.6700000762939453,3.680000066757202,25400
2026-03-26 15:55:00+00:00,CASH3.SA,3.680000066757202,3.700000047683716,3.6700000762939453,3.690000057220459,32700
2026-03-26 16:00:00+00:00,CASH3.SA,3.690000057220459,3.700000047683716,3.690000057220459,3.690000057220459,2900
2026-03-26 16:05:00+00:00,CASH3.SA,3.700000047683716,3.700000047683716,3.690000057220459,3.690000057220459,9200
2026-03-26 16:10:00+00:00,CASH3.SA,3.680000066757202,3.690000057220459,3.6700000762939453,3.6700000762939453,7200
2026-03-26 16:15:00+00:00,CASH3.SA,3.6700000762939453,3.6700000762939453,3.6500000953674316,3.6600000858306885,22700
2026-03-26 16:20:00+00:00,CASH3.SA,3.6600000858306885,3.6700000762939453,3.640000104904175,3.6600000858306885,61900
2026-03-26 16:25:00+00:00,CASH3.SA,3.6600000858306885,3.6700000762939453,3.6600000858306885,3.6700000762939453,7100
2026-03-26 16:30:00+00:00,CASH3.SA,3.6600000858306885,3.6600000858306885,3.640000104904175,3.6500000953674316,10300
2026-03-26 16:35:00+00:00,CASH3.SA,3.6600000858306885,3.6600000858306885,3.630000114440918,3.630000114440918,31200
2026-03-26 16:40:00+00:00,CASH3.SA,3.630000114440918,3.6500000953674316,3.630000114440918,3.640000104904175,14500
2026-03-26 16:45:00+00:00,CASH3.SA,3.630000114440918,3.6500000953674316,3.630000114440918,3.6500000953674316,7200
2026-03-26 16:50:00+00:00,CASH3.SA,3.640000104904175,3.6600000858306885,3.640000104904175,3.6500000953674316,6200
2026-03-26 16:55:00+00:00,CASH3.SA,3.6600000858306885,3.6600000858306885,3.6500000953674316,3.6500000953674316,2500
2026-03-26 17:00:00+00:00,CASH3.SA,3.6600000858306885,3.6700000762939453,3.6500000953674316,3.6600000858306885,9300
2026-03-26 17:05:00+00:00,CASH3.SA,3.6700000762939453,3.690000057220459,3.6700000762939453,3.680000066757202,53000
2026-03-26 17:10:00+00:00,CASH3.SA,3.680000066757202,3.7100000381469727,3.680000066757202,3.700000047683716,20400
2026-03-26 17:15:00+00:00,CASH3.SA,3.700000047683716,3.7100000381469727,3.690000057220459,3.7100000381469727,9600
2026-03-26 17:20:00+00:00,CASH3.SA,3.7200000286102295,3.7200000286102295,3.680000066757202,3.690000057220459,35400
2026-03-26 17:25:00+00:00,CASH3.SA,3.680000066757202,3.690000057220459,3.6600000858306885,3.6600000858306885,40900
2026-03-26 17:30:00+00:00,CASH3.SA,3.6600000858306885,3.680000066757202,3.6500000953674316,3.6600000858306885,100700
2026-03-26 17:35:00+00:00,CASH3.SA,3.6700000762939453,3.690000057220459,3.6500000953674316,3.680000066757202,76100
2026-03-26 17:40:00+00:00,CASH3.SA,3.690000057220459,3.690000057220459,3.680000066757202,3.680000066757202,2600
2026-03-26 17:45:00+00:00,CASH3.SA,3.680000066757202,3.690000057220459,3.680000066757202,3.680000066757202,4800
2026-03-26 17:50:00+00:00,CASH3.SA,3.680000066757202,3.680000066757202,3.619999885559082,3.619999885559082,240200
2026-03-26 17:55:00+00:00,CASH3.SA,3.619999885559082,3.630000114440918,3.609999895095825,3.609999895095825,29000
2026-03-26 18:00:00+00:00,CASH3.SA,3.609999895095825,3.619999885559082,3.609999895095825,3.619999885559082,5800
2026-03-26 18:05:00+00:00,CASH3.SA,3.609999895095825,3.619999885559082,3.609999895095825,3.619999885559082,3200
2026-03-26 18:10:00+00:00,CASH3.SA,3.609999895095825,3.630000114440918,3.609999895095825,3.630000114440918,19700
2026-03-26 18:15:00+00:00,CASH3.SA,3.640000104904175,3.640000104904175,3.630000114440918,3.630000114440918,4800
2026-03-26 18:20:00+00:00,CASH3.SA,3.630000114440918,3.640000104904175,3.630000114440918,3.630000114440918,26500
2026-03-26 18:25:00+00:00,CASH3.SA,3.630000114440918,3.640000104904175,3.630000114440918,3.630000114440918,5100
2026-03-26 18:30:00+00:00,CASH3.SA,3.630000114440918,3.640000104904175,3.630000114440918,3.630000114440918,8500
2026-03-26 18:35:00+00:00,CASH3.SA,3.630000114440918,3.630000114440918,3.619999885559082,3.619999885559082,7100
2026-03-26 18:40:00+00:00,CASH3.SA,3.630000114440918,3.630000114440918,3.619999885559082,3.619999885559082,3800
2026-03-26 18:45:00+00:00,CASH3.SA,3.619999885559082,3.630000114440918,3.619999885559082,3.619999885559082,4100
2026-03-26 18:50:00+00:00,CASH3.SA,3.619999885559082,3.630000114440918,3.5999999046325684,3.5999999046325684,51100
2026-03-26 18:55:00+00:00,CASH3.SA,3.5999999046325684,3.630000114440918,3.5999999046325684,3.619999885559082,58600
2026-03-26 19:00:00+00:00,CASH3.SA,3.619999885559082,3.619999885559082,3.5999999046325684,3.5999999046325684,51400
2026-03-26 19:05:00+00:00,CASH3.SA,3.5999999046325684,3.609999895095825,3.5999999046325684,3.609999895095825,59800
2026-03-26 19:10:00+00:00,CASH3.SA,3.5999999046325684,3.619999885559082,3.5999999046325684,3.609999895095825,48900
2026-03-26 19:15:00+00:00,CASH3.SA,3.609999895095825,3.619999885559082,3.609999895095825,3.609999895095825,39500
2026-03-26 19:20:00+00:00,CASH3.SA,3.5999999046325684,3.619999885559082,3.5999999046325684,3.619999885559082,57700
2026-03-26 19:25:00+00:00,CASH3.SA,3.609999895095825,3.619999885559082,3.609999895095825,3.609999895095825,36300
2026-03-26 19:30:00+00:00,CASH3.SA,3.609999895095825,3.619999885559082,3.5899999141693115,3.5999999046325684,86600
2026-03-26 19:35:00+00:00,CASH3.SA,3.5999999046325684,3.609999895095825,3.5999999046325684,3.5999999046325684,22800
2026-03-26 19:40:00+00:00,CASH3.SA,3.609999895095825,3.619999885559082,3.5999999046325684,3.5999999046325684,69400
2026-03-26 19:45:00+00:00,CASH3.SA,3.5999999046325684,3.609999895095825,3.5999999046325684,3.5999999046325684,13300
2026-03-26 19:50:00+00:00,CASH3.SA,3.5999999046325684,3.609999895095825,3.5999999046325684,3.5999999046325684,8300
2026-03-27 13:00:00+00:00,CASH3.SA,3.5899999141693115,3.5999999046325684,3.569999933242798,3.5899999141693115,0
2026-03-27 13:05:00+00:00,CASH3.SA,3.5799999237060547,3.5999999046325684,3.569999933242798,3.569999933242798,20300
2026-03-27 13:10:00+00:00,CASH3.SA,3.559999942779541,3.5799999237060547,3.559999942779541,3.569999933242798,23300
2026-03-27 13:15:00+00:00,CASH3.SA,3.569999933242798,3.569999933242798,3.549999952316284,3.549999952316284,54200
2026-03-27 13:20:00+00:00,CASH3.SA,3.549999952316284,3.549999952316284,3.509999990463257,3.509999990463257,83300
2026-03-27 13:25:00+00:00,CASH3.SA,3.509999990463257,3.5199999809265137,3.5,3.509999990463257,10700
2026-03-27 13:30:00+00:00,CASH3.SA,3.509999990463257,3.5199999809265137,3.490000009536743,3.490000009536743,126600
2026-03-27 13:35:00+00:00,CASH3.SA,3.490000009536743,3.509999990463257,3.490000009536743,3.509999990463257,37000
2026-03-27 13:40:00+00:00,CASH3.SA,3.509999990463257,3.5199999809265137,3.5,3.5,6300
2026-03-27 13:45:00+00:00,CASH3.SA,3.5,3.5199999809265137,3.5,3.509999990463257,14200
2026-03-27 13:50:00+00:00,CASH3.SA,3.5,3.509999990463257,3.4700000286102295,3.4700000286102295,64200
2026-03-27 13:55:00+00:00,CASH3.SA,3.4800000190734863,3.4800000190734863,3.4600000381469727,3.4800000190734863,25500
2026-03-27 14:00:00+00:00,CASH3.SA,3.4700000286102295,3.4800000190734863,3.4700000286102295,3.4800000190734863,15900
2026-03-27 14:05:00+00:00,CASH3.SA,3.4800000190734863,3.490000009536743,3.4700000286102295,3.4700000286102295,7900
2026-03-27 14:10:00+00:00,CASH3.SA,3.4700000286102295,3.490000009536743,3.4700000286102295,3.4800000190734863,49000
2026-03-27 14:15:00+00:00,CASH3.SA,3.4800000190734863,3.5,3.4800000190734863,3.5,24100
2026-03-27 14:20:00+00:00,CASH3.SA,3.509999990463257,3.509999990463257,3.5,3.509999990463257,11000
2026-03-27 14:25:00+00:00,CASH3.SA,3.5,3.509999990463257,3.5,3.5,4900
2026-03-27 14:30:00+00:00,CASH3.SA,3.5,3.509999990463257,3.490000009536743,3.490000009536743,18900
2026-03-27 14:35:00+00:00,CASH3.SA,3.490000009536743,3.509999990463257,3.490000009536743,3.5,14100
2026-03-27 14:40:00+00:00,CASH3.SA,3.5,3.509999990463257,3.5,3.5,5700
2026-03-27 14:45:00+00:00,CASH3.SA,3.5,3.509999990463257,3.5,3.509999990463257,16500
2026-03-27 14:50:00+00:00,CASH3.SA,3.5,3.509999990463257,3.5,3.5,12100
2026-03-27 14:55:00+00:00,CASH3.SA,3.5,3.509999990463257,3.5,3.5,5800
2026-03-27 15:00:00+00:00,CASH3.SA,3.5,3.5199999809265137,3.5,3.509999990463257,19700
2026-03-27 15:05:00+00:00,CASH3.SA,3.509999990463257,3.5299999713897705,3.509999990463257,3.5199999809265137,41100
2026-03-27 15:10:00+00:00,CASH3.SA,3.509999990463257,3.5199999809265137,3.509999990463257,3.509999990463257,4900
2026-03-27 15:15:00+00:00,CASH3.SA,3.509999990463257,3.509999990463257,3.4800000190734863,3.4800000190734863,38700
2026-03-27 15:20:00+00:00,CASH3.SA,3.4800000190734863,3.5,3.4800000190734863,3.490000009536743,18500
2026-03-27 15:25:00+00:00,CASH3.SA,3.490000009536743,3.490000009536743,3.4800000190734863,3.4800000190734863,9100
2026-03-27 15:30:00+00:00,CASH3.SA,3.4800000190734863,3.490000009536743,3.4800000190734863,3.4800000190734863,8200
2026-03-27 15:35:00+00:00,CASH3.SA,3.4800000190734863,3.490000009536743,3.4700000286102295,3.4800000190734863,8200
2026-03-27 15:40:00+00:00,CASH3.SA,3.4700000286102295,3.4800000190734863,3.4700000286102295,3.4700000286102295,5800
2026-03-27 15:45:00+00:00,CASH3.SA,3.4700000286102295,3.4800000190734863,3.4700000286102295,3.4700000286102295,6600
2026-03-27 15:50:00+00:00,CASH3.SA,3.4700000286102295,3.4700000286102295,3.4600000381469727,3.4600000381469727,31100
2026-03-27 15:55:00+00:00,CASH3.SA,3.4600000381469727,3.4700000286102295,3.4600000381469727,3.4600000381469727,14300
2026-03-27 16:00:00+00:00,CASH3.SA,3.4600000381469727,3.4700000286102295,3.4600000381469727,3.4600000381469727,13900
2026-03-27 16:05:00+00:00,CASH3.SA,3.4600000381469727,3.4800000190734863,3.4600000381469727,3.4600000381469727,26800
2026-03-27 16:10:00+00:00,CASH3.SA,3.4600000381469727,3.490000009536743,3.4600000381469727,3.4800000190734863,51700
2026-03-27 16:15:00+00:00,CASH3.SA,3.4800000190734863,3.490000009536743,3.4800000190734863,3.4800000190734863,11000
2026-03-27 16:20:00+00:00,CASH3.SA,3.4800000190734863,3.490000009536743,3.4800000190734863,3.4800000190734863,10100
2026-03-27 16:25:00+00:00,CASH3.SA,3.4800000190734863,3.490000009536743,3.4700000286102295,3.4800000190734863,11700
2026-03-27 16:30:00+00:00,CASH3.SA,3.4800000190734863,3.5,3.4800000190734863,3.490000009536743,11400
2026-03-27 16:35:00+00:00,CASH3.SA,3.490000009536743,3.5,3.4800000190734863,3.4800000190734863,6200
2026-03-27 16:40:00+00:00,CASH3.SA,3.4800000190734863,3.5,3.4800000190734863,3.490000009536743,10800
2026-03-27 16:45:00+00:00,CASH3.SA,3.490000009536743,3.5,3.490000009536743,3.490000009536743,7500
2026-03-27 16:50:00+00:00,CASH3.SA,3.490000009536743,3.490000009536743,3.490000009536743,3.490000009536743,5700
2026-03-27 16:55:00+00:00,CASH3.SA,3.490000009536743,3.5,3.490000009536743,3.490000009536743,6000
2026-03-27 17:00:00+00:00,CASH3.SA,3.490000009536743,3.490000009536743,3.4800000190734863,3.4800000190734863,13400
2026-03-27 17:05:00+00:00,CASH3.SA,3.4800000190734863,3.5,3.4800000190734863,3.4800000190734863,13900
2026-03-27 17:10:00+00:00,CASH3.SA,3.4800000190734863,3.490000009536743,3.4800000190734863,3.4800000190734863,6300
2026-03-27 17:15:00+00:00,CASH3.SA,3.490000009536743,3.490000009536743,3.4800000190734863,3.4800000190734863,6200
2026-03-27 17:20:00+00:00,CASH3.SA,3.4800000190734863,3.490000009536743,3.4800000190734863,3.490000009536743,11900
2026-03-27 17:25:00+00:00,CASH3.SA,3.490000009536743,3.5,3.4800000190734863,3.4800000190734863,13200
2026-03-27 17:30:00+00:00,CASH3.SA,3.4800000190734863,3.490000009536743,3.4800000190734863,3.4800000190734863,7000
2026-03-27 17:35:00+00:00,CASH3.SA,3.4800000190734863,3.490000009536743,3.4800000190734863,3.4800000190734863,19200
2026-03-27 17:40:00+00:00,CASH3.SA,3.4800000190734863,3.490000009536743,3.4700000286102295,3.4700000286102295,9400
2026-03-27 17:45:00+00:00,CASH3.SA,3.4700000286102295,3.4800000190734863,3.4600000381469727,3.4600000381469727,28200
2026-03-27 17:50:00+00:00,CASH3.SA,3.4600000381469727,3.4700000286102295,3.4600000381469727,3.4600000381469727,8700
2026-03-27 17:55:00+00:00,CASH3.SA,3.4700000286102295,3.4700000286102295,3.4600000381469727,3.4600000381469727,6800
2026-03-27 18:00:00+00:00,CASH3.SA,3.4600000381469727,3.4600000381469727,3.4600000381469727,3.4600000381469727,6100
2026-03-27 18:05:00+00:00,CASH3.SA,3.4600000381469727,3.4800000190734863,3.4600000381469727,3.4600000381469727,24000
2026-03-27 18:10:00+00:00,CASH3.SA,3.4600000381469727,3.4600000381469727,3.450000047683716,3.450000047683716,16700
2026-03-27 18:15:00+00:00,CASH3.SA,3.450000047683716,3.4600000381469727,3.440000057220459,3.450000047683716,58000
2026-03-27 18:20:00+00:00,CASH3.SA,3.450000047683716,3.4600000381469727,3.450000047683716,3.450000047683716,7300
2026-03-27 18:25:00+00:00,CASH3.SA,3.450000047683716,3.4600000381469727,3.440000057220459,3.440000057220459,10700
2026-03-27 18:30:00+00:00,CASH3.SA,3.440000057220459,3.4600000381469727,3.440000057220459,3.450000047683716,14200
2026-03-27 18:35:00+00:00,CASH3.SA,3.450000047683716,3.4800000190734863,3.450000047683716,3.4700000286102295,22000
2026-03-27 18:40:00+00:00,CASH3.SA,3.4700000286102295,3.5,3.4700000286102295,3.490000009536743,27500
2026-03-27 18:45:00+00:00,CASH3.SA,3.490000009536743,3.490000009536743,3.4800000190734863,3.4800000190734863,7800
2026-03-27 18:50:00+00:00,CASH3.SA,3.4800000190734863,3.490000009536743,3.4800000190734863,3.4800000190734863,35400
2026-03-27 18:55:00+00:00,CASH3.SA,3.4800000190734863,3.5199999809265137,3.4800000190734863,3.509999990463257,49100
2026-03-27 19:00:00+00:00,CASH3.SA,3.509999990463257,3.5199999809265137,3.5,3.509999990463257,36300
2026-03-27 19:05:00+00:00,CASH3.SA,3.509999990463257,3.5199999809265137,3.509999990463257,3.509999990463257,9100
2026-03-27 19:10:00+00:00,CASH3.SA,3.509999990463257,3.549999952316284,3.509999990463257,3.5299999713897705,60500
2026-03-27 19:15:00+00:00,CASH3.SA,3.5299999713897705,3.5399999618530273,3.5299999713897705,3.5299999713897705,10900
2026-03-27 19:20:00+00:00,CASH3.SA,3.5299999713897705,3.5399999618530273,3.509999990463257,3.509999990463257,47000
2026-03-27 19:25:00+00:00,CASH3.SA,3.509999990463257,3.5299999713897705,3.5,3.5,27100
2026-03-27 19:30:00+00:00,CASH3.SA,3.5,3.5199999809265137,3.5,3.5199999809265137,48200
2026-03-27 19:35:00+00:00,CASH3.SA,3.509999990463257,3.509999990463257,3.5,3.5,7400
2026-03-27 19:40:00+00:00,CASH3.SA,3.5,3.5199999809265137,3.5,3.509999990463257,21700
2026-03-27 19:45:00+00:00,CASH3.SA,3.509999990463257,3.5199999809265137,3.5,3.509999990463257,9600
2026-03-27 19:50:00+00:00,CASH3.SA,3.509999990463257,3.5199999809265137,3.5,3.5199999809265137,25900
2026-03-30 13:05:00+00:00,CASH3.SA,3.569999933242798,3.5799999237060547,3.559999942779541,3.569999933242798,6300
2026-03-30 13:10:00+00:00,CASH3.SA,3.569999933242798,3.5799999237060547,3.559999942779541,3.5799999237060547,7700
2026-03-30 13:15:00+00:00,CASH3.SA,3.569999933242798,3.5799999237060547,3.559999942779541,3.559999942779541,17200
2026-03-30 13:20:00+00:00,CASH3.SA,3.559999942779541,3.559999942779541,3.549999952316284,3.559999942779541,4700
2026-03-30 13:25:00+00:00,CASH3.SA,3.569999933242798,3.569999933242798,3.569999933242798,3.569999933242798,800
2026-03-30 13:30:00+00:00,CASH3.SA,3.569999933242798,3.569999933242798,3.559999942779541,3.559999942779541,5200
2026-03-30 13:35:00+00:00,CASH3.SA,3.559999942779541,3.559999942779541,3.549999952316284,3.549999952316284,3400
2026-03-30 13:40:00+00:00,CASH3.SA,3.5399999618530273,3.5399999618530273,3.5199999809265137,3.5199999809265137,13100
2026-03-30 13:45:00+00:00,CASH3.SA,3.5199999809265137,3.5299999713897705,3.5199999809265137,3.5299999713897705,22500
2026-03-30 13:50:00+00:00,CASH3.SA,3.5199999809265137,3.5199999809265137,3.509999990463257,3.509999990463257,4300
2026-03-30 13:55:00+00:00,CASH3.SA,3.509999990463257,3.509999990463257,3.4800000190734863,3.490000009536743,13700
2026-03-30 14:00:00+00:00,CASH3.SA,3.490000009536743,3.509999990463257,3.490000009536743,3.509999990463257,20400
2026-03-30 14:05:00+00:00,CASH3.SA,3.509999990463257,3.509999990463257,3.490000009536743,3.509999990463257,11500
2026-03-30 14:10:00+00:00,CASH3.SA,3.5,3.5199999809265137,3.5,3.5199999809265137,6600
2026-03-30 14:15:00+00:00,CASH3.SA,3.509999990463257,3.5199999809265137,3.509999990463257,3.509999990463257,1800
2026-03-30 14:20:00+00:00,CASH3.SA,3.509999990463257,3.5199999809265137,3.509999990463257,3.5199999809265137,5300
2026-03-30 14:25:00+00:00,CASH3.SA,3.5199999809265137,3.5299999713897705,3.5199999809265137,3.5199999809265137,4000
2026-03-30 14:30:00+00:00,CASH3.SA,3.5299999713897705,3.5399999618530273,3.5299999713897705,3.5299999713897705,8000
2026-03-30 14:35:00+00:00,CASH3.SA,3.5299999713897705,3.5399999618530273,3.5299999713897705,3.5399999618530273,1900
2026-03-30 14:40:00+00:00,CASH3.SA,3.5399999618530273,3.5399999618530273,3.5199999809265137,3.5199999809265137,5800
2026-03-30 14:45:00+00:00,CASH3.SA,3.5199999809265137,3.549999952316284,3.5199999809265137,3.5399999618530273,16600
2026-03-30 14:50:00+00:00,CASH3.SA,3.549999952316284,3.549999952316284,3.549999952316284,3.549999952316284,200
2026-03-30 14:55:00+00:00,CASH3.SA,3.5399999618530273,3.549999952316284,3.5399999618530273,3.549999952316284,8600
2026-03-30 15:00:00+00:00,CASH3.SA,3.559999942779541,3.569999933242798,3.549999952316284,3.549999952316284,15900
2026-03-30 15:05:00+00:00,CASH3.SA,3.559999942779541,3.559999942779541,3.5399999618530273,3.5399999618530273,7800
2026-03-30 15:10:00+00:00,CASH3.SA,3.549999952316284,3.569999933242798,3.5399999618530273,3.569999933242798,28000
2026-03-30 15:15:00+00:00,CASH3.SA,3.569999933242798,3.569999933242798,3.559999942779541,3.559999942779541,13800
2026-03-30 15:20:00+00:00,CASH3.SA,3.559999942779541,3.5799999237060547,3.559999942779541,3.5799999237060547,21100
2026-03-30 15:25:00+00:00,CASH3.SA,3.5799999237060547,3.5799999237060547,3.569999933242798,3.569999933242798,1800
2026-03-30 15:30:00+00:00,CASH3.SA,3.569999933242798,3.5899999141693115,3.569999933242798,3.5899999141693115,13900
2026-03-30 15:35:00+00:00,CASH3.SA,3.5899999141693115,3.5899999141693115,3.5799999237060547,3.5799999237060547,2200
2026-03-30 15:40:00+00:00,CASH3.SA,3.5799999237060547,3.5799999237060547,3.569999933242798,3.5799999237060547,8700
2026-03-30 15:45:00+00:00,CASH3.SA,3.5799999237060547,3.5799999237060547,3.569999933242798,3.569999933242798,3700
2026-03-30 15:50:00+00:00,CASH3.SA,3.569999933242798,3.5799999237060547,3.569999933242798,3.569999933242798,8500
2026-03-30 15:55:00+00:00,CASH3.SA,3.569999933242798,3.569999933242798,3.569999933242798,3.569999933242798,900
2026-03-30 16:00:00+00:00,CASH3.SA,3.569999933242798,3.569999933242798,3.549999952316284,3.549999952316284,11100
2026-03-30 16:05:00+00:00,CASH3.SA,3.559999942779541,3.569999933242798,3.559999942779541,3.559999942779541,10300
2026-03-30 16:10:00+00:00,CASH3.SA,3.559999942779541,3.569999933242798,3.559999942779541,3.569999933242798,13300
2026-03-30 16:15:00+00:00,CASH3.SA,3.569999933242798,3.569999933242798,3.559999942779541,3.559999942779541,3200
2026-03-30 16:20:00+00:00,CASH3.SA,3.569999933242798,3.5799999237060547,3.559999942779541,3.559999942779541,9200
2026-03-30 16:25:00+00:00,CASH3.SA,3.559999942779541,3.569999933242798,3.559999942779541,3.559999942779541,2800
2026-03-30 16:30:00+00:00,CASH3.SA,3.559999942779541,3.569999933242798,3.559999942779541,3.559999942779541,1400
2026-03-30 16:35:00+00:00,CASH3.SA,3.559999942779541,3.569999933242798,3.559999942779541,3.569999933242798,7700
2026-03-30 16:40:00+00:00,CASH3.SA,3.559999942779541,3.559999942779541,3.549999952316284,3.549999952316284,6500
2026-03-30 16:45:00+00:00,CASH3.SA,3.559999942779541,3.559999942779541,3.549999952316284,3.559999942779541,16300
2026-03-30 16:50:00+00:00,CASH3.SA,3.569999933242798,3.569999933242798,3.559999942779541,3.559999942779541,0
2026-03-30 16:55:00+00:00,CASH3.SA,3.559999942779541,3.569999933242798,3.559999942779541,3.559999942779541,2700
2026-03-30 17:00:00+00:00,CASH3.SA,3.559999942779541,3.559999942779541,3.549999952316284,3.559999942779541,10000
2026-03-30 17:05:00+00:00,CASH3.SA,3.559999942779541,3.569999933242798,3.559999942779541,3.559999942779541,2500
2026-03-30 17:10:00+00:00,CASH3.SA,3.559999942779541,3.569999933242798,3.549999952316284,3.549999952316284,11100
2026-03-30 17:15:00+00:00,CASH3.SA,3.549999952316284,3.559999942779541,3.549999952316284,3.549999952316284,5300
2026-03-30 17:20:00+00:00,CASH3.SA,3.549999952316284,3.549999952316284,3.5399999618530273,3.5399999618530273,6100
2026-03-30 17:25:00+00:00,CASH3.SA,3.5399999618530273,3.5399999618530273,3.5399999618530273,3.5399999618530273,1900
2026-03-30 17:30:00+00:00,CASH3.SA,3.5399999618530273,3.549999952316284,3.5399999618530273,3.5399999618530273,6400
2026-03-30 17:35:00+00:00,CASH3.SA,3.5399999618530273,3.549999952316284,3.5399999618530273,3.5399999618530273,2100
2026-03-30 17:40:00+00:00,CASH3.SA,3.5399999618530273,3.549999952316284,3.5399999618530273,3.5399999618530273,4300
2026-03-30 17:45:00+00:00,CASH3.SA,3.5399999618530273,3.559999942779541,3.5399999618530273,3.549999952316284,7000
2026-03-30 17:50:00+00:00,CASH3.SA,3.549999952316284,3.559999942779541,3.549999952316284,3.549999952316284,9400
2026-03-30 17:55:00+00:00,CASH3.SA,3.549999952316284,3.549999952316284,3.5399999618530273,3.549999952316284,21400
2026-03-30 18:00:00+00:00,CASH3.SA,3.559999942779541,3.559999942779541,3.549999952316284,3.549999952316284,1000
2026-03-30 18:05:00+00:00,CASH3.SA,3.559999942779541,3.559999942779541,3.549999952316284,3.549999952316284,6700
2026-03-30 18:10:00+00:00,CASH3.SA,3.549999952316284,3.559999942779541,3.549999952316284,3.549999952316284,5700
2026-03-30 18:15:00+00:00,CASH3.SA,3.549999952316284,3.559999942779541,3.549999952316284,3.559999942779541,14000
2026-03-30 18:20:00+00:00,CASH3.SA,3.549999952316284,3.559999942779541,3.549999952316284,3.549999952316284,3300
2026-03-30 18:25:00+00:00,CASH3.SA,3.549999952316284,3.549999952316284,3.5399999618530273,3.549999952316284,8400
2026-03-30 18:30:00+00:00,CASH3.SA,3.5399999618530273,3.549999952316284,3.5399999618530273,3.5399999618530273,3300
2026-03-30 18:35:00+00:00,CASH3.SA,3.5399999618530273,3.549999952316284,3.5399999618530273,3.5399999618530273,3200
2026-03-30 18:40:00+00:00,CASH3.SA,3.5399999618530273,3.549999952316284,3.5399999618530273,3.5399999618530273,2500
2026-03-30 18:45:00+00:00,CASH3.SA,3.5399999618530273,3.559999942779541,3.5399999618530273,3.559999942779541,13000
2026-03-30 18:50:00+00:00,CASH3.SA,3.549999952316284,3.549999952316284,3.5399999618530273,3.5399999618530273,25000
2026-03-30 18:55:00+00:00,CASH3.SA,3.5399999618530273,3.549999952316284,3.5399999618530273,3.549999952316284,23000
2026-03-30 19:00:00+00:00,CASH3.SA,3.5399999618530273,3.549999952316284,3.5399999618530273,3.5399999618530273,7200
2026-03-30 19:05:00+00:00,CASH3.SA,3.5399999618530273,3.549999952316284,3.5299999713897705,3.5299999713897705,12400
2026-03-30 19:10:00+00:00,CASH3.SA,3.5299999713897705,3.5399999618530273,3.5199999809265137,3.5199999809265137,8200
2026-03-30 19:15:00+00:00,CASH3.SA,3.5199999809265137,3.5399999618530273,3.5199999809265137,3.5199999809265137,4800
2026-03-30 19:20:00+00:00,CASH3.SA,3.5199999809265137,3.5199999809265137,3.509999990463257,3.509999990463257,10800
2026-03-30 19:25:00+00:00,CASH3.SA,3.509999990463257,3.5299999713897705,3.509999990463257,3.5299999713897705,21300
2026-03-30 19:30:00+00:00,CASH3.SA,3.5299999713897705,3.5399999618530273,3.5299999713897705,3.5399999618530273,11900
2026-03-30 19:35:00+00:00,CASH3.SA,3.5399999618530273,3.549999952316284,3.5399999618530273,3.5399999618530273,8800
2026-03-30 19:40:00+00:00,CASH3.SA,3.5399999618530273,3.5399999618530273,3.5399999618530273,3.5399999618530273,17500
2026-03-30 19:45:00+00:00,CASH3.SA,3.5399999618530273,3.549999952316284,3.5299999713897705,3.5399999618530273,8500
2026-03-30 19:50:00+00:00,CASH3.SA,3.5399999618530273,3.5399999618530273,3.5199999809265137,3.5199999809265137,24800
2026-03-31 13:05:00+00:00,CASH3.SA,3.5299999713897705,3.5799999237060547,3.5299999713897705,3.569999933242798,8300
2026-03-31 13:10:00+00:00,CASH3.SA,3.569999933242798,3.5999999046325684,3.569999933242798,3.5899999141693115,5400
2026-03-31 13:15:00+00:00,CASH3.SA,3.5899999141693115,3.640000104904175,3.5799999237060547,3.630000114440918,24200
2026-03-31 13:20:00+00:00,CASH3.SA,3.619999885559082,3.630000114440918,3.619999885559082,3.619999885559082,16000
2026-03-31 13:25:00+00:00,CASH3.SA,3.630000114440918,3.640000104904175,3.619999885559082,3.640000104904175,30000
2026-03-31 13:30:00+00:00,CASH3.SA,3.630000114440918,3.640000104904175,3.630000114440918,3.630000114440918,22200
2026-03-31 13:35:00+00:00,CASH3.SA,3.630000114440918,3.640000104904175,3.630000114440918,3.640000104904175,1500
2026-03-31 13:40:00+00:00,CASH3.SA,3.630000114440918,3.6500000953674316,3.630000114440918,3.630000114440918,7600
2026-03-31 13:45:00+00:00,CASH3.SA,3.630000114440918,3.6500000953674316,3.630000114440918,3.640000104904175,19000
2026-03-31 13:50:00+00:00,CASH3.SA,3.640000104904175,3.7200000286102295,3.640000104904175,3.7200000286102295,205000
2026-03-31 13:55:00+00:00,CASH3.SA,3.700000047683716,3.7300000190734863,3.700000047683716,3.7300000190734863,17200
2026-03-31 14:00:00+00:00,CASH3.SA,3.7300000190734863,3.75,3.7300000190734863,3.740000009536743,34600
2026-03-31 14:05:00+00:00,CASH3.SA,3.740000009536743,3.75,3.7300000190734863,3.7300000190734863,26100
2026-03-31 14:10:00+00:00,CASH3.SA,3.7300000190734863,3.740000009536743,3.7200000286102295,3.7200000286102295,20100
2026-03-31 14:15:00+00:00,CASH3.SA,3.7200000286102295,3.7300000190734863,3.7100000381469727,3.7200000286102295,10400
2026-03-31 14:20:00+00:00,CASH3.SA,3.7100000381469727,3.7100000381469727,3.680000066757202,3.690000057220459,46800
2026-03-31 14:25:00+00:00,CASH3.SA,3.690000057220459,3.690000057220459,3.680000066757202,3.680000066757202,7100
2026-03-31 14:30:00+00:00,CASH3.SA,3.690000057220459,3.690000057220459,3.6500000953674316,3.6500000953674316,30700
2026-03-31 14:35:00+00:00,CASH3.SA,3.6500000953674316,3.6600000858306885,3.630000114440918,3.630000114440918,10500
2026-03-31 14:40:00+00:00,CASH3.SA,3.630000114440918,3.6700000762939453,3.630000114440918,3.6600000858306885,37700
2026-03-31 14:45:00+00:00,CASH3.SA,3.6700000762939453,3.6700000762939453,3.640000104904175,3.6500000953674316,13300
2026-03-31 14:50:00+00:00,CASH3.SA,3.640000104904175,3.6500000953674316,3.630000114440918,3.640000104904175,9100
2026-03-31 14:55:00+00:00,CASH3.SA,3.640000104904175,3.640000104904175,3.619999885559082,3.640000104904175,13200
2026-03-31 15:00:00+00:00,CASH3.SA,3.640000104904175,3.6500000953674316,3.630000114440918,3.6500000953674316,8200
2026-03-31 15:05:00+00:00,CASH3.SA,3.6500000953674316,3.6600000858306885,3.640000104904175,3.6500000953674316,13000
2026-03-31 15:10:00+00:00,CASH3.SA,3.6500000953674316,3.6500000953674316,3.640000104904175,3.640000104904175,6800
2026-03-31 15:15:00+00:00,CASH3.SA,3.6500000953674316,3.6600000858306885,3.640000104904175,3.6600000858306885,7300
2026-03-31 15:20:00+00:00,CASH3.SA,3.6600000858306885,3.6600000858306885,3.640000104904175,3.6600000858306885,8200
2026-03-31 15:25:00+00:00,CASH3.SA,3.6500000953674316,3.6600000858306885,3.6500000953674316,3.6600000858306885,5600
2026-03-31 15:30:00+00:00,CASH3.SA,3.6600000858306885,3.6600000858306885,3.6500000953674316,3.6500000953674316,6000
2026-03-31 15:35:00+00:00,CASH3.SA,3.6600000858306885,3.6700000762939453,3.6500000953674316,3.6700000762939453,12200
2026-03-31 15:40:00+00:00,CASH3.SA,3.6700000762939453,3.6700000762939453,3.6500000953674316,3.6600000858306885,14400
2026-03-31 15:45:00+00:00,CASH3.SA,3.6600000858306885,3.6600000858306885,3.6500000953674316,3.6500000953674316,6500
2026-03-31 15:50:00+00:00,CASH3.SA,3.6600000858306885,3.6600000858306885,3.6500000953674316,3.6600000858306885,5700
2026-03-31 15:55:00+00:00,CASH3.SA,3.6600000858306885,3.6600000858306885,3.6500000953674316,3.6500000953674316,7400
2026-03-31 16:00:00+00:00,CASH3.SA,3.6500000953674316,3.6600000858306885,3.6500000953674316,3.6600000858306885,7500
2026-03-31 16:05:00+00:00,CASH3.SA,3.6600000858306885,3.6600000858306885,3.6500000953674316,3.6600000858306885,5900
2026-03-31 16:10:00+00:00,CASH3.SA,3.6600000858306885,3.6600000858306885,3.6500000953674316,3.6500000953674316,6400
2026-03-31 16:15:00+00:00,CASH3.SA,3.6600000858306885,3.6600000858306885,3.6500000953674316,3.6500000953674316,5600
2026-03-31 16:20:00+00:00,CASH3.SA,3.6600000858306885,3.6600000858306885,3.6500000953674316,3.6600000858306885,20300
2026-03-31 16:25:00+00:00,CASH3.SA,3.6600000858306885,3.6600000858306885,3.6500000953674316,3.6500000953674316,9400
2026-03-31 16:30:00+00:00,CASH3.SA,3.6600000858306885,3.6600000858306885,3.6500000953674316,3.6500000953674316,7400
2026-03-31 16:35:00+00:00,CASH3.SA,3.6600000858306885,3.6700000762939453,3.6500000953674316,3.6600000858306885,9500
2026-03-31 16:40:00+00:00,CASH3.SA,3.6700000762939453,3.700000047683716,3.6700000762939453,3.690000057220459,56100
2026-03-31 16:45:00+00:00,CASH3.SA,3.690000057220459,3.690000057220459,3.6700000762939453,3.680000066757202,17300
2026-03-31 16:50:00+00:00,CASH3.SA,3.680000066757202,3.690000057220459,3.6700000762939453,3.690000057220459,8300
2026-03-31 16:55:00+00:00,CASH3.SA,3.690000057220459,3.690000057220459,3.680000066757202,3.690000057220459,12200
2026-03-31 17:00:00+00:00,CASH3.SA,3.690000057220459,3.700000047683716,3.680000066757202,3.700000047683716,12800
2026-03-31 17:05:00+00:00,CASH3.SA,3.700000047683716,3.7100000381469727,3.690000057220459,3.700000047683716,40700
2026-03-31 17:10:00+00:00,CASH3.SA,3.700000047683716,3.7200000286102295,3.700000047683716,3.700000047683716,8500
2026-03-31 17:15:00+00:00,CASH3.SA,3.7100000381469727,3.7300000190734863,3.7100000381469727,3.7200000286102295,26200
2026-03-31 17:20:00+00:00,CASH3.SA,3.7200000286102295,3.7300000190734863,3.7200000286102295,3.7200000286102295,13700
2026-03-31 17:25:00+00:00,CASH3.SA,3.7300000190734863,3.7300000190734863,3.7100000381469727,3.7200000286102295,39600
2026-03-31 17:30:00+00:00,CASH3.SA,3.7200000286102295,3.7300000190734863,3.7100000381469727,3.7300000190734863,28300
2026-03-31 17:35:00+00:00,CASH3.SA,3.7200000286102295,3.7300000190734863,3.700000047683716,3.7100000381469727,20300
2026-03-31 17:40:00+00:00,CASH3.SA,3.700000047683716,3.7200000286102295,3.700000047683716,3.7100000381469727,14700
2026-03-31 17:45:00+00:00,CASH3.SA,3.7100000381469727,3.7200000286102295,3.700000047683716,3.7100000381469727,17600
2026-03-31 17:50:00+00:00,CASH3.SA,3.700000047683716,3.7100000381469727,3.700000047683716,3.700000047683716,6700
2026-03-31 17:55:00+00:00,CASH3.SA,3.7100000381469727,3.7100000381469727,3.6600000858306885,3.680000066757202,116400
2026-03-31 18:00:00+00:00,CASH3.SA,3.680000066757202,3.690000057220459,3.6700000762939453,3.690000057220459,15000
2026-03-31 18:05:00+00:00,CASH3.SA,3.690000057220459,3.690000057220459,3.680000066757202,3.690000057220459,9800
2026-03-31 18:10:00+00:00,CASH3.SA,3.690000057220459,3.690000057220459,3.680000066757202,3.690000057220459,9400
2026-03-31 18:15:00+00:00,CASH3.SA,3.690000057220459,3.700000047683716,3.680000066757202,3.690000057220459,6600
2026-03-31 18:20:00+00:00,CASH3.SA,3.700000047683716,3.700000047683716,3.680000066757202,3.700000047683716,7200
2026-03-31 18:25:00+00:00,CASH3.SA,3.690000057220459,3.700000047683716,3.680000066757202,3.700000047683716,9600
2026-03-31 18:30:00+00:00,CASH3.SA,3.690000057220459,3.700000047683716,3.6700000762939453,3.6700000762939453,17200
2026-03-31 18:35:00+00:00,CASH3.SA,3.6700000762939453,3.700000047683716,3.6700000762939453,3.700000047683716,12300
2026-03-31 18:40:00+00:00,CASH3.SA,3.700000047683716,3.700000047683716,3.680000066757202,3.690000057220459,11500
2026-03-31 18:45:00+00:00,CASH3.SA,3.690000057220459,3.700000047683716,3.690000057220459,3.700000047683716,11800
2026-03-31 18:50:00+00:00,CASH3.SA,3.700000047683716,3.700000047683716,3.680000066757202,3.690000057220459,16600
2026-03-31 18:55:00+00:00,CASH3.SA,3.680000066757202,3.690000057220459,3.680000066757202,3.680000066757202,10600
2026-03-31 19:00:00+00:00,CASH3.SA,3.690000057220459,3.7100000381469727,3.680000066757202,3.690000057220459,19600
2026-03-31 19:05:00+00:00,CASH3.SA,3.700000047683716,3.700000047683716,3.690000057220459,3.700000047683716,9700
2026-03-31 19:10:00+00:00,CASH3.SA,3.700000047683716,3.700000047683716,3.690000057220459,3.700000047683716,5700
2026-03-31 19:15:00+00:00,CASH3.SA,3.690000057220459,3.700000047683716,3.680000066757202,3.690000057220459,21300
2026-03-31 19:20:00+00:00,CASH3.SA,3.690000057220459,3.700000047683716,3.680000066757202,3.680000066757202,16600
2026-03-31 19:25:00+00:00,CASH3.SA,3.680000066757202,3.690000057220459,3.680000066757202,3.680000066757202,10900
2026-03-31 19:30:00+00:00,CASH3.SA,3.680000066757202,3.690000057220459,3.680000066757202,3.690000057220459,11400
2026-03-31 19:35:00+00:00,CASH3.SA,3.690000057220459,3.690000057220459,3.680000066757202,3.680000066757202,6400
2026-03-31 19:40:00+00:00,CASH3.SA,3.690000057220459,3.690000057220459,3.680000066757202,3.680000066757202,15900
2026-03-31 19:45:00+00:00,CASH3.SA,3.680000066757202,3.700000047683716,3.680000066757202,3.700000047683716,22700
2026-03-31 19:50:00+00:00,CASH3.SA,3.700000047683716,3.7200000286102295,3.690000057220459,3.7100000381469727,66400
2026-04-01 13:00:00+00:00,CASH3.SA,3.6700000762939453,3.6700000762939453,3.6700000762939453,3.6700000762939453,0
2026-04-01 13:05:00+00:00,CASH3.SA,3.7200000286102295,3.740000009536743,3.7200000286102295,3.740000009536743,38400
2026-04-01 13:10:00+00:00,CASH3.SA,3.740000009536743,3.740000009536743,3.7200000286102295,3.7200000286102295,9500
2026-04-01 13:15:00+00:00,CASH3.SA,3.7200000286102295,3.7300000190734863,3.700000047683716,3.7200000286102295,10200
2026-04-01 13:20:00+00:00,CASH3.SA,3.7100000381469727,3.7100000381469727,3.690000057220459,3.690000057220459,9600
2026-04-01 13:25:00+00:00,CASH3.SA,3.690000057220459,3.7200000286102295,3.690000057220459,3.7200000286102295,7600
2026-04-01 13:30:00+00:00,CASH3.SA,3.700000047683716,3.7200000286102295,3.700000047683716,3.7100000381469727,5300
2026-04-01 13:35:00+00:00,CASH3.SA,3.7100000381469727,3.7200000286102295,3.7100000381469727,3.7200000286102295,4900
2026-04-01 13:40:00+00:00,CASH3.SA,3.7100000381469727,3.7100000381469727,3.690000057220459,3.690000057220459,17100
2026-04-01 13:45:00+00:00,CASH3.SA,3.690000057220459,3.700000047683716,3.6700000762939453,3.6700000762939453,11600
2026-04-01 13:50:00+00:00,CASH3.SA,3.6700000762939453,3.7100000381469727,3.6700000762939453,3.700000047683716,32400
2026-04-01 13:55:00+00:00,CASH3.SA,3.700000047683716,3.7100000381469727,3.700000047683716,3.700000047683716,2100
2026-04-01 14:00:00+00:00,CASH3.SA,3.7100000381469727,3.7100000381469727,3.700000047683716,3.7100000381469727,5300
2026-04-01 14:05:00+00:00,CASH3.SA,3.7100000381469727,3.7100000381469727,3.690000057220459,3.7100000381469727,9800
2026-04-01 14:10:00+00:00,CASH3.SA,3.700000047683716,3.7100000381469727,3.690000057220459,3.700000047683716,12800
2026-04-01 14:15:00+00:00,CASH3.SA,3.7100000381469727,3.7100000381469727,3.700000047683716,3.700000047683716,1100
2026-04-01 14:20:00+00:00,CASH3.SA,3.7100000381469727,3.7100000381469727,3.700000047683716,3.700000047683716,4400
2026-04-01 14:25:00+00:00,CASH3.SA,3.700000047683716,3.7100000381469727,3.700000047683716,3.700000047683716,1600
2026-04-01 14:30:00+00:00,CASH3.SA,3.700000047683716,3.7200000286102295,3.700000047683716,3.7200000286102295,4400
2026-04-01 14:35:00+00:00,CASH3.SA,3.7100000381469727,3.7300000190734863,3.700000047683716,3.7200000286102295,16000
2026-04-01 14:40:00+00:00,CASH3.SA,3.7200000286102295,3.7300000190734863,3.7100000381469727,3.7300000190734863,11800
2026-04-01 14:45:00+00:00,CASH3.SA,3.7300000190734863,3.740000009536743,3.7200000286102295,3.7300000190734863,10700
2026-04-01 14:50:00+00:00,CASH3.SA,3.740000009536743,3.740000009536743,3.7300000190734863,3.7300000190734863,600
2026-04-01 14:55:00+00:00,CASH3.SA,3.7300000190734863,3.740000009536743,3.7300000190734863,3.7300000190734863,1600
2026-04-01 15:00:00+00:00,CASH3.SA,3.7300000190734863,3.75,3.7300000190734863,3.7300000190734863,22000
2026-04-01 15:05:00+00:00,CASH3.SA,3.7300000190734863,3.740000009536743,3.7300000190734863,3.7300000190734863,7500
2026-04-01 15:10:00+00:00,CASH3.SA,3.7300000190734863,3.759999990463257,3.7300000190734863,3.75,45000
2026-04-01 15:15:00+00:00,CASH3.SA,3.740000009536743,3.75,3.740000009536743,3.740000009536743,10500
2026-04-01 15:20:00+00:00,CASH3.SA,3.740000009536743,3.75,3.740000009536743,3.740000009536743,2000
2026-04-01 15:25:00+00:00,CASH3.SA,3.740000009536743,3.75,3.740000009536743,3.740000009536743,8200
2026-04-01 15:30:00+00:00,CASH3.SA,3.75,3.759999990463257,3.740000009536743,3.75,8700
2026-04-01 15:35:00+00:00,CASH3.SA,3.75,3.7699999809265137,3.75,3.759999990463257,12900
2026-04-01 15:40:00+00:00,CASH3.SA,3.759999990463257,3.7799999713897705,3.759999990463257,3.7699999809265137,22600
2026-04-01 15:45:00+00:00,CASH3.SA,3.7799999713897705,3.7799999713897705,3.7699999809265137,3.7699999809265137,13900
2026-04-01 15:50:00+00:00,CASH3.SA,3.7699999809265137,3.7799999713897705,3.7699999809265137,3.7799999713897705,2500
2026-04-01 15:55:00+00:00,CASH3.SA,3.7699999809265137,3.7799999713897705,3.759999990463257,3.759999990463257,22300
2026-04-01 16:00:00+00:00,CASH3.SA,3.759999990463257,3.7699999809265137,3.759999990463257,3.759999990463257,1400
2026-04-01 16:05:00+00:00,CASH3.SA,3.759999990463257,3.7699999809265137,3.759999990463257,3.759999990463257,1000
2026-04-01 16:10:00+00:00,CASH3.SA,3.759999990463257,3.7699999809265137,3.759999990463257,3.759999990463257,4100
2026-04-01 16:15:00+00:00,CASH3.SA,3.759999990463257,3.7699999809265137,3.75,3.759999990463257,12800
2026-04-01 16:20:00+00:00,CASH3.SA,3.75,3.759999990463257,3.75,3.75,900
2026-04-01 16:25:00+00:00,CASH3.SA,3.75,3.759999990463257,3.75,3.75,3900
2026-04-01 16:30:00+00:00,CASH3.SA,3.75,3.7699999809265137,3.75,3.7699999809265137,5500
2026-04-01 16:35:00+00:00,CASH3.SA,3.7699999809265137,3.7799999713897705,3.759999990463257,3.7799999713897705,8300
2026-04-01 16:40:00+00:00,CASH3.SA,3.7699999809265137,3.7799999713897705,3.759999990463257,3.759999990463257,15600
2026-04-01 16:45:00+00:00,CASH3.SA,3.7699999809265137,3.7699999809265137,3.759999990463257,3.759999990463257,1000
2026-04-01 16:50:00+00:00,CASH3.SA,3.7699999809265137,3.7699999809265137,3.759999990463257,3.7699999809265137,3800
2026-04-01 16:55:00+00:00,CASH3.SA,3.7799999713897705,3.7799999713897705,3.75,3.75,11000
2026-04-01 17:00:00+00:00,CASH3.SA,3.75,3.759999990463257,3.75,3.75,2000
2026-04-01 17:05:00+00:00,CASH3.SA,3.759999990463257,3.7699999809265137,3.75,3.759999990463257,3400
2026-04-01 17:10:00+00:00,CASH3.SA,3.759999990463257,3.759999990463257,3.75,3.75,7400
2026-04-01 17:15:00+00:00,CASH3.SA,3.75,3.759999990463257,3.740000009536743,3.75,5900
2026-04-01 17:20:00+00:00,CASH3.SA,3.75,3.759999990463257,3.75,3.75,5800
2026-04-01 17:25:00+00:00,CASH3.SA,3.75,3.759999990463257,3.75,3.75,2900
2026-04-01 17:30:00+00:00,CASH3.SA,3.75,3.759999990463257,3.740000009536743,3.740000009536743,7600
2026-04-01 17:35:00+00:00,CASH3.SA,3.75,3.759999990463257,3.740000009536743,3.759999990463257,6600
2026-04-01 17:40:00+00:00,CASH3.SA,3.75,3.759999990463257,3.75,3.759999990463257,2600
2026-04-01 17:45:00+00:00,CASH3.SA,3.759999990463257,3.759999990463257,3.75,3.759999990463257,6700
2026-04-01 17:50:00+00:00,CASH3.SA,3.759999990463257,3.7699999809265137,3.740000009536743,3.740000009536743,26700
2026-04-01 17:55:00+00:00,CASH3.SA,3.759999990463257,3.759999990463257,3.740000009536743,3.75,12500
2026-04-01 18:00:00+00:00,CASH3.SA,3.759999990463257,3.759999990463257,3.7300000190734863,3.740000009536743,21400
2026-04-01 18:05:00+00:00,CASH3.SA,3.740000009536743,3.740000009536743,3.7300000190734863,3.740000009536743,5100
2026-04-01 18:10:00+00:00,CASH3.SA,3.740000009536743,3.740000009536743,3.7300000190734863,3.740000009536743,6600
2026-04-01 18:15:00+00:00,CASH3.SA,3.740000009536743,3.740000009536743,3.7200000286102295,3.7300000190734863,10600
2026-04-01 18:20:00+00:00,CASH3.SA,3.7300000190734863,3.7300000190734863,3.7100000381469727,3.7300000190734863,120600
2026-04-01 18:25:00+00:00,CASH3.SA,3.7300000190734863,3.7300000190734863,3.7200000286102295,3.7200000286102295,13900
2026-04-01 18:30:00+00:00,CASH3.SA,3.7300000190734863,3.7300000190734863,3.7200000286102295,3.7300000190734863,5400
2026-04-01 18:35:00+00:00,CASH3.SA,3.7300000190734863,3.7300000190734863,3.7100000381469727,3.7200000286102295,14200
2026-04-01 18:40:00+00:00,CASH3.SA,3.7100000381469727,3.740000009536743,3.7100000381469727,3.7300000190734863,23200
2026-04-01 18:45:00+00:00,CASH3.SA,3.740000009536743,3.740000009536743,3.7200000286102295,3.7300000190734863,12200
2026-04-01 18:50:00+00:00,CASH3.SA,3.7300000190734863,3.7300000190734863,3.7200000286102295,3.7200000286102295,4300
2026-04-01 18:55:00+00:00,CASH3.SA,3.7300000190734863,3.740000009536743,3.7200000286102295,3.7200000286102295,4800
2026-04-01 19:00:00+00:00,CASH3.SA,3.7200000286102295,3.7200000286102295,3.7100000381469727,3.7100000381469727,10300
2026-04-01 19:05:00+00:00,CASH3.SA,3.7200000286102295,3.7200000286102295,3.7100000381469727,3.7100000381469727,5000
2026-04-01 19:10:00+00:00,CASH3.SA,3.7200000286102295,3.740000009536743,3.7100000381469727,3.7300000190734863,9600
2026-04-01 19:15:00+00:00,CASH3.SA,3.740000009536743,3.75,3.7300000190734863,3.740000009536743,7800
2026-04-01 19:20:00+00:00,CASH3.SA,3.75,3.75,3.7300000190734863,3.75,11100
2026-04-01 19:25:00+00:00,CASH3.SA,3.75,3.75,3.740000009536743,3.740000009536743,5100
2026-04-01 19:30:00+00:00,CASH3.SA,3.75,3.75,3.7200000286102295,3.7200000286102295,27500
2026-04-01 19:35:00+00:00,CASH3.SA,3.7200000286102295,3.7300000190734863,3.7200000286102295,3.7300000190734863,11000
2026-04-01 19:40:00+00:00,CASH3.SA,3.740000009536743,3.75,3.7300000190734863,3.740000009536743,8800
2026-04-01 19:45:00+00:00,CASH3.SA,3.740000009536743,3.75,3.7300000190734863,3.7300000190734863,9700
2026-04-01 19:50:00+00:00,CASH3.SA,3.740000009536743,3.75,3.7200000286102295,3.75,29500
2026-04-02 13:00:00+00:00,CASH3.SA,3.6500000953674316,3.6500000953674316,3.619999885559082,3.619999885559082,0
2026-04-02 13:05:00+00:00,CASH3.SA,3.640000104904175,3.640000104904175,3.5799999237060547,3.619999885559082,45600
2026-04-02 13:10:00+00:00,CASH3.SA,3.609999895095825,3.609999895095825,3.5999999046325684,3.609999895095825,4100
2026-04-02 13:15:00+00:00,CASH3.SA,3.609999895095825,3.609999895095825,3.5999999046325684,3.609999895095825,15100
2026-04-02 13:20:00+00:00,CASH3.SA,3.609999895095825,3.609999895095825,3.609999895095825,3.609999895095825,1300
2026-04-02 13:25:00+00:00,CASH3.SA,3.609999895095825,3.619999885559082,3.609999895095825,3.619999885559082,10000
2026-04-02 13:30:00+00:00,CASH3.SA,3.619999885559082,3.619999885559082,3.609999895095825,3.609999895095825,10600
2026-04-02 13:35:00+00:00,CASH3.SA,3.609999895095825,3.609999895095825,3.549999952316284,3.559999942779541,223600
2026-04-02 13:40:00+00:00,CASH3.SA,3.549999952316284,3.559999942779541,3.5399999618530273,3.549999952316284,28000
2026-04-02 13:45:00+00:00,CASH3.SA,3.549999952316284,3.549999952316284,3.5299999713897705,3.549999952316284,31000
2026-04-02 13:50:00+00:00,CASH3.SA,3.559999942779541,3.569999933242798,3.549999952316284,3.569999933242798,19300
2026-04-02 13:55:00+00:00,CASH3.SA,3.569999933242798,3.5799999237060547,3.559999942779541,3.559999942779541,13300
2026-04-02 14:00:00+00:00,CASH3.SA,3.5799999237060547,3.609999895095825,3.559999942779541,3.609999895095825,17800
2026-04-02 14:05:00+00:00,CASH3.SA,3.609999895095825,3.630000114440918,3.5999999046325684,3.619999885559082,15400
2026-04-02 14:10:00+00:00,CASH3.SA,3.619999885559082,3.630000114440918,3.619999885559082,3.619999885559082,11100
2026-04-02 14:15:00+00:00,CASH3.SA,3.619999885559082,3.640000104904175,3.619999885559082,3.640000104904175,16400
2026-04-02 14:20:00+00:00,CASH3.SA,3.640000104904175,3.640000104904175,3.619999885559082,3.630000114440918,4200
2026-04-02 14:25:00+00:00,CASH3.SA,3.630000114440918,3.630000114440918,3.609999895095825,3.619999885559082,12300
2026-04-02 14:30:00+00:00,CASH3.SA,3.619999885559082,3.619999885559082,3.619999885559082,3.619999885559082,10800
2026-04-02 14:35:00+00:00,CASH3.SA,3.619999885559082,3.690000057220459,3.609999895095825,3.680000066757202,49100
2026-04-02 14:40:00+00:00,CASH3.SA,3.680000066757202,3.759999990463257,3.6600000858306885,3.75,125300
2026-04-02 14:45:00+00:00,CASH3.SA,3.75,3.819999933242798,3.75,3.759999990463257,220800
2026-04-02 14:50:00+00:00,CASH3.SA,3.75,3.799999952316284,3.75,3.7899999618530273,144500
2026-04-02 14:55:00+00:00,CASH3.SA,3.7899999618530273,3.819999933242798,3.7799999713897705,3.7899999618530273,166000
2026-04-02 15:00:00+00:00,CASH3.SA,3.7899999618530273,3.799999952316284,3.7799999713897705,3.799999952316284,22600
2026-04-02 15:05:00+00:00,CASH3.SA,3.7899999618530273,3.799999952316284,3.7799999713897705,3.7899999618530273,23000
2026-04-02 15:10:00+00:00,CASH3.SA,3.7899999618530273,3.7899999618530273,3.7699999809265137,3.7899999618530273,6100
2026-04-02 15:15:00+00:00,CASH3.SA,3.7899999618530273,3.799999952316284,3.7699999809265137,3.7799999713897705,20500
2026-04-02 15:20:00+00:00,CASH3.SA,3.7799999713897705,3.7799999713897705,3.75,3.759999990463257,19900
2026-04-02 15:25:00+00:00,CASH3.SA,3.7699999809265137,3.7699999809265137,3.759999990463257,3.759999990463257,26800
2026-04-02 15:30:00+00:00,CASH3.SA,3.759999990463257,3.7699999809265137,3.759999990463257,3.759999990463257,8600
2026-04-02 15:35:00+00:00,CASH3.SA,3.7699999809265137,3.7699999809265137,3.75,3.7699999809265137,6900
2026-04-02 15:40:00+00:00,CASH3.SA,3.7699999809265137,3.7699999809265137,3.740000009536743,3.759999990463257,26500
2026-04-02 15:45:00+00:00,CASH3.SA,3.759999990463257,3.759999990463257,3.740000009536743,3.740000009536743,7300
2026-04-02 15:50:00+00:00,CASH3.SA,3.75,3.75,3.7300000190734863,3.740000009536743,14100
2026-04-02 15:55:00+00:00,CASH3.SA,3.75,3.75,3.740000009536743,3.740000009536743,8300
2026-04-02 16:00:00+00:00,CASH3.SA,3.740000009536743,3.7699999809265137,3.7300000190734863,3.75,24000
2026-04-02 16:05:00+00:00,CASH3.SA,3.759999990463257,3.759999990463257,3.7300000190734863,3.740000009536743,61500
2026-04-02 16:10:00+00:00,CASH3.SA,3.740000009536743,3.740000009536743,3.7300000190734863,3.740000009536743,5600
2026-04-02 16:15:00+00:00,CASH3.SA,3.740000009536743,3.75,3.7300000190734863,3.740000009536743,8600
2026-04-02 16:20:00+00:00,CASH3.SA,3.740000009536743,3.740000009536743,3.7300000190734863,3.740000009536743,6100
2026-04-02 16:25:00+00:00,CASH3.SA,3.7300000190734863,3.740000009536743,3.7200000286102295,3.7300000190734863,8200
2026-04-02 16:30:00+00:00,CASH3.SA,3.7300000190734863,3.740000009536743,3.7300000190734863,3.7300000190734863,8200
2026-04-02 16:35:00+00:00,CASH3.SA,3.740000009536743,3.759999990463257,3.7300000190734863,3.75,38800
2026-04-02 16:40:00+00:00,CASH3.SA,3.75,3.759999990463257,3.740000009536743,3.759999990463257,10500
2026-04-02 16:45:00+00:00,CASH3.SA,3.759999990463257,3.759999990463257,3.75,3.759999990463257,9100
2026-04-02 16:50:00+00:00,CASH3.SA,3.759999990463257,3.759999990463257,3.75,3.75,5600
2026-04-02 16:55:00+00:00,CASH3.SA,3.759999990463257,3.759999990463257,3.75,3.75,16800
2026-04-02 17:00:00+00:00,CASH3.SA,3.75,3.759999990463257,3.740000009536743,3.759999990463257,13900
2026-04-02 17:05:00+00:00,CASH3.SA,3.759999990463257,3.759999990463257,3.75,3.759999990463257,5900
2026-04-02 17:10:00+00:00,CASH3.SA,3.759999990463257,3.7699999809265137,3.740000009536743,3.759999990463257,13200
2026-04-02 17:15:00+00:00,CASH3.SA,3.759999990463257,3.7699999809265137,3.759999990463257,3.759999990463257,7600
2026-04-02 17:20:00+00:00,CASH3.SA,3.7699999809265137,3.7699999809265137,3.75,3.759999990463257,16700
2026-04-02 17:25:00+00:00,CASH3.SA,3.759999990463257,3.759999990463257,3.740000009536743,3.740000009536743,8400
2026-04-02 17:30:00+00:00,CASH3.SA,3.759999990463257,3.759999990463257,3.740000009536743,3.75,9600
2026-04-02 17:35:00+00:00,CASH3.SA,3.75,3.75,3.7300000190734863,3.75,12000
2026-04-02 17:40:00+00:00,CASH3.SA,3.75,3.75,3.740000009536743,3.740000009536743,7100
2026-04-02 17:45:00+00:00,CASH3.SA,3.75,3.75,3.740000009536743,3.75,5400
2026-04-02 17:50:00+00:00,CASH3.SA,3.75,3.75,3.7300000190734863,3.740000009536743,16500
2026-04-02 17:55:00+00:00,CASH3.SA,3.75,3.75,3.7300000190734863,3.75,4800
2026-04-02 18:00:00+00:00,CASH3.SA,3.75,3.75,3.7300000190734863,3.740000009536743,9700
2026-04-02 18:05:00+00:00,CASH3.SA,3.740000009536743,3.75,3.740000009536743,3.75,10200
2026-04-02 18:10:00+00:00,CASH3.SA,3.75,3.759999990463257,3.740000009536743,3.759999990463257,7900
2026-04-02 18:15:00+00:00,CASH3.SA,3.759999990463257,3.7699999809265137,3.75,3.7699999809265137,8300
2026-04-02 18:20:00+00:00,CASH3.SA,3.7699999809265137,3.7699999809265137,3.75,3.7699999809265137,8200
2026-04-02 18:25:00+00:00,CASH3.SA,3.7699999809265137,3.7699999809265137,3.75,3.759999990463257,9200
2026-04-02 18:30:00+00:00,CASH3.SA,3.759999990463257,3.759999990463257,3.75,3.759999990463257,4700
2026-04-02 18:35:00+00:00,CASH3.SA,3.759999990463257,3.759999990463257,3.75,3.759999990463257,7900
2026-04-02 18:40:00+00:00,CASH3.SA,3.759999990463257,3.7699999809265137,3.75,3.7699999809265137,12200
2026-04-02 18:45:00+00:00,CASH3.SA,3.7699999809265137,3.7699999809265137,3.759999990463257,3.759999990463257,7300
2026-04-02 18:50:00+00:00,CASH3.SA,3.7699999809265137,3.7699999809265137,3.759999990463257,3.7699999809265137,14000
2026-04-02 18:55:00+00:00,CASH3.SA,3.7699999809265137,3.7699999809265137,3.759999990463257,3.7699999809265137,5000
2026-04-02 19:00:00+00:00,CASH3.SA,3.7699999809265137,3.7799999713897705,3.759999990463257,3.7699999809265137,5400
2026-04-02 19:05:00+00:00,CASH3.SA,3.7699999809265137,3.7799999713897705,3.75,3.7699999809265137,12100
2026-04-02 19:10:00+00:00,CASH3.SA,3.7699999809265137,3.7699999809265137,3.75,3.7699999809265137,9900
2026-04-02 19:15:00+00:00,CASH3.SA,3.7699999809265137,3.7699999809265137,3.759999990463257,3.7699999809265137,5900
2026-04-02 19:20:00+00:00,CASH3.SA,3.7699999809265137,3.7699999809265137,3.75,3.759999990463257,15800
2026-04-02 19:25:00+00:00,CASH3.SA,3.7699999809265137,3.7899999618530273,3.75,3.7899999618530273,32800
2026-04-02 19:30:00+00:00,CASH3.SA,3.7799999713897705,3.799999952316284,3.7799999713897705,3.7899999618530273,21600
2026-04-02 19:35:00+00:00,CASH3.SA,3.7899999618530273,3.7899999618530273,3.7799999713897705,3.7899999618530273,22700
2026-04-02 19:40:00+00:00,CASH3.SA,3.7899999618530273,3.7899999618530273,3.7799999713897705,3.7899999618530273,15000
2026-04-02 19:45:00+00:00,CASH3.SA,3.7899999618530273,3.7899999618530273,3.7699999809265137,3.7899999618530273,23700
2026-04-02 19:50:00+00:00,CASH3.SA,3.7899999618530273,3.799999952316284,3.7699999809265137,3.799999952316284,35900
2026-04-06 13:00:00+00:00,CASH3.SA,3.869999885559082,3.9000000953674316,3.869999885559082,3.880000114440918,0
2026-04-06 13:05:00+00:00,CASH3.SA,3.880000114440918,3.9000000953674316,3.859999895095825,3.869999885559082,16700
2026-04-06 13:10:00+00:00,CASH3.SA,3.869999885559082,3.880000114440918,3.859999895095825,3.859999895095825,25300
2026-04-06 13:15:00+00:00,CASH3.SA,3.859999895095825,3.859999895095825,3.8299999237060547,3.8399999141693115,17800
2026-04-06 13:20:00+00:00,CASH3.SA,3.8399999141693115,3.8499999046325684,3.8399999141693115,3.8499999046325684,12700
2026-04-06 13:25:00+00:00,CASH3.SA,3.8299999237060547,3.8399999141693115,3.8299999237060547,3.8399999141693115,3300
2026-04-06 13:30:00+00:00,CASH3.SA,3.8399999141693115,3.8399999141693115,3.8299999237060547,3.8299999237060547,23100
2026-04-06 13:35:00+00:00,CASH3.SA,3.8399999141693115,3.859999895095825,3.8399999141693115,3.859999895095825,24800
2026-04-06 13:40:00+00:00,CASH3.SA,3.859999895095825,3.869999885559082,3.859999895095825,3.869999885559082,9700
2026-04-06 13:45:00+00:00,CASH3.SA,3.869999885559082,3.890000104904175,3.859999895095825,3.859999895095825,15800
2026-04-06 13:50:00+00:00,CASH3.SA,3.859999895095825,3.869999885559082,3.8499999046325684,3.8499999046325684,3800
2026-04-06 13:55:00+00:00,CASH3.SA,3.859999895095825,3.859999895095825,3.8499999046325684,3.859999895095825,4200
2026-04-06 14:00:00+00:00,CASH3.SA,3.869999885559082,3.869999885559082,3.8499999046325684,3.8499999046325684,8500
2026-04-06 14:05:00+00:00,CASH3.SA,3.859999895095825,3.859999895095825,3.8399999141693115,3.8499999046325684,2600
2026-04-06 14:10:00+00:00,CASH3.SA,3.8499999046325684,3.859999895095825,3.8499999046325684,3.859999895095825,6400
2026-04-06 14:15:00+00:00,CASH3.SA,3.8499999046325684,3.859999895095825,3.8499999046325684,3.859999895095825,2200
2026-04-06 14:20:00+00:00,CASH3.SA,3.8499999046325684,3.859999895095825,3.8499999046325684,3.859999895095825,400
2026-04-06 14:25:00+00:00,CASH3.SA,3.859999895095825,3.859999895095825,3.8399999141693115,3.8499999046325684,8900
2026-04-06 14:30:00+00:00,CASH3.SA,3.8399999141693115,3.8399999141693115,3.8399999141693115,3.8399999141693115,7200
2026-04-06 14:35:00+00:00,CASH3.SA,3.8499999046325684,3.8499999046325684,3.8299999237060547,3.8399999141693115,2300
2026-04-06 14:40:00+00:00,CASH3.SA,3.8299999237060547,3.8299999237060547,3.8299999237060547,3.8299999237060547,18000
2026-04-06 14:45:00+00:00,CASH3.SA,3.8299999237060547,3.8299999237060547,3.809999942779541,3.819999933242798,24500
2026-04-06 14:50:00+00:00,CASH3.SA,3.819999933242798,3.8299999237060547,3.799999952316284,3.799999952316284,28100
2026-04-06 14:55:00+00:00,CASH3.SA,3.809999942779541,3.880000114440918,3.809999942779541,3.859999895095825,119700
2026-04-06 15:00:00+00:00,CASH3.SA,3.859999895095825,3.859999895095825,3.8499999046325684,3.859999895095825,55600
2026-04-06 15:05:00+00:00,CASH3.SA,3.8399999141693115,3.8499999046325684,3.819999933242798,3.8499999046325684,19400
2026-04-06 15:10:00+00:00,CASH3.SA,3.8499999046325684,3.8499999046325684,3.8399999141693115,3.8499999046325684,500
2026-04-06 15:15:00+00:00,CASH3.SA,3.8399999141693115,3.859999895095825,3.8399999141693115,3.859999895095825,4600
2026-04-06 15:20:00+00:00,CASH3.SA,3.8499999046325684,3.8499999046325684,3.8499999046325684,3.8499999046325684,1800
2026-04-06 15:25:00+00:00,CASH3.SA,3.859999895095825,3.859999895095825,3.8399999141693115,3.8399999141693115,1800
2026-04-06 15:30:00+00:00,CASH3.SA,3.8399999141693115,3.8499999046325684,3.8399999141693115,3.8399999141693115,1900
2026-04-06 15:35:00+00:00,CASH3.SA,3.8399999141693115,3.859999895095825,3.8399999141693115,3.8399999141693115,9900
2026-04-06 15:40:00+00:00,CASH3.SA,3.8399999141693115,3.8499999046325684,3.8399999141693115,3.8399999141693115,3800
2026-04-06 15:45:00+00:00,CASH3.SA,3.8499999046325684,3.8499999046325684,3.8399999141693115,3.8499999046325684,4600
2026-04-06 15:50:00+00:00,CASH3.SA,3.8399999141693115,3.8399999141693115,3.8399999141693115,3.8399999141693115,300
2026-04-06 15:55:00+00:00,CASH3.SA,3.8399999141693115,3.8499999046325684,3.8399999141693115,3.8399999141693115,2300
2026-04-06 16:00:00+00:00,CASH3.SA,3.8399999141693115,3.8399999141693115,3.8399999141693115,3.8399999141693115,0
2026-04-06 16:05:00+00:00,CASH3.SA,3.8399999141693115,3.8499999046325684,3.8399999141693115,3.8499999046325684,1200
2026-04-06 16:10:00+00:00,CASH3.SA,3.8399999141693115,3.8399999141693115,3.8299999237060547,3.8399999141693115,3300
2026-04-06 16:15:00+00:00,CASH3.SA,3.8299999237060547,3.8399999141693115,3.8299999237060547,3.8299999237060547,1500
2026-04-06 16:20:00+00:00,CASH3.SA,3.8299999237060547,3.8299999237060547,3.8299999237060547,3.8299999237060547,900
2026-04-06 16:25:00+00:00,CASH3.SA,3.819999933242798,3.8299999237060547,3.819999933242798,3.8299999237060547,4700
2026-04-06 16:30:00+00:00,CASH3.SA,3.819999933242798,3.8299999237060547,3.819999933242798,3.8299999237060547,0
2026-04-06 16:35:00+00:00,CASH3.SA,3.8299999237060547,3.8299999237060547,3.819999933242798,3.819999933242798,6900
2026-04-06 16:40:00+00:00,CASH3.SA,3.809999942779541,3.819999933242798,3.809999942779541,3.819999933242798,3300
2026-04-06 16:45:00+00:00,CASH3.SA,3.8299999237060547,3.8299999237060547,3.819999933242798,3.8299999237060547,4500
2026-04-06 16:50:00+00:00,CASH3.SA,3.8399999141693115,3.890000104904175,3.8399999141693115,3.8499999046325684,61900
2026-04-06 16:55:00+00:00,CASH3.SA,3.8499999046325684,3.890000104904175,3.8499999046325684,3.880000114440918,52000
2026-04-06 17:00:00+00:00,CASH3.SA,3.869999885559082,3.869999885559082,3.8399999141693115,3.8399999141693115,18800
2026-04-06 17:05:00+00:00,CASH3.SA,3.8399999141693115,3.8399999141693115,3.8399999141693115,3.8399999141693115,300
2026-04-06 17:10:00+00:00,CASH3.SA,3.8499999046325684,3.8499999046325684,3.8399999141693115,3.8399999141693115,13500
2026-04-06 17:15:00+00:00,CASH3.SA,3.8399999141693115,3.8399999141693115,3.8299999237060547,3.8399999141693115,8000
2026-04-06 17:20:00+00:00,CASH3.SA,3.8299999237060547,3.8399999141693115,3.8299999237060547,3.8399999141693115,8000
2026-04-06 17:25:00+00:00,CASH3.SA,3.8399999141693115,3.8499999046325684,3.8399999141693115,3.8499999046325684,3600
2026-04-06 17:30:00+00:00,CASH3.SA,3.859999895095825,3.859999895095825,3.8499999046325684,3.8499999046325684,1500
2026-04-06 17:35:00+00:00,CASH3.SA,3.859999895095825,3.859999895095825,3.859999895095825,3.859999895095825,6100
2026-04-06 17:40:00+00:00,CASH3.SA,3.859999895095825,3.859999895095825,3.8499999046325684,3.8499999046325684,5900
2026-04-06 17:45:00+00:00,CASH3.SA,3.8499999046325684,3.8499999046325684,3.8499999046325684,3.8499999046325684,100
2026-04-06 17:50:00+00:00,CASH3.SA,3.8399999141693115,3.8499999046325684,3.8399999141693115,3.8499999046325684,1100
2026-04-06 17:55:00+00:00,CASH3.SA,3.8499999046325684,3.8499999046325684,3.8399999141693115,3.8399999141693115,300
2026-04-06 18:00:00+00:00,CASH3.SA,3.8399999141693115,3.8499999046325684,3.8299999237060547,3.8399999141693115,26800
2026-04-06 18:05:00+00:00,CASH3.SA,3.8399999141693115,3.8399999141693115,3.8399999141693115,3.8399999141693115,2300
2026-04-06 18:10:00+00:00,CASH3.SA,3.8399999141693115,3.8499999046325684,3.8399999141693115,3.8499999046325684,3800
2026-04-06 18:15:00+00:00,CASH3.SA,3.8499999046325684,3.8499999046325684,3.8399999141693115,3.8399999141693115,100
2026-04-06 18:20:00+00:00,CASH3.SA,3.8499999046325684,3.859999895095825,3.8399999141693115,3.859999895095825,11300
2026-04-06 18:25:00+00:00,CASH3.SA,3.859999895095825,3.859999895095825,3.8499999046325684,3.8499999046325684,11600
2026-04-06 18:30:00+00:00,CASH3.SA,3.8399999141693115,3.8499999046325684,3.8399999141693115,3.8499999046325684,0
2026-04-06 18:35:00+00:00,CASH3.SA,3.8299999237060547,3.8299999237060547,3.819999933242798,3.8299999237060547,27000
2026-04-06 18:40:00+00:00,CASH3.SA,3.819999933242798,3.8399999141693115,3.819999933242798,3.8299999237060547,600
2026-04-06 18:45:00+00:00,CASH3.SA,3.8299999237060547,3.8399999141693115,3.8299999237060547,3.8299999237060547,2700
2026-04-06 18:50:00+00:00,CASH3.SA,3.8399999141693115,3.8399999141693115,3.8299999237060547,3.8299999237060547,2500
2026-04-06 18:55:00+00:00,CASH3.SA,3.8399999141693115,3.8399999141693115,3.8399999141693115,3.8399999141693115,500
2026-04-06 19:00:00+00:00,CASH3.SA,3.8399999141693115,3.8399999141693115,3.8299999237060547,3.8299999237060547,2200
2026-04-06 19:05:00+00:00,CASH3.SA,3.8299999237060547,3.8299999237060547,3.8299999237060547,3.8299999237060547,5100
2026-04-06 19:10:00+00:00,CASH3.SA,3.8299999237060547,3.8299999237060547,3.8299999237060547,3.8299999237060547,1800
2026-04-06 19:15:00+00:00,CASH3.SA,3.8299999237060547,3.8399999141693115,3.8299999237060547,3.8399999141693115,9100
2026-04-06 19:20:00+00:00,CASH3.SA,3.8299999237060547,3.8299999237060547,3.8299999237060547,3.8299999237060547,200
2026-04-06 19:25:00+00:00,CASH3.SA,3.8399999141693115,3.8399999141693115,3.8399999141693115,3.8399999141693115,4300
2026-04-06 19:30:00+00:00,CASH3.SA,3.8399999141693115,3.8499999046325684,3.8399999141693115,3.8399999141693115,2200
2026-04-06 19:35:00+00:00,CASH3.SA,3.8499999046325684,3.8499999046325684,3.8399999141693115,3.8499999046325684,4700
2026-04-06 19:40:00+00:00,CASH3.SA,3.8499999046325684,3.8499999046325684,3.8299999237060547,3.8299999237060547,22500
2026-04-06 19:45:00+00:00,CASH3.SA,3.819999933242798,3.819999933242798,3.819999933242798,3.819999933242798,3400
2026-04-06 19:50:00+00:00,CASH3.SA,3.8299999237060547,3.859999895095825,3.819999933242798,3.859999895095825,30400
2026-04-07 13:00:00+00:00,CASH3.SA,3.819999933242798,3.819999933242798,3.7699999809265137,3.7899999618530273,0
2026-04-07 13:05:00+00:00,CASH3.SA,3.799999952316284,3.819999933242798,3.799999952316284,3.819999933242798,0
2026-04-07 13:10:00+00:00,CASH3.SA,3.809999942779541,3.8299999237060547,3.809999942779541,3.8299999237060547,30900
2026-04-07 13:15:00+00:00,CASH3.SA,3.8299999237060547,3.8299999237060547,3.8299999237060547,3.8299999237060547,0
2026-04-07 13:20:00+00:00,CASH3.SA,3.819999933242798,3.819999933242798,3.799999952316284,3.809999942779541,42200
2026-04-07 13:25:00+00:00,CASH3.SA,3.799999952316284,3.8299999237060547,3.799999952316284,3.8299999237060547,8000
2026-04-07 13:30:00+00:00,CASH3.SA,3.819999933242798,3.819999933242798,3.799999952316284,3.799999952316284,3200
2026-04-07 13:35:00+00:00,CASH3.SA,3.799999952316284,3.799999952316284,3.7799999713897705,3.7799999713897705,1000
2026-04-07 13:40:00+00:00,CASH3.SA,3.7799999713897705,3.7799999713897705,3.7799999713897705,3.7799999713897705,500
2026-04-07 13:45:00+00:00,CASH3.SA,3.7699999809265137,3.7699999809265137,3.740000009536743,3.75,24700
2026-04-07 13:50:00+00:00,CASH3.SA,3.75,3.7699999809265137,3.75,3.7699999809265137,5400
2026-04-07 13:55:00+00:00,CASH3.SA,3.7699999809265137,3.7699999809265137,3.759999990463257,3.759999990463257,7300
2026-04-07 14:00:00+00:00,CASH3.SA,3.7699999809265137,3.7799999713897705,3.7699999809265137,3.7699999809265137,22000
2026-04-07 14:05:00+00:00,CASH3.SA,3.7699999809265137,3.7699999809265137,3.759999990463257,3.7699999809265137,1400
2026-04-07 14:10:00+00:00,CASH3.SA,3.759999990463257,3.759999990463257,3.75,3.759999990463257,3500
2026-04-07 14:15:00+00:00,CASH3.SA,3.759999990463257,3.759999990463257,3.759999990463257,3.759999990463257,500
2026-04-07 14:20:00+00:00,CASH3.SA,3.759999990463257,3.7699999809265137,3.759999990463257,3.7699999809265137,2800
2026-04-07 14:25:00+00:00,CASH3.SA,3.7699999809265137,3.7699999809265137,3.759999990463257,3.759999990463257,9100
2026-04-07 14:30:00+00:00,CASH3.SA,3.759999990463257,3.7699999809265137,3.759999990463257,3.759999990463257,14100
2026-04-07 14:35:00+00:00,CASH3.SA,3.759999990463257,3.759999990463257,3.75,3.75,100
2026-04-07 14:40:00+00:00,CASH3.SA,3.75,3.75,3.75,3.75,200
2026-04-07 14:45:00+00:00,CASH3.SA,3.75,3.759999990463257,3.75,3.759999990463257,200
2026-04-07 14:50:00+00:00,CASH3.SA,3.75,3.759999990463257,3.740000009536743,3.759999990463257,24600
2026-04-07 14:55:00+00:00,CASH3.SA,3.759999990463257,3.7699999809265137,3.759999990463257,3.7699999809265137,16600
2026-04-07 15:00:00+00:00,CASH3.SA,3.7699999809265137,3.7699999809265137,3.75,3.7699999809265137,1900
2026-04-07 15:05:00+00:00,CASH3.SA,3.7699999809265137,3.7699999809265137,3.7300000190734863,3.75,13600
2026-04-07 15:10:00+00:00,CASH3.SA,3.740000009536743,3.759999990463257,3.740000009536743,3.75,4300
2026-04-07 15:15:00+00:00,CASH3.SA,3.75,3.7699999809265137,3.75,3.7699999809265137,6800
2026-04-07 15:20:00+00:00,CASH3.SA,3.7699999809265137,3.7699999809265137,3.75,3.7699999809265137,7700
2026-04-07 15:25:00+00:00,CASH3.SA,3.7699999809265137,3.7699999809265137,3.759999990463257,3.759999990463257,4900
2026-04-07 15:30:00+00:00,CASH3.SA,3.75,3.799999952316284,3.75,3.799999952316284,34900
2026-04-07 15:35:00+00:00,CASH3.SA,3.799999952316284,3.799999952316284,3.7899999618530273,3.799999952316284,2300
2026-04-07 15:40:00+00:00,CASH3.SA,3.799999952316284,3.799999952316284,3.799999952316284,3.799999952316284,1700
2026-04-07 15:45:00+00:00,CASH3.SA,3.799999952316284,3.799999952316284,3.7899999618530273,3.799999952316284,1800
2026-04-07 15:50:00+00:00,CASH3.SA,3.799999952316284,3.799999952316284,3.7899999618530273,3.799999952316284,2100
2026-04-07 15:55:00+00:00,CASH3.SA,3.799999952316284,3.809999942779541,3.7899999618530273,3.809999942779541,7200
2026-04-07 16:00:00+00:00,CASH3.SA,3.799999952316284,3.819999933242798,3.799999952316284,3.809999942779541,2800
2026-04-07 16:05:00+00:00,CASH3.SA,3.819999933242798,3.819999933242798,3.799999952316284,3.809999942779541,10800
2026-04-07 16:10:00+00:00,CASH3.SA,3.809999942779541,3.819999933242798,3.809999942779541,3.819999933242798,400
2026-04-07 16:15:00+00:00,CASH3.SA,3.819999933242798,3.819999933242798,3.819999933242798,3.819999933242798,7700
2026-04-07 16:20:00+00:00,CASH3.SA,3.809999942779541,3.809999942779541,3.7799999713897705,3.799999952316284,34400
2026-04-07 16:25:00+00:00,CASH3.SA,3.799999952316284,3.799999952316284,3.7899999618530273,3.7899999618530273,4000
2026-04-07 16:35:00+00:00,CASH3.SA,3.799999952316284,3.799999952316284,3.7899999618530273,3.799999952316284,3600
2026-04-07 16:40:00+00:00,CASH3.SA,3.799999952316284,3.799999952316284,3.799999952316284,3.799999952316284,1700
2026-04-07 16:45:00+00:00,CASH3.SA,3.799999952316284,3.799999952316284,3.799999952316284,3.799999952316284,4900
2026-04-07 16:55:00+00:00,CASH3.SA,3.799999952316284,3.799999952316284,3.7899999618530273,3.799999952316284,4700
2026-04-07 17:00:00+00:00,CASH3.SA,3.799999952316284,3.799999952316284,3.7899999618530273,3.799999952316284,4600
2026-04-07 17:05:00+00:00,CASH3.SA,3.799999952316284,3.799999952316284,3.799999952316284,3.799999952316284,5100
2026-04-07 17:10:00+00:00,CASH3.SA,3.799999952316284,3.799999952316284,3.7899999618530273,3.799999952316284,4500
2026-04-07 17:15:00+00:00,CASH3.SA,3.799999952316284,3.799999952316284,3.799999952316284,3.799999952316284,3200
2026-04-07 17:20:00+00:00,CASH3.SA,3.799999952316284,3.799999952316284,3.7899999618530273,3.799999952316284,3900
2026-04-07 17:25:00+00:00,CASH3.SA,3.799999952316284,3.799999952316284,3.7899999618530273,3.799999952316284,3800
2026-04-07 17:30:00+00:00,CASH3.SA,3.799999952316284,3.809999942779541,3.799999952316284,3.799999952316284,7200
2026-04-07 17:35:00+00:00,CASH3.SA,3.799999952316284,3.809999942779541,3.799999952316284,3.799999952316284,7100
2026-04-07 17:40:00+00:00,CASH3.SA,3.799999952316284,3.799999952316284,3.799999952316284,3.799999952316284,500
2026-04-07 17:45:00+00:00,CASH3.SA,3.799999952316284,3.799999952316284,3.799999952316284,3.799999952316284,8900
2026-04-07 17:50:00+00:00,CASH3.SA,3.809999942779541,3.809999942779541,3.7899999618530273,3.809999942779541,3700
2026-04-07 17:55:00+00:00,CASH3.SA,3.799999952316284,3.799999952316284,3.799999952316284,3.799999952316284,100
2026-04-07 18:00:00+00:00,CASH3.SA,3.809999942779541,3.809999942779541,3.809999942779541,3.809999942779541,300
2026-04-07 18:05:00+00:00,CASH3.SA,3.799999952316284,3.799999952316284,3.799999952316284,3.799999952316284,100
2026-04-07 18:10:00+00:00,CASH3.SA,3.799999952316284,3.799999952316284,3.799999952316284,3.799999952316284,4600
2026-04-07 18:15:00+00:00,CASH3.SA,3.799999952316284,3.799999952316284,3.799999952316284,3.799999952316284,2500
2026-04-07 18:20:00+00:00,CASH3.SA,3.809999942779541,3.809999942779541,3.799999952316284,3.799999952316284,1200
2026-04-07 18:25:00+00:00,CASH3.SA,3.799999952316284,3.799999952316284,3.799999952316284,3.799999952316284,5000
2026-04-07 18:30:00+00:00,CASH3.SA,3.809999942779541,3.809999942779541,3.7899999618530273,3.799999952316284,4200
2026-04-07 18:35:00+00:00,CASH3.SA,3.799999952316284,3.809999942779541,3.7799999713897705,3.7799999713897705,19400
2026-04-07 18:40:00+00:00,CASH3.SA,3.7799999713897705,3.7799999713897705,3.7699999809265137,3.7799999713897705,5000
2026-04-07 18:45:00+00:00,CASH3.SA,3.7799999713897705,3.7799999713897705,3.7699999809265137,3.7699999809265137,21300
2026-04-07 18:50:00+00:00,CASH3.SA,3.7799999713897705,3.7799999713897705,3.759999990463257,3.7699999809265137,67700
2026-04-07 18:55:00+00:00,CASH3.SA,3.759999990463257,3.7699999809265137,3.759999990463257,3.759999990463257,6500
2026-04-07 19:00:00+00:00,CASH3.SA,3.7699999809265137,3.7799999713897705,3.759999990463257,3.7699999809265137,7500
2026-04-07 19:05:00+00:00,CASH3.SA,3.7699999809265137,3.7799999713897705,3.7699999809265137,3.7799999713897705,4500
2026-04-07 19:10:00+00:00,CASH3.SA,3.7799999713897705,3.7799999713897705,3.759999990463257,3.7799999713897705,4400
2026-04-07 19:15:00+00:00,CASH3.SA,3.7799999713897705,3.7899999618530273,3.7799999713897705,3.7899999618530273,14900
2026-04-07 19:20:00+00:00,CASH3.SA,3.7899999618530273,3.799999952316284,3.7899999618530273,3.7899999618530273,43100
2026-04-07 19:25:00+00:00,CASH3.SA,3.7799999713897705,3.7899999618530273,3.7799999713897705,3.7899999618530273,2700
2026-04-07 19:30:00+00:00,CASH3.SA,3.7899999618530273,3.7899999618530273,3.7799999713897705,3.7799999713897705,9900
2026-04-07 19:35:00+00:00,CASH3.SA,3.7799999713897705,3.809999942779541,3.7699999809265137,3.799999952316284,111900
2026-04-07 19:40:00+00:00,CASH3.SA,3.799999952316284,3.799999952316284,3.7899999618530273,3.7899999618530273,19700
2026-04-07 19:45:00+00:00,CASH3.SA,3.799999952316284,3.809999942779541,3.7899999618530273,3.809999942779541,29000
2026-04-07 19:50:00+00:00,CASH3.SA,3.809999942779541,3.819999933242798,3.799999952316284,3.809999942779541,8000
2026-04-08 13:00:00+00:00,CASH3.SA,3.930000066757202,3.950000047683716,3.930000066757202,3.940000057220459,0
2026-04-08 13:05:00+00:00,CASH3.SA,3.930000066757202,3.9600000381469727,3.930000066757202,3.9600000381469727,39700
2026-04-08 13:10:00+00:00,CASH3.SA,3.9700000286102295,3.9800000190734863,3.9600000381469727,3.9600000381469727,32800
2026-04-08 13:15:00+00:00,CASH3.SA,3.9700000286102295,3.9700000286102295,3.950000047683716,3.950000047683716,22100
2026-04-08 13:20:00+00:00,CASH3.SA,3.950000047683716,3.9600000381469727,3.940000057220459,3.9600000381469727,26300
2026-04-08 13:25:00+00:00,CASH3.SA,3.950000047683716,3.9600000381469727,3.930000066757202,3.930000066757202,22500
2026-04-08 13:30:00+00:00,CASH3.SA,3.930000066757202,3.930000066757202,3.9100000858306885,3.9100000858306885,15700
2026-04-08 13:35:00+00:00,CASH3.SA,3.9200000762939453,3.930000066757202,3.9100000858306885,3.9100000858306885,33800
2026-04-08 13:40:00+00:00,CASH3.SA,3.9100000858306885,3.9100000858306885,3.9000000953674316,3.9000000953674316,1800
2026-04-08 13:45:00+00:00,CASH3.SA,3.9000000953674316,3.9200000762939453,3.9000000953674316,3.9100000858306885,12200
2026-04-08 13:50:00+00:00,CASH3.SA,3.9100000858306885,3.9100000858306885,3.880000114440918,3.880000114440918,22900
2026-04-08 13:55:00+00:00,CASH3.SA,3.880000114440918,3.890000104904175,3.869999885559082,3.869999885559082,8000
2026-04-08 14:00:00+00:00,CASH3.SA,3.869999885559082,3.880000114440918,3.869999885559082,3.880000114440918,3900
2026-04-08 14:05:00+00:00,CASH3.SA,3.880000114440918,3.890000104904175,3.880000114440918,3.890000104904175,5000
2026-04-08 14:10:00+00:00,CASH3.SA,3.880000114440918,3.880000114440918,3.869999885559082,3.880000114440918,1700
2026-04-08 14:15:00+00:00,CASH3.SA,3.880000114440918,3.880000114440918,3.869999885559082,3.869999885559082,2300
2026-04-08 14:20:00+00:00,CASH3.SA,3.869999885559082,3.880000114440918,3.869999885559082,3.880000114440918,3100
2026-04-08 14:25:00+00:00,CASH3.SA,3.880000114440918,3.880000114440918,3.859999895095825,3.859999895095825,10900
2026-04-08 14:30:00+00:00,CASH3.SA,3.869999885559082,3.869999885559082,3.859999895095825,3.859999895095825,7400
2026-04-08 14:35:00+00:00,CASH3.SA,3.869999885559082,3.869999885559082,3.859999895095825,3.869999885559082,1800
2026-04-08 14:40:00+00:00,CASH3.SA,3.859999895095825,3.869999885559082,3.859999895095825,3.859999895095825,46000
2026-04-08 14:45:00+00:00,CASH3.SA,3.859999895095825,3.869999885559082,3.859999895095825,3.869999885559082,15500
2026-04-08 14:50:00+00:00,CASH3.SA,3.869999885559082,3.869999885559082,3.8499999046325684,3.8499999046325684,7800
2026-04-08 14:55:00+00:00,CASH3.SA,3.859999895095825,3.859999895095825,3.8499999046325684,3.859999895095825,18800
2026-04-08 15:00:00+00:00,CASH3.SA,3.869999885559082,3.869999885559082,3.859999895095825,3.869999885559082,11600
2026-04-08 15:05:00+00:00,CASH3.SA,3.869999885559082,3.880000114440918,3.869999885559082,3.869999885559082,3500
2026-04-08 15:10:00+00:00,CASH3.SA,3.869999885559082,3.880000114440918,3.859999895095825,3.880000114440918,8700
2026-04-08 15:15:00+00:00,CASH3.SA,3.880000114440918,3.9100000858306885,3.880000114440918,3.890000104904175,25100
2026-04-08 15:20:00+00:00,CASH3.SA,3.890000104904175,3.890000104904175,3.880000114440918,3.890000104904175,1400
2026-04-08 15:25:00+00:00,CASH3.SA,3.880000114440918,3.890000104904175,3.880000114440918,3.880000114440918,3300
2026-04-08 15:30:00+00:00,CASH3.SA,3.869999885559082,3.890000104904175,3.869999885559082,3.869999885559082,7600
2026-04-08 15:35:00+00:00,CASH3.SA,3.869999885559082,3.869999885559082,3.869999885559082,3.869999885559082,200
2026-04-08 15:40:00+00:00,CASH3.SA,3.869999885559082,3.880000114440918,3.869999885559082,3.869999885559082,1900
2026-04-08 15:45:00+00:00,CASH3.SA,3.869999885559082,3.869999885559082,3.859999895095825,3.869999885559082,12200
2026-04-08 15:50:00+00:00,CASH3.SA,3.859999895095825,3.869999885559082,3.859999895095825,3.859999895095825,1100
2026-04-08 15:55:00+00:00,CASH3.SA,3.859999895095825,3.869999885559082,3.859999895095825,3.869999885559082,200
2026-04-08 16:00:00+00:00,CASH3.SA,3.859999895095825,3.869999885559082,3.859999895095825,3.869999885559082,2500
2026-04-08 16:05:00+00:00,CASH3.SA,3.869999885559082,3.869999885559082,3.859999895095825,3.869999885559082,5800
2026-04-08 16:10:00+00:00,CASH3.SA,3.859999895095825,3.869999885559082,3.859999895095825,3.859999895095825,4000
2026-04-08 16:15:00+00:00,CASH3.SA,3.859999895095825,3.869999885559082,3.859999895095825,3.869999885559082,3400
2026-04-08 16:20:00+00:00,CASH3.SA,3.859999895095825,3.869999885559082,3.859999895095825,3.859999895095825,1000
2026-04-08 16:25:00+00:00,CASH3.SA,3.869999885559082,3.869999885559082,3.869999885559082,3.869999885559082,0
2026-04-08 16:30:00+00:00,CASH3.SA,3.869999885559082,3.869999885559082,3.869999885559082,3.869999885559082,2700
2026-04-08 16:35:00+00:00,CASH3.SA,3.859999895095825,3.859999895095825,3.859999895095825,3.859999895095825,200
2026-04-08 16:40:00+00:00,CASH3.SA,3.869999885559082,3.869999885559082,3.859999895095825,3.869999885559082,7600
2026-04-08 16:45:00+00:00,CASH3.SA,3.869999885559082,3.869999885559082,3.869999885559082,3.869999885559082,3300
2026-04-08 16:50:00+00:00,CASH3.SA,3.869999885559082,3.869999885559082,3.869999885559082,3.869999885559082,1600
2026-04-08 16:55:00+00:00,CASH3.SA,3.880000114440918,3.880000114440918,3.880000114440918,3.880000114440918,200
2026-04-08 17:00:00+00:00,CASH3.SA,3.869999885559082,3.869999885559082,3.869999885559082,3.869999885559082,1700
2026-04-08 17:05:00+00:00,CASH3.SA,3.859999895095825,3.869999885559082,3.859999895095825,3.869999885559082,3800
2026-04-08 17:10:00+00:00,CASH3.SA,3.8499999046325684,3.859999895095825,3.8499999046325684,3.859999895095825,1000
2026-04-08 17:15:00+00:00,CASH3.SA,3.859999895095825,3.859999895095825,3.8499999046325684,3.859999895095825,1900
2026-04-08 17:20:00+00:00,CASH3.SA,3.8499999046325684,3.8499999046325684,3.8399999141693115,3.8399999141693115,9100
2026-04-08 17:25:00+00:00,CASH3.SA,3.8399999141693115,3.859999895095825,3.8399999141693115,3.859999895095825,6400
2026-04-08 17:30:00+00:00,CASH3.SA,3.859999895095825,3.859999895095825,3.8499999046325684,3.859999895095825,900
2026-04-08 17:35:00+00:00,CASH3.SA,3.8499999046325684,3.8499999046325684,3.8399999141693115,3.8399999141693115,5900
2026-04-08 17:40:00+00:00,CASH3.SA,3.8499999046325684,3.8499999046325684,3.8399999141693115,3.8399999141693115,6700
2026-04-08 17:45:00+00:00,CASH3.SA,3.8399999141693115,3.9000000953674316,3.8399999141693115,3.890000104904175,51400
2026-04-08 17:50:00+00:00,CASH3.SA,3.890000104904175,3.9200000762939453,3.880000114440918,3.9200000762939453,30300
2026-04-08 17:55:00+00:00,CASH3.SA,3.9100000858306885,3.9200000762939453,3.9000000953674316,3.9000000953674316,20300
2026-04-08 18:00:00+00:00,CASH3.SA,3.9000000953674316,3.9000000953674316,3.890000104904175,3.9000000953674316,16800
2026-04-08 18:05:00+00:00,CASH3.SA,3.9100000858306885,3.9100000858306885,3.9100000858306885,3.9100000858306885,5900
2026-04-08 18:10:00+00:00,CASH3.SA,3.9100000858306885,3.9100000858306885,3.9000000953674316,3.9100000858306885,1900
2026-04-08 18:15:00+00:00,CASH3.SA,3.9000000953674316,3.9000000953674316,3.890000104904175,3.9000000953674316,15100
2026-04-08 18:20:00+00:00,CASH3.SA,3.9000000953674316,3.9100000858306885,3.890000104904175,3.9000000953674316,4500
2026-04-08 18:25:00+00:00,CASH3.SA,3.9000000953674316,3.9000000953674316,3.9000000953674316,3.9000000953674316,800
2026-04-08 18:30:00+00:00,CASH3.SA,3.890000104904175,3.890000104904175,3.890000104904175,3.890000104904175,4300
2026-04-08 18:35:00+00:00,CASH3.SA,3.9000000953674316,3.9000000953674316,3.890000104904175,3.890000104904175,102200
2026-04-08 18:40:00+00:00,CASH3.SA,3.880000114440918,3.880000114440918,3.880000114440918,3.880000114440918,8400
2026-04-08 18:45:00+00:00,CASH3.SA,3.880000114440918,3.880000114440918,3.880000114440918,3.880000114440918,400
2026-04-08 18:50:00+00:00,CASH3.SA,3.880000114440918,3.880000114440918,3.880000114440918,3.880000114440918,100
2026-04-08 18:55:00+00:00,CASH3.SA,3.880000114440918,3.880000114440918,3.869999885559082,3.869999885559082,4600
2026-04-08 19:00:00+00:00,CASH3.SA,3.869999885559082,3.869999885559082,3.869999885559082,3.869999885559082,9000
2026-04-08 19:05:00+00:00,CASH3.SA,3.869999885559082,3.880000114440918,3.869999885559082,3.869999885559082,800
2026-04-08 19:15:00+00:00,CASH3.SA,3.869999885559082,3.890000104904175,3.869999885559082,3.880000114440918,13700
2026-04-08 19:20:00+00:00,CASH3.SA,3.880000114440918,3.880000114440918,3.880000114440918,3.880000114440918,3200
2026-04-08 19:25:00+00:00,CASH3.SA,3.890000104904175,3.890000104904175,3.859999895095825,3.859999895095825,42100
2026-04-08 19:30:00+00:00,CASH3.SA,3.859999895095825,3.880000114440918,3.859999895095825,3.880000114440918,4400
2026-04-08 19:35:00+00:00,CASH3.SA,3.869999885559082,3.890000104904175,3.869999885559082,3.869999885559082,12900
2026-04-08 19:40:00+00:00,CASH3.SA,3.869999885559082,3.880000114440918,3.869999885559082,3.880000114440918,12200
2026-04-08 19:45:00+00:00,CASH3.SA,3.880000114440918,3.890000104904175,3.869999885559082,3.890000104904175,10100
2026-04-08 19:50:00+00:00,CASH3.SA,3.890000104904175,3.890000104904175,3.880000114440918,3.880000114440918,21600
2026-04-09 13:00:00+00:00,CASH3.SA,3.880000114440918,3.9100000858306885,3.880000114440918,3.9100000858306885,0
2026-04-09 13:05:00+00:00,CASH3.SA,3.9000000953674316,3.950000047683716,3.9000000953674316,3.9200000762939453,76800
2026-04-09 13:10:00+00:00,CASH3.SA,3.9200000762939453,3.9200000762939453,3.9000000953674316,3.9200000762939453,7800
2026-04-09 13:15:00+00:00,CASH3.SA,3.9100000858306885,3.9100000858306885,3.9000000953674316,3.9000000953674316,17300
2026-04-09 13:20:00+00:00,CASH3.SA,3.9100000858306885,3.9100000858306885,3.9000000953674316,3.9100000858306885,2800
2026-04-09 13:25:00+00:00,CASH3.SA,3.9100000858306885,3.9200000762939453,3.9100000858306885,3.9200000762939453,2700
2026-04-09 13:30:00+00:00,CASH3.SA,3.9200000762939453,3.930000066757202,3.9100000858306885,3.930000066757202,12200
2026-04-09 13:35:00+00:00,CASH3.SA,3.940000057220459,3.940000057220459,3.930000066757202,3.930000066757202,3700
2026-04-09 13:40:00+00:00,CASH3.SA,3.930000066757202,3.940000057220459,3.930000066757202,3.940000057220459,13300
2026-04-09 13:45:00+00:00,CASH3.SA,3.930000066757202,3.940000057220459,3.930000066757202,3.930000066757202,2900
2026-04-09 13:50:00+00:00,CASH3.SA,3.940000057220459,3.940000057220459,3.930000066757202,3.930000066757202,23500
2026-04-09 13:55:00+00:00,CASH3.SA,3.9200000762939453,3.940000057220459,3.9200000762939453,3.940000057220459,14600
2026-04-09 14:00:00+00:00,CASH3.SA,3.940000057220459,3.940000057220459,3.9100000858306885,3.9100000858306885,10000
2026-04-09 14:05:00+00:00,CASH3.SA,3.9200000762939453,3.9200000762939453,3.9100000858306885,3.9200000762939453,2800
2026-04-09 14:10:00+00:00,CASH3.SA,3.9200000762939453,3.940000057220459,3.9100000858306885,3.930000066757202,20900
2026-04-09 14:15:00+00:00,CASH3.SA,3.940000057220459,3.940000057220459,3.9200000762939453,3.9200000762939453,4600
2026-04-09 14:20:00+00:00,CASH3.SA,3.930000066757202,3.940000057220459,3.9200000762939453,3.930000066757202,5900
2026-04-09 14:25:00+00:00,CASH3.SA,3.940000057220459,3.940000057220459,3.9100000858306885,3.9100000858306885,8400
2026-04-09 14:30:00+00:00,CASH3.SA,3.9000000953674316,3.9100000858306885,3.9000000953674316,3.9000000953674316,3400
2026-04-09 14:35:00+00:00,CASH3.SA,3.9000000953674316,3.9100000858306885,3.9000000953674316,3.9000000953674316,3000
2026-04-09 14:40:00+00:00,CASH3.SA,3.9000000953674316,3.9100000858306885,3.9000000953674316,3.9000000953674316,4900
2026-04-09 14:45:00+00:00,CASH3.SA,3.9000000953674316,3.9200000762939453,3.9000000953674316,3.9000000953674316,8500
2026-04-09 14:50:00+00:00,CASH3.SA,3.9000000953674316,3.9200000762939453,3.9000000953674316,3.9200000762939453,7500
2026-04-09 14:55:00+00:00,CASH3.SA,3.9200000762939453,3.930000066757202,3.9100000858306885,3.9200000762939453,14700
2026-04-09 15:00:00+00:00,CASH3.SA,3.9100000858306885,3.9200000762939453,3.9000000953674316,3.9000000953674316,12000
2026-04-09 15:05:00+00:00,CASH3.SA,3.9000000953674316,3.9100000858306885,3.9000000953674316,3.9000000953674316,3300
2026-04-09 15:10:00+00:00,CASH3.SA,3.9000000953674316,3.9100000858306885,3.9000000953674316,3.9000000953674316,2600
2026-04-09 15:15:00+00:00,CASH3.SA,3.9100000858306885,3.930000066757202,3.9100000858306885,3.930000066757202,9700
2026-04-09 15:20:00+00:00,CASH3.SA,3.930000066757202,3.930000066757202,3.9200000762939453,3.9200000762939453,2600
2026-04-09 15:25:00+00:00,CASH3.SA,3.9200000762939453,3.930000066757202,3.9100000858306885,3.9100000858306885,6500
2026-04-09 15:30:00+00:00,CASH3.SA,3.9100000858306885,3.930000066757202,3.9100000858306885,3.930000066757202,3200
2026-04-09 15:35:00+00:00,CASH3.SA,3.930000066757202,3.930000066757202,3.9100000858306885,3.9100000858306885,3600
2026-04-09 15:40:00+00:00,CASH3.SA,3.930000066757202,3.930000066757202,3.9200000762939453,3.930000066757202,4800
2026-04-09 15:45:00+00:00,CASH3.SA,3.930000066757202,3.930000066757202,3.9200000762939453,3.930000066757202,5300
2026-04-09 15:50:00+00:00,CASH3.SA,3.930000066757202,3.930000066757202,3.9200000762939453,3.9200000762939453,1600
2026-04-09 15:55:00+00:00,CASH3.SA,3.9200000762939453,3.930000066757202,3.9100000858306885,3.9100000858306885,3900
2026-04-09 16:00:00+00:00,CASH3.SA,3.9100000858306885,3.9200000762939453,3.9100000858306885,3.9200000762939453,8300
2026-04-09 16:05:00+00:00,CASH3.SA,3.9100000858306885,3.930000066757202,3.9100000858306885,3.9100000858306885,3400
2026-04-09 16:10:00+00:00,CASH3.SA,3.9200000762939453,3.930000066757202,3.9100000858306885,3.9200000762939453,5100
2026-04-09 16:15:00+00:00,CASH3.SA,3.9100000858306885,3.950000047683716,3.9100000858306885,3.930000066757202,114000
2026-04-09 16:20:00+00:00,CASH3.SA,3.9600000381469727,3.9600000381469727,3.950000047683716,3.950000047683716,24500
2026-04-09 16:25:00+00:00,CASH3.SA,3.950000047683716,4.019999980926514,3.950000047683716,4.010000228881836,319600
2026-04-09 16:30:00+00:00,CASH3.SA,4.010000228881836,4.019999980926514,3.9700000286102295,4.0,82400
2026-04-09 16:35:00+00:00,CASH3.SA,3.990000009536743,4.0,3.990000009536743,4.0,45500
2026-04-09 16:40:00+00:00,CASH3.SA,4.0,4.010000228881836,4.0,4.010000228881836,5000
2026-04-09 16:45:00+00:00,CASH3.SA,4.010000228881836,4.010000228881836,4.0,4.0,19400
2026-04-09 16:50:00+00:00,CASH3.SA,4.0,4.010000228881836,4.0,4.0,31900
2026-04-09 16:55:00+00:00,CASH3.SA,4.0,4.010000228881836,4.0,4.010000228881836,5800
2026-04-09 17:00:00+00:00,CASH3.SA,4.010000228881836,4.010000228881836,4.0,4.0,3400
2026-04-09 17:05:00+00:00,CASH3.SA,4.010000228881836,4.010000228881836,4.0,4.0,4000
2026-04-09 17:10:00+00:00,CASH3.SA,4.0,4.010000228881836,4.0,4.0,1600
2026-04-09 17:15:00+00:00,CASH3.SA,4.010000228881836,4.019999980926514,4.010000228881836,4.010000228881836,12800
2026-04-09 17:20:00+00:00,CASH3.SA,4.010000228881836,4.010000228881836,4.0,4.0,13900
2026-04-09 17:25:00+00:00,CASH3.SA,4.0,4.010000228881836,4.0,4.0,16600
2026-04-09 17:30:00+00:00,CASH3.SA,4.0,4.0,3.990000009536743,4.0,22100
2026-04-09 17:35:00+00:00,CASH3.SA,4.010000228881836,4.019999980926514,4.010000228881836,4.010000228881836,27600
2026-04-09 17:40:00+00:00,CASH3.SA,4.010000228881836,4.019999980926514,4.0,4.010000228881836,15500
2026-04-09 17:45:00+00:00,CASH3.SA,4.010000228881836,4.039999961853027,4.0,4.03000020980835,35900
2026-04-09 17:50:00+00:00,CASH3.SA,4.03000020980835,4.039999961853027,4.019999980926514,4.03000020980835,9000
2026-04-09 17:55:00+00:00,CASH3.SA,4.03000020980835,4.03000020980835,4.019999980926514,4.019999980926514,10100
2026-04-09 18:00:00+00:00,CASH3.SA,4.019999980926514,4.039999961853027,4.010000228881836,4.019999980926514,28400
2026-04-09 18:05:00+00:00,CASH3.SA,4.019999980926514,4.03000020980835,4.010000228881836,4.019999980926514,15100
2026-04-09 18:10:00+00:00,CASH3.SA,4.03000020980835,4.03000020980835,4.010000228881836,4.03000020980835,8600
2026-04-09 18:15:00+00:00,CASH3.SA,4.03000020980835,4.039999961853027,4.019999980926514,4.03000020980835,14500
2026-04-09 18:20:00+00:00,CASH3.SA,4.03000020980835,4.039999961853027,4.019999980926514,4.03000020980835,117700
2026-04-09 18:25:00+00:00,CASH3.SA,4.03000020980835,4.039999961853027,4.019999980926514,4.03000020980835,11400
2026-04-09 18:30:00+00:00,CASH3.SA,4.019999980926514,4.039999961853027,4.010000228881836,4.03000020980835,17100
2026-04-09 18:35:00+00:00,CASH3.SA,4.03000020980835,4.03000020980835,4.019999980926514,4.03000020980835,16300
2026-04-09 18:40:00+00:00,CASH3.SA,4.03000020980835,4.039999961853027,4.03000020980835,4.039999961853027,4800
2026-04-09 18:45:00+00:00,CASH3.SA,4.039999961853027,4.039999961853027,4.019999980926514,4.019999980926514,13300
2026-04-09 18:50:00+00:00,CASH3.SA,4.03000020980835,4.03000020980835,4.019999980926514,4.019999980926514,6000
2026-04-09 18:55:00+00:00,CASH3.SA,4.03000020980835,4.03000020980835,4.019999980926514,4.019999980926514,11200
2026-04-09 19:00:00+00:00,CASH3.SA,4.03000020980835,4.039999961853027,4.019999980926514,4.039999961853027,12800
2026-04-09 19:05:00+00:00,CASH3.SA,4.03000020980835,4.039999961853027,4.03000020980835,4.03000020980835,6200
2026-04-09 19:10:00+00:00,CASH3.SA,4.039999961853027,4.039999961853027,4.03000020980835,4.03000020980835,5500
2026-04-09 19:15:00+00:00,CASH3.SA,4.03000020980835,4.03000020980835,4.010000228881836,4.019999980926514,43600
2026-04-09 19:20:00+00:00,CASH3.SA,4.010000228881836,4.019999980926514,4.010000228881836,4.019999980926514,9200
2026-04-09 19:25:00+00:00,CASH3.SA,4.019999980926514,4.03000020980835,4.010000228881836,4.019999980926514,14300
2026-04-09 19:30:00+00:00,CASH3.SA,4.019999980926514,4.03000020980835,4.010000228881836,4.010000228881836,59700
2026-04-09 19:35:00+00:00,CASH3.SA,4.010000228881836,4.019999980926514,4.010000228881836,4.010000228881836,75900
2026-04-09 19:40:00+00:00,CASH3.SA,4.019999980926514,4.019999980926514,4.0,4.0,99000
2026-04-09 19:45:00+00:00,CASH3.SA,4.0,4.010000228881836,3.990000009536743,4.0,126300
2026-04-09 19:50:00+00:00,CASH3.SA,4.0,4.010000228881836,3.9800000190734863,3.9800000190734863,71400
2026-04-10 13:00:00+00:00,CASH3.SA,4.0,4.019999980926514,4.0,4.019999980926514,0
2026-04-10 13:05:00+00:00,CASH3.SA,4.019999980926514,4.03000020980835,4.019999980926514,4.019999980926514,5600
2026-04-10 13:10:00+00:00,CASH3.SA,4.010000228881836,4.019999980926514,4.0,4.0,6900
2026-04-10 13:15:00+00:00,CASH3.SA,4.0,4.010000228881836,4.0,4.0,3200
2026-04-10 13:20:00+00:00,CASH3.SA,3.990000009536743,4.0,3.990000009536743,4.0,3900
2026-04-10 13:25:00+00:00,CASH3.SA,4.0,4.010000228881836,3.990000009536743,4.010000228881836,3700
2026-04-10 13:30:00+00:00,CASH3.SA,4.0,4.010000228881836,4.0,4.010000228881836,4200
2026-04-10 13:35:00+00:00,CASH3.SA,4.010000228881836,4.010000228881836,3.990000009536743,4.0,3500
2026-04-10 13:40:00+00:00,CASH3.SA,4.010000228881836,4.019999980926514,4.010000228881836,4.010000228881836,3000
2026-04-10 13:45:00+00:00,CASH3.SA,4.0,4.0,4.0,4.0,200
2026-04-10 13:50:00+00:00,CASH3.SA,4.0,4.0,4.0,4.0,5600
2026-04-10 13:55:00+00:00,CASH3.SA,3.990000009536743,4.010000228881836,3.990000009536743,4.010000228881836,2100
2026-04-10 14:00:00+00:00,CASH3.SA,4.0,4.0,4.0,4.0,3800
2026-04-10 14:05:00+00:00,CASH3.SA,3.990000009536743,3.990000009536743,3.990000009536743,3.990000009536743,6800
2026-04-10 14:10:00+00:00,CASH3.SA,3.9800000190734863,3.9800000190734863,3.9700000286102295,3.9800000190734863,17600
2026-04-10 14:15:00+00:00,CASH3.SA,3.9800000190734863,4.019999980926514,3.9700000286102295,4.010000228881836,32200
2026-04-10 14:20:00+00:00,CASH3.SA,4.019999980926514,4.03000020980835,4.019999980926514,4.03000020980835,11800
2026-04-10 14:25:00+00:00,CASH3.SA,4.03000020980835,4.03000020980835,4.0,4.010000228881836,28900
2026-04-10 14:30:00+00:00,CASH3.SA,4.010000228881836,4.010000228881836,4.010000228881836,4.010000228881836,400
2026-04-10 14:35:00+00:00,CASH3.SA,4.010000228881836,4.010000228881836,4.0,4.0,7500
2026-04-10 14:40:00+00:00,CASH3.SA,3.990000009536743,3.990000009536743,3.9800000190734863,3.9800000190734863,2600
2026-04-10 14:45:00+00:00,CASH3.SA,3.9800000190734863,3.990000009536743,3.9700000286102295,3.990000009536743,2400
2026-04-10 14:50:00+00:00,CASH3.SA,3.9700000286102295,3.9700000286102295,3.950000047683716,3.9700000286102295,82500
2026-04-10 14:55:00+00:00,CASH3.SA,3.9800000190734863,3.9800000190734863,3.9700000286102295,3.9700000286102295,1200
2026-04-10 15:00:00+00:00,CASH3.SA,3.9700000286102295,3.9700000286102295,3.9700000286102295,3.9700000286102295,2500
2026-04-10 15:05:00+00:00,CASH3.SA,3.9700000286102295,3.9700000286102295,3.9700000286102295,3.9700000286102295,8100
2026-04-10 15:10:00+00:00,CASH3.SA,3.9700000286102295,3.9800000190734863,3.9700000286102295,3.9800000190734863,1200
2026-04-10 15:15:00+00:00,CASH3.SA,3.9800000190734863,3.990000009536743,3.9800000190734863,3.9800000190734863,1300
2026-04-10 15:20:00+00:00,CASH3.SA,3.990000009536743,3.990000009536743,3.9800000190734863,3.990000009536743,1700
2026-04-10 15:30:00+00:00,CASH3.SA,3.9800000190734863,3.990000009536743,3.9600000381469727,3.9600000381469727,10900
2026-04-10 15:35:00+00:00,CASH3.SA,3.9700000286102295,3.990000009536743,3.9700000286102295,3.9800000190734863,10800
2026-04-10 15:40:00+00:00,CASH3.SA,3.9700000286102295,3.9800000190734863,3.9700000286102295,3.9700000286102295,300
2026-04-10 15:45:00+00:00,CASH3.SA,3.9700000286102295,3.9800000190734863,3.9700000286102295,3.9700000286102295,800
2026-04-10 15:50:00+00:00,CASH3.SA,3.9700000286102295,3.9700000286102295,3.9600000381469727,3.9700000286102295,3600
2026-04-10 15:55:00+00:00,CASH3.SA,3.9600000381469727,3.9700000286102295,3.9600000381469727,3.9700000286102295,7200
2026-04-10 16:00:00+00:00,CASH3.SA,3.9700000286102295,3.9700000286102295,3.9600000381469727,3.9600000381469727,700
2026-04-10 16:05:00+00:00,CASH3.SA,3.9700000286102295,3.9700000286102295,3.9700000286102295,3.9700000286102295,400
2026-04-10 16:10:00+00:00,CASH3.SA,3.9600000381469727,3.9700000286102295,3.9600000381469727,3.9700000286102295,4300
2026-04-10 16:15:00+00:00,CASH3.SA,3.9700000286102295,3.9700000286102295,3.9600000381469727,3.9600000381469727,700
2026-04-10 16:20:00+00:00,CASH3.SA,3.9700000286102295,3.9700000286102295,3.9700000286102295,3.9700000286102295,400
2026-04-10 16:25:00+00:00,CASH3.SA,3.9700000286102295,3.9700000286102295,3.9700000286102295,3.9700000286102295,500
2026-04-10 16:30:00+00:00,CASH3.SA,3.9700000286102295,3.9700000286102295,3.9600000381469727,3.9700000286102295,700
2026-04-10 16:35:00+00:00,CASH3.SA,3.9600000381469727,3.9600000381469727,3.950000047683716,3.9600000381469727,33800
2026-04-10 16:40:00+00:00,CASH3.SA,3.950000047683716,3.9600000381469727,3.950000047683716,3.9600000381469727,3700
2026-04-10 16:45:00+00:00,CASH3.SA,3.9600000381469727,3.9600000381469727,3.950000047683716,3.950000047683716,1300
2026-04-10 16:50:00+00:00,CASH3.SA,3.950000047683716,3.9700000286102295,3.950000047683716,3.9700000286102295,30200
2026-04-10 16:55:00+00:00,CASH3.SA,3.9700000286102295,3.9700000286102295,3.9600000381469727,3.9700000286102295,2400
2026-04-10 17:00:00+00:00,CASH3.SA,3.9600000381469727,3.9700000286102295,3.9600000381469727,3.9600000381469727,100
2026-04-10 17:05:00+00:00,CASH3.SA,3.9700000286102295,3.9700000286102295,3.9700000286102295,3.9700000286102295,500
2026-04-10 17:10:00+00:00,CASH3.SA,3.9700000286102295,3.9800000190734863,3.9600000381469727,3.9700000286102295,11600
2026-04-10 17:15:00+00:00,CASH3.SA,3.9700000286102295,3.9700000286102295,3.9600000381469727,3.9600000381469727,500
2026-04-10 17:20:00+00:00,CASH3.SA,3.9700000286102295,3.9700000286102295,3.9700000286102295,3.9700000286102295,400
2026-04-10 17:25:00+00:00,CASH3.SA,3.9700000286102295,3.9700000286102295,3.9600000381469727,3.9600000381469727,11600
2026-04-10 17:30:00+00:00,CASH3.SA,3.950000047683716,3.9600000381469727,3.950000047683716,3.950000047683716,3500
2026-04-10 17:35:00+00:00,CASH3.SA,3.9600000381469727,3.9600000381469727,3.950000047683716,3.9600000381469727,15500
2026-04-10 17:40:00+00:00,CASH3.SA,3.950000047683716,3.9600000381469727,3.950000047683716,3.9600000381469727,300
2026-04-10 17:45:00+00:00,CASH3.SA,3.950000047683716,3.9600000381469727,3.950000047683716,3.9600000381469727,500
2026-04-10 17:50:00+00:00,CASH3.SA,3.9600000381469727,3.9600000381469727,3.950000047683716,3.9600000381469727,700
2026-04-10 17:55:00+00:00,CASH3.SA,3.9600000381469727,3.9600000381469727,3.950000047683716,3.9600000381469727,1300
2026-04-10 18:00:00+00:00,CASH3.SA,3.9600000381469727,3.9700000286102295,3.950000047683716,3.9600000381469727,49700
2026-04-10 18:05:00+00:00,CASH3.SA,3.950000047683716,3.9700000286102295,3.950000047683716,3.9600000381469727,41100
2026-04-10 18:10:00+00:00,CASH3.SA,3.9700000286102295,3.9700000286102295,3.9600000381469727,3.9700000286102295,6100
2026-04-10 18:15:00+00:00,CASH3.SA,3.9700000286102295,3.9700000286102295,3.9600000381469727,3.9700000286102295,2300
2026-04-10 18:20:00+00:00,CASH3.SA,3.9700000286102295,3.9700000286102295,3.9600000381469727,3.9600000381469727,8800
2026-04-10 18:25:00+00:00,CASH3.SA,3.9600000381469727,3.990000009536743,3.9600000381469727,3.990000009536743,11300
2026-04-10 18:30:00+00:00,CASH3.SA,3.990000009536743,3.990000009536743,3.9800000190734863,3.990000009536743,5900
2026-04-10 18:35:00+00:00,CASH3.SA,3.990000009536743,3.990000009536743,3.9800000190734863,3.990000009536743,6500
2026-04-10 18:40:00+00:00,CASH3.SA,3.990000009536743,3.990000009536743,3.9700000286102295,3.990000009536743,10700
2026-04-10 18:45:00+00:00,CASH3.SA,3.990000009536743,3.990000009536743,3.9700000286102295,3.990000009536743,5200
2026-04-10 18:50:00+00:00,CASH3.SA,3.990000009536743,3.990000009536743,3.9800000190734863,3.990000009536743,6100
2026-04-10 18:55:00+00:00,CASH3.SA,3.9800000190734863,4.010000228881836,3.9800000190734863,4.0,57800
2026-04-10 19:00:00+00:00,CASH3.SA,4.010000228881836,4.010000228881836,4.0,4.0,17400
2026-04-10 19:05:00+00:00,CASH3.SA,4.0,4.0,3.990000009536743,4.0,6400
2026-04-10 19:10:00+00:00,CASH3.SA,4.0,4.0,4.0,4.0,8200
2026-04-10 19:15:00+00:00,CASH3.SA,4.0,4.0,3.990000009536743,4.0,3800
2026-04-10 19:20:00+00:00,CASH3.SA,3.990000009536743,4.0,3.990000009536743,4.0,9200
2026-04-10 19:25:00+00:00,CASH3.SA,3.990000009536743,4.0,3.990000009536743,3.990000009536743,17800
2026-04-10 19:30:00+00:00,CASH3.SA,4.0,4.03000020980835,3.990000009536743,4.03000020980835,55700
2026-04-10 19:35:00+00:00,CASH3.SA,4.019999980926514,4.019999980926514,4.0,4.0,28200
2026-04-10 19:40:00+00:00,CASH3.SA,4.0,4.010000228881836,4.0,4.0,2400
2026-04-10 19:45:00+00:00,CASH3.SA,4.010000228881836,4.010000228881836,3.990000009536743,4.0,13900
2026-04-10 19:50:00+00:00,CASH3.SA,4.0,4.010000228881836,4.0,4.010000228881836,10200
2026-04-13 13:00:00+00:00,CASH3.SA,3.9600000381469727,3.9600000381469727,3.950000047683716,3.950000047683716,0
2026-04-13 13:05:00+00:00,CASH3.SA,3.9700000286102295,3.9700000286102295,3.950000047683716,3.9600000381469727,4000
2026-04-13 13:10:00+00:00,CASH3.SA,3.9600000381469727,3.990000009536743,3.9600000381469727,3.990000009536743,6300
2026-04-13 13:15:00+00:00,CASH3.SA,3.990000009536743,4.0,3.9800000190734863,3.990000009536743,9200
2026-04-13 13:20:00+00:00,CASH3.SA,3.990000009536743,3.990000009536743,3.9800000190734863,3.9800000190734863,3300
2026-04-13 13:25:00+00:00,CASH3.SA,4.0,4.0,4.0,4.0,30100
2026-04-13 13:30:00+00:00,CASH3.SA,4.0,4.010000228881836,4.0,4.0,3900
2026-04-13 13:35:00+00:00,CASH3.SA,4.0,4.0,3.990000009536743,3.990000009536743,5900
2026-04-13 13:40:00+00:00,CASH3.SA,3.990000009536743,3.990000009536743,3.990000009536743,3.990000009536743,5500
2026-04-13 13:45:00+00:00,CASH3.SA,4.0,4.0,3.9700000286102295,3.9800000190734863,17400
2026-04-13 13:50:00+00:00,CASH3.SA,3.990000009536743,3.990000009536743,3.990000009536743,3.990000009536743,2200
2026-04-13 13:55:00+00:00,CASH3.SA,3.990000009536743,3.990000009536743,3.9800000190734863,3.990000009536743,1100
2026-04-13 14:00:00+00:00,CASH3.SA,4.0,4.010000228881836,3.9800000190734863,3.9800000190734863,16100
2026-04-13 14:05:00+00:00,CASH3.SA,3.9800000190734863,3.990000009536743,3.9800000190734863,3.990000009536743,700
2026-04-13 14:10:00+00:00,CASH3.SA,3.9800000190734863,4.0,3.9800000190734863,3.990000009536743,6700
2026-04-13 14:15:00+00:00,CASH3.SA,3.9800000190734863,3.9800000190734863,3.9800000190734863,3.9800000190734863,600
2026-04-13 14:20:00+00:00,CASH3.SA,3.990000009536743,3.990000009536743,3.9800000190734863,3.9800000190734863,2500
2026-04-13 14:25:00+00:00,CASH3.SA,3.9700000286102295,3.9800000190734863,3.9600000381469727,3.9700000286102295,3200
2026-04-13 14:30:00+00:00,CASH3.SA,3.9800000190734863,3.9800000190734863,3.9800000190734863,3.9800000190734863,5200
2026-04-13 14:35:00+00:00,CASH3.SA,3.990000009536743,4.0,3.990000009536743,3.990000009536743,30500
2026-04-13 14:40:00+00:00,CASH3.SA,3.990000009536743,3.990000009536743,3.990000009536743,3.990000009536743,3300
2026-04-13 14:45:00+00:00,CASH3.SA,3.990000009536743,4.0,3.990000009536743,4.0,11700
2026-04-13 14:50:00+00:00,CASH3.SA,3.990000009536743,4.0,3.990000009536743,4.0,2800
2026-04-13 14:55:00+00:00,CASH3.SA,4.0,4.0,4.0,4.0,5500
2026-04-13 15:00:00+00:00,CASH3.SA,3.990000009536743,3.990000009536743,3.990000009536743,3.990000009536743,4800
2026-04-13 15:05:00+00:00,CASH3.SA,3.990000009536743,4.010000228881836,3.990000009536743,3.990000009536743,5900
2026-04-13 15:10:00+00:00,CASH3.SA,4.0,4.0,4.0,4.0,200
2026-04-13 15:15:00+00:00,CASH3.SA,3.990000009536743,4.0,3.990000009536743,4.0,1800
2026-04-13 15:20:00+00:00,CASH3.SA,3.990000009536743,3.990000009536743,3.990000009536743,3.990000009536743,1500
2026-04-13 15:25:00+00:00,CASH3.SA,3.990000009536743,4.0,3.990000009536743,4.0,300
2026-04-13 15:30:00+00:00,CASH3.SA,4.0,4.0,3.990000009536743,4.0,600
2026-04-13 15:35:00+00:00,CASH3.SA,4.0,4.0,4.0,4.0,5100
2026-04-13 15:40:00+00:00,CASH3.SA,4.0,4.0,4.0,4.0,0
2026-04-13 15:45:00+00:00,CASH3.SA,3.990000009536743,3.990000009536743,3.990000009536743,3.990000009536743,200
2026-04-13 15:50:00+00:00,CASH3.SA,3.990000009536743,4.0,3.990000009536743,4.0,4100
2026-04-13 15:55:00+00:00,CASH3.SA,4.0,4.0,4.0,4.0,400
2026-04-13 16:05:00+00:00,CASH3.SA,4.010000228881836,4.019999980926514,4.010000228881836,4.019999980926514,24600
2026-04-13 16:10:00+00:00,CASH3.SA,4.010000228881836,4.010000228881836,4.010000228881836,4.010000228881836,2500
2026-04-13 16:15:00+00:00,CASH3.SA,4.010000228881836,4.010000228881836,4.010000228881836,4.010000228881836,2000
2026-04-13 16:20:00+00:00,CASH3.SA,4.010000228881836,4.010000228881836,4.010000228881836,4.010000228881836,1000
2026-04-13 16:25:00+00:00,CASH3.SA,4.010000228881836,4.010000228881836,4.010000228881836,4.010000228881836,1600
2026-04-13 16:30:00+00:00,CASH3.SA,4.010000228881836,4.019999980926514,4.010000228881836,4.010000228881836,600
2026-04-13 16:35:00+00:00,CASH3.SA,4.019999980926514,4.03000020980835,4.019999980926514,4.019999980926514,32000
2026-04-13 16:40:00+00:00,CASH3.SA,4.019999980926514,4.019999980926514,4.010000228881836,4.010000228881836,12800
2026-04-13 16:45:00+00:00,CASH3.SA,4.019999980926514,4.03000020980835,4.019999980926514,4.019999980926514,4200
2026-04-13 16:50:00+00:00,CASH3.SA,4.03000020980835,4.03000020980835,4.010000228881836,4.010000228881836,3600
2026-04-13 16:55:00+00:00,CASH3.SA,4.019999980926514,4.019999980926514,4.019999980926514,4.019999980926514,300
2026-04-13 17:00:00+00:00,CASH3.SA,4.019999980926514,4.019999980926514,4.019999980926514,4.019999980926514,1400
2026-04-13 17:05:00+00:00,CASH3.SA,4.019999980926514,4.019999980926514,4.010000228881836,4.010000228881836,200
2026-04-13 17:10:00+00:00,CASH3.SA,4.010000228881836,4.010000228881836,4.0,4.0,41200
2026-04-13 17:15:00+00:00,CASH3.SA,3.990000009536743,4.0,3.990000009536743,3.990000009536743,9000
2026-04-13 17:20:00+00:00,CASH3.SA,3.990000009536743,3.990000009536743,3.990000009536743,3.990000009536743,800
2026-04-13 17:25:00+00:00,CASH3.SA,3.990000009536743,3.990000009536743,3.990000009536743,3.990000009536743,800
2026-04-13 17:30:00+00:00,CASH3.SA,3.990000009536743,4.0,3.990000009536743,4.0,7000
2026-04-13 17:40:00+00:00,CASH3.SA,4.010000228881836,4.010000228881836,4.010000228881836,4.010000228881836,1300
2026-04-13 17:45:00+00:00,CASH3.SA,4.0,4.0,4.0,4.0,700
2026-04-13 17:50:00+00:00,CASH3.SA,4.0,4.010000228881836,4.0,4.0,100
2026-04-13 17:55:00+00:00,CASH3.SA,4.0,4.010000228881836,4.0,4.0,3000
2026-04-13 18:00:00+00:00,CASH3.SA,4.0,4.010000228881836,4.0,4.0,0
2026-04-13 18:05:00+00:00,CASH3.SA,4.0,4.0,4.0,4.0,300
2026-04-13 18:10:00+00:00,CASH3.SA,4.0,4.0,4.0,4.0,600
2026-04-13 18:15:00+00:00,CASH3.SA,4.0,4.010000228881836,4.0,4.010000228881836,4200
2026-04-13 18:20:00+00:00,CASH3.SA,4.0,4.0,4.0,4.0,4900
2026-04-13 18:25:00+00:00,CASH3.SA,4.0,4.0,3.990000009536743,3.990000009536743,800
2026-04-13 18:30:00+00:00,CASH3.SA,4.0,4.019999980926514,4.0,4.010000228881836,29700
2026-04-13 18:35:00+00:00,CASH3.SA,4.010000228881836,4.019999980926514,4.010000228881836,4.010000228881836,800
2026-04-13 18:40:00+00:00,CASH3.SA,4.010000228881836,4.019999980926514,4.0,4.0,1800
2026-04-13 18:45:00+00:00,CASH3.SA,4.019999980926514,4.059999942779541,4.019999980926514,4.059999942779541,208800
2026-04-13 18:50:00+00:00,CASH3.SA,4.070000171661377,4.070000171661377,4.059999942779541,4.059999942779541,13800
2026-04-13 18:55:00+00:00,CASH3.SA,4.059999942779541,4.070000171661377,4.050000190734863,4.059999942779541,13700
2026-04-13 19:00:00+00:00,CASH3.SA,4.070000171661377,4.070000171661377,4.050000190734863,4.070000171661377,3700
2026-04-13 19:05:00+00:00,CASH3.SA,4.059999942779541,4.070000171661377,4.050000190734863,4.059999942779541,6300
2026-04-13 19:10:00+00:00,CASH3.SA,4.050000190734863,4.059999942779541,4.050000190734863,4.050000190734863,4200
2026-04-13 19:15:00+00:00,CASH3.SA,4.050000190734863,4.059999942779541,4.050000190734863,4.059999942779541,900
2026-04-13 19:20:00+00:00,CASH3.SA,4.059999942779541,4.070000171661377,4.050000190734863,4.070000171661377,14100
2026-04-13 19:25:00+00:00,CASH3.SA,4.070000171661377,4.070000171661377,4.059999942779541,4.070000171661377,7900
2026-04-13 19:30:00+00:00,CASH3.SA,4.059999942779541,4.070000171661377,4.050000190734863,4.050000190734863,29900
2026-04-13 19:35:00+00:00,CASH3.SA,4.050000190734863,4.070000171661377,4.050000190734863,4.059999942779541,7900
2026-04-13 19:40:00+00:00,CASH3.SA,4.059999942779541,4.070000171661377,4.059999942779541,4.070000171661377,2600
2026-04-13 19:45:00+00:00,CASH3.SA,4.070000171661377,4.070000171661377,4.050000190734863,4.050000190734863,11700
2026-04-13 19:50:00+00:00,CASH3.SA,4.050000190734863,4.070000171661377,4.050000190734863,4.070000171661377,19300
2026-04-14 13:00:00+00:00,CASH3.SA,4.070000171661377,4.119999885559082,4.03000020980835,4.119999885559082,0
2026-04-14 13:05:00+00:00,CASH3.SA,4.110000133514404,4.119999885559082,4.090000152587891,4.110000133514404,234600
2026-04-14 13:10:00+00:00,CASH3.SA,4.110000133514404,4.110000133514404,4.090000152587891,4.090000152587891,22400
2026-04-14 13:15:00+00:00,CASH3.SA,4.099999904632568,4.099999904632568,4.090000152587891,4.090000152587891,5600
2026-04-14 13:20:00+00:00,CASH3.SA,4.090000152587891,4.090000152587891,4.079999923706055,4.079999923706055,5800
2026-04-14 13:25:00+00:00,CASH3.SA,4.079999923706055,4.079999923706055,4.070000171661377,4.070000171661377,800
2026-04-14 13:30:00+00:00,CASH3.SA,4.079999923706055,4.130000114440918,4.079999923706055,4.130000114440918,62900
2026-04-14 13:35:00+00:00,CASH3.SA,4.130000114440918,4.139999866485596,4.130000114440918,4.130000114440918,4500
2026-04-14 13:40:00+00:00,CASH3.SA,4.130000114440918,4.139999866485596,4.119999885559082,4.130000114440918,13700
2026-04-14 13:45:00+00:00,CASH3.SA,4.130000114440918,4.159999847412109,4.119999885559082,4.150000095367432,24700
2026-04-14 13:50:00+00:00,CASH3.SA,4.150000095367432,4.159999847412109,4.150000095367432,4.150000095367432,14600
2026-04-14 13:55:00+00:00,CASH3.SA,4.150000095367432,4.159999847412109,4.150000095367432,4.159999847412109,4800
2026-04-14 14:00:00+00:00,CASH3.SA,4.170000076293945,4.170000076293945,4.159999847412109,4.159999847412109,6100
2026-04-14 14:05:00+00:00,CASH3.SA,4.150000095367432,4.159999847412109,4.119999885559082,4.119999885559082,24900
2026-04-14 14:10:00+00:00,CASH3.SA,4.130000114440918,4.130000114440918,4.119999885559082,4.130000114440918,16800
2026-04-14 14:15:00+00:00,CASH3.SA,4.139999866485596,4.150000095367432,4.130000114440918,4.139999866485596,27900
2026-04-14 14:20:00+00:00,CASH3.SA,4.139999866485596,4.150000095367432,4.119999885559082,4.150000095367432,15200
2026-04-14 14:25:00+00:00,CASH3.SA,4.150000095367432,4.159999847412109,4.130000114440918,4.150000095367432,18000
2026-04-14 14:30:00+00:00,CASH3.SA,4.150000095367432,4.150000095367432,4.139999866485596,4.150000095367432,11100
2026-04-14 14:35:00+00:00,CASH3.SA,4.150000095367432,4.150000095367432,4.139999866485596,4.150000095367432,6800
2026-04-14 14:40:00+00:00,CASH3.SA,4.150000095367432,4.21999979019165,4.150000095367432,4.190000057220459,328100
2026-04-14 14:45:00+00:00,CASH3.SA,4.179999828338623,4.190000057220459,4.170000076293945,4.170000076293945,12900
2026-04-14 14:50:00+00:00,CASH3.SA,4.179999828338623,4.190000057220459,4.159999847412109,4.190000057220459,10700
2026-04-14 14:55:00+00:00,CASH3.SA,4.179999828338623,4.179999828338623,4.170000076293945,4.170000076293945,2800
2026-04-14 15:00:00+00:00,CASH3.SA,4.170000076293945,4.170000076293945,4.159999847412109,4.170000076293945,7500
2026-04-14 15:05:00+00:00,CASH3.SA,4.170000076293945,4.179999828338623,4.159999847412109,4.159999847412109,12500
2026-04-14 15:10:00+00:00,CASH3.SA,4.170000076293945,4.170000076293945,4.159999847412109,4.170000076293945,4100
2026-04-14 15:15:00+00:00,CASH3.SA,4.159999847412109,4.170000076293945,4.159999847412109,4.159999847412109,2100
2026-04-14 15:20:00+00:00,CASH3.SA,4.170000076293945,4.170000076293945,4.159999847412109,4.159999847412109,8200
2026-04-14 15:25:00+00:00,CASH3.SA,4.170000076293945,4.170000076293945,4.170000076293945,4.170000076293945,5800
2026-04-14 15:30:00+00:00,CASH3.SA,4.170000076293945,4.170000076293945,4.159999847412109,4.170000076293945,4700
2026-04-14 15:35:00+00:00,CASH3.SA,4.159999847412109,4.179999828338623,4.159999847412109,4.179999828338623,5900
2026-04-14 15:40:00+00:00,CASH3.SA,4.170000076293945,4.179999828338623,4.170000076293945,4.170000076293945,20700
2026-04-14 15:45:00+00:00,CASH3.SA,4.159999847412109,4.170000076293945,4.159999847412109,4.170000076293945,36900
2026-04-14 15:50:00+00:00,CASH3.SA,4.179999828338623,4.179999828338623,4.170000076293945,4.170000076293945,9000
2026-04-14 15:55:00+00:00,CASH3.SA,4.170000076293945,4.199999809265137,4.170000076293945,4.190000057220459,40500
2026-04-14 16:00:00+00:00,CASH3.SA,4.190000057220459,4.199999809265137,4.190000057220459,4.199999809265137,7400
2026-04-14 16:05:00+00:00,CASH3.SA,4.199999809265137,4.199999809265137,4.190000057220459,4.190000057220459,5000
2026-04-14 16:10:00+00:00,CASH3.SA,4.190000057220459,4.199999809265137,4.179999828338623,4.179999828338623,13500
2026-04-14 16:15:00+00:00,CASH3.SA,4.179999828338623,4.179999828338623,4.159999847412109,4.170000076293945,230100
2026-04-14 16:20:00+00:00,CASH3.SA,4.159999847412109,4.179999828338623,4.159999847412109,4.179999828338623,14200
2026-04-14 16:25:00+00:00,CASH3.SA,4.170000076293945,4.179999828338623,4.170000076293945,4.170000076293945,0
2026-04-14 16:30:00+00:00,CASH3.SA,4.170000076293945,4.179999828338623,4.170000076293945,4.170000076293945,9100
2026-04-14 16:35:00+00:00,CASH3.SA,4.170000076293945,4.170000076293945,4.159999847412109,4.159999847412109,4100
2026-04-14 16:40:00+00:00,CASH3.SA,4.159999847412109,4.170000076293945,4.159999847412109,4.159999847412109,10000
2026-04-14 16:45:00+00:00,CASH3.SA,4.159999847412109,4.170000076293945,4.159999847412109,4.159999847412109,3400
2026-04-14 16:50:00+00:00,CASH3.SA,4.159999847412109,4.170000076293945,4.159999847412109,4.159999847412109,2400
2026-04-14 16:55:00+00:00,CASH3.SA,4.170000076293945,4.170000076293945,4.159999847412109,4.170000076293945,3400
2026-04-14 17:00:00+00:00,CASH3.SA,4.159999847412109,4.170000076293945,4.159999847412109,4.159999847412109,3700
2026-04-14 17:05:00+00:00,CASH3.SA,4.159999847412109,4.170000076293945,4.159999847412109,4.159999847412109,28100
2026-04-14 17:10:00+00:00,CASH3.SA,4.170000076293945,4.170000076293945,4.159999847412109,4.170000076293945,5900
2026-04-14 17:15:00+00:00,CASH3.SA,4.159999847412109,4.170000076293945,4.159999847412109,4.170000076293945,8500
2026-04-14 17:20:00+00:00,CASH3.SA,4.159999847412109,4.170000076293945,4.159999847412109,4.159999847412109,1800
2026-04-14 17:25:00+00:00,CASH3.SA,4.170000076293945,4.170000076293945,4.150000095367432,4.150000095367432,5300
2026-04-14 17:30:00+00:00,CASH3.SA,4.150000095367432,4.159999847412109,4.130000114440918,4.150000095367432,101300
2026-04-14 17:35:00+00:00,CASH3.SA,4.150000095367432,4.159999847412109,4.139999866485596,4.139999866485596,29200
2026-04-14 17:40:00+00:00,CASH3.SA,4.139999866485596,4.139999866485596,4.139999866485596,4.139999866485596,9400
2026-04-14 17:45:00+00:00,CASH3.SA,4.139999866485596,4.150000095367432,4.130000114440918,4.150000095367432,14600
2026-04-14 17:50:00+00:00,CASH3.SA,4.150000095367432,4.159999847412109,4.139999866485596,4.150000095367432,55600
2026-04-14 17:55:00+00:00,CASH3.SA,4.159999847412109,4.159999847412109,4.139999866485596,4.150000095367432,41900
2026-04-14 18:00:00+00:00,CASH3.SA,4.150000095367432,4.150000095367432,4.139999866485596,4.139999866485596,15500
2026-04-14 18:05:00+00:00,CASH3.SA,4.139999866485596,4.139999866485596,4.130000114440918,4.139999866485596,10000
2026-04-14 18:10:00+00:00,CASH3.SA,4.139999866485596,4.150000095367432,4.130000114440918,4.150000095367432,24900
2026-04-14 18:15:00+00:00,CASH3.SA,4.150000095367432,4.150000095367432,4.139999866485596,4.139999866485596,8700
2026-04-14 18:20:00+00:00,CASH3.SA,4.139999866485596,4.139999866485596,4.130000114440918,4.130000114440918,17400
2026-04-14 18:25:00+00:00,CASH3.SA,4.130000114440918,4.150000095367432,4.130000114440918,4.150000095367432,8600
2026-04-14 18:30:00+00:00,CASH3.SA,4.150000095367432,4.150000095367432,4.119999885559082,4.130000114440918,20700
2026-04-14 18:35:00+00:00,CASH3.SA,4.130000114440918,4.130000114440918,4.119999885559082,4.130000114440918,8100
2026-04-14 18:40:00+00:00,CASH3.SA,4.130000114440918,4.139999866485596,4.099999904632568,4.119999885559082,25900
2026-04-14 18:45:00+00:00,CASH3.SA,4.119999885559082,4.119999885559082,4.099999904632568,4.110000133514404,8600
2026-04-14 18:50:00+00:00,CASH3.SA,4.110000133514404,4.110000133514404,4.099999904632568,4.110000133514404,6800
2026-04-14 18:55:00+00:00,CASH3.SA,4.110000133514404,4.110000133514404,4.099999904632568,4.110000133514404,10300
2026-04-14 19:00:00+00:00,CASH3.SA,4.110000133514404,4.110000133514404,4.079999923706055,4.099999904632568,25300
2026-04-14 19:05:00+00:00,CASH3.SA,4.099999904632568,4.099999904632568,4.090000152587891,4.090000152587891,3300
2026-04-14 19:10:00+00:00,CASH3.SA,4.099999904632568,4.099999904632568,4.090000152587891,4.099999904632568,4200
2026-04-14 19:15:00+00:00,CASH3.SA,4.099999904632568,4.110000133514404,4.090000152587891,4.099999904632568,8700
2026-04-14 19:20:00+00:00,CASH3.SA,4.099999904632568,4.119999885559082,4.099999904632568,4.110000133514404,11500
2026-04-14 19:25:00+00:00,CASH3.SA,4.110000133514404,4.110000133514404,4.099999904632568,4.110000133514404,9600
2026-04-14 19:30:00+00:00,CASH3.SA,4.110000133514404,4.110000133514404,4.090000152587891,4.099999904632568,11600
2026-04-14 19:35:00+00:00,CASH3.SA,4.099999904632568,4.099999904632568,4.070000171661377,4.090000152587891,13300
2026-04-14 19:40:00+00:00,CASH3.SA,4.090000152587891,4.090000152587891,4.070000171661377,4.079999923706055,15900
2026-04-14 19:45:00+00:00,CASH3.SA,4.079999923706055,4.079999923706055,4.070000171661377,4.079999923706055,8800
2026-04-14 19:50:00+00:00,CASH3.SA,4.070000171661377,4.099999904632568,4.050000190734863,4.099999904632568,99700
2026-04-15 13:00:00+00:00,CASH3.SA,4.090000152587891,4.090000152587891,4.050000190734863,4.050000190734863,0
2026-04-15 13:05:00+00:00,CASH3.SA,4.059999942779541,4.119999885559082,4.059999942779541,4.119999885559082,104700
2026-04-15 13:10:00+00:00,CASH3.SA,4.110000133514404,4.119999885559082,4.099999904632568,4.110000133514404,11900
2026-04-15 13:15:00+00:00,CASH3.SA,4.130000114440918,4.130000114440918,4.119999885559082,4.119999885559082,4000
2026-04-15 13:20:00+00:00,CASH3.SA,4.099999904632568,4.119999885559082,4.099999904632568,4.119999885559082,1200
2026-04-15 13:25:00+00:00,CASH3.SA,4.119999885559082,4.130000114440918,4.110000133514404,4.130000114440918,900
2026-04-15 13:30:00+00:00,CASH3.SA,4.119999885559082,4.119999885559082,4.119999885559082,4.119999885559082,1800
2026-04-15 13:35:00+00:00,CASH3.SA,4.119999885559082,4.190000057220459,4.119999885559082,4.159999847412109,36900
2026-04-15 13:40:00+00:00,CASH3.SA,4.159999847412109,4.159999847412109,4.139999866485596,4.139999866485596,6700
2026-04-15 13:45:00+00:00,CASH3.SA,4.139999866485596,4.150000095367432,4.130000114440918,4.130000114440918,20100
2026-04-15 13:50:00+00:00,CASH3.SA,4.130000114440918,4.130000114440918,4.090000152587891,4.090000152587891,7600
2026-04-15 13:55:00+00:00,CASH3.SA,4.099999904632568,4.099999904632568,4.099999904632568,4.099999904632568,900
2026-04-15 14:00:00+00:00,CASH3.SA,4.099999904632568,4.110000133514404,4.090000152587891,4.090000152587891,5100
2026-04-15 14:05:00+00:00,CASH3.SA,4.090000152587891,4.090000152587891,4.079999923706055,4.079999923706055,4600
2026-04-15 14:10:00+00:00,CASH3.SA,4.070000171661377,4.079999923706055,4.070000171661377,4.079999923706055,3500
2026-04-15 14:15:00+00:00,CASH3.SA,4.070000171661377,4.070000171661377,4.059999942779541,4.059999942779541,22700
2026-04-15 14:20:00+00:00,CASH3.SA,4.050000190734863,4.119999885559082,4.050000190734863,4.110000133514404,40400
2026-04-15 14:25:00+00:00,CASH3.SA,4.099999904632568,4.119999885559082,4.099999904632568,4.110000133514404,8200
2026-04-15 14:30:00+00:00,CASH3.SA,4.099999904632568,4.099999904632568,4.090000152587891,4.099999904632568,1700
2026-04-15 14:35:00+00:00,CASH3.SA,4.099999904632568,4.099999904632568,4.090000152587891,4.090000152587891,1100
2026-04-15 14:40:00+00:00,CASH3.SA,4.099999904632568,4.099999904632568,4.079999923706055,4.079999923706055,4500
2026-04-15 14:45:00+00:00,CASH3.SA,4.090000152587891,4.099999904632568,4.079999923706055,4.079999923706055,5200
2026-04-15 14:50:00+00:00,CASH3.SA,4.090000152587891,4.090000152587891,4.079999923706055,4.090000152587891,2200
2026-04-15 14:55:00+00:00,CASH3.SA,4.090000152587891,4.090000152587891,4.079999923706055,4.090000152587891,2600
2026-04-15 15:00:00+00:00,CASH3.SA,4.090000152587891,4.090000152587891,4.079999923706055,4.090000152587891,800
2026-04-15 15:05:00+00:00,CASH3.SA,4.079999923706055,4.090000152587891,4.079999923706055,4.090000152587891,1200
2026-04-15 15:10:00+00:00,CASH3.SA,4.090000152587891,4.090000152587891,4.079999923706055,4.090000152587891,1000
2026-04-15 15:15:00+00:00,CASH3.SA,4.079999923706055,4.090000152587891,4.079999923706055,4.090000152587891,1600
2026-04-15 15:20:00+00:00,CASH3.SA,4.090000152587891,4.090000152587891,4.079999923706055,4.079999923706055,1200
2026-04-15 15:25:00+00:00,CASH3.SA,4.090000152587891,4.090000152587891,4.079999923706055,4.090000152587891,1400
2026-04-15 15:30:00+00:00,CASH3.SA,4.090000152587891,4.090000152587891,4.090000152587891,4.090000152587891,2800
2026-04-15 15:35:00+00:00,CASH3.SA,4.090000152587891,4.090000152587891,4.070000171661377,4.070000171661377,4600
2026-04-15 15:40:00+00:00,CASH3.SA,4.079999923706055,4.079999923706055,4.070000171661377,4.079999923706055,700
2026-04-15 15:45:00+00:00,CASH3.SA,4.079999923706055,4.079999923706055,4.070000171661377,4.079999923706055,2300
2026-04-15 15:50:00+00:00,CASH3.SA,4.079999923706055,4.079999923706055,4.070000171661377,4.079999923706055,1300
2026-04-15 15:55:00+00:00,CASH3.SA,4.079999923706055,4.079999923706055,4.079999923706055,4.079999923706055,700
2026-04-15 16:00:00+00:00,CASH3.SA,4.070000171661377,4.079999923706055,4.070000171661377,4.079999923706055,1000
2026-04-15 16:05:00+00:00,CASH3.SA,4.079999923706055,4.079999923706055,4.070000171661377,4.079999923706055,1000
2026-04-15 16:10:00+00:00,CASH3.SA,4.079999923706055,4.079999923706055,4.059999942779541,4.059999942779541,5700
2026-04-15 16:15:00+00:00,CASH3.SA,4.059999942779541,4.070000171661377,4.039999961853027,4.059999942779541,24600
2026-04-15 16:20:00+00:00,CASH3.SA,4.050000190734863,4.059999942779541,4.050000190734863,4.050000190734863,4100
2026-04-15 16:25:00+00:00,CASH3.SA,4.050000190734863,4.059999942779541,4.050000190734863,4.050000190734863,3800
2026-04-15 16:30:00+00:00,CASH3.SA,4.050000190734863,4.050000190734863,4.039999961853027,4.050000190734863,1400
2026-04-15 16:35:00+00:00,CASH3.SA,4.050000190734863,4.050000190734863,4.039999961853027,4.039999961853027,1600
2026-04-15 16:40:00+00:00,CASH3.SA,4.050000190734863,4.050000190734863,4.010000228881836,4.03000020980835,26600
2026-04-15 16:45:00+00:00,CASH3.SA,4.03000020980835,4.03000020980835,4.010000228881836,4.019999980926514,9800
2026-04-15 16:50:00+00:00,CASH3.SA,4.03000020980835,4.03000020980835,4.010000228881836,4.019999980926514,6100
2026-04-15 16:55:00+00:00,CASH3.SA,4.019999980926514,4.019999980926514,4.010000228881836,4.010000228881836,5900
2026-04-15 17:00:00+00:00,CASH3.SA,4.019999980926514,4.110000133514404,4.019999980926514,4.099999904632568,174900
2026-04-15 17:05:00+00:00,CASH3.SA,4.099999904632568,4.110000133514404,4.090000152587891,4.110000133514404,9200
2026-04-15 17:10:00+00:00,CASH3.SA,4.090000152587891,4.110000133514404,4.090000152587891,4.099999904632568,3300
2026-04-15 17:15:00+00:00,CASH3.SA,4.099999904632568,4.099999904632568,4.090000152587891,4.099999904632568,1200
2026-04-15 17:20:00+00:00,CASH3.SA,4.099999904632568,4.099999904632568,4.090000152587891,4.099999904632568,1400
2026-04-15 17:25:00+00:00,CASH3.SA,4.090000152587891,4.099999904632568,4.090000152587891,4.099999904632568,1800
2026-04-15 17:30:00+00:00,CASH3.SA,4.099999904632568,4.099999904632568,4.090000152587891,4.099999904632568,1200
2026-04-15 17:35:00+00:00,CASH3.SA,4.099999904632568,4.099999904632568,4.059999942779541,4.099999904632568,16600
2026-04-15 17:40:00+00:00,CASH3.SA,4.099999904632568,4.099999904632568,4.079999923706055,4.090000152587891,9700
2026-04-15 17:45:00+00:00,CASH3.SA,4.090000152587891,4.090000152587891,4.079999923706055,4.090000152587891,1100
2026-04-15 17:50:00+00:00,CASH3.SA,4.090000152587891,4.090000152587891,4.079999923706055,4.090000152587891,1300
2026-04-15 17:55:00+00:00,CASH3.SA,4.090000152587891,4.099999904632568,4.079999923706055,4.099999904632568,3400
2026-04-15 18:00:00+00:00,CASH3.SA,4.090000152587891,4.099999904632568,4.079999923706055,4.090000152587891,7700
2026-04-15 18:05:00+00:00,CASH3.SA,4.090000152587891,4.090000152587891,4.059999942779541,4.079999923706055,7000
2026-04-15 18:10:00+00:00,CASH3.SA,4.090000152587891,4.130000114440918,4.079999923706055,4.130000114440918,23000
2026-04-15 18:15:00+00:00,CASH3.SA,4.130000114440918,4.130000114440918,4.110000133514404,4.119999885559082,4000
2026-04-15 18:20:00+00:00,CASH3.SA,4.110000133514404,4.130000114440918,4.110000133514404,4.130000114440918,3400
2026-04-15 18:25:00+00:00,CASH3.SA,4.130000114440918,4.130000114440918,4.119999885559082,4.130000114440918,5600
2026-04-15 18:30:00+00:00,CASH3.SA,4.130000114440918,4.139999866485596,4.119999885559082,4.119999885559082,20400
2026-04-15 18:35:00+00:00,CASH3.SA,4.130000114440918,4.139999866485596,4.119999885559082,4.139999866485596,4100
2026-04-15 18:40:00+00:00,CASH3.SA,4.130000114440918,4.139999866485596,4.119999885559082,4.130000114440918,17500
2026-04-15 18:45:00+00:00,CASH3.SA,4.130000114440918,4.170000076293945,4.130000114440918,4.139999866485596,189200
2026-04-15 18:50:00+00:00,CASH3.SA,4.150000095367432,4.159999847412109,4.139999866485596,4.159999847412109,3300
2026-04-15 18:55:00+00:00,CASH3.SA,4.150000095367432,4.159999847412109,4.139999866485596,4.159999847412109,7200
2026-04-15 19:00:00+00:00,CASH3.SA,4.159999847412109,4.159999847412109,4.150000095367432,4.150000095367432,2800
2026-04-15 19:05:00+00:00,CASH3.SA,4.150000095367432,4.150000095367432,4.139999866485596,4.150000095367432,14100
2026-04-15 19:10:00+00:00,CASH3.SA,4.150000095367432,4.150000095367432,4.139999866485596,4.150000095367432,4900
2026-04-15 19:15:00+00:00,CASH3.SA,4.150000095367432,4.150000095367432,4.130000114440918,4.150000095367432,49300
2026-04-15 19:20:00+00:00,CASH3.SA,4.139999866485596,4.159999847412109,4.139999866485596,4.150000095367432,61700
2026-04-15 19:25:00+00:00,CASH3.SA,4.150000095367432,4.170000076293945,4.150000095367432,4.159999847412109,33900
2026-04-15 19:30:00+00:00,CASH3.SA,4.159999847412109,4.199999809265137,4.159999847412109,4.190000057220459,156900
2026-04-15 19:35:00+00:00,CASH3.SA,4.190000057220459,4.190000057220459,4.179999828338623,4.179999828338623,42900
2026-04-15 19:40:00+00:00,CASH3.SA,4.179999828338623,4.190000057220459,4.170000076293945,4.179999828338623,29800
2026-04-15 19:45:00+00:00,CASH3.SA,4.179999828338623,4.199999809265137,4.179999828338623,4.190000057220459,50000
2026-04-15 19:50:00+00:00,CASH3.SA,4.190000057220459,4.199999809265137,4.179999828338623,4.199999809265137,20300
2026-04-16 13:00:00+00:00,CASH3.SA,4.190000057220459,4.210000038146973,4.190000057220459,4.199999809265137,0
2026-04-16 13:05:00+00:00,CASH3.SA,4.210000038146973,4.21999979019165,4.210000038146973,4.21999979019165,13700
2026-04-16 13:10:00+00:00,CASH3.SA,4.21999979019165,4.21999979019165,4.199999809265137,4.21999979019165,11700
2026-04-16 13:15:00+00:00,CASH3.SA,4.21999979019165,4.239999771118164,4.21999979019165,4.239999771118164,10000
2026-04-16 13:20:00+00:00,CASH3.SA,4.230000019073486,4.25,4.230000019073486,4.239999771118164,21100
2026-04-16 13:25:00+00:00,CASH3.SA,4.230000019073486,4.239999771118164,4.230000019073486,4.230000019073486,19100
2026-04-16 13:30:00+00:00,CASH3.SA,4.230000019073486,4.230000019073486,4.21999979019165,4.21999979019165,24300
2026-04-16 13:35:00+00:00,CASH3.SA,4.21999979019165,4.230000019073486,4.210000038146973,4.210000038146973,11100
2026-04-16 13:40:00+00:00,CASH3.SA,4.210000038146973,4.230000019073486,4.210000038146973,4.210000038146973,8600
2026-04-16 13:45:00+00:00,CASH3.SA,4.210000038146973,4.210000038146973,4.199999809265137,4.199999809265137,3400
2026-04-16 13:50:00+00:00,CASH3.SA,4.199999809265137,4.199999809265137,4.190000057220459,4.199999809265137,7500
2026-04-16 13:55:00+00:00,CASH3.SA,4.190000057220459,4.190000057220459,4.159999847412109,4.179999828338623,32300
2026-04-16 14:00:00+00:00,CASH3.SA,4.179999828338623,4.190000057220459,4.179999828338623,4.190000057220459,800
2026-04-16 14:05:00+00:00,CASH3.SA,4.190000057220459,4.190000057220459,4.190000057220459,4.190000057220459,200
2026-04-16 14:10:00+00:00,CASH3.SA,4.190000057220459,4.210000038146973,4.190000057220459,4.190000057220459,18200
2026-04-16 14:15:00+00:00,CASH3.SA,4.179999828338623,4.179999828338623,4.179999828338623,4.179999828338623,7300
2026-04-16 14:20:00+00:00,CASH3.SA,4.170000076293945,4.170000076293945,4.159999847412109,4.159999847412109,5800
2026-04-16 14:25:00+00:00,CASH3.SA,4.159999847412109,4.159999847412109,4.150000095367432,4.159999847412109,13400
2026-04-16 14:30:00+00:00,CASH3.SA,4.150000095367432,4.159999847412109,4.139999866485596,4.139999866485596,3200
2026-04-16 14:35:00+00:00,CASH3.SA,4.139999866485596,4.159999847412109,4.139999866485596,4.159999847412109,2500
2026-04-16 14:40:00+00:00,CASH3.SA,4.150000095367432,4.150000095367432,4.139999866485596,4.150000095367432,12000
2026-04-16 14:45:00+00:00,CASH3.SA,4.139999866485596,4.159999847412109,4.139999866485596,4.159999847412109,3100
2026-04-16 14:50:00+00:00,CASH3.SA,4.150000095367432,4.159999847412109,4.150000095367432,4.159999847412109,400
2026-04-16 14:55:00+00:00,CASH3.SA,4.159999847412109,4.159999847412109,4.139999866485596,4.139999866485596,2100
2026-04-16 15:00:00+00:00,CASH3.SA,4.139999866485596,4.170000076293945,4.139999866485596,4.170000076293945,4900
2026-04-16 15:05:00+00:00,CASH3.SA,4.170000076293945,4.179999828338623,4.159999847412109,4.179999828338623,3000
2026-04-16 15:10:00+00:00,CASH3.SA,4.179999828338623,4.179999828338623,4.150000095367432,4.170000076293945,9500
2026-04-16 15:15:00+00:00,CASH3.SA,4.159999847412109,4.170000076293945,4.150000095367432,4.150000095367432,1400
2026-04-16 15:20:00+00:00,CASH3.SA,4.150000095367432,4.159999847412109,4.150000095367432,4.150000095367432,600
2026-04-16 15:25:00+00:00,CASH3.SA,4.159999847412109,4.159999847412109,4.150000095367432,4.159999847412109,500
2026-04-16 15:30:00+00:00,CASH3.SA,4.150000095367432,4.150000095367432,4.130000114440918,4.130000114440918,6800
2026-04-16 15:35:00+00:00,CASH3.SA,4.139999866485596,4.150000095367432,4.139999866485596,4.150000095367432,300
2026-04-16 15:40:00+00:00,CASH3.SA,4.139999866485596,4.139999866485596,4.139999866485596,4.139999866485596,1500
2026-04-16 15:45:00+00:00,CASH3.SA,4.139999866485596,4.139999866485596,4.139999866485596,4.139999866485596,5200
2026-04-16 15:50:00+00:00,CASH3.SA,4.139999866485596,4.139999866485596,4.139999866485596,4.139999866485596,2100
2026-04-16 15:55:00+00:00,CASH3.SA,4.150000095367432,4.159999847412109,4.150000095367432,4.150000095367432,5100
2026-04-16 16:00:00+00:00,CASH3.SA,4.150000095367432,4.150000095367432,4.139999866485596,4.139999866485596,2800
2026-04-16 16:05:00+00:00,CASH3.SA,4.139999866485596,4.159999847412109,4.139999866485596,4.159999847412109,2800
2026-04-16 16:10:00+00:00,CASH3.SA,4.150000095367432,4.159999847412109,4.150000095367432,4.159999847412109,1900
2026-04-16 16:15:00+00:00,CASH3.SA,4.159999847412109,4.159999847412109,4.150000095367432,4.150000095367432,2100
2026-04-16 16:20:00+00:00,CASH3.SA,4.150000095367432,4.159999847412109,4.150000095367432,4.150000095367432,600
2026-04-16 16:25:00+00:00,CASH3.SA,4.159999847412109,4.159999847412109,4.139999866485596,4.139999866485596,3200
2026-04-16 16:30:00+00:00,CASH3.SA,4.139999866485596,4.150000095367432,4.139999866485596,4.150000095367432,4400
2026-04-16 16:35:00+00:00,CASH3.SA,4.150000095367432,4.159999847412109,4.150000095367432,4.159999847412109,14100
2026-04-16 16:40:00+00:00,CASH3.SA,4.159999847412109,4.159999847412109,4.150000095367432,4.150000095367432,6200
2026-04-16 16:45:00+00:00,CASH3.SA,4.159999847412109,4.159999847412109,4.150000095367432,4.150000095367432,100
2026-04-16 16:50:00+00:00,CASH3.SA,4.150000095367432,4.159999847412109,4.150000095367432,4.159999847412109,600
2026-04-16 16:55:00+00:00,CASH3.SA,4.159999847412109,4.159999847412109,4.150000095367432,4.150000095367432,1000
2026-04-16 17:00:00+00:00,CASH3.SA,4.159999847412109,4.159999847412109,4.150000095367432,4.150000095367432,1400
2026-04-16 17:05:00+00:00,CASH3.SA,4.150000095367432,4.150000095367432,4.139999866485596,4.150000095367432,6800
2026-04-16 17:10:00+00:00,CASH3.SA,4.150000095367432,4.159999847412109,4.150000095367432,4.150000095367432,10300
2026-04-16 17:15:00+00:00,CASH3.SA,4.159999847412109,4.159999847412109,4.150000095367432,4.159999847412109,0
2026-04-16 17:20:00+00:00,CASH3.SA,4.159999847412109,4.159999847412109,4.150000095367432,4.159999847412109,1000
2026-04-16 17:25:00+00:00,CASH3.SA,4.150000095367432,4.159999847412109,4.150000095367432,4.150000095367432,700
2026-04-16 17:30:00+00:00,CASH3.SA,4.150000095367432,4.159999847412109,4.150000095367432,4.150000095367432,2300
2026-04-16 17:35:00+00:00,CASH3.SA,4.150000095367432,4.159999847412109,4.139999866485596,4.139999866485596,2800
2026-04-16 17:40:00+00:00,CASH3.SA,4.139999866485596,4.150000095367432,4.139999866485596,4.139999866485596,1700
2026-04-16 17:45:00+00:00,CASH3.SA,4.150000095367432,4.150000095367432,4.130000114440918,4.130000114440918,9600
2026-04-16 17:50:00+00:00,CASH3.SA,4.130000114440918,4.139999866485596,4.130000114440918,4.130000114440918,5200
2026-04-16 17:55:00+00:00,CASH3.SA,4.130000114440918,4.139999866485596,4.119999885559082,4.119999885559082,24600
2026-04-16 18:00:00+00:00,CASH3.SA,4.130000114440918,4.130000114440918,4.119999885559082,4.119999885559082,10400
2026-04-16 18:05:00+00:00,CASH3.SA,4.130000114440918,4.130000114440918,4.119999885559082,4.130000114440918,1300
2026-04-16 18:10:00+00:00,CASH3.SA,4.119999885559082,4.130000114440918,4.119999885559082,4.130000114440918,600
2026-04-16 18:15:00+00:00,CASH3.SA,4.130000114440918,4.130000114440918,4.110000133514404,4.110000133514404,5100
2026-04-16 18:20:00+00:00,CASH3.SA,4.119999885559082,4.119999885559082,4.110000133514404,4.110000133514404,3200
2026-04-16 18:25:00+00:00,CASH3.SA,4.110000133514404,4.119999885559082,4.099999904632568,4.110000133514404,7100
2026-04-16 18:30:00+00:00,CASH3.SA,4.110000133514404,4.119999885559082,4.110000133514404,4.110000133514404,500
2026-04-16 18:35:00+00:00,CASH3.SA,4.110000133514404,4.119999885559082,4.099999904632568,4.099999904632568,4800
2026-04-16 18:40:00+00:00,CASH3.SA,4.099999904632568,4.110000133514404,4.090000152587891,4.090000152587891,23000
2026-04-16 18:45:00+00:00,CASH3.SA,4.099999904632568,4.110000133514404,4.090000152587891,4.099999904632568,11600
2026-04-16 18:50:00+00:00,CASH3.SA,4.110000133514404,4.130000114440918,4.099999904632568,4.119999885559082,12700
2026-04-16 18:55:00+00:00,CASH3.SA,4.119999885559082,4.190000057220459,4.110000133514404,4.150000095367432,94400
2026-04-16 19:00:00+00:00,CASH3.SA,4.159999847412109,4.190000057220459,4.150000095367432,4.150000095367432,39000
2026-04-16 19:05:00+00:00,CASH3.SA,4.159999847412109,4.159999847412109,4.150000095367432,4.150000095367432,3600
2026-04-16 19:10:00+00:00,CASH3.SA,4.159999847412109,4.159999847412109,4.139999866485596,4.139999866485596,10600
2026-04-16 19:15:00+00:00,CASH3.SA,4.130000114440918,4.170000076293945,4.130000114440918,4.170000076293945,22000
2026-04-16 19:20:00+00:00,CASH3.SA,4.170000076293945,4.170000076293945,4.159999847412109,4.159999847412109,15400
2026-04-16 19:25:00+00:00,CASH3.SA,4.159999847412109,4.170000076293945,4.150000095367432,4.170000076293945,7900
2026-04-16 19:30:00+00:00,CASH3.SA,4.159999847412109,4.179999828338623,4.159999847412109,4.159999847412109,14000
2026-04-16 19:35:00+00:00,CASH3.SA,4.170000076293945,4.170000076293945,4.159999847412109,4.170000076293945,10700
2026-04-16 19:40:00+00:00,CASH3.SA,4.170000076293945,4.170000076293945,4.150000095367432,4.159999847412109,24100
2026-04-16 19:45:00+00:00,CASH3.SA,4.159999847412109,4.159999847412109,4.150000095367432,4.159999847412109,8800
2026-04-16 19:50:00+00:00,CASH3.SA,4.150000095367432,4.190000057220459,4.150000095367432,4.150000095367432,49000
2026-04-17 13:00:00+00:00,CASH3.SA,4.199999809265137,4.25,4.199999809265137,4.230000019073486,0
2026-04-17 13:05:00+00:00,CASH3.SA,4.239999771118164,4.239999771118164,4.230000019073486,4.239999771118164,0
2026-04-17 13:10:00+00:00,CASH3.SA,4.239999771118164,4.239999771118164,4.230000019073486,4.230000019073486,7500
2026-04-17 13:15:00+00:00,CASH3.SA,4.230000019073486,4.239999771118164,4.21999979019165,4.21999979019165,16500
2026-04-17 13:20:00+00:00,CASH3.SA,4.21999979019165,4.269999980926514,4.21999979019165,4.269999980926514,68700
2026-04-17 13:25:00+00:00,CASH3.SA,4.25,4.260000228881836,4.239999771118164,4.25,30700
2026-04-17 13:30:00+00:00,CASH3.SA,4.239999771118164,4.269999980926514,4.239999771118164,4.260000228881836,13800
2026-04-17 13:35:00+00:00,CASH3.SA,4.25,4.289999961853027,4.25,4.28000020980835,19600
2026-04-17 13:40:00+00:00,CASH3.SA,4.28000020980835,4.289999961853027,4.269999980926514,4.269999980926514,13900
2026-04-17 13:45:00+00:00,CASH3.SA,4.28000020980835,4.300000190734863,4.269999980926514,4.300000190734863,38000
2026-04-17 13:50:00+00:00,CASH3.SA,4.300000190734863,4.300000190734863,4.28000020980835,4.289999961853027,36900
2026-04-17 13:55:00+00:00,CASH3.SA,4.289999961853027,4.289999961853027,4.269999980926514,4.269999980926514,17400
2026-04-17 14:00:00+00:00,CASH3.SA,4.269999980926514,4.269999980926514,4.269999980926514,4.269999980926514,700
2026-04-17 14:05:00+00:00,CASH3.SA,4.269999980926514,4.269999980926514,4.25,4.260000228881836,4500
2026-04-17 14:10:00+00:00,CASH3.SA,4.25,4.269999980926514,4.25,4.260000228881836,33600
2026-04-17 14:15:00+00:00,CASH3.SA,4.260000228881836,4.260000228881836,4.25,4.260000228881836,7400
2026-04-17 14:20:00+00:00,CASH3.SA,4.25,4.269999980926514,4.25,4.269999980926514,19400
2026-04-17 14:25:00+00:00,CASH3.SA,4.269999980926514,4.269999980926514,4.260000228881836,4.269999980926514,11400
2026-04-17 14:30:00+00:00,CASH3.SA,4.269999980926514,4.269999980926514,4.25,4.25,7100
2026-04-17 14:35:00+00:00,CASH3.SA,4.260000228881836,4.320000171661377,4.260000228881836,4.320000171661377,250900
2026-04-17 14:40:00+00:00,CASH3.SA,4.309999942779541,4.360000133514404,4.309999942779541,4.349999904632568,282800
2026-04-17 14:45:00+00:00,CASH3.SA,4.360000133514404,4.380000114440918,4.349999904632568,4.360000133514404,27800
2026-04-17 14:50:00+00:00,CASH3.SA,4.360000133514404,4.360000133514404,4.340000152587891,4.340000152587891,8100
2026-04-17 14:55:00+00:00,CASH3.SA,4.340000152587891,4.369999885559082,4.340000152587891,4.369999885559082,15900
2026-04-17 15:00:00+00:00,CASH3.SA,4.380000114440918,4.389999866485596,4.369999885559082,4.369999885559082,10100
2026-04-17 15:05:00+00:00,CASH3.SA,4.380000114440918,4.440000057220459,4.360000133514404,4.440000057220459,90600
2026-04-17 15:10:00+00:00,CASH3.SA,4.440000057220459,4.46999979019165,4.429999828338623,4.429999828338623,26900
2026-04-17 15:15:00+00:00,CASH3.SA,4.440000057220459,4.440000057220459,4.400000095367432,4.409999847412109,12700
2026-04-17 15:20:00+00:00,CASH3.SA,4.409999847412109,4.429999828338623,4.409999847412109,4.420000076293945,7400
2026-04-17 15:25:00+00:00,CASH3.SA,4.420000076293945,4.460000038146973,4.420000076293945,4.440000057220459,22500
2026-04-17 15:30:00+00:00,CASH3.SA,4.440000057220459,4.46999979019165,4.440000057220459,4.460000038146973,85900
2026-04-17 15:35:00+00:00,CASH3.SA,4.460000038146973,4.5,4.449999809265137,4.449999809265137,112900
2026-04-17 15:40:00+00:00,CASH3.SA,4.460000038146973,4.460000038146973,4.429999828338623,4.440000057220459,57600
2026-04-17 15:45:00+00:00,CASH3.SA,4.440000057220459,4.449999809265137,4.429999828338623,4.449999809265137,39100
2026-04-17 15:50:00+00:00,CASH3.SA,4.440000057220459,4.449999809265137,4.429999828338623,4.449999809265137,8900
2026-04-17 15:55:00+00:00,CASH3.SA,4.449999809265137,4.460000038146973,4.449999809265137,4.460000038146973,11300
2026-04-17 16:00:00+00:00,CASH3.SA,4.460000038146973,4.460000038146973,4.389999866485596,4.400000095367432,117600
2026-04-17 16:05:00+00:00,CASH3.SA,4.400000095367432,4.429999828338623,4.389999866485596,4.429999828338623,17800
2026-04-17 16:10:00+00:00,CASH3.SA,4.429999828338623,4.429999828338623,4.400000095367432,4.420000076293945,16000
2026-04-17 16:15:00+00:00,CASH3.SA,4.420000076293945,4.420000076293945,4.400000095367432,4.409999847412109,31600
2026-04-17 16:20:00+00:00,CASH3.SA,4.409999847412109,4.409999847412109,4.400000095367432,4.409999847412109,10300
2026-04-17 16:25:00+00:00,CASH3.SA,4.409999847412109,4.409999847412109,4.409999847412109,4.409999847412109,5000
2026-04-17 16:30:00+00:00,CASH3.SA,4.400000095367432,4.449999809265137,4.400000095367432,4.429999828338623,39400
2026-04-17 16:35:00+00:00,CASH3.SA,4.429999828338623,4.440000057220459,4.420000076293945,4.440000057220459,7800
2026-04-17 16:40:00+00:00,CASH3.SA,4.440000057220459,4.440000057220459,4.420000076293945,4.440000057220459,9100
2026-04-17 16:45:00+00:00,CASH3.SA,4.440000057220459,4.440000057220459,4.420000076293945,4.429999828338623,5600
2026-04-17 16:50:00+00:00,CASH3.SA,4.429999828338623,4.449999809265137,4.420000076293945,4.420000076293945,27800
2026-04-17 16:55:00+00:00,CASH3.SA,4.429999828338623,4.429999828338623,4.420000076293945,4.429999828338623,4700
2026-04-17 17:00:00+00:00,CASH3.SA,4.429999828338623,4.429999828338623,4.420000076293945,4.429999828338623,21700
2026-04-17 17:05:00+00:00,CASH3.SA,4.429999828338623,4.460000038146973,4.420000076293945,4.449999809265137,75500
2026-04-17 17:10:00+00:00,CASH3.SA,4.449999809265137,4.46999979019165,4.440000057220459,4.460000038146973,18400
2026-04-17 17:15:00+00:00,CASH3.SA,4.46999979019165,4.46999979019165,4.440000057220459,4.449999809265137,10100
2026-04-17 17:20:00+00:00,CASH3.SA,4.449999809265137,4.460000038146973,4.429999828338623,4.440000057220459,17000
2026-04-17 17:25:00+00:00,CASH3.SA,4.440000057220459,4.449999809265137,4.409999847412109,4.429999828338623,36700
2026-04-17 17:30:00+00:00,CASH3.SA,4.429999828338623,4.429999828338623,4.409999847412109,4.429999828338623,11800
2026-04-17 17:35:00+00:00,CASH3.SA,4.429999828338623,4.440000057220459,4.420000076293945,4.429999828338623,10800
2026-04-17 17:40:00+00:00,CASH3.SA,4.440000057220459,4.440000057220459,4.420000076293945,4.440000057220459,13800
2026-04-17 17:45:00+00:00,CASH3.SA,4.440000057220459,4.440000057220459,4.389999866485596,4.409999847412109,29800
2026-04-17 17:50:00+00:00,CASH3.SA,4.400000095367432,4.409999847412109,4.389999866485596,4.400000095367432,17900
2026-04-17 17:55:00+00:00,CASH3.SA,4.409999847412109,4.409999847412109,4.400000095367432,4.409999847412109,9000
2026-04-17 18:00:00+00:00,CASH3.SA,4.409999847412109,4.409999847412109,4.389999866485596,4.400000095367432,11300
2026-04-17 18:05:00+00:00,CASH3.SA,4.400000095367432,4.409999847412109,4.389999866485596,4.400000095367432,10000
2026-04-17 18:10:00+00:00,CASH3.SA,4.400000095367432,4.409999847412109,4.389999866485596,4.400000095367432,11000
2026-04-17 18:15:00+00:00,CASH3.SA,4.400000095367432,4.409999847412109,4.389999866485596,4.400000095367432,9900
2026-04-17 18:20:00+00:00,CASH3.SA,4.389999866485596,4.409999847412109,4.389999866485596,4.400000095367432,9700
2026-04-17 18:25:00+00:00,CASH3.SA,4.400000095367432,4.409999847412109,4.389999866485596,4.400000095367432,11100
2026-04-17 18:30:00+00:00,CASH3.SA,4.400000095367432,4.400000095367432,4.389999866485596,4.400000095367432,9000
2026-04-17 18:35:00+00:00,CASH3.SA,4.400000095367432,4.400000095367432,4.389999866485596,4.400000095367432,8400
2026-04-17 18:40:00+00:00,CASH3.SA,4.389999866485596,4.400000095367432,4.380000114440918,4.400000095367432,9600
2026-04-17 18:45:00+00:00,CASH3.SA,4.400000095367432,4.400000095367432,4.380000114440918,4.400000095367432,10100
2026-04-17 18:50:00+00:00,CASH3.SA,4.400000095367432,4.400000095367432,4.369999885559082,4.380000114440918,13200
2026-04-17 18:55:00+00:00,CASH3.SA,4.380000114440918,4.400000095367432,4.369999885559082,4.400000095367432,8600
2026-04-17 19:00:00+00:00,CASH3.SA,4.400000095367432,4.400000095367432,4.380000114440918,4.389999866485596,11200
2026-04-17 19:05:00+00:00,CASH3.SA,4.389999866485596,4.400000095367432,4.380000114440918,4.400000095367432,9400
2026-04-17 19:10:00+00:00,CASH3.SA,4.400000095367432,4.409999847412109,4.389999866485596,4.400000095367432,9400
2026-04-17 19:15:00+00:00,CASH3.SA,4.400000095367432,4.409999847412109,4.389999866485596,4.409999847412109,13300
2026-04-17 19:20:00+00:00,CASH3.SA,4.400000095367432,4.409999847412109,4.389999866485596,4.409999847412109,17500
2026-04-17 19:25:00+00:00,CASH3.SA,4.400000095367432,4.400000095367432,4.380000114440918,4.389999866485596,22300
2026-04-17 19:30:00+00:00,CASH3.SA,4.380000114440918,4.400000095367432,4.380000114440918,4.389999866485596,21700
2026-04-17 19:35:00+00:00,CASH3.SA,4.389999866485596,4.389999866485596,4.380000114440918,4.389999866485596,9300
2026-04-17 19:40:00+00:00,CASH3.SA,4.380000114440918,4.400000095367432,4.380000114440918,4.389999866485596,18300
2026-04-17 19:45:00+00:00,CASH3.SA,4.389999866485596,4.400000095367432,4.380000114440918,4.400000095367432,21100
2026-04-17 19:50:00+00:00,CASH3.SA,4.400000095367432,4.409999847412109,4.389999866485596,4.389999866485596,19800
2026-04-20 13:00:00+00:00,CASH3.SA,4.380000114440918,4.380000114440918,4.340000152587891,4.360000133514404,0
2026-04-20 13:05:00+00:00,CASH3.SA,4.340000152587891,4.369999885559082,4.340000152587891,4.369999885559082,5400
2026-04-20 13:10:00+00:00,CASH3.SA,4.369999885559082,4.380000114440918,4.360000133514404,4.360000133514404,8100
2026-04-20 13:15:00+00:00,CASH3.SA,4.349999904632568,4.360000133514404,4.329999923706055,4.360000133514404,14100
2026-04-20 13:20:00+00:00,CASH3.SA,4.349999904632568,4.360000133514404,4.340000152587891,4.360000133514404,18800
2026-04-20 13:25:00+00:00,CASH3.SA,4.369999885559082,4.369999885559082,4.360000133514404,4.369999885559082,3900
2026-04-20 13:30:00+00:00,CASH3.SA,4.369999885559082,4.369999885559082,4.360000133514404,4.360000133514404,4900
2026-04-20 13:35:00+00:00,CASH3.SA,4.360000133514404,4.360000133514404,4.349999904632568,4.349999904632568,9500
2026-04-20 13:40:00+00:00,CASH3.SA,4.349999904632568,4.349999904632568,4.340000152587891,4.340000152587891,13000
2026-04-20 13:45:00+00:00,CASH3.SA,4.340000152587891,4.340000152587891,4.340000152587891,4.340000152587891,5300
2026-04-20 13:50:00+00:00,CASH3.SA,4.340000152587891,4.340000152587891,4.340000152587891,4.340000152587891,700
2026-04-20 13:55:00+00:00,CASH3.SA,4.329999923706055,4.329999923706055,4.320000171661377,4.329999923706055,11700
2026-04-20 14:00:00+00:00,CASH3.SA,4.320000171661377,4.320000171661377,4.300000190734863,4.300000190734863,7000
2026-04-20 14:05:00+00:00,CASH3.SA,4.309999942779541,4.309999942779541,4.300000190734863,4.300000190734863,15900
2026-04-20 14:10:00+00:00,CASH3.SA,4.300000190734863,4.300000190734863,4.300000190734863,4.300000190734863,2000
2026-04-20 14:15:00+00:00,CASH3.SA,4.309999942779541,4.320000171661377,4.309999942779541,4.320000171661377,3700
2026-04-20 14:20:00+00:00,CASH3.SA,4.320000171661377,4.329999923706055,4.309999942779541,4.309999942779541,11500
2026-04-20 14:25:00+00:00,CASH3.SA,4.329999923706055,4.340000152587891,4.329999923706055,4.340000152587891,1600
2026-04-20 14:30:00+00:00,CASH3.SA,4.340000152587891,4.340000152587891,4.329999923706055,4.329999923706055,3600
2026-04-20 14:35:00+00:00,CASH3.SA,4.329999923706055,4.340000152587891,4.329999923706055,4.340000152587891,7700
2026-04-20 14:40:00+00:00,CASH3.SA,4.329999923706055,4.329999923706055,4.320000171661377,4.320000171661377,1400
2026-04-20 14:45:00+00:00,CASH3.SA,4.320000171661377,4.329999923706055,4.320000171661377,4.329999923706055,1900
2026-04-20 14:50:00+00:00,CASH3.SA,4.329999923706055,4.329999923706055,4.309999942779541,4.320000171661377,4500
2026-04-20 14:55:00+00:00,CASH3.SA,4.320000171661377,4.320000171661377,4.309999942779541,4.309999942779541,8800
2026-04-20 15:00:00+00:00,CASH3.SA,4.309999942779541,4.309999942779541,4.300000190734863,4.300000190734863,400
2026-04-20 15:05:00+00:00,CASH3.SA,4.320000171661377,4.320000171661377,4.309999942779541,4.320000171661377,400
2026-04-20 15:10:00+00:00,CASH3.SA,4.320000171661377,4.320000171661377,4.309999942779541,4.320000171661377,500
2026-04-20 15:15:00+00:00,CASH3.SA,4.320000171661377,4.320000171661377,4.309999942779541,4.320000171661377,600
2026-04-20 15:20:00+00:00,CASH3.SA,4.320000171661377,4.340000152587891,4.320000171661377,4.340000152587891,6500
2026-04-20 15:25:00+00:00,CASH3.SA,4.340000152587891,4.340000152587891,4.329999923706055,4.340000152587891,4000
2026-04-20 15:30:00+00:00,CASH3.SA,4.340000152587891,4.349999904632568,4.329999923706055,4.329999923706055,6500
2026-04-20 15:35:00+00:00,CASH3.SA,4.340000152587891,4.340000152587891,4.340000152587891,4.340000152587891,100
2026-04-20 15:40:00+00:00,CASH3.SA,4.340000152587891,4.340000152587891,4.340000152587891,4.340000152587891,400
2026-04-20 15:45:00+00:00,CASH3.SA,4.329999923706055,4.329999923706055,4.320000171661377,4.320000171661377,3300
2026-04-20 15:50:00+00:00,CASH3.SA,4.329999923706055,4.329999923706055,4.320000171661377,4.320000171661377,1100
2026-04-20 15:55:00+00:00,CASH3.SA,4.329999923706055,4.340000152587891,4.329999923706055,4.340000152587891,1500
2026-04-20 16:00:00+00:00,CASH3.SA,4.340000152587891,4.340000152587891,4.329999923706055,4.329999923706055,3000
2026-04-20 16:05:00+00:00,CASH3.SA,4.329999923706055,4.340000152587891,4.329999923706055,4.340000152587891,4200
2026-04-20 16:10:00+00:00,CASH3.SA,4.329999923706055,4.369999885559082,4.320000171661377,4.340000152587891,31500
2026-04-20 16:15:00+00:00,CASH3.SA,4.360000133514404,4.360000133514404,4.349999904632568,4.360000133514404,400
2026-04-20 16:20:00+00:00,CASH3.SA,4.360000133514404,4.360000133514404,4.349999904632568,4.349999904632568,7200
2026-04-20 16:25:00+00:00,CASH3.SA,4.360000133514404,4.360000133514404,4.349999904632568,4.360000133514404,4300
2026-04-20 16:30:00+00:00,CASH3.SA,4.349999904632568,4.360000133514404,4.349999904632568,4.360000133514404,1600
2026-04-20 16:35:00+00:00,CASH3.SA,4.360000133514404,4.360000133514404,4.360000133514404,4.360000133514404,1500
2026-04-20 16:40:00+00:00,CASH3.SA,4.360000133514404,4.369999885559082,4.360000133514404,4.360000133514404,2900
2026-04-20 16:45:00+00:00,CASH3.SA,4.360000133514404,4.360000133514404,4.349999904632568,4.360000133514404,800
2026-04-20 16:50:00+00:00,CASH3.SA,4.360000133514404,4.369999885559082,4.349999904632568,4.349999904632568,5100
2026-04-20 16:55:00+00:00,CASH3.SA,4.360000133514404,4.360000133514404,4.340000152587891,4.340000152587891,7000
2026-04-20 17:00:00+00:00,CASH3.SA,4.340000152587891,4.349999904632568,4.340000152587891,4.349999904632568,900
2026-04-20 17:05:00+00:00,CASH3.SA,4.340000152587891,4.360000133514404,4.340000152587891,4.360000133514404,2200
2026-04-20 17:10:00+00:00,CASH3.SA,4.360000133514404,4.360000133514404,4.360000133514404,4.360000133514404,500
2026-04-20 17:15:00+00:00,CASH3.SA,4.349999904632568,4.360000133514404,4.340000152587891,4.349999904632568,3000
2026-04-20 17:20:00+00:00,CASH3.SA,4.360000133514404,4.360000133514404,4.349999904632568,4.349999904632568,5100
2026-04-20 17:25:00+00:00,CASH3.SA,4.360000133514404,4.369999885559082,4.349999904632568,4.369999885559082,2100
2026-04-20 17:30:00+00:00,CASH3.SA,4.369999885559082,4.369999885559082,4.360000133514404,4.369999885559082,2600
2026-04-20 17:35:00+00:00,CASH3.SA,4.369999885559082,4.369999885559082,4.360000133514404,4.369999885559082,2100
2026-04-20 17:40:00+00:00,CASH3.SA,4.360000133514404,4.369999885559082,4.360000133514404,4.369999885559082,2100
2026-04-20 17:45:00+00:00,CASH3.SA,4.360000133514404,4.389999866485596,4.360000133514404,4.380000114440918,4600
2026-04-20 17:50:00+00:00,CASH3.SA,4.380000114440918,4.389999866485596,4.369999885559082,4.380000114440918,2200
2026-04-20 17:55:00+00:00,CASH3.SA,4.380000114440918,4.380000114440918,4.369999885559082,4.380000114440918,1900
2026-04-20 18:00:00+00:00,CASH3.SA,4.380000114440918,4.380000114440918,4.360000133514404,4.369999885559082,6200
2026-04-20 18:05:00+00:00,CASH3.SA,4.369999885559082,4.380000114440918,4.360000133514404,4.360000133514404,14300
2026-04-20 18:10:00+00:00,CASH3.SA,4.369999885559082,4.369999885559082,4.349999904632568,4.360000133514404,5700
2026-04-20 18:15:00+00:00,CASH3.SA,4.360000133514404,4.369999885559082,4.360000133514404,4.369999885559082,3300
2026-04-20 18:20:00+00:00,CASH3.SA,4.369999885559082,4.369999885559082,4.360000133514404,4.369999885559082,3100
2026-04-20 18:25:00+00:00,CASH3.SA,4.369999885559082,4.380000114440918,4.360000133514404,4.380000114440918,4800
2026-04-20 18:30:00+00:00,CASH3.SA,4.380000114440918,4.380000114440918,4.360000133514404,4.360000133514404,5200
2026-04-20 18:35:00+00:00,CASH3.SA,4.369999885559082,4.369999885559082,4.360000133514404,4.369999885559082,3700
2026-04-20 18:40:00+00:00,CASH3.SA,4.369999885559082,4.389999866485596,4.360000133514404,4.369999885559082,26600
2026-04-20 18:45:00+00:00,CASH3.SA,4.380000114440918,4.380000114440918,4.369999885559082,4.380000114440918,2100
2026-04-20 18:50:00+00:00,CASH3.SA,4.380000114440918,4.380000114440918,4.369999885559082,4.380000114440918,2200
2026-04-20 18:55:00+00:00,CASH3.SA,4.380000114440918,4.380000114440918,4.369999885559082,4.380000114440918,3800
2026-04-20 19:00:00+00:00,CASH3.SA,4.380000114440918,4.389999866485596,4.380000114440918,4.389999866485596,8200
2026-04-20 19:05:00+00:00,CASH3.SA,4.389999866485596,4.389999866485596,4.380000114440918,4.389999866485596,6000
2026-04-20 19:10:00+00:00,CASH3.SA,4.400000095367432,4.400000095367432,4.389999866485596,4.400000095367432,37200
2026-04-20 19:15:00+00:00,CASH3.SA,4.400000095367432,4.400000095367432,4.389999866485596,4.400000095367432,2200
2026-04-20 19:20:00+00:00,CASH3.SA,4.400000095367432,4.400000095367432,4.389999866485596,4.400000095367432,6900
2026-04-20 19:25:00+00:00,CASH3.SA,4.400000095367432,4.409999847412109,4.400000095367432,4.409999847412109,11300
2026-04-20 19:30:00+00:00,CASH3.SA,4.409999847412109,4.409999847412109,4.389999866485596,4.400000095367432,13900
2026-04-20 19:35:00+00:00,CASH3.SA,4.389999866485596,4.440000057220459,4.389999866485596,4.420000076293945,39900
2026-04-20 19:40:00+00:00,CASH3.SA,4.429999828338623,4.429999828338623,4.420000076293945,4.420000076293945,2600
2026-04-20 19:45:00+00:00,CASH3.SA,4.420000076293945,4.429999828338623,4.420000076293945,4.420000076293945,20300
2026-04-20 19:50:00+00:00,CASH3.SA,4.429999828338623,4.440000057220459,4.409999847412109,4.420000076293945,25000
2026-04-22 13:00:00+00:00,CASH3.SA,4.440000057220459,4.449999809265137,4.440000057220459,4.449999809265137,32800
2026-04-22 13:05:00+00:00,CASH3.SA,4.449999809265137,4.460000038146973,4.449999809265137,4.460000038146973,1600
2026-04-22 13:10:00+00:00,CASH3.SA,4.46999979019165,4.480000019073486,4.46999979019165,4.46999979019165,17000
2026-04-22 13:15:00+00:00,CASH3.SA,4.46999979019165,4.539999961853027,4.46999979019165,4.539999961853027,97200
2026-04-22 13:20:00+00:00,CASH3.SA,4.550000190734863,4.590000152587891,4.539999961853027,4.579999923706055,20400
2026-04-22 13:25:00+00:00,CASH3.SA,4.579999923706055,4.579999923706055,4.550000190734863,4.570000171661377,37100
2026-04-22 13:30:00+00:00,CASH3.SA,4.559999942779541,4.559999942779541,4.510000228881836,4.53000020980835,37500
2026-04-22 13:35:00+00:00,CASH3.SA,4.53000020980835,4.53000020980835,4.510000228881836,4.510000228881836,9300
2026-04-22 13:40:00+00:00,CASH3.SA,4.510000228881836,4.539999961853027,4.510000228881836,4.539999961853027,15700
2026-04-22 13:45:00+00:00,CASH3.SA,4.539999961853027,4.579999923706055,4.539999961853027,4.559999942779541,21200
2026-04-22 13:50:00+00:00,CASH3.SA,4.579999923706055,4.579999923706055,4.519999980926514,4.519999980926514,109700
2026-04-22 13:55:00+00:00,CASH3.SA,4.53000020980835,4.539999961853027,4.510000228881836,4.510000228881836,6200
2026-04-22 14:00:00+00:00,CASH3.SA,4.519999980926514,4.53000020980835,4.489999771118164,4.519999980926514,17400
2026-04-22 14:05:00+00:00,CASH3.SA,4.519999980926514,4.519999980926514,4.510000228881836,4.510000228881836,900
2026-04-22 14:10:00+00:00,CASH3.SA,4.510000228881836,4.519999980926514,4.5,4.510000228881836,4200
2026-04-22 14:15:00+00:00,CASH3.SA,4.510000228881836,4.510000228881836,4.489999771118164,4.510000228881836,1800
2026-04-22 14:20:00+00:00,CASH3.SA,4.489999771118164,4.510000228881836,4.480000019073486,4.510000228881836,8100
2026-04-22 14:25:00+00:00,CASH3.SA,4.510000228881836,4.519999980926514,4.5,4.510000228881836,1800
2026-04-22 14:30:00+00:00,CASH3.SA,4.5,4.510000228881836,4.5,4.510000228881836,9700
2026-04-22 14:35:00+00:00,CASH3.SA,4.510000228881836,4.53000020980835,4.5,4.53000020980835,17500
2026-04-22 14:40:00+00:00,CASH3.SA,4.53000020980835,4.559999942779541,4.53000020980835,4.550000190734863,5000
2026-04-22 14:45:00+00:00,CASH3.SA,4.539999961853027,4.570000171661377,4.53000020980835,4.570000171661377,13000
2026-04-22 14:50:00+00:00,CASH3.SA,4.550000190734863,4.570000171661377,4.550000190734863,4.550000190734863,5600
2026-04-22 14:55:00+00:00,CASH3.SA,4.550000190734863,4.570000171661377,4.550000190734863,4.570000171661377,4000
2026-04-22 15:00:00+00:00,CASH3.SA,4.559999942779541,4.579999923706055,4.550000190734863,4.570000171661377,99700
2026-04-22 15:05:00+00:00,CASH3.SA,4.570000171661377,4.590000152587891,4.559999942779541,4.559999942779541,92800
2026-04-22 15:10:00+00:00,CASH3.SA,4.559999942779541,4.579999923706055,4.559999942779541,4.579999923706055,15500
2026-04-22 15:15:00+00:00,CASH3.SA,4.570000171661377,4.579999923706055,4.559999942779541,4.579999923706055,3000
2026-04-22 15:20:00+00:00,CASH3.SA,4.559999942779541,4.570000171661377,4.559999942779541,4.570000171661377,2400
2026-04-22 15:25:00+00:00,CASH3.SA,4.579999923706055,4.590000152587891,4.559999942779541,4.590000152587891,4600
2026-04-22 15:30:00+00:00,CASH3.SA,4.579999923706055,4.599999904632568,4.579999923706055,4.590000152587891,57300
2026-04-22 15:35:00+00:00,CASH3.SA,4.590000152587891,4.599999904632568,4.559999942779541,4.570000171661377,58000
2026-04-22 15:40:00+00:00,CASH3.SA,4.559999942779541,4.570000171661377,4.550000190734863,4.550000190734863,56000
2026-04-22 15:45:00+00:00,CASH3.SA,4.559999942779541,4.570000171661377,4.550000190734863,4.570000171661377,12800
2026-04-22 15:50:00+00:00,CASH3.SA,4.570000171661377,4.590000152587891,4.570000171661377,4.590000152587891,48900
2026-04-22 15:55:00+00:00,CASH3.SA,4.579999923706055,4.579999923706055,4.570000171661377,4.579999923706055,4200
2026-04-22 16:00:00+00:00,CASH3.SA,4.579999923706055,4.579999923706055,4.570000171661377,4.579999923706055,3200
2026-04-22 16:05:00+00:00,CASH3.SA,4.579999923706055,4.590000152587891,4.570000171661377,4.570000171661377,42700
2026-04-22 16:10:00+00:00,CASH3.SA,4.579999923706055,4.579999923706055,4.570000171661377,4.579999923706055,5200
2026-04-22 16:15:00+00:00,CASH3.SA,4.579999923706055,4.590000152587891,4.570000171661377,4.570000171661377,36700
2026-04-22 16:20:00+00:00,CASH3.SA,4.579999923706055,4.579999923706055,4.570000171661377,4.570000171661377,3800
2026-04-22 16:25:00+00:00,CASH3.SA,4.579999923706055,4.579999923706055,4.570000171661377,4.579999923706055,4900
2026-04-22 16:30:00+00:00,CASH3.SA,4.579999923706055,4.579999923706055,4.550000190734863,4.559999942779541,27100
2026-04-22 16:35:00+00:00,CASH3.SA,4.550000190734863,4.559999942779541,4.550000190734863,4.559999942779541,5700
2026-04-22 16:40:00+00:00,CASH3.SA,4.550000190734863,4.559999942779541,4.550000190734863,4.550000190734863,7300
2026-04-22 16:45:00+00:00,CASH3.SA,4.559999942779541,4.570000171661377,4.550000190734863,4.570000171661377,16800
2026-04-22 16:50:00+00:00,CASH3.SA,4.570000171661377,4.570000171661377,4.519999980926514,4.519999980926514,59200
2026-04-22 16:55:00+00:00,CASH3.SA,4.539999961853027,4.539999961853027,4.510000228881836,4.510000228881836,7900
2026-04-22 17:00:00+00:00,CASH3.SA,4.53000020980835,4.53000020980835,4.510000228881836,4.53000020980835,8400
2026-04-22 17:05:00+00:00,CASH3.SA,4.519999980926514,4.53000020980835,4.510000228881836,4.53000020980835,3600
2026-04-22 17:10:00+00:00,CASH3.SA,4.53000020980835,4.539999961853027,4.519999980926514,4.539999961853027,6900
2026-04-22 17:15:00+00:00,CASH3.SA,4.539999961853027,4.539999961853027,4.53000020980835,4.539999961853027,3600
2026-04-22 17:20:00+00:00,CASH3.SA,4.53000020980835,4.539999961853027,4.519999980926514,4.539999961853027,13400
2026-04-22 17:25:00+00:00,CASH3.SA,4.539999961853027,4.539999961853027,4.53000020980835,4.539999961853027,3200
2026-04-22 17:30:00+00:00,CASH3.SA,4.53000020980835,4.539999961853027,4.510000228881836,4.53000020980835,19500
2026-04-22 17:35:00+00:00,CASH3.SA,4.519999980926514,4.519999980926514,4.510000228881836,4.519999980926514,8200
2026-04-22 17:40:00+00:00,CASH3.SA,4.519999980926514,4.53000020980835,4.5,4.53000020980835,13600
2026-04-22 17:45:00+00:00,CASH3.SA,4.53000020980835,4.53000020980835,4.519999980926514,4.53000020980835,7400
2026-04-22 17:50:00+00:00,CASH3.SA,4.53000020980835,4.550000190734863,4.5,4.550000190734863,24900
2026-04-22 17:55:00+00:00,CASH3.SA,4.550000190734863,4.550000190734863,4.539999961853027,4.550000190734863,5000
2026-04-22 18:00:00+00:00,CASH3.SA,4.550000190734863,4.550000190734863,4.519999980926514,4.550000190734863,44200
2026-04-22 18:05:00+00:00,CASH3.SA,4.550000190734863,4.550000190734863,4.539999961853027,4.550000190734863,3900
2026-04-22 18:10:00+00:00,CASH3.SA,4.550000190734863,4.559999942779541,4.539999961853027,4.559999942779541,20200
2026-04-22 18:15:00+00:00,CASH3.SA,4.550000190734863,4.559999942779541,4.550000190734863,4.559999942779541,3200
2026-04-22 18:20:00+00:00,CASH3.SA,4.559999942779541,4.559999942779541,4.539999961853027,4.550000190734863,14700
2026-04-22 18:25:00+00:00,CASH3.SA,4.550000190734863,4.550000190734863,4.539999961853027,4.550000190734863,4500
2026-04-22 18:30:00+00:00,CASH3.SA,4.550000190734863,4.550000190734863,4.539999961853027,4.539999961853027,2900
2026-04-22 18:35:00+00:00,CASH3.SA,4.550000190734863,4.550000190734863,4.539999961853027,4.539999961853027,24400
2026-04-22 18:40:00+00:00,CASH3.SA,4.550000190734863,4.550000190734863,4.539999961853027,4.550000190734863,5700
2026-04-22 18:45:00+00:00,CASH3.SA,4.550000190734863,4.550000190734863,4.539999961853027,4.550000190734863,2400
2026-04-22 18:50:00+00:00,CASH3.SA,4.550000190734863,4.550000190734863,4.53000020980835,4.550000190734863,28400
2026-04-22 18:55:00+00:00,CASH3.SA,4.550000190734863,4.550000190734863,4.539999961853027,4.550000190734863,4400
2026-04-22 19:00:00+00:00,CASH3.SA,4.539999961853027,4.550000190734863,4.539999961853027,4.539999961853027,15800
2026-04-22 19:05:00+00:00,CASH3.SA,4.539999961853027,4.559999942779541,4.539999961853027,4.559999942779541,6700
2026-04-22 19:10:00+00:00,CASH3.SA,4.559999942779541,4.559999942779541,4.519999980926514,4.53000020980835,52700
2026-04-22 19:15:00+00:00,CASH3.SA,4.539999961853027,4.539999961853027,4.519999980926514,4.519999980926514,28000
2026-04-22 19:20:00+00:00,CASH3.SA,4.519999980926514,4.539999961853027,4.519999980926514,4.539999961853027,48300
2026-04-22 19:25:00+00:00,CASH3.SA,4.53000020980835,4.539999961853027,4.510000228881836,4.539999961853027,49200
2026-04-22 19:30:00+00:00,CASH3.SA,4.519999980926514,4.539999961853027,4.519999980926514,4.53000020980835,20600
2026-04-22 19:35:00+00:00,CASH3.SA,4.53000020980835,4.539999961853027,4.519999980926514,4.539999961853027,38500
2026-04-22 19:40:00+00:00,CASH3.SA,4.53000020980835,4.539999961853027,4.519999980926514,4.519999980926514,23400
2026-04-22 19:45:00+00:00,CASH3.SA,4.519999980926514,4.539999961853027,4.519999980926514,4.53000020980835,21200
2026-04-22 19:50:00+00:00,CASH3.SA,4.53000020980835,4.539999961853027,4.510000228881836,4.519999980926514,54500
2026-04-23 13:00:00+00:00,CASH3.SA,4.53000020980835,4.53000020980835,4.440000057220459,4.460000038146973,0
2026-04-23 13:05:00+00:00,CASH3.SA,4.460000038146973,4.460000038146973,4.440000057220459,4.460000038146973,7800
2026-04-23 13:10:00+00:00,CASH3.SA,4.480000019073486,4.489999771118164,4.460000038146973,4.46999979019165,1400
2026-04-23 13:15:00+00:00,CASH3.SA,4.46999979019165,4.46999979019165,4.460000038146973,4.46999979019165,5200
2026-04-23 13:20:00+00:00,CASH3.SA,4.480000019073486,4.480000019073486,4.449999809265137,4.460000038146973,5000
2026-04-23 13:25:00+00:00,CASH3.SA,4.46999979019165,4.46999979019165,4.449999809265137,4.46999979019165,200
2026-04-23 13:30:00+00:00,CASH3.SA,4.460000038146973,4.460000038146973,4.420000076293945,4.420000076293945,8900
2026-04-23 13:35:00+00:00,CASH3.SA,4.429999828338623,4.489999771118164,4.429999828338623,4.460000038146973,40800
2026-04-23 13:40:00+00:00,CASH3.SA,4.46999979019165,4.46999979019165,4.449999809265137,4.449999809265137,8500
2026-04-23 13:45:00+00:00,CASH3.SA,4.440000057220459,4.460000038146973,4.420000076293945,4.460000038146973,12800
2026-04-23 13:50:00+00:00,CASH3.SA,4.46999979019165,4.480000019073486,4.46999979019165,4.46999979019165,3000
2026-04-23 13:55:00+00:00,CASH3.SA,4.460000038146973,4.460000038146973,4.429999828338623,4.440000057220459,9200
2026-04-23 14:00:00+00:00,CASH3.SA,4.429999828338623,4.429999828338623,4.409999847412109,4.429999828338623,16800
2026-04-23 14:05:00+00:00,CASH3.SA,4.429999828338623,4.429999828338623,4.409999847412109,4.409999847412109,3200
2026-04-23 14:10:00+00:00,CASH3.SA,4.409999847412109,4.449999809265137,4.400000095367432,4.420000076293945,20300
2026-04-23 14:15:00+00:00,CASH3.SA,4.429999828338623,4.429999828338623,4.420000076293945,4.420000076293945,5300
2026-04-23 14:20:00+00:00,CASH3.SA,4.409999847412109,4.429999828338623,4.400000095367432,4.400000095367432,19000
2026-04-23 14:25:00+00:00,CASH3.SA,4.409999847412109,4.420000076293945,4.409999847412109,4.409999847412109,0
2026-04-23 14:30:00+00:00,CASH3.SA,4.409999847412109,4.409999847412109,4.400000095367432,4.409999847412109,5200
2026-04-23 14:35:00+00:00,CASH3.SA,4.409999847412109,4.46999979019165,4.409999847412109,4.460000038146973,17200
2026-04-23 14:40:00+00:00,CASH3.SA,4.460000038146973,4.460000038146973,4.460000038146973,4.460000038146973,1400
2026-04-23 14:45:00+00:00,CASH3.SA,4.460000038146973,4.539999961853027,4.460000038146973,4.5,55700
2026-04-23 14:50:00+00:00,CASH3.SA,4.5,4.5,4.5,4.5,4900
2026-04-23 14:55:00+00:00,CASH3.SA,4.5,4.510000228881836,4.5,4.5,4100
2026-04-23 15:00:00+00:00,CASH3.SA,4.5,4.5,4.489999771118164,4.5,21000
2026-04-23 15:05:00+00:00,CASH3.SA,4.5,4.5,4.489999771118164,4.5,14900
2026-04-23 15:10:00+00:00,CASH3.SA,4.5,4.510000228881836,4.5,4.5,1700
2026-04-23 15:15:00+00:00,CASH3.SA,4.5,4.519999980926514,4.5,4.510000228881836,16700
2026-04-23 15:20:00+00:00,CASH3.SA,4.519999980926514,4.519999980926514,4.5,4.5,7300
2026-04-23 15:25:00+00:00,CASH3.SA,4.5,4.510000228881836,4.5,4.5,3300
2026-04-23 15:30:00+00:00,CASH3.SA,4.5,4.5,4.489999771118164,4.5,13900
2026-04-23 15:35:00+00:00,CASH3.SA,4.5,4.510000228881836,4.5,4.5,17600
2026-04-23 15:40:00+00:00,CASH3.SA,4.5,4.519999980926514,4.5,4.519999980926514,15000
2026-04-23 15:45:00+00:00,CASH3.SA,4.519999980926514,4.519999980926514,4.510000228881836,4.519999980926514,4500
2026-04-23 15:50:00+00:00,CASH3.SA,4.510000228881836,4.510000228881836,4.5,4.5,29700
2026-04-23 15:55:00+00:00,CASH3.SA,4.5,4.510000228881836,4.5,4.5,33700
2026-04-23 16:00:00+00:00,CASH3.SA,4.5,4.510000228881836,4.5,4.5,6200
2026-04-23 16:05:00+00:00,CASH3.SA,4.5,4.5,4.5,4.5,4400
2026-04-23 16:10:00+00:00,CASH3.SA,4.5,4.510000228881836,4.5,4.5,1800
2026-04-23 16:15:00+00:00,CASH3.SA,4.5,4.510000228881836,4.489999771118164,4.5,18100
2026-04-23 16:20:00+00:00,CASH3.SA,4.5,4.5,4.5,4.5,900
2026-04-23 16:25:00+00:00,CASH3.SA,4.510000228881836,4.519999980926514,4.510000228881836,4.510000228881836,26700
2026-04-23 16:30:00+00:00,CASH3.SA,4.5,4.519999980926514,4.5,4.519999980926514,5300
2026-04-23 16:35:00+00:00,CASH3.SA,4.519999980926514,4.519999980926514,4.510000228881836,4.510000228881836,1300
2026-04-23 16:40:00+00:00,CASH3.SA,4.519999980926514,4.539999961853027,4.519999980926514,4.539999961853027,12900
2026-04-23 16:45:00+00:00,CASH3.SA,4.539999961853027,4.539999961853027,4.53000020980835,4.539999961853027,7300
2026-04-23 16:50:00+00:00,CASH3.SA,4.53000020980835,4.539999961853027,4.519999980926514,4.519999980926514,11600
2026-04-23 16:55:00+00:00,CASH3.SA,4.53000020980835,4.539999961853027,4.53000020980835,4.539999961853027,9300
2026-04-23 17:00:00+00:00,CASH3.SA,4.53000020980835,4.539999961853027,4.510000228881836,4.510000228881836,9900
2026-04-23 17:05:00+00:00,CASH3.SA,4.53000020980835,4.53000020980835,4.489999771118164,4.489999771118164,7900
2026-04-23 17:10:00+00:00,CASH3.SA,4.489999771118164,4.5,4.480000019073486,4.5,8100
2026-04-23 17:15:00+00:00,CASH3.SA,4.5,4.5,4.46999979019165,4.480000019073486,7500
2026-04-23 17:20:00+00:00,CASH3.SA,4.46999979019165,4.489999771118164,4.46999979019165,4.489999771118164,7300
2026-04-23 17:25:00+00:00,CASH3.SA,4.489999771118164,4.489999771118164,4.460000038146973,4.460000038146973,10200
2026-04-23 17:30:00+00:00,CASH3.SA,4.46999979019165,4.519999980926514,4.46999979019165,4.510000228881836,32800
2026-04-23 17:35:00+00:00,CASH3.SA,4.510000228881836,4.519999980926514,4.5,4.5,21700
2026-04-23 17:40:00+00:00,CASH3.SA,4.489999771118164,4.5,4.46999979019165,4.480000019073486,12900
2026-04-23 17:45:00+00:00,CASH3.SA,4.46999979019165,4.5,4.460000038146973,4.480000019073486,36500
2026-04-23 17:50:00+00:00,CASH3.SA,4.480000019073486,4.5,4.46999979019165,4.5,14300
2026-04-23 17:55:00+00:00,CASH3.SA,4.5,4.510000228881836,4.5,4.510000228881836,9200
2026-04-23 18:00:00+00:00,CASH3.SA,4.510000228881836,4.519999980926514,4.510000228881836,4.510000228881836,8200
2026-04-23 18:05:00+00:00,CASH3.SA,4.510000228881836,4.519999980926514,4.510000228881836,4.519999980926514,3900
2026-04-23 18:10:00+00:00,CASH3.SA,4.510000228881836,4.53000020980835,4.510000228881836,4.53000020980835,5300
2026-04-23 18:15:00+00:00,CASH3.SA,4.519999980926514,4.53000020980835,4.519999980926514,4.519999980926514,4000
2026-04-23 18:20:00+00:00,CASH3.SA,4.519999980926514,4.53000020980835,4.519999980926514,4.53000020980835,1500
2026-04-23 18:25:00+00:00,CASH3.SA,4.519999980926514,4.539999961853027,4.519999980926514,4.539999961853027,12800
2026-04-23 18:30:00+00:00,CASH3.SA,4.53000020980835,4.539999961853027,4.53000020980835,4.539999961853027,5200
2026-04-23 18:35:00+00:00,CASH3.SA,4.550000190734863,4.550000190734863,4.53000020980835,4.53000020980835,7600
2026-04-23 18:40:00+00:00,CASH3.SA,4.53000020980835,4.539999961853027,4.53000020980835,4.539999961853027,1500
2026-04-23 18:45:00+00:00,CASH3.SA,4.53000020980835,4.539999961853027,4.53000020980835,4.539999961853027,3000
2026-04-23 18:50:00+00:00,CASH3.SA,4.53000020980835,4.550000190734863,4.53000020980835,4.539999961853027,9400
2026-04-23 18:55:00+00:00,CASH3.SA,4.539999961853027,4.550000190734863,4.539999961853027,4.539999961853027,6500
2026-04-23 19:00:00+00:00,CASH3.SA,4.53000020980835,4.539999961853027,4.5,4.5,43900
2026-04-23 19:05:00+00:00,CASH3.SA,4.5,4.510000228881836,4.489999771118164,4.5,86500
2026-04-23 19:10:00+00:00,CASH3.SA,4.5,4.5,4.489999771118164,4.489999771118164,10800
2026-04-23 19:15:00+00:00,CASH3.SA,4.5,4.510000228881836,4.489999771118164,4.510000228881836,26100
2026-04-23 19:20:00+00:00,CASH3.SA,4.5,4.5,4.489999771118164,4.5,27100
2026-04-23 19:25:00+00:00,CASH3.SA,4.5,4.5,4.489999771118164,4.5,7500
2026-04-23 19:30:00+00:00,CASH3.SA,4.5,4.510000228881836,4.489999771118164,4.489999771118164,32700
2026-04-23 19:35:00+00:00,CASH3.SA,4.5,4.5,4.480000019073486,4.5,40100
2026-04-23 19:40:00+00:00,CASH3.SA,4.489999771118164,4.5,4.489999771118164,4.5,10900
2026-04-23 19:45:00+00:00,CASH3.SA,4.489999771118164,4.5,4.489999771118164,4.5,28300
2026-04-23 19:50:00+00:00,CASH3.SA,4.489999771118164,4.5,4.480000019073486,4.480000019073486,40400
2026-04-24 13:00:00+00:00,CASH3.SA,4.460000038146973,4.46999979019165,4.449999809265137,4.449999809265137,0
2026-04-24 13:05:00+00:00,CASH3.SA,4.449999809265137,4.480000019073486,4.449999809265137,4.46999979019165,12600
2026-04-24 13:10:00+00:00,CASH3.SA,4.489999771118164,4.5,4.489999771118164,4.5,6600
2026-04-24 13:15:00+00:00,CASH3.SA,4.5,4.5,4.480000019073486,4.480000019073486,4300
2026-04-24 13:20:00+00:00,CASH3.SA,4.489999771118164,4.489999771118164,4.460000038146973,4.460000038146973,5000
2026-04-24 13:25:00+00:00,CASH3.SA,4.449999809265137,4.449999809265137,4.440000057220459,4.440000057220459,10700
2026-04-24 13:30:00+00:00,CASH3.SA,4.440000057220459,4.53000020980835,4.440000057220459,4.53000020980835,75800
2026-04-24 13:35:00+00:00,CASH3.SA,4.519999980926514,4.539999961853027,4.510000228881836,4.539999961853027,21500
2026-04-24 13:40:00+00:00,CASH3.SA,4.539999961853027,4.550000190734863,4.53000020980835,4.53000020980835,29600
2026-04-24 13:45:00+00:00,CASH3.SA,4.53000020980835,4.550000190734863,4.53000020980835,4.550000190734863,15400
2026-04-24 13:50:00+00:00,CASH3.SA,4.550000190734863,4.550000190734863,4.53000020980835,4.539999961853027,13600
2026-04-24 13:55:00+00:00,CASH3.SA,4.539999961853027,4.539999961853027,4.519999980926514,4.53000020980835,7000
2026-04-24 14:00:00+00:00,CASH3.SA,4.519999980926514,4.53000020980835,4.5,4.5,9400
2026-04-24 14:05:00+00:00,CASH3.SA,4.5,4.510000228881836,4.5,4.5,2400
2026-04-24 14:10:00+00:00,CASH3.SA,4.510000228881836,4.510000228881836,4.5,4.510000228881836,6100
2026-04-24 14:15:00+00:00,CASH3.SA,4.510000228881836,4.510000228881836,4.5,4.510000228881836,3500
2026-04-24 14:20:00+00:00,CASH3.SA,4.510000228881836,4.510000228881836,4.5,4.5,5800
2026-04-24 14:25:00+00:00,CASH3.SA,4.5,4.510000228881836,4.5,4.510000228881836,4400
2026-04-24 14:30:00+00:00,CASH3.SA,4.5,4.510000228881836,4.5,4.5,9000
2026-04-24 14:35:00+00:00,CASH3.SA,4.510000228881836,4.510000228881836,4.489999771118164,4.510000228881836,10700
2026-04-24 14:40:00+00:00,CASH3.SA,4.5,4.510000228881836,4.5,4.510000228881836,3700
2026-04-24 14:45:00+00:00,CASH3.SA,4.5,4.510000228881836,4.5,4.510000228881836,3500
2026-04-24 14:50:00+00:00,CASH3.SA,4.510000228881836,4.519999980926514,4.5,4.510000228881836,15500
2026-04-24 14:55:00+00:00,CASH3.SA,4.519999980926514,4.519999980926514,4.510000228881836,4.519999980926514,2100
2026-04-24 15:00:00+00:00,CASH3.SA,4.519999980926514,4.519999980926514,4.510000228881836,4.519999980926514,22000
2026-04-24 15:05:00+00:00,CASH3.SA,4.510000228881836,4.519999980926514,4.5,4.5,9000
2026-04-24 15:10:00+00:00,CASH3.SA,4.510000228881836,4.510000228881836,4.5,4.5,3200
2026-04-24 15:15:00+00:00,CASH3.SA,4.510000228881836,4.510000228881836,4.460000038146973,4.460000038146973,25800
2026-04-24 15:20:00+00:00,CASH3.SA,4.46999979019165,4.46999979019165,4.460000038146973,4.46999979019165,4400
2026-04-24 15:25:00+00:00,CASH3.SA,4.460000038146973,4.46999979019165,4.460000038146973,4.460000038146973,2200
2026-04-24 15:30:00+00:00,CASH3.SA,4.46999979019165,4.46999979019165,4.460000038146973,4.460000038146973,2900
2026-04-24 15:35:00+00:00,CASH3.SA,4.46999979019165,4.46999979019165,4.460000038146973,4.46999979019165,1400
2026-04-24 15:40:00+00:00,CASH3.SA,4.460000038146973,4.480000019073486,4.460000038146973,4.480000019073486,11500
2026-04-24 15:45:00+00:00,CASH3.SA,4.489999771118164,4.489999771118164,4.480000019073486,4.489999771118164,3700
2026-04-24 15:50:00+00:00,CASH3.SA,4.480000019073486,4.489999771118164,4.480000019073486,4.480000019073486,2600
2026-04-24 15:55:00+00:00,CASH3.SA,4.489999771118164,4.489999771118164,4.480000019073486,4.480000019073486,3100
2026-04-24 16:00:00+00:00,CASH3.SA,4.489999771118164,4.489999771118164,4.480000019073486,4.489999771118164,2600
2026-04-24 16:05:00+00:00,CASH3.SA,4.480000019073486,4.489999771118164,4.46999979019165,4.46999979019165,8600
2026-04-24 16:10:00+00:00,CASH3.SA,4.46999979019165,4.480000019073486,4.460000038146973,4.460000038146973,8500
2026-04-24 16:15:00+00:00,CASH3.SA,4.460000038146973,4.46999979019165,4.460000038146973,4.460000038146973,5000
2026-04-24 16:20:00+00:00,CASH3.SA,4.46999979019165,4.46999979019165,4.460000038146973,4.460000038146973,2700
2026-04-24 16:25:00+00:00,CASH3.SA,4.46999979019165,4.46999979019165,4.460000038146973,4.46999979019165,2100
2026-04-24 16:30:00+00:00,CASH3.SA,4.46999979019165,4.46999979019165,4.460000038146973,4.46999979019165,1300
2026-04-24 16:35:00+00:00,CASH3.SA,4.46999979019165,4.46999979019165,4.460000038146973,4.46999979019165,1500
2026-04-24 16:40:00+00:00,CASH3.SA,4.46999979019165,4.46999979019165,4.460000038146973,4.46999979019165,2100
2026-04-24 16:45:00+00:00,CASH3.SA,4.46999979019165,4.46999979019165,4.460000038146973,4.46999979019165,1400
2026-04-24 16:50:00+00:00,CASH3.SA,4.460000038146973,4.46999979019165,4.460000038146973,4.460000038146973,1700
2026-04-24 16:55:00+00:00,CASH3.SA,4.46999979019165,4.46999979019165,4.460000038146973,4.46999979019165,1300
2026-04-24 17:00:00+00:00,CASH3.SA,4.46999979019165,4.480000019073486,4.460000038146973,4.480000019073486,6100
2026-04-24 17:05:00+00:00,CASH3.SA,4.480000019073486,4.480000019073486,4.46999979019165,4.46999979019165,2300
2026-04-24 17:10:00+00:00,CASH3.SA,4.480000019073486,4.480000019073486,4.46999979019165,4.480000019073486,1600
2026-04-24 17:15:00+00:00,CASH3.SA,4.46999979019165,4.480000019073486,4.46999979019165,4.480000019073486,1800
2026-04-24 17:20:00+00:00,CASH3.SA,4.46999979019165,4.480000019073486,4.460000038146973,4.46999979019165,10300
2026-04-24 17:25:00+00:00,CASH3.SA,4.46999979019165,4.46999979019165,4.449999809265137,4.460000038146973,13600
2026-04-24 17:30:00+00:00,CASH3.SA,4.46999979019165,4.46999979019165,4.460000038146973,4.46999979019165,6700
2026-04-24 17:35:00+00:00,CASH3.SA,4.460000038146973,4.46999979019165,4.460000038146973,4.460000038146973,3100
2026-04-24 17:40:00+00:00,CASH3.SA,4.46999979019165,4.46999979019165,4.460000038146973,4.46999979019165,2200
2026-04-24 17:45:00+00:00,CASH3.SA,4.460000038146973,4.46999979019165,4.460000038146973,4.460000038146973,1800
2026-04-24 17:50:00+00:00,CASH3.SA,4.460000038146973,4.46999979019165,4.460000038146973,4.460000038146973,3600
2026-04-24 17:55:00+00:00,CASH3.SA,4.460000038146973,4.46999979019165,4.460000038146973,4.46999979019165,1900
2026-04-24 18:00:00+00:00,CASH3.SA,4.460000038146973,4.46999979019165,4.460000038146973,4.46999979019165,2100
2026-04-24 18:05:00+00:00,CASH3.SA,4.46999979019165,4.46999979019165,4.449999809265137,4.449999809265137,7800
2026-04-24 18:10:00+00:00,CASH3.SA,4.449999809265137,4.460000038146973,4.449999809265137,4.460000038146973,1800
2026-04-24 18:15:00+00:00,CASH3.SA,4.460000038146973,4.460000038146973,4.440000057220459,4.460000038146973,31000
2026-04-24 18:20:00+00:00,CASH3.SA,4.460000038146973,4.480000019073486,4.449999809265137,4.46999979019165,12800
2026-04-24 18:25:00+00:00,CASH3.SA,4.480000019073486,4.480000019073486,4.449999809265137,4.460000038146973,11900
2026-04-24 18:30:00+00:00,CASH3.SA,4.46999979019165,4.46999979019165,4.460000038146973,4.460000038146973,3300
2026-04-24 18:35:00+00:00,CASH3.SA,4.46999979019165,4.480000019073486,4.460000038146973,4.46999979019165,6300
2026-04-24 18:40:00+00:00,CASH3.SA,4.46999979019165,4.489999771118164,4.46999979019165,4.489999771118164,6300
2026-04-24 18:45:00+00:00,CASH3.SA,4.489999771118164,4.489999771118164,4.480000019073486,4.489999771118164,3600
2026-04-24 18:50:00+00:00,CASH3.SA,4.489999771118164,4.489999771118164,4.480000019073486,4.489999771118164,4200
2026-04-24 18:55:00+00:00,CASH3.SA,4.489999771118164,4.489999771118164,4.46999979019165,4.46999979019165,7400
2026-04-24 19:00:00+00:00,CASH3.SA,4.480000019073486,4.480000019073486,4.46999979019165,4.480000019073486,2900
2026-04-24 19:05:00+00:00,CASH3.SA,4.480000019073486,4.480000019073486,4.460000038146973,4.460000038146973,16400
2026-04-24 19:10:00+00:00,CASH3.SA,4.460000038146973,4.460000038146973,4.449999809265137,4.460000038146973,4700
2026-04-24 19:15:00+00:00,CASH3.SA,4.449999809265137,4.460000038146973,4.449999809265137,4.460000038146973,4600
2026-04-24 19:20:00+00:00,CASH3.SA,4.460000038146973,4.460000038146973,4.420000076293945,4.440000057220459,33600
2026-04-24 19:25:00+00:00,CASH3.SA,4.429999828338623,4.440000057220459,4.420000076293945,4.429999828338623,10000
2026-04-24 19:30:00+00:00,CASH3.SA,4.440000057220459,4.46999979019165,4.409999847412109,4.409999847412109,52800
2026-04-24 19:35:00+00:00,CASH3.SA,4.409999847412109,4.420000076293945,4.400000095367432,4.409999847412109,15900
2026-04-24 19:40:00+00:00,CASH3.SA,4.420000076293945,4.420000076293945,4.409999847412109,4.420000076293945,7500
2026-04-24 19:45:00+00:00,CASH3.SA,4.420000076293945,4.420000076293945,4.400000095367432,4.409999847412109,15700
2026-04-24 19:50:00+00:00,CASH3.SA,4.409999847412109,4.409999847412109,4.389999866485596,4.409999847412109,20900
2026-04-27 13:05:00+00:00,CASH3.SA,4.400000095367432,4.409999847412109,4.389999866485596,4.409999847412109,0
2026-04-27 13:10:00+00:00,CASH3.SA,4.400000095367432,4.400000095367432,4.360000133514404,4.360000133514404,18100
2026-04-27 13:15:00+00:00,CASH3.SA,4.369999885559082,4.369999885559082,4.360000133514404,4.360000133514404,1900
2026-04-27 13:20:00+00:00,CASH3.SA,4.380000114440918,4.380000114440918,4.369999885559082,4.369999885559082,500
2026-04-27 13:25:00+00:00,CASH3.SA,4.380000114440918,4.380000114440918,4.369999885559082,4.380000114440918,1100
2026-04-27 13:30:00+00:00,CASH3.SA,4.360000133514404,4.360000133514404,4.320000171661377,4.329999923706055,11300
2026-04-27 13:35:00+00:00,CASH3.SA,4.320000171661377,4.329999923706055,4.309999942779541,4.320000171661377,13700
2026-04-27 13:40:00+00:00,CASH3.SA,4.329999923706055,4.349999904632568,4.329999923706055,4.329999923706055,4000
2026-04-27 13:45:00+00:00,CASH3.SA,4.340000152587891,4.340000152587891,4.320000171661377,4.320000171661377,1700
2026-04-27 13:50:00+00:00,CASH3.SA,4.320000171661377,4.340000152587891,4.309999942779541,4.340000152587891,5500
2026-04-27 13:55:00+00:00,CASH3.SA,4.340000152587891,4.349999904632568,4.340000152587891,4.340000152587891,3600
2026-04-27 14:00:00+00:00,CASH3.SA,4.340000152587891,4.340000152587891,4.329999923706055,4.329999923706055,2200
2026-04-27 14:05:00+00:00,CASH3.SA,4.329999923706055,4.329999923706055,4.320000171661377,4.329999923706055,500
2026-04-27 14:10:00+00:00,CASH3.SA,4.320000171661377,4.320000171661377,4.269999980926514,4.289999961853027,53100
2026-04-27 14:15:00+00:00,CASH3.SA,4.289999961853027,4.300000190734863,4.269999980926514,4.28000020980835,26800
2026-04-27 14:20:00+00:00,CASH3.SA,4.28000020980835,4.309999942779541,4.28000020980835,4.309999942779541,8800
2026-04-27 14:25:00+00:00,CASH3.SA,4.289999961853027,4.380000114440918,4.289999961853027,4.380000114440918,23100
2026-04-27 14:30:00+00:00,CASH3.SA,4.380000114440918,4.400000095367432,4.380000114440918,4.400000095367432,26800
2026-04-27 14:35:00+00:00,CASH3.SA,4.400000095367432,4.429999828338623,4.400000095367432,4.429999828338623,17400
2026-04-27 14:40:00+00:00,CASH3.SA,4.409999847412109,4.409999847412109,4.389999866485596,4.389999866485596,13300
2026-04-27 14:45:00+00:00,CASH3.SA,4.400000095367432,4.400000095367432,4.369999885559082,4.369999885559082,22600
2026-04-27 14:50:00+00:00,CASH3.SA,4.380000114440918,4.380000114440918,4.360000133514404,4.360000133514404,10700
2026-04-27 14:55:00+00:00,CASH3.SA,4.360000133514404,4.369999885559082,4.349999904632568,4.349999904632568,5000
2026-04-27 15:00:00+00:00,CASH3.SA,4.349999904632568,4.360000133514404,4.340000152587891,4.340000152587891,5000
2026-04-27 15:05:00+00:00,CASH3.SA,4.340000152587891,4.349999904632568,4.329999923706055,4.340000152587891,6000
2026-04-27 15:10:00+00:00,CASH3.SA,4.329999923706055,4.340000152587891,4.329999923706055,4.340000152587891,6600
2026-04-27 15:15:00+00:00,CASH3.SA,4.349999904632568,4.349999904632568,4.340000152587891,4.340000152587891,1200
2026-04-27 15:20:00+00:00,CASH3.SA,4.349999904632568,4.349999904632568,4.329999923706055,4.329999923706055,16300
2026-04-27 15:25:00+00:00,CASH3.SA,4.329999923706055,4.329999923706055,4.260000228881836,4.309999942779541,93200
2026-04-27 15:30:00+00:00,CASH3.SA,4.320000171661377,4.320000171661377,4.320000171661377,4.320000171661377,800
2026-04-27 15:35:00+00:00,CASH3.SA,4.309999942779541,4.320000171661377,4.309999942779541,4.320000171661377,2500
2026-04-27 15:40:00+00:00,CASH3.SA,4.309999942779541,4.329999923706055,4.309999942779541,4.309999942779541,8000
2026-04-27 15:45:00+00:00,CASH3.SA,4.320000171661377,4.340000152587891,4.309999942779541,4.340000152587891,8900
2026-04-27 15:50:00+00:00,CASH3.SA,4.329999923706055,4.340000152587891,4.329999923706055,4.329999923706055,900
2026-04-27 15:55:00+00:00,CASH3.SA,4.329999923706055,4.340000152587891,4.329999923706055,4.329999923706055,2700
2026-04-27 16:00:00+00:00,CASH3.SA,4.329999923706055,4.340000152587891,4.329999923706055,4.340000152587891,2900
2026-04-27 16:05:00+00:00,CASH3.SA,4.329999923706055,4.340000152587891,4.329999923706055,4.329999923706055,1700
2026-04-27 16:10:00+00:00,CASH3.SA,4.329999923706055,4.340000152587891,4.320000171661377,4.320000171661377,5200
2026-04-27 16:15:00+00:00,CASH3.SA,4.320000171661377,4.329999923706055,4.320000171661377,4.320000171661377,3200
2026-04-27 16:20:00+00:00,CASH3.SA,4.320000171661377,4.329999923706055,4.320000171661377,4.320000171661377,3100
2026-04-27 16:25:00+00:00,CASH3.SA,4.329999923706055,4.329999923706055,4.320000171661377,4.320000171661377,2200
2026-04-27 16:30:00+00:00,CASH3.SA,4.329999923706055,4.329999923706055,4.320000171661377,4.320000171661377,2400
2026-04-27 16:35:00+00:00,CASH3.SA,4.320000171661377,4.340000152587891,4.320000171661377,4.329999923706055,8600
2026-04-27 16:40:00+00:00,CASH3.SA,4.340000152587891,4.340000152587891,4.329999923706055,4.340000152587891,1300
2026-04-27 16:45:00+00:00,CASH3.SA,4.340000152587891,4.340000152587891,4.329999923706055,4.340000152587891,2000
2026-04-27 16:50:00+00:00,CASH3.SA,4.329999923706055,4.340000152587891,4.329999923706055,4.329999923706055,15500
2026-04-27 16:55:00+00:00,CASH3.SA,4.329999923706055,4.329999923706055,4.320000171661377,4.320000171661377,9600
2026-04-27 17:00:00+00:00,CASH3.SA,4.320000171661377,4.340000152587891,4.320000171661377,4.329999923706055,6300
2026-04-27 17:05:00+00:00,CASH3.SA,4.340000152587891,4.340000152587891,4.329999923706055,4.329999923706055,1400
2026-04-27 17:10:00+00:00,CASH3.SA,4.329999923706055,4.340000152587891,4.329999923706055,4.329999923706055,1500
2026-04-27 17:15:00+00:00,CASH3.SA,4.340000152587891,4.340000152587891,4.329999923706055,4.329999923706055,10900
2026-04-27 17:20:00+00:00,CASH3.SA,4.340000152587891,4.340000152587891,4.329999923706055,4.329999923706055,11500
2026-04-27 17:25:00+00:00,CASH3.SA,4.340000152587891,4.340000152587891,4.329999923706055,4.340000152587891,1400
2026-04-27 17:30:00+00:00,CASH3.SA,4.329999923706055,4.340000152587891,4.329999923706055,4.329999923706055,1800
2026-04-27 17:35:00+00:00,CASH3.SA,4.340000152587891,4.340000152587891,4.329999923706055,4.329999923706055,3000
2026-04-27 17:40:00+00:00,CASH3.SA,4.329999923706055,4.340000152587891,4.329999923706055,4.329999923706055,3100
2026-04-27 17:45:00+00:00,CASH3.SA,4.340000152587891,4.340000152587891,4.329999923706055,4.329999923706055,3600
2026-04-27 17:50:00+00:00,CASH3.SA,4.340000152587891,4.340000152587891,4.329999923706055,4.329999923706055,5300
2026-04-27 17:55:00+00:00,CASH3.SA,4.340000152587891,4.340000152587891,4.329999923706055,4.340000152587891,3000
2026-04-27 18:00:00+00:00,CASH3.SA,4.329999923706055,4.340000152587891,4.329999923706055,4.329999923706055,3900
2026-04-27 18:05:00+00:00,CASH3.SA,4.329999923706055,4.340000152587891,4.329999923706055,4.340000152587891,4000
2026-04-27 18:10:00+00:00,CASH3.SA,4.329999923706055,4.340000152587891,4.329999923706055,4.329999923706055,4400
2026-04-27 18:15:00+00:00,CASH3.SA,4.329999923706055,4.340000152587891,4.329999923706055,4.329999923706055,2700
2026-04-27 18:20:00+00:00,CASH3.SA,4.329999923706055,4.349999904632568,4.329999923706055,4.340000152587891,7100
2026-04-27 18:25:00+00:00,CASH3.SA,4.340000152587891,4.340000152587891,4.329999923706055,4.329999923706055,2400
2026-04-27 18:30:00+00:00,CASH3.SA,4.340000152587891,4.340000152587891,4.320000171661377,4.320000171661377,14200
2026-04-27 18:35:00+00:00,CASH3.SA,4.320000171661377,4.329999923706055,4.320000171661377,4.320000171661377,6600
2026-04-27 18:40:00+00:00,CASH3.SA,4.320000171661377,4.329999923706055,4.309999942779541,4.309999942779541,10200
2026-04-27 18:45:00+00:00,CASH3.SA,4.320000171661377,4.320000171661377,4.300000190734863,4.300000190734863,11800
2026-04-27 18:50:00+00:00,CASH3.SA,4.300000190734863,4.309999942779541,4.289999961853027,4.289999961853027,15300
2026-04-27 18:55:00+00:00,CASH3.SA,4.289999961853027,4.300000190734863,4.289999961853027,4.289999961853027,6000
2026-04-27 19:00:00+00:00,CASH3.SA,4.289999961853027,4.300000190734863,4.289999961853027,4.289999961853027,6200
2026-04-27 19:05:00+00:00,CASH3.SA,4.300000190734863,4.300000190734863,4.289999961853027,4.289999961853027,3100
2026-04-27 19:10:00+00:00,CASH3.SA,4.289999961853027,4.300000190734863,4.289999961853027,4.289999961853027,3600
2026-04-27 19:15:00+00:00,CASH3.SA,4.289999961853027,4.300000190734863,4.28000020980835,4.28000020980835,10600
2026-04-27 19:20:00+00:00,CASH3.SA,4.28000020980835,4.289999961853027,4.28000020980835,4.28000020980835,4000
2026-04-27 19:25:00+00:00,CASH3.SA,4.289999961853027,4.289999961853027,4.269999980926514,4.28000020980835,9600
2026-04-27 19:30:00+00:00,CASH3.SA,4.28000020980835,4.289999961853027,4.260000228881836,4.269999980926514,39100
2026-04-27 19:35:00+00:00,CASH3.SA,4.269999980926514,4.28000020980835,4.269999980926514,4.269999980926514,6300
2026-04-27 19:40:00+00:00,CASH3.SA,4.269999980926514,4.28000020980835,4.260000228881836,4.260000228881836,9100
2026-04-27 19:45:00+00:00,CASH3.SA,4.28000020980835,4.28000020980835,4.260000228881836,4.269999980926514,7300
2026-04-27 19:50:00+00:00,CASH3.SA,4.269999980926514,4.28000020980835,4.25,4.25,31800
2026-04-28 13:00:00+00:00,CASH3.SA,4.199999809265137,4.199999809265137,4.199999809265137,4.199999809265137,0
2026-04-28 13:05:00+00:00,CASH3.SA,4.199999809265137,4.210000038146973,4.170000076293945,4.179999828338623,6700
2026-04-28 13:10:00+00:00,CASH3.SA,4.159999847412109,4.159999847412109,4.130000114440918,4.130000114440918,29400
2026-04-28 13:15:00+00:00,CASH3.SA,4.130000114440918,4.150000095367432,4.119999885559082,4.119999885559082,4600
2026-04-28 13:20:00+00:00,CASH3.SA,4.119999885559082,4.139999866485596,4.110000133514404,4.119999885559082,17600
2026-04-28 13:25:00+00:00,CASH3.SA,4.110000133514404,4.159999847412109,4.110000133514404,4.150000095367432,29600
2026-04-28 13:30:00+00:00,CASH3.SA,4.150000095367432,4.199999809265137,4.139999866485596,4.199999809265137,18000
2026-04-28 13:35:00+00:00,CASH3.SA,4.190000057220459,4.190000057220459,4.170000076293945,4.179999828338623,8900
2026-04-28 13:40:00+00:00,CASH3.SA,4.179999828338623,4.199999809265137,4.179999828338623,4.190000057220459,5900
2026-04-28 13:45:00+00:00,CASH3.SA,4.190000057220459,4.190000057220459,4.179999828338623,4.179999828338623,10900
2026-04-28 13:50:00+00:00,CASH3.SA,4.179999828338623,4.190000057220459,4.179999828338623,4.179999828338623,15700
2026-04-28 13:55:00+00:00,CASH3.SA,4.179999828338623,4.179999828338623,4.179999828338623,4.179999828338623,2600
2026-04-28 14:00:00+00:00,CASH3.SA,4.179999828338623,4.179999828338623,4.170000076293945,4.170000076293945,4600
2026-04-28 14:05:00+00:00,CASH3.SA,4.170000076293945,4.179999828338623,4.170000076293945,4.179999828338623,4600
2026-04-28 14:10:00+00:00,CASH3.SA,4.179999828338623,4.179999828338623,4.170000076293945,4.170000076293945,5700
2026-04-28 14:15:00+00:00,CASH3.SA,4.179999828338623,4.179999828338623,4.170000076293945,4.170000076293945,1300
2026-04-28 14:20:00+00:00,CASH3.SA,4.170000076293945,4.179999828338623,4.159999847412109,4.159999847412109,2900
2026-04-28 14:25:00+00:00,CASH3.SA,4.159999847412109,4.159999847412109,4.150000095367432,4.150000095367432,13100
2026-04-28 14:30:00+00:00,CASH3.SA,4.150000095367432,4.159999847412109,4.150000095367432,4.150000095367432,12300
2026-04-28 14:35:00+00:00,CASH3.SA,4.150000095367432,4.150000095367432,4.130000114440918,4.130000114440918,7400
2026-04-28 14:40:00+00:00,CASH3.SA,4.130000114440918,4.150000095367432,4.119999885559082,4.150000095367432,18600
2026-04-28 14:45:00+00:00,CASH3.SA,4.139999866485596,4.139999866485596,4.130000114440918,4.130000114440918,10900
2026-04-28 14:50:00+00:00,CASH3.SA,4.130000114440918,4.130000114440918,4.099999904632568,4.119999885559082,26000
2026-04-28 14:55:00+00:00,CASH3.SA,4.119999885559082,4.130000114440918,4.110000133514404,4.130000114440918,20400
2026-04-28 15:00:00+00:00,CASH3.SA,4.139999866485596,4.150000095367432,4.139999866485596,4.150000095367432,2600
2026-04-28 15:05:00+00:00,CASH3.SA,4.150000095367432,4.159999847412109,4.130000114440918,4.130000114440918,7600
2026-04-28 15:10:00+00:00,CASH3.SA,4.130000114440918,4.139999866485596,4.119999885559082,4.119999885559082,19600
2026-04-28 15:15:00+00:00,CASH3.SA,4.119999885559082,4.130000114440918,4.119999885559082,4.119999885559082,1600
2026-04-28 15:20:00+00:00,CASH3.SA,4.119999885559082,4.130000114440918,4.119999885559082,4.130000114440918,8000
2026-04-28 15:25:00+00:00,CASH3.SA,4.139999866485596,4.139999866485596,4.130000114440918,4.130000114440918,1400
2026-04-28 15:30:00+00:00,CASH3.SA,4.130000114440918,4.130000114440918,4.099999904632568,4.099999904632568,62000
2026-04-28 15:35:00+00:00,CASH3.SA,4.099999904632568,4.099999904632568,4.099999904632568,4.099999904632568,3300
2026-04-28 15:40:00+00:00,CASH3.SA,4.099999904632568,4.119999885559082,4.099999904632568,4.119999885559082,16900
2026-04-28 15:45:00+00:00,CASH3.SA,4.119999885559082,4.139999866485596,4.119999885559082,4.130000114440918,15100
2026-04-28 15:50:00+00:00,CASH3.SA,4.139999866485596,4.139999866485596,4.110000133514404,4.119999885559082,16700
2026-04-28 15:55:00+00:00,CASH3.SA,4.130000114440918,4.139999866485596,4.119999885559082,4.139999866485596,15000
2026-04-28 16:00:00+00:00,CASH3.SA,4.139999866485596,4.139999866485596,4.119999885559082,4.139999866485596,19600
2026-04-28 16:05:00+00:00,CASH3.SA,4.130000114440918,4.139999866485596,4.119999885559082,4.119999885559082,5900
2026-04-28 16:10:00+00:00,CASH3.SA,4.119999885559082,4.130000114440918,4.090000152587891,4.099999904632568,37500
2026-04-28 16:15:00+00:00,CASH3.SA,4.090000152587891,4.099999904632568,4.079999923706055,4.090000152587891,12700
2026-04-28 16:20:00+00:00,CASH3.SA,4.090000152587891,4.110000133514404,4.079999923706055,4.110000133514404,27600
2026-04-28 16:25:00+00:00,CASH3.SA,4.099999904632568,4.110000133514404,4.090000152587891,4.099999904632568,10500
2026-04-28 16:30:00+00:00,CASH3.SA,4.099999904632568,4.099999904632568,4.079999923706055,4.090000152587891,18600
2026-04-28 16:35:00+00:00,CASH3.SA,4.079999923706055,4.090000152587891,4.059999942779541,4.070000171661377,27800
2026-04-28 16:40:00+00:00,CASH3.SA,4.079999923706055,4.079999923706055,4.070000171661377,4.079999923706055,8100
2026-04-28 16:45:00+00:00,CASH3.SA,4.079999923706055,4.079999923706055,4.070000171661377,4.079999923706055,6700
2026-04-28 16:50:00+00:00,CASH3.SA,4.079999923706055,4.090000152587891,4.070000171661377,4.090000152587891,16100
2026-04-28 16:55:00+00:00,CASH3.SA,4.090000152587891,4.090000152587891,4.079999923706055,4.079999923706055,7800
2026-04-28 17:00:00+00:00,CASH3.SA,4.079999923706055,4.090000152587891,4.079999923706055,4.079999923706055,7200
2026-04-28 17:05:00+00:00,CASH3.SA,4.090000152587891,4.090000152587891,4.070000171661377,4.070000171661377,11500
2026-04-28 17:10:00+00:00,CASH3.SA,4.079999923706055,4.079999923706055,4.070000171661377,4.079999923706055,10400
2026-04-28 17:15:00+00:00,CASH3.SA,4.070000171661377,4.079999923706055,4.070000171661377,4.079999923706055,8000
2026-04-28 17:20:00+00:00,CASH3.SA,4.070000171661377,4.079999923706055,4.050000190734863,4.070000171661377,22900
2026-04-28 17:25:00+00:00,CASH3.SA,4.059999942779541,4.090000152587891,4.059999942779541,4.090000152587891,24600
2026-04-28 17:30:00+00:00,CASH3.SA,4.090000152587891,4.090000152587891,4.070000171661377,4.090000152587891,8400
2026-04-28 17:35:00+00:00,CASH3.SA,4.079999923706055,4.090000152587891,4.059999942779541,4.079999923706055,14200
2026-04-28 17:40:00+00:00,CASH3.SA,4.070000171661377,4.079999923706055,4.059999942779541,4.079999923706055,10800
2026-04-28 17:45:00+00:00,CASH3.SA,4.070000171661377,4.079999923706055,4.050000190734863,4.059999942779541,9100
2026-04-28 17:50:00+00:00,CASH3.SA,4.059999942779541,4.059999942779541,4.050000190734863,4.059999942779541,7400
2026-04-28 17:55:00+00:00,CASH3.SA,4.059999942779541,4.079999923706055,4.050000190734863,4.070000171661377,24200
2026-04-28 18:00:00+00:00,CASH3.SA,4.070000171661377,4.070000171661377,4.050000190734863,4.070000171661377,7700
2026-04-28 18:05:00+00:00,CASH3.SA,4.070000171661377,4.070000171661377,4.050000190734863,4.059999942779541,6500
2026-04-28 18:10:00+00:00,CASH3.SA,4.059999942779541,4.059999942779541,4.050000190734863,4.059999942779541,6100
2026-04-28 18:15:00+00:00,CASH3.SA,4.059999942779541,4.059999942779541,4.050000190734863,4.059999942779541,2900
2026-04-28 18:20:00+00:00,CASH3.SA,4.059999942779541,4.070000171661377,4.050000190734863,4.070000171661377,10500
2026-04-28 18:25:00+00:00,CASH3.SA,4.070000171661377,4.079999923706055,4.059999942779541,4.079999923706055,17400
2026-04-28 18:30:00+00:00,CASH3.SA,4.070000171661377,4.070000171661377,4.059999942779541,4.070000171661377,6900
2026-04-28 18:35:00+00:00,CASH3.SA,4.070000171661377,4.079999923706055,4.059999942779541,4.079999923706055,24000
2026-04-28 18:40:00+00:00,CASH3.SA,4.070000171661377,4.079999923706055,4.070000171661377,4.079999923706055,4300
2026-04-28 18:45:00+00:00,CASH3.SA,4.079999923706055,4.079999923706055,4.070000171661377,4.079999923706055,4800
2026-04-28 18:50:00+00:00,CASH3.SA,4.079999923706055,4.079999923706055,4.070000171661377,4.079999923706055,5300
2026-04-28 18:55:00+00:00,CASH3.SA,4.079999923706055,4.079999923706055,4.070000171661377,4.079999923706055,3800
2026-04-28 19:00:00+00:00,CASH3.SA,4.079999923706055,4.099999904632568,4.070000171661377,4.099999904632568,23700
2026-04-28 19:05:00+00:00,CASH3.SA,4.099999904632568,4.110000133514404,4.090000152587891,4.110000133514404,19100
2026-04-28 19:10:00+00:00,CASH3.SA,4.110000133514404,4.110000133514404,4.099999904632568,4.110000133514404,5100
2026-04-28 19:15:00+00:00,CASH3.SA,4.110000133514404,4.110000133514404,4.099999904632568,4.110000133514404,4800
2026-04-28 19:20:00+00:00,CASH3.SA,4.110000133514404,4.110000133514404,4.099999904632568,4.110000133514404,6400
2026-04-28 19:25:00+00:00,CASH3.SA,4.110000133514404,4.110000133514404,4.099999904632568,4.099999904632568,4600
2026-04-28 19:30:00+00:00,CASH3.SA,4.110000133514404,4.110000133514404,4.099999904632568,4.110000133514404,3800
2026-04-28 19:35:00+00:00,CASH3.SA,4.110000133514404,4.110000133514404,4.099999904632568,4.099999904632568,4500
2026-04-28 19:40:00+00:00,CASH3.SA,4.110000133514404,4.110000133514404,4.090000152587891,4.090000152587891,17500
2026-04-28 19:45:00+00:00,CASH3.SA,4.099999904632568,4.099999904632568,4.090000152587891,4.099999904632568,12400
2026-04-28 19:50:00+00:00,CASH3.SA,4.090000152587891,4.119999885559082,4.090000152587891,4.090000152587891,19300
2026-04-29 13:00:00+00:00,CASH3.SA,4.139999866485596,4.150000095367432,4.090000152587891,4.130000114440918,0
2026-04-29 13:05:00+00:00,CASH3.SA,4.130000114440918,4.130000114440918,4.099999904632568,4.099999904632568,3000
2026-04-29 13:10:00+00:00,CASH3.SA,4.110000133514404,4.110000133514404,4.099999904632568,4.099999904632568,2200
2026-04-29 13:15:00+00:00,CASH3.SA,4.110000133514404,4.150000095367432,4.110000133514404,4.119999885559082,14500
2026-04-29 13:20:00+00:00,CASH3.SA,4.130000114440918,4.130000114440918,4.110000133514404,4.119999885559082,3500
2026-04-29 13:25:00+00:00,CASH3.SA,4.110000133514404,4.110000133514404,4.110000133514404,4.110000133514404,600
2026-04-29 13:30:00+00:00,CASH3.SA,4.110000133514404,4.110000133514404,4.070000171661377,4.070000171661377,16200
2026-04-29 13:35:00+00:00,CASH3.SA,4.070000171661377,4.079999923706055,4.070000171661377,4.079999923706055,3900
2026-04-29 13:40:00+00:00,CASH3.SA,4.079999923706055,4.079999923706055,4.070000171661377,4.070000171661377,2800
2026-04-29 13:45:00+00:00,CASH3.SA,4.059999942779541,4.059999942779541,4.050000190734863,4.050000190734863,6000
2026-04-29 13:50:00+00:00,CASH3.SA,4.050000190734863,4.070000171661377,4.050000190734863,4.059999942779541,2200
2026-04-29 13:55:00+00:00,CASH3.SA,4.059999942779541,4.059999942779541,4.050000190734863,4.050000190734863,1900
2026-04-29 14:00:00+00:00,CASH3.SA,4.050000190734863,4.050000190734863,3.9700000286102295,4.010000228881836,137600
2026-04-29 14:05:00+00:00,CASH3.SA,4.010000228881836,4.010000228881836,4.0,4.0,3600
2026-04-29 14:10:00+00:00,CASH3.SA,4.0,4.019999980926514,4.0,4.019999980926514,8700
2026-04-29 14:15:00+00:00,CASH3.SA,4.03000020980835,4.03000020980835,4.019999980926514,4.019999980926514,1500
2026-04-29 14:20:00+00:00,CASH3.SA,4.019999980926514,4.019999980926514,4.0,4.019999980926514,13000
2026-04-29 14:25:00+00:00,CASH3.SA,4.019999980926514,4.019999980926514,4.0,4.010000228881836,4300
2026-04-29 14:30:00+00:00,CASH3.SA,4.019999980926514,4.019999980926514,4.010000228881836,4.010000228881836,7800
2026-04-29 14:35:00+00:00,CASH3.SA,4.010000228881836,4.019999980926514,4.010000228881836,4.010000228881836,3700
2026-04-29 14:40:00+00:00,CASH3.SA,4.010000228881836,4.019999980926514,4.0,4.0,31800
2026-04-29 14:45:00+00:00,CASH3.SA,4.0,4.010000228881836,3.990000009536743,4.0,33100
2026-04-29 14:50:00+00:00,CASH3.SA,4.0,4.039999961853027,4.0,4.039999961853027,17000
2026-04-29 14:55:00+00:00,CASH3.SA,4.039999961853027,4.039999961853027,4.039999961853027,4.039999961853027,6500
2026-04-29 15:00:00+00:00,CASH3.SA,4.039999961853027,4.050000190734863,4.039999961853027,4.039999961853027,2500
2026-04-29 15:05:00+00:00,CASH3.SA,4.039999961853027,4.039999961853027,4.03000020980835,4.03000020980835,10300
2026-04-29 15:10:00+00:00,CASH3.SA,4.03000020980835,4.039999961853027,4.03000020980835,4.03000020980835,6700
2026-04-29 15:15:00+00:00,CASH3.SA,4.03000020980835,4.039999961853027,4.03000020980835,4.039999961853027,9100
2026-04-29 15:20:00+00:00,CASH3.SA,4.050000190734863,4.050000190734863,4.039999961853027,4.039999961853027,4300
2026-04-29 15:25:00+00:00,CASH3.SA,4.039999961853027,4.039999961853027,4.03000020980835,4.03000020980835,6100
2026-04-29 15:30:00+00:00,CASH3.SA,4.03000020980835,4.03000020980835,4.019999980926514,4.019999980926514,13300
2026-04-29 15:35:00+00:00,CASH3.SA,4.019999980926514,4.019999980926514,4.010000228881836,4.010000228881836,9600
2026-04-29 15:40:00+00:00,CASH3.SA,4.010000228881836,4.019999980926514,4.0,4.010000228881836,12000
2026-04-29 15:45:00+00:00,CASH3.SA,4.010000228881836,4.010000228881836,4.0,4.0,6200
2026-04-29 15:50:00+00:00,CASH3.SA,4.0,4.010000228881836,3.9800000190734863,3.9800000190734863,26500
2026-04-29 15:55:00+00:00,CASH3.SA,3.9800000190734863,3.9800000190734863,3.9700000286102295,3.9700000286102295,14600
2026-04-29 16:00:00+00:00,CASH3.SA,3.9800000190734863,3.9800000190734863,3.9700000286102295,3.9700000286102295,9900
2026-04-29 16:05:00+00:00,CASH3.SA,3.9700000286102295,3.9700000286102295,3.9700000286102295,3.9700000286102295,2600
2026-04-29 16:10:00+00:00,CASH3.SA,3.9800000190734863,3.9800000190734863,3.9700000286102295,3.9800000190734863,4500
2026-04-29 16:15:00+00:00,CASH3.SA,3.9800000190734863,3.9800000190734863,3.9700000286102295,3.9700000286102295,6200
2026-04-29 16:20:00+00:00,CASH3.SA,3.9700000286102295,3.9800000190734863,3.9700000286102295,3.9700000286102295,2300
2026-04-29 16:25:00+00:00,CASH3.SA,3.9700000286102295,3.9700000286102295,3.9700000286102295,3.9700000286102295,1900
2026-04-29 16:30:00+00:00,CASH3.SA,3.9700000286102295,3.9700000286102295,3.9600000381469727,3.9600000381469727,28400
2026-04-29 16:35:00+00:00,CASH3.SA,3.9600000381469727,3.9700000286102295,3.9600000381469727,3.9600000381469727,6700
2026-04-29 16:40:00+00:00,CASH3.SA,3.9600000381469727,3.9700000286102295,3.9600000381469727,3.9700000286102295,5800
2026-04-29 16:45:00+00:00,CASH3.SA,3.9700000286102295,3.9700000286102295,3.9600000381469727,3.9600000381469727,3000
2026-04-29 16:50:00+00:00,CASH3.SA,3.9600000381469727,3.9600000381469727,3.9600000381469727,3.9600000381469727,2800
2026-04-29 16:55:00+00:00,CASH3.SA,3.9600000381469727,3.9600000381469727,3.9600000381469727,3.9600000381469727,2100
2026-04-29 17:00:00+00:00,CASH3.SA,3.9600000381469727,3.9600000381469727,3.950000047683716,3.950000047683716,88600
2026-04-29 17:05:00+00:00,CASH3.SA,3.950000047683716,3.9700000286102295,3.950000047683716,3.950000047683716,28900
2026-04-29 17:10:00+00:00,CASH3.SA,3.950000047683716,3.9800000190734863,3.940000057220459,3.9700000286102295,50300
2026-04-29 17:15:00+00:00,CASH3.SA,3.9800000190734863,4.0,3.9700000286102295,3.990000009536743,16000
2026-04-29 17:20:00+00:00,CASH3.SA,4.0,4.010000228881836,3.990000009536743,4.0,6000
2026-04-29 17:25:00+00:00,CASH3.SA,4.010000228881836,4.010000228881836,4.0,4.010000228881836,3200
2026-04-29 17:30:00+00:00,CASH3.SA,4.010000228881836,4.010000228881836,4.0,4.0,15500
2026-04-29 17:35:00+00:00,CASH3.SA,4.010000228881836,4.019999980926514,4.0,4.010000228881836,21900
2026-04-29 17:40:00+00:00,CASH3.SA,4.019999980926514,4.03000020980835,4.010000228881836,4.03000020980835,15800
2026-04-29 17:45:00+00:00,CASH3.SA,4.03000020980835,4.039999961853027,4.019999980926514,4.03000020980835,5800
2026-04-29 17:50:00+00:00,CASH3.SA,4.039999961853027,4.070000171661377,4.03000020980835,4.059999942779541,156000
2026-04-29 17:55:00+00:00,CASH3.SA,4.059999942779541,4.070000171661377,4.050000190734863,4.070000171661377,7900
2026-04-29 18:00:00+00:00,CASH3.SA,4.070000171661377,4.079999923706055,4.050000190734863,4.070000171661377,22900
2026-04-29 18:05:00+00:00,CASH3.SA,4.070000171661377,4.070000171661377,4.039999961853027,4.050000190734863,17700
2026-04-29 18:10:00+00:00,CASH3.SA,4.050000190734863,4.050000190734863,4.019999980926514,4.039999961853027,28100
2026-04-29 18:15:00+00:00,CASH3.SA,4.039999961853027,4.059999942779541,4.03000020980835,4.059999942779541,26300
2026-04-29 18:20:00+00:00,CASH3.SA,4.059999942779541,4.059999942779541,4.050000190734863,4.059999942779541,5700
2026-04-29 18:25:00+00:00,CASH3.SA,4.050000190734863,4.059999942779541,4.050000190734863,4.059999942779541,10100
2026-04-29 18:30:00+00:00,CASH3.SA,4.059999942779541,4.059999942779541,4.03000020980835,4.050000190734863,32700
2026-04-29 18:35:00+00:00,CASH3.SA,4.050000190734863,4.070000171661377,4.039999961853027,4.059999942779541,21700
2026-04-29 18:40:00+00:00,CASH3.SA,4.059999942779541,4.059999942779541,4.03000020980835,4.03000020980835,15400
2026-04-29 18:45:00+00:00,CASH3.SA,4.039999961853027,4.039999961853027,4.03000020980835,4.03000020980835,12200
2026-04-29 18:50:00+00:00,CASH3.SA,4.039999961853027,4.050000190734863,4.03000020980835,4.039999961853027,20800
2026-04-29 18:55:00+00:00,CASH3.SA,4.039999961853027,4.050000190734863,4.039999961853027,4.050000190734863,8000
2026-04-29 19:00:00+00:00,CASH3.SA,4.039999961853027,4.050000190734863,4.03000020980835,4.039999961853027,8400
2026-04-29 19:05:00+00:00,CASH3.SA,4.039999961853027,4.039999961853027,4.03000020980835,4.039999961853027,6800
2026-04-29 19:10:00+00:00,CASH3.SA,4.039999961853027,4.039999961853027,4.019999980926514,4.039999961853027,21600
2026-04-29 19:15:00+00:00,CASH3.SA,4.050000190734863,4.050000190734863,4.039999961853027,4.050000190734863,12100
2026-04-29 19:20:00+00:00,CASH3.SA,4.050000190734863,4.050000190734863,4.03000020980835,4.03000020980835,28600
2026-04-29 19:25:00+00:00,CASH3.SA,4.03000020980835,4.039999961853027,4.03000020980835,4.039999961853027,7600
2026-04-29 19:30:00+00:00,CASH3.SA,4.03000020980835,4.039999961853027,4.03000020980835,4.03000020980835,24700
2026-04-29 19:35:00+00:00,CASH3.SA,4.03000020980835,4.050000190734863,4.03000020980835,4.050000190734863,12100
2026-04-29 19:40:00+00:00,CASH3.SA,4.039999961853027,4.050000190734863,4.03000020980835,4.039999961853027,20500
2026-04-29 19:45:00+00:00,CASH3.SA,4.050000190734863,4.050000190734863,4.03000020980835,4.03000020980835,46700
2026-04-29 19:50:00+00:00,CASH3.SA,4.039999961853027,4.039999961853027,4.019999980926514,4.039999961853027,34100
2026-04-30 13:10:00+00:00,CASH3.SA,4.099999904632568,4.099999904632568,4.050000190734863,4.079999923706055,13800
2026-04-30 13:15:00+00:00,CASH3.SA,4.079999923706055,4.130000114440918,4.059999942779541,4.130000114440918,10500
2026-04-30 13:20:00+00:00,CASH3.SA,4.119999885559082,4.139999866485596,4.119999885559082,4.130000114440918,5800
2026-04-30 13:25:00+00:00,CASH3.SA,4.119999885559082,4.139999866485596,4.119999885559082,4.139999866485596,10500
2026-04-30 13:30:00+00:00,CASH3.SA,4.119999885559082,4.159999847412109,4.119999885559082,4.159999847412109,8100
2026-04-30 13:35:00+00:00,CASH3.SA,4.139999866485596,4.150000095367432,4.119999885559082,4.119999885559082,18300
2026-04-30 13:40:00+00:00,CASH3.SA,4.119999885559082,4.130000114440918,4.119999885559082,4.130000114440918,1900
2026-04-30 13:45:00+00:00,CASH3.SA,4.130000114440918,4.150000095367432,4.119999885559082,4.150000095367432,32600
2026-04-30 13:50:00+00:00,CASH3.SA,4.139999866485596,4.159999847412109,4.130000114440918,4.150000095367432,20600
2026-04-30 13:55:00+00:00,CASH3.SA,4.150000095367432,4.159999847412109,4.139999866485596,4.159999847412109,9200
2026-04-30 14:00:00+00:00,CASH3.SA,4.139999866485596,4.139999866485596,4.099999904632568,4.099999904632568,15000
2026-04-30 14:05:00+00:00,CASH3.SA,4.090000152587891,4.110000133514404,4.090000152587891,4.090000152587891,15600
2026-04-30 14:10:00+00:00,CASH3.SA,4.090000152587891,4.119999885559082,4.090000152587891,4.119999885559082,13000
2026-04-30 14:15:00+00:00,CASH3.SA,4.119999885559082,4.130000114440918,4.110000133514404,4.110000133514404,10500
2026-04-30 14:20:00+00:00,CASH3.SA,4.119999885559082,4.119999885559082,4.110000133514404,4.110000133514404,3200
2026-04-30 14:25:00+00:00,CASH3.SA,4.110000133514404,4.119999885559082,4.099999904632568,4.099999904632568,4000
2026-04-30 14:30:00+00:00,CASH3.SA,4.099999904632568,4.119999885559082,4.090000152587891,4.099999904632568,7300
2026-04-30 14:35:00+00:00,CASH3.SA,4.090000152587891,4.110000133514404,4.070000171661377,4.070000171661377,19700
2026-04-30 14:40:00+00:00,CASH3.SA,4.070000171661377,4.079999923706055,4.059999942779541,4.070000171661377,10100
2026-04-30 14:45:00+00:00,CASH3.SA,4.070000171661377,4.110000133514404,4.070000171661377,4.110000133514404,20700
2026-04-30 14:50:00+00:00,CASH3.SA,4.099999904632568,4.110000133514404,4.099999904632568,4.110000133514404,2300
2026-04-30 14:55:00+00:00,CASH3.SA,4.110000133514404,4.110000133514404,4.099999904632568,4.110000133514404,3100
2026-04-30 15:00:00+00:00,CASH3.SA,4.110000133514404,4.110000133514404,4.099999904632568,4.099999904632568,1500
2026-04-30 15:05:00+00:00,CASH3.SA,4.110000133514404,4.119999885559082,4.099999904632568,4.119999885559082,4200
2026-04-30 15:10:00+00:00,CASH3.SA,4.119999885559082,4.119999885559082,4.110000133514404,4.119999885559082,4300
2026-04-30 15:15:00+00:00,CASH3.SA,4.119999885559082,4.130000114440918,4.110000133514404,4.119999885559082,11600
2026-04-30 15:20:00+00:00,CASH3.SA,4.139999866485596,4.139999866485596,4.119999885559082,4.130000114440918,5100
2026-04-30 15:25:00+00:00,CASH3.SA,4.139999866485596,4.150000095367432,4.130000114440918,4.150000095367432,5400
2026-04-30 15:30:00+00:00,CASH3.SA,4.150000095367432,4.150000095367432,4.139999866485596,4.150000095367432,5000
2026-04-30 15:35:00+00:00,CASH3.SA,4.150000095367432,4.150000095367432,4.130000114440918,4.139999866485596,3600
2026-04-30 15:40:00+00:00,CASH3.SA,4.139999866485596,4.150000095367432,4.130000114440918,4.139999866485596,3300
2026-04-30 15:45:00+00:00,CASH3.SA,4.150000095367432,4.150000095367432,4.130000114440918,4.139999866485596,4200
2026-04-30 15:50:00+00:00,CASH3.SA,4.139999866485596,4.150000095367432,4.139999866485596,4.150000095367432,3100
2026-04-30 15:55:00+00:00,CASH3.SA,4.150000095367432,4.150000095367432,4.139999866485596,4.150000095367432,6100
2026-04-30 16:00:00+00:00,CASH3.SA,4.150000095367432,4.150000095367432,4.130000114440918,4.150000095367432,6900
2026-04-30 16:05:00+00:00,CASH3.SA,4.150000095367432,4.159999847412109,4.139999866485596,4.150000095367432,5900
2026-04-30 16:10:00+00:00,CASH3.SA,4.150000095367432,4.150000095367432,4.139999866485596,4.139999866485596,3900
2026-04-30 16:15:00+00:00,CASH3.SA,4.150000095367432,4.150000095367432,4.130000114440918,4.130000114440918,8600
2026-04-30 16:20:00+00:00,CASH3.SA,4.139999866485596,4.139999866485596,4.130000114440918,4.139999866485596,2500
2026-04-30 16:25:00+00:00,CASH3.SA,4.139999866485596,4.150000095367432,4.130000114440918,4.150000095367432,5000
2026-04-30 16:30:00+00:00,CASH3.SA,4.150000095367432,4.150000095367432,4.139999866485596,4.150000095367432,2200
2026-04-30 16:35:00+00:00,CASH3.SA,4.150000095367432,4.159999847412109,4.139999866485596,4.150000095367432,5000
2026-04-30 16:40:00+00:00,CASH3.SA,4.139999866485596,4.159999847412109,4.130000114440918,4.139999866485596,11200
2026-04-30 16:45:00+00:00,CASH3.SA,4.130000114440918,4.139999866485596,4.130000114440918,4.130000114440918,4100
2026-04-30 16:50:00+00:00,CASH3.SA,4.139999866485596,4.150000095367432,4.130000114440918,4.139999866485596,32400
2026-04-30 16:55:00+00:00,CASH3.SA,4.139999866485596,4.150000095367432,4.130000114440918,4.150000095367432,6700
2026-04-30 17:00:00+00:00,CASH3.SA,4.150000095367432,4.159999847412109,4.139999866485596,4.150000095367432,9300
2026-04-30 17:05:00+00:00,CASH3.SA,4.159999847412109,4.159999847412109,4.150000095367432,4.150000095367432,3000
2026-04-30 17:10:00+00:00,CASH3.SA,4.150000095367432,4.159999847412109,4.150000095367432,4.150000095367432,4000
2026-04-30 17:15:00+00:00,CASH3.SA,4.150000095367432,4.150000095367432,4.139999866485596,4.150000095367432,6100
2026-04-30 17:20:00+00:00,CASH3.SA,4.150000095367432,4.150000095367432,4.139999866485596,4.139999866485596,5000
2026-04-30 17:25:00+00:00,CASH3.SA,4.150000095367432,4.150000095367432,4.139999866485596,4.150000095367432,6300
2026-04-30 17:30:00+00:00,CASH3.SA,4.150000095367432,4.159999847412109,4.150000095367432,4.150000095367432,4100
2026-04-30 17:35:00+00:00,CASH3.SA,4.150000095367432,4.159999847412109,4.150000095367432,4.150000095367432,2400
2026-04-30 17:40:00+00:00,CASH3.SA,4.150000095367432,4.159999847412109,4.139999866485596,4.139999866485596,3900
2026-04-30 17:45:00+00:00,CASH3.SA,4.150000095367432,4.150000095367432,4.139999866485596,4.150000095367432,4200
2026-04-30 17:50:00+00:00,CASH3.SA,4.139999866485596,4.150000095367432,4.139999866485596,4.150000095367432,4900
2026-04-30 17:55:00+00:00,CASH3.SA,4.150000095367432,4.159999847412109,4.139999866485596,4.159999847412109,5200
2026-04-30 18:00:00+00:00,CASH3.SA,4.150000095367432,4.170000076293945,4.150000095367432,4.170000076293945,2400
2026-04-30 18:05:00+00:00,CASH3.SA,4.159999847412109,4.170000076293945,4.150000095367432,4.150000095367432,6200
2026-04-30 18:10:00+00:00,CASH3.SA,4.150000095367432,4.159999847412109,4.150000095367432,4.159999847412109,5100
2026-04-30 18:15:00+00:00,CASH3.SA,4.159999847412109,4.159999847412109,4.150000095367432,4.150000095367432,3900
2026-04-30 18:20:00+00:00,CASH3.SA,4.150000095367432,4.159999847412109,4.139999866485596,4.139999866485596,7400
2026-04-30 18:25:00+00:00,CASH3.SA,4.150000095367432,4.159999847412109,4.150000095367432,4.150000095367432,2300
2026-04-30 18:30:00+00:00,CASH3.SA,4.159999847412109,4.159999847412109,4.130000114440918,4.130000114440918,21400
2026-04-30 18:35:00+00:00,CASH3.SA,4.150000095367432,4.150000095367432,4.130000114440918,4.150000095367432,7100
2026-04-30 18:40:00+00:00,CASH3.SA,4.150000095367432,4.150000095367432,4.139999866485596,4.139999866485596,7400
2026-04-30 18:45:00+00:00,CASH3.SA,4.150000095367432,4.150000095367432,4.139999866485596,4.150000095367432,6000
2026-04-30 18:50:00+00:00,CASH3.SA,4.150000095367432,4.150000095367432,4.139999866485596,4.139999866485596,3900
2026-04-30 18:55:00+00:00,CASH3.SA,4.150000095367432,4.150000095367432,4.130000114440918,4.130000114440918,6000
2026-04-30 19:00:00+00:00,CASH3.SA,4.139999866485596,4.139999866485596,4.130000114440918,4.130000114440918,5100
2026-04-30 19:05:00+00:00,CASH3.SA,4.139999866485596,4.139999866485596,4.130000114440918,4.130000114440918,5200
2026-04-30 19:10:00+00:00,CASH3.SA,4.139999866485596,4.139999866485596,4.119999885559082,4.119999885559082,5800
2026-04-30 19:15:00+00:00,CASH3.SA,4.130000114440918,4.150000095367432,4.119999885559082,4.139999866485596,32800
2026-04-30 19:20:00+00:00,CASH3.SA,4.150000095367432,4.150000095367432,4.130000114440918,4.139999866485596,9300
2026-04-30 19:25:00+00:00,CASH3.SA,4.139999866485596,4.150000095367432,4.130000114440918,4.139999866485596,3600
2026-04-30 19:30:00+00:00,CASH3.SA,4.150000095367432,4.150000095367432,4.130000114440918,4.130000114440918,7700
2026-04-30 19:35:00+00:00,CASH3.SA,4.139999866485596,4.139999866485596,4.130000114440918,4.139999866485596,3400
2026-04-30 19:40:00+00:00,CASH3.SA,4.130000114440918,4.139999866485596,4.130000114440918,4.139999866485596,2800
2026-04-30 19:45:00+00:00,CASH3.SA,4.139999866485596,4.139999866485596,4.130000114440918,4.139999866485596,12600
2026-05-04 13:00:00+00:00,CASH3.SA,4.159999847412109,4.21999979019165,4.159999847412109,4.210000038146973,0
2026-05-04 13:05:00+00:00,CASH3.SA,4.230000019073486,4.230000019073486,4.199999809265137,4.21999979019165,12100
2026-05-04 13:10:00+00:00,CASH3.SA,4.21999979019165,4.230000019073486,4.199999809265137,4.210000038146973,46500
2026-05-04 13:15:00+00:00,CASH3.SA,4.210000038146973,4.340000152587891,4.199999809265137,4.329999923706055,66000
2026-05-04 13:20:00+00:00,CASH3.SA,4.329999923706055,4.349999904632568,4.320000171661377,4.340000152587891,42300
2026-05-04 13:25:00+00:00,CASH3.SA,4.340000152587891,4.349999904632568,4.309999942779541,4.320000171661377,16700
2026-05-04 13:30:00+00:00,CASH3.SA,4.320000171661377,4.340000152587891,4.300000190734863,4.340000152587891,54800
2026-05-04 13:35:00+00:00,CASH3.SA,4.329999923706055,4.340000152587891,4.329999923706055,4.340000152587891,7300
2026-05-04 13:40:00+00:00,CASH3.SA,4.340000152587891,4.349999904632568,4.289999961853027,4.320000171661377,39300
2026-05-04 13:45:00+00:00,CASH3.SA,4.320000171661377,4.340000152587891,4.309999942779541,4.320000171661377,21900
2026-05-04 13:50:00+00:00,CASH3.SA,4.320000171661377,4.329999923706055,4.300000190734863,4.300000190734863,4700
2026-05-04 13:55:00+00:00,CASH3.SA,4.309999942779541,4.309999942779541,4.260000228881836,4.260000228881836,12500
2026-05-04 14:00:00+00:00,CASH3.SA,4.260000228881836,4.28000020980835,4.239999771118164,4.25,10900
2026-05-04 14:05:00+00:00,CASH3.SA,4.239999771118164,4.260000228881836,4.239999771118164,4.260000228881836,10600
2026-05-04 14:10:00+00:00,CASH3.SA,4.25,4.269999980926514,4.25,4.269999980926514,13500
2026-05-04 14:15:00+00:00,CASH3.SA,4.269999980926514,4.269999980926514,4.260000228881836,4.269999980926514,4600
2026-05-04 14:20:00+00:00,CASH3.SA,4.269999980926514,4.289999961853027,4.269999980926514,4.289999961853027,28000
2026-05-04 14:25:00+00:00,CASH3.SA,4.289999961853027,4.289999961853027,4.28000020980835,4.28000020980835,54500
2026-05-04 14:30:00+00:00,CASH3.SA,4.28000020980835,4.289999961853027,4.28000020980835,4.289999961853027,6900
2026-05-04 14:35:00+00:00,CASH3.SA,4.289999961853027,4.289999961853027,4.28000020980835,4.289999961853027,6600
2026-05-04 14:40:00+00:00,CASH3.SA,4.28000020980835,4.289999961853027,4.269999980926514,4.269999980926514,122200
2026-05-04 14:45:00+00:00,CASH3.SA,4.269999980926514,4.28000020980835,4.269999980926514,4.28000020980835,6800
2026-05-04 14:50:00+00:00,CASH3.SA,4.269999980926514,4.28000020980835,4.269999980926514,4.269999980926514,3800
2026-05-04 14:55:00+00:00,CASH3.SA,4.269999980926514,4.28000020980835,4.25,4.25,17000
2026-05-04 15:00:00+00:00,CASH3.SA,4.260000228881836,4.260000228881836,4.239999771118164,4.25,10500
2026-05-04 15:05:00+00:00,CASH3.SA,4.25,4.25,4.239999771118164,4.25,3200
2026-05-04 15:10:00+00:00,CASH3.SA,4.239999771118164,4.25,4.239999771118164,4.239999771118164,4300
2026-05-04 15:15:00+00:00,CASH3.SA,4.25,4.25,4.21999979019165,4.21999979019165,41900
2026-05-04 15:20:00+00:00,CASH3.SA,4.21999979019165,4.230000019073486,4.199999809265137,4.21999979019165,10100
2026-05-04 15:25:00+00:00,CASH3.SA,4.21999979019165,4.25,4.21999979019165,4.239999771118164,7900
2026-05-04 15:30:00+00:00,CASH3.SA,4.239999771118164,4.239999771118164,4.210000038146973,4.230000019073486,30900
2026-05-04 15:35:00+00:00,CASH3.SA,4.21999979019165,4.230000019073486,4.21999979019165,4.21999979019165,6800
2026-05-04 15:40:00+00:00,CASH3.SA,4.21999979019165,4.21999979019165,4.21999979019165,4.21999979019165,2900
2026-05-04 15:45:00+00:00,CASH3.SA,4.21999979019165,4.21999979019165,4.199999809265137,4.199999809265137,12300
2026-05-04 15:50:00+00:00,CASH3.SA,4.190000057220459,4.210000038146973,4.190000057220459,4.210000038146973,9000
2026-05-04 15:55:00+00:00,CASH3.SA,4.210000038146973,4.210000038146973,4.210000038146973,4.210000038146973,1400
2026-05-04 16:00:00+00:00,CASH3.SA,4.210000038146973,4.210000038146973,4.199999809265137,4.199999809265137,1900
2026-05-04 16:05:00+00:00,CASH3.SA,4.210000038146973,4.210000038146973,4.190000057220459,4.190000057220459,30600
2026-05-04 16:10:00+00:00,CASH3.SA,4.199999809265137,4.210000038146973,4.199999809265137,4.210000038146973,11200
2026-05-04 16:15:00+00:00,CASH3.SA,4.210000038146973,4.21999979019165,4.190000057220459,4.21999979019165,8400
2026-05-04 16:20:00+00:00,CASH3.SA,4.21999979019165,4.230000019073486,4.210000038146973,4.21999979019165,9900
2026-05-04 16:25:00+00:00,CASH3.SA,4.21999979019165,4.21999979019165,4.210000038146973,4.21999979019165,3200
2026-05-04 16:30:00+00:00,CASH3.SA,4.210000038146973,4.21999979019165,4.190000057220459,4.210000038146973,18000
2026-05-04 16:35:00+00:00,CASH3.SA,4.210000038146973,4.239999771118164,4.199999809265137,4.21999979019165,17600
2026-05-04 16:40:00+00:00,CASH3.SA,4.21999979019165,4.21999979019165,4.210000038146973,4.21999979019165,2100
2026-05-04 16:45:00+00:00,CASH3.SA,4.210000038146973,4.21999979019165,4.210000038146973,4.21999979019165,2200
2026-05-04 16:50:00+00:00,CASH3.SA,4.210000038146973,4.21999979019165,4.199999809265137,4.210000038146973,11700
2026-05-04 16:55:00+00:00,CASH3.SA,4.210000038146973,4.210000038146973,4.199999809265137,4.199999809265137,4200
2026-05-04 17:00:00+00:00,CASH3.SA,4.210000038146973,4.21999979019165,4.199999809265137,4.21999979019165,4800
2026-05-04 17:05:00+00:00,CASH3.SA,4.21999979019165,4.21999979019165,4.210000038146973,4.210000038146973,2500
2026-05-04 17:10:00+00:00,CASH3.SA,4.210000038146973,4.21999979019165,4.210000038146973,4.21999979019165,5300
2026-05-04 17:15:00+00:00,CASH3.SA,4.21999979019165,4.230000019073486,4.199999809265137,4.21999979019165,7900
2026-05-04 17:20:00+00:00,CASH3.SA,4.230000019073486,4.239999771118164,4.230000019073486,4.239999771118164,7600
2026-05-04 17:25:00+00:00,CASH3.SA,4.230000019073486,4.239999771118164,4.21999979019165,4.230000019073486,11900
2026-05-04 17:30:00+00:00,CASH3.SA,4.239999771118164,4.239999771118164,4.21999979019165,4.239999771118164,11300
2026-05-04 17:35:00+00:00,CASH3.SA,4.239999771118164,4.25,4.230000019073486,4.25,26700
2026-05-04 17:40:00+00:00,CASH3.SA,4.25,4.25,4.239999771118164,4.25,2200
2026-05-04 17:45:00+00:00,CASH3.SA,4.25,4.260000228881836,4.239999771118164,4.25,16400
2026-05-04 17:50:00+00:00,CASH3.SA,4.260000228881836,4.269999980926514,4.25,4.260000228881836,5500
2026-05-04 17:55:00+00:00,CASH3.SA,4.269999980926514,4.269999980926514,4.260000228881836,4.269999980926514,4000
2026-05-04 18:00:00+00:00,CASH3.SA,4.269999980926514,4.269999980926514,4.260000228881836,4.260000228881836,2700
2026-05-04 18:05:00+00:00,CASH3.SA,4.269999980926514,4.28000020980835,4.260000228881836,4.28000020980835,12700
2026-05-04 18:10:00+00:00,CASH3.SA,4.28000020980835,4.28000020980835,4.260000228881836,4.28000020980835,9700
2026-05-04 18:15:00+00:00,CASH3.SA,4.269999980926514,4.28000020980835,4.269999980926514,4.269999980926514,13900
2026-05-04 18:20:00+00:00,CASH3.SA,4.28000020980835,4.28000020980835,4.269999980926514,4.269999980926514,4900
2026-05-04 18:25:00+00:00,CASH3.SA,4.28000020980835,4.28000020980835,4.260000228881836,4.28000020980835,11800
2026-05-04 18:30:00+00:00,CASH3.SA,4.28000020980835,4.289999961853027,4.28000020980835,4.289999961853027,24300
2026-05-04 18:35:00+00:00,CASH3.SA,4.289999961853027,4.289999961853027,4.28000020980835,4.289999961853027,4000
2026-05-04 18:40:00+00:00,CASH3.SA,4.28000020980835,4.289999961853027,4.28000020980835,4.289999961853027,8300
2026-05-04 18:45:00+00:00,CASH3.SA,4.28000020980835,4.289999961853027,4.269999980926514,4.289999961853027,4900
2026-05-04 18:50:00+00:00,CASH3.SA,4.28000020980835,4.289999961853027,4.269999980926514,4.289999961853027,5900
2026-05-04 18:55:00+00:00,CASH3.SA,4.28000020980835,4.289999961853027,4.28000020980835,4.289999961853027,3500
2026-05-04 19:00:00+00:00,CASH3.SA,4.28000020980835,4.289999961853027,4.28000020980835,4.28000020980835,20800
2026-05-04 19:05:00+00:00,CASH3.SA,4.269999980926514,4.300000190734863,4.269999980926514,4.300000190734863,7500
2026-05-04 19:10:00+00:00,CASH3.SA,4.289999961853027,4.340000152587891,4.289999961853027,4.320000171661377,27000
2026-05-04 19:15:00+00:00,CASH3.SA,4.329999923706055,4.340000152587891,4.320000171661377,4.329999923706055,14400
2026-05-04 19:20:00+00:00,CASH3.SA,4.320000171661377,4.329999923706055,4.320000171661377,4.329999923706055,4100
2026-05-04 19:25:00+00:00,CASH3.SA,4.320000171661377,4.329999923706055,4.320000171661377,4.320000171661377,4500
2026-05-04 19:30:00+00:00,CASH3.SA,4.320000171661377,4.329999923706055,4.309999942779541,4.329999923706055,10900
2026-05-04 19:35:00+00:00,CASH3.SA,4.329999923706055,4.329999923706055,4.309999942779541,4.309999942779541,21900
2026-05-04 19:40:00+00:00,CASH3.SA,4.309999942779541,4.329999923706055,4.309999942779541,4.320000171661377,17700
2026-05-04 19:45:00+00:00,CASH3.SA,4.329999923706055,4.329999923706055,4.320000171661377,4.320000171661377,9600
2026-05-04 19:50:00+00:00,CASH3.SA,4.329999923706055,4.329999923706055,4.300000190734863,4.329999923706055,31800
2026-05-05 13:00:00+00:00,CASH3.SA,4.389999866485596,4.400000095367432,4.349999904632568,4.400000095367432,0
2026-05-05 13:05:00+00:00,CASH3.SA,4.389999866485596,4.420000076293945,4.389999866485596,4.420000076293945,93500
2026-05-05 13:10:00+00:00,CASH3.SA,4.420000076293945,4.429999828338623,4.400000095367432,4.400000095367432,22900
2026-05-05 13:15:00+00:00,CASH3.SA,4.400000095367432,4.409999847412109,4.360000133514404,4.389999866485596,35800
2026-05-05 13:20:00+00:00,CASH3.SA,4.389999866485596,4.400000095367432,4.380000114440918,4.400000095367432,22100
2026-05-05 13:25:00+00:00,CASH3.SA,4.389999866485596,4.420000076293945,4.389999866485596,4.420000076293945,10800
2026-05-05 13:30:00+00:00,CASH3.SA,4.409999847412109,4.440000057220459,4.389999866485596,4.420000076293945,31800
2026-05-05 13:35:00+00:00,CASH3.SA,4.420000076293945,4.460000038146973,4.409999847412109,4.449999809265137,31900
2026-05-05 13:40:00+00:00,CASH3.SA,4.449999809265137,4.489999771118164,4.449999809265137,4.489999771118164,42400
2026-05-05 13:45:00+00:00,CASH3.SA,4.489999771118164,4.539999961853027,4.480000019073486,4.53000020980835,88700
2026-05-05 13:50:00+00:00,CASH3.SA,4.539999961853027,4.539999961853027,4.5,4.5,329200
2026-05-05 13:55:00+00:00,CASH3.SA,4.489999771118164,4.519999980926514,4.46999979019165,4.510000228881836,31200
2026-05-05 14:00:00+00:00,CASH3.SA,4.5,4.510000228881836,4.449999809265137,4.480000019073486,27900
2026-05-05 14:05:00+00:00,CASH3.SA,4.46999979019165,4.480000019073486,4.460000038146973,4.46999979019165,11400
2026-05-05 14:10:00+00:00,CASH3.SA,4.460000038146973,4.480000019073486,4.440000057220459,4.440000057220459,23100
2026-05-05 14:15:00+00:00,CASH3.SA,4.440000057220459,4.449999809265137,4.420000076293945,4.429999828338623,24800
2026-05-05 14:20:00+00:00,CASH3.SA,4.420000076293945,4.440000057220459,4.420000076293945,4.440000057220459,14100
2026-05-05 14:25:00+00:00,CASH3.SA,4.429999828338623,4.460000038146973,4.429999828338623,4.460000038146973,11400
2026-05-05 14:30:00+00:00,CASH3.SA,4.449999809265137,4.480000019073486,4.449999809265137,4.480000019073486,19300
2026-05-05 14:35:00+00:00,CASH3.SA,4.46999979019165,4.489999771118164,4.46999979019165,4.489999771118164,11200
2026-05-05 14:40:00+00:00,CASH3.SA,4.480000019073486,4.5,4.480000019073486,4.5,11500
2026-05-05 14:45:00+00:00,CASH3.SA,4.5,4.5,4.489999771118164,4.5,16300
2026-05-05 14:50:00+00:00,CASH3.SA,4.489999771118164,4.510000228881836,4.489999771118164,4.510000228881836,20600
2026-05-05 14:55:00+00:00,CASH3.SA,4.5,4.519999980926514,4.5,4.519999980926514,9900
2026-05-05 15:00:00+00:00,CASH3.SA,4.510000228881836,4.53000020980835,4.510000228881836,4.519999980926514,19600
2026-05-05 15:05:00+00:00,CASH3.SA,4.510000228881836,4.519999980926514,4.510000228881836,4.519999980926514,7200
2026-05-05 15:10:00+00:00,CASH3.SA,4.510000228881836,4.519999980926514,4.510000228881836,4.519999980926514,10600
2026-05-05 15:15:00+00:00,CASH3.SA,4.510000228881836,4.53000020980835,4.510000228881836,4.53000020980835,8600
2026-05-05 15:20:00+00:00,CASH3.SA,4.519999980926514,4.53000020980835,4.519999980926514,4.53000020980835,7800
2026-05-05 15:25:00+00:00,CASH3.SA,4.519999980926514,4.53000020980835,4.510000228881836,4.510000228881836,19500
2026-05-05 15:30:00+00:00,CASH3.SA,4.510000228881836,4.539999961853027,4.510000228881836,4.53000020980835,17900
2026-05-05 15:35:00+00:00,CASH3.SA,4.519999980926514,4.550000190734863,4.519999980926514,4.550000190734863,31200
2026-05-05 15:40:00+00:00,CASH3.SA,4.550000190734863,4.570000171661377,4.539999961853027,4.570000171661377,53300
2026-05-05 15:45:00+00:00,CASH3.SA,4.570000171661377,4.579999923706055,4.559999942779541,4.559999942779541,26100
2026-05-05 15:50:00+00:00,CASH3.SA,4.550000190734863,4.559999942779541,4.519999980926514,4.53000020980835,19100
2026-05-05 15:55:00+00:00,CASH3.SA,4.519999980926514,4.53000020980835,4.5,4.53000020980835,42200
2026-05-05 16:00:00+00:00,CASH3.SA,4.519999980926514,4.53000020980835,4.510000228881836,4.53000020980835,8800
2026-05-05 16:05:00+00:00,CASH3.SA,4.519999980926514,4.53000020980835,4.519999980926514,4.519999980926514,9300
2026-05-05 16:10:00+00:00,CASH3.SA,4.519999980926514,4.53000020980835,4.5,4.519999980926514,40400
2026-05-05 16:15:00+00:00,CASH3.SA,4.510000228881836,4.519999980926514,4.489999771118164,4.5,26700
2026-05-05 16:20:00+00:00,CASH3.SA,4.489999771118164,4.5,4.489999771118164,4.5,10400
2026-05-05 16:25:00+00:00,CASH3.SA,4.489999771118164,4.5,4.480000019073486,4.480000019073486,11400
2026-05-05 16:30:00+00:00,CASH3.SA,4.480000019073486,4.489999771118164,4.449999809265137,4.460000038146973,76600
2026-05-05 16:35:00+00:00,CASH3.SA,4.460000038146973,4.460000038146973,4.449999809265137,4.460000038146973,16200
2026-05-05 16:40:00+00:00,CASH3.SA,4.460000038146973,4.460000038146973,4.449999809265137,4.460000038146973,10200
2026-05-05 16:45:00+00:00,CASH3.SA,4.449999809265137,4.460000038146973,4.429999828338623,4.449999809265137,31300
2026-05-05 16:50:00+00:00,CASH3.SA,4.449999809265137,4.449999809265137,4.409999847412109,4.420000076293945,14500
2026-05-05 16:55:00+00:00,CASH3.SA,4.409999847412109,4.420000076293945,4.409999847412109,4.420000076293945,15400
2026-05-05 17:00:00+00:00,CASH3.SA,4.409999847412109,4.420000076293945,4.400000095367432,4.409999847412109,16100
2026-05-05 17:05:00+00:00,CASH3.SA,4.400000095367432,4.409999847412109,4.400000095367432,4.400000095367432,10100
2026-05-05 17:10:00+00:00,CASH3.SA,4.389999866485596,4.389999866485596,4.360000133514404,4.389999866485596,32400
2026-05-05 17:15:00+00:00,CASH3.SA,4.380000114440918,4.389999866485596,4.360000133514404,4.369999885559082,10400
2026-05-05 17:20:00+00:00,CASH3.SA,4.369999885559082,4.380000114440918,4.360000133514404,4.380000114440918,9900
2026-05-05 17:25:00+00:00,CASH3.SA,4.369999885559082,4.380000114440918,4.360000133514404,4.369999885559082,11200
2026-05-05 17:30:00+00:00,CASH3.SA,4.360000133514404,4.369999885559082,4.360000133514404,4.369999885559082,7700
2026-05-05 17:35:00+00:00,CASH3.SA,4.360000133514404,4.369999885559082,4.349999904632568,4.360000133514404,28700
2026-05-05 17:40:00+00:00,CASH3.SA,4.360000133514404,4.360000133514404,4.340000152587891,4.340000152587891,12800
2026-05-05 17:45:00+00:00,CASH3.SA,4.340000152587891,4.369999885559082,4.340000152587891,4.369999885559082,21300
2026-05-05 17:50:00+00:00,CASH3.SA,4.360000133514404,4.369999885559082,4.349999904632568,4.360000133514404,11300
2026-05-05 17:55:00+00:00,CASH3.SA,4.360000133514404,4.360000133514404,4.329999923706055,4.349999904632568,16400
2026-05-05 18:00:00+00:00,CASH3.SA,4.340000152587891,4.360000133514404,4.340000152587891,4.349999904632568,11100
2026-05-05 18:05:00+00:00,CASH3.SA,4.360000133514404,4.360000133514404,4.349999904632568,4.360000133514404,10100
2026-05-05 18:10:00+00:00,CASH3.SA,4.360000133514404,4.380000114440918,4.349999904632568,4.380000114440918,9800
2026-05-05 18:15:00+00:00,CASH3.SA,4.380000114440918,4.380000114440918,4.369999885559082,4.380000114440918,7600
2026-05-05 18:20:00+00:00,CASH3.SA,4.380000114440918,4.380000114440918,4.369999885559082,4.380000114440918,8700
2026-05-05 18:25:00+00:00,CASH3.SA,4.369999885559082,4.389999866485596,4.369999885559082,4.369999885559082,24100
2026-05-05 18:30:00+00:00,CASH3.SA,4.369999885559082,4.369999885559082,4.360000133514404,4.369999885559082,9500
2026-05-05 18:35:00+00:00,CASH3.SA,4.360000133514404,4.369999885559082,4.349999904632568,4.360000133514404,17800
2026-05-05 18:40:00+00:00,CASH3.SA,4.349999904632568,4.369999885559082,4.349999904632568,4.369999885559082,12200
2026-05-05 18:45:00+00:00,CASH3.SA,4.360000133514404,4.380000114440918,4.360000133514404,4.369999885559082,8800
2026-05-05 18:50:00+00:00,CASH3.SA,4.369999885559082,4.380000114440918,4.369999885559082,4.380000114440918,9400
2026-05-05 18:55:00+00:00,CASH3.SA,4.369999885559082,4.389999866485596,4.369999885559082,4.380000114440918,11100
2026-05-05 19:00:00+00:00,CASH3.SA,4.369999885559082,4.380000114440918,4.360000133514404,4.360000133514404,10900
2026-05-05 19:05:00+00:00,CASH3.SA,4.369999885559082,4.369999885559082,4.360000133514404,4.369999885559082,7400
2026-05-05 19:10:00+00:00,CASH3.SA,4.360000133514404,4.369999885559082,4.349999904632568,4.360000133514404,12100
2026-05-05 19:15:00+00:00,CASH3.SA,4.349999904632568,4.360000133514404,4.349999904632568,4.349999904632568,8500
2026-05-05 19:20:00+00:00,CASH3.SA,4.349999904632568,4.360000133514404,4.349999904632568,4.360000133514404,7900
2026-05-05 19:25:00+00:00,CASH3.SA,4.349999904632568,4.360000133514404,4.340000152587891,4.360000133514404,16000
2026-05-05 19:30:00+00:00,CASH3.SA,4.349999904632568,4.360000133514404,4.340000152587891,4.349999904632568,12700
2026-05-05 19:35:00+00:00,CASH3.SA,4.340000152587891,4.349999904632568,4.320000171661377,4.329999923706055,25100
2026-05-05 19:40:00+00:00,CASH3.SA,4.320000171661377,4.329999923706055,4.309999942779541,4.320000171661377,30800
2026-05-05 19:45:00+00:00,CASH3.SA,4.329999923706055,4.329999923706055,4.309999942779541,4.329999923706055,14300
2026-05-05 19:50:00+00:00,CASH3.SA,4.320000171661377,4.380000114440918,4.309999942779541,4.380000114440918,62000
2026-05-06 13:00:00+00:00,CASH3.SA,4.449999809265137,4.449999809265137,4.420000076293945,4.420000076293945,0
2026-05-06 13:05:00+00:00,CASH3.SA,4.429999828338623,4.46999979019165,4.429999828338623,4.460000038146973,17500
2026-05-06 13:10:00+00:00,CASH3.SA,4.460000038146973,4.5,4.449999809265137,4.460000038146973,34300
2026-05-06 13:15:00+00:00,CASH3.SA,4.449999809265137,4.480000019073486,4.449999809265137,4.460000038146973,7900
2026-05-06 13:20:00+00:00,CASH3.SA,4.460000038146973,4.480000019073486,4.449999809265137,4.46999979019165,7500
2026-05-06 13:25:00+00:00,CASH3.SA,4.46999979019165,4.480000019073486,4.440000057220459,4.449999809265137,11000
2026-05-06 13:30:00+00:00,CASH3.SA,4.460000038146973,4.460000038146973,4.429999828338623,4.460000038146973,28000
2026-05-06 13:35:00+00:00,CASH3.SA,4.449999809265137,4.46999979019165,4.440000057220459,4.460000038146973,9800
2026-05-06 13:40:00+00:00,CASH3.SA,4.46999979019165,4.489999771118164,4.440000057220459,4.480000019073486,23100
2026-05-06 13:45:00+00:00,CASH3.SA,4.46999979019165,4.5,4.460000038146973,4.5,10300
2026-05-06 13:50:00+00:00,CASH3.SA,4.5,4.519999980926514,4.480000019073486,4.519999980926514,55700
2026-05-06 13:55:00+00:00,CASH3.SA,4.519999980926514,4.519999980926514,4.480000019073486,4.480000019073486,7000
2026-05-06 14:00:00+00:00,CASH3.SA,4.480000019073486,4.480000019073486,4.46999979019165,4.46999979019165,16700
2026-05-06 14:05:00+00:00,CASH3.SA,4.46999979019165,4.489999771118164,4.460000038146973,4.480000019073486,13300
2026-05-06 14:10:00+00:00,CASH3.SA,4.480000019073486,4.489999771118164,4.480000019073486,4.480000019073486,5300
2026-05-06 14:15:00+00:00,CASH3.SA,4.489999771118164,4.489999771118164,4.480000019073486,4.480000019073486,3000
2026-05-06 14:20:00+00:00,CASH3.SA,4.480000019073486,4.489999771118164,4.46999979019165,4.480000019073486,7900
2026-05-06 14:25:00+00:00,CASH3.SA,4.480000019073486,4.5,4.46999979019165,4.46999979019165,11700
2026-05-06 14:30:00+00:00,CASH3.SA,4.46999979019165,4.489999771118164,4.460000038146973,4.489999771118164,17400
2026-05-06 14:35:00+00:00,CASH3.SA,4.5,4.5,4.46999979019165,4.480000019073486,10400
2026-05-06 14:40:00+00:00,CASH3.SA,4.480000019073486,4.519999980926514,4.480000019073486,4.519999980926514,35600
2026-05-06 14:45:00+00:00,CASH3.SA,4.519999980926514,4.519999980926514,4.5,4.510000228881836,13900
2026-05-06 14:50:00+00:00,CASH3.SA,4.519999980926514,4.519999980926514,4.489999771118164,4.489999771118164,3600
2026-05-06 14:55:00+00:00,CASH3.SA,4.489999771118164,4.510000228881836,4.489999771118164,4.5,16000
2026-05-06 15:00:00+00:00,CASH3.SA,4.5,4.5,4.489999771118164,4.489999771118164,1600
2026-05-06 15:05:00+00:00,CASH3.SA,4.5,4.5,4.480000019073486,4.489999771118164,4400
2026-05-06 15:10:00+00:00,CASH3.SA,4.480000019073486,4.5,4.480000019073486,4.489999771118164,22800
2026-05-06 15:15:00+00:00,CASH3.SA,4.5,4.519999980926514,4.489999771118164,4.489999771118164,15700
2026-05-06 15:20:00+00:00,CASH3.SA,4.480000019073486,4.5,4.480000019073486,4.489999771118164,7600
2026-05-06 15:25:00+00:00,CASH3.SA,4.480000019073486,4.489999771118164,4.480000019073486,4.480000019073486,3500
2026-05-06 15:30:00+00:00,CASH3.SA,4.480000019073486,4.489999771118164,4.480000019073486,4.480000019073486,800
2026-05-06 15:35:00+00:00,CASH3.SA,4.480000019073486,4.480000019073486,4.46999979019165,4.46999979019165,5600
2026-05-06 15:40:00+00:00,CASH3.SA,4.46999979019165,4.480000019073486,4.46999979019165,4.480000019073486,3400
2026-05-06 15:45:00+00:00,CASH3.SA,4.46999979019165,4.489999771118164,4.46999979019165,4.480000019073486,2300
2026-05-06 15:50:00+00:00,CASH3.SA,4.480000019073486,4.489999771118164,4.480000019073486,4.480000019073486,5600
2026-05-06 15:55:00+00:00,CASH3.SA,4.480000019073486,4.5,4.480000019073486,4.480000019073486,3700
2026-05-06 16:00:00+00:00,CASH3.SA,4.480000019073486,4.510000228881836,4.480000019073486,4.510000228881836,17800
2026-05-06 16:05:00+00:00,CASH3.SA,4.5,4.510000228881836,4.489999771118164,4.489999771118164,6500
2026-05-06 16:10:00+00:00,CASH3.SA,4.5,4.510000228881836,4.5,4.510000228881836,9900
2026-05-06 16:15:00+00:00,CASH3.SA,4.510000228881836,4.519999980926514,4.510000228881836,4.519999980926514,2600
2026-05-06 16:20:00+00:00,CASH3.SA,4.510000228881836,4.519999980926514,4.510000228881836,4.510000228881836,1400
2026-05-06 16:25:00+00:00,CASH3.SA,4.510000228881836,4.519999980926514,4.510000228881836,4.519999980926514,1600
2026-05-06 16:30:00+00:00,CASH3.SA,4.510000228881836,4.550000190734863,4.510000228881836,4.53000020980835,57900
2026-05-06 16:35:00+00:00,CASH3.SA,4.53000020980835,4.539999961853027,4.519999980926514,4.53000020980835,19000
2026-05-06 16:40:00+00:00,CASH3.SA,4.53000020980835,4.550000190734863,4.53000020980835,4.539999961853027,5900
2026-05-06 16:45:00+00:00,CASH3.SA,4.550000190734863,4.550000190734863,4.539999961853027,4.539999961853027,2000
2026-05-06 16:50:00+00:00,CASH3.SA,4.539999961853027,4.550000190734863,4.53000020980835,4.53000020980835,18300
2026-05-06 16:55:00+00:00,CASH3.SA,4.539999961853027,4.539999961853027,4.53000020980835,4.53000020980835,4400
2026-05-06 17:00:00+00:00,CASH3.SA,4.539999961853027,4.550000190734863,4.53000020980835,4.539999961853027,1300
2026-05-06 17:05:00+00:00,CASH3.SA,4.539999961853027,4.559999942779541,4.539999961853027,4.550000190734863,16100
2026-05-06 17:10:00+00:00,CASH3.SA,4.559999942779541,4.559999942779541,4.539999961853027,4.539999961853027,2600
2026-05-06 17:15:00+00:00,CASH3.SA,4.539999961853027,4.550000190734863,4.53000020980835,4.539999961853027,3000
2026-05-06 17:20:00+00:00,CASH3.SA,4.53000020980835,4.539999961853027,4.5,4.510000228881836,37300
2026-05-06 17:25:00+00:00,CASH3.SA,4.510000228881836,4.519999980926514,4.5,4.510000228881836,9800
2026-05-06 17:30:00+00:00,CASH3.SA,4.510000228881836,4.519999980926514,4.5,4.5,3800
2026-05-06 17:35:00+00:00,CASH3.SA,4.510000228881836,4.519999980926514,4.5,4.510000228881836,2100
2026-05-06 17:40:00+00:00,CASH3.SA,4.510000228881836,4.519999980926514,4.510000228881836,4.510000228881836,1600
2026-05-06 17:45:00+00:00,CASH3.SA,4.519999980926514,4.519999980926514,4.510000228881836,4.510000228881836,9200
2026-05-06 17:50:00+00:00,CASH3.SA,4.510000228881836,4.519999980926514,4.510000228881836,4.510000228881836,5100
2026-05-06 17:55:00+00:00,CASH3.SA,4.510000228881836,4.519999980926514,4.5,4.5,14600
2026-05-06 18:00:00+00:00,CASH3.SA,4.5,4.510000228881836,4.5,4.5,3300
2026-05-06 18:05:00+00:00,CASH3.SA,4.5,4.53000020980835,4.5,4.5,12800
2026-05-06 18:10:00+00:00,CASH3.SA,4.5,4.510000228881836,4.5,4.5,4400
2026-05-06 18:15:00+00:00,CASH3.SA,4.5,4.510000228881836,4.5,4.510000228881836,3900
2026-05-06 18:20:00+00:00,CASH3.SA,4.5,4.510000228881836,4.489999771118164,4.489999771118164,3900
2026-05-06 18:25:00+00:00,CASH3.SA,4.489999771118164,4.519999980926514,4.489999771118164,4.489999771118164,15000
2026-05-06 18:30:00+00:00,CASH3.SA,4.489999771118164,4.5,4.489999771118164,4.489999771118164,4000
2026-05-06 18:35:00+00:00,CASH3.SA,4.489999771118164,4.5,4.480000019073486,4.480000019073486,10500
2026-05-06 18:40:00+00:00,CASH3.SA,4.480000019073486,4.489999771118164,4.480000019073486,4.480000019073486,3400
2026-05-06 18:45:00+00:00,CASH3.SA,4.480000019073486,4.480000019073486,4.460000038146973,4.46999979019165,8200
2026-05-06 18:50:00+00:00,CASH3.SA,4.46999979019165,4.480000019073486,4.460000038146973,4.460000038146973,4600
2026-05-06 18:55:00+00:00,CASH3.SA,4.460000038146973,4.480000019073486,4.460000038146973,4.460000038146973,4400
2026-05-06 19:00:00+00:00,CASH3.SA,4.460000038146973,4.46999979019165,4.449999809265137,4.449999809265137,10000
2026-05-06 19:05:00+00:00,CASH3.SA,4.449999809265137,4.46999979019165,4.449999809265137,4.449999809265137,4100
2026-05-06 19:10:00+00:00,CASH3.SA,4.449999809265137,4.460000038146973,4.440000057220459,4.440000057220459,5600
2026-05-06 19:15:00+00:00,CASH3.SA,4.440000057220459,4.460000038146973,4.440000057220459,4.440000057220459,6500
2026-05-06 19:20:00+00:00,CASH3.SA,4.440000057220459,4.460000038146973,4.440000057220459,4.440000057220459,6900
2026-05-06 19:25:00+00:00,CASH3.SA,4.440000057220459,4.449999809265137,4.429999828338623,4.429999828338623,6500
2026-05-06 19:30:00+00:00,CASH3.SA,4.429999828338623,4.440000057220459,4.429999828338623,4.440000057220459,4100
2026-05-06 19:35:00+00:00,CASH3.SA,4.429999828338623,4.5,4.429999828338623,4.489999771118164,84800
2026-05-06 19:40:00+00:00,CASH3.SA,4.489999771118164,4.5,4.489999771118164,4.489999771118164,7500
2026-05-06 19:45:00+00:00,CASH3.SA,4.5,4.510000228881836,4.489999771118164,4.510000228881836,28400
2026-05-06 19:50:00+00:00,CASH3.SA,4.510000228881836,4.539999961853027,4.5,4.539999961853027,42100
2026-05-07 13:00:00+00:00,CASH3.SA,4.489999771118164,4.519999980926514,4.489999771118164,4.519999980926514,0
2026-05-07 13:05:00+00:00,CASH3.SA,4.510000228881836,4.519999980926514,4.489999771118164,4.519999980926514,16000
2026-05-07 13:10:00+00:00,CASH3.SA,4.53000020980835,4.550000190734863,4.53000020980835,4.53000020980835,5300
2026-05-07 13:15:00+00:00,CASH3.SA,4.519999980926514,4.519999980926514,4.5,4.5,9900
2026-05-07 13:20:00+00:00,CASH3.SA,4.510000228881836,4.519999980926514,4.510000228881836,4.510000228881836,1900
2026-05-07 13:25:00+00:00,CASH3.SA,4.5,4.5,4.5,4.5,3700
2026-05-07 13:30:00+00:00,CASH3.SA,4.5,4.570000171661377,4.5,4.550000190734863,21600
2026-05-07 13:35:00+00:00,CASH3.SA,4.539999961853027,4.559999942779541,4.5,4.5,61800
2026-05-07 13:40:00+00:00,CASH3.SA,4.5,4.519999980926514,4.489999771118164,4.489999771118164,5800
2026-05-07 13:45:00+00:00,CASH3.SA,4.489999771118164,4.510000228881836,4.480000019073486,4.510000228881836,16300
2026-05-07 13:50:00+00:00,CASH3.SA,4.510000228881836,4.510000228881836,4.480000019073486,4.489999771118164,8200
2026-05-07 13:55:00+00:00,CASH3.SA,4.489999771118164,4.489999771118164,4.480000019073486,4.480000019073486,13800
2026-05-07 14:00:00+00:00,CASH3.SA,4.480000019073486,4.480000019073486,4.440000057220459,4.449999809265137,46000
2026-05-07 14:05:00+00:00,CASH3.SA,4.449999809265137,4.460000038146973,4.449999809265137,4.449999809265137,4800
2026-05-07 14:10:00+00:00,CASH3.SA,4.449999809265137,4.460000038146973,4.440000057220459,4.460000038146973,10100
2026-05-07 14:15:00+00:00,CASH3.SA,4.460000038146973,4.460000038146973,4.440000057220459,4.440000057220459,2800
2026-05-07 14:20:00+00:00,CASH3.SA,4.440000057220459,4.460000038146973,4.440000057220459,4.449999809265137,15400
2026-05-07 14:25:00+00:00,CASH3.SA,4.449999809265137,4.460000038146973,4.449999809265137,4.449999809265137,16400
2026-05-07 14:30:00+00:00,CASH3.SA,4.449999809265137,4.460000038146973,4.449999809265137,4.460000038146973,2200
2026-05-07 14:35:00+00:00,CASH3.SA,4.449999809265137,4.449999809265137,4.449999809265137,4.449999809265137,2500
2026-05-07 14:40:00+00:00,CASH3.SA,4.449999809265137,4.460000038146973,4.449999809265137,4.449999809265137,1800
2026-05-07 14:45:00+00:00,CASH3.SA,4.449999809265137,4.46999979019165,4.449999809265137,4.46999979019165,29200
2026-05-07 14:50:00+00:00,CASH3.SA,4.480000019073486,4.480000019073486,4.46999979019165,4.46999979019165,900
2026-05-07 14:55:00+00:00,CASH3.SA,4.46999979019165,4.5,4.46999979019165,4.489999771118164,20000
2026-05-07 15:00:00+00:00,CASH3.SA,4.489999771118164,4.489999771118164,4.46999979019165,4.46999979019165,2900
2026-05-07 15:05:00+00:00,CASH3.SA,4.480000019073486,4.480000019073486,4.46999979019165,4.480000019073486,1900
2026-05-07 15:10:00+00:00,CASH3.SA,4.46999979019165,4.489999771118164,4.46999979019165,4.480000019073486,4300
2026-05-07 15:15:00+00:00,CASH3.SA,4.489999771118164,4.489999771118164,4.480000019073486,4.480000019073486,5500
2026-05-07 15:20:00+00:00,CASH3.SA,4.480000019073486,4.489999771118164,4.46999979019165,4.46999979019165,4200
2026-05-07 15:25:00+00:00,CASH3.SA,4.46999979019165,4.480000019073486,4.46999979019165,4.46999979019165,2300
2026-05-07 15:30:00+00:00,CASH3.SA,4.46999979019165,4.480000019073486,4.440000057220459,4.449999809265137,46500
2026-05-07 15:35:00+00:00,CASH3.SA,4.449999809265137,4.449999809265137,4.449999809265137,4.449999809265137,1600
2026-05-07 15:40:00+00:00,CASH3.SA,4.449999809265137,4.460000038146973,4.449999809265137,4.449999809265137,1500
2026-05-07 15:45:00+00:00,CASH3.SA,4.449999809265137,4.449999809265137,4.429999828338623,4.440000057220459,12900
2026-05-07 15:50:00+00:00,CASH3.SA,4.440000057220459,4.449999809265137,4.440000057220459,4.449999809265137,1500
2026-05-07 15:55:00+00:00,CASH3.SA,4.449999809265137,4.449999809265137,4.440000057220459,4.440000057220459,2400
2026-05-07 16:00:00+00:00,CASH3.SA,4.449999809265137,4.449999809265137,4.429999828338623,4.429999828338623,4500
2026-05-07 16:05:00+00:00,CASH3.SA,4.429999828338623,4.429999828338623,4.429999828338623,4.429999828338623,1400
2026-05-07 16:10:00+00:00,CASH3.SA,4.429999828338623,4.440000057220459,4.429999828338623,4.440000057220459,2600
2026-05-07 16:15:00+00:00,CASH3.SA,4.429999828338623,4.429999828338623,4.400000095367432,4.409999847412109,23400
2026-05-07 16:20:00+00:00,CASH3.SA,4.409999847412109,4.440000057220459,4.409999847412109,4.429999828338623,10400
2026-05-07 16:25:00+00:00,CASH3.SA,4.429999828338623,4.440000057220459,4.420000076293945,4.420000076293945,5500
2026-05-07 16:30:00+00:00,CASH3.SA,4.420000076293945,4.420000076293945,4.409999847412109,4.420000076293945,5400
2026-05-07 16:35:00+00:00,CASH3.SA,4.420000076293945,4.420000076293945,4.400000095367432,4.409999847412109,9700
2026-05-07 16:40:00+00:00,CASH3.SA,4.409999847412109,4.420000076293945,4.389999866485596,4.389999866485596,22200
2026-05-07 16:45:00+00:00,CASH3.SA,4.389999866485596,4.400000095367432,4.389999866485596,4.389999866485596,8600
2026-05-07 16:50:00+00:00,CASH3.SA,4.389999866485596,4.400000095367432,4.380000114440918,4.389999866485596,10900
2026-05-07 16:55:00+00:00,CASH3.SA,4.389999866485596,4.400000095367432,4.389999866485596,4.389999866485596,4600
2026-05-07 17:00:00+00:00,CASH3.SA,4.389999866485596,4.400000095367432,4.380000114440918,4.389999866485596,9200
2026-05-07 17:05:00+00:00,CASH3.SA,4.380000114440918,4.389999866485596,4.380000114440918,4.389999866485596,1300
2026-05-07 17:10:00+00:00,CASH3.SA,4.389999866485596,4.400000095367432,4.380000114440918,4.380000114440918,3900
2026-05-07 17:15:00+00:00,CASH3.SA,4.380000114440918,4.380000114440918,4.369999885559082,4.369999885559082,14200
2026-05-07 17:20:00+00:00,CASH3.SA,4.369999885559082,4.389999866485596,4.369999885559082,4.380000114440918,11800
2026-05-07 17:25:00+00:00,CASH3.SA,4.380000114440918,4.389999866485596,4.340000152587891,4.349999904632568,18400
2026-05-07 17:30:00+00:00,CASH3.SA,4.349999904632568,4.360000133514404,4.349999904632568,4.349999904632568,2600
2026-05-07 17:35:00+00:00,CASH3.SA,4.349999904632568,4.369999885559082,4.349999904632568,4.360000133514404,7700
2026-05-07 17:40:00+00:00,CASH3.SA,4.360000133514404,4.369999885559082,4.360000133514404,4.369999885559082,1600
2026-05-07 17:45:00+00:00,CASH3.SA,4.360000133514404,4.369999885559082,4.349999904632568,4.349999904632568,8300
2026-05-07 17:50:00+00:00,CASH3.SA,4.340000152587891,4.360000133514404,4.340000152587891,4.349999904632568,4000
2026-05-07 17:55:00+00:00,CASH3.SA,4.349999904632568,4.369999885559082,4.349999904632568,4.369999885559082,5200
2026-05-07 18:00:00+00:00,CASH3.SA,4.369999885559082,4.389999866485596,4.369999885559082,4.380000114440918,4300
2026-05-07 18:05:00+00:00,CASH3.SA,4.380000114440918,4.400000095367432,4.380000114440918,4.389999866485596,4300
2026-05-07 18:10:00+00:00,CASH3.SA,4.380000114440918,4.389999866485596,4.380000114440918,4.389999866485596,3600
2026-05-07 18:15:00+00:00,CASH3.SA,4.389999866485596,4.409999847412109,4.389999866485596,4.400000095367432,12400
2026-05-07 18:20:00+00:00,CASH3.SA,4.400000095367432,4.409999847412109,4.400000095367432,4.400000095367432,3300
2026-05-07 18:25:00+00:00,CASH3.SA,4.400000095367432,4.409999847412109,4.400000095367432,4.400000095367432,1600
2026-05-07 18:30:00+00:00,CASH3.SA,4.400000095367432,4.420000076293945,4.400000095367432,4.420000076293945,4000
2026-05-07 18:35:00+00:00,CASH3.SA,4.409999847412109,4.420000076293945,4.400000095367432,4.400000095367432,5200
2026-05-07 18:40:00+00:00,CASH3.SA,4.400000095367432,4.409999847412109,4.389999866485596,4.389999866485596,17700
2026-05-07 18:45:00+00:00,CASH3.SA,4.389999866485596,4.409999847412109,4.389999866485596,4.389999866485596,3500
2026-05-07 18:50:00+00:00,CASH3.SA,4.389999866485596,4.409999847412109,4.389999866485596,4.400000095367432,1700
2026-05-07 18:55:00+00:00,CASH3.SA,4.400000095367432,4.409999847412109,4.400000095367432,4.400000095367432,3600
2026-05-07 19:00:00+00:00,CASH3.SA,4.389999866485596,4.389999866485596,4.380000114440918,4.380000114440918,9200
2026-05-07 19:05:00+00:00,CASH3.SA,4.380000114440918,4.380000114440918,4.380000114440918,4.380000114440918,1500
2026-05-07 19:10:00+00:00,CASH3.SA,4.389999866485596,4.400000095367432,4.380000114440918,4.380000114440918,6300
2026-05-07 19:15:00+00:00,CASH3.SA,4.380000114440918,4.380000114440918,4.369999885559082,4.380000114440918,12900
2026-05-07 19:20:00+00:00,CASH3.SA,4.369999885559082,4.380000114440918,4.369999885559082,4.369999885559082,8300
2026-05-07 19:25:00+00:00,CASH3.SA,4.369999885559082,4.389999866485596,4.369999885559082,4.369999885559082,12600
2026-05-07 19:30:00+00:00,CASH3.SA,4.369999885559082,4.389999866485596,4.369999885559082,4.380000114440918,3200
2026-05-07 19:35:00+00:00,CASH3.SA,4.380000114440918,4.389999866485596,4.380000114440918,4.389999866485596,2300
2026-05-07 19:40:00+00:00,CASH3.SA,4.380000114440918,4.389999866485596,4.360000133514404,4.369999885559082,18900
2026-05-07 19:45:00+00:00,CASH3.SA,4.369999885559082,4.369999885559082,4.360000133514404,4.369999885559082,5200
2026-05-07 19:50:00+00:00,CASH3.SA,4.360000133514404,4.369999885559082,4.349999904632568,4.360000133514404,34000
2026-05-08 13:00:00+00:00,CASH3.SA,4.449999809265137,4.460000038146973,4.429999828338623,4.440000057220459,0
2026-05-08 13:05:00+00:00,CASH3.SA,4.440000057220459,4.449999809265137,4.440000057220459,4.449999809265137,1800
2026-05-08 13:10:00+00:00,CASH3.SA,4.460000038146973,4.460000038146973,4.440000057220459,4.440000057220459,23000
2026-05-08 13:15:00+00:00,CASH3.SA,4.440000057220459,4.449999809265137,4.440000057220459,4.449999809265137,0
2026-05-08 13:20:00+00:00,CASH3.SA,4.429999828338623,4.429999828338623,4.420000076293945,4.420000076293945,3700
2026-05-08 13:25:00+00:00,CASH3.SA,4.420000076293945,4.429999828338623,4.420000076293945,4.429999828338623,4200
2026-05-08 13:30:00+00:00,CASH3.SA,4.449999809265137,4.449999809265137,4.429999828338623,4.440000057220459,2400
2026-05-08 13:35:00+00:00,CASH3.SA,4.440000057220459,4.449999809265137,4.440000057220459,4.440000057220459,1900
2026-05-08 13:40:00+00:00,CASH3.SA,4.449999809265137,4.449999809265137,4.420000076293945,4.420000076293945,6500
2026-05-08 13:45:00+00:00,CASH3.SA,4.420000076293945,4.429999828338623,4.420000076293945,4.429999828338623,700
2026-05-08 13:50:00+00:00,CASH3.SA,4.420000076293945,4.440000057220459,4.420000076293945,4.420000076293945,33800
2026-05-08 13:55:00+00:00,CASH3.SA,4.420000076293945,4.420000076293945,4.409999847412109,4.420000076293945,6800
2026-05-08 14:00:00+00:00,CASH3.SA,4.400000095367432,4.409999847412109,4.369999885559082,4.380000114440918,18100
2026-05-08 14:05:00+00:00,CASH3.SA,4.380000114440918,4.380000114440918,4.369999885559082,4.369999885559082,5400
2026-05-08 14:10:00+00:00,CASH3.SA,4.360000133514404,4.369999885559082,4.360000133514404,4.360000133514404,800
2026-05-08 14:15:00+00:00,CASH3.SA,4.369999885559082,4.369999885559082,4.369999885559082,4.369999885559082,2400
2026-05-08 14:20:00+00:00,CASH3.SA,4.369999885559082,4.369999885559082,4.369999885559082,4.369999885559082,1800
2026-05-08 14:25:00+00:00,CASH3.SA,4.380000114440918,4.389999866485596,4.369999885559082,4.369999885559082,17300
2026-05-08 14:30:00+00:00,CASH3.SA,4.369999885559082,4.369999885559082,4.320000171661377,4.320000171661377,21000
2026-05-08 14:35:00+00:00,CASH3.SA,4.320000171661377,4.340000152587891,4.320000171661377,4.340000152587891,13400
2026-05-08 14:40:00+00:00,CASH3.SA,4.340000152587891,4.349999904632568,4.340000152587891,4.340000152587891,5200
2026-05-08 14:45:00+00:00,CASH3.SA,4.349999904632568,4.349999904632568,4.349999904632568,4.349999904632568,3400
2026-05-08 14:50:00+00:00,CASH3.SA,4.349999904632568,4.360000133514404,4.349999904632568,4.360000133514404,6100
2026-05-08 14:55:00+00:00,CASH3.SA,4.349999904632568,4.380000114440918,4.349999904632568,4.380000114440918,11500
2026-05-08 15:00:00+00:00,CASH3.SA,4.380000114440918,4.380000114440918,4.360000133514404,4.360000133514404,11100
2026-05-08 15:05:00+00:00,CASH3.SA,4.349999904632568,4.349999904632568,4.349999904632568,4.349999904632568,0
2026-05-08 15:10:00+00:00,CASH3.SA,4.349999904632568,4.349999904632568,4.329999923706055,4.329999923706055,5200
2026-05-08 15:15:00+00:00,CASH3.SA,4.329999923706055,4.340000152587891,4.329999923706055,4.329999923706055,600
2026-05-08 15:20:00+00:00,CASH3.SA,4.329999923706055,4.349999904632568,4.329999923706055,4.340000152587891,9100
2026-05-08 15:25:00+00:00,CASH3.SA,4.349999904632568,4.360000133514404,4.340000152587891,4.360000133514404,3300
2026-05-08 15:30:00+00:00,CASH3.SA,4.360000133514404,4.360000133514404,4.340000152587891,4.349999904632568,11900
2026-05-08 15:35:00+00:00,CASH3.SA,4.349999904632568,4.349999904632568,4.340000152587891,4.349999904632568,2300
2026-05-08 15:40:00+00:00,CASH3.SA,4.349999904632568,4.360000133514404,4.349999904632568,4.360000133514404,4100
2026-05-08 15:45:00+00:00,CASH3.SA,4.349999904632568,4.360000133514404,4.349999904632568,4.360000133514404,3700
2026-05-08 15:50:00+00:00,CASH3.SA,4.360000133514404,4.360000133514404,4.329999923706055,4.340000152587891,13800
2026-05-08 15:55:00+00:00,CASH3.SA,4.340000152587891,4.340000152587891,4.329999923706055,4.329999923706055,4000
2026-05-08 16:00:00+00:00,CASH3.SA,4.340000152587891,4.360000133514404,4.329999923706055,4.340000152587891,7300
2026-05-08 16:05:00+00:00,CASH3.SA,4.349999904632568,4.360000133514404,4.349999904632568,4.349999904632568,2000
2026-05-08 16:10:00+00:00,CASH3.SA,4.349999904632568,4.349999904632568,4.329999923706055,4.340000152587891,19000
2026-05-08 16:15:00+00:00,CASH3.SA,4.340000152587891,4.340000152587891,4.309999942779541,4.309999942779541,24100
2026-05-08 16:20:00+00:00,CASH3.SA,4.309999942779541,4.329999923706055,4.309999942779541,4.329999923706055,5800
2026-05-08 16:25:00+00:00,CASH3.SA,4.329999923706055,4.340000152587891,4.320000171661377,4.340000152587891,1500
2026-05-08 16:30:00+00:00,CASH3.SA,4.340000152587891,4.340000152587891,4.320000171661377,4.329999923706055,1800
2026-05-08 16:35:00+00:00,CASH3.SA,4.329999923706055,4.329999923706055,4.309999942779541,4.309999942779541,19400
2026-05-08 16:40:00+00:00,CASH3.SA,4.320000171661377,4.320000171661377,4.269999980926514,4.300000190734863,38300
2026-05-08 16:45:00+00:00,CASH3.SA,4.300000190734863,4.300000190734863,4.28000020980835,4.28000020980835,5800
2026-05-08 16:50:00+00:00,CASH3.SA,4.289999961853027,4.289999961853027,4.28000020980835,4.28000020980835,600
2026-05-08 16:55:00+00:00,CASH3.SA,4.289999961853027,4.289999961853027,4.28000020980835,4.28000020980835,3600
2026-05-08 17:00:00+00:00,CASH3.SA,4.28000020980835,4.28000020980835,4.25,4.269999980926514,13500
2026-05-08 17:05:00+00:00,CASH3.SA,4.269999980926514,4.329999923706055,4.269999980926514,4.329999923706055,41700
2026-05-08 17:10:00+00:00,CASH3.SA,4.329999923706055,4.329999923706055,4.309999942779541,4.320000171661377,3300
2026-05-08 17:15:00+00:00,CASH3.SA,4.320000171661377,4.320000171661377,4.309999942779541,4.320000171661377,900
2026-05-08 17:20:00+00:00,CASH3.SA,4.320000171661377,4.329999923706055,4.320000171661377,4.320000171661377,7000
2026-05-08 17:25:00+00:00,CASH3.SA,4.329999923706055,4.329999923706055,4.320000171661377,4.329999923706055,2600
2026-05-08 17:30:00+00:00,CASH3.SA,4.329999923706055,4.329999923706055,4.289999961853027,4.329999923706055,36300
2026-05-08 17:35:00+00:00,CASH3.SA,4.329999923706055,4.329999923706055,4.320000171661377,4.329999923706055,1400
2026-05-08 17:40:00+00:00,CASH3.SA,4.320000171661377,4.329999923706055,4.309999942779541,4.320000171661377,13500
2026-05-08 17:45:00+00:00,CASH3.SA,4.329999923706055,4.349999904632568,4.320000171661377,4.329999923706055,14000
2026-05-08 17:50:00+00:00,CASH3.SA,4.329999923706055,4.340000152587891,4.329999923706055,4.340000152587891,2300
2026-05-08 17:55:00+00:00,CASH3.SA,4.340000152587891,4.340000152587891,4.329999923706055,4.329999923706055,6100
2026-05-08 18:00:00+00:00,CASH3.SA,4.329999923706055,4.349999904632568,4.329999923706055,4.340000152587891,2400
2026-05-08 18:05:00+00:00,CASH3.SA,4.349999904632568,4.349999904632568,4.340000152587891,4.349999904632568,1200
2026-05-08 18:10:00+00:00,CASH3.SA,4.349999904632568,4.360000133514404,4.329999923706055,4.340000152587891,16800
2026-05-08 18:15:00+00:00,CASH3.SA,4.340000152587891,4.340000152587891,4.309999942779541,4.320000171661377,20800
2026-05-08 18:20:00+00:00,CASH3.SA,4.320000171661377,4.320000171661377,4.309999942779541,4.320000171661377,5400
2026-05-08 18:25:00+00:00,CASH3.SA,4.320000171661377,4.329999923706055,4.289999961853027,4.289999961853027,26800
2026-05-08 18:30:00+00:00,CASH3.SA,4.289999961853027,4.309999942779541,4.289999961853027,4.309999942779541,3700
2026-05-08 18:35:00+00:00,CASH3.SA,4.300000190734863,4.309999942779541,4.28000020980835,4.300000190734863,2700
2026-05-08 18:40:00+00:00,CASH3.SA,4.289999961853027,4.300000190734863,4.28000020980835,4.28000020980835,2600
2026-05-08 18:45:00+00:00,CASH3.SA,4.300000190734863,4.300000190734863,4.28000020980835,4.289999961853027,29100
2026-05-08 18:50:00+00:00,CASH3.SA,4.289999961853027,4.300000190734863,4.28000020980835,4.28000020980835,3200
2026-05-08 18:55:00+00:00,CASH3.SA,4.289999961853027,4.289999961853027,4.28000020980835,4.289999961853027,2500
2026-05-08 19:00:00+00:00,CASH3.SA,4.289999961853027,4.289999961853027,4.28000020980835,4.28000020980835,1900
2026-05-08 19:05:00+00:00,CASH3.SA,4.289999961853027,4.300000190734863,4.28000020980835,4.300000190734863,2400
2026-05-08 19:10:00+00:00,CASH3.SA,4.289999961853027,4.289999961853027,4.28000020980835,4.28000020980835,12900
2026-05-08 19:15:00+00:00,CASH3.SA,4.28000020980835,4.28000020980835,4.269999980926514,4.28000020980835,2000
2026-05-08 19:20:00+00:00,CASH3.SA,4.269999980926514,4.300000190734863,4.269999980926514,4.289999961853027,7900
2026-05-08 19:25:00+00:00,CASH3.SA,4.289999961853027,4.320000171661377,4.28000020980835,4.300000190734863,25400
2026-05-08 19:30:00+00:00,CASH3.SA,4.309999942779541,4.309999942779541,4.300000190734863,4.309999942779541,2000
2026-05-08 19:35:00+00:00,CASH3.SA,4.300000190734863,4.309999942779541,4.289999961853027,4.309999942779541,7600
2026-05-08 19:40:00+00:00,CASH3.SA,4.309999942779541,4.309999942779541,4.289999961853027,4.289999961853027,4100
2026-05-08 19:45:00+00:00,CASH3.SA,4.300000190734863,4.309999942779541,4.289999961853027,4.300000190734863,3700
2026-05-08 19:50:00+00:00,CASH3.SA,4.289999961853027,4.309999942779541,4.289999961853027,4.309999942779541,6400
2026-05-11 13:05:00+00:00,CASH3.SA,4.289999961853027,4.289999961853027,4.28000020980835,4.28000020980835,0
2026-05-11 13:10:00+00:00,CASH3.SA,4.28000020980835,4.309999942779541,4.28000020980835,4.309999942779541,6500
2026-05-11 13:15:00+00:00,CASH3.SA,4.309999942779541,4.329999923706055,4.289999961853027,4.329999923706055,17200
2026-05-11 13:20:00+00:00,CASH3.SA,4.329999923706055,4.349999904632568,4.329999923706055,4.329999923706055,10000
2026-05-11 13:25:00+00:00,CASH3.SA,4.320000171661377,4.320000171661377,4.309999942779541,4.309999942779541,1700
2026-05-11 13:30:00+00:00,CASH3.SA,4.309999942779541,4.320000171661377,4.309999942779541,4.320000171661377,500
2026-05-11 13:35:00+00:00,CASH3.SA,4.320000171661377,4.320000171661377,4.300000190734863,4.300000190734863,8600
2026-05-11 13:40:00+00:00,CASH3.SA,4.309999942779541,4.309999942779541,4.300000190734863,4.300000190734863,1500
2026-05-11 13:45:00+00:00,CASH3.SA,4.309999942779541,4.309999942779541,4.300000190734863,4.300000190734863,1000
2026-05-11 13:50:00+00:00,CASH3.SA,4.289999961853027,4.309999942779541,4.28000020980835,4.309999942779541,19900
2026-05-11 13:55:00+00:00,CASH3.SA,4.309999942779541,4.340000152587891,4.309999942779541,4.340000152587891,5300
2026-05-11 14:00:00+00:00,CASH3.SA,4.340000152587891,4.340000152587891,4.289999961853027,4.289999961853027,7900
2026-05-11 14:05:00+00:00,CASH3.SA,4.300000190734863,4.300000190734863,4.289999961853027,4.289999961853027,8200
2026-05-11 14:10:00+00:00,CASH3.SA,4.289999961853027,4.309999942779541,4.289999961853027,4.309999942779541,6900
2026-05-11 14:15:00+00:00,CASH3.SA,4.320000171661377,4.340000152587891,4.309999942779541,4.329999923706055,13200
2026-05-11 14:20:00+00:00,CASH3.SA,4.329999923706055,4.329999923706055,4.320000171661377,4.329999923706055,1500
2026-05-11 14:25:00+00:00,CASH3.SA,4.329999923706055,4.329999923706055,4.309999942779541,4.309999942779541,5600
2026-05-11 14:30:00+00:00,CASH3.SA,4.309999942779541,4.309999942779541,4.300000190734863,4.309999942779541,2900
2026-05-11 14:35:00+00:00,CASH3.SA,4.300000190734863,4.300000190734863,4.300000190734863,4.300000190734863,700
2026-05-11 14:40:00+00:00,CASH3.SA,4.300000190734863,4.309999942779541,4.300000190734863,4.309999942779541,2100
2026-05-11 14:45:00+00:00,CASH3.SA,4.309999942779541,4.309999942779541,4.300000190734863,4.300000190734863,1000
2026-05-11 14:50:00+00:00,CASH3.SA,4.300000190734863,4.300000190734863,4.300000190734863,4.300000190734863,4000
2026-05-11 14:55:00+00:00,CASH3.SA,4.300000190734863,4.309999942779541,4.289999961853027,4.300000190734863,15900
2026-05-11 15:00:00+00:00,CASH3.SA,4.300000190734863,4.300000190734863,4.289999961853027,4.289999961853027,1400
2026-05-11 15:05:00+00:00,CASH3.SA,4.300000190734863,4.300000190734863,4.300000190734863,4.300000190734863,2800
2026-05-11 15:10:00+00:00,CASH3.SA,4.300000190734863,4.300000190734863,4.289999961853027,4.289999961853027,4800
2026-05-11 15:15:00+00:00,CASH3.SA,4.289999961853027,4.289999961853027,4.28000020980835,4.28000020980835,2100
2026-05-11 15:20:00+00:00,CASH3.SA,4.289999961853027,4.289999961853027,4.28000020980835,4.28000020980835,5900
2026-05-11 15:25:00+00:00,CASH3.SA,4.28000020980835,4.289999961853027,4.25,4.25,45600
2026-05-11 15:30:00+00:00,CASH3.SA,4.25,4.260000228881836,4.21999979019165,4.230000019073486,88600
2026-05-11 15:35:00+00:00,CASH3.SA,4.230000019073486,4.25,4.21999979019165,4.25,20100
2026-05-11 15:40:00+00:00,CASH3.SA,4.239999771118164,4.260000228881836,4.239999771118164,4.25,13100
2026-05-11 15:45:00+00:00,CASH3.SA,4.260000228881836,4.260000228881836,4.25,4.260000228881836,10900
2026-05-11 15:50:00+00:00,CASH3.SA,4.260000228881836,4.260000228881836,4.25,4.260000228881836,1600
2026-05-11 15:55:00+00:00,CASH3.SA,4.260000228881836,4.260000228881836,4.230000019073486,4.230000019073486,4400
2026-05-11 16:00:00+00:00,CASH3.SA,4.230000019073486,4.230000019073486,4.210000038146973,4.21999979019165,13600
2026-05-11 16:05:00+00:00,CASH3.SA,4.21999979019165,4.21999979019165,4.210000038146973,4.210000038146973,8700
2026-05-11 16:10:00+00:00,CASH3.SA,4.199999809265137,4.199999809265137,4.179999828338623,4.190000057220459,69500
2026-05-11 16:15:00+00:00,CASH3.SA,4.199999809265137,4.199999809265137,4.179999828338623,4.179999828338623,10600
2026-05-11 16:20:00+00:00,CASH3.SA,4.179999828338623,4.190000057220459,4.179999828338623,4.190000057220459,1700
2026-05-11 16:25:00+00:00,CASH3.SA,4.199999809265137,4.199999809265137,4.179999828338623,4.190000057220459,12300
2026-05-11 16:30:00+00:00,CASH3.SA,4.190000057220459,4.190000057220459,4.179999828338623,4.179999828338623,500
2026-05-11 16:35:00+00:00,CASH3.SA,4.179999828338623,4.190000057220459,4.179999828338623,4.190000057220459,3200
2026-05-11 16:40:00+00:00,CASH3.SA,4.190000057220459,4.190000057220459,4.170000076293945,4.170000076293945,27300
2026-05-11 16:45:00+00:00,CASH3.SA,4.179999828338623,4.210000038146973,4.179999828338623,4.210000038146973,26200
2026-05-11 16:50:00+00:00,CASH3.SA,4.210000038146973,4.21999979019165,4.210000038146973,4.21999979019165,3400
2026-05-11 16:55:00+00:00,CASH3.SA,4.210000038146973,4.239999771118164,4.210000038146973,4.230000019073486,14600
2026-05-11 17:00:00+00:00,CASH3.SA,4.239999771118164,4.239999771118164,4.230000019073486,4.230000019073486,11500
2026-05-11 17:05:00+00:00,CASH3.SA,4.230000019073486,4.230000019073486,4.230000019073486,4.230000019073486,2000
2026-05-11 17:10:00+00:00,CASH3.SA,4.230000019073486,4.230000019073486,4.210000038146973,4.210000038146973,17900
2026-05-11 17:15:00+00:00,CASH3.SA,4.210000038146973,4.21999979019165,4.210000038146973,4.21999979019165,900
2026-05-11 17:20:00+00:00,CASH3.SA,4.210000038146973,4.25,4.210000038146973,4.239999771118164,30900
2026-05-11 17:25:00+00:00,CASH3.SA,4.230000019073486,4.239999771118164,4.230000019073486,4.239999771118164,7600
2026-05-11 17:30:00+00:00,CASH3.SA,4.25,4.25,4.239999771118164,4.239999771118164,0
2026-05-11 17:35:00+00:00,CASH3.SA,4.25,4.25,4.239999771118164,4.25,1300
2026-05-11 17:40:00+00:00,CASH3.SA,4.25,4.269999980926514,4.239999771118164,4.260000228881836,6300
2026-05-11 17:45:00+00:00,CASH3.SA,4.260000228881836,4.260000228881836,4.25,4.260000228881836,1400
2026-05-11 17:50:00+00:00,CASH3.SA,4.260000228881836,4.28000020980835,4.25,4.269999980926514,15800
2026-05-11 17:55:00+00:00,CASH3.SA,4.260000228881836,4.269999980926514,4.260000228881836,4.269999980926514,3700
2026-05-11 18:00:00+00:00,CASH3.SA,4.269999980926514,4.269999980926514,4.260000228881836,4.269999980926514,3000
2026-05-11 18:05:00+00:00,CASH3.SA,4.269999980926514,4.269999980926514,4.260000228881836,4.269999980926514,3200
2026-05-11 18:10:00+00:00,CASH3.SA,4.269999980926514,4.269999980926514,4.25,4.260000228881836,9400
2026-05-11 18:15:00+00:00,CASH3.SA,4.260000228881836,4.260000228881836,4.25,4.260000228881836,2800
2026-05-11 18:20:00+00:00,CASH3.SA,4.260000228881836,4.269999980926514,4.25,4.260000228881836,7200
2026-05-11 18:25:00+00:00,CASH3.SA,4.260000228881836,4.260000228881836,4.25,4.260000228881836,3000
2026-05-11 18:30:00+00:00,CASH3.SA,4.260000228881836,4.269999980926514,4.25,4.260000228881836,15100
2026-05-11 18:35:00+00:00,CASH3.SA,4.260000228881836,4.260000228881836,4.25,4.260000228881836,3500
2026-05-11 18:40:00+00:00,CASH3.SA,4.260000228881836,4.300000190734863,4.25,4.300000190734863,37500
2026-05-11 18:45:00+00:00,CASH3.SA,4.300000190734863,4.300000190734863,4.28000020980835,4.289999961853027,6400
2026-05-11 18:50:00+00:00,CASH3.SA,4.289999961853027,4.300000190734863,4.28000020980835,4.300000190734863,3500
2026-05-11 18:55:00+00:00,CASH3.SA,4.300000190734863,4.300000190734863,4.289999961853027,4.289999961853027,8700
2026-05-11 19:00:00+00:00,CASH3.SA,4.289999961853027,4.300000190734863,4.28000020980835,4.300000190734863,11700
2026-05-11 19:05:00+00:00,CASH3.SA,4.300000190734863,4.300000190734863,4.289999961853027,4.300000190734863,4200
2026-05-11 19:10:00+00:00,CASH3.SA,4.300000190734863,4.300000190734863,4.289999961853027,4.300000190734863,3300
2026-05-11 19:15:00+00:00,CASH3.SA,4.289999961853027,4.300000190734863,4.289999961853027,4.289999961853027,13500
2026-05-11 19:20:00+00:00,CASH3.SA,4.300000190734863,4.300000190734863,4.28000020980835,4.289999961853027,8500
2026-05-11 19:25:00+00:00,CASH3.SA,4.289999961853027,4.300000190734863,4.28000020980835,4.28000020980835,11700
2026-05-11 19:30:00+00:00,CASH3.SA,4.289999961853027,4.289999961853027,4.28000020980835,4.289999961853027,3400
2026-05-11 19:35:00+00:00,CASH3.SA,4.289999961853027,4.300000190734863,4.28000020980835,4.289999961853027,12900
2026-05-11 19:40:00+00:00,CASH3.SA,4.289999961853027,4.289999961853027,4.28000020980835,4.289999961853027,6600
2026-05-11 19:45:00+00:00,CASH3.SA,4.28000020980835,4.289999961853027,4.28000020980835,4.289999961853027,31400
2026-05-11 19:50:00+00:00,CASH3.SA,4.289999961853027,4.289999961853027,4.28000020980835,4.28000020980835,5400
2026-05-12 13:00:00+00:00,CASH3.SA,4.28000020980835,4.28000020980835,4.21999979019165,4.25,0
2026-05-12 13:05:00+00:00,CASH3.SA,4.230000019073486,4.260000228881836,4.230000019073486,4.260000228881836,100
2026-05-12 13:10:00+00:00,CASH3.SA,4.269999980926514,4.269999980926514,4.239999771118164,4.239999771118164,2200
2026-05-12 13:15:00+00:00,CASH3.SA,4.239999771118164,4.239999771118164,4.210000038146973,4.210000038146973,6100
2026-05-12 13:20:00+00:00,CASH3.SA,4.210000038146973,4.230000019073486,4.210000038146973,4.230000019073486,4500
2026-05-12 13:25:00+00:00,CASH3.SA,4.230000019073486,4.230000019073486,4.210000038146973,4.210000038146973,1500
2026-05-12 13:30:00+00:00,CASH3.SA,4.230000019073486,4.239999771118164,4.230000019073486,4.230000019073486,1500
2026-05-12 13:35:00+00:00,CASH3.SA,4.230000019073486,4.260000228881836,4.230000019073486,4.260000228881836,8900
2026-05-12 13:40:00+00:00,CASH3.SA,4.269999980926514,4.289999961853027,4.25,4.28000020980835,24400
2026-05-12 13:45:00+00:00,CASH3.SA,4.289999961853027,4.289999961853027,4.260000228881836,4.269999980926514,9900
2026-05-12 13:50:00+00:00,CASH3.SA,4.28000020980835,4.28000020980835,4.260000228881836,4.260000228881836,13200
2026-05-12 13:55:00+00:00,CASH3.SA,4.260000228881836,4.260000228881836,4.260000228881836,4.260000228881836,800
2026-05-12 14:00:00+00:00,CASH3.SA,4.25,4.260000228881836,4.239999771118164,4.239999771118164,7100
2026-05-12 14:05:00+00:00,CASH3.SA,4.25,4.25,4.25,4.25,100
2026-05-12 14:10:00+00:00,CASH3.SA,4.239999771118164,4.239999771118164,4.21999979019165,4.239999771118164,6100
2026-05-12 14:15:00+00:00,CASH3.SA,4.239999771118164,4.239999771118164,4.239999771118164,4.239999771118164,400
2026-05-12 14:20:00+00:00,CASH3.SA,4.230000019073486,4.239999771118164,4.210000038146973,4.230000019073486,6700
2026-05-12 14:25:00+00:00,CASH3.SA,4.230000019073486,4.230000019073486,4.21999979019165,4.21999979019165,5900
2026-05-12 14:30:00+00:00,CASH3.SA,4.21999979019165,4.230000019073486,4.199999809265137,4.199999809265137,22800
2026-05-12 14:35:00+00:00,CASH3.SA,4.199999809265137,4.230000019073486,4.199999809265137,4.230000019073486,5000
2026-05-12 14:40:00+00:00,CASH3.SA,4.230000019073486,4.25,4.230000019073486,4.25,12700
2026-05-12 14:45:00+00:00,CASH3.SA,4.239999771118164,4.239999771118164,4.230000019073486,4.239999771118164,2800
2026-05-12 14:50:00+00:00,CASH3.SA,4.230000019073486,4.230000019073486,4.21999979019165,4.21999979019165,800
2026-05-12 14:55:00+00:00,CASH3.SA,4.230000019073486,4.25,4.21999979019165,4.239999771118164,3100
2026-05-12 15:00:00+00:00,CASH3.SA,4.25,4.260000228881836,4.25,4.260000228881836,3300
2026-05-12 15:05:00+00:00,CASH3.SA,4.260000228881836,4.269999980926514,4.260000228881836,4.269999980926514,5200
2026-05-12 15:10:00+00:00,CASH3.SA,4.269999980926514,4.269999980926514,4.260000228881836,4.269999980926514,1100
2026-05-12 15:15:00+00:00,CASH3.SA,4.269999980926514,4.269999980926514,4.260000228881836,4.260000228881836,1800
2026-05-12 15:20:00+00:00,CASH3.SA,4.260000228881836,4.260000228881836,4.25,4.25,2600
2026-05-12 15:25:00+00:00,CASH3.SA,4.25,4.25,4.239999771118164,4.25,1500
2026-05-12 15:30:00+00:00,CASH3.SA,4.25,4.25,4.239999771118164,4.25,1300
2026-05-12 15:35:00+00:00,CASH3.SA,4.25,4.25,4.239999771118164,4.239999771118164,900
2026-05-12 15:40:00+00:00,CASH3.SA,4.25,4.25,4.25,4.25,1400
2026-05-12 15:45:00+00:00,CASH3.SA,4.25,4.25,4.239999771118164,4.239999771118164,1700
2026-05-12 15:50:00+00:00,CASH3.SA,4.25,4.25,4.25,4.25,600
2026-05-12 15:55:00+00:00,CASH3.SA,4.25,4.25,4.21999979019165,4.21999979019165,13600
2026-05-12 16:00:00+00:00,CASH3.SA,4.230000019073486,4.25,4.21999979019165,4.25,2800
2026-05-12 16:05:00+00:00,CASH3.SA,4.239999771118164,4.25,4.230000019073486,4.25,10200
2026-05-12 16:10:00+00:00,CASH3.SA,4.25,4.25,4.25,4.25,900
2026-05-12 16:15:00+00:00,CASH3.SA,4.25,4.25,4.239999771118164,4.25,1100
2026-05-12 16:20:00+00:00,CASH3.SA,4.239999771118164,4.25,4.239999771118164,4.25,2200
2026-05-12 16:25:00+00:00,CASH3.SA,4.239999771118164,4.25,4.230000019073486,4.239999771118164,2900
2026-05-12 16:30:00+00:00,CASH3.SA,4.25,4.25,4.239999771118164,4.25,1000
2026-05-12 16:35:00+00:00,CASH3.SA,4.25,4.25,4.230000019073486,4.239999771118164,1700
2026-05-12 16:40:00+00:00,CASH3.SA,4.230000019073486,4.239999771118164,4.230000019073486,4.239999771118164,7400
2026-05-12 16:45:00+00:00,CASH3.SA,4.239999771118164,4.239999771118164,4.239999771118164,4.239999771118164,800
2026-05-12 16:50:00+00:00,CASH3.SA,4.239999771118164,4.239999771118164,4.230000019073486,4.230000019073486,1100
2026-05-12 16:55:00+00:00,CASH3.SA,4.239999771118164,4.25,4.230000019073486,4.239999771118164,4100
2026-05-12 17:00:00+00:00,CASH3.SA,4.239999771118164,4.25,4.230000019073486,4.25,1000
2026-05-12 17:05:00+00:00,CASH3.SA,4.25,4.25,4.239999771118164,4.25,1000
2026-05-12 17:10:00+00:00,CASH3.SA,4.25,4.25,4.239999771118164,4.25,1300
2026-05-12 17:15:00+00:00,CASH3.SA,4.25,4.260000228881836,4.239999771118164,4.260000228881836,1800
2026-05-12 17:20:00+00:00,CASH3.SA,4.260000228881836,4.260000228881836,4.25,4.260000228881836,1100
2026-05-12 17:25:00+00:00,CASH3.SA,4.260000228881836,4.260000228881836,4.25,4.260000228881836,2200
2026-05-12 17:30:00+00:00,CASH3.SA,4.260000228881836,4.260000228881836,4.25,4.260000228881836,2600
2026-05-12 17:35:00+00:00,CASH3.SA,4.260000228881836,4.260000228881836,4.25,4.260000228881836,1600
2026-05-12 17:40:00+00:00,CASH3.SA,4.260000228881836,4.260000228881836,4.25,4.260000228881836,1300
2026-05-12 17:45:00+00:00,CASH3.SA,4.25,4.260000228881836,4.25,4.25,1800
2026-05-12 17:50:00+00:00,CASH3.SA,4.260000228881836,4.260000228881836,4.239999771118164,4.25,5000
2026-05-12 17:55:00+00:00,CASH3.SA,4.260000228881836,4.260000228881836,4.239999771118164,4.25,4100
2026-05-12 18:00:00+00:00,CASH3.SA,4.25,4.25,4.230000019073486,4.230000019073486,1900
2026-05-12 18:05:00+00:00,CASH3.SA,4.239999771118164,4.239999771118164,4.230000019073486,4.239999771118164,2000
2026-05-12 18:10:00+00:00,CASH3.SA,4.239999771118164,4.239999771118164,4.239999771118164,4.239999771118164,1000
2026-05-12 18:15:00+00:00,CASH3.SA,4.239999771118164,4.25,4.239999771118164,4.25,3400
2026-05-12 18:20:00+00:00,CASH3.SA,4.25,4.260000228881836,4.25,4.260000228881836,4000
2026-05-12 18:25:00+00:00,CASH3.SA,4.269999980926514,4.269999980926514,4.260000228881836,4.269999980926514,1300
2026-05-12 18:30:00+00:00,CASH3.SA,4.260000228881836,4.269999980926514,4.260000228881836,4.269999980926514,1600
2026-05-12 18:35:00+00:00,CASH3.SA,4.260000228881836,4.269999980926514,4.260000228881836,4.269999980926514,1400
2026-05-12 18:40:00+00:00,CASH3.SA,4.260000228881836,4.269999980926514,4.260000228881836,4.260000228881836,2700
2026-05-12 18:45:00+00:00,CASH3.SA,4.269999980926514,4.28000020980835,4.269999980926514,4.28000020980835,5800
2026-05-12 18:50:00+00:00,CASH3.SA,4.28000020980835,4.340000152587891,4.269999980926514,4.320000171661377,33700
2026-05-12 18:55:00+00:00,CASH3.SA,4.309999942779541,4.320000171661377,4.309999942779541,4.309999942779541,1300
2026-05-12 19:00:00+00:00,CASH3.SA,4.320000171661377,4.340000152587891,4.320000171661377,4.340000152587891,17300
2026-05-12 19:05:00+00:00,CASH3.SA,4.329999923706055,4.340000152587891,4.329999923706055,4.329999923706055,2200
2026-05-12 19:10:00+00:00,CASH3.SA,4.340000152587891,4.349999904632568,4.329999923706055,4.349999904632568,3300
2026-05-12 19:15:00+00:00,CASH3.SA,4.349999904632568,4.360000133514404,4.349999904632568,4.360000133514404,2300
2026-05-12 19:20:00+00:00,CASH3.SA,4.360000133514404,4.380000114440918,4.340000152587891,4.340000152587891,15300
2026-05-12 19:25:00+00:00,CASH3.SA,4.349999904632568,4.349999904632568,4.329999923706055,4.349999904632568,12900
2026-05-12 19:30:00+00:00,CASH3.SA,4.349999904632568,4.349999904632568,4.329999923706055,4.340000152587891,6800
2026-05-12 19:35:00+00:00,CASH3.SA,4.329999923706055,4.340000152587891,4.320000171661377,4.320000171661377,9700
2026-05-12 19:40:00+00:00,CASH3.SA,4.340000152587891,4.349999904632568,4.329999923706055,4.349999904632568,15300
2026-05-12 19:45:00+00:00,CASH3.SA,4.329999923706055,4.340000152587891,4.329999923706055,4.329999923706055,21400
2026-05-12 19:50:00+00:00,CASH3.SA,4.320000171661377,4.340000152587891,4.320000171661377,4.320000171661377,4500
2026-05-13 13:05:00+00:00,CASH3.SA,4.320000171661377,4.329999923706055,4.300000190734863,4.320000171661377,1048200
2026-05-13 13:10:00+00:00,CASH3.SA,4.309999942779541,4.329999923706055,4.300000190734863,4.329999923706055,6200
2026-05-13 13:15:00+00:00,CASH3.SA,4.340000152587891,4.340000152587891,4.309999942779541,4.309999942779541,2300
2026-05-13 13:20:00+00:00,CASH3.SA,4.300000190734863,4.309999942779541,4.300000190734863,4.309999942779541,4000
2026-05-13 13:25:00+00:00,CASH3.SA,4.309999942779541,4.309999942779541,4.289999961853027,4.289999961853027,10100
2026-05-13 13:30:00+00:00,CASH3.SA,4.289999961853027,4.289999961853027,4.260000228881836,4.260000228881836,14800
2026-05-13 13:35:00+00:00,CASH3.SA,4.260000228881836,4.260000228881836,4.25,4.25,30500
2026-05-13 13:40:00+00:00,CASH3.SA,4.239999771118164,4.25,4.239999771118164,4.25,10700
2026-05-13 13:45:00+00:00,CASH3.SA,4.25,4.260000228881836,4.25,4.25,7800
2026-05-13 13:50:00+00:00,CASH3.SA,4.260000228881836,4.269999980926514,4.260000228881836,4.269999980926514,10200
2026-05-13 13:55:00+00:00,CASH3.SA,4.269999980926514,4.269999980926514,4.239999771118164,4.239999771118164,15500
2026-05-13 14:00:00+00:00,CASH3.SA,4.230000019073486,4.260000228881836,4.230000019073486,4.260000228881836,44200
2026-05-13 14:05:00+00:00,CASH3.SA,4.25,4.260000228881836,4.230000019073486,4.260000228881836,6400
2026-05-13 14:10:00+00:00,CASH3.SA,4.260000228881836,4.28000020980835,4.260000228881836,4.269999980926514,3800
2026-05-13 14:15:00+00:00,CASH3.SA,4.260000228881836,4.260000228881836,4.260000228881836,4.260000228881836,900
2026-05-13 14:20:00+00:00,CASH3.SA,4.260000228881836,4.28000020980835,4.260000228881836,4.269999980926514,8500
2026-05-13 14:25:00+00:00,CASH3.SA,4.269999980926514,4.269999980926514,4.260000228881836,4.260000228881836,1200
2026-05-13 14:30:00+00:00,CASH3.SA,4.269999980926514,4.269999980926514,4.260000228881836,4.260000228881836,2000
2026-05-13 14:35:00+00:00,CASH3.SA,4.269999980926514,4.269999980926514,4.269999980926514,4.269999980926514,500
2026-05-13 14:40:00+00:00,CASH3.SA,4.269999980926514,4.269999980926514,4.269999980926514,4.269999980926514,600
2026-05-13 14:50:00+00:00,CASH3.SA,4.269999980926514,4.289999961853027,4.269999980926514,4.289999961853027,2800
2026-05-13 14:55:00+00:00,CASH3.SA,4.289999961853027,4.309999942779541,4.289999961853027,4.300000190734863,3600
2026-05-13 15:00:00+00:00,CASH3.SA,4.300000190734863,4.309999942779541,4.300000190734863,4.300000190734863,1200
2026-05-13 15:05:00+00:00,CASH3.SA,4.300000190734863,4.300000190734863,4.300000190734863,4.300000190734863,200
2026-05-13 15:10:00+00:00,CASH3.SA,4.300000190734863,4.349999904632568,4.289999961853027,4.349999904632568,26300
2026-05-13 15:15:00+00:00,CASH3.SA,4.349999904632568,4.349999904632568,4.340000152587891,4.340000152587891,3300
2026-05-13 15:20:00+00:00,CASH3.SA,4.340000152587891,4.340000152587891,4.320000171661377,4.329999923706055,5300
2026-05-13 15:25:00+00:00,CASH3.SA,4.329999923706055,4.340000152587891,4.320000171661377,4.340000152587891,4400
2026-05-13 15:30:00+00:00,CASH3.SA,4.340000152587891,4.340000152587891,4.309999942779541,4.340000152587891,6800
2026-05-13 15:35:00+00:00,CASH3.SA,4.340000152587891,4.340000152587891,4.329999923706055,4.340000152587891,3300
2026-05-13 15:40:00+00:00,CASH3.SA,4.340000152587891,4.349999904632568,4.340000152587891,4.349999904632568,5400
2026-05-13 15:45:00+00:00,CASH3.SA,4.349999904632568,4.349999904632568,4.340000152587891,4.349999904632568,5300
2026-05-13 15:50:00+00:00,CASH3.SA,4.340000152587891,4.349999904632568,4.329999923706055,4.340000152587891,3600
2026-05-13 15:55:00+00:00,CASH3.SA,4.340000152587891,4.340000152587891,4.329999923706055,4.340000152587891,3100
2026-05-13 16:00:00+00:00,CASH3.SA,4.340000152587891,4.349999904632568,4.309999942779541,4.320000171661377,4500
2026-05-13 16:05:00+00:00,CASH3.SA,4.320000171661377,4.340000152587891,4.320000171661377,4.329999923706055,3600
2026-05-13 16:10:00+00:00,CASH3.SA,4.340000152587891,4.340000152587891,4.320000171661377,4.340000152587891,2800
2026-05-13 16:15:00+00:00,CASH3.SA,4.329999923706055,4.340000152587891,4.329999923706055,4.340000152587891,3200
2026-05-13 16:20:00+00:00,CASH3.SA,4.340000152587891,4.349999904632568,4.329999923706055,4.349999904632568,7700
2026-05-13 16:25:00+00:00,CASH3.SA,4.349999904632568,4.349999904632568,4.329999923706055,4.349999904632568,5400
2026-05-13 16:30:00+00:00,CASH3.SA,4.340000152587891,4.349999904632568,4.329999923706055,4.349999904632568,3500
2026-05-13 16:35:00+00:00,CASH3.SA,4.349999904632568,4.349999904632568,4.340000152587891,4.349999904632568,5000
2026-05-13 16:40:00+00:00,CASH3.SA,4.349999904632568,4.349999904632568,4.329999923706055,4.340000152587891,7200
2026-05-13 16:45:00+00:00,CASH3.SA,4.340000152587891,4.349999904632568,4.329999923706055,4.349999904632568,3400
2026-05-13 16:50:00+00:00,CASH3.SA,4.349999904632568,4.349999904632568,4.340000152587891,4.349999904632568,6000
2026-05-13 16:55:00+00:00,CASH3.SA,4.349999904632568,4.349999904632568,4.340000152587891,4.349999904632568,3100
2026-05-13 17:00:00+00:00,CASH3.SA,4.349999904632568,4.360000133514404,4.340000152587891,4.349999904632568,800
2026-05-13 17:05:00+00:00,CASH3.SA,4.349999904632568,4.349999904632568,4.349999904632568,4.349999904632568,100
2026-05-13 17:10:00+00:00,CASH3.SA,4.349999904632568,4.349999904632568,4.340000152587891,4.349999904632568,7000
2026-05-13 17:15:00+00:00,CASH3.SA,4.349999904632568,4.349999904632568,4.340000152587891,4.349999904632568,10800
2026-05-13 17:20:00+00:00,CASH3.SA,4.349999904632568,4.349999904632568,4.320000171661377,4.349999904632568,19400
2026-05-13 17:25:00+00:00,CASH3.SA,4.360000133514404,4.369999885559082,4.360000133514404,4.369999885559082,27100
2026-05-13 17:30:00+00:00,CASH3.SA,4.380000114440918,4.380000114440918,4.360000133514404,4.380000114440918,1200
2026-05-13 17:35:00+00:00,CASH3.SA,4.380000114440918,4.380000114440918,4.369999885559082,4.380000114440918,6100
2026-05-13 17:40:00+00:00,CASH3.SA,4.380000114440918,4.389999866485596,4.369999885559082,4.389999866485596,3900
2026-05-13 17:45:00+00:00,CASH3.SA,4.389999866485596,4.389999866485596,4.380000114440918,4.380000114440918,4700
2026-05-13 17:50:00+00:00,CASH3.SA,4.369999885559082,4.380000114440918,4.369999885559082,4.380000114440918,900
2026-05-13 17:55:00+00:00,CASH3.SA,4.380000114440918,4.400000095367432,4.369999885559082,4.369999885559082,16700
2026-05-13 18:00:00+00:00,CASH3.SA,4.380000114440918,4.380000114440918,4.340000152587891,4.360000133514404,11200
2026-05-13 18:05:00+00:00,CASH3.SA,4.369999885559082,4.380000114440918,4.360000133514404,4.360000133514404,10300
2026-05-13 18:10:00+00:00,CASH3.SA,4.349999904632568,4.369999885559082,4.320000171661377,4.329999923706055,17600
2026-05-13 18:15:00+00:00,CASH3.SA,4.320000171661377,4.329999923706055,4.300000190734863,4.300000190734863,16800
2026-05-13 18:20:00+00:00,CASH3.SA,4.309999942779541,4.329999923706055,4.309999942779541,4.329999923706055,12100
2026-05-13 18:25:00+00:00,CASH3.SA,4.320000171661377,4.329999923706055,4.309999942779541,4.309999942779541,10800
2026-05-13 18:30:00+00:00,CASH3.SA,4.309999942779541,4.309999942779541,4.309999942779541,4.309999942779541,2900
2026-05-13 18:35:00+00:00,CASH3.SA,4.309999942779541,4.309999942779541,4.289999961853027,4.300000190734863,36900
2026-05-13 18:40:00+00:00,CASH3.SA,4.300000190734863,4.309999942779541,4.269999980926514,4.28000020980835,15200
2026-05-13 18:45:00+00:00,CASH3.SA,4.269999980926514,4.28000020980835,4.25,4.28000020980835,43200
2026-05-13 18:50:00+00:00,CASH3.SA,4.28000020980835,4.289999961853027,4.269999980926514,4.289999961853027,9100
2026-05-13 18:55:00+00:00,CASH3.SA,4.289999961853027,4.289999961853027,4.269999980926514,4.289999961853027,6900
2026-05-13 19:00:00+00:00,CASH3.SA,4.28000020980835,4.289999961853027,4.269999980926514,4.28000020980835,6800
2026-05-13 19:05:00+00:00,CASH3.SA,4.28000020980835,4.289999961853027,4.260000228881836,4.289999961853027,12600
2026-05-13 19:10:00+00:00,CASH3.SA,4.289999961853027,4.289999961853027,4.260000228881836,4.269999980926514,13300
2026-05-13 19:15:00+00:00,CASH3.SA,4.260000228881836,4.269999980926514,4.239999771118164,4.260000228881836,27700
2026-05-13 19:20:00+00:00,CASH3.SA,4.25,4.309999942779541,4.239999771118164,4.309999942779541,89900
2026-05-13 19:25:00+00:00,CASH3.SA,4.300000190734863,4.309999942779541,4.289999961853027,4.309999942779541,16600
2026-05-13 19:30:00+00:00,CASH3.SA,4.309999942779541,4.309999942779541,4.269999980926514,4.269999980926514,10100
2026-05-13 19:35:00+00:00,CASH3.SA,4.28000020980835,4.289999961853027,4.28000020980835,4.28000020980835,11100
2026-05-13 19:40:00+00:00,CASH3.SA,4.289999961853027,4.300000190734863,4.269999980926514,4.300000190734863,19600
2026-05-13 19:45:00+00:00,CASH3.SA,4.28000020980835,4.300000190734863,4.28000020980835,4.289999961853027,6100
2026-05-13 19:50:00+00:00,CASH3.SA,4.289999961853027,4.320000171661377,4.269999980926514,4.289999961853027,50700
2026-05-14 13:00:00+00:00,CASH3.SA,4.239999771118164,4.28000020980835,4.21999979019165,4.28000020980835,0
2026-05-14 13:05:00+00:00,CASH3.SA,4.28000020980835,4.320000171661377,4.28000020980835,4.309999942779541,15200
2026-05-14 13:10:00+00:00,CASH3.SA,4.289999961853027,4.340000152587891,4.289999961853027,4.300000190734863,13100
2026-05-14 13:15:00+00:00,CASH3.SA,4.28000020980835,4.289999961853027,4.269999980926514,4.28000020980835,12000
2026-05-14 13:20:00+00:00,CASH3.SA,4.289999961853027,4.309999942779541,4.289999961853027,4.309999942779541,300
2026-05-14 13:25:00+00:00,CASH3.SA,4.309999942779541,4.309999942779541,4.239999771118164,4.239999771118164,20500
2026-05-14 13:30:00+00:00,CASH3.SA,4.239999771118164,4.239999771118164,4.179999828338623,4.21999979019165,125100
2026-05-14 13:35:00+00:00,CASH3.SA,4.210000038146973,4.21999979019165,4.199999809265137,4.210000038146973,2000
2026-05-14 13:40:00+00:00,CASH3.SA,4.210000038146973,4.210000038146973,4.199999809265137,4.210000038146973,5000
2026-05-14 13:45:00+00:00,CASH3.SA,4.210000038146973,4.21999979019165,4.179999828338623,4.199999809265137,15700
2026-05-14 13:50:00+00:00,CASH3.SA,4.199999809265137,4.199999809265137,4.179999828338623,4.190000057220459,9000
2026-05-14 13:55:00+00:00,CASH3.SA,4.190000057220459,4.230000019073486,4.190000057220459,4.190000057220459,58900
2026-05-14 14:00:00+00:00,CASH3.SA,4.190000057220459,4.199999809265137,4.190000057220459,4.190000057220459,4600
2026-05-14 14:05:00+00:00,CASH3.SA,4.190000057220459,4.190000057220459,4.170000076293945,4.179999828338623,6700
2026-05-14 14:10:00+00:00,CASH3.SA,4.179999828338623,4.179999828338623,4.170000076293945,4.179999828338623,3300
2026-05-14 14:15:00+00:00,CASH3.SA,4.179999828338623,4.190000057220459,4.179999828338623,4.179999828338623,1000
2026-05-14 14:20:00+00:00,CASH3.SA,4.179999828338623,4.190000057220459,4.179999828338623,4.179999828338623,1400
2026-05-14 14:25:00+00:00,CASH3.SA,4.179999828338623,4.179999828338623,4.179999828338623,4.179999828338623,1400
2026-05-14 14:30:00+00:00,CASH3.SA,4.179999828338623,4.190000057220459,4.179999828338623,4.179999828338623,5900
2026-05-14 14:35:00+00:00,CASH3.SA,4.179999828338623,4.21999979019165,4.179999828338623,4.210000038146973,4300
2026-05-14 14:40:00+00:00,CASH3.SA,4.210000038146973,4.210000038146973,4.199999809265137,4.199999809265137,10600
2026-05-14 14:45:00+00:00,CASH3.SA,4.199999809265137,4.21999979019165,4.199999809265137,4.21999979019165,6900
2026-05-14 14:50:00+00:00,CASH3.SA,4.230000019073486,4.239999771118164,4.21999979019165,4.239999771118164,4700
2026-05-14 14:55:00+00:00,CASH3.SA,4.239999771118164,4.260000228881836,4.239999771118164,4.25,7700
2026-05-14 15:00:00+00:00,CASH3.SA,4.25,4.269999980926514,4.25,4.260000228881836,19500
2026-05-14 15:05:00+00:00,CASH3.SA,4.25,4.25,4.239999771118164,4.239999771118164,13200
2026-05-14 15:10:00+00:00,CASH3.SA,4.239999771118164,4.25,4.239999771118164,4.25,3300
2026-05-14 15:15:00+00:00,CASH3.SA,4.25,4.25,4.25,4.25,1600
2026-05-14 15:20:00+00:00,CASH3.SA,4.25,4.269999980926514,4.25,4.260000228881836,5400
2026-05-14 15:25:00+00:00,CASH3.SA,4.260000228881836,4.269999980926514,4.260000228881836,4.260000228881836,3900
2026-05-14 15:30:00+00:00,CASH3.SA,4.269999980926514,4.28000020980835,4.260000228881836,4.269999980926514,4400
2026-05-14 15:35:00+00:00,CASH3.SA,4.269999980926514,4.269999980926514,4.25,4.260000228881836,15200
2026-05-14 15:40:00+00:00,CASH3.SA,4.260000228881836,4.269999980926514,4.260000228881836,4.269999980926514,1800
2026-05-14 15:45:00+00:00,CASH3.SA,4.269999980926514,4.289999961853027,4.269999980926514,4.28000020980835,2300
2026-05-14 15:50:00+00:00,CASH3.SA,4.28000020980835,4.300000190734863,4.28000020980835,4.28000020980835,17400
2026-05-14 15:55:00+00:00,CASH3.SA,4.28000020980835,4.28000020980835,4.260000228881836,4.269999980926514,14500
2026-05-14 16:00:00+00:00,CASH3.SA,4.269999980926514,4.28000020980835,4.260000228881836,4.260000228881836,1200
2026-05-14 16:05:00+00:00,CASH3.SA,4.260000228881836,4.260000228881836,4.25,4.25,2200
2026-05-14 16:10:00+00:00,CASH3.SA,4.25,4.260000228881836,4.239999771118164,4.239999771118164,1800
2026-05-14 16:15:00+00:00,CASH3.SA,4.25,4.260000228881836,4.25,4.25,2300
2026-05-14 16:20:00+00:00,CASH3.SA,4.25,4.260000228881836,4.25,4.260000228881836,2700
2026-05-14 16:25:00+00:00,CASH3.SA,4.260000228881836,4.260000228881836,4.239999771118164,4.25,8600
2026-05-14 16:30:00+00:00,CASH3.SA,4.25,4.25,4.25,4.25,1000
2026-05-14 16:35:00+00:00,CASH3.SA,4.25,4.25,4.230000019073486,4.230000019073486,16600
2026-05-14 16:40:00+00:00,CASH3.SA,4.230000019073486,4.260000228881836,4.230000019073486,4.260000228881836,10000
2026-05-14 16:45:00+00:00,CASH3.SA,4.260000228881836,4.260000228881836,4.260000228881836,4.260000228881836,2500
2026-05-14 16:50:00+00:00,CASH3.SA,4.260000228881836,4.260000228881836,4.25,4.260000228881836,1000
2026-05-14 16:55:00+00:00,CASH3.SA,4.260000228881836,4.269999980926514,4.25,4.25,1600
2026-05-14 17:00:00+00:00,CASH3.SA,4.25,4.25,4.25,4.25,1200
2026-05-14 17:05:00+00:00,CASH3.SA,4.25,4.25,4.25,4.25,2600
2026-05-14 17:10:00+00:00,CASH3.SA,4.25,4.25,4.25,4.25,1400
2026-05-14 17:15:00+00:00,CASH3.SA,4.25,4.25,4.25,4.25,4700
2026-05-14 17:20:00+00:00,CASH3.SA,4.230000019073486,4.25,4.230000019073486,4.25,8700
2026-05-14 17:25:00+00:00,CASH3.SA,4.25,4.260000228881836,4.25,4.25,2100
2026-05-14 17:30:00+00:00,CASH3.SA,4.25,4.28000020980835,4.25,4.269999980926514,6200
2026-05-14 17:35:00+00:00,CASH3.SA,4.269999980926514,4.28000020980835,4.269999980926514,4.269999980926514,2000
2026-05-14 17:40:00+00:00,CASH3.SA,4.269999980926514,4.289999961853027,4.269999980926514,4.269999980926514,12200
2026-05-14 17:45:00+00:00,CASH3.SA,4.260000228881836,4.28000020980835,4.260000228881836,4.269999980926514,1200
2026-05-14 17:50:00+00:00,CASH3.SA,4.28000020980835,4.28000020980835,4.260000228881836,4.260000228881836,3400
2026-05-14 17:55:00+00:00,CASH3.SA,4.269999980926514,4.269999980926514,4.260000228881836,4.260000228881836,1400
2026-05-14 18:00:00+00:00,CASH3.SA,4.260000228881836,4.260000228881836,4.239999771118164,4.239999771118164,8200
2026-05-14 18:05:00+00:00,CASH3.SA,4.25,4.25,4.230000019073486,4.25,13400
2026-05-14 18:10:00+00:00,CASH3.SA,4.25,4.260000228881836,4.239999771118164,4.260000228881836,3600
2026-05-14 18:15:00+00:00,CASH3.SA,4.25,4.25,4.239999771118164,4.239999771118164,1700
2026-05-14 18:20:00+00:00,CASH3.SA,4.25,4.25,4.239999771118164,4.239999771118164,1900
2026-05-14 18:25:00+00:00,CASH3.SA,4.239999771118164,4.25,4.230000019073486,4.230000019073486,2300
2026-05-14 18:30:00+00:00,CASH3.SA,4.239999771118164,4.239999771118164,4.230000019073486,4.230000019073486,1600
2026-05-14 18:35:00+00:00,CASH3.SA,4.239999771118164,4.239999771118164,4.21999979019165,4.21999979019165,11300
2026-05-14 18:40:00+00:00,CASH3.SA,4.21999979019165,4.239999771118164,4.21999979019165,4.21999979019165,15600
2026-05-14 18:45:00+00:00,CASH3.SA,4.21999979019165,4.289999961853027,4.21999979019165,4.289999961853027,37300
2026-05-14 18:50:00+00:00,CASH3.SA,4.28000020980835,4.300000190734863,4.28000020980835,4.300000190734863,8800
2026-05-14 18:55:00+00:00,CASH3.SA,4.300000190734863,4.309999942779541,4.269999980926514,4.28000020980835,44900
2026-05-14 19:00:00+00:00,CASH3.SA,4.28000020980835,4.28000020980835,4.269999980926514,4.28000020980835,9900
2026-05-14 19:05:00+00:00,CASH3.SA,4.28000020980835,4.309999942779541,4.269999980926514,4.300000190734863,42300
2026-05-14 19:10:00+00:00,CASH3.SA,4.300000190734863,4.300000190734863,4.269999980926514,4.289999961853027,11900
2026-05-14 19:15:00+00:00,CASH3.SA,4.289999961853027,4.300000190734863,4.28000020980835,4.300000190734863,5700
2026-05-14 19:20:00+00:00,CASH3.SA,4.300000190734863,4.300000190734863,4.28000020980835,4.300000190734863,6600
2026-05-14 19:25:00+00:00,CASH3.SA,4.289999961853027,4.289999961853027,4.28000020980835,4.289999961853027,4900
2026-05-14 19:30:00+00:00,CASH3.SA,4.28000020980835,4.300000190734863,4.260000228881836,4.28000020980835,25000
2026-05-14 19:35:00+00:00,CASH3.SA,4.28000020980835,4.289999961853027,4.269999980926514,4.28000020980835,18700
2026-05-14 19:40:00+00:00,CASH3.SA,4.289999961853027,4.289999961853027,4.269999980926514,4.28000020980835,12100
2026-05-14 19:45:00+00:00,CASH3.SA,4.28000020980835,4.28000020980835,4.269999980926514,4.28000020980835,14000
2026-05-14 19:50:00+00:00,CASH3.SA,4.28000020980835,4.289999961853027,4.269999980926514,4.269999980926514,9300
2026-05-15 13:00:00+00:00,CASH3.SA,4.320000171661377,4.349999904632568,4.239999771118164,4.260000228881836,0
2026-05-15 13:05:00+00:00,CASH3.SA,4.260000228881836,4.269999980926514,4.119999885559082,4.150000095367432,53700
2026-05-15 13:10:00+00:00,CASH3.SA,4.130000114440918,4.150000095367432,4.090000152587891,4.130000114440918,149100
2026-05-15 13:15:00+00:00,CASH3.SA,4.119999885559082,4.150000095367432,4.099999904632568,4.130000114440918,34900
2026-05-15 13:20:00+00:00,CASH3.SA,4.130000114440918,4.150000095367432,4.119999885559082,4.119999885559082,11600
2026-05-15 13:25:00+00:00,CASH3.SA,4.130000114440918,4.130000114440918,4.070000171661377,4.099999904632568,64500
2026-05-15 13:30:00+00:00,CASH3.SA,4.110000133514404,4.110000133514404,4.079999923706055,4.099999904632568,60500
2026-05-15 13:35:00+00:00,CASH3.SA,4.099999904632568,4.099999904632568,4.099999904632568,4.099999904632568,13300
2026-05-15 13:40:00+00:00,CASH3.SA,4.099999904632568,4.099999904632568,4.070000171661377,4.099999904632568,44900
2026-05-15 13:45:00+00:00,CASH3.SA,4.099999904632568,4.099999904632568,4.070000171661377,4.070000171661377,35800
2026-05-15 13:50:00+00:00,CASH3.SA,4.079999923706055,4.090000152587891,4.059999942779541,4.079999923706055,11400
2026-05-15 13:55:00+00:00,CASH3.SA,4.079999923706055,4.090000152587891,4.070000171661377,4.079999923706055,13200
2026-05-15 14:00:00+00:00,CASH3.SA,4.090000152587891,4.090000152587891,4.059999942779541,4.070000171661377,9300
2026-05-15 14:05:00+00:00,CASH3.SA,4.059999942779541,4.070000171661377,4.050000190734863,4.059999942779541,10200
2026-05-15 14:10:00+00:00,CASH3.SA,4.059999942779541,4.099999904632568,4.059999942779541,4.099999904632568,5800
2026-05-15 14:15:00+00:00,CASH3.SA,4.099999904632568,4.139999866485596,4.099999904632568,4.130000114440918,11600
2026-05-15 14:20:00+00:00,CASH3.SA,4.130000114440918,4.139999866485596,4.130000114440918,4.130000114440918,1800
2026-05-15 14:25:00+00:00,CASH3.SA,4.130000114440918,4.130000114440918,4.119999885559082,4.130000114440918,31300
2026-05-15 14:30:00+00:00,CASH3.SA,4.139999866485596,4.139999866485596,4.130000114440918,4.130000114440918,12100
2026-05-15 14:35:00+00:00,CASH3.SA,4.130000114440918,4.150000095367432,4.130000114440918,4.150000095367432,17500
2026-05-15 14:40:00+00:00,CASH3.SA,4.139999866485596,4.139999866485596,4.130000114440918,4.139999866485596,8800
2026-05-15 14:45:00+00:00,CASH3.SA,4.150000095367432,4.150000095367432,4.130000114440918,4.139999866485596,13900
2026-05-15 14:50:00+00:00,CASH3.SA,4.139999866485596,4.150000095367432,4.130000114440918,4.139999866485596,66900
2026-05-15 14:55:00+00:00,CASH3.SA,4.139999866485596,4.139999866485596,4.130000114440918,4.139999866485596,16400
2026-05-15 15:00:00+00:00,CASH3.SA,4.139999866485596,4.150000095367432,4.130000114440918,4.139999866485596,18800
2026-05-15 15:05:00+00:00,CASH3.SA,4.139999866485596,4.150000095367432,4.130000114440918,4.139999866485596,23800
2026-05-15 15:10:00+00:00,CASH3.SA,4.139999866485596,4.150000095367432,4.130000114440918,4.139999866485596,39100
2026-05-15 15:15:00+00:00,CASH3.SA,4.139999866485596,4.150000095367432,4.130000114440918,4.139999866485596,24800
2026-05-15 15:20:00+00:00,CASH3.SA,4.139999866485596,4.139999866485596,4.119999885559082,4.139999866485596,72300
2026-05-15 15:25:00+00:00,CASH3.SA,4.139999866485596,4.139999866485596,4.139999866485596,4.139999866485596,11500
2026-05-15 15:30:00+00:00,CASH3.SA,4.150000095367432,4.150000095367432,4.139999866485596,4.139999866485596,16100
2026-05-15 15:35:00+00:00,CASH3.SA,4.139999866485596,4.139999866485596,4.130000114440918,4.139999866485596,26500
2026-05-15 15:40:00+00:00,CASH3.SA,4.139999866485596,4.139999866485596,4.130000114440918,4.139999866485596,4500
2026-05-15 15:45:00+00:00,CASH3.SA,4.139999866485596,4.150000095367432,4.139999866485596,4.139999866485596,4500
2026-05-15 15:50:00+00:00,CASH3.SA,4.139999866485596,4.139999866485596,4.139999866485596,4.139999866485596,7400
2026-05-15 15:55:00+00:00,CASH3.SA,4.139999866485596,4.139999866485596,4.139999866485596,4.139999866485596,3700
2026-05-15 16:00:00+00:00,CASH3.SA,4.139999866485596,4.139999866485596,4.139999866485596,4.139999866485596,2800
2026-05-15 16:05:00+00:00,CASH3.SA,4.139999866485596,4.139999866485596,4.139999866485596,4.139999866485596,1700
2026-05-15 16:10:00+00:00,CASH3.SA,4.139999866485596,4.150000095367432,4.130000114440918,4.139999866485596,31700
2026-05-15 16:15:00+00:00,CASH3.SA,4.150000095367432,4.150000095367432,4.139999866485596,4.139999866485596,5700
2026-05-15 16:20:00+00:00,CASH3.SA,4.150000095367432,4.159999847412109,4.139999866485596,4.150000095367432,8900
2026-05-15 16:25:00+00:00,CASH3.SA,4.159999847412109,4.170000076293945,4.150000095367432,4.150000095367432,7700
2026-05-15 16:30:00+00:00,CASH3.SA,4.159999847412109,4.170000076293945,4.139999866485596,4.159999847412109,7900
2026-05-15 16:35:00+00:00,CASH3.SA,4.150000095367432,4.159999847412109,4.150000095367432,4.159999847412109,4000
2026-05-15 16:40:00+00:00,CASH3.SA,4.159999847412109,4.170000076293945,4.150000095367432,4.159999847412109,7500
2026-05-15 16:45:00+00:00,CASH3.SA,4.150000095367432,4.170000076293945,4.150000095367432,4.170000076293945,5100
2026-05-15 16:50:00+00:00,CASH3.SA,4.150000095367432,4.170000076293945,4.150000095367432,4.159999847412109,7700
2026-05-15 16:55:00+00:00,CASH3.SA,4.159999847412109,4.159999847412109,4.139999866485596,4.159999847412109,6200
2026-05-15 17:00:00+00:00,CASH3.SA,4.159999847412109,4.159999847412109,4.150000095367432,4.159999847412109,8400
2026-05-15 17:05:00+00:00,CASH3.SA,4.150000095367432,4.170000076293945,4.150000095367432,4.170000076293945,5700
2026-05-15 17:10:00+00:00,CASH3.SA,4.170000076293945,4.170000076293945,4.159999847412109,4.170000076293945,4800
2026-05-15 17:15:00+00:00,CASH3.SA,4.170000076293945,4.170000076293945,4.150000095367432,4.159999847412109,9900
2026-05-15 17:20:00+00:00,CASH3.SA,4.170000076293945,4.179999828338623,4.159999847412109,4.179999828338623,4800
2026-05-15 17:25:00+00:00,CASH3.SA,4.179999828338623,4.179999828338623,4.159999847412109,4.170000076293945,7700
2026-05-15 17:30:00+00:00,CASH3.SA,4.159999847412109,4.170000076293945,4.159999847412109,4.170000076293945,4000
2026-05-15 17:35:00+00:00,CASH3.SA,4.159999847412109,4.170000076293945,4.159999847412109,4.170000076293945,9100
2026-05-15 17:40:00+00:00,CASH3.SA,4.170000076293945,4.170000076293945,4.159999847412109,4.170000076293945,11400
2026-05-15 17:45:00+00:00,CASH3.SA,4.170000076293945,4.170000076293945,4.150000095367432,4.170000076293945,14500
2026-05-15 17:50:00+00:00,CASH3.SA,4.159999847412109,4.179999828338623,4.159999847412109,4.179999828338623,14900
2026-05-15 17:55:00+00:00,CASH3.SA,4.179999828338623,4.179999828338623,4.170000076293945,4.170000076293945,4400
2026-05-15 18:00:00+00:00,CASH3.SA,4.179999828338623,4.179999828338623,4.170000076293945,4.170000076293945,4700
2026-05-15 18:05:00+00:00,CASH3.SA,4.179999828338623,4.179999828338623,4.159999847412109,4.179999828338623,11500
2026-05-15 18:10:00+00:00,CASH3.SA,4.179999828338623,4.179999828338623,4.130000114440918,4.159999847412109,47300
2026-05-15 18:15:00+00:00,CASH3.SA,4.159999847412109,4.159999847412109,4.110000133514404,4.119999885559082,71600
2026-05-15 18:20:00+00:00,CASH3.SA,4.119999885559082,4.130000114440918,4.099999904632568,4.130000114440918,53500
2026-05-15 18:25:00+00:00,CASH3.SA,4.130000114440918,4.130000114440918,4.099999904632568,4.119999885559082,10100
2026-05-15 18:30:00+00:00,CASH3.SA,4.119999885559082,4.170000076293945,4.119999885559082,4.170000076293945,88900
2026-05-15 18:35:00+00:00,CASH3.SA,4.170000076293945,4.21999979019165,4.159999847412109,4.210000038146973,58400
2026-05-15 18:40:00+00:00,CASH3.SA,4.21999979019165,4.25,4.21999979019165,4.25,26600
2026-05-15 18:45:00+00:00,CASH3.SA,4.25,4.260000228881836,4.239999771118164,4.25,21200
2026-05-15 18:50:00+00:00,CASH3.SA,4.25,4.260000228881836,4.25,4.25,26600
2026-05-15 18:55:00+00:00,CASH3.SA,4.25,4.260000228881836,4.25,4.25,13800
2026-05-15 19:00:00+00:00,CASH3.SA,4.25,4.260000228881836,4.25,4.25,9200
2026-05-15 19:05:00+00:00,CASH3.SA,4.25,4.25,4.25,4.25,9600
2026-05-15 19:10:00+00:00,CASH3.SA,4.25,4.260000228881836,4.210000038146973,4.210000038146973,18800
2026-05-15 19:15:00+00:00,CASH3.SA,4.210000038146973,4.230000019073486,4.190000057220459,4.199999809265137,21000
2026-05-15 19:20:00+00:00,CASH3.SA,4.199999809265137,4.199999809265137,4.179999828338623,4.190000057220459,30400
2026-05-15 19:25:00+00:00,CASH3.SA,4.179999828338623,4.190000057220459,4.159999847412109,4.170000076293945,19900
2026-05-15 19:30:00+00:00,CASH3.SA,4.170000076293945,4.170000076293945,4.110000133514404,4.159999847412109,53700
2026-05-15 19:35:00+00:00,CASH3.SA,4.159999847412109,4.159999847412109,4.139999866485596,4.150000095367432,25300
2026-05-15 19:40:00+00:00,CASH3.SA,4.150000095367432,4.150000095367432,4.139999866485596,4.139999866485596,9200
2026-05-15 19:45:00+00:00,CASH3.SA,4.150000095367432,4.150000095367432,4.139999866485596,4.150000095367432,5100
2026-05-15 19:50:00+00:00,CASH3.SA,4.139999866485596,4.150000095367432,4.119999885559082,4.119999885559082,21600
2026-05-18 13:00:00+00:00,CASH3.SA,4.139999866485596,4.139999866485596,4.099999904632568,4.110000133514404,0
2026-05-18 13:05:00+00:00,CASH3.SA,4.110000133514404,4.110000133514404,4.110000133514404,4.110000133514404,600
2026-05-18 13:10:00+00:00,CASH3.SA,4.110000133514404,4.130000114440918,4.099999904632568,4.119999885559082,19200
2026-05-18 13:15:00+00:00,CASH3.SA,4.119999885559082,4.119999885559082,4.110000133514404,4.119999885559082,700
2026-05-18 13:20:00+00:00,CASH3.SA,4.110000133514404,4.110000133514404,4.099999904632568,4.099999904632568,10000
2026-05-18 13:25:00+00:00,CASH3.SA,4.099999904632568,4.110000133514404,4.099999904632568,4.110000133514404,3900
2026-05-18 13:30:00+00:00,CASH3.SA,4.119999885559082,4.119999885559082,4.099999904632568,4.110000133514404,34800
2026-05-18 13:35:00+00:00,CASH3.SA,4.110000133514404,4.110000133514404,4.050000190734863,4.050000190734863,22300
2026-05-18 13:40:00+00:00,CASH3.SA,4.050000190734863,4.050000190734863,4.019999980926514,4.039999961853027,54100
2026-05-18 13:45:00+00:00,CASH3.SA,4.039999961853027,4.070000171661377,4.039999961853027,4.070000171661377,16700
2026-05-18 13:50:00+00:00,CASH3.SA,4.079999923706055,4.110000133514404,4.070000171661377,4.099999904632568,8100
2026-05-18 13:55:00+00:00,CASH3.SA,4.110000133514404,4.110000133514404,4.079999923706055,4.079999923706055,2200
2026-05-18 14:00:00+00:00,CASH3.SA,4.079999923706055,4.090000152587891,4.039999961853027,4.039999961853027,55300
2026-05-18 14:05:00+00:00,CASH3.SA,4.03000020980835,4.039999961853027,4.03000020980835,4.03000020980835,4000
2026-05-18 14:10:00+00:00,CASH3.SA,4.03000020980835,4.03000020980835,3.990000009536743,3.990000009536743,50700
2026-05-18 14:15:00+00:00,CASH3.SA,3.990000009536743,4.0,3.990000009536743,4.0,47500
2026-05-18 14:20:00+00:00,CASH3.SA,4.0,4.0,4.0,4.0,22900
2026-05-18 14:25:00+00:00,CASH3.SA,4.0,4.010000228881836,4.0,4.010000228881836,3000
2026-05-18 14:30:00+00:00,CASH3.SA,4.010000228881836,4.010000228881836,3.9800000190734863,4.0,86600
2026-05-18 14:35:00+00:00,CASH3.SA,4.0,4.0,3.990000009536743,4.0,30200
2026-05-18 14:40:00+00:00,CASH3.SA,4.0,4.039999961853027,3.990000009536743,4.03000020980835,30800
2026-05-18 14:45:00+00:00,CASH3.SA,4.03000020980835,4.059999942779541,4.019999980926514,4.059999942779541,23600
2026-05-18 14:50:00+00:00,CASH3.SA,4.050000190734863,4.059999942779541,4.039999961853027,4.050000190734863,15400
2026-05-18 14:55:00+00:00,CASH3.SA,4.039999961853027,4.050000190734863,4.03000020980835,4.03000020980835,8400
2026-05-18 15:00:00+00:00,CASH3.SA,4.03000020980835,4.050000190734863,4.019999980926514,4.03000020980835,15500
2026-05-18 15:05:00+00:00,CASH3.SA,4.03000020980835,4.03000020980835,4.019999980926514,4.03000020980835,6800
2026-05-18 15:10:00+00:00,CASH3.SA,4.03000020980835,4.03000020980835,4.0,4.0,13400
2026-05-18 15:15:00+00:00,CASH3.SA,3.990000009536743,4.0,3.9800000190734863,4.0,35600
2026-05-18 15:20:00+00:00,CASH3.SA,3.990000009536743,4.0,3.9800000190734863,4.0,9800
2026-05-18 15:25:00+00:00,CASH3.SA,4.0,4.0,3.990000009536743,3.990000009536743,8300
2026-05-18 15:30:00+00:00,CASH3.SA,3.9800000190734863,4.0,3.9800000190734863,4.0,10800
2026-05-18 15:35:00+00:00,CASH3.SA,3.990000009536743,4.010000228881836,3.990000009536743,4.0,8600
2026-05-18 15:40:00+00:00,CASH3.SA,4.0,4.010000228881836,4.0,4.010000228881836,8800
2026-05-18 15:45:00+00:00,CASH3.SA,4.0,4.010000228881836,4.0,4.010000228881836,6500
2026-05-18 15:50:00+00:00,CASH3.SA,4.010000228881836,4.010000228881836,3.990000009536743,4.0,18900
2026-05-18 15:55:00+00:00,CASH3.SA,3.990000009536743,4.010000228881836,3.990000009536743,4.010000228881836,26100
2026-05-18 16:00:00+00:00,CASH3.SA,4.010000228881836,4.010000228881836,3.9800000190734863,3.990000009536743,53400
2026-05-18 16:05:00+00:00,CASH3.SA,3.9800000190734863,3.990000009536743,3.9800000190734863,3.990000009536743,9000
2026-05-18 16:10:00+00:00,CASH3.SA,3.990000009536743,3.990000009536743,3.9800000190734863,3.990000009536743,7400
2026-05-18 16:15:00+00:00,CASH3.SA,3.9800000190734863,3.990000009536743,3.9800000190734863,3.990000009536743,5800
2026-05-18 16:20:00+00:00,CASH3.SA,3.9800000190734863,3.990000009536743,3.9600000381469727,3.9800000190734863,17300
2026-05-18 16:25:00+00:00,CASH3.SA,3.9800000190734863,3.9800000190734863,3.950000047683716,3.950000047683716,38300
2026-05-18 16:30:00+00:00,CASH3.SA,3.9600000381469727,3.9600000381469727,3.940000057220459,3.950000047683716,27700
2026-05-18 16:35:00+00:00,CASH3.SA,3.950000047683716,3.950000047683716,3.940000057220459,3.950000047683716,6500
2026-05-18 16:40:00+00:00,CASH3.SA,3.940000057220459,3.950000047683716,3.940000057220459,3.940000057220459,8300
2026-05-18 16:45:00+00:00,CASH3.SA,3.950000047683716,3.9600000381469727,3.930000066757202,3.950000047683716,19700
2026-05-18 16:50:00+00:00,CASH3.SA,3.9600000381469727,3.9600000381469727,3.950000047683716,3.9600000381469727,6300
2026-05-18 16:55:00+00:00,CASH3.SA,3.950000047683716,3.9700000286102295,3.950000047683716,3.9700000286102295,36600
2026-05-18 17:00:00+00:00,CASH3.SA,3.9600000381469727,3.9700000286102295,3.9600000381469727,3.9700000286102295,7800
2026-05-18 17:05:00+00:00,CASH3.SA,3.9600000381469727,3.9700000286102295,3.9600000381469727,3.9600000381469727,7700
2026-05-18 17:10:00+00:00,CASH3.SA,3.9700000286102295,3.9800000190734863,3.9600000381469727,3.9800000190734863,7000
2026-05-18 17:15:00+00:00,CASH3.SA,3.9700000286102295,3.9700000286102295,3.9600000381469727,3.9700000286102295,5600
2026-05-18 17:20:00+00:00,CASH3.SA,3.9600000381469727,3.9700000286102295,3.950000047683716,3.9600000381469727,18300
2026-05-18 17:25:00+00:00,CASH3.SA,3.950000047683716,3.9600000381469727,3.950000047683716,3.950000047683716,7800
2026-05-18 17:30:00+00:00,CASH3.SA,3.950000047683716,3.9600000381469727,3.940000057220459,3.9600000381469727,12600
2026-05-18 17:35:00+00:00,CASH3.SA,3.950000047683716,3.9600000381469727,3.950000047683716,3.950000047683716,6000
2026-05-18 17:40:00+00:00,CASH3.SA,3.9600000381469727,3.9600000381469727,3.950000047683716,3.9600000381469727,7000
2026-05-18 17:45:00+00:00,CASH3.SA,3.9600000381469727,3.9600000381469727,3.940000057220459,3.950000047683716,14800
2026-05-18 17:50:00+00:00,CASH3.SA,3.940000057220459,3.950000047683716,3.940000057220459,3.940000057220459,7000
2026-05-18 17:55:00+00:00,CASH3.SA,3.950000047683716,3.950000047683716,3.940000057220459,3.950000047683716,9800
2026-05-18 18:00:00+00:00,CASH3.SA,3.950000047683716,3.950000047683716,3.9200000762939453,3.930000066757202,58700
2026-05-18 18:05:00+00:00,CASH3.SA,3.940000057220459,3.940000057220459,3.930000066757202,3.940000057220459,10400
2026-05-18 18:10:00+00:00,CASH3.SA,3.930000066757202,3.940000057220459,3.930000066757202,3.940000057220459,9000
2026-05-18 18:15:00+00:00,CASH3.SA,3.930000066757202,3.940000057220459,3.9200000762939453,3.9200000762939453,17000
2026-05-18 18:20:00+00:00,CASH3.SA,3.930000066757202,3.930000066757202,3.9200000762939453,3.9200000762939453,8600
2026-05-18 18:25:00+00:00,CASH3.SA,3.930000066757202,3.930000066757202,3.9100000858306885,3.9100000858306885,51700
2026-05-18 18:30:00+00:00,CASH3.SA,3.9200000762939453,3.9200000762939453,3.9100000858306885,3.9200000762939453,8300
2026-05-18 18:35:00+00:00,CASH3.SA,3.9100000858306885,3.9200000762939453,3.9100000858306885,3.9200000762939453,9000
2026-05-18 18:40:00+00:00,CASH3.SA,3.9100000858306885,3.9200000762939453,3.9000000953674316,3.9100000858306885,22700
2026-05-18 18:45:00+00:00,CASH3.SA,3.9200000762939453,3.9200000762939453,3.9000000953674316,3.9100000858306885,20200
2026-05-18 18:50:00+00:00,CASH3.SA,3.9100000858306885,3.930000066757202,3.9000000953674316,3.9200000762939453,34200
2026-05-18 18:55:00+00:00,CASH3.SA,3.9200000762939453,3.9200000762939453,3.9000000953674316,3.9200000762939453,21800
2026-05-18 19:00:00+00:00,CASH3.SA,3.9000000953674316,3.940000057220459,3.9000000953674316,3.930000066757202,19900
2026-05-18 19:05:00+00:00,CASH3.SA,3.9200000762939453,3.930000066757202,3.9100000858306885,3.9200000762939453,9100
2026-05-18 19:10:00+00:00,CASH3.SA,3.9200000762939453,3.9200000762939453,3.9000000953674316,3.9100000858306885,16300
2026-05-18 19:15:00+00:00,CASH3.SA,3.9200000762939453,3.9200000762939453,3.9100000858306885,3.9200000762939453,9300
2026-05-18 19:20:00+00:00,CASH3.SA,3.9100000858306885,3.9200000762939453,3.9000000953674316,3.9000000953674316,19300
2026-05-18 19:25:00+00:00,CASH3.SA,3.9100000858306885,3.9100000858306885,3.9000000953674316,3.9000000953674316,17300
2026-05-18 19:30:00+00:00,CASH3.SA,3.9100000858306885,3.9100000858306885,3.9000000953674316,3.9000000953674316,16700
2026-05-18 19:35:00+00:00,CASH3.SA,3.9000000953674316,3.9200000762939453,3.9000000953674316,3.9000000953674316,16100
2026-05-18 19:40:00+00:00,CASH3.SA,3.9100000858306885,3.9200000762939453,3.9000000953674316,3.9100000858306885,22800
2026-05-18 19:45:00+00:00,CASH3.SA,3.9200000762939453,3.9200000762939453,3.9100000858306885,3.9100000858306885,30600
2026-05-18 19:50:00+00:00,CASH3.SA,3.9100000858306885,3.9100000858306885,3.9000000953674316,3.9000000953674316,16000
2026-05-19 13:05:00+00:00,CASH3.SA,3.8399999141693115,3.8399999141693115,3.799999952316284,3.799999952316284,0
2026-05-19 13:10:00+00:00,CASH3.SA,3.799999952316284,3.8299999237060547,3.799999952316284,3.809999942779541,24600
2026-05-19 13:15:00+00:00,CASH3.SA,3.819999933242798,3.819999933242798,3.759999990463257,3.7799999713897705,27100
2026-05-19 13:20:00+00:00,CASH3.SA,3.7799999713897705,3.7799999713897705,3.75,3.7699999809265137,16400
2026-05-19 13:25:00+00:00,CASH3.SA,3.7699999809265137,3.7699999809265137,3.740000009536743,3.740000009536743,22000
2026-05-19 13:30:00+00:00,CASH3.SA,3.75,3.7899999618530273,3.75,3.7899999618530273,56800
2026-05-19 13:35:00+00:00,CASH3.SA,3.7899999618530273,3.8299999237060547,3.7899999618530273,3.8299999237060547,12800
2026-05-19 13:40:00+00:00,CASH3.SA,3.819999933242798,3.859999895095825,3.819999933242798,3.8399999141693115,35200
2026-05-19 13:45:00+00:00,CASH3.SA,3.8399999141693115,3.8499999046325684,3.8299999237060547,3.8499999046325684,20500
2026-05-19 13:50:00+00:00,CASH3.SA,3.859999895095825,3.869999885559082,3.8499999046325684,3.859999895095825,21400
2026-05-19 13:55:00+00:00,CASH3.SA,3.869999885559082,3.869999885559082,3.859999895095825,3.859999895095825,400
2026-05-19 14:00:00+00:00,CASH3.SA,3.869999885559082,3.869999885559082,3.8399999141693115,3.8399999141693115,26500
2026-05-19 14:05:00+00:00,CASH3.SA,3.8499999046325684,3.8499999046325684,3.809999942779541,3.8299999237060547,46200
2026-05-19 14:10:00+00:00,CASH3.SA,3.8399999141693115,3.8499999046325684,3.8299999237060547,3.8399999141693115,4300
2026-05-19 14:15:00+00:00,CASH3.SA,3.8399999141693115,3.8399999141693115,3.8299999237060547,3.8299999237060547,3300
2026-05-19 14:20:00+00:00,CASH3.SA,3.819999933242798,3.819999933242798,3.809999942779541,3.819999933242798,7300
2026-05-19 14:25:00+00:00,CASH3.SA,3.819999933242798,3.819999933242798,3.819999933242798,3.819999933242798,6500
2026-05-19 14:30:00+00:00,CASH3.SA,3.819999933242798,3.869999885559082,3.809999942779541,3.859999895095825,22300
2026-05-19 14:35:00+00:00,CASH3.SA,3.859999895095825,3.9000000953674316,3.8499999046325684,3.9000000953674316,44900
2026-05-19 14:40:00+00:00,CASH3.SA,3.9000000953674316,3.9100000858306885,3.880000114440918,3.880000114440918,7900
2026-05-19 14:45:00+00:00,CASH3.SA,3.880000114440918,3.890000104904175,3.869999885559082,3.880000114440918,5100
2026-05-19 14:50:00+00:00,CASH3.SA,3.880000114440918,3.950000047683716,3.880000114440918,3.950000047683716,19500
2026-05-19 14:55:00+00:00,CASH3.SA,3.940000057220459,3.9800000190734863,3.940000057220459,3.9800000190734863,14100
2026-05-19 15:00:00+00:00,CASH3.SA,3.9700000286102295,3.990000009536743,3.9700000286102295,3.990000009536743,33000
2026-05-19 15:05:00+00:00,CASH3.SA,3.990000009536743,3.990000009536743,3.9700000286102295,3.9800000190734863,11800
2026-05-19 15:10:00+00:00,CASH3.SA,3.9800000190734863,4.0,3.9800000190734863,3.9800000190734863,15300
2026-05-19 15:15:00+00:00,CASH3.SA,3.9800000190734863,3.9800000190734863,3.9600000381469727,3.9700000286102295,25200
2026-05-19 15:20:00+00:00,CASH3.SA,3.9700000286102295,3.9700000286102295,3.930000066757202,3.930000066757202,17000
2026-05-19 15:25:00+00:00,CASH3.SA,3.930000066757202,3.940000057220459,3.9200000762939453,3.940000057220459,7500
2026-05-19 15:30:00+00:00,CASH3.SA,3.940000057220459,3.950000047683716,3.930000066757202,3.940000057220459,10600
2026-05-19 15:35:00+00:00,CASH3.SA,3.950000047683716,3.9600000381469727,3.940000057220459,3.9600000381469727,6800
2026-05-19 15:40:00+00:00,CASH3.SA,3.9600000381469727,3.9600000381469727,3.950000047683716,3.9600000381469727,5900
2026-05-19 15:45:00+00:00,CASH3.SA,3.9600000381469727,3.9700000286102295,3.950000047683716,3.9700000286102295,6800
2026-05-19 15:50:00+00:00,CASH3.SA,3.9700000286102295,3.9800000190734863,3.940000057220459,3.940000057220459,14900
2026-05-19 15:55:00+00:00,CASH3.SA,3.940000057220459,3.940000057220459,3.930000066757202,3.930000066757202,6400
2026-05-19 16:00:00+00:00,CASH3.SA,3.940000057220459,3.940000057220459,3.890000104904175,3.890000104904175,41100
2026-05-19 16:05:00+00:00,CASH3.SA,3.890000104904175,3.9100000858306885,3.880000114440918,3.890000104904175,19600
2026-05-19 16:10:00+00:00,CASH3.SA,3.890000104904175,3.890000104904175,3.869999885559082,3.880000114440918,9000
2026-05-19 16:15:00+00:00,CASH3.SA,3.880000114440918,3.880000114440918,3.859999895095825,3.869999885559082,7600
2026-05-19 16:20:00+00:00,CASH3.SA,3.859999895095825,3.869999885559082,3.859999895095825,3.869999885559082,8400
2026-05-19 16:25:00+00:00,CASH3.SA,3.869999885559082,3.890000104904175,3.869999885559082,3.880000114440918,8400
2026-05-19 16:30:00+00:00,CASH3.SA,3.880000114440918,3.890000104904175,3.869999885559082,3.880000114440918,5300
2026-05-19 16:35:00+00:00,CASH3.SA,3.880000114440918,3.880000114440918,3.869999885559082,3.880000114440918,7400
2026-05-19 16:40:00+00:00,CASH3.SA,3.880000114440918,3.880000114440918,3.859999895095825,3.869999885559082,10500
2026-05-19 16:45:00+00:00,CASH3.SA,3.869999885559082,3.880000114440918,3.869999885559082,3.869999885559082,8200
2026-05-19 16:50:00+00:00,CASH3.SA,3.869999885559082,3.880000114440918,3.859999895095825,3.869999885559082,11100
2026-05-19 16:55:00+00:00,CASH3.SA,3.880000114440918,3.890000104904175,3.869999885559082,3.880000114440918,10600
2026-05-19 17:00:00+00:00,CASH3.SA,3.880000114440918,3.890000104904175,3.869999885559082,3.880000114440918,11100
2026-05-19 17:05:00+00:00,CASH3.SA,3.880000114440918,3.890000104904175,3.869999885559082,3.880000114440918,7500
2026-05-19 17:10:00+00:00,CASH3.SA,3.880000114440918,3.890000104904175,3.869999885559082,3.880000114440918,12600
2026-05-19 17:15:00+00:00,CASH3.SA,3.880000114440918,3.880000114440918,3.859999895095825,3.869999885559082,12800
2026-05-19 17:20:00+00:00,CASH3.SA,3.869999885559082,3.880000114440918,3.859999895095825,3.869999885559082,16100
2026-05-19 17:25:00+00:00,CASH3.SA,3.869999885559082,3.869999885559082,3.8499999046325684,3.859999895095825,6300
2026-05-19 17:30:00+00:00,CASH3.SA,3.859999895095825,3.859999895095825,3.8299999237060547,3.8399999141693115,21700
2026-05-19 17:35:00+00:00,CASH3.SA,3.8399999141693115,3.8399999141693115,3.8299999237060547,3.8399999141693115,7300
2026-05-19 17:40:00+00:00,CASH3.SA,3.8399999141693115,3.8399999141693115,3.8299999237060547,3.8399999141693115,6800
2026-05-19 17:45:00+00:00,CASH3.SA,3.8399999141693115,3.859999895095825,3.8399999141693115,3.859999895095825,13100
2026-05-19 17:50:00+00:00,CASH3.SA,3.859999895095825,3.869999885559082,3.8399999141693115,3.8499999046325684,21800
2026-05-19 17:55:00+00:00,CASH3.SA,3.8499999046325684,3.859999895095825,3.8399999141693115,3.859999895095825,8800
2026-05-19 18:00:00+00:00,CASH3.SA,3.859999895095825,3.859999895095825,3.8499999046325684,3.859999895095825,13200
2026-05-19 18:05:00+00:00,CASH3.SA,3.8499999046325684,3.859999895095825,3.8399999141693115,3.859999895095825,7100
2026-05-19 18:10:00+00:00,CASH3.SA,3.859999895095825,3.859999895095825,3.8399999141693115,3.8499999046325684,6600
2026-05-19 18:15:00+00:00,CASH3.SA,3.8499999046325684,3.8499999046325684,3.8399999141693115,3.8499999046325684,13100
2026-05-19 18:20:00+00:00,CASH3.SA,3.8499999046325684,3.880000114440918,3.8399999141693115,3.880000114440918,34600
2026-05-19 18:25:00+00:00,CASH3.SA,3.880000114440918,3.9000000953674316,3.869999885559082,3.9000000953674316,37900
2026-05-19 18:30:00+00:00,CASH3.SA,3.9000000953674316,3.9000000953674316,3.890000104904175,3.9000000953674316,9600
2026-05-19 18:35:00+00:00,CASH3.SA,3.9000000953674316,3.9000000953674316,3.890000104904175,3.9000000953674316,8900
2026-05-19 18:40:00+00:00,CASH3.SA,3.9000000953674316,3.9100000858306885,3.890000104904175,3.9000000953674316,15300
2026-05-19 18:45:00+00:00,CASH3.SA,3.9100000858306885,3.9100000858306885,3.880000114440918,3.9000000953674316,20300
2026-05-19 18:50:00+00:00,CASH3.SA,3.890000104904175,3.9000000953674316,3.890000104904175,3.9000000953674316,12500
2026-05-19 18:55:00+00:00,CASH3.SA,3.890000104904175,3.890000104904175,3.890000104904175,3.890000104904175,8800
2026-05-19 19:00:00+00:00,CASH3.SA,3.890000104904175,3.9000000953674316,3.890000104904175,3.890000104904175,13500
2026-05-19 19:05:00+00:00,CASH3.SA,3.890000104904175,3.890000104904175,3.880000114440918,3.890000104904175,6700
2026-05-19 19:10:00+00:00,CASH3.SA,3.890000104904175,3.9000000953674316,3.890000104904175,3.9000000953674316,7800
2026-05-19 19:15:00+00:00,CASH3.SA,3.9000000953674316,3.9000000953674316,3.880000114440918,3.890000104904175,20700
2026-05-19 19:20:00+00:00,CASH3.SA,3.890000104904175,3.890000104904175,3.880000114440918,3.890000104904175,14900
2026-05-19 19:25:00+00:00,CASH3.SA,3.890000104904175,3.890000104904175,3.859999895095825,3.880000114440918,32400
2026-05-19 19:30:00+00:00,CASH3.SA,3.880000114440918,3.880000114440918,3.859999895095825,3.869999885559082,13100
2026-05-19 19:35:00+00:00,CASH3.SA,3.859999895095825,3.890000104904175,3.859999895095825,3.890000104904175,57800
2026-05-19 19:40:00+00:00,CASH3.SA,3.9000000953674316,3.9000000953674316,3.880000114440918,3.890000104904175,23300
2026-05-19 19:45:00+00:00,CASH3.SA,3.890000104904175,3.940000057220459,3.880000114440918,3.940000057220459,50000
2026-05-19 19:50:00+00:00,CASH3.SA,3.940000057220459,3.940000057220459,3.9000000953674316,3.9000000953674316,28500
2026-05-20 13:00:00+00:00,CASH3.SA,3.9200000762939453,3.9600000381469727,3.9200000762939453,3.9600000381469727,0
2026-05-20 13:05:00+00:00,CASH3.SA,3.9600000381469727,3.9800000190734863,3.9600000381469727,3.9800000190734863,5200
2026-05-20 13:10:00+00:00,CASH3.SA,3.9800000190734863,3.9800000190734863,3.9800000190734863,3.9800000190734863,6200
2026-05-20 13:15:00+00:00,CASH3.SA,3.9800000190734863,3.9800000190734863,3.9700000286102295,3.9700000286102295,0
2026-05-20 13:20:00+00:00,CASH3.SA,3.9800000190734863,3.9800000190734863,3.9800000190734863,3.9800000190734863,1300
2026-05-20 13:25:00+00:00,CASH3.SA,3.9800000190734863,3.990000009536743,3.950000047683716,3.9600000381469727,12600
2026-05-20 13:30:00+00:00,CASH3.SA,3.9600000381469727,3.9800000190734863,3.940000057220459,3.9600000381469727,50500
2026-05-20 13:35:00+00:00,CASH3.SA,3.940000057220459,3.950000047683716,3.940000057220459,3.950000047683716,3700
2026-05-20 13:40:00+00:00,CASH3.SA,3.950000047683716,3.9600000381469727,3.940000057220459,3.9600000381469727,6100
2026-05-20 13:45:00+00:00,CASH3.SA,3.9700000286102295,4.010000228881836,3.9700000286102295,4.010000228881836,60100
2026-05-20 13:50:00+00:00,CASH3.SA,3.990000009536743,4.010000228881836,3.990000009536743,4.010000228881836,34600
2026-05-20 13:55:00+00:00,CASH3.SA,4.019999980926514,4.019999980926514,4.010000228881836,4.019999980926514,5700
2026-05-20 14:00:00+00:00,CASH3.SA,4.019999980926514,4.03000020980835,4.019999980926514,4.03000020980835,9000
2026-05-20 14:05:00+00:00,CASH3.SA,4.019999980926514,4.019999980926514,4.0,4.0,6700
2026-05-20 14:10:00+00:00,CASH3.SA,4.0,4.019999980926514,4.0,4.019999980926514,6600
2026-05-20 14:15:00+00:00,CASH3.SA,4.010000228881836,4.070000171661377,4.010000228881836,4.070000171661377,23800
2026-05-20 14:20:00+00:00,CASH3.SA,4.070000171661377,4.070000171661377,4.059999942779541,4.059999942779541,10700
2026-05-20 14:25:00+00:00,CASH3.SA,4.050000190734863,4.070000171661377,4.050000190734863,4.059999942779541,5000
2026-05-20 14:30:00+00:00,CASH3.SA,4.070000171661377,4.070000171661377,4.059999942779541,4.070000171661377,10800
2026-05-20 14:35:00+00:00,CASH3.SA,4.070000171661377,4.079999923706055,4.070000171661377,4.079999923706055,2600
2026-05-20 14:40:00+00:00,CASH3.SA,4.070000171661377,4.079999923706055,4.070000171661377,4.079999923706055,8800
2026-05-20 14:45:00+00:00,CASH3.SA,4.079999923706055,4.090000152587891,4.079999923706055,4.090000152587891,11600
2026-05-20 14:50:00+00:00,CASH3.SA,4.090000152587891,4.090000152587891,4.059999942779541,4.090000152587891,23300
2026-05-20 14:55:00+00:00,CASH3.SA,4.099999904632568,4.099999904632568,4.099999904632568,4.099999904632568,8000
2026-05-20 15:00:00+00:00,CASH3.SA,4.090000152587891,4.119999885559082,4.090000152587891,4.119999885559082,31200
2026-05-20 15:05:00+00:00,CASH3.SA,4.110000133514404,4.110000133514404,4.110000133514404,4.110000133514404,2800
2026-05-20 15:10:00+00:00,CASH3.SA,4.110000133514404,4.110000133514404,4.099999904632568,4.099999904632568,5300
2026-05-20 15:15:00+00:00,CASH3.SA,4.099999904632568,4.139999866485596,4.090000152587891,4.099999904632568,67800
2026-05-20 15:20:00+00:00,CASH3.SA,4.099999904632568,4.099999904632568,4.079999923706055,4.090000152587891,30600
2026-05-20 15:25:00+00:00,CASH3.SA,4.090000152587891,4.099999904632568,4.079999923706055,4.099999904632568,34100
2026-05-20 15:30:00+00:00,CASH3.SA,4.099999904632568,4.119999885559082,4.099999904632568,4.110000133514404,13900
2026-05-20 15:35:00+00:00,CASH3.SA,4.110000133514404,4.110000133514404,4.099999904632568,4.110000133514404,9500
2026-05-20 15:40:00+00:00,CASH3.SA,4.099999904632568,4.110000133514404,4.099999904632568,4.110000133514404,2400
2026-05-20 15:45:00+00:00,CASH3.SA,4.110000133514404,4.110000133514404,4.099999904632568,4.110000133514404,4700
2026-05-20 15:50:00+00:00,CASH3.SA,4.110000133514404,4.110000133514404,4.079999923706055,4.079999923706055,26500
2026-05-20 15:55:00+00:00,CASH3.SA,4.079999923706055,4.090000152587891,4.070000171661377,4.070000171661377,16500
2026-05-20 16:00:00+00:00,CASH3.SA,4.070000171661377,4.079999923706055,4.070000171661377,4.070000171661377,3200
2026-05-20 16:05:00+00:00,CASH3.SA,4.070000171661377,4.079999923706055,4.070000171661377,4.070000171661377,4100
2026-05-20 16:10:00+00:00,CASH3.SA,4.070000171661377,4.079999923706055,4.070000171661377,4.070000171661377,1800
2026-05-20 16:15:00+00:00,CASH3.SA,4.070000171661377,4.070000171661377,4.070000171661377,4.070000171661377,3100
2026-05-20 16:20:00+00:00,CASH3.SA,4.070000171661377,4.070000171661377,4.070000171661377,4.070000171661377,1300
2026-05-20 16:25:00+00:00,CASH3.SA,4.070000171661377,4.070000171661377,4.059999942779541,4.059999942779541,11500
2026-05-20 16:30:00+00:00,CASH3.SA,4.059999942779541,4.070000171661377,4.059999942779541,4.070000171661377,8200
2026-05-20 16:35:00+00:00,CASH3.SA,4.070000171661377,4.070000171661377,4.070000171661377,4.070000171661377,1700
2026-05-20 16:40:00+00:00,CASH3.SA,4.070000171661377,4.079999923706055,4.070000171661377,4.079999923706055,2800
2026-05-20 16:45:00+00:00,CASH3.SA,4.090000152587891,4.090000152587891,4.079999923706055,4.079999923706055,15000
2026-05-20 16:50:00+00:00,CASH3.SA,4.079999923706055,4.079999923706055,4.079999923706055,4.079999923706055,900
2026-05-20 16:55:00+00:00,CASH3.SA,4.079999923706055,4.090000152587891,4.079999923706055,4.090000152587891,9100
2026-05-20 17:00:00+00:00,CASH3.SA,4.090000152587891,4.099999904632568,4.090000152587891,4.090000152587891,3000
2026-05-20 17:05:00+00:00,CASH3.SA,4.090000152587891,4.099999904632568,4.090000152587891,4.090000152587891,3800
2026-05-20 17:10:00+00:00,CASH3.SA,4.090000152587891,4.099999904632568,4.090000152587891,4.099999904632568,16600
2026-05-20 17:15:00+00:00,CASH3.SA,4.090000152587891,4.099999904632568,4.090000152587891,4.099999904632568,3000
2026-05-20 17:20:00+00:00,CASH3.SA,4.099999904632568,4.099999904632568,4.099999904632568,4.099999904632568,2000
2026-05-20 17:25:00+00:00,CASH3.SA,4.099999904632568,4.099999904632568,4.090000152587891,4.090000152587891,16800
2026-05-20 17:30:00+00:00,CASH3.SA,4.099999904632568,4.099999904632568,4.090000152587891,4.090000152587891,5300
2026-05-20 17:35:00+00:00,CASH3.SA,4.090000152587891,4.099999904632568,4.090000152587891,4.099999904632568,6100
2026-05-20 17:40:00+00:00,CASH3.SA,4.099999904632568,4.099999904632568,4.099999904632568,4.099999904632568,2700
2026-05-20 17:45:00+00:00,CASH3.SA,4.099999904632568,4.099999904632568,4.090000152587891,4.090000152587891,9700
2026-05-20 17:50:00+00:00,CASH3.SA,4.090000152587891,4.099999904632568,4.090000152587891,4.090000152587891,15500
2026-05-20 17:55:00+00:00,CASH3.SA,4.090000152587891,4.099999904632568,4.090000152587891,4.090000152587891,5000
2026-05-20 18:00:00+00:00,CASH3.SA,4.099999904632568,4.110000133514404,4.090000152587891,4.099999904632568,5100
2026-05-20 18:05:00+00:00,CASH3.SA,4.099999904632568,4.110000133514404,4.099999904632568,4.099999904632568,2400
2026-05-20 18:10:00+00:00,CASH3.SA,4.099999904632568,4.099999904632568,4.099999904632568,4.099999904632568,3100
2026-05-20 18:15:00+00:00,CASH3.SA,4.099999904632568,4.110000133514404,4.099999904632568,4.110000133514404,12800
2026-05-20 18:20:00+00:00,CASH3.SA,4.099999904632568,4.110000133514404,4.099999904632568,4.099999904632568,3200
2026-05-20 18:25:00+00:00,CASH3.SA,4.099999904632568,4.110000133514404,4.099999904632568,4.110000133514404,5500
2026-05-20 18:30:00+00:00,CASH3.SA,4.110000133514404,4.110000133514404,4.110000133514404,4.110000133514404,2000
2026-05-20 18:35:00+00:00,CASH3.SA,4.110000133514404,4.119999885559082,4.110000133514404,4.119999885559082,6200
2026-05-20 18:40:00+00:00,CASH3.SA,4.119999885559082,4.119999885559082,4.110000133514404,4.110000133514404,2900
2026-05-20 18:45:00+00:00,CASH3.SA,4.110000133514404,4.130000114440918,4.110000133514404,4.130000114440918,6500
2026-05-20 18:50:00+00:00,CASH3.SA,4.119999885559082,4.150000095367432,4.119999885559082,4.139999866485596,18300
2026-05-20 18:55:00+00:00,CASH3.SA,4.139999866485596,4.150000095367432,4.139999866485596,4.139999866485596,3800
2026-05-20 19:00:00+00:00,CASH3.SA,4.139999866485596,4.139999866485596,4.139999866485596,4.139999866485596,2500
2026-05-20 19:05:00+00:00,CASH3.SA,4.139999866485596,4.139999866485596,4.139999866485596,4.139999866485596,2100
2026-05-20 19:10:00+00:00,CASH3.SA,4.139999866485596,4.159999847412109,4.139999866485596,4.150000095367432,35700
2026-05-20 19:15:00+00:00,CASH3.SA,4.159999847412109,4.170000076293945,4.150000095367432,4.150000095367432,15200
2026-05-20 19:20:00+00:00,CASH3.SA,4.150000095367432,4.150000095367432,4.130000114440918,4.130000114440918,7000
2026-05-20 19:25:00+00:00,CASH3.SA,4.150000095367432,4.150000095367432,4.130000114440918,4.130000114440918,4400
2026-05-20 19:30:00+00:00,CASH3.SA,4.130000114440918,4.139999866485596,4.119999885559082,4.130000114440918,11100
2026-05-20 19:35:00+00:00,CASH3.SA,4.130000114440918,4.130000114440918,4.119999885559082,4.119999885559082,3700
2026-05-20 19:40:00+00:00,CASH3.SA,4.119999885559082,4.130000114440918,4.119999885559082,4.119999885559082,1900
2026-05-20 19:45:00+00:00,CASH3.SA,4.119999885559082,4.130000114440918,4.110000133514404,4.110000133514404,54900
2026-05-20 19:50:00+00:00,CASH3.SA,4.119999885559082,4.130000114440918,4.099999904632568,4.119999885559082,10100
2026-05-21 13:00:00+00:00,CASH3.SA,4.099999904632568,4.099999904632568,4.079999923706055,4.079999923706055,0
2026-05-21 13:05:00+00:00,CASH3.SA,4.079999923706055,4.079999923706055,4.079999923706055,4.079999923706055,200
2026-05-21 13:10:00+00:00,CASH3.SA,4.070000171661377,4.070000171661377,4.070000171661377,4.070000171661377,400
2026-05-21 13:15:00+00:00,CASH3.SA,4.070000171661377,4.099999904632568,4.070000171661377,4.099999904632568,15900
2026-05-21 13:20:00+00:00,CASH3.SA,4.099999904632568,4.099999904632568,4.090000152587891,4.099999904632568,20700
2026-05-21 13:25:00+00:00,CASH3.SA,4.110000133514404,4.130000114440918,4.099999904632568,4.110000133514404,13100
2026-05-21 13:30:00+00:00,CASH3.SA,4.119999885559082,4.119999885559082,4.110000133514404,4.110000133514404,5500
2026-05-21 13:35:00+00:00,CASH3.SA,4.099999904632568,4.110000133514404,4.099999904632568,4.110000133514404,1800
2026-05-21 13:40:00+00:00,CASH3.SA,4.110000133514404,4.119999885559082,4.110000133514404,4.119999885559082,2200
2026-05-21 13:45:00+00:00,CASH3.SA,4.110000133514404,4.119999885559082,4.099999904632568,4.119999885559082,2000
2026-05-21 13:50:00+00:00,CASH3.SA,4.119999885559082,4.139999866485596,4.119999885559082,4.130000114440918,6600
2026-05-21 13:55:00+00:00,CASH3.SA,4.130000114440918,4.139999866485596,4.130000114440918,4.130000114440918,2300
2026-05-21 14:00:00+00:00,CASH3.SA,4.130000114440918,4.130000114440918,4.119999885559082,4.130000114440918,900
2026-05-21 14:05:00+00:00,CASH3.SA,4.130000114440918,4.130000114440918,4.130000114440918,4.130000114440918,1600
2026-05-21 14:10:00+00:00,CASH3.SA,4.119999885559082,4.139999866485596,4.119999885559082,4.139999866485596,2900
2026-05-21 14:15:00+00:00,CASH3.SA,4.130000114440918,4.130000114440918,4.119999885559082,4.130000114440918,800
2026-05-21 14:20:00+00:00,CASH3.SA,4.119999885559082,4.119999885559082,4.110000133514404,4.110000133514404,400
2026-05-21 14:25:00+00:00,CASH3.SA,4.119999885559082,4.119999885559082,4.119999885559082,4.119999885559082,6400
2026-05-21 14:30:00+00:00,CASH3.SA,4.130000114440918,4.139999866485596,4.119999885559082,4.119999885559082,7700
2026-05-21 14:35:00+00:00,CASH3.SA,4.119999885559082,4.119999885559082,4.119999885559082,4.119999885559082,3800
2026-05-21 14:40:00+00:00,CASH3.SA,4.119999885559082,4.119999885559082,4.099999904632568,4.099999904632568,1600
2026-05-21 14:45:00+00:00,CASH3.SA,4.110000133514404,4.119999885559082,4.110000133514404,4.119999885559082,1700
2026-05-21 14:50:00+00:00,CASH3.SA,4.110000133514404,4.139999866485596,4.110000133514404,4.139999866485596,23200
2026-05-21 14:55:00+00:00,CASH3.SA,4.139999866485596,4.150000095367432,4.139999866485596,4.139999866485596,1500
2026-05-21 15:00:00+00:00,CASH3.SA,4.139999866485596,4.139999866485596,4.139999866485596,4.139999866485596,500
2026-05-21 15:05:00+00:00,CASH3.SA,4.139999866485596,4.139999866485596,4.130000114440918,4.139999866485596,4200
2026-05-21 15:10:00+00:00,CASH3.SA,4.139999866485596,4.150000095367432,4.119999885559082,4.119999885559082,25000
2026-05-21 15:15:00+00:00,CASH3.SA,4.119999885559082,4.119999885559082,4.119999885559082,4.119999885559082,2000
2026-05-21 15:20:00+00:00,CASH3.SA,4.119999885559082,4.119999885559082,4.110000133514404,4.110000133514404,3300
2026-05-21 15:25:00+00:00,CASH3.SA,4.099999904632568,4.110000133514404,4.099999904632568,4.110000133514404,5700
2026-05-21 15:30:00+00:00,CASH3.SA,4.110000133514404,4.110000133514404,4.099999904632568,4.099999904632568,9400
2026-05-21 15:35:00+00:00,CASH3.SA,4.099999904632568,4.110000133514404,4.099999904632568,4.110000133514404,4000
2026-05-21 15:40:00+00:00,CASH3.SA,4.110000133514404,4.110000133514404,4.099999904632568,4.099999904632568,1400
2026-05-21 15:45:00+00:00,CASH3.SA,4.110000133514404,4.119999885559082,4.110000133514404,4.110000133514404,5100
2026-05-21 15:50:00+00:00,CASH3.SA,4.110000133514404,4.110000133514404,4.110000133514404,4.110000133514404,700
2026-05-21 15:55:00+00:00,CASH3.SA,4.110000133514404,4.119999885559082,4.110000133514404,4.110000133514404,2600
2026-05-21 16:00:00+00:00,CASH3.SA,4.110000133514404,4.130000114440918,4.110000133514404,4.119999885559082,14000
2026-05-21 16:05:00+00:00,CASH3.SA,4.119999885559082,4.119999885559082,4.119999885559082,4.119999885559082,700
2026-05-21 16:10:00+00:00,CASH3.SA,4.119999885559082,4.119999885559082,4.110000133514404,4.110000133514404,3800
2026-05-21 16:15:00+00:00,CASH3.SA,4.110000133514404,4.119999885559082,4.110000133514404,4.110000133514404,1600
2026-05-21 16:20:00+00:00,CASH3.SA,4.110000133514404,4.110000133514404,4.099999904632568,4.110000133514404,6900
2026-05-21 16:25:00+00:00,CASH3.SA,4.110000133514404,4.119999885559082,4.110000133514404,4.110000133514404,1100
2026-05-21 16:30:00+00:00,CASH3.SA,4.110000133514404,4.110000133514404,4.110000133514404,4.110000133514404,500
2026-05-21 16:35:00+00:00,CASH3.SA,4.110000133514404,4.119999885559082,4.110000133514404,4.110000133514404,1600
2026-05-21 16:40:00+00:00,CASH3.SA,4.110000133514404,4.110000133514404,4.110000133514404,4.110000133514404,800
2026-05-21 16:45:00+00:00,CASH3.SA,4.110000133514404,4.119999885559082,4.110000133514404,4.110000133514404,1400
2026-05-21 16:50:00+00:00,CASH3.SA,4.110000133514404,4.110000133514404,4.110000133514404,4.110000133514404,2900
2026-05-21 16:55:00+00:00,CASH3.SA,4.110000133514404,4.110000133514404,4.110000133514404,4.110000133514404,1400
2026-05-21 17:00:00+00:00,CASH3.SA,4.110000133514404,4.130000114440918,4.110000133514404,4.130000114440918,7300
2026-05-21 17:05:00+00:00,CASH3.SA,4.139999866485596,4.139999866485596,4.130000114440918,4.130000114440918,600
2026-05-21 17:10:00+00:00,CASH3.SA,4.139999866485596,4.150000095367432,4.130000114440918,4.139999866485596,19300
2026-05-21 17:15:00+00:00,CASH3.SA,4.150000095367432,4.190000057220459,4.150000095367432,4.179999828338623,14600
2026-05-21 17:20:00+00:00,CASH3.SA,4.190000057220459,4.199999809265137,4.170000076293945,4.179999828338623,8500
2026-05-21 17:25:00+00:00,CASH3.SA,4.170000076293945,4.179999828338623,4.170000076293945,4.170000076293945,5300
2026-05-21 17:30:00+00:00,CASH3.SA,4.170000076293945,4.170000076293945,4.159999847412109,4.170000076293945,6300
2026-05-21 17:35:00+00:00,CASH3.SA,4.170000076293945,4.179999828338623,4.170000076293945,4.179999828338623,2400
2026-05-21 17:40:00+00:00,CASH3.SA,4.179999828338623,4.190000057220459,4.179999828338623,4.190000057220459,1100
2026-05-21 17:45:00+00:00,CASH3.SA,4.179999828338623,4.210000038146973,4.179999828338623,4.210000038146973,9100
2026-05-21 17:50:00+00:00,CASH3.SA,4.210000038146973,4.21999979019165,4.199999809265137,4.21999979019165,3900
2026-05-21 17:55:00+00:00,CASH3.SA,4.210000038146973,4.21999979019165,4.199999809265137,4.199999809265137,12300
2026-05-21 18:00:00+00:00,CASH3.SA,4.190000057220459,4.199999809265137,4.179999828338623,4.179999828338623,1900
2026-05-21 18:05:00+00:00,CASH3.SA,4.179999828338623,4.190000057220459,4.179999828338623,4.190000057220459,800
2026-05-21 18:10:00+00:00,CASH3.SA,4.190000057220459,4.190000057220459,4.179999828338623,4.179999828338623,1400
2026-05-21 18:15:00+00:00,CASH3.SA,4.179999828338623,4.190000057220459,4.179999828338623,4.190000057220459,1000
2026-05-21 18:20:00+00:00,CASH3.SA,4.179999828338623,4.190000057220459,4.179999828338623,4.190000057220459,3700
2026-05-21 18:25:00+00:00,CASH3.SA,4.179999828338623,4.190000057220459,4.179999828338623,4.190000057220459,600
2026-05-21 18:30:00+00:00,CASH3.SA,4.190000057220459,4.190000057220459,4.179999828338623,4.179999828338623,11900
2026-05-21 18:35:00+00:00,CASH3.SA,4.179999828338623,4.179999828338623,4.179999828338623,4.179999828338623,5800
2026-05-21 18:40:00+00:00,CASH3.SA,4.179999828338623,4.179999828338623,4.179999828338623,4.179999828338623,1300
2026-05-21 18:45:00+00:00,CASH3.SA,4.190000057220459,4.190000057220459,4.170000076293945,4.170000076293945,8400
2026-05-21 18:50:00+00:00,CASH3.SA,4.170000076293945,4.179999828338623,4.159999847412109,4.159999847412109,14700
2026-05-21 18:55:00+00:00,CASH3.SA,4.159999847412109,4.170000076293945,4.159999847412109,4.170000076293945,4400
2026-05-21 19:00:00+00:00,CASH3.SA,4.179999828338623,4.190000057220459,4.179999828338623,4.190000057220459,6500
2026-05-21 19:05:00+00:00,CASH3.SA,4.190000057220459,4.190000057220459,4.179999828338623,4.190000057220459,12200
2026-05-21 19:10:00+00:00,CASH3.SA,4.190000057220459,4.190000057220459,4.190000057220459,4.190000057220459,1200
2026-05-21 19:15:00+00:00,CASH3.SA,4.179999828338623,4.190000057220459,4.179999828338623,4.179999828338623,10800
2026-05-21 19:20:00+00:00,CASH3.SA,4.179999828338623,4.190000057220459,4.179999828338623,4.179999828338623,2400
2026-05-21 19:25:00+00:00,CASH3.SA,4.179999828338623,4.179999828338623,4.179999828338623,4.179999828338623,3000
2026-05-21 19:30:00+00:00,CASH3.SA,4.179999828338623,4.190000057220459,4.179999828338623,4.179999828338623,3800
2026-05-21 19:35:00+00:00,CASH3.SA,4.179999828338623,4.179999828338623,4.170000076293945,4.170000076293945,5200
2026-05-21 19:40:00+00:00,CASH3.SA,4.170000076293945,4.170000076293945,4.159999847412109,4.159999847412109,22600
2026-05-21 19:45:00+00:00,CASH3.SA,4.159999847412109,4.159999847412109,4.150000095367432,4.150000095367432,6400
2026-05-21 19:50:00+00:00,CASH3.SA,4.150000095367432,4.190000057220459,4.150000095367432,4.190000057220459,5200
2026-05-22 13:05:00+00:00,CASH3.SA,4.21999979019165,4.21999979019165,4.190000057220459,4.210000038146973,1600
2026-05-22 13:10:00+00:00,CASH3.SA,4.210000038146973,4.21999979019165,4.199999809265137,4.199999809265137,7900
2026-05-22 13:15:00+00:00,CASH3.SA,4.190000057220459,4.199999809265137,4.170000076293945,4.199999809265137,1600
2026-05-22 13:20:00+00:00,CASH3.SA,4.199999809265137,4.199999809265137,4.179999828338623,4.179999828338623,3800
2026-05-22 13:25:00+00:00,CASH3.SA,4.179999828338623,4.179999828338623,4.170000076293945,4.179999828338623,1100
2026-05-22 13:30:00+00:00,CASH3.SA,4.170000076293945,4.179999828338623,4.170000076293945,4.179999828338623,2000
2026-05-22 13:35:00+00:00,CASH3.SA,4.170000076293945,4.179999828338623,4.159999847412109,4.179999828338623,8200
2026-05-22 13:40:00+00:00,CASH3.SA,4.179999828338623,4.190000057220459,4.170000076293945,4.170000076293945,2400
2026-05-22 13:45:00+00:00,CASH3.SA,4.170000076293945,4.170000076293945,4.170000076293945,4.170000076293945,6300
2026-05-22 13:50:00+00:00,CASH3.SA,4.179999828338623,4.190000057220459,4.170000076293945,4.170000076293945,7600
2026-05-22 13:55:00+00:00,CASH3.SA,4.170000076293945,4.170000076293945,4.150000095367432,4.150000095367432,5400
2026-05-22 14:00:00+00:00,CASH3.SA,4.139999866485596,4.150000095367432,4.130000114440918,4.130000114440918,8700
2026-05-22 14:05:00+00:00,CASH3.SA,4.119999885559082,4.139999866485596,4.119999885559082,4.139999866485596,3400
2026-05-22 14:10:00+00:00,CASH3.SA,4.130000114440918,4.130000114440918,4.110000133514404,4.110000133514404,10800
2026-05-22 14:15:00+00:00,CASH3.SA,4.099999904632568,4.119999885559082,4.099999904632568,4.099999904632568,3700
2026-05-22 14:20:00+00:00,CASH3.SA,4.099999904632568,4.099999904632568,4.099999904632568,4.099999904632568,2600
2026-05-22 14:25:00+00:00,CASH3.SA,4.099999904632568,4.099999904632568,4.099999904632568,4.099999904632568,600
2026-05-22 14:30:00+00:00,CASH3.SA,4.099999904632568,4.099999904632568,4.090000152587891,4.090000152587891,3800
2026-05-22 14:35:00+00:00,CASH3.SA,4.099999904632568,4.099999904632568,4.099999904632568,4.099999904632568,1400
2026-05-22 14:40:00+00:00,CASH3.SA,4.110000133514404,4.110000133514404,4.090000152587891,4.090000152587891,16400
2026-05-22 14:45:00+00:00,CASH3.SA,4.090000152587891,4.099999904632568,4.090000152587891,4.099999904632568,0
2026-05-22 14:50:00+00:00,CASH3.SA,4.099999904632568,4.099999904632568,4.099999904632568,4.099999904632568,2100
2026-05-22 14:55:00+00:00,CASH3.SA,4.099999904632568,4.099999904632568,4.099999904632568,4.099999904632568,5200
2026-05-22 15:00:00+00:00,CASH3.SA,4.090000152587891,4.099999904632568,4.079999923706055,4.099999904632568,8500
2026-05-22 15:05:00+00:00,CASH3.SA,4.090000152587891,4.099999904632568,4.079999923706055,4.079999923706055,5300
2026-05-22 15:10:00+00:00,CASH3.SA,4.090000152587891,4.090000152587891,4.090000152587891,4.090000152587891,100
2026-05-22 15:15:00+00:00,CASH3.SA,4.090000152587891,4.090000152587891,4.070000171661377,4.070000171661377,5400
2026-05-22 15:20:00+00:00,CASH3.SA,4.079999923706055,4.079999923706055,4.079999923706055,4.079999923706055,2200
2026-05-22 15:25:00+00:00,CASH3.SA,4.079999923706055,4.090000152587891,4.079999923706055,4.090000152587891,1200
2026-05-22 15:30:00+00:00,CASH3.SA,4.090000152587891,4.099999904632568,4.090000152587891,4.090000152587891,2900
2026-05-22 15:35:00+00:00,CASH3.SA,4.090000152587891,4.090000152587891,4.090000152587891,4.090000152587891,3700
2026-05-22 15:40:00+00:00,CASH3.SA,4.079999923706055,4.079999923706055,4.079999923706055,4.079999923706055,500
2026-05-22 15:45:00+00:00,CASH3.SA,4.079999923706055,4.079999923706055,4.079999923706055,4.079999923706055,100
2026-05-22 15:50:00+00:00,CASH3.SA,4.079999923706055,4.090000152587891,4.079999923706055,4.090000152587891,700
2026-05-22 15:55:00+00:00,CASH3.SA,4.090000152587891,4.090000152587891,4.070000171661377,4.079999923706055,15200
2026-05-22 16:00:00+00:00,CASH3.SA,4.090000152587891,4.099999904632568,4.090000152587891,4.099999904632568,1200
2026-05-22 16:05:00+00:00,CASH3.SA,4.079999923706055,4.079999923706055,4.079999923706055,4.079999923706055,800
2026-05-22 16:10:00+00:00,CASH3.SA,4.079999923706055,4.090000152587891,4.079999923706055,4.090000152587891,800
2026-05-22 16:15:00+00:00,CASH3.SA,4.090000152587891,4.090000152587891,4.079999923706055,4.079999923706055,1800
2026-05-22 16:20:00+00:00,CASH3.SA,4.079999923706055,4.079999923706055,4.079999923706055,4.079999923706055,5500
2026-05-22 16:25:00+00:00,CASH3.SA,4.070000171661377,4.079999923706055,4.070000171661377,4.070000171661377,500
2026-05-22 16:30:00+00:00,CASH3.SA,4.079999923706055,4.079999923706055,4.070000171661377,4.070000171661377,1600
2026-05-22 16:35:00+00:00,CASH3.SA,4.070000171661377,4.079999923706055,4.070000171661377,4.079999923706055,1200
2026-05-22 16:40:00+00:00,CASH3.SA,4.079999923706055,4.079999923706055,4.070000171661377,4.070000171661377,600
2026-05-22 16:45:00+00:00,CASH3.SA,4.070000171661377,4.070000171661377,4.070000171661377,4.070000171661377,300
2026-05-22 16:50:00+00:00,CASH3.SA,4.070000171661377,4.070000171661377,4.070000171661377,4.070000171661377,600
2026-05-22 16:55:00+00:00,CASH3.SA,4.079999923706055,4.079999923706055,4.070000171661377,4.070000171661377,1100
2026-05-22 17:00:00+00:00,CASH3.SA,4.079999923706055,4.099999904632568,4.079999923706055,4.099999904632568,6200
2026-05-22 17:05:00+00:00,CASH3.SA,4.099999904632568,4.099999904632568,4.079999923706055,4.090000152587891,3900
2026-05-22 17:10:00+00:00,CASH3.SA,4.090000152587891,4.090000152587891,4.079999923706055,4.079999923706055,800
2026-05-22 17:15:00+00:00,CASH3.SA,4.079999923706055,4.090000152587891,4.079999923706055,4.079999923706055,5200
2026-05-22 17:20:00+00:00,CASH3.SA,4.079999923706055,4.090000152587891,4.079999923706055,4.079999923706055,300
2026-05-22 17:25:00+00:00,CASH3.SA,4.090000152587891,4.110000133514404,4.079999923706055,4.110000133514404,9900
2026-05-22 17:30:00+00:00,CASH3.SA,4.110000133514404,4.119999885559082,4.090000152587891,4.090000152587891,6500
2026-05-22 17:35:00+00:00,CASH3.SA,4.090000152587891,4.099999904632568,4.090000152587891,4.090000152587891,500
2026-05-22 17:40:00+00:00,CASH3.SA,4.099999904632568,4.099999904632568,4.079999923706055,4.079999923706055,3200
2026-05-22 17:45:00+00:00,CASH3.SA,4.079999923706055,4.090000152587891,4.079999923706055,4.079999923706055,4600
2026-05-22 17:50:00+00:00,CASH3.SA,4.070000171661377,4.079999923706055,4.070000171661377,4.079999923706055,300
2026-05-22 17:55:00+00:00,CASH3.SA,4.070000171661377,4.079999923706055,4.070000171661377,4.070000171661377,10900
2026-05-22 18:00:00+00:00,CASH3.SA,4.079999923706055,4.079999923706055,4.059999942779541,4.059999942779541,11200
2026-05-22 18:05:00+00:00,CASH3.SA,4.059999942779541,4.059999942779541,4.039999961853027,4.039999961853027,9500
2026-05-22 18:10:00+00:00,CASH3.SA,4.039999961853027,4.059999942779541,4.03000020980835,4.039999961853027,28600
2026-05-22 18:15:00+00:00,CASH3.SA,4.039999961853027,4.050000190734863,4.039999961853027,4.050000190734863,300
2026-05-22 18:20:00+00:00,CASH3.SA,4.039999961853027,4.050000190734863,4.039999961853027,4.050000190734863,800
2026-05-22 18:25:00+00:00,CASH3.SA,4.050000190734863,4.059999942779541,4.050000190734863,4.050000190734863,600
2026-05-22 18:30:00+00:00,CASH3.SA,4.050000190734863,4.050000190734863,4.050000190734863,4.050000190734863,500
2026-05-22 18:35:00+00:00,CASH3.SA,4.059999942779541,4.059999942779541,4.050000190734863,4.050000190734863,300
2026-05-22 18:40:00+00:00,CASH3.SA,4.050000190734863,4.059999942779541,4.019999980926514,4.019999980926514,22900
2026-05-22 18:45:00+00:00,CASH3.SA,4.019999980926514,4.03000020980835,4.019999980926514,4.03000020980835,12900
2026-05-22 18:50:00+00:00,CASH3.SA,4.039999961853027,4.039999961853027,4.03000020980835,4.039999961853027,1900
2026-05-22 18:55:00+00:00,CASH3.SA,4.03000020980835,4.039999961853027,4.03000020980835,4.039999961853027,500
2026-05-22 19:00:00+00:00,CASH3.SA,4.03000020980835,4.03000020980835,4.019999980926514,4.019999980926514,18400
2026-05-22 19:05:00+00:00,CASH3.SA,4.019999980926514,4.019999980926514,4.010000228881836,4.019999980926514,24400
2026-05-22 19:10:00+00:00,CASH3.SA,4.010000228881836,4.019999980926514,4.010000228881836,4.019999980926514,600
2026-05-22 19:15:00+00:00,CASH3.SA,4.019999980926514,4.03000020980835,4.019999980926514,4.019999980926514,3200
2026-05-22 19:20:00+00:00,CASH3.SA,4.03000020980835,4.03000020980835,4.019999980926514,4.019999980926514,5600
2026-05-22 19:25:00+00:00,CASH3.SA,4.010000228881836,4.019999980926514,4.010000228881836,4.010000228881836,1300
2026-05-22 19:30:00+00:00,CASH3.SA,4.010000228881836,4.019999980926514,4.0,4.010000228881836,58300
2026-05-22 19:35:00+00:00,CASH3.SA,4.019999980926514,4.019999980926514,4.010000228881836,4.010000228881836,1100
2026-05-22 19:40:00+00:00,CASH3.SA,4.019999980926514,4.019999980926514,4.010000228881836,4.010000228881836,4000
2026-05-22 19:45:00+00:00,CASH3.SA,4.019999980926514,4.019999980926514,4.010000228881836,4.010000228881836,8500
2026-05-22 19:50:00+00:00,CASH3.SA,4.010000228881836,4.03000020980835,4.010000228881836,4.010000228881836,9300
2026-05-25 13:00:00+00:00,CASH3.SA,4.079999923706055,4.130000114440918,4.079999923706055,4.130000114440918,0
2026-05-25 13:05:00+00:00,CASH3.SA,4.139999866485596,4.159999847412109,4.139999866485596,4.150000095367432,5200
2026-05-25 13:10:00+00:00,CASH3.SA,4.150000095367432,4.170000076293945,4.150000095367432,4.159999847412109,4400
2026-05-25 13:15:00+00:00,CASH3.SA,4.150000095367432,4.150000095367432,4.150000095367432,4.150000095367432,2000
2026-05-25 13:20:00+00:00,CASH3.SA,4.139999866485596,4.179999828338623,4.139999866485596,4.179999828338623,20000
2026-05-25 13:25:00+00:00,CASH3.SA,4.179999828338623,4.179999828338623,4.170000076293945,4.170000076293945,3400
2026-05-25 13:30:00+00:00,CASH3.SA,4.159999847412109,4.210000038146973,4.159999847412109,4.190000057220459,31100
2026-05-25 13:35:00+00:00,CASH3.SA,4.190000057220459,4.199999809265137,4.190000057220459,4.199999809265137,5300
2026-05-25 13:40:00+00:00,CASH3.SA,4.210000038146973,4.210000038146973,4.190000057220459,4.190000057220459,15900
2026-05-25 13:45:00+00:00,CASH3.SA,4.190000057220459,4.199999809265137,4.170000076293945,4.170000076293945,6600
2026-05-25 13:50:00+00:00,CASH3.SA,4.179999828338623,4.179999828338623,4.170000076293945,4.179999828338623,4500
2026-05-25 13:55:00+00:00,CASH3.SA,4.179999828338623,4.190000057220459,4.159999847412109,4.179999828338623,11100
2026-05-25 14:00:00+00:00,CASH3.SA,4.179999828338623,4.179999828338623,4.150000095367432,4.159999847412109,18000
2026-05-25 14:05:00+00:00,CASH3.SA,4.159999847412109,4.159999847412109,4.159999847412109,4.159999847412109,400
2026-05-25 14:10:00+00:00,CASH3.SA,4.150000095367432,4.159999847412109,4.150000095367432,4.159999847412109,3500
2026-05-25 14:15:00+00:00,CASH3.SA,4.159999847412109,4.179999828338623,4.150000095367432,4.179999828338623,7400
2026-05-25 14:20:00+00:00,CASH3.SA,4.179999828338623,4.179999828338623,4.159999847412109,4.159999847412109,500
2026-05-25 14:25:00+00:00,CASH3.SA,4.159999847412109,4.170000076293945,4.159999847412109,4.170000076293945,1900
2026-05-25 14:30:00+00:00,CASH3.SA,4.159999847412109,4.170000076293945,4.159999847412109,4.159999847412109,500
2026-05-25 14:35:00+00:00,CASH3.SA,4.159999847412109,4.190000057220459,4.159999847412109,4.190000057220459,23700
2026-05-25 14:40:00+00:00,CASH3.SA,4.199999809265137,4.199999809265137,4.170000076293945,4.190000057220459,13900
2026-05-25 14:45:00+00:00,CASH3.SA,4.179999828338623,4.179999828338623,4.179999828338623,4.179999828338623,400
2026-05-25 14:50:00+00:00,CASH3.SA,4.179999828338623,4.190000057220459,4.179999828338623,4.190000057220459,1600
2026-05-25 14:55:00+00:00,CASH3.SA,4.179999828338623,4.179999828338623,4.179999828338623,4.179999828338623,2300
2026-05-25 15:00:00+00:00,CASH3.SA,4.170000076293945,4.170000076293945,4.159999847412109,4.159999847412109,3700
2026-05-25 15:05:00+00:00,CASH3.SA,4.159999847412109,4.179999828338623,4.159999847412109,4.170000076293945,5900
2026-05-25 15:10:00+00:00,CASH3.SA,4.170000076293945,4.190000057220459,4.170000076293945,4.179999828338623,5700
2026-05-25 15:15:00+00:00,CASH3.SA,4.170000076293945,4.179999828338623,4.170000076293945,4.179999828338623,4900
2026-05-25 15:20:00+00:00,CASH3.SA,4.179999828338623,4.179999828338623,4.170000076293945,4.170000076293945,4600
2026-05-25 15:25:00+00:00,CASH3.SA,4.170000076293945,4.179999828338623,4.159999847412109,4.159999847412109,12400
2026-05-25 15:30:00+00:00,CASH3.SA,4.159999847412109,4.170000076293945,4.159999847412109,4.170000076293945,3800
2026-05-25 15:35:00+00:00,CASH3.SA,4.170000076293945,4.170000076293945,4.170000076293945,4.170000076293945,200
2026-05-25 15:40:00+00:00,CASH3.SA,4.179999828338623,4.179999828338623,4.170000076293945,4.170000076293945,5800
2026-05-25 15:45:00+00:00,CASH3.SA,4.170000076293945,4.190000057220459,4.170000076293945,4.179999828338623,1700
2026-05-25 15:50:00+00:00,CASH3.SA,4.190000057220459,4.190000057220459,4.179999828338623,4.190000057220459,1000
2026-05-25 15:55:00+00:00,CASH3.SA,4.190000057220459,4.190000057220459,4.179999828338623,4.179999828338623,300
2026-05-25 16:00:00+00:00,CASH3.SA,4.179999828338623,4.190000057220459,4.119999885559082,4.139999866485596,40000
2026-05-25 16:05:00+00:00,CASH3.SA,4.139999866485596,4.150000095367432,4.139999866485596,4.150000095367432,4300
2026-05-25 16:10:00+00:00,CASH3.SA,4.159999847412109,4.159999847412109,4.139999866485596,4.139999866485596,4400
2026-05-25 16:15:00+00:00,CASH3.SA,4.150000095367432,4.150000095367432,4.139999866485596,4.139999866485596,700
2026-05-25 16:20:00+00:00,CASH3.SA,4.139999866485596,4.150000095367432,4.139999866485596,4.139999866485596,1100
2026-05-25 16:25:00+00:00,CASH3.SA,4.139999866485596,4.150000095367432,4.139999866485596,4.139999866485596,1100
2026-05-25 16:30:00+00:00,CASH3.SA,4.139999866485596,4.139999866485596,4.139999866485596,4.139999866485596,900
2026-05-25 16:35:00+00:00,CASH3.SA,4.139999866485596,4.150000095367432,4.139999866485596,4.139999866485596,900
2026-05-25 16:40:00+00:00,CASH3.SA,4.139999866485596,4.159999847412109,4.139999866485596,4.150000095367432,5700
2026-05-25 16:45:00+00:00,CASH3.SA,4.150000095367432,4.170000076293945,4.150000095367432,4.170000076293945,17500
2026-05-25 16:50:00+00:00,CASH3.SA,4.159999847412109,4.159999847412109,4.159999847412109,4.159999847412109,0
2026-05-25 16:55:00+00:00,CASH3.SA,4.159999847412109,4.170000076293945,4.159999847412109,4.159999847412109,1200
2026-05-25 17:00:00+00:00,CASH3.SA,4.159999847412109,4.159999847412109,4.159999847412109,4.159999847412109,500
2026-05-25 17:05:00+00:00,CASH3.SA,4.159999847412109,4.179999828338623,4.159999847412109,4.170000076293945,11800
2026-05-25 17:10:00+00:00,CASH3.SA,4.159999847412109,4.170000076293945,4.159999847412109,4.159999847412109,1400
2026-05-25 17:15:00+00:00,CASH3.SA,4.159999847412109,4.170000076293945,4.159999847412109,4.159999847412109,2600
2026-05-25 17:20:00+00:00,CASH3.SA,4.159999847412109,4.179999828338623,4.159999847412109,4.179999828338623,8000
2026-05-25 17:25:00+00:00,CASH3.SA,4.170000076293945,4.179999828338623,4.170000076293945,4.179999828338623,1100
2026-05-25 17:30:00+00:00,CASH3.SA,4.170000076293945,4.190000057220459,4.170000076293945,4.179999828338623,5500
2026-05-25 17:35:00+00:00,CASH3.SA,4.179999828338623,4.179999828338623,4.170000076293945,4.179999828338623,5400
2026-05-25 17:40:00+00:00,CASH3.SA,4.179999828338623,4.179999828338623,4.170000076293945,4.170000076293945,0
2026-05-25 17:45:00+00:00,CASH3.SA,4.179999828338623,4.190000057220459,4.170000076293945,4.170000076293945,24800
2026-05-25 17:50:00+00:00,CASH3.SA,4.170000076293945,4.170000076293945,4.170000076293945,4.170000076293945,300
2026-05-25 17:55:00+00:00,CASH3.SA,4.170000076293945,4.170000076293945,4.170000076293945,4.170000076293945,1000
2026-05-25 18:00:00+00:00,CASH3.SA,4.170000076293945,4.179999828338623,4.170000076293945,4.179999828338623,4900
2026-05-25 18:05:00+00:00,CASH3.SA,4.179999828338623,4.190000057220459,4.170000076293945,4.170000076293945,1400
2026-05-25 18:10:00+00:00,CASH3.SA,4.170000076293945,4.179999828338623,4.170000076293945,4.170000076293945,2300
2026-05-25 18:15:00+00:00,CASH3.SA,4.170000076293945,4.179999828338623,4.170000076293945,4.179999828338623,900
2026-05-25 18:20:00+00:00,CASH3.SA,4.170000076293945,4.190000057220459,4.170000076293945,4.190000057220459,5700
2026-05-25 18:25:00+00:00,CASH3.SA,4.179999828338623,4.190000057220459,4.179999828338623,4.190000057220459,9700
2026-05-25 18:30:00+00:00,CASH3.SA,4.190000057220459,4.190000057220459,4.179999828338623,4.179999828338623,1000
2026-05-25 18:35:00+00:00,CASH3.SA,4.179999828338623,4.190000057220459,4.179999828338623,4.179999828338623,1700
2026-05-25 18:40:00+00:00,CASH3.SA,4.190000057220459,4.190000057220459,4.179999828338623,4.179999828338623,2500
2026-05-25 18:45:00+00:00,CASH3.SA,4.179999828338623,4.199999809265137,4.179999828338623,4.199999809265137,14200
2026-05-25 18:50:00+00:00,CASH3.SA,4.199999809265137,4.25,4.190000057220459,4.25,52600
2026-05-25 18:55:00+00:00,CASH3.SA,4.230000019073486,4.230000019073486,4.210000038146973,4.21999979019165,12900
2026-05-25 19:00:00+00:00,CASH3.SA,4.21999979019165,4.21999979019165,4.210000038146973,4.21999979019165,2700
2026-05-25 19:05:00+00:00,CASH3.SA,4.210000038146973,4.21999979019165,4.199999809265137,4.21999979019165,7100
2026-05-25 19:10:00+00:00,CASH3.SA,4.21999979019165,4.21999979019165,4.210000038146973,4.210000038146973,2800
2026-05-25 19:15:00+00:00,CASH3.SA,4.210000038146973,4.210000038146973,4.199999809265137,4.199999809265137,3600
2026-05-25 19:20:00+00:00,CASH3.SA,4.199999809265137,4.199999809265137,4.199999809265137,4.199999809265137,1200
2026-05-25 19:25:00+00:00,CASH3.SA,4.199999809265137,4.210000038146973,4.199999809265137,4.210000038146973,24400
2026-05-25 19:30:00+00:00,CASH3.SA,4.210000038146973,4.210000038146973,4.190000057220459,4.190000057220459,15400
2026-05-25 19:35:00+00:00,CASH3.SA,4.190000057220459,4.210000038146973,4.190000057220459,4.199999809265137,11700
2026-05-25 19:40:00+00:00,CASH3.SA,4.199999809265137,4.210000038146973,4.190000057220459,4.190000057220459,9200
2026-05-25 19:45:00+00:00,CASH3.SA,4.190000057220459,4.199999809265137,4.190000057220459,4.190000057220459,5500
2026-05-25 19:50:00+00:00,CASH3.SA,4.199999809265137,4.199999809265137,4.190000057220459,4.190000057220459,5900
2026-05-26 13:00:00+00:00,CASH3.SA,4.190000057220459,4.199999809265137,4.179999828338623,4.179999828338623,0
2026-05-26 13:05:00+00:00,CASH3.SA,4.179999828338623,4.179999828338623,4.159999847412109,4.159999847412109,2300
2026-05-26 13:10:00+00:00,CASH3.SA,4.150000095367432,4.150000095367432,4.139999866485596,4.150000095367432,5600
2026-05-26 13:15:00+00:00,CASH3.SA,4.150000095367432,4.150000095367432,4.150000095367432,4.150000095367432,17200
2026-05-26 13:20:00+00:00,CASH3.SA,4.150000095367432,4.25,4.150000095367432,4.239999771118164,28200
2026-05-26 13:25:00+00:00,CASH3.SA,4.239999771118164,4.239999771118164,4.210000038146973,4.210000038146973,6800
2026-05-26 13:30:00+00:00,CASH3.SA,4.21999979019165,4.21999979019165,4.210000038146973,4.21999979019165,3100
2026-05-26 13:35:00+00:00,CASH3.SA,4.21999979019165,4.21999979019165,4.199999809265137,4.199999809265137,5600
2026-05-26 13:40:00+00:00,CASH3.SA,4.190000057220459,4.199999809265137,4.170000076293945,4.170000076293945,6000
2026-05-26 13:45:00+00:00,CASH3.SA,4.179999828338623,4.179999828338623,4.179999828338623,4.179999828338623,3200
2026-05-26 13:50:00+00:00,CASH3.SA,4.179999828338623,4.190000057220459,4.159999847412109,4.159999847412109,4700
2026-05-26 13:55:00+00:00,CASH3.SA,4.170000076293945,4.170000076293945,4.159999847412109,4.170000076293945,1400
2026-05-26 14:00:00+00:00,CASH3.SA,4.159999847412109,4.170000076293945,4.159999847412109,4.170000076293945,800
2026-05-26 14:05:00+00:00,CASH3.SA,4.170000076293945,4.179999828338623,4.170000076293945,4.179999828338623,2800
2026-05-26 14:10:00+00:00,CASH3.SA,4.179999828338623,4.179999828338623,4.159999847412109,4.170000076293945,18200
2026-05-26 14:15:00+00:00,CASH3.SA,4.170000076293945,4.179999828338623,4.170000076293945,4.170000076293945,300
2026-05-26 14:20:00+00:00,CASH3.SA,4.179999828338623,4.199999809265137,4.179999828338623,4.199999809265137,1300
2026-05-26 14:25:00+00:00,CASH3.SA,4.199999809265137,4.210000038146973,4.190000057220459,4.190000057220459,4900
2026-05-26 14:30:00+00:00,CASH3.SA,4.199999809265137,4.199999809265137,4.190000057220459,4.190000057220459,2800
2026-05-26 14:35:00+00:00,CASH3.SA,4.199999809265137,4.230000019073486,4.190000057220459,4.21999979019165,16400
2026-05-26 14:40:00+00:00,CASH3.SA,4.21999979019165,4.21999979019165,4.199999809265137,4.199999809265137,5100
2026-05-26 14:45:00+00:00,CASH3.SA,4.199999809265137,4.199999809265137,4.179999828338623,4.190000057220459,3500
2026-05-26 14:50:00+00:00,CASH3.SA,4.190000057220459,4.190000057220459,4.179999828338623,4.179999828338623,800
2026-05-26 14:55:00+00:00,CASH3.SA,4.179999828338623,4.179999828338623,4.179999828338623,4.179999828338623,500
2026-05-26 15:00:00+00:00,CASH3.SA,4.179999828338623,4.190000057220459,4.179999828338623,4.179999828338623,3900
2026-05-26 15:05:00+00:00,CASH3.SA,4.179999828338623,4.179999828338623,4.179999828338623,4.179999828338623,300
2026-05-26 15:10:00+00:00,CASH3.SA,4.179999828338623,4.179999828338623,4.170000076293945,4.170000076293945,10700
2026-05-26 15:15:00+00:00,CASH3.SA,4.179999828338623,4.179999828338623,4.170000076293945,4.170000076293945,6000
2026-05-26 15:20:00+00:00,CASH3.SA,4.170000076293945,4.170000076293945,4.159999847412109,4.159999847412109,1200
2026-05-26 15:25:00+00:00,CASH3.SA,4.159999847412109,4.159999847412109,4.159999847412109,4.159999847412109,900
2026-05-26 15:30:00+00:00,CASH3.SA,4.159999847412109,4.170000076293945,4.159999847412109,4.159999847412109,700
2026-05-26 15:35:00+00:00,CASH3.SA,4.159999847412109,4.170000076293945,4.159999847412109,4.170000076293945,9200
2026-05-26 15:40:00+00:00,CASH3.SA,4.170000076293945,4.170000076293945,4.170000076293945,4.170000076293945,1000
2026-05-26 15:45:00+00:00,CASH3.SA,4.170000076293945,4.170000076293945,4.170000076293945,4.170000076293945,300
2026-05-26 15:50:00+00:00,CASH3.SA,4.170000076293945,4.170000076293945,4.170000076293945,4.170000076293945,1200
2026-05-26 15:55:00+00:00,CASH3.SA,4.170000076293945,4.170000076293945,4.159999847412109,4.159999847412109,5000
2026-05-26 16:00:00+00:00,CASH3.SA,4.159999847412109,4.159999847412109,4.150000095367432,4.150000095367432,1000
2026-05-26 16:05:00+00:00,CASH3.SA,4.150000095367432,4.150000095367432,4.150000095367432,4.150000095367432,100
2026-05-26 16:10:00+00:00,CASH3.SA,4.150000095367432,4.150000095367432,4.150000095367432,4.150000095367432,400
2026-05-26 16:15:00+00:00,CASH3.SA,4.159999847412109,4.159999847412109,4.150000095367432,4.150000095367432,300
2026-05-26 16:20:00+00:00,CASH3.SA,4.150000095367432,4.159999847412109,4.150000095367432,4.150000095367432,22200
2026-05-26 16:25:00+00:00,CASH3.SA,4.150000095367432,4.159999847412109,4.150000095367432,4.159999847412109,2600
2026-05-26 16:30:00+00:00,CASH3.SA,4.159999847412109,4.170000076293945,4.159999847412109,4.159999847412109,4600
2026-05-26 16:35:00+00:00,CASH3.SA,4.159999847412109,4.159999847412109,4.159999847412109,4.159999847412109,3800
2026-05-26 16:40:00+00:00,CASH3.SA,4.159999847412109,4.159999847412109,4.150000095367432,4.150000095367432,1700
2026-05-26 16:45:00+00:00,CASH3.SA,4.150000095367432,4.150000095367432,4.150000095367432,4.150000095367432,400
2026-05-26 16:50:00+00:00,CASH3.SA,4.150000095367432,4.150000095367432,4.150000095367432,4.150000095367432,200
2026-05-26 16:55:00+00:00,CASH3.SA,4.159999847412109,4.159999847412109,4.159999847412109,4.159999847412109,2900
2026-05-26 17:00:00+00:00,CASH3.SA,4.159999847412109,4.159999847412109,4.159999847412109,4.159999847412109,100
2026-05-26 17:05:00+00:00,CASH3.SA,4.159999847412109,4.170000076293945,4.159999847412109,4.170000076293945,500
2026-05-26 17:10:00+00:00,CASH3.SA,4.159999847412109,4.159999847412109,4.150000095367432,4.159999847412109,2000
2026-05-26 17:15:00+00:00,CASH3.SA,4.159999847412109,4.159999847412109,4.159999847412109,4.159999847412109,400
2026-05-26 17:20:00+00:00,CASH3.SA,4.170000076293945,4.170000076293945,4.170000076293945,4.170000076293945,2100
2026-05-26 17:25:00+00:00,CASH3.SA,4.170000076293945,4.179999828338623,4.170000076293945,4.170000076293945,600
2026-05-26 17:30:00+00:00,CASH3.SA,4.170000076293945,4.179999828338623,4.170000076293945,4.170000076293945,1100
2026-05-26 17:35:00+00:00,CASH3.SA,4.170000076293945,4.170000076293945,4.170000076293945,4.170000076293945,1000
2026-05-26 17:40:00+00:00,CASH3.SA,4.170000076293945,4.179999828338623,4.170000076293945,4.170000076293945,1000
2026-05-26 17:45:00+00:00,CASH3.SA,4.159999847412109,4.210000038146973,4.150000095367432,4.199999809265137,19200
2026-05-26 17:50:00+00:00,CASH3.SA,4.199999809265137,4.239999771118164,4.199999809265137,4.230000019073486,26200
2026-05-26 17:55:00+00:00,CASH3.SA,4.230000019073486,4.239999771118164,4.230000019073486,4.239999771118164,7500
2026-05-26 18:00:00+00:00,CASH3.SA,4.239999771118164,4.239999771118164,4.239999771118164,4.239999771118164,600
2026-05-26 18:05:00+00:00,CASH3.SA,4.25,4.300000190734863,4.230000019073486,4.260000228881836,57500
2026-05-26 18:10:00+00:00,CASH3.SA,4.260000228881836,4.269999980926514,4.260000228881836,4.269999980926514,4100
2026-05-26 18:15:00+00:00,CASH3.SA,4.269999980926514,4.269999980926514,4.269999980926514,4.269999980926514,900
2026-05-26 18:20:00+00:00,CASH3.SA,4.269999980926514,4.269999980926514,4.269999980926514,4.269999980926514,1800
2026-05-26 18:25:00+00:00,CASH3.SA,4.269999980926514,4.28000020980835,4.269999980926514,4.269999980926514,1600
2026-05-26 18:30:00+00:00,CASH3.SA,4.269999980926514,4.269999980926514,4.260000228881836,4.269999980926514,6000
2026-05-26 18:35:00+00:00,CASH3.SA,4.260000228881836,4.260000228881836,4.25,4.25,7200
2026-05-26 18:40:00+00:00,CASH3.SA,4.260000228881836,4.260000228881836,4.25,4.260000228881836,2500
2026-05-26 18:45:00+00:00,CASH3.SA,4.25,4.260000228881836,4.239999771118164,4.260000228881836,7000
2026-05-26 18:50:00+00:00,CASH3.SA,4.25,4.260000228881836,4.25,4.25,10500
2026-05-26 18:55:00+00:00,CASH3.SA,4.25,4.260000228881836,4.239999771118164,4.239999771118164,3200
2026-05-26 19:00:00+00:00,CASH3.SA,4.239999771118164,4.25,4.239999771118164,4.25,2300
2026-05-26 19:05:00+00:00,CASH3.SA,4.239999771118164,4.25,4.239999771118164,4.239999771118164,1100
2026-05-26 19:10:00+00:00,CASH3.SA,4.25,4.25,4.239999771118164,4.239999771118164,1900
2026-05-26 19:15:00+00:00,CASH3.SA,4.239999771118164,4.25,4.239999771118164,4.239999771118164,8900
2026-05-26 19:20:00+00:00,CASH3.SA,4.25,4.260000228881836,4.239999771118164,4.260000228881836,10500
2026-05-26 19:25:00+00:00,CASH3.SA,4.260000228881836,4.269999980926514,4.25,4.269999980926514,3400
2026-05-26 19:30:00+00:00,CASH3.SA,4.260000228881836,4.269999980926514,4.260000228881836,4.260000228881836,4600
2026-05-26 19:35:00+00:00,CASH3.SA,4.269999980926514,4.28000020980835,4.269999980926514,4.269999980926514,22200
2026-05-26 19:40:00+00:00,CASH3.SA,4.28000020980835,4.289999961853027,4.28000020980835,4.28000020980835,14300
2026-05-26 19:45:00+00:00,CASH3.SA,4.289999961853027,4.289999961853027,4.28000020980835,4.28000020980835,9500
2026-05-26 19:50:00+00:00,CASH3.SA,4.289999961853027,4.289999961853027,4.260000228881836,4.260000228881836,13800
2026-05-27 13:00:00+00:00,CASH3.SA,4.239999771118164,4.289999961853027,4.239999771118164,4.289999961853027,0
2026-05-27 13:05:00+00:00,CASH3.SA,4.300000190734863,4.300000190734863,4.300000190734863,4.300000190734863,2300
2026-05-27 13:10:00+00:00,CASH3.SA,4.300000190734863,4.340000152587891,4.300000190734863,4.320000171661377,10000
2026-05-27 13:15:00+00:00,CASH3.SA,4.300000190734863,4.309999942779541,4.269999980926514,4.269999980926514,10200
2026-05-27 13:20:00+00:00,CASH3.SA,4.269999980926514,4.269999980926514,4.25,4.25,1000
2026-05-27 13:25:00+00:00,CASH3.SA,4.239999771118164,4.239999771118164,4.21999979019165,4.21999979019165,3000
2026-05-27 13:30:00+00:00,CASH3.SA,4.230000019073486,4.239999771118164,4.230000019073486,4.230000019073486,3300
2026-05-27 13:35:00+00:00,CASH3.SA,4.239999771118164,4.320000171661377,4.230000019073486,4.320000171661377,21300
2026-05-27 13:40:00+00:00,CASH3.SA,4.320000171661377,4.329999923706055,4.300000190734863,4.320000171661377,10500
2026-05-27 13:45:00+00:00,CASH3.SA,4.320000171661377,4.400000095367432,4.309999942779541,4.320000171661377,57700
2026-05-27 13:50:00+00:00,CASH3.SA,4.320000171661377,4.320000171661377,4.289999961853027,4.300000190734863,39400
2026-05-27 13:55:00+00:00,CASH3.SA,4.289999961853027,4.300000190734863,4.289999961853027,4.289999961853027,34200
2026-05-27 14:00:00+00:00,CASH3.SA,4.28000020980835,4.300000190734863,4.269999980926514,4.269999980926514,29400
2026-05-27 14:05:00+00:00,CASH3.SA,4.269999980926514,4.28000020980835,4.260000228881836,4.260000228881836,14200
2026-05-27 14:10:00+00:00,CASH3.SA,4.260000228881836,4.260000228881836,4.230000019073486,4.239999771118164,29400
2026-05-27 14:15:00+00:00,CASH3.SA,4.25,4.260000228881836,4.25,4.25,8700
2026-05-27 14:20:00+00:00,CASH3.SA,4.25,4.260000228881836,4.25,4.25,18100
2026-05-27 14:25:00+00:00,CASH3.SA,4.25,4.25,4.25,4.25,0
2026-05-27 14:30:00+00:00,CASH3.SA,4.260000228881836,4.260000228881836,4.25,4.260000228881836,14600
2026-05-27 14:35:00+00:00,CASH3.SA,4.260000228881836,4.260000228881836,4.260000228881836,4.260000228881836,600
2026-05-27 14:40:00+00:00,CASH3.SA,4.269999980926514,4.269999980926514,4.260000228881836,4.269999980926514,2700
2026-05-27 14:45:00+00:00,CASH3.SA,4.260000228881836,4.28000020980835,4.260000228881836,4.28000020980835,6800
2026-05-27 14:50:00+00:00,CASH3.SA,4.289999961853027,4.289999961853027,4.28000020980835,4.28000020980835,700
2026-05-27 14:55:00+00:00,CASH3.SA,4.28000020980835,4.28000020980835,4.269999980926514,4.28000020980835,7100
2026-05-27 15:00:00+00:00,CASH3.SA,4.28000020980835,4.300000190734863,4.269999980926514,4.28000020980835,46400
2026-05-27 15:05:00+00:00,CASH3.SA,4.28000020980835,4.28000020980835,4.269999980926514,4.269999980926514,10100
2026-05-27 15:10:00+00:00,CASH3.SA,4.269999980926514,4.269999980926514,4.269999980926514,4.269999980926514,1500
2026-05-27 15:15:00+00:00,CASH3.SA,4.269999980926514,4.269999980926514,4.269999980926514,4.269999980926514,3800
2026-05-27 15:20:00+00:00,CASH3.SA,4.269999980926514,4.269999980926514,4.269999980926514,4.269999980926514,900
2026-05-27 15:25:00+00:00,CASH3.SA,4.269999980926514,4.300000190734863,4.269999980926514,4.300000190734863,5900
2026-05-27 15:30:00+00:00,CASH3.SA,4.300000190734863,4.309999942779541,4.289999961853027,4.289999961853027,11600
2026-05-27 15:35:00+00:00,CASH3.SA,4.289999961853027,4.289999961853027,4.289999961853027,4.289999961853027,800
2026-05-27 15:40:00+00:00,CASH3.SA,4.289999961853027,4.300000190734863,4.289999961853027,4.289999961853027,1000
2026-05-27 15:45:00+00:00,CASH3.SA,4.289999961853027,4.300000190734863,4.289999961853027,4.289999961853027,16600
2026-05-27 15:50:00+00:00,CASH3.SA,4.289999961853027,4.289999961853027,4.289999961853027,4.289999961853027,1200
2026-05-27 15:55:00+00:00,CASH3.SA,4.289999961853027,4.300000190734863,4.289999961853027,4.300000190734863,1700
2026-05-27 16:00:00+00:00,CASH3.SA,4.300000190734863,4.309999942779541,4.289999961853027,4.300000190734863,7300
2026-05-27 16:05:00+00:00,CASH3.SA,4.289999961853027,4.300000190734863,4.289999961853027,4.300000190734863,1300
2026-05-27 16:10:00+00:00,CASH3.SA,4.300000190734863,4.309999942779541,4.300000190734863,4.300000190734863,2300
2026-05-27 16:15:00+00:00,CASH3.SA,4.300000190734863,4.300000190734863,4.25,4.289999961853027,52500
2026-05-27 16:20:00+00:00,CASH3.SA,4.289999961853027,4.289999961853027,4.28000020980835,4.28000020980835,9600
2026-05-27 16:25:00+00:00,CASH3.SA,4.28000020980835,4.289999961853027,4.28000020980835,4.28000020980835,3600
2026-05-27 16:30:00+00:00,CASH3.SA,4.28000020980835,4.28000020980835,4.28000020980835,4.28000020980835,1400
2026-05-27 16:35:00+00:00,CASH3.SA,4.28000020980835,4.28000020980835,4.28000020980835,4.28000020980835,1200
2026-05-27 16:40:00+00:00,CASH3.SA,4.28000020980835,4.28000020980835,4.260000228881836,4.260000228881836,11900
2026-05-27 16:45:00+00:00,CASH3.SA,4.260000228881836,4.260000228881836,4.260000228881836,4.260000228881836,900
2026-05-27 16:50:00+00:00,CASH3.SA,4.260000228881836,4.260000228881836,4.25,4.25,2800
2026-05-27 16:55:00+00:00,CASH3.SA,4.25,4.25,4.25,4.25,1000
2026-05-27 17:00:00+00:00,CASH3.SA,4.260000228881836,4.309999942779541,4.25,4.300000190734863,28100
2026-05-27 17:05:00+00:00,CASH3.SA,4.300000190734863,4.300000190734863,4.289999961853027,4.289999961853027,7600
2026-05-27 17:10:00+00:00,CASH3.SA,4.289999961853027,4.300000190734863,4.289999961853027,4.289999961853027,1500
2026-05-27 17:15:00+00:00,CASH3.SA,4.289999961853027,4.289999961853027,4.289999961853027,4.289999961853027,1200
2026-05-27 17:20:00+00:00,CASH3.SA,4.289999961853027,4.289999961853027,4.289999961853027,4.289999961853027,1300
2026-05-27 17:25:00+00:00,CASH3.SA,4.289999961853027,4.289999961853027,4.28000020980835,4.28000020980835,5500
2026-05-27 17:30:00+00:00,CASH3.SA,4.289999961853027,4.289999961853027,4.28000020980835,4.28000020980835,3600
2026-05-27 17:35:00+00:00,CASH3.SA,4.28000020980835,4.300000190734863,4.28000020980835,4.289999961853027,5300
2026-05-27 17:40:00+00:00,CASH3.SA,4.289999961853027,4.300000190734863,4.289999961853027,4.289999961853027,5100
2026-05-27 17:45:00+00:00,CASH3.SA,4.289999961853027,4.289999961853027,4.28000020980835,4.289999961853027,7300
2026-05-27 17:50:00+00:00,CASH3.SA,4.300000190734863,4.300000190734863,4.289999961853027,4.289999961853027,2900
2026-05-27 17:55:00+00:00,CASH3.SA,4.289999961853027,4.289999961853027,4.289999961853027,4.289999961853027,3200
2026-05-27 18:00:00+00:00,CASH3.SA,4.289999961853027,4.289999961853027,4.289999961853027,4.289999961853027,1300
2026-05-27 18:05:00+00:00,CASH3.SA,4.289999961853027,4.320000171661377,4.289999961853027,4.320000171661377,60700
2026-05-27 18:10:00+00:00,CASH3.SA,4.329999923706055,4.329999923706055,4.289999961853027,4.309999942779541,56900
2026-05-27 18:15:00+00:00,CASH3.SA,4.300000190734863,4.309999942779541,4.300000190734863,4.309999942779541,5500
2026-05-27 18:20:00+00:00,CASH3.SA,4.320000171661377,4.329999923706055,4.309999942779541,4.320000171661377,5400
2026-05-27 18:25:00+00:00,CASH3.SA,4.329999923706055,4.340000152587891,4.320000171661377,4.320000171661377,17400
2026-05-27 18:30:00+00:00,CASH3.SA,4.320000171661377,4.320000171661377,4.320000171661377,4.320000171661377,800
2026-05-27 18:35:00+00:00,CASH3.SA,4.320000171661377,4.320000171661377,4.320000171661377,4.320000171661377,4000
2026-05-27 18:40:00+00:00,CASH3.SA,4.320000171661377,4.329999923706055,4.320000171661377,4.320000171661377,900
2026-05-27 18:45:00+00:00,CASH3.SA,4.320000171661377,4.320000171661377,4.309999942779541,4.320000171661377,7000
2026-05-27 18:50:00+00:00,CASH3.SA,4.320000171661377,4.329999923706055,4.309999942779541,4.329999923706055,7500
2026-05-27 18:55:00+00:00,CASH3.SA,4.329999923706055,4.329999923706055,4.329999923706055,4.329999923706055,5500
2026-05-27 19:00:00+00:00,CASH3.SA,4.329999923706055,4.340000152587891,4.329999923706055,4.329999923706055,2600
2026-05-27 19:05:00+00:00,CASH3.SA,4.329999923706055,4.340000152587891,4.329999923706055,4.329999923706055,1900
2026-05-27 19:10:00+00:00,CASH3.SA,4.329999923706055,4.349999904632568,4.320000171661377,4.329999923706055,20700
2026-05-27 19:15:00+00:00,CASH3.SA,4.329999923706055,4.329999923706055,4.329999923706055,4.329999923706055,800
2026-05-27 19:20:00+00:00,CASH3.SA,4.340000152587891,4.340000152587891,4.329999923706055,4.329999923706055,1500
2026-05-27 19:25:00+00:00,CASH3.SA,4.329999923706055,4.340000152587891,4.329999923706055,4.329999923706055,19600
2026-05-27 19:30:00+00:00,CASH3.SA,4.329999923706055,4.329999923706055,4.329999923706055,4.329999923706055,1400
2026-05-27 19:35:00+00:00,CASH3.SA,4.329999923706055,4.349999904632568,4.329999923706055,4.349999904632568,17700
2026-05-27 19:40:00+00:00,CASH3.SA,4.340000152587891,4.349999904632568,4.340000152587891,4.340000152587891,7800
2026-05-27 19:45:00+00:00,CASH3.SA,4.340000152587891,4.360000133514404,4.340000152587891,4.360000133514404,5800
2026-05-27 19:50:00+00:00,CASH3.SA,4.349999904632568,4.360000133514404,4.340000152587891,4.340000152587891,10200
2026-05-28 13:00:00+00:00,CASH3.SA,4.309999942779541,4.329999923706055,4.28000020980835,4.320000171661377,0
2026-05-28 13:05:00+00:00,CASH3.SA,4.320000171661377,4.320000171661377,4.28000020980835,4.289999961853027,21400
2026-05-28 13:10:00+00:00,CASH3.SA,4.289999961853027,4.300000190734863,4.269999980926514,4.28000020980835,7400
2026-05-28 13:15:00+00:00,CASH3.SA,4.28000020980835,4.28000020980835,4.239999771118164,4.260000228881836,11400
2026-05-28 13:20:00+00:00,CASH3.SA,4.260000228881836,4.260000228881836,4.239999771118164,4.239999771118164,3400
2026-05-28 13:25:00+00:00,CASH3.SA,4.25,4.25,4.230000019073486,4.230000019073486,12000
2026-05-28 13:30:00+00:00,CASH3.SA,4.230000019073486,4.230000019073486,4.210000038146973,4.210000038146973,2400
2026-05-28 13:35:00+00:00,CASH3.SA,4.21999979019165,4.21999979019165,4.199999809265137,4.199999809265137,4100
2026-05-28 13:40:00+00:00,CASH3.SA,4.199999809265137,4.210000038146973,4.199999809265137,4.210000038146973,3500
2026-05-28 13:45:00+00:00,CASH3.SA,4.21999979019165,4.21999979019165,4.199999809265137,4.199999809265137,4000
2026-05-28 13:50:00+00:00,CASH3.SA,4.210000038146973,4.210000038146973,4.199999809265137,4.199999809265137,10100
2026-05-28 13:55:00+00:00,CASH3.SA,4.199999809265137,4.199999809265137,4.170000076293945,4.179999828338623,8300
2026-05-28 14:00:00+00:00,CASH3.SA,4.179999828338623,4.179999828338623,4.170000076293945,4.179999828338623,5100
2026-05-28 14:05:00+00:00,CASH3.SA,4.179999828338623,4.179999828338623,4.179999828338623,4.179999828338623,700
2026-05-28 14:10:00+00:00,CASH3.SA,4.179999828338623,4.230000019073486,4.179999828338623,4.210000038146973,13200
2026-05-28 14:15:00+00:00,CASH3.SA,4.21999979019165,4.230000019073486,4.210000038146973,4.210000038146973,1800
2026-05-28 14:20:00+00:00,CASH3.SA,4.210000038146973,4.21999979019165,4.199999809265137,4.199999809265137,4100
2026-05-28 14:25:00+00:00,CASH3.SA,4.199999809265137,4.199999809265137,4.190000057220459,4.190000057220459,14700
2026-05-28 14:30:00+00:00,CASH3.SA,4.199999809265137,4.199999809265137,4.199999809265137,4.199999809265137,3300
2026-05-28 14:35:00+00:00,CASH3.SA,4.210000038146973,4.269999980926514,4.210000038146973,4.260000228881836,23300
2026-05-28 14:40:00+00:00,CASH3.SA,4.269999980926514,4.289999961853027,4.260000228881836,4.289999961853027,17000
2026-05-28 14:45:00+00:00,CASH3.SA,4.289999961853027,4.289999961853027,4.269999980926514,4.28000020980835,3300
2026-05-28 14:50:00+00:00,CASH3.SA,4.28000020980835,4.289999961853027,4.269999980926514,4.269999980926514,1200
2026-05-28 14:55:00+00:00,CASH3.SA,4.269999980926514,4.269999980926514,4.25,4.260000228881836,5800
2026-05-28 15:00:00+00:00,CASH3.SA,4.260000228881836,4.269999980926514,4.260000228881836,4.269999980926514,800
2026-05-28 15:05:00+00:00,CASH3.SA,4.260000228881836,4.260000228881836,4.260000228881836,4.260000228881836,1300
2026-05-28 15:10:00+00:00,CASH3.SA,4.260000228881836,4.260000228881836,4.25,4.25,1400
2026-05-28 15:15:00+00:00,CASH3.SA,4.260000228881836,4.269999980926514,4.239999771118164,4.260000228881836,14500
2026-05-28 15:20:00+00:00,CASH3.SA,4.260000228881836,4.269999980926514,4.260000228881836,4.269999980926514,2700
2026-05-28 15:25:00+00:00,CASH3.SA,4.260000228881836,4.269999980926514,4.25,4.25,5600
2026-05-28 15:30:00+00:00,CASH3.SA,4.25,4.25,4.25,4.25,500
2026-05-28 15:35:00+00:00,CASH3.SA,4.25,4.25,4.25,4.25,400
2026-05-28 15:40:00+00:00,CASH3.SA,4.25,4.269999980926514,4.25,4.269999980926514,4000
2026-05-28 15:45:00+00:00,CASH3.SA,4.269999980926514,4.269999980926514,4.269999980926514,4.269999980926514,2300
2026-05-28 15:50:00+00:00,CASH3.SA,4.269999980926514,4.28000020980835,4.269999980926514,4.28000020980835,700
2026-05-28 15:55:00+00:00,CASH3.SA,4.269999980926514,4.28000020980835,4.269999980926514,4.28000020980835,11500
2026-05-28 16:00:00+00:00,CASH3.SA,4.260000228881836,4.260000228881836,4.260000228881836,4.260000228881836,800
2026-05-28 16:05:00+00:00,CASH3.SA,4.260000228881836,4.269999980926514,4.260000228881836,4.269999980926514,2800
2026-05-28 16:10:00+00:00,CASH3.SA,4.269999980926514,4.28000020980835,4.269999980926514,4.28000020980835,2500
2026-05-28 16:15:00+00:00,CASH3.SA,4.28000020980835,4.349999904632568,4.269999980926514,4.340000152587891,65900
2026-05-28 16:20:00+00:00,CASH3.SA,4.340000152587891,4.369999885559082,4.340000152587891,4.369999885559082,10300
2026-05-28 16:25:00+00:00,CASH3.SA,4.360000133514404,4.380000114440918,4.329999923706055,4.380000114440918,465500
2026-05-28 16:30:00+00:00,CASH3.SA,4.369999885559082,4.380000114440918,4.360000133514404,4.360000133514404,1300
2026-05-28 16:35:00+00:00,CASH3.SA,4.369999885559082,4.369999885559082,4.369999885559082,4.369999885559082,3500
2026-05-28 16:40:00+00:00,CASH3.SA,4.369999885559082,4.380000114440918,4.360000133514404,4.360000133514404,9700
2026-05-28 16:45:00+00:00,CASH3.SA,4.360000133514404,4.409999847412109,4.360000133514404,4.409999847412109,27800
2026-05-28 16:50:00+00:00,CASH3.SA,4.400000095367432,4.429999828338623,4.400000095367432,4.409999847412109,20700
2026-05-28 16:55:00+00:00,CASH3.SA,4.429999828338623,4.429999828338623,4.420000076293945,4.420000076293945,8500
2026-05-28 17:00:00+00:00,CASH3.SA,4.429999828338623,4.480000019073486,4.429999828338623,4.46999979019165,55800
2026-05-28 17:05:00+00:00,CASH3.SA,4.46999979019165,4.46999979019165,4.449999809265137,4.449999809265137,13000
2026-05-28 17:10:00+00:00,CASH3.SA,4.460000038146973,4.460000038146973,4.409999847412109,4.429999828338623,70300
2026-05-28 17:15:00+00:00,CASH3.SA,4.409999847412109,4.420000076293945,4.380000114440918,4.420000076293945,16200
2026-05-28 17:20:00+00:00,CASH3.SA,4.420000076293945,4.429999828338623,4.409999847412109,4.409999847412109,3200
2026-05-28 17:25:00+00:00,CASH3.SA,4.400000095367432,4.409999847412109,4.400000095367432,4.409999847412109,1600
2026-05-28 17:30:00+00:00,CASH3.SA,4.420000076293945,4.420000076293945,4.400000095367432,4.409999847412109,5400
2026-05-28 17:35:00+00:00,CASH3.SA,4.420000076293945,4.440000057220459,4.409999847412109,4.409999847412109,18100
2026-05-28 17:40:00+00:00,CASH3.SA,4.409999847412109,4.429999828338623,4.409999847412109,4.429999828338623,7100
2026-05-28 17:45:00+00:00,CASH3.SA,4.440000057220459,4.440000057220459,4.440000057220459,4.440000057220459,2600
2026-05-28 17:50:00+00:00,CASH3.SA,4.440000057220459,4.449999809265137,4.429999828338623,4.429999828338623,6400
2026-05-28 17:55:00+00:00,CASH3.SA,4.429999828338623,4.429999828338623,4.420000076293945,4.420000076293945,3800
2026-05-28 18:00:00+00:00,CASH3.SA,4.429999828338623,4.449999809265137,4.420000076293945,4.449999809265137,16900
2026-05-28 18:05:00+00:00,CASH3.SA,4.440000057220459,4.440000057220459,4.440000057220459,4.440000057220459,11800
2026-05-28 18:10:00+00:00,CASH3.SA,4.440000057220459,4.46999979019165,4.440000057220459,4.46999979019165,10600
2026-05-28 18:15:00+00:00,CASH3.SA,4.46999979019165,4.570000171661377,4.46999979019165,4.5,213100
2026-05-28 18:20:00+00:00,CASH3.SA,4.5,4.510000228881836,4.489999771118164,4.510000228881836,29400
2026-05-28 18:25:00+00:00,CASH3.SA,4.5,4.5,4.480000019073486,4.489999771118164,7800
2026-05-28 18:30:00+00:00,CASH3.SA,4.489999771118164,4.489999771118164,4.46999979019165,4.46999979019165,4200
2026-05-28 18:35:00+00:00,CASH3.SA,4.46999979019165,4.5,4.46999979019165,4.489999771118164,7700
2026-05-28 18:40:00+00:00,CASH3.SA,4.489999771118164,4.489999771118164,4.429999828338623,4.429999828338623,32900
2026-05-28 18:45:00+00:00,CASH3.SA,4.429999828338623,4.46999979019165,4.429999828338623,4.429999828338623,64000
2026-05-28 18:50:00+00:00,CASH3.SA,4.429999828338623,4.440000057220459,4.420000076293945,4.420000076293945,8800
2026-05-28 18:55:00+00:00,CASH3.SA,4.420000076293945,4.429999828338623,4.420000076293945,4.429999828338623,4800
2026-05-28 19:00:00+00:00,CASH3.SA,4.420000076293945,4.429999828338623,4.409999847412109,4.409999847412109,6900
2026-05-28 19:05:00+00:00,CASH3.SA,4.409999847412109,4.420000076293945,4.400000095367432,4.400000095367432,7300
2026-05-28 19:10:00+00:00,CASH3.SA,4.400000095367432,4.409999847412109,4.340000152587891,4.369999885559082,19900
2026-05-28 19:15:00+00:00,CASH3.SA,4.360000133514404,4.389999866485596,4.360000133514404,4.389999866485596,11400
2026-05-28 19:20:00+00:00,CASH3.SA,4.389999866485596,4.400000095367432,4.389999866485596,4.400000095367432,3200
2026-05-28 19:25:00+00:00,CASH3.SA,4.400000095367432,4.400000095367432,4.380000114440918,4.380000114440918,10100
2026-05-28 19:30:00+00:00,CASH3.SA,4.380000114440918,4.389999866485596,4.380000114440918,4.380000114440918,2000
2026-05-28 19:35:00+00:00,CASH3.SA,4.380000114440918,4.409999847412109,4.380000114440918,4.400000095367432,22700
2026-05-28 19:40:00+00:00,CASH3.SA,4.409999847412109,4.409999847412109,4.400000095367432,4.400000095367432,19600
2026-05-28 19:45:00+00:00,CASH3.SA,4.400000095367432,4.420000076293945,4.400000095367432,4.420000076293945,16900
2026-05-28 19:50:00+00:00,CASH3.SA,4.420000076293945,4.429999828338623,4.409999847412109,4.409999847412109,16400
2026-05-29 13:00:00+00:00,CASH3.SA,4.380000114440918,4.429999828338623,4.380000114440918,4.429999828338623,0
2026-05-29 13:05:00+00:00,CASH3.SA,4.429999828338623,4.429999828338623,4.429999828338623,4.429999828338623,1000
2026-05-29 13:10:00+00:00,CASH3.SA,4.420000076293945,4.420000076293945,4.400000095367432,4.400000095367432,4300
2026-05-29 13:15:00+00:00,CASH3.SA,4.400000095367432,4.400000095367432,4.389999866485596,4.389999866485596,2400
2026-05-29 13:20:00+00:00,CASH3.SA,4.380000114440918,4.440000057220459,4.380000114440918,4.429999828338623,13000
2026-05-29 13:25:00+00:00,CASH3.SA,4.429999828338623,4.429999828338623,4.420000076293945,4.420000076293945,6900
2026-05-29 13:30:00+00:00,CASH3.SA,4.420000076293945,4.420000076293945,4.400000095367432,4.400000095367432,6900
2026-05-29 13:35:00+00:00,CASH3.SA,4.409999847412109,4.449999809265137,4.409999847412109,4.449999809265137,7500
2026-05-29 13:40:00+00:00,CASH3.SA,4.449999809265137,4.480000019073486,4.449999809265137,4.480000019073486,13000
2026-05-29 13:45:00+00:00,CASH3.SA,4.480000019073486,4.5,4.480000019073486,4.5,19500
2026-05-29 13:50:00+00:00,CASH3.SA,4.489999771118164,4.510000228881836,4.489999771118164,4.489999771118164,14500
2026-05-29 13:55:00+00:00,CASH3.SA,4.489999771118164,4.489999771118164,4.440000057220459,4.440000057220459,18800
2026-05-29 14:00:00+00:00,CASH3.SA,4.449999809265137,4.460000038146973,4.440000057220459,4.440000057220459,7100
2026-05-29 14:05:00+00:00,CASH3.SA,4.440000057220459,4.460000038146973,4.440000057220459,4.460000038146973,3400
2026-05-29 14:10:00+00:00,CASH3.SA,4.460000038146973,4.460000038146973,4.429999828338623,4.429999828338623,7600
2026-05-29 14:15:00+00:00,CASH3.SA,4.429999828338623,4.449999809265137,4.429999828338623,4.440000057220459,6600
2026-05-29 14:20:00+00:00,CASH3.SA,4.440000057220459,4.440000057220459,4.420000076293945,4.420000076293945,7700
2026-05-29 14:25:00+00:00,CASH3.SA,4.420000076293945,4.440000057220459,4.409999847412109,4.420000076293945,11100
2026-05-29 14:30:00+00:00,CASH3.SA,4.420000076293945,4.440000057220459,4.420000076293945,4.440000057220459,10900
2026-05-29 14:35:00+00:00,CASH3.SA,4.440000057220459,4.449999809265137,4.429999828338623,4.440000057220459,3000
2026-05-29 14:40:00+00:00,CASH3.SA,4.429999828338623,4.440000057220459,4.429999828338623,4.429999828338623,4200
2026-05-29 14:45:00+00:00,CASH3.SA,4.429999828338623,4.440000057220459,4.420000076293945,4.429999828338623,16100
2026-05-29 14:50:00+00:00,CASH3.SA,4.429999828338623,4.460000038146973,4.429999828338623,4.460000038146973,5800
2026-05-29 14:55:00+00:00,CASH3.SA,4.460000038146973,4.46999979019165,4.449999809265137,4.449999809265137,6900
2026-05-29 15:00:00+00:00,CASH3.SA,4.449999809265137,4.46999979019165,4.449999809265137,4.449999809265137,7100
2026-05-29 15:05:00+00:00,CASH3.SA,4.449999809265137,4.489999771118164,4.449999809265137,4.480000019073486,42100
2026-05-29 15:10:00+00:00,CASH3.SA,4.480000019073486,4.5,4.480000019073486,4.480000019073486,8600
2026-05-29 15:15:00+00:00,CASH3.SA,4.480000019073486,4.480000019073486,4.460000038146973,4.46999979019165,9400
2026-05-29 15:20:00+00:00,CASH3.SA,4.480000019073486,4.480000019073486,4.46999979019165,4.480000019073486,2100
2026-05-29 15:25:00+00:00,CASH3.SA,4.46999979019165,4.489999771118164,4.46999979019165,4.480000019073486,10400
2026-05-29 15:30:00+00:00,CASH3.SA,4.489999771118164,4.5,4.480000019073486,4.480000019073486,14400
2026-05-29 15:35:00+00:00,CASH3.SA,4.480000019073486,4.5,4.480000019073486,4.489999771118164,8700
2026-05-29 15:40:00+00:00,CASH3.SA,4.489999771118164,4.5,4.480000019073486,4.480000019073486,16100
2026-05-29 15:45:00+00:00,CASH3.SA,4.489999771118164,4.489999771118164,4.480000019073486,4.489999771118164,1500
2026-05-29 15:50:00+00:00,CASH3.SA,4.489999771118164,4.510000228881836,4.489999771118164,4.5,24900
2026-05-29 15:55:00+00:00,CASH3.SA,4.5,4.5,4.489999771118164,4.5,21000
2026-05-29 16:00:00+00:00,CASH3.SA,4.5,4.5,4.460000038146973,4.46999979019165,25300
2026-05-29 16:05:00+00:00,CASH3.SA,4.460000038146973,4.460000038146973,4.449999809265137,4.449999809265137,8500
2026-05-29 16:10:00+00:00,CASH3.SA,4.46999979019165,4.489999771118164,4.46999979019165,4.489999771118164,37100
2026-05-29 16:15:00+00:00,CASH3.SA,4.480000019073486,4.489999771118164,4.480000019073486,4.489999771118164,1200
2026-05-29 16:20:00+00:00,CASH3.SA,4.480000019073486,4.489999771118164,4.480000019073486,4.480000019073486,900
2026-05-29 16:25:00+00:00,CASH3.SA,4.480000019073486,4.489999771118164,4.480000019073486,4.480000019073486,1900
2026-05-29 16:30:00+00:00,CASH3.SA,4.480000019073486,4.5,4.480000019073486,4.489999771118164,11200
2026-05-29 16:35:00+00:00,CASH3.SA,4.489999771118164,4.5,4.489999771118164,4.489999771118164,12600
2026-05-29 16:40:00+00:00,CASH3.SA,4.489999771118164,4.489999771118164,4.46999979019165,4.46999979019165,23600
2026-05-29 16:45:00+00:00,CASH3.SA,4.46999979019165,4.480000019073486,4.46999979019165,4.46999979019165,2500
2026-05-29 16:50:00+00:00,CASH3.SA,4.46999979019165,4.480000019073486,4.46999979019165,4.480000019073486,6700
2026-05-29 16:55:00+00:00,CASH3.SA,4.489999771118164,4.489999771118164,4.46999979019165,4.480000019073486,5300
2026-05-29 17:00:00+00:00,CASH3.SA,4.46999979019165,4.480000019073486,4.46999979019165,4.46999979019165,1500
2026-05-29 17:05:00+00:00,CASH3.SA,4.480000019073486,4.489999771118164,4.480000019073486,4.489999771118164,26200
2026-05-29 17:10:00+00:00,CASH3.SA,4.489999771118164,4.489999771118164,4.46999979019165,4.46999979019165,27600
2026-05-29 17:15:00+00:00,CASH3.SA,4.46999979019165,4.489999771118164,4.46999979019165,4.480000019073486,34800
2026-05-29 17:20:00+00:00,CASH3.SA,4.46999979019165,4.489999771118164,4.449999809265137,4.460000038146973,25000
2026-05-29 17:25:00+00:00,CASH3.SA,4.460000038146973,4.460000038146973,4.449999809265137,4.449999809265137,5700
2026-05-29 17:30:00+00:00,CASH3.SA,4.449999809265137,4.460000038146973,4.449999809265137,4.460000038146973,16500
2026-05-29 17:35:00+00:00,CASH3.SA,4.460000038146973,4.46999979019165,4.449999809265137,4.460000038146973,7000
2026-05-29 17:40:00+00:00,CASH3.SA,4.460000038146973,4.460000038146973,4.449999809265137,4.449999809265137,3700
2026-05-29 17:45:00+00:00,CASH3.SA,4.460000038146973,4.489999771118164,4.460000038146973,4.489999771118164,6800
2026-05-29 17:50:00+00:00,CASH3.SA,4.480000019073486,4.5,4.480000019073486,4.480000019073486,13900
2026-05-29 17:55:00+00:00,CASH3.SA,4.480000019073486,4.489999771118164,4.480000019073486,4.489999771118164,4200
2026-05-29 18:00:00+00:00,CASH3.SA,4.489999771118164,4.489999771118164,4.449999809265137,4.460000038146973,16000
2026-05-29 18:05:00+00:00,CASH3.SA,4.460000038146973,4.460000038146973,4.449999809265137,4.460000038146973,5000
2026-05-29 18:10:00+00:00,CASH3.SA,4.460000038146973,4.460000038146973,4.429999828338623,4.429999828338623,28300
2026-05-29 18:15:00+00:00,CASH3.SA,4.440000057220459,4.440000057220459,4.409999847412109,4.420000076293945,11600
2026-05-29 18:20:00+00:00,CASH3.SA,4.409999847412109,4.420000076293945,4.409999847412109,4.420000076293945,4100
2026-05-29 18:25:00+00:00,CASH3.SA,4.420000076293945,4.429999828338623,4.409999847412109,4.429999828338623,3900
2026-05-29 18:30:00+00:00,CASH3.SA,4.429999828338623,4.429999828338623,4.409999847412109,4.420000076293945,5300
2026-05-29 18:35:00+00:00,CASH3.SA,4.420000076293945,4.420000076293945,4.409999847412109,4.420000076293945,3100
2026-05-29 18:40:00+00:00,CASH3.SA,4.429999828338623,4.429999828338623,4.409999847412109,4.409999847412109,6100
2026-05-29 18:45:00+00:00,CASH3.SA,4.409999847412109,4.420000076293945,4.400000095367432,4.400000095367432,15600
2026-05-29 18:50:00+00:00,CASH3.SA,4.409999847412109,4.409999847412109,4.380000114440918,4.380000114440918,21800
2026-05-29 18:55:00+00:00,CASH3.SA,4.389999866485596,4.389999866485596,4.380000114440918,4.389999866485596,7100
2026-05-29 19:00:00+00:00,CASH3.SA,4.389999866485596,4.389999866485596,4.369999885559082,4.369999885559082,11500
2026-05-29 19:05:00+00:00,CASH3.SA,4.369999885559082,4.389999866485596,4.369999885559082,4.369999885559082,5900
2026-05-29 19:10:00+00:00,CASH3.SA,4.380000114440918,4.389999866485596,4.369999885559082,4.380000114440918,10900
2026-05-29 19:15:00+00:00,CASH3.SA,4.389999866485596,4.389999866485596,4.380000114440918,4.389999866485596,3000
2026-05-29 19:20:00+00:00,CASH3.SA,4.389999866485596,4.389999866485596,4.380000114440918,4.380000114440918,5200
2026-05-29 19:25:00+00:00,CASH3.SA,4.389999866485596,4.389999866485596,4.369999885559082,4.389999866485596,21500
2026-05-29 19:30:00+00:00,CASH3.SA,4.380000114440918,4.389999866485596,4.380000114440918,4.389999866485596,3800
2026-05-29 19:35:00+00:00,CASH3.SA,4.389999866485596,4.400000095367432,4.389999866485596,4.400000095367432,6200
2026-05-29 19:40:00+00:00,CASH3.SA,4.389999866485596,4.400000095367432,4.389999866485596,4.389999866485596,6600
2026-05-29 19:45:00+00:00,CASH3.SA,4.389999866485596,4.400000095367432,4.380000114440918,4.400000095367432,12600
2026-06-01 13:00:00+00:00,CASH3.SA,4.409999847412109,4.449999809265137,4.400000095367432,4.440000057220459,0
2026-06-01 13:05:00+00:00,CASH3.SA,4.440000057220459,4.440000057220459,4.409999847412109,4.409999847412109,11500
2026-06-01 13:10:00+00:00,CASH3.SA,4.400000095367432,4.400000095367432,4.369999885559082,4.369999885559082,5800
2026-06-01 13:15:00+00:00,CASH3.SA,4.369999885559082,4.380000114440918,4.360000133514404,4.360000133514404,12800
2026-06-01 13:20:00+00:00,CASH3.SA,4.360000133514404,4.360000133514404,4.349999904632568,4.349999904632568,15300
2026-06-01 13:25:00+00:00,CASH3.SA,4.349999904632568,4.349999904632568,4.320000171661377,4.320000171661377,7400
2026-06-01 13:30:00+00:00,CASH3.SA,4.320000171661377,4.320000171661377,4.300000190734863,4.320000171661377,7100
2026-06-01 13:35:00+00:00,CASH3.SA,4.340000152587891,4.340000152587891,4.329999923706055,4.329999923706055,600
2026-06-01 13:40:00+00:00,CASH3.SA,4.320000171661377,4.340000152587891,4.309999942779541,4.340000152587891,4000
2026-06-01 13:45:00+00:00,CASH3.SA,4.329999923706055,4.329999923706055,4.309999942779541,4.309999942779541,2900
2026-06-01 13:50:00+00:00,CASH3.SA,4.320000171661377,4.320000171661377,4.309999942779541,4.320000171661377,2900
2026-06-01 13:55:00+00:00,CASH3.SA,4.309999942779541,4.309999942779541,4.300000190734863,4.300000190734863,600
2026-06-01 14:00:00+00:00,CASH3.SA,4.320000171661377,4.320000171661377,4.289999961853027,4.320000171661377,6800
2026-06-01 14:05:00+00:00,CASH3.SA,4.309999942779541,4.309999942779541,4.309999942779541,4.309999942779541,2300
2026-06-01 14:10:00+00:00,CASH3.SA,4.320000171661377,4.329999923706055,4.320000171661377,4.329999923706055,500
2026-06-01 14:15:00+00:00,CASH3.SA,4.320000171661377,4.340000152587891,4.320000171661377,4.320000171661377,2600
2026-06-01 14:20:00+00:00,CASH3.SA,4.329999923706055,4.369999885559082,4.329999923706055,4.369999885559082,5800
2026-06-01 14:25:00+00:00,CASH3.SA,4.380000114440918,4.380000114440918,4.360000133514404,4.369999885559082,600
2026-06-01 14:30:00+00:00,CASH3.SA,4.369999885559082,4.380000114440918,4.360000133514404,4.360000133514404,5100
2026-06-01 14:35:00+00:00,CASH3.SA,4.380000114440918,4.380000114440918,4.360000133514404,4.369999885559082,900
2026-06-01 14:40:00+00:00,CASH3.SA,4.369999885559082,4.380000114440918,4.369999885559082,4.369999885559082,2400
2026-06-01 14:45:00+00:00,CASH3.SA,4.360000133514404,4.369999885559082,4.360000133514404,4.369999885559082,700
2026-06-01 14:50:00+00:00,CASH3.SA,4.360000133514404,4.360000133514404,4.340000152587891,4.340000152587891,3900
2026-06-01 14:55:00+00:00,CASH3.SA,4.349999904632568,4.429999828338623,4.349999904632568,4.409999847412109,62300
2026-06-01 15:00:00+00:00,CASH3.SA,4.400000095367432,4.409999847412109,4.389999866485596,4.409999847412109,17400
2026-06-01 15:05:00+00:00,CASH3.SA,4.409999847412109,4.409999847412109,4.400000095367432,4.400000095367432,37000
2026-06-01 15:10:00+00:00,CASH3.SA,4.400000095367432,4.420000076293945,4.400000095367432,4.409999847412109,15200
2026-06-01 15:15:00+00:00,CASH3.SA,4.409999847412109,4.420000076293945,4.409999847412109,4.409999847412109,1200
2026-06-01 15:20:00+00:00,CASH3.SA,4.409999847412109,4.429999828338623,4.409999847412109,4.409999847412109,11900
2026-06-01 15:25:00+00:00,CASH3.SA,4.409999847412109,4.429999828338623,4.409999847412109,4.429999828338623,14200
2026-06-01 15:30:00+00:00,CASH3.SA,4.429999828338623,4.449999809265137,4.420000076293945,4.420000076293945,17300
2026-06-01 15:35:00+00:00,CASH3.SA,4.420000076293945,4.440000057220459,4.420000076293945,4.440000057220459,4700
2026-06-01 15:40:00+00:00,CASH3.SA,4.440000057220459,4.449999809265137,4.429999828338623,4.449999809265137,7200
2026-06-01 15:45:00+00:00,CASH3.SA,4.449999809265137,4.449999809265137,4.440000057220459,4.440000057220459,3900
2026-06-01 15:50:00+00:00,CASH3.SA,4.449999809265137,4.449999809265137,4.380000114440918,4.409999847412109,75200
2026-06-01 15:55:00+00:00,CASH3.SA,4.400000095367432,4.420000076293945,4.400000095367432,4.409999847412109,16700
2026-06-01 16:00:00+00:00,CASH3.SA,4.420000076293945,4.440000057220459,4.420000076293945,4.429999828338623,11000
2026-06-01 16:05:00+00:00,CASH3.SA,4.440000057220459,4.440000057220459,4.420000076293945,4.420000076293945,6900
2026-06-01 16:10:00+00:00,CASH3.SA,4.420000076293945,4.420000076293945,4.360000133514404,4.360000133514404,22000
2026-06-01 16:15:00+00:00,CASH3.SA,4.360000133514404,4.400000095367432,4.360000133514404,4.400000095367432,13600
2026-06-01 16:20:00+00:00,CASH3.SA,4.400000095367432,4.409999847412109,4.400000095367432,4.409999847412109,3700
2026-06-01 16:25:00+00:00,CASH3.SA,4.409999847412109,4.409999847412109,4.400000095367432,4.400000095367432,3800
2026-06-01 16:30:00+00:00,CASH3.SA,4.409999847412109,4.420000076293945,4.409999847412109,4.409999847412109,8400
2026-06-01 16:35:00+00:00,CASH3.SA,4.409999847412109,4.420000076293945,4.409999847412109,4.420000076293945,1300
2026-06-01 16:40:00+00:00,CASH3.SA,4.409999847412109,4.420000076293945,4.409999847412109,4.420000076293945,2800
2026-06-01 16:45:00+00:00,CASH3.SA,4.420000076293945,4.420000076293945,4.409999847412109,4.420000076293945,3400
2026-06-01 16:50:00+00:00,CASH3.SA,4.409999847412109,4.429999828338623,4.409999847412109,4.429999828338623,7300
2026-06-01 16:55:00+00:00,CASH3.SA,4.420000076293945,4.429999828338623,4.420000076293945,4.429999828338623,5500
2026-06-01 17:00:00+00:00,CASH3.SA,4.420000076293945,4.429999828338623,4.420000076293945,4.420000076293945,11200
2026-06-01 17:05:00+00:00,CASH3.SA,4.420000076293945,4.429999828338623,4.420000076293945,4.429999828338623,2500
2026-06-01 17:10:00+00:00,CASH3.SA,4.420000076293945,4.429999828338623,4.420000076293945,4.420000076293945,3500
2026-06-01 17:15:00+00:00,CASH3.SA,4.429999828338623,4.429999828338623,4.420000076293945,4.420000076293945,1600
2026-06-01 17:20:00+00:00,CASH3.SA,4.420000076293945,4.429999828338623,4.420000076293945,4.429999828338623,9900
2026-06-01 17:25:00+00:00,CASH3.SA,4.429999828338623,4.449999809265137,4.429999828338623,4.449999809265137,18900
2026-06-01 17:30:00+00:00,CASH3.SA,4.449999809265137,4.46999979019165,4.429999828338623,4.429999828338623,52800
2026-06-01 17:35:00+00:00,CASH3.SA,4.429999828338623,4.440000057220459,4.429999828338623,4.440000057220459,2800
2026-06-01 17:40:00+00:00,CASH3.SA,4.440000057220459,4.460000038146973,4.440000057220459,4.449999809265137,14800
2026-06-01 17:45:00+00:00,CASH3.SA,4.460000038146973,4.460000038146973,4.449999809265137,4.460000038146973,3200
2026-06-01 17:50:00+00:00,CASH3.SA,4.449999809265137,4.460000038146973,4.449999809265137,4.449999809265137,11300
2026-06-01 17:55:00+00:00,CASH3.SA,4.449999809265137,4.460000038146973,4.449999809265137,4.460000038146973,2400
2026-06-01 18:00:00+00:00,CASH3.SA,4.460000038146973,4.460000038146973,4.449999809265137,4.460000038146973,3200
2026-06-01 18:05:00+00:00,CASH3.SA,4.449999809265137,4.460000038146973,4.449999809265137,4.460000038146973,2300
2026-06-01 18:10:00+00:00,CASH3.SA,4.449999809265137,4.460000038146973,4.449999809265137,4.460000038146973,5300
2026-06-01 18:15:00+00:00,CASH3.SA,4.449999809265137,4.460000038146973,4.449999809265137,4.449999809265137,2200
2026-06-01 18:20:00+00:00,CASH3.SA,4.460000038146973,4.460000038146973,4.449999809265137,4.460000038146973,2900
2026-06-01 18:25:00+00:00,CASH3.SA,4.460000038146973,4.46999979019165,4.460000038146973,4.460000038146973,1500
2026-06-01 18:30:00+00:00,CASH3.SA,4.46999979019165,4.46999979019165,4.460000038146973,4.46999979019165,2200
2026-06-01 18:35:00+00:00,CASH3.SA,4.460000038146973,4.46999979019165,4.449999809265137,4.460000038146973,18300
2026-06-01 18:40:00+00:00,CASH3.SA,4.460000038146973,4.46999979019165,4.449999809265137,4.460000038146973,13000
2026-06-01 18:45:00+00:00,CASH3.SA,4.46999979019165,4.46999979019165,4.460000038146973,4.460000038146973,3200
2026-06-01 18:50:00+00:00,CASH3.SA,4.460000038146973,4.46999979019165,4.460000038146973,4.460000038146973,2900
2026-06-01 18:55:00+00:00,CASH3.SA,4.460000038146973,4.46999979019165,4.460000038146973,4.460000038146973,3000
2026-06-01 19:00:00+00:00,CASH3.SA,4.46999979019165,4.46999979019165,4.460000038146973,4.460000038146973,7300
2026-06-01 19:05:00+00:00,CASH3.SA,4.460000038146973,4.46999979019165,4.460000038146973,4.46999979019165,10100
2026-06-01 19:10:00+00:00,CASH3.SA,4.46999979019165,4.480000019073486,4.46999979019165,4.46999979019165,7200
2026-06-01 19:15:00+00:00,CASH3.SA,4.480000019073486,4.480000019073486,4.46999979019165,4.46999979019165,3500
2026-06-01 19:20:00+00:00,CASH3.SA,4.480000019073486,4.489999771118164,4.46999979019165,4.489999771118164,10900
2026-06-01 19:25:00+00:00,CASH3.SA,4.489999771118164,4.489999771118164,4.480000019073486,4.489999771118164,2600
2026-06-01 19:30:00+00:00,CASH3.SA,4.489999771118164,4.489999771118164,4.480000019073486,4.489999771118164,6600
2026-06-01 19:35:00+00:00,CASH3.SA,4.480000019073486,4.489999771118164,4.46999979019165,4.480000019073486,24500
2026-06-01 19:40:00+00:00,CASH3.SA,4.46999979019165,4.480000019073486,4.420000076293945,4.429999828338623,37800
2026-06-01 19:45:00+00:00,CASH3.SA,4.420000076293945,4.429999828338623,4.389999866485596,4.400000095367432,44600
2026-06-01 19:50:00+00:00,CASH3.SA,4.400000095367432,4.409999847412109,4.389999866485596,4.400000095367432,9600
2026-06-02 13:00:00+00:00,CASH3.SA,4.360000133514404,4.380000114440918,4.360000133514404,4.369999885559082,0
2026-06-02 13:05:00+00:00,CASH3.SA,4.360000133514404,4.389999866485596,4.360000133514404,4.360000133514404,42400
2026-06-02 13:10:00+00:00,CASH3.SA,4.360000133514404,4.360000133514404,4.349999904632568,4.349999904632568,14600
2026-06-02 13:15:00+00:00,CASH3.SA,4.349999904632568,4.369999885559082,4.349999904632568,4.369999885559082,9300
2026-06-02 13:20:00+00:00,CASH3.SA,4.360000133514404,4.360000133514404,4.360000133514404,4.360000133514404,3600
2026-06-02 13:25:00+00:00,CASH3.SA,4.349999904632568,4.349999904632568,4.309999942779541,4.309999942779541,15500
2026-06-02 13:30:00+00:00,CASH3.SA,4.309999942779541,4.320000171661377,4.300000190734863,4.320000171661377,14300
2026-06-02 13:35:00+00:00,CASH3.SA,4.309999942779541,4.320000171661377,4.230000019073486,4.25,53200
2026-06-02 13:40:00+00:00,CASH3.SA,4.25,4.25,4.21999979019165,4.21999979019165,46800
2026-06-02 13:45:00+00:00,CASH3.SA,4.21999979019165,4.21999979019165,4.199999809265137,4.210000038146973,13300
2026-06-02 13:50:00+00:00,CASH3.SA,4.210000038146973,4.21999979019165,4.199999809265137,4.199999809265137,11400
2026-06-02 13:55:00+00:00,CASH3.SA,4.199999809265137,4.210000038146973,4.170000076293945,4.199999809265137,22000
2026-06-02 14:00:00+00:00,CASH3.SA,4.199999809265137,4.199999809265137,4.150000095367432,4.150000095367432,34400
2026-06-02 14:05:00+00:00,CASH3.SA,4.150000095367432,4.170000076293945,4.150000095367432,4.159999847412109,5000
2026-06-02 14:10:00+00:00,CASH3.SA,4.159999847412109,4.179999828338623,4.159999847412109,4.170000076293945,8600
2026-06-02 14:15:00+00:00,CASH3.SA,4.170000076293945,4.170000076293945,4.159999847412109,4.170000076293945,4500
2026-06-02 14:20:00+00:00,CASH3.SA,4.170000076293945,4.170000076293945,4.159999847412109,4.170000076293945,3300
2026-06-02 14:25:00+00:00,CASH3.SA,4.159999847412109,4.159999847412109,4.130000114440918,4.130000114440918,26000
2026-06-02 14:30:00+00:00,CASH3.SA,4.130000114440918,4.139999866485596,4.119999885559082,4.130000114440918,33200
2026-06-02 14:35:00+00:00,CASH3.SA,4.130000114440918,4.170000076293945,4.130000114440918,4.150000095367432,21000
2026-06-02 14:40:00+00:00,CASH3.SA,4.150000095367432,4.159999847412109,4.130000114440918,4.130000114440918,37400
2026-06-02 14:45:00+00:00,CASH3.SA,4.139999866485596,4.139999866485596,4.119999885559082,4.130000114440918,5200
2026-06-02 14:50:00+00:00,CASH3.SA,4.130000114440918,4.139999866485596,4.130000114440918,4.130000114440918,2600
2026-06-02 14:55:00+00:00,CASH3.SA,4.139999866485596,4.199999809265137,4.130000114440918,4.190000057220459,147200
2026-06-02 15:00:00+00:00,CASH3.SA,4.190000057220459,4.190000057220459,4.170000076293945,4.170000076293945,15300
2026-06-02 15:05:00+00:00,CASH3.SA,4.170000076293945,4.190000057220459,4.170000076293945,4.179999828338623,6500
2026-06-02 15:10:00+00:00,CASH3.SA,4.179999828338623,4.190000057220459,4.170000076293945,4.179999828338623,5100
2026-06-02 15:15:00+00:00,CASH3.SA,4.170000076293945,4.170000076293945,4.170000076293945,4.170000076293945,1000
2026-06-02 15:20:00+00:00,CASH3.SA,4.170000076293945,4.179999828338623,4.170000076293945,4.179999828338623,3100
2026-06-02 15:25:00+00:00,CASH3.SA,4.170000076293945,4.179999828338623,4.170000076293945,4.170000076293945,2900
2026-06-02 15:30:00+00:00,CASH3.SA,4.170000076293945,4.179999828338623,4.139999866485596,4.150000095367432,42600
2026-06-02 15:35:00+00:00,CASH3.SA,4.139999866485596,4.210000038146973,4.139999866485596,4.199999809265137,47800
2026-06-02 15:40:00+00:00,CASH3.SA,4.199999809265137,4.210000038146973,4.199999809265137,4.199999809265137,6600
2026-06-02 15:45:00+00:00,CASH3.SA,4.210000038146973,4.210000038146973,4.199999809265137,4.199999809265137,3700
2026-06-02 15:50:00+00:00,CASH3.SA,4.210000038146973,4.210000038146973,4.190000057220459,4.190000057220459,10200
2026-06-02 15:55:00+00:00,CASH3.SA,4.190000057220459,4.199999809265137,4.190000057220459,4.190000057220459,2000
2026-06-02 16:00:00+00:00,CASH3.SA,4.190000057220459,4.199999809265137,4.179999828338623,4.179999828338623,13900
2026-06-02 16:05:00+00:00,CASH3.SA,4.179999828338623,4.179999828338623,4.170000076293945,4.170000076293945,5700
2026-06-02 16:10:00+00:00,CASH3.SA,4.170000076293945,4.179999828338623,4.170000076293945,4.170000076293945,2300
2026-06-02 16:15:00+00:00,CASH3.SA,4.170000076293945,4.179999828338623,4.170000076293945,4.170000076293945,2200
2026-06-02 16:20:00+00:00,CASH3.SA,4.170000076293945,4.179999828338623,4.159999847412109,4.159999847412109,12100
2026-06-02 16:25:00+00:00,CASH3.SA,4.170000076293945,4.170000076293945,4.159999847412109,4.159999847412109,1500
2026-06-02 16:30:00+00:00,CASH3.SA,4.170000076293945,4.170000076293945,4.159999847412109,4.159999847412109,2100
2026-06-02 16:35:00+00:00,CASH3.SA,4.170000076293945,4.170000076293945,4.150000095367432,4.150000095367432,27200
2026-06-02 16:40:00+00:00,CASH3.SA,4.159999847412109,4.170000076293945,4.150000095367432,4.159999847412109,8900
2026-06-02 16:45:00+00:00,CASH3.SA,4.170000076293945,4.179999828338623,4.150000095367432,4.150000095367432,40400
2026-06-02 16:50:00+00:00,CASH3.SA,4.150000095367432,4.150000095367432,4.130000114440918,4.139999866485596,16600
2026-06-02 16:55:00+00:00,CASH3.SA,4.139999866485596,4.139999866485596,4.130000114440918,4.130000114440918,10100
2026-06-02 17:00:00+00:00,CASH3.SA,4.139999866485596,4.139999866485596,4.130000114440918,4.139999866485596,3900
2026-06-02 17:05:00+00:00,CASH3.SA,4.139999866485596,4.139999866485596,4.130000114440918,4.139999866485596,2600
2026-06-02 17:10:00+00:00,CASH3.SA,4.130000114440918,4.139999866485596,4.119999885559082,4.130000114440918,22400
2026-06-02 17:15:00+00:00,CASH3.SA,4.119999885559082,4.139999866485596,4.110000133514404,4.119999885559082,50900
2026-06-02 17:20:00+00:00,CASH3.SA,4.110000133514404,4.119999885559082,4.099999904632568,4.110000133514404,28500
2026-06-02 17:25:00+00:00,CASH3.SA,4.119999885559082,4.119999885559082,4.099999904632568,4.099999904632568,33400
2026-06-02 17:30:00+00:00,CASH3.SA,4.099999904632568,4.110000133514404,4.099999904632568,4.099999904632568,5800
2026-06-02 17:35:00+00:00,CASH3.SA,4.110000133514404,4.159999847412109,4.099999904632568,4.150000095367432,49300
2026-06-02 17:40:00+00:00,CASH3.SA,4.159999847412109,4.159999847412109,4.150000095367432,4.150000095367432,16200
2026-06-02 17:45:00+00:00,CASH3.SA,4.150000095367432,4.170000076293945,4.150000095367432,4.170000076293945,7300
2026-06-02 17:50:00+00:00,CASH3.SA,4.170000076293945,4.170000076293945,4.150000095367432,4.150000095367432,11400
2026-06-02 17:55:00+00:00,CASH3.SA,4.150000095367432,4.159999847412109,4.110000133514404,4.139999866485596,45100
2026-06-02 18:00:00+00:00,CASH3.SA,4.139999866485596,4.139999866485596,4.119999885559082,4.119999885559082,23300
2026-06-02 18:05:00+00:00,CASH3.SA,4.119999885559082,4.130000114440918,4.110000133514404,4.110000133514404,9500
2026-06-02 18:10:00+00:00,CASH3.SA,4.110000133514404,4.130000114440918,4.110000133514404,4.119999885559082,15100
2026-06-02 18:15:00+00:00,CASH3.SA,4.119999885559082,4.130000114440918,4.119999885559082,4.119999885559082,2000
2026-06-02 18:20:00+00:00,CASH3.SA,4.130000114440918,4.130000114440918,4.119999885559082,4.119999885559082,2300
2026-06-02 18:25:00+00:00,CASH3.SA,4.130000114440918,4.139999866485596,4.119999885559082,4.139999866485596,4800
2026-06-02 18:30:00+00:00,CASH3.SA,4.130000114440918,4.139999866485596,4.119999885559082,4.119999885559082,9500
2026-06-02 18:35:00+00:00,CASH3.SA,4.119999885559082,4.130000114440918,4.119999885559082,4.119999885559082,3400
2026-06-02 18:40:00+00:00,CASH3.SA,4.119999885559082,4.130000114440918,4.110000133514404,4.110000133514404,20800
2026-06-02 18:45:00+00:00,CASH3.SA,4.110000133514404,4.119999885559082,4.110000133514404,4.119999885559082,5500
2026-06-02 18:50:00+00:00,CASH3.SA,4.110000133514404,4.119999885559082,4.110000133514404,4.110000133514404,24000
2026-06-02 18:55:00+00:00,CASH3.SA,4.119999885559082,4.119999885559082,4.090000152587891,4.099999904632568,56100
2026-06-02 19:00:00+00:00,CASH3.SA,4.099999904632568,4.110000133514404,4.099999904632568,4.099999904632568,0
2026-06-02 19:05:00+00:00,CASH3.SA,4.110000133514404,4.110000133514404,4.099999904632568,4.099999904632568,3800
2026-06-02 19:10:00+00:00,CASH3.SA,4.099999904632568,4.110000133514404,4.059999942779541,4.079999923706055,283100
2026-06-02 19:15:00+00:00,CASH3.SA,4.090000152587891,4.090000152587891,4.059999942779541,4.059999942779541,33600
2026-06-02 19:20:00+00:00,CASH3.SA,4.059999942779541,4.070000171661377,4.03000020980835,4.050000190734863,39400
2026-06-02 19:25:00+00:00,CASH3.SA,4.059999942779541,4.079999923706055,4.050000190734863,4.079999923706055,27400
2026-06-02 19:30:00+00:00,CASH3.SA,4.079999923706055,4.090000152587891,4.070000171661377,4.079999923706055,2300
2026-06-02 19:35:00+00:00,CASH3.SA,4.070000171661377,4.090000152587891,4.059999942779541,4.090000152587891,50400
2026-06-02 19:40:00+00:00,CASH3.SA,4.079999923706055,4.130000114440918,4.070000171661377,4.119999885559082,49900
2026-06-02 19:45:00+00:00,CASH3.SA,4.119999885559082,4.139999866485596,4.099999904632568,4.099999904632568,22900
2026-06-02 19:50:00+00:00,CASH3.SA,4.099999904632568,4.110000133514404,4.099999904632568,4.099999904632568,7900
2026-06-03 13:00:00+00:00,CASH3.SA,4.110000133514404,4.110000133514404,4.03000020980835,4.070000171661377,0
2026-06-03 13:05:00+00:00,CASH3.SA,4.059999942779541,4.059999942779541,4.03000020980835,4.050000190734863,8400
2026-06-03 13:10:00+00:00,CASH3.SA,4.059999942779541,4.079999923706055,4.050000190734863,4.059999942779541,2900
2026-06-03 13:15:00+00:00,CASH3.SA,4.059999942779541,4.059999942779541,4.039999961853027,4.039999961853027,5400
2026-06-03 13:20:00+00:00,CASH3.SA,4.039999961853027,4.039999961853027,4.039999961853027,4.039999961853027,400
2026-06-03 13:25:00+00:00,CASH3.SA,4.039999961853027,4.070000171661377,4.039999961853027,4.059999942779541,16300
2026-06-03 13:30:00+00:00,CASH3.SA,4.070000171661377,4.079999923706055,4.070000171661377,4.079999923706055,7300
2026-06-03 13:35:00+00:00,CASH3.SA,4.090000152587891,4.139999866485596,4.070000171661377,4.139999866485596,45300
2026-06-03 13:40:00+00:00,CASH3.SA,4.130000114440918,4.130000114440918,4.110000133514404,4.119999885559082,6000
2026-06-03 13:45:00+00:00,CASH3.SA,4.110000133514404,4.110000133514404,4.090000152587891,4.090000152587891,16000
2026-06-03 13:50:00+00:00,CASH3.SA,4.079999923706055,4.090000152587891,4.079999923706055,4.090000152587891,700
2026-06-03 13:55:00+00:00,CASH3.SA,4.099999904632568,4.130000114440918,4.099999904632568,4.110000133514404,12700
2026-06-03 14:00:00+00:00,CASH3.SA,4.099999904632568,4.099999904632568,4.079999923706055,4.090000152587891,9800
2026-06-03 14:05:00+00:00,CASH3.SA,4.090000152587891,4.090000152587891,4.079999923706055,4.079999923706055,14600
2026-06-03 14:10:00+00:00,CASH3.SA,4.090000152587891,4.099999904632568,4.079999923706055,4.099999904632568,8000
2026-06-03 14:15:00+00:00,CASH3.SA,4.099999904632568,4.119999885559082,4.090000152587891,4.099999904632568,8100
2026-06-03 14:20:00+00:00,CASH3.SA,4.099999904632568,4.099999904632568,4.079999923706055,4.090000152587891,7700
2026-06-03 14:25:00+00:00,CASH3.SA,4.090000152587891,4.090000152587891,4.059999942779541,4.090000152587891,15500
2026-06-03 14:30:00+00:00,CASH3.SA,4.090000152587891,4.090000152587891,4.090000152587891,4.090000152587891,4400
2026-06-03 14:35:00+00:00,CASH3.SA,4.090000152587891,4.090000152587891,4.090000152587891,4.090000152587891,3900
2026-06-03 14:40:00+00:00,CASH3.SA,4.079999923706055,4.079999923706055,4.070000171661377,4.070000171661377,0
2026-06-03 14:45:00+00:00,CASH3.SA,4.070000171661377,4.070000171661377,4.050000190734863,4.050000190734863,6000
2026-06-03 14:50:00+00:00,CASH3.SA,4.059999942779541,4.090000152587891,4.059999942779541,4.090000152587891,5400
2026-06-03 14:55:00+00:00,CASH3.SA,4.090000152587891,4.099999904632568,4.070000171661377,4.070000171661377,13200
2026-06-03 15:00:00+00:00,CASH3.SA,4.070000171661377,4.070000171661377,4.059999942779541,4.059999942779541,10400
2026-06-03 15:05:00+00:00,CASH3.SA,4.059999942779541,4.059999942779541,4.050000190734863,4.050000190734863,2100
2026-06-03 15:10:00+00:00,CASH3.SA,4.050000190734863,4.059999942779541,4.039999961853027,4.039999961853027,26100
2026-06-03 15:15:00+00:00,CASH3.SA,4.039999961853027,4.050000190734863,4.039999961853027,4.050000190734863,0
2026-06-03 15:20:00+00:00,CASH3.SA,4.050000190734863,4.050000190734863,3.990000009536743,3.990000009536743,84200
2026-06-03 15:25:00+00:00,CASH3.SA,3.990000009536743,3.990000009536743,3.990000009536743,3.990000009536743,8600
2026-06-03 15:30:00+00:00,CASH3.SA,3.990000009536743,3.990000009536743,3.9800000190734863,3.990000009536743,3400
2026-06-03 15:35:00+00:00,CASH3.SA,3.990000009536743,3.990000009536743,3.9600000381469727,3.9600000381469727,25600
2026-06-03 15:40:00+00:00,CASH3.SA,3.9600000381469727,3.9700000286102295,3.9600000381469727,3.9600000381469727,5800
2026-06-03 15:45:00+00:00,CASH3.SA,3.9600000381469727,3.9700000286102295,3.9600000381469727,3.9600000381469727,0
2026-06-03 15:50:00+00:00,CASH3.SA,3.9700000286102295,3.9700000286102295,3.930000066757202,3.950000047683716,71700
2026-06-03 15:55:00+00:00,CASH3.SA,3.950000047683716,3.950000047683716,3.940000057220459,3.940000057220459,4000
2026-06-03 16:00:00+00:00,CASH3.SA,3.940000057220459,3.950000047683716,3.930000066757202,3.950000047683716,40100
2026-06-03 16:05:00+00:00,CASH3.SA,3.9600000381469727,3.9700000286102295,3.9600000381469727,3.9600000381469727,14000
2026-06-03 16:10:00+00:00,CASH3.SA,3.9700000286102295,3.9700000286102295,3.9600000381469727,3.9700000286102295,1700
2026-06-03 16:15:00+00:00,CASH3.SA,3.9700000286102295,3.9700000286102295,3.9600000381469727,3.9600000381469727,12200
2026-06-03 16:20:00+00:00,CASH3.SA,3.950000047683716,3.9600000381469727,3.930000066757202,3.940000057220459,20700
2026-06-03 16:25:00+00:00,CASH3.SA,3.940000057220459,3.950000047683716,3.930000066757202,3.940000057220459,4700
2026-06-03 16:30:00+00:00,CASH3.SA,3.930000066757202,3.930000066757202,3.930000066757202,3.930000066757202,800
2026-06-03 16:35:00+00:00,CASH3.SA,3.930000066757202,3.9800000190734863,3.930000066757202,3.9800000190734863,54700
2026-06-03 16:40:00+00:00,CASH3.SA,3.9700000286102295,3.9800000190734863,3.950000047683716,3.9600000381469727,7900
2026-06-03 16:45:00+00:00,CASH3.SA,3.9700000286102295,3.9700000286102295,3.9600000381469727,3.9600000381469727,800
2026-06-03 16:50:00+00:00,CASH3.SA,3.9700000286102295,3.990000009536743,3.9700000286102295,3.9700000286102295,20600
2026-06-03 16:55:00+00:00,CASH3.SA,3.9600000381469727,3.9700000286102295,3.9600000381469727,3.9600000381469727,0
2026-06-03 17:00:00+00:00,CASH3.SA,3.9700000286102295,3.9700000286102295,3.9600000381469727,3.9600000381469727,1400
2026-06-03 17:05:00+00:00,CASH3.SA,3.9600000381469727,3.9700000286102295,3.9600000381469727,3.9700000286102295,1600
2026-06-03 17:10:00+00:00,CASH3.SA,3.9700000286102295,3.990000009536743,3.9600000381469727,3.9800000190734863,81400
2026-06-03 17:15:00+00:00,CASH3.SA,3.9700000286102295,3.9700000286102295,3.940000057220459,3.9600000381469727,20900
2026-06-03 17:20:00+00:00,CASH3.SA,3.950000047683716,3.950000047683716,3.940000057220459,3.940000057220459,200
2026-06-03 17:25:00+00:00,CASH3.SA,3.940000057220459,3.950000047683716,3.940000057220459,3.950000047683716,5400
2026-06-03 17:30:00+00:00,CASH3.SA,3.940000057220459,3.950000047683716,3.940000057220459,3.950000047683716,3300
2026-06-03 17:35:00+00:00,CASH3.SA,3.950000047683716,3.950000047683716,3.940000057220459,3.940000057220459,300
2026-06-03 17:40:00+00:00,CASH3.SA,3.950000047683716,3.950000047683716,3.940000057220459,3.950000047683716,1200
2026-06-03 17:45:00+00:00,CASH3.SA,3.950000047683716,3.950000047683716,3.940000057220459,3.950000047683716,1800
2026-06-03 17:50:00+00:00,CASH3.SA,3.950000047683716,3.950000047683716,3.9200000762939453,3.9200000762939453,18000
2026-06-03 17:55:00+00:00,CASH3.SA,3.9200000762939453,3.930000066757202,3.9100000858306885,3.9100000858306885,2400
2026-06-03 18:00:00+00:00,CASH3.SA,3.9100000858306885,3.930000066757202,3.9100000858306885,3.9200000762939453,5900
2026-06-03 18:05:00+00:00,CASH3.SA,3.9200000762939453,3.9200000762939453,3.9100000858306885,3.9100000858306885,6900
2026-06-03 18:10:00+00:00,CASH3.SA,3.9100000858306885,3.9100000858306885,3.9000000953674316,3.9000000953674316,12000
2026-06-03 18:15:00+00:00,CASH3.SA,3.9000000953674316,3.9100000858306885,3.880000114440918,3.9100000858306885,23000
2026-06-03 18:20:00+00:00,CASH3.SA,3.9100000858306885,3.9100000858306885,3.9000000953674316,3.9100000858306885,6300
2026-06-03 18:25:00+00:00,CASH3.SA,3.9100000858306885,3.9600000381469727,3.9100000858306885,3.940000057220459,53800
2026-06-03 18:30:00+00:00,CASH3.SA,3.940000057220459,3.940000057220459,3.930000066757202,3.940000057220459,4400
2026-06-03 18:35:00+00:00,CASH3.SA,3.940000057220459,3.940000057220459,3.930000066757202,3.930000066757202,12000
2026-06-03 18:40:00+00:00,CASH3.SA,3.930000066757202,3.940000057220459,3.9200000762939453,3.9200000762939453,6400
2026-06-03 18:45:00+00:00,CASH3.SA,3.9200000762939453,3.9200000762939453,3.9200000762939453,3.9200000762939453,3000
2026-06-03 18:50:00+00:00,CASH3.SA,3.930000066757202,3.930000066757202,3.9200000762939453,3.9200000762939453,7900
2026-06-03 18:55:00+00:00,CASH3.SA,3.9200000762939453,3.9200000762939453,3.9200000762939453,3.9200000762939453,4600
2026-06-03 19:00:00+00:00,CASH3.SA,3.9200000762939453,3.930000066757202,3.9100000858306885,3.9200000762939453,8900
2026-06-03 19:05:00+00:00,CASH3.SA,3.9200000762939453,3.950000047683716,3.9200000762939453,3.9200000762939453,21500
2026-06-03 19:10:00+00:00,CASH3.SA,3.9200000762939453,3.9200000762939453,3.9200000762939453,3.9200000762939453,3800
2026-06-03 19:15:00+00:00,CASH3.SA,3.9200000762939453,3.9200000762939453,3.9100000858306885,3.9100000858306885,10500
2026-06-03 19:20:00+00:00,CASH3.SA,3.9100000858306885,3.9200000762939453,3.9100000858306885,3.9200000762939453,2300
2026-06-03 19:25:00+00:00,CASH3.SA,3.9100000858306885,3.9100000858306885,3.9000000953674316,3.9100000858306885,8500
2026-06-03 19:30:00+00:00,CASH3.SA,3.9100000858306885,3.930000066757202,3.9100000858306885,3.9200000762939453,10200
2026-06-03 19:35:00+00:00,CASH3.SA,3.930000066757202,3.930000066757202,3.9200000762939453,3.9200000762939453,7400
2026-06-03 19:40:00+00:00,CASH3.SA,3.9100000858306885,3.9200000762939453,3.9000000953674316,3.9100000858306885,5500
2026-06-03 19:45:00+00:00,CASH3.SA,3.9100000858306885,3.930000066757202,3.9100000858306885,3.9100000858306885,8900
2026-06-03 19:50:00+00:00,CASH3.SA,3.9200000762939453,3.9600000381469727,3.9100000858306885,3.9600000381469727,26000
2026-06-05 13:00:00+00:00,CASH3.SA,3.869999885559082,3.869999885559082,3.8499999046325684,3.8499999046325684,0
2026-06-05 13:05:00+00:00,CASH3.SA,3.8499999046325684,3.869999885559082,3.8299999237060547,3.869999885559082,23700
2026-06-05 13:10:00+00:00,CASH3.SA,3.880000114440918,3.9000000953674316,3.880000114440918,3.890000104904175,6500
2026-06-05 13:15:00+00:00,CASH3.SA,3.890000104904175,3.9100000858306885,3.890000104904175,3.9100000858306885,6100
2026-06-05 13:20:00+00:00,CASH3.SA,3.9100000858306885,3.9100000858306885,3.9100000858306885,3.9100000858306885,700
2026-06-05 13:25:00+00:00,CASH3.SA,3.9000000953674316,3.930000066757202,3.880000114440918,3.890000104904175,7400
2026-06-05 13:30:00+00:00,CASH3.SA,3.9000000953674316,3.9200000762939453,3.9000000953674316,3.9200000762939453,6700
2026-06-05 13:35:00+00:00,CASH3.SA,3.930000066757202,3.930000066757202,3.9200000762939453,3.930000066757202,3900
2026-06-05 13:40:00+00:00,CASH3.SA,3.9200000762939453,3.9200000762939453,3.9000000953674316,3.9000000953674316,6800
2026-06-05 13:45:00+00:00,CASH3.SA,3.9100000858306885,3.9800000190734863,3.9100000858306885,3.9600000381469727,62800
2026-06-05 13:50:00+00:00,CASH3.SA,3.9700000286102295,3.990000009536743,3.9600000381469727,3.990000009536743,7400
2026-06-05 13:55:00+00:00,CASH3.SA,3.990000009536743,3.990000009536743,3.950000047683716,3.950000047683716,18000
2026-06-05 14:00:00+00:00,CASH3.SA,3.950000047683716,3.9700000286102295,3.950000047683716,3.9600000381469727,9900
2026-06-05 14:05:00+00:00,CASH3.SA,3.9600000381469727,3.9700000286102295,3.940000057220459,3.9700000286102295,12600
2026-06-05 14:10:00+00:00,CASH3.SA,3.9700000286102295,3.9700000286102295,3.940000057220459,3.950000047683716,6800
2026-06-05 14:15:00+00:00,CASH3.SA,3.950000047683716,3.9600000381469727,3.950000047683716,3.9600000381469727,3000
2026-06-05 14:20:00+00:00,CASH3.SA,3.9600000381469727,3.9600000381469727,3.930000066757202,3.930000066757202,4000
2026-06-05 14:25:00+00:00,CASH3.SA,3.930000066757202,3.940000057220459,3.9200000762939453,3.940000057220459,12900
2026-06-05 14:30:00+00:00,CASH3.SA,3.940000057220459,3.9600000381469727,3.940000057220459,3.950000047683716,5300
2026-06-05 14:35:00+00:00,CASH3.SA,3.950000047683716,3.950000047683716,3.9200000762939453,3.9200000762939453,6900
2026-06-05 14:40:00+00:00,CASH3.SA,3.930000066757202,3.940000057220459,3.930000066757202,3.940000057220459,4100
2026-06-05 14:45:00+00:00,CASH3.SA,3.940000057220459,3.940000057220459,3.940000057220459,3.940000057220459,900
2026-06-05 14:50:00+00:00,CASH3.SA,3.940000057220459,3.950000047683716,3.930000066757202,3.950000047683716,7000
2026-06-05 14:55:00+00:00,CASH3.SA,3.950000047683716,3.9600000381469727,3.950000047683716,3.950000047683716,3300
2026-06-05 15:00:00+00:00,CASH3.SA,3.950000047683716,3.950000047683716,3.950000047683716,3.950000047683716,1200
2026-06-05 15:05:00+00:00,CASH3.SA,3.950000047683716,3.950000047683716,3.940000057220459,3.940000057220459,10200
2026-06-05 15:10:00+00:00,CASH3.SA,3.930000066757202,3.930000066757202,3.9200000762939453,3.930000066757202,3500
2026-06-05 15:15:00+00:00,CASH3.SA,3.930000066757202,3.940000057220459,3.9200000762939453,3.940000057220459,2700
2026-06-05 15:20:00+00:00,CASH3.SA,3.940000057220459,3.940000057220459,3.9100000858306885,3.9200000762939453,4700
2026-06-05 15:25:00+00:00,CASH3.SA,3.9200000762939453,3.930000066757202,3.9200000762939453,3.930000066757202,2700
2026-06-05 15:30:00+00:00,CASH3.SA,3.930000066757202,3.930000066757202,3.9200000762939453,3.9200000762939453,2700
2026-06-05 15:35:00+00:00,CASH3.SA,3.930000066757202,3.930000066757202,3.9100000858306885,3.9200000762939453,3900
2026-06-05 15:40:00+00:00,CASH3.SA,3.9200000762939453,3.9200000762939453,3.9000000953674316,3.9000000953674316,14000
2026-06-05 15:45:00+00:00,CASH3.SA,3.9000000953674316,3.9100000858306885,3.9000000953674316,3.9100000858306885,2600
2026-06-05 15:50:00+00:00,CASH3.SA,3.9100000858306885,3.9200000762939453,3.890000104904175,3.9200000762939453,57700
2026-06-05 15:55:00+00:00,CASH3.SA,3.9200000762939453,3.9200000762939453,3.9100000858306885,3.9200000762939453,2400
2026-06-05 16:00:00+00:00,CASH3.SA,3.9100000858306885,3.9200000762939453,3.9100000858306885,3.9100000858306885,7000
2026-06-05 16:05:00+00:00,CASH3.SA,3.9200000762939453,3.9200000762939453,3.9100000858306885,3.9200000762939453,2600
2026-06-05 16:10:00+00:00,CASH3.SA,3.9200000762939453,3.940000057220459,3.9100000858306885,3.940000057220459,65400
2026-06-05 16:15:00+00:00,CASH3.SA,3.940000057220459,3.940000057220459,3.930000066757202,3.930000066757202,3800
2026-06-05 16:20:00+00:00,CASH3.SA,3.940000057220459,3.940000057220459,3.930000066757202,3.940000057220459,4400
2026-06-05 16:25:00+00:00,CASH3.SA,3.930000066757202,3.940000057220459,3.930000066757202,3.940000057220459,4500
2026-06-05 16:30:00+00:00,CASH3.SA,3.940000057220459,3.940000057220459,3.930000066757202,3.940000057220459,2100
2026-06-05 16:35:00+00:00,CASH3.SA,3.940000057220459,3.940000057220459,3.8499999046325684,3.9200000762939453,253500
2026-06-05 16:40:00+00:00,CASH3.SA,3.9200000762939453,3.9200000762939453,3.8399999141693115,3.9200000762939453,140800
2026-06-05 16:45:00+00:00,CASH3.SA,3.9200000762939453,3.9200000762939453,3.880000114440918,3.9100000858306885,70400
2026-06-05 16:50:00+00:00,CASH3.SA,3.9200000762939453,3.9200000762939453,3.9000000953674316,3.9100000858306885,56400
2026-06-05 16:55:00+00:00,CASH3.SA,3.9100000858306885,3.9100000858306885,3.9000000953674316,3.9100000858306885,10400
2026-06-05 17:00:00+00:00,CASH3.SA,3.9100000858306885,3.9200000762939453,3.9100000858306885,3.9200000762939453,9300
2026-06-05 17:05:00+00:00,CASH3.SA,3.9200000762939453,3.9200000762939453,3.9100000858306885,3.9200000762939453,9500
2026-06-05 17:10:00+00:00,CASH3.SA,3.9200000762939453,3.9200000762939453,3.9100000858306885,3.9200000762939453,8100
2026-06-05 17:15:00+00:00,CASH3.SA,3.9200000762939453,3.9200000762939453,3.9100000858306885,3.9200000762939453,9300
2026-06-05 17:20:00+00:00,CASH3.SA,3.9100000858306885,3.9200000762939453,3.9100000858306885,3.9200000762939453,17500
2026-06-05 17:25:00+00:00,CASH3.SA,3.9200000762939453,3.9200000762939453,3.9000000953674316,3.9100000858306885,23400
2026-06-05 17:30:00+00:00,CASH3.SA,3.9000000953674316,3.9100000858306885,3.9000000953674316,3.9000000953674316,8200
2026-06-05 17:35:00+00:00,CASH3.SA,3.9000000953674316,3.930000066757202,3.9000000953674316,3.930000066757202,48000
2026-06-05 17:40:00+00:00,CASH3.SA,3.930000066757202,3.930000066757202,3.9200000762939453,3.930000066757202,8300
2026-06-05 17:45:00+00:00,CASH3.SA,3.930000066757202,3.940000057220459,3.9200000762939453,3.930000066757202,8100
2026-06-05 17:50:00+00:00,CASH3.SA,3.930000066757202,3.940000057220459,3.8399999141693115,3.8499999046325684,192800
2026-06-05 17:55:00+00:00,CASH3.SA,3.859999895095825,3.880000114440918,3.8499999046325684,3.869999885559082,27400
2026-06-05 18:00:00+00:00,CASH3.SA,3.869999885559082,3.890000104904175,3.869999885559082,3.890000104904175,32300
2026-06-05 18:05:00+00:00,CASH3.SA,3.880000114440918,3.890000104904175,3.880000114440918,3.880000114440918,10500
2026-06-05 18:10:00+00:00,CASH3.SA,3.890000104904175,3.890000104904175,3.880000114440918,3.880000114440918,8900
2026-06-05 18:15:00+00:00,CASH3.SA,3.890000104904175,3.890000104904175,3.809999942779541,3.8499999046325684,146900
2026-06-05 18:20:00+00:00,CASH3.SA,3.8499999046325684,3.869999885559082,3.8499999046325684,3.859999895095825,23900
2026-06-05 18:25:00+00:00,CASH3.SA,3.859999895095825,3.869999885559082,3.8399999141693115,3.859999895095825,74700
2026-06-05 18:30:00+00:00,CASH3.SA,3.859999895095825,3.869999885559082,3.859999895095825,3.859999895095825,9900
2026-06-05 18:35:00+00:00,CASH3.SA,3.859999895095825,3.869999885559082,3.859999895095825,3.859999895095825,7600
2026-06-05 18:40:00+00:00,CASH3.SA,3.859999895095825,3.880000114440918,3.859999895095825,3.880000114440918,21000
2026-06-05 18:45:00+00:00,CASH3.SA,3.869999885559082,3.890000104904175,3.869999885559082,3.890000104904175,10400
2026-06-05 18:50:00+00:00,CASH3.SA,3.890000104904175,3.890000104904175,3.859999895095825,3.869999885559082,22100
2026-06-05 18:55:00+00:00,CASH3.SA,3.869999885559082,3.880000114440918,3.869999885559082,3.869999885559082,11900
2026-06-05 19:00:00+00:00,CASH3.SA,3.880000114440918,3.880000114440918,3.859999895095825,3.859999895095825,19100
2026-06-05 19:05:00+00:00,CASH3.SA,3.869999885559082,3.869999885559082,3.8399999141693115,3.8499999046325684,36100
2026-06-05 19:10:00+00:00,CASH3.SA,3.8499999046325684,3.869999885559082,3.8499999046325684,3.859999895095825,19700
2026-06-05 19:15:00+00:00,CASH3.SA,3.859999895095825,3.869999885559082,3.8499999046325684,3.859999895095825,12300
2026-06-05 19:20:00+00:00,CASH3.SA,3.859999895095825,3.859999895095825,3.8399999141693115,3.8499999046325684,13700
2026-06-05 19:25:00+00:00,CASH3.SA,3.859999895095825,3.869999885559082,3.8499999046325684,3.869999885559082,8900
2026-06-05 19:30:00+00:00,CASH3.SA,3.869999885559082,3.869999885559082,3.859999895095825,3.869999885559082,7900
2026-06-05 19:35:00+00:00,CASH3.SA,3.869999885559082,3.869999885559082,3.859999895095825,3.869999885559082,3500
2026-06-05 19:40:00+00:00,CASH3.SA,3.869999885559082,3.869999885559082,3.859999895095825,3.869999885559082,4100
2026-06-05 19:45:00+00:00,CASH3.SA,3.859999895095825,3.880000114440918,3.859999895095825,3.869999885559082,28200
2026-06-05 19:50:00+00:00,CASH3.SA,3.869999885559082,3.880000114440918,3.859999895095825,3.880000114440918,18600
2026-06-08 13:00:00+00:00,CASH3.SA,3.8299999237060547,3.890000104904175,3.8299999237060547,3.859999895095825,0
2026-06-08 13:05:00+00:00,CASH3.SA,3.859999895095825,3.869999885559082,3.819999933242798,3.8399999141693115,30900
2026-06-08 13:10:00+00:00,CASH3.SA,3.8399999141693115,3.8399999141693115,3.799999952316284,3.799999952316284,33900
2026-06-08 13:15:00+00:00,CASH3.SA,3.7899999618530273,3.7899999618530273,3.759999990463257,3.7799999713897705,47000
2026-06-08 13:20:00+00:00,CASH3.SA,3.7799999713897705,3.799999952316284,3.7799999713897705,3.7899999618530273,21400
2026-06-08 13:25:00+00:00,CASH3.SA,3.799999952316284,3.819999933242798,3.7899999618530273,3.7899999618530273,27700
2026-06-08 13:30:00+00:00,CASH3.SA,3.7799999713897705,3.799999952316284,3.7799999713897705,3.7799999713897705,17200
2026-06-08 13:35:00+00:00,CASH3.SA,3.7799999713897705,3.7899999618530273,3.7699999809265137,3.7899999618530273,22900
2026-06-08 13:40:00+00:00,CASH3.SA,3.7899999618530273,3.7899999618530273,3.7699999809265137,3.7799999713897705,9300
2026-06-08 13:45:00+00:00,CASH3.SA,3.7799999713897705,3.809999942779541,3.7799999713897705,3.799999952316284,10300
2026-06-08 13:50:00+00:00,CASH3.SA,3.799999952316284,3.8399999141693115,3.799999952316284,3.8299999237060547,36600
2026-06-08 13:55:00+00:00,CASH3.SA,3.819999933242798,3.8299999237060547,3.809999942779541,3.809999942779541,1200
2026-06-08 14:00:00+00:00,CASH3.SA,3.819999933242798,3.819999933242798,3.7699999809265137,3.799999952316284,36700
2026-06-08 14:05:00+00:00,CASH3.SA,3.799999952316284,3.799999952316284,3.7799999713897705,3.7899999618530273,900
2026-06-08 14:10:00+00:00,CASH3.SA,3.7899999618530273,3.799999952316284,3.7799999713897705,3.7799999713897705,17700
2026-06-08 14:15:00+00:00,CASH3.SA,3.7699999809265137,3.7799999713897705,3.7699999809265137,3.7799999713897705,6000
2026-06-08 14:20:00+00:00,CASH3.SA,3.7899999618530273,3.7899999618530273,3.7799999713897705,3.7799999713897705,1900
2026-06-08 14:25:00+00:00,CASH3.SA,3.7799999713897705,3.7899999618530273,3.7799999713897705,3.7799999713897705,7400
2026-06-08 14:30:00+00:00,CASH3.SA,3.7799999713897705,3.799999952316284,3.7799999713897705,3.799999952316284,4600
2026-06-08 14:35:00+00:00,CASH3.SA,3.7899999618530273,3.799999952316284,3.7799999713897705,3.7799999713897705,2400
2026-06-08 14:40:00+00:00,CASH3.SA,3.7899999618530273,3.799999952316284,3.7799999713897705,3.799999952316284,3600
2026-06-08 14:45:00+00:00,CASH3.SA,3.799999952316284,3.809999942779541,3.7899999618530273,3.799999952316284,25400
2026-06-08 14:50:00+00:00,CASH3.SA,3.7899999618530273,3.7899999618530273,3.7799999713897705,3.7899999618530273,5300
2026-06-08 14:55:00+00:00,CASH3.SA,3.799999952316284,3.809999942779541,3.799999952316284,3.809999942779541,5100
2026-06-08 15:00:00+00:00,CASH3.SA,3.799999952316284,3.809999942779541,3.799999952316284,3.809999942779541,10900
2026-06-08 15:05:00+00:00,CASH3.SA,3.799999952316284,3.809999942779541,3.799999952316284,3.799999952316284,500
2026-06-08 15:10:00+00:00,CASH3.SA,3.799999952316284,3.809999942779541,3.799999952316284,3.809999942779541,1000
2026-06-08 15:15:00+00:00,CASH3.SA,3.799999952316284,3.799999952316284,3.7799999713897705,3.7899999618530273,30600
2026-06-08 15:20:00+00:00,CASH3.SA,3.7899999618530273,3.799999952316284,3.7899999618530273,3.799999952316284,7100
2026-06-08 15:25:00+00:00,CASH3.SA,3.799999952316284,3.799999952316284,3.7899999618530273,3.7899999618530273,2400
2026-06-08 15:30:00+00:00,CASH3.SA,3.7899999618530273,3.799999952316284,3.7899999618530273,3.7899999618530273,2300
2026-06-08 15:35:00+00:00,CASH3.SA,3.799999952316284,3.799999952316284,3.7899999618530273,3.7899999618530273,1100
2026-06-08 15:40:00+00:00,CASH3.SA,3.799999952316284,3.809999942779541,3.799999952316284,3.809999942779541,3000
2026-06-08 15:45:00+00:00,CASH3.SA,3.799999952316284,3.799999952316284,3.7899999618530273,3.799999952316284,13300
2026-06-08 15:50:00+00:00,CASH3.SA,3.7899999618530273,3.799999952316284,3.7899999618530273,3.799999952316284,10700
2026-06-08 15:55:00+00:00,CASH3.SA,3.799999952316284,3.799999952316284,3.7899999618530273,3.7899999618530273,2900
2026-06-08 16:00:00+00:00,CASH3.SA,3.7899999618530273,3.7899999618530273,3.7899999618530273,3.7899999618530273,900
2026-06-08 16:05:00+00:00,CASH3.SA,3.799999952316284,3.799999952316284,3.7899999618530273,3.7899999618530273,500
2026-06-08 16:10:00+00:00,CASH3.SA,3.7899999618530273,3.799999952316284,3.7899999618530273,3.799999952316284,5300
2026-06-08 16:15:00+00:00,CASH3.SA,3.799999952316284,3.809999942779541,3.799999952316284,3.809999942779541,400
2026-06-08 16:20:00+00:00,CASH3.SA,3.799999952316284,3.809999942779541,3.7899999618530273,3.799999952316284,8000
2026-06-08 16:25:00+00:00,CASH3.SA,3.809999942779541,3.8499999046325684,3.809999942779541,3.8399999141693115,46100
2026-06-08 16:30:00+00:00,CASH3.SA,3.8399999141693115,3.8399999141693115,3.8399999141693115,3.8399999141693115,11400
2026-06-08 16:35:00+00:00,CASH3.SA,3.8299999237060547,3.8399999141693115,3.8299999237060547,3.8399999141693115,4500
2026-06-08 16:40:00+00:00,CASH3.SA,3.8399999141693115,3.8399999141693115,3.8299999237060547,3.8399999141693115,5800
2026-06-08 16:45:00+00:00,CASH3.SA,3.8399999141693115,3.8399999141693115,3.8299999237060547,3.8299999237060547,9200
2026-06-08 16:50:00+00:00,CASH3.SA,3.8299999237060547,3.8299999237060547,3.819999933242798,3.819999933242798,4700
2026-06-08 16:55:00+00:00,CASH3.SA,3.819999933242798,3.819999933242798,3.809999942779541,3.809999942779541,6000
2026-06-08 17:00:00+00:00,CASH3.SA,3.809999942779541,3.809999942779541,3.7899999618530273,3.799999952316284,15900
2026-06-08 17:05:00+00:00,CASH3.SA,3.799999952316284,3.799999952316284,3.799999952316284,3.799999952316284,1900
2026-06-08 17:10:00+00:00,CASH3.SA,3.7899999618530273,3.799999952316284,3.7899999618530273,3.799999952316284,500
2026-06-08 17:15:00+00:00,CASH3.SA,3.7899999618530273,3.799999952316284,3.7799999713897705,3.7799999713897705,15900
2026-06-08 17:20:00+00:00,CASH3.SA,3.7799999713897705,3.7799999713897705,3.7799999713897705,3.7799999713897705,200
2026-06-08 17:25:00+00:00,CASH3.SA,3.7899999618530273,3.7899999618530273,3.7899999618530273,3.7899999618530273,9600
2026-06-08 17:30:00+00:00,CASH3.SA,3.7899999618530273,3.7899999618530273,3.7899999618530273,3.7899999618530273,200
2026-06-08 17:35:00+00:00,CASH3.SA,3.7899999618530273,3.7899999618530273,3.7899999618530273,3.7899999618530273,100
2026-06-08 17:40:00+00:00,CASH3.SA,3.7899999618530273,3.7899999618530273,3.7899999618530273,3.7899999618530273,500
2026-06-08 17:45:00+00:00,CASH3.SA,3.7899999618530273,3.7899999618530273,3.7699999809265137,3.7699999809265137,53100
2026-06-08 17:50:00+00:00,CASH3.SA,3.7699999809265137,3.7699999809265137,3.7699999809265137,3.7699999809265137,15500
2026-06-08 17:55:00+00:00,CASH3.SA,3.7699999809265137,3.7699999809265137,3.759999990463257,3.759999990463257,500
2026-06-08 18:00:00+00:00,CASH3.SA,3.759999990463257,3.799999952316284,3.759999990463257,3.799999952316284,27600
2026-06-08 18:05:00+00:00,CASH3.SA,3.7899999618530273,3.799999952316284,3.7699999809265137,3.7699999809265137,28400
2026-06-08 18:10:00+00:00,CASH3.SA,3.7699999809265137,3.7799999713897705,3.759999990463257,3.7799999713897705,10500
2026-06-08 18:15:00+00:00,CASH3.SA,3.7799999713897705,3.799999952316284,3.7799999713897705,3.799999952316284,10300
2026-06-08 18:20:00+00:00,CASH3.SA,3.799999952316284,3.799999952316284,3.7899999618530273,3.7899999618530273,3800
2026-06-08 18:25:00+00:00,CASH3.SA,3.7899999618530273,3.799999952316284,3.7799999713897705,3.7799999713897705,6000
2026-06-08 18:30:00+00:00,CASH3.SA,3.7799999713897705,3.7899999618530273,3.7799999713897705,3.7799999713897705,1200
2026-06-08 18:35:00+00:00,CASH3.SA,3.7799999713897705,3.7799999713897705,3.740000009536743,3.75,85100
2026-06-08 18:40:00+00:00,CASH3.SA,3.75,3.75,3.740000009536743,3.740000009536743,8400
2026-06-08 18:45:00+00:00,CASH3.SA,3.740000009536743,3.75,3.7200000286102295,3.7200000286102295,55900
2026-06-08 18:50:00+00:00,CASH3.SA,3.7200000286102295,3.7300000190734863,3.7100000381469727,3.7100000381469727,16400
2026-06-08 18:55:00+00:00,CASH3.SA,3.7100000381469727,3.7300000190734863,3.7100000381469727,3.7300000190734863,19700
2026-06-08 19:00:00+00:00,CASH3.SA,3.7200000286102295,3.740000009536743,3.7200000286102295,3.7200000286102295,62800
2026-06-08 19:05:00+00:00,CASH3.SA,3.7200000286102295,3.7300000190734863,3.7100000381469727,3.7300000190734863,15500
2026-06-08 19:10:00+00:00,CASH3.SA,3.7300000190734863,3.7300000190734863,3.7200000286102295,3.7300000190734863,1100
2026-06-08 19:15:00+00:00,CASH3.SA,3.7200000286102295,3.740000009536743,3.7100000381469727,3.740000009536743,76600
2026-06-08 19:20:00+00:00,CASH3.SA,3.7300000190734863,3.7300000190734863,3.7300000190734863,3.7300000190734863,21300
2026-06-08 19:25:00+00:00,CASH3.SA,3.7300000190734863,3.740000009536743,3.7200000286102295,3.7300000190734863,28400
2026-06-08 19:30:00+00:00,CASH3.SA,3.740000009536743,3.740000009536743,3.7300000190734863,3.7300000190734863,23000
2026-06-08 19:35:00+00:00,CASH3.SA,3.7200000286102295,3.740000009536743,3.7200000286102295,3.7300000190734863,2600
2026-06-08 19:40:00+00:00,CASH3.SA,3.7200000286102295,3.7300000190734863,3.7200000286102295,3.7200000286102295,4200
2026-06-08 19:45:00+00:00,CASH3.SA,3.7200000286102295,3.740000009536743,3.7200000286102295,3.7200000286102295,14200
2026-06-08 19:50:00+00:00,CASH3.SA,3.7300000190734863,3.740000009536743,3.7100000381469727,3.7300000190734863,9200
2026-06-09 13:00:00+00:00,CASH3.SA,3.740000009536743,3.7699999809265137,3.7200000286102295,3.759999990463257,0
2026-06-09 13:05:00+00:00,CASH3.SA,3.75,3.759999990463257,3.75,3.759999990463257,6700
2026-06-09 13:10:00+00:00,CASH3.SA,3.759999990463257,3.7699999809265137,3.740000009536743,3.740000009536743,18200
2026-06-09 13:15:00+00:00,CASH3.SA,3.740000009536743,3.75,3.7300000190734863,3.7300000190734863,4300
2026-06-09 13:20:00+00:00,CASH3.SA,3.7300000190734863,3.7300000190734863,3.700000047683716,3.700000047683716,4800
2026-06-09 13:25:00+00:00,CASH3.SA,3.7100000381469727,3.7100000381469727,3.690000057220459,3.690000057220459,18500
2026-06-09 13:30:00+00:00,CASH3.SA,3.700000047683716,3.7200000286102295,3.700000047683716,3.7200000286102295,5200
2026-06-09 13:35:00+00:00,CASH3.SA,3.7200000286102295,3.7300000190734863,3.7100000381469727,3.7200000286102295,3900
2026-06-09 13:40:00+00:00,CASH3.SA,3.7100000381469727,3.7100000381469727,3.700000047683716,3.7100000381469727,3700
2026-06-09 13:45:00+00:00,CASH3.SA,3.700000047683716,3.7300000190734863,3.690000057220459,3.7200000286102295,21700
2026-06-09 13:50:00+00:00,CASH3.SA,3.7300000190734863,3.7300000190734863,3.7200000286102295,3.7200000286102295,2200
2026-06-09 13:55:00+00:00,CASH3.SA,3.7200000286102295,3.7200000286102295,3.7100000381469727,3.7100000381469727,6800
2026-06-09 14:00:00+00:00,CASH3.SA,3.700000047683716,3.7200000286102295,3.700000047683716,3.7100000381469727,4700
2026-06-09 14:05:00+00:00,CASH3.SA,3.7100000381469727,3.7200000286102295,3.7100000381469727,3.7200000286102295,3400
2026-06-09 14:10:00+00:00,CASH3.SA,3.7200000286102295,3.7200000286102295,3.7200000286102295,3.7200000286102295,0
2026-06-09 14:15:00+00:00,CASH3.SA,3.7200000286102295,3.7200000286102295,3.690000057220459,3.690000057220459,16500
2026-06-09 14:20:00+00:00,CASH3.SA,3.690000057220459,3.7100000381469727,3.680000066757202,3.7100000381469727,28800
2026-06-09 14:25:00+00:00,CASH3.SA,3.7200000286102295,3.7200000286102295,3.700000047683716,3.700000047683716,3900
2026-06-09 14:30:00+00:00,CASH3.SA,3.700000047683716,3.700000047683716,3.690000057220459,3.690000057220459,10400
2026-06-09 14:35:00+00:00,CASH3.SA,3.690000057220459,3.7200000286102295,3.690000057220459,3.7100000381469727,23900
2026-06-09 14:40:00+00:00,CASH3.SA,3.7100000381469727,3.7100000381469727,3.690000057220459,3.700000047683716,28100
2026-06-09 14:45:00+00:00,CASH3.SA,3.690000057220459,3.690000057220459,3.6700000762939453,3.6700000762939453,27000
2026-06-09 14:50:00+00:00,CASH3.SA,3.6700000762939453,3.680000066757202,3.6700000762939453,3.6700000762939453,3500
2026-06-09 14:55:00+00:00,CASH3.SA,3.6700000762939453,3.680000066757202,3.6700000762939453,3.680000066757202,8000
2026-06-09 15:00:00+00:00,CASH3.SA,3.690000057220459,3.700000047683716,3.690000057220459,3.700000047683716,18400
2026-06-09 15:05:00+00:00,CASH3.SA,3.690000057220459,3.690000057220459,3.690000057220459,3.690000057220459,26100
2026-06-09 15:10:00+00:00,CASH3.SA,3.690000057220459,3.700000047683716,3.690000057220459,3.690000057220459,4700
2026-06-09 15:15:00+00:00,CASH3.SA,3.690000057220459,3.690000057220459,3.680000066757202,3.680000066757202,17700
2026-06-09 15:20:00+00:00,CASH3.SA,3.680000066757202,3.690000057220459,3.6600000858306885,3.6700000762939453,10700
2026-06-09 15:25:00+00:00,CASH3.SA,3.6700000762939453,3.6700000762939453,3.6500000953674316,3.6500000953674316,23200
2026-06-09 15:30:00+00:00,CASH3.SA,3.6600000858306885,3.6600000858306885,3.6500000953674316,3.6500000953674316,800
2026-06-09 15:35:00+00:00,CASH3.SA,3.6600000858306885,3.6600000858306885,3.6500000953674316,3.6600000858306885,8800
2026-06-09 15:40:00+00:00,CASH3.SA,3.6600000858306885,3.6600000858306885,3.6500000953674316,3.6500000953674316,1100
2026-06-09 15:45:00+00:00,CASH3.SA,3.6600000858306885,3.6600000858306885,3.6500000953674316,3.6500000953674316,6900
2026-06-09 15:50:00+00:00,CASH3.SA,3.6500000953674316,3.6500000953674316,3.640000104904175,3.6500000953674316,15000
2026-06-09 15:55:00+00:00,CASH3.SA,3.640000104904175,3.6500000953674316,3.630000114440918,3.6500000953674316,31100
2026-06-09 16:00:00+00:00,CASH3.SA,3.640000104904175,3.6700000762939453,3.640000104904175,3.6700000762939453,31800
2026-06-09 16:05:00+00:00,CASH3.SA,3.6500000953674316,3.6500000953674316,3.6500000953674316,3.6500000953674316,0
2026-06-09 16:10:00+00:00,CASH3.SA,3.6600000858306885,3.6600000858306885,3.6600000858306885,3.6600000858306885,400
2026-06-09 16:15:00+00:00,CASH3.SA,3.6600000858306885,3.6700000762939453,3.640000104904175,3.6500000953674316,75000
2026-06-09 16:20:00+00:00,CASH3.SA,3.640000104904175,3.6600000858306885,3.640000104904175,3.640000104904175,6400
2026-06-09 16:25:00+00:00,CASH3.SA,3.6500000953674316,3.690000057220459,3.6500000953674316,3.680000066757202,47100
2026-06-09 16:30:00+00:00,CASH3.SA,3.680000066757202,3.700000047683716,3.680000066757202,3.700000047683716,16300
2026-06-09 16:35:00+00:00,CASH3.SA,3.700000047683716,3.700000047683716,3.6600000858306885,3.6700000762939453,48300
2026-06-09 16:40:00+00:00,CASH3.SA,3.6600000858306885,3.6700000762939453,3.609999895095825,3.6600000858306885,62400
2026-06-09 16:45:00+00:00,CASH3.SA,3.6600000858306885,3.6600000858306885,3.6500000953674316,3.6500000953674316,26600
2026-06-09 16:50:00+00:00,CASH3.SA,3.6600000858306885,3.6600000858306885,3.6500000953674316,3.6500000953674316,2800
2026-06-09 16:55:00+00:00,CASH3.SA,3.6600000858306885,3.690000057220459,3.6500000953674316,3.690000057220459,20800
2026-06-09 17:00:00+00:00,CASH3.SA,3.690000057220459,3.7200000286102295,3.690000057220459,3.7200000286102295,18400
2026-06-09 17:05:00+00:00,CASH3.SA,3.7200000286102295,3.7200000286102295,3.700000047683716,3.7100000381469727,11800
2026-06-09 17:10:00+00:00,CASH3.SA,3.7100000381469727,3.7200000286102295,3.700000047683716,3.700000047683716,5400
2026-06-09 17:15:00+00:00,CASH3.SA,3.7100000381469727,3.7200000286102295,3.7100000381469727,3.7200000286102295,3100
2026-06-09 17:20:00+00:00,CASH3.SA,3.7100000381469727,3.7300000190734863,3.7100000381469727,3.7200000286102295,8900
2026-06-09 17:25:00+00:00,CASH3.SA,3.7200000286102295,3.7300000190734863,3.7200000286102295,3.7200000286102295,5800
2026-06-09 17:30:00+00:00,CASH3.SA,3.7200000286102295,3.7200000286102295,3.7200000286102295,3.7200000286102295,900
2026-06-09 17:35:00+00:00,CASH3.SA,3.7200000286102295,3.7200000286102295,3.7100000381469727,3.7200000286102295,5600
2026-06-09 17:40:00+00:00,CASH3.SA,3.7100000381469727,3.7200000286102295,3.7100000381469727,3.7200000286102295,1800
2026-06-09 17:45:00+00:00,CASH3.SA,3.7200000286102295,3.7200000286102295,3.690000057220459,3.690000057220459,4500
2026-06-09 17:50:00+00:00,CASH3.SA,3.700000047683716,3.7100000381469727,3.690000057220459,3.700000047683716,5500
2026-06-09 17:55:00+00:00,CASH3.SA,3.700000047683716,3.7100000381469727,3.700000047683716,3.7100000381469727,5400
2026-06-09 18:00:00+00:00,CASH3.SA,3.7100000381469727,3.7100000381469727,3.700000047683716,3.7100000381469727,1800
2026-06-09 18:05:00+00:00,CASH3.SA,3.7100000381469727,3.7100000381469727,3.700000047683716,3.7100000381469727,1300
2026-06-09 18:10:00+00:00,CASH3.SA,3.700000047683716,3.7100000381469727,3.690000057220459,3.7100000381469727,5900
2026-06-09 18:15:00+00:00,CASH3.SA,3.700000047683716,3.7200000286102295,3.700000047683716,3.7200000286102295,8600
2026-06-09 18:20:00+00:00,CASH3.SA,3.7200000286102295,3.7200000286102295,3.700000047683716,3.700000047683716,1200
2026-06-09 18:25:00+00:00,CASH3.SA,3.7100000381469727,3.7100000381469727,3.700000047683716,3.7100000381469727,5800
2026-06-09 18:30:00+00:00,CASH3.SA,3.7100000381469727,3.7200000286102295,3.700000047683716,3.7100000381469727,7200
2026-06-09 18:35:00+00:00,CASH3.SA,3.7100000381469727,3.7100000381469727,3.700000047683716,3.7100000381469727,2500
2026-06-09 18:40:00+00:00,CASH3.SA,3.7100000381469727,3.7100000381469727,3.700000047683716,3.7100000381469727,2800
2026-06-09 18:45:00+00:00,CASH3.SA,3.700000047683716,3.7100000381469727,3.700000047683716,3.7100000381469727,6300
2026-06-09 18:50:00+00:00,CASH3.SA,3.7100000381469727,3.7100000381469727,3.700000047683716,3.7100000381469727,6000
2026-06-09 18:55:00+00:00,CASH3.SA,3.7100000381469727,3.7100000381469727,3.700000047683716,3.700000047683716,2300
2026-06-09 19:00:00+00:00,CASH3.SA,3.700000047683716,3.7100000381469727,3.700000047683716,3.700000047683716,2800
2026-06-09 19:05:00+00:00,CASH3.SA,3.7100000381469727,3.7100000381469727,3.700000047683716,3.7100000381469727,7200
2026-06-09 19:10:00+00:00,CASH3.SA,3.700000047683716,3.7100000381469727,3.690000057220459,3.690000057220459,5000
2026-06-09 19:15:00+00:00,CASH3.SA,3.700000047683716,3.700000047683716,3.6700000762939453,3.690000057220459,3100
2026-06-09 19:20:00+00:00,CASH3.SA,3.680000066757202,3.690000057220459,3.6700000762939453,3.690000057220459,6600
2026-06-09 19:25:00+00:00,CASH3.SA,3.690000057220459,3.690000057220459,3.680000066757202,3.690000057220459,1300
2026-06-09 19:30:00+00:00,CASH3.SA,3.680000066757202,3.690000057220459,3.6700000762939453,3.680000066757202,8600
2026-06-09 19:35:00+00:00,CASH3.SA,3.680000066757202,3.680000066757202,3.6700000762939453,3.680000066757202,6700
2026-06-09 19:40:00+00:00,CASH3.SA,3.680000066757202,3.680000066757202,3.6700000762939453,3.680000066757202,8300
2026-06-09 19:45:00+00:00,CASH3.SA,3.680000066757202,3.680000066757202,3.6700000762939453,3.680000066757202,18800
2026-06-09 19:50:00+00:00,CASH3.SA,3.690000057220459,3.7100000381469727,3.6700000762939453,3.7100000381469727,21000
2026-06-10 13:05:00+00:00,CASH3.SA,3.630000114440918,3.6600000858306885,3.619999885559082,3.6600000858306885,572200
2026-06-10 13:10:00+00:00,CASH3.SA,3.640000104904175,3.640000104904175,3.630000114440918,3.630000114440918,100
2026-06-10 13:15:00+00:00,CASH3.SA,3.640000104904175,3.640000104904175,3.630000114440918,3.630000114440918,900
2026-06-10 13:20:00+00:00,CASH3.SA,3.630000114440918,3.6500000953674316,3.5999999046325684,3.6500000953674316,30400
2026-06-10 13:25:00+00:00,CASH3.SA,3.630000114440918,3.630000114440918,3.619999885559082,3.619999885559082,1100
2026-06-10 13:30:00+00:00,CASH3.SA,3.619999885559082,3.6700000762939453,3.619999885559082,3.6600000858306885,25100
2026-06-10 13:35:00+00:00,CASH3.SA,3.6700000762939453,3.680000066757202,3.6600000858306885,3.6700000762939453,22200
2026-06-10 13:40:00+00:00,CASH3.SA,3.6600000858306885,3.700000047683716,3.6600000858306885,3.700000047683716,18700
2026-06-10 13:45:00+00:00,CASH3.SA,3.700000047683716,3.7200000286102295,3.700000047683716,3.7100000381469727,8600
2026-06-10 13:50:00+00:00,CASH3.SA,3.7100000381469727,3.7100000381469727,3.700000047683716,3.7100000381469727,600
2026-06-10 13:55:00+00:00,CASH3.SA,3.700000047683716,3.7100000381469727,3.700000047683716,3.700000047683716,3000
2026-06-10 14:00:00+00:00,CASH3.SA,3.7100000381469727,3.7300000190734863,3.690000057220459,3.690000057220459,16100
2026-06-10 14:05:00+00:00,CASH3.SA,3.690000057220459,3.690000057220459,3.690000057220459,3.690000057220459,600
2026-06-10 14:10:00+00:00,CASH3.SA,3.690000057220459,3.700000047683716,3.690000057220459,3.690000057220459,6600
2026-06-10 14:15:00+00:00,CASH3.SA,3.690000057220459,3.690000057220459,3.6700000762939453,3.6700000762939453,7500
2026-06-10 14:20:00+00:00,CASH3.SA,3.6700000762939453,3.7200000286102295,3.6700000762939453,3.7200000286102295,19800
2026-06-10 14:25:00+00:00,CASH3.SA,3.7100000381469727,3.7100000381469727,3.700000047683716,3.700000047683716,6400
2026-06-10 14:30:00+00:00,CASH3.SA,3.700000047683716,3.7200000286102295,3.700000047683716,3.7200000286102295,5400
2026-06-10 14:35:00+00:00,CASH3.SA,3.7200000286102295,3.7200000286102295,3.690000057220459,3.700000047683716,6800
2026-06-10 14:40:00+00:00,CASH3.SA,3.7100000381469727,3.7100000381469727,3.700000047683716,3.7100000381469727,2400
2026-06-10 14:45:00+00:00,CASH3.SA,3.700000047683716,3.700000047683716,3.690000057220459,3.700000047683716,9300
2026-06-10 14:50:00+00:00,CASH3.SA,3.690000057220459,3.700000047683716,3.690000057220459,3.690000057220459,3000
2026-06-10 14:55:00+00:00,CASH3.SA,3.700000047683716,3.700000047683716,3.6700000762939453,3.6700000762939453,23900
2026-06-10 15:00:00+00:00,CASH3.SA,3.6700000762939453,3.690000057220459,3.6700000762939453,3.690000057220459,10600
2026-06-10 15:05:00+00:00,CASH3.SA,3.690000057220459,3.690000057220459,3.6700000762939453,3.680000066757202,4000
2026-06-10 15:10:00+00:00,CASH3.SA,3.6700000762939453,3.690000057220459,3.6700000762939453,3.690000057220459,5400
2026-06-10 15:15:00+00:00,CASH3.SA,3.690000057220459,3.690000057220459,3.680000066757202,3.690000057220459,3000
2026-06-10 15:20:00+00:00,CASH3.SA,3.690000057220459,3.700000047683716,3.680000066757202,3.690000057220459,7700
2026-06-10 15:25:00+00:00,CASH3.SA,3.690000057220459,3.700000047683716,3.6700000762939453,3.680000066757202,11000
2026-06-10 15:30:00+00:00,CASH3.SA,3.690000057220459,3.690000057220459,3.6700000762939453,3.690000057220459,3200
2026-06-10 15:35:00+00:00,CASH3.SA,3.690000057220459,3.7100000381469727,3.680000066757202,3.7100000381469727,17200
2026-06-10 15:40:00+00:00,CASH3.SA,3.7200000286102295,3.7200000286102295,3.7100000381469727,3.7100000381469727,1400
2026-06-10 15:45:00+00:00,CASH3.SA,3.7200000286102295,3.7200000286102295,3.690000057220459,3.7200000286102295,12500
2026-06-10 15:50:00+00:00,CASH3.SA,3.7200000286102295,3.7300000190734863,3.700000047683716,3.7300000190734863,10400
2026-06-10 15:55:00+00:00,CASH3.SA,3.7300000190734863,3.7300000190734863,3.7200000286102295,3.7200000286102295,5600
2026-06-10 16:00:00+00:00,CASH3.SA,3.7200000286102295,3.7300000190734863,3.7100000381469727,3.7300000190734863,6200
2026-06-10 16:05:00+00:00,CASH3.SA,3.7300000190734863,3.7300000190734863,3.7200000286102295,3.7200000286102295,5500
2026-06-10 16:10:00+00:00,CASH3.SA,3.7100000381469727,3.7200000286102295,3.700000047683716,3.7100000381469727,2700
2026-06-10 16:15:00+00:00,CASH3.SA,3.700000047683716,3.7100000381469727,3.700000047683716,3.7100000381469727,2300
2026-06-10 16:20:00+00:00,CASH3.SA,3.7100000381469727,3.7200000286102295,3.7100000381469727,3.7200000286102295,7100
2026-06-10 16:25:00+00:00,CASH3.SA,3.7100000381469727,3.7200000286102295,3.700000047683716,3.7200000286102295,3300
2026-06-10 16:30:00+00:00,CASH3.SA,3.7200000286102295,3.7200000286102295,3.7100000381469727,3.7100000381469727,6400
2026-06-10 16:35:00+00:00,CASH3.SA,3.7100000381469727,3.7200000286102295,3.700000047683716,3.7100000381469727,6700
2026-06-10 16:40:00+00:00,CASH3.SA,3.7200000286102295,3.7200000286102295,3.700000047683716,3.7100000381469727,1000
2026-06-10 16:45:00+00:00,CASH3.SA,3.7100000381469727,3.7100000381469727,3.690000057220459,3.700000047683716,3500
2026-06-10 16:50:00+00:00,CASH3.SA,3.700000047683716,3.7100000381469727,3.690000057220459,3.700000047683716,5700
2026-06-10 16:55:00+00:00,CASH3.SA,3.7100000381469727,3.7100000381469727,3.700000047683716,3.7100000381469727,1500
2026-06-10 17:00:00+00:00,CASH3.SA,3.700000047683716,3.7100000381469727,3.700000047683716,3.7100000381469727,3700
2026-06-10 17:05:00+00:00,CASH3.SA,3.700000047683716,3.7100000381469727,3.690000057220459,3.700000047683716,2700
2026-06-10 17:10:00+00:00,CASH3.SA,3.700000047683716,3.700000047683716,3.680000066757202,3.690000057220459,49000
2026-06-10 17:15:00+00:00,CASH3.SA,3.690000057220459,3.690000057220459,3.680000066757202,3.680000066757202,3200
2026-06-10 17:20:00+00:00,CASH3.SA,3.690000057220459,3.690000057220459,3.680000066757202,3.690000057220459,2500
2026-06-10 17:25:00+00:00,CASH3.SA,3.690000057220459,3.690000057220459,3.6700000762939453,3.6700000762939453,15100
2026-06-10 17:30:00+00:00,CASH3.SA,3.6700000762939453,3.6700000762939453,3.6600000858306885,3.6600000858306885,5600
2026-06-10 17:35:00+00:00,CASH3.SA,3.6700000762939453,3.6700000762939453,3.640000104904175,3.6500000953674316,14500
2026-06-10 17:40:00+00:00,CASH3.SA,3.640000104904175,3.6500000953674316,3.640000104904175,3.6500000953674316,12000
2026-06-10 17:45:00+00:00,CASH3.SA,3.640000104904175,3.680000066757202,3.640000104904175,3.6700000762939453,23800
2026-06-10 17:50:00+00:00,CASH3.SA,3.6700000762939453,3.6700000762939453,3.6600000858306885,3.6600000858306885,8400
2026-06-10 17:55:00+00:00,CASH3.SA,3.6600000858306885,3.6700000762939453,3.6500000953674316,3.6500000953674316,11000
2026-06-10 18:00:00+00:00,CASH3.SA,3.6500000953674316,3.690000057220459,3.6500000953674316,3.690000057220459,17100
2026-06-10 18:05:00+00:00,CASH3.SA,3.680000066757202,3.690000057220459,3.6700000762939453,3.6700000762939453,6200
2026-06-10 18:10:00+00:00,CASH3.SA,3.680000066757202,3.680000066757202,3.6700000762939453,3.6700000762939453,4600
2026-06-10 18:15:00+00:00,CASH3.SA,3.6700000762939453,3.690000057220459,3.6700000762939453,3.690000057220459,8900
2026-06-10 18:20:00+00:00,CASH3.SA,3.690000057220459,3.690000057220459,3.680000066757202,3.680000066757202,2000
2026-06-10 18:25:00+00:00,CASH3.SA,3.690000057220459,3.690000057220459,3.680000066757202,3.690000057220459,2100
2026-06-10 18:30:00+00:00,CASH3.SA,3.680000066757202,3.690000057220459,3.680000066757202,3.690000057220459,2700
2026-06-10 18:35:00+00:00,CASH3.SA,3.690000057220459,3.690000057220459,3.680000066757202,3.690000057220459,2100
2026-06-10 18:40:00+00:00,CASH3.SA,3.690000057220459,3.690000057220459,3.680000066757202,3.690000057220459,2700
2026-06-10 18:45:00+00:00,CASH3.SA,3.690000057220459,3.690000057220459,3.680000066757202,3.690000057220459,2900
2026-06-10 18:50:00+00:00,CASH3.SA,3.690000057220459,3.690000057220459,3.680000066757202,3.690000057220459,16400
2026-06-10 18:55:00+00:00,CASH3.SA,3.690000057220459,3.690000057220459,3.680000066757202,3.690000057220459,1900
2026-06-10 19:00:00+00:00,CASH3.SA,3.690000057220459,3.700000047683716,3.680000066757202,3.700000047683716,8500
2026-06-10 19:05:00+00:00,CASH3.SA,3.700000047683716,3.700000047683716,3.690000057220459,3.690000057220459,10300
2026-06-10 19:10:00+00:00,CASH3.SA,3.700000047683716,3.700000047683716,3.680000066757202,3.690000057220459,4900
2026-06-10 19:15:00+00:00,CASH3.SA,3.690000057220459,3.700000047683716,3.680000066757202,3.690000057220459,5200
2026-06-10 19:20:00+00:00,CASH3.SA,3.680000066757202,3.690000057220459,3.680000066757202,3.690000057220459,2000
2026-06-10 19:25:00+00:00,CASH3.SA,3.690000057220459,3.700000047683716,3.690000057220459,3.700000047683716,4600
2026-06-10 19:30:00+00:00,CASH3.SA,3.700000047683716,3.700000047683716,3.680000066757202,3.690000057220459,6400
2026-06-10 19:35:00+00:00,CASH3.SA,3.690000057220459,3.7100000381469727,3.680000066757202,3.7100000381469727,30600
2026-06-10 19:40:00+00:00,CASH3.SA,3.7100000381469727,3.7100000381469727,3.700000047683716,3.7100000381469727,3700
2026-06-10 19:45:00+00:00,CASH3.SA,3.7100000381469727,3.7100000381469727,3.700000047683716,3.7100000381469727,27000
2026-06-10 19:50:00+00:00,CASH3.SA,3.7100000381469727,3.75,3.680000066757202,3.75,57700
2026-06-11 13:00:00+00:00,CASH3.SA,3.7799999713897705,3.7899999618530273,3.75,3.75,0
2026-06-11 13:05:00+00:00,CASH3.SA,3.75,3.75,3.740000009536743,3.75,5100
2026-06-11 13:10:00+00:00,CASH3.SA,3.740000009536743,3.740000009536743,3.740000009536743,3.740000009536743,700
2026-06-11 13:15:00+00:00,CASH3.SA,3.7300000190734863,3.75,3.7200000286102295,3.75,5400
2026-06-11 13:20:00+00:00,CASH3.SA,3.759999990463257,3.759999990463257,3.740000009536743,3.740000009536743,8300
2026-06-11 13:25:00+00:00,CASH3.SA,3.740000009536743,3.740000009536743,3.740000009536743,3.740000009536743,2000
2026-06-11 13:30:00+00:00,CASH3.SA,3.75,3.75,3.7300000190734863,3.7300000190734863,1800
2026-06-11 13:35:00+00:00,CASH3.SA,3.7300000190734863,3.7300000190734863,3.7200000286102295,3.7300000190734863,7300
2026-06-11 13:40:00+00:00,CASH3.SA,3.7300000190734863,3.7300000190734863,3.7300000190734863,3.7300000190734863,5300
2026-06-11 13:45:00+00:00,CASH3.SA,3.7300000190734863,3.740000009536743,3.7200000286102295,3.740000009536743,11900
2026-06-11 13:50:00+00:00,CASH3.SA,3.75,3.759999990463257,3.740000009536743,3.759999990463257,7700
2026-06-11 13:55:00+00:00,CASH3.SA,3.7699999809265137,3.7799999713897705,3.759999990463257,3.759999990463257,7100
2026-06-11 14:00:00+00:00,CASH3.SA,3.7699999809265137,3.7699999809265137,3.759999990463257,3.7699999809265137,5900
2026-06-11 14:05:00+00:00,CASH3.SA,3.759999990463257,3.759999990463257,3.759999990463257,3.759999990463257,2700
2026-06-11 14:10:00+00:00,CASH3.SA,3.75,3.759999990463257,3.75,3.759999990463257,10700
2026-06-11 14:15:00+00:00,CASH3.SA,3.759999990463257,3.759999990463257,3.740000009536743,3.740000009536743,1200
2026-06-11 14:20:00+00:00,CASH3.SA,3.75,3.75,3.75,3.75,3500
2026-06-11 14:35:00+00:00,CASH3.SA,3.75,3.759999990463257,3.740000009536743,3.75,4400
2026-06-11 14:40:00+00:00,CASH3.SA,3.759999990463257,3.759999990463257,3.75,3.75,4500
2026-06-11 14:45:00+00:00,CASH3.SA,3.740000009536743,3.75,3.740000009536743,3.75,400
2026-06-11 14:50:00+00:00,CASH3.SA,3.75,3.75,3.740000009536743,3.740000009536743,2300
2026-06-11 14:55:00+00:00,CASH3.SA,3.740000009536743,3.740000009536743,3.7300000190734863,3.7300000190734863,1900
2026-06-11 15:00:00+00:00,CASH3.SA,3.7300000190734863,3.740000009536743,3.7200000286102295,3.740000009536743,7500
2026-06-11 15:05:00+00:00,CASH3.SA,3.75,3.75,3.75,3.75,2300
2026-06-11 15:10:00+00:00,CASH3.SA,3.75,3.75,3.740000009536743,3.740000009536743,11200
2026-06-11 15:15:00+00:00,CASH3.SA,3.740000009536743,3.740000009536743,3.740000009536743,3.740000009536743,800
2026-06-11 15:20:00+00:00,CASH3.SA,3.740000009536743,3.75,3.740000009536743,3.75,3200
2026-06-11 15:25:00+00:00,CASH3.SA,3.740000009536743,3.740000009536743,3.740000009536743,3.740000009536743,3100
2026-06-11 15:30:00+00:00,CASH3.SA,3.7300000190734863,3.7300000190734863,3.7200000286102295,3.7300000190734863,9500
2026-06-11 15:35:00+00:00,CASH3.SA,3.7300000190734863,3.740000009536743,3.7300000190734863,3.7300000190734863,1500
2026-06-11 15:40:00+00:00,CASH3.SA,3.7300000190734863,3.740000009536743,3.7300000190734863,3.740000009536743,600
2026-06-11 15:45:00+00:00,CASH3.SA,3.7300000190734863,3.740000009536743,3.7300000190734863,3.7300000190734863,2700
2026-06-11 15:50:00+00:00,CASH3.SA,3.7300000190734863,3.740000009536743,3.7300000190734863,3.7300000190734863,2200
2026-06-11 15:55:00+00:00,CASH3.SA,3.7200000286102295,3.7300000190734863,3.7200000286102295,3.7300000190734863,7300
2026-06-11 16:00:00+00:00,CASH3.SA,3.7300000190734863,3.7300000190734863,3.7300000190734863,3.7300000190734863,400
2026-06-11 16:05:00+00:00,CASH3.SA,3.7300000190734863,3.740000009536743,3.7300000190734863,3.740000009536743,1500
2026-06-11 16:10:00+00:00,CASH3.SA,3.740000009536743,3.740000009536743,3.740000009536743,3.740000009536743,0
2026-06-11 16:20:00+00:00,CASH3.SA,3.7300000190734863,3.759999990463257,3.7300000190734863,3.759999990463257,9000
2026-06-11 16:25:00+00:00,CASH3.SA,3.759999990463257,3.759999990463257,3.759999990463257,3.759999990463257,300
2026-06-11 16:30:00+00:00,CASH3.SA,3.75,3.759999990463257,3.75,3.759999990463257,9600
2026-06-11 16:35:00+00:00,CASH3.SA,3.759999990463257,3.759999990463257,3.75,3.759999990463257,2500
2026-06-11 16:40:00+00:00,CASH3.SA,3.759999990463257,3.7699999809265137,3.759999990463257,3.7699999809265137,600
2026-06-11 16:45:00+00:00,CASH3.SA,3.759999990463257,3.759999990463257,3.75,3.759999990463257,8100
2026-06-11 16:50:00+00:00,CASH3.SA,3.759999990463257,3.759999990463257,3.75,3.75,900
2026-06-11 16:55:00+00:00,CASH3.SA,3.75,3.75,3.75,3.75,200
2026-06-11 17:00:00+00:00,CASH3.SA,3.75,3.75,3.75,3.75,3200
2026-06-11 17:05:00+00:00,CASH3.SA,3.75,3.759999990463257,3.75,3.75,3400
2026-06-11 17:10:00+00:00,CASH3.SA,3.759999990463257,3.759999990463257,3.740000009536743,3.75,1100
2026-06-11 17:15:00+00:00,CASH3.SA,3.75,3.759999990463257,3.75,3.75,800
2026-06-11 17:20:00+00:00,CASH3.SA,3.75,3.75,3.75,3.75,200
2026-06-11 17:25:00+00:00,CASH3.SA,3.759999990463257,3.799999952316284,3.75,3.799999952316284,46200
2026-06-11 17:30:00+00:00,CASH3.SA,3.809999942779541,3.859999895095825,3.809999942779541,3.859999895095825,53400
2026-06-11 17:35:00+00:00,CASH3.SA,3.859999895095825,3.880000114440918,3.8499999046325684,3.880000114440918,18000
2026-06-11 17:40:00+00:00,CASH3.SA,3.880000114440918,3.890000104904175,3.869999885559082,3.880000114440918,13700
2026-06-11 17:45:00+00:00,CASH3.SA,3.880000114440918,3.9100000858306885,3.869999885559082,3.9000000953674316,14200
2026-06-11 17:50:00+00:00,CASH3.SA,3.9000000953674316,3.9100000858306885,3.890000104904175,3.9000000953674316,7900
2026-06-11 17:55:00+00:00,CASH3.SA,3.890000104904175,3.9000000953674316,3.880000114440918,3.890000104904175,17300
2026-06-11 18:00:00+00:00,CASH3.SA,3.890000104904175,3.9100000858306885,3.890000104904175,3.9000000953674316,24500
2026-06-11 18:05:00+00:00,CASH3.SA,3.9000000953674316,3.9000000953674316,3.869999885559082,3.869999885559082,7000
2026-06-11 18:10:00+00:00,CASH3.SA,3.869999885559082,3.890000104904175,3.859999895095825,3.890000104904175,10800
2026-06-11 18:15:00+00:00,CASH3.SA,3.890000104904175,3.9000000953674316,3.890000104904175,3.9000000953674316,5300
2026-06-11 18:20:00+00:00,CASH3.SA,3.9000000953674316,3.9000000953674316,3.890000104904175,3.890000104904175,10600
2026-06-11 18:25:00+00:00,CASH3.SA,3.9000000953674316,3.9000000953674316,3.9000000953674316,3.9000000953674316,4100
2026-06-11 18:30:00+00:00,CASH3.SA,3.890000104904175,3.9000000953674316,3.890000104904175,3.890000104904175,4600
2026-06-11 18:35:00+00:00,CASH3.SA,3.880000114440918,3.890000104904175,3.880000114440918,3.890000104904175,2600
2026-06-11 18:40:00+00:00,CASH3.SA,3.890000104904175,3.890000104904175,3.880000114440918,3.890000104904175,2600
2026-06-11 18:45:00+00:00,CASH3.SA,3.880000114440918,3.890000104904175,3.880000114440918,3.890000104904175,4300
2026-06-11 18:50:00+00:00,CASH3.SA,3.890000104904175,3.9000000953674316,3.890000104904175,3.890000104904175,4800
2026-06-11 18:55:00+00:00,CASH3.SA,3.880000114440918,3.890000104904175,3.880000114440918,3.890000104904175,2600
2026-06-11 19:00:00+00:00,CASH3.SA,3.880000114440918,3.9200000762939453,3.880000114440918,3.9000000953674316,23700
2026-06-11 19:05:00+00:00,CASH3.SA,3.9100000858306885,3.9100000858306885,3.9000000953674316,3.9100000858306885,1700
2026-06-11 19:10:00+00:00,CASH3.SA,3.9100000858306885,3.9200000762939453,3.9000000953674316,3.9200000762939453,26400
2026-06-11 19:15:00+00:00,CASH3.SA,3.9200000762939453,3.9200000762939453,3.9100000858306885,3.9100000858306885,1900
2026-06-11 19:20:00+00:00,CASH3.SA,3.9200000762939453,3.9200000762939453,3.9100000858306885,3.9100000858306885,7900
2026-06-11 19:25:00+00:00,CASH3.SA,3.9100000858306885,3.930000066757202,3.9100000858306885,3.930000066757202,20700
2026-06-11 19:30:00+00:00,CASH3.SA,3.930000066757202,3.9600000381469727,3.930000066757202,3.940000057220459,28700
2026-06-11 19:35:00+00:00,CASH3.SA,3.950000047683716,3.950000047683716,3.940000057220459,3.940000057220459,5900
2026-06-11 19:40:00+00:00,CASH3.SA,3.930000066757202,3.9800000190734863,3.9200000762939453,3.9800000190734863,46900
2026-06-11 19:45:00+00:00,CASH3.SA,3.9700000286102295,3.9800000190734863,3.9700000286102295,3.9800000190734863,10900
2026-06-11 19:50:00+00:00,CASH3.SA,3.9700000286102295,3.9800000190734863,3.9600000381469727,3.9600000381469727,10200
2026-06-12 13:00:00+00:00,CASH3.SA,4.010000228881836,4.010000228881836,3.950000047683716,3.9700000286102295,0
2026-06-12 13:05:00+00:00,CASH3.SA,3.9800000190734863,3.9800000190734863,3.9800000190734863,3.9800000190734863,900
2026-06-12 13:10:00+00:00,CASH3.SA,3.9700000286102295,3.990000009536743,3.9700000286102295,3.990000009536743,1600
2026-06-12 13:15:00+00:00,CASH3.SA,3.990000009536743,3.990000009536743,3.9800000190734863,3.9800000190734863,1600
2026-06-12 13:20:00+00:00,CASH3.SA,3.990000009536743,3.990000009536743,3.990000009536743,3.990000009536743,2300
2026-06-12 13:25:00+00:00,CASH3.SA,3.990000009536743,4.0,3.990000009536743,4.0,3300
2026-06-12 13:30:00+00:00,CASH3.SA,3.990000009536743,4.0,3.9700000286102295,3.9700000286102295,6100
2026-06-12 13:35:00+00:00,CASH3.SA,3.9800000190734863,4.0,3.9800000190734863,3.9800000190734863,4600
2026-06-12 13:40:00+00:00,CASH3.SA,3.9700000286102295,3.9700000286102295,3.930000066757202,3.930000066757202,17300
2026-06-12 13:45:00+00:00,CASH3.SA,3.930000066757202,3.930000066757202,3.9000000953674316,3.9200000762939453,12100
2026-06-12 13:50:00+00:00,CASH3.SA,3.9200000762939453,3.940000057220459,3.9000000953674316,3.930000066757202,7000
2026-06-12 13:55:00+00:00,CASH3.SA,3.940000057220459,3.950000047683716,3.940000057220459,3.950000047683716,2900
2026-06-12 14:00:00+00:00,CASH3.SA,3.950000047683716,3.990000009536743,3.950000047683716,3.990000009536743,10800
2026-06-12 14:05:00+00:00,CASH3.SA,3.990000009536743,4.0,3.9800000190734863,4.0,4900
2026-06-12 14:10:00+00:00,CASH3.SA,3.990000009536743,3.990000009536743,3.9800000190734863,3.990000009536743,11700
2026-06-12 14:15:00+00:00,CASH3.SA,3.9800000190734863,4.010000228881836,3.9800000190734863,4.010000228881836,3300
2026-06-12 14:20:00+00:00,CASH3.SA,4.0,4.010000228881836,4.0,4.0,8700
2026-06-12 14:25:00+00:00,CASH3.SA,4.0,4.0,3.990000009536743,4.0,2900
2026-06-12 14:30:00+00:00,CASH3.SA,4.010000228881836,4.010000228881836,4.0,4.010000228881836,6500
2026-06-12 14:35:00+00:00,CASH3.SA,4.010000228881836,4.03000020980835,4.010000228881836,4.010000228881836,2300
2026-06-12 14:40:00+00:00,CASH3.SA,4.010000228881836,4.019999980926514,3.990000009536743,4.0,4200
2026-06-12 14:45:00+00:00,CASH3.SA,4.0,4.0,3.9800000190734863,3.990000009536743,3800
2026-06-12 14:50:00+00:00,CASH3.SA,3.990000009536743,4.010000228881836,3.9800000190734863,4.0,8900
2026-06-12 14:55:00+00:00,CASH3.SA,4.010000228881836,4.019999980926514,4.0,4.010000228881836,1900
2026-06-12 15:00:00+00:00,CASH3.SA,4.010000228881836,4.019999980926514,4.0,4.010000228881836,6800
2026-06-12 15:05:00+00:00,CASH3.SA,4.019999980926514,4.03000020980835,4.019999980926514,4.03000020980835,6800
2026-06-12 15:10:00+00:00,CASH3.SA,4.03000020980835,4.03000020980835,4.019999980926514,4.019999980926514,15700
2026-06-12 15:15:00+00:00,CASH3.SA,4.019999980926514,4.03000020980835,4.019999980926514,4.03000020980835,1400
2026-06-12 15:20:00+00:00,CASH3.SA,4.019999980926514,4.03000020980835,4.019999980926514,4.03000020980835,900
2026-06-12 15:25:00+00:00,CASH3.SA,4.03000020980835,4.03000020980835,4.019999980926514,4.03000020980835,1200
2026-06-12 15:30:00+00:00,CASH3.SA,4.03000020980835,4.03000020980835,4.010000228881836,4.019999980926514,7700
2026-06-12 15:35:00+00:00,CASH3.SA,4.019999980926514,4.039999961853027,4.010000228881836,4.019999980926514,8700
2026-06-12 15:40:00+00:00,CASH3.SA,4.019999980926514,4.019999980926514,4.010000228881836,4.019999980926514,400
2026-06-12 15:45:00+00:00,CASH3.SA,4.019999980926514,4.019999980926514,4.010000228881836,4.010000228881836,3100
2026-06-12 15:50:00+00:00,CASH3.SA,4.010000228881836,4.010000228881836,4.0,4.010000228881836,0
2026-06-12 15:55:00+00:00,CASH3.SA,4.019999980926514,4.019999980926514,4.0,4.0,12100
2026-06-12 16:00:00+00:00,CASH3.SA,4.0,4.0,3.9800000190734863,4.0,2100
2026-06-12 16:05:00+00:00,CASH3.SA,4.0,4.010000228881836,4.0,4.0,900
2026-06-12 16:10:00+00:00,CASH3.SA,4.0,4.019999980926514,4.0,4.0,3500
2026-06-12 16:15:00+00:00,CASH3.SA,4.0,4.0,3.9600000381469727,3.9600000381469727,4300
2026-06-12 16:20:00+00:00,CASH3.SA,3.9600000381469727,3.9600000381469727,3.950000047683716,3.950000047683716,2500
2026-06-12 16:25:00+00:00,CASH3.SA,3.9600000381469727,3.9700000286102295,3.9600000381469727,3.9700000286102295,1500
2026-06-12 16:30:00+00:00,CASH3.SA,3.9700000286102295,3.9700000286102295,3.9600000381469727,3.9700000286102295,200
2026-06-12 16:35:00+00:00,CASH3.SA,3.9700000286102295,3.9700000286102295,3.950000047683716,3.950000047683716,2900
2026-06-12 16:40:00+00:00,CASH3.SA,3.9600000381469727,3.9700000286102295,3.950000047683716,3.9600000381469727,1200
2026-06-12 16:45:00+00:00,CASH3.SA,3.9600000381469727,3.9700000286102295,3.9600000381469727,3.9700000286102295,1600
2026-06-12 16:50:00+00:00,CASH3.SA,3.9600000381469727,3.9700000286102295,3.9600000381469727,3.9600000381469727,900
2026-06-12 16:55:00+00:00,CASH3.SA,3.9700000286102295,3.9800000190734863,3.9600000381469727,3.9800000190734863,2600
2026-06-12 17:00:00+00:00,CASH3.SA,3.9800000190734863,3.9800000190734863,3.9700000286102295,3.9700000286102295,200
2026-06-12 17:05:00+00:00,CASH3.SA,3.9800000190734863,3.990000009536743,3.9700000286102295,3.9700000286102295,4200
2026-06-12 17:10:00+00:00,CASH3.SA,3.9700000286102295,3.9800000190734863,3.9700000286102295,3.9800000190734863,1600
2026-06-12 17:15:00+00:00,CASH3.SA,3.9700000286102295,3.9800000190734863,3.9700000286102295,3.9700000286102295,1000
2026-06-12 17:20:00+00:00,CASH3.SA,3.9800000190734863,3.9800000190734863,3.9700000286102295,3.9700000286102295,600
2026-06-12 17:25:00+00:00,CASH3.SA,3.9700000286102295,3.9800000190734863,3.9600000381469727,3.9600000381469727,2400
2026-06-12 17:30:00+00:00,CASH3.SA,3.9600000381469727,3.9700000286102295,3.950000047683716,3.950000047683716,3100
2026-06-12 17:35:00+00:00,CASH3.SA,3.950000047683716,3.9600000381469727,3.950000047683716,3.9600000381469727,11800
2026-06-12 17:40:00+00:00,CASH3.SA,3.950000047683716,3.9600000381469727,3.950000047683716,3.950000047683716,2600
2026-06-12 17:45:00+00:00,CASH3.SA,3.950000047683716,3.9600000381469727,3.940000057220459,3.940000057220459,2100
2026-06-12 17:50:00+00:00,CASH3.SA,3.940000057220459,3.950000047683716,3.940000057220459,3.940000057220459,3400
2026-06-12 17:55:00+00:00,CASH3.SA,3.930000066757202,3.940000057220459,3.9100000858306885,3.9200000762939453,10500
2026-06-12 18:00:00+00:00,CASH3.SA,3.9200000762939453,3.930000066757202,3.9100000858306885,3.930000066757202,4600
2026-06-12 18:05:00+00:00,CASH3.SA,3.940000057220459,3.940000057220459,3.9200000762939453,3.9200000762939453,2600
2026-06-12 18:10:00+00:00,CASH3.SA,3.930000066757202,3.940000057220459,3.930000066757202,3.940000057220459,3400
2026-06-12 18:15:00+00:00,CASH3.SA,3.940000057220459,3.940000057220459,3.930000066757202,3.930000066757202,400
2026-06-12 18:20:00+00:00,CASH3.SA,3.940000057220459,3.940000057220459,3.930000066757202,3.940000057220459,900
2026-06-12 18:25:00+00:00,CASH3.SA,3.940000057220459,3.940000057220459,3.930000066757202,3.940000057220459,2700
2026-06-12 18:30:00+00:00,CASH3.SA,3.940000057220459,3.940000057220459,3.9200000762939453,3.940000057220459,1600
2026-06-12 18:35:00+00:00,CASH3.SA,3.9200000762939453,3.940000057220459,3.9200000762939453,3.9200000762939453,700
2026-06-12 18:40:00+00:00,CASH3.SA,3.940000057220459,3.940000057220459,3.9200000762939453,3.9200000762939453,3700
2026-06-12 18:45:00+00:00,CASH3.SA,3.9200000762939453,3.930000066757202,3.9200000762939453,3.930000066757202,700
2026-06-12 18:50:00+00:00,CASH3.SA,3.9200000762939453,3.940000057220459,3.9200000762939453,3.940000057220459,10100
2026-06-12 18:55:00+00:00,CASH3.SA,3.950000047683716,3.9600000381469727,3.950000047683716,3.9600000381469727,5500
2026-06-12 19:00:00+00:00,CASH3.SA,3.950000047683716,3.9600000381469727,3.940000057220459,3.950000047683716,2600
2026-06-12 19:05:00+00:00,CASH3.SA,3.9600000381469727,3.9600000381469727,3.950000047683716,3.9600000381469727,1300
2026-06-12 19:10:00+00:00,CASH3.SA,3.950000047683716,3.9600000381469727,3.950000047683716,3.950000047683716,1500
2026-06-12 19:15:00+00:00,CASH3.SA,3.950000047683716,3.9600000381469727,3.950000047683716,3.950000047683716,700
2026-06-12 19:20:00+00:00,CASH3.SA,3.9600000381469727,3.9600000381469727,3.940000057220459,3.950000047683716,1600
2026-06-12 19:25:00+00:00,CASH3.SA,3.940000057220459,3.950000047683716,3.930000066757202,3.950000047683716,3200
2026-06-12 19:30:00+00:00,CASH3.SA,3.940000057220459,3.940000057220459,3.930000066757202,3.930000066757202,9700
2026-06-12 19:35:00+00:00,CASH3.SA,3.940000057220459,3.950000047683716,3.930000066757202,3.950000047683716,19300
2026-06-12 19:40:00+00:00,CASH3.SA,3.940000057220459,3.950000047683716,3.940000057220459,3.940000057220459,1800
2026-06-12 19:45:00+00:00,CASH3.SA,3.940000057220459,3.940000057220459,3.930000066757202,3.940000057220459,5200
2026-06-12 19:50:00+00:00,CASH3.SA,3.950000047683716,3.9700000286102295,3.940000057220459,3.950000047683716,12300
