datetime,ticker,open,high,low,close,volume
2026-03-17 13:00:00+00:00,CVCB3.SA,1.9700000286102295,1.9700000286102295,1.9500000476837158,1.9700000286102295,0
2026-03-17 13:05:00+00:00,CVCB3.SA,1.9700000286102295,1.9800000190734863,1.9600000381469727,1.9600000381469727,120400
2026-03-17 13:10:00+00:00,CVCB3.SA,1.9600000381469727,1.9600000381469727,1.9500000476837158,1.9500000476837158,118000
2026-03-17 13:15:00+00:00,CVCB3.SA,1.9600000381469727,1.9600000381469727,1.940000057220459,1.9600000381469727,103100
2026-03-17 13:20:00+00:00,CVCB3.SA,1.9600000381469727,1.9600000381469727,1.9500000476837158,1.9600000381469727,184400
2026-03-17 13:25:00+00:00,CVCB3.SA,1.9600000381469727,1.9600000381469727,1.940000057220459,1.9600000381469727,183700
2026-03-17 13:30:00+00:00,CVCB3.SA,1.9600000381469727,1.9600000381469727,1.9500000476837158,1.9500000476837158,72400
2026-03-17 13:35:00+00:00,CVCB3.SA,1.9500000476837158,1.9500000476837158,1.940000057220459,1.9500000476837158,34900
2026-03-17 13:40:00+00:00,CVCB3.SA,1.9600000381469727,1.9600000381469727,1.9500000476837158,1.9500000476837158,37500
2026-03-17 13:45:00+00:00,CVCB3.SA,1.9600000381469727,1.9700000286102295,1.9600000381469727,1.9700000286102295,155000
2026-03-17 13:50:00+00:00,CVCB3.SA,1.9700000286102295,1.9700000286102295,1.9600000381469727,1.9700000286102295,15000
2026-03-17 13:55:00+00:00,CVCB3.SA,1.9700000286102295,1.9700000286102295,1.9600000381469727,1.9600000381469727,7600
2026-03-17 14:00:00+00:00,CVCB3.SA,1.9700000286102295,1.9700000286102295,1.9600000381469727,1.9600000381469727,4700
2026-03-17 14:05:00+00:00,CVCB3.SA,1.9600000381469727,1.9700000286102295,1.9600000381469727,1.9600000381469727,50900
2026-03-17 14:10:00+00:00,CVCB3.SA,1.9600000381469727,1.9700000286102295,1.9500000476837158,1.9500000476837158,86200
2026-03-17 14:15:00+00:00,CVCB3.SA,1.9500000476837158,1.9600000381469727,1.940000057220459,1.9600000381469727,254200
2026-03-17 14:20:00+00:00,CVCB3.SA,1.9500000476837158,1.9600000381469727,1.9500000476837158,1.9600000381469727,1700
2026-03-17 14:25:00+00:00,CVCB3.SA,1.9600000381469727,1.9600000381469727,1.9500000476837158,1.9500000476837158,5200
2026-03-17 14:30:00+00:00,CVCB3.SA,1.9500000476837158,1.9600000381469727,1.9500000476837158,1.9500000476837158,27400
2026-03-17 14:35:00+00:00,CVCB3.SA,1.9500000476837158,1.9700000286102295,1.9500000476837158,1.9600000381469727,310600
2026-03-17 14:40:00+00:00,CVCB3.SA,1.9600000381469727,1.9700000286102295,1.9500000476837158,1.9700000286102295,105900
2026-03-17 14:45:00+00:00,CVCB3.SA,1.9600000381469727,1.9700000286102295,1.9500000476837158,1.9500000476837158,161900
2026-03-17 14:50:00+00:00,CVCB3.SA,1.9500000476837158,1.9700000286102295,1.9500000476837158,1.9600000381469727,54900
2026-03-17 14:55:00+00:00,CVCB3.SA,1.9600000381469727,1.9700000286102295,1.9600000381469727,1.9600000381469727,5600
2026-03-17 15:00:00+00:00,CVCB3.SA,1.9700000286102295,1.9700000286102295,1.9600000381469727,1.9700000286102295,35700
2026-03-17 15:05:00+00:00,CVCB3.SA,1.9700000286102295,1.9800000190734863,1.9600000381469727,1.9800000190734863,455600
2026-03-17 15:10:00+00:00,CVCB3.SA,1.9800000190734863,1.9800000190734863,1.9700000286102295,1.9800000190734863,92700
2026-03-17 15:15:00+00:00,CVCB3.SA,1.9800000190734863,1.9800000190734863,1.9700000286102295,1.9800000190734863,106200
2026-03-17 15:20:00+00:00,CVCB3.SA,1.9700000286102295,1.9700000286102295,1.9600000381469727,1.9600000381469727,281600
2026-03-17 15:25:00+00:00,CVCB3.SA,1.9600000381469727,1.9700000286102295,1.9600000381469727,1.9600000381469727,14600
2026-03-17 15:30:00+00:00,CVCB3.SA,1.9700000286102295,1.9700000286102295,1.9600000381469727,1.9600000381469727,171500
2026-03-17 15:35:00+00:00,CVCB3.SA,1.9700000286102295,1.9800000190734863,1.9600000381469727,1.9700000286102295,83900
2026-03-17 15:40:00+00:00,CVCB3.SA,1.9800000190734863,1.9800000190734863,1.9700000286102295,1.9800000190734863,2700
2026-03-17 15:45:00+00:00,CVCB3.SA,1.9800000190734863,1.9800000190734863,1.9700000286102295,1.9800000190734863,31900
2026-03-17 15:50:00+00:00,CVCB3.SA,1.9800000190734863,1.9800000190734863,1.9700000286102295,1.9800000190734863,5400
2026-03-17 15:55:00+00:00,CVCB3.SA,1.9800000190734863,1.9800000190734863,1.9700000286102295,1.9800000190734863,166300
2026-03-17 16:00:00+00:00,CVCB3.SA,1.9700000286102295,1.9800000190734863,1.9700000286102295,1.9800000190734863,57600
2026-03-17 16:05:00+00:00,CVCB3.SA,1.9700000286102295,1.9800000190734863,1.9600000381469727,1.9800000190734863,52100
2026-03-17 16:10:00+00:00,CVCB3.SA,1.9800000190734863,1.9800000190734863,1.9700000286102295,1.9800000190734863,3800
2026-03-17 16:15:00+00:00,CVCB3.SA,1.9800000190734863,1.9800000190734863,1.9700000286102295,1.9800000190734863,17200
2026-03-17 16:20:00+00:00,CVCB3.SA,1.9800000190734863,1.9800000190734863,1.9700000286102295,1.9800000190734863,13700
2026-03-17 16:25:00+00:00,CVCB3.SA,1.9800000190734863,1.9800000190734863,1.9700000286102295,1.9700000286102295,30700
2026-03-17 16:30:00+00:00,CVCB3.SA,1.9800000190734863,1.9800000190734863,1.9700000286102295,1.9800000190734863,21900
2026-03-17 16:35:00+00:00,CVCB3.SA,1.9700000286102295,1.9800000190734863,1.9700000286102295,1.9700000286102295,10900
2026-03-17 16:40:00+00:00,CVCB3.SA,1.9700000286102295,1.9800000190734863,1.9700000286102295,1.9700000286102295,6900
2026-03-17 16:45:00+00:00,CVCB3.SA,1.9800000190734863,1.9800000190734863,1.9700000286102295,1.9700000286102295,54800
2026-03-17 16:50:00+00:00,CVCB3.SA,1.9800000190734863,1.9800000190734863,1.9700000286102295,1.9800000190734863,17000
2026-03-17 16:55:00+00:00,CVCB3.SA,1.9700000286102295,1.9800000190734863,1.9700000286102295,1.9700000286102295,24200
2026-03-17 17:00:00+00:00,CVCB3.SA,1.9700000286102295,1.9800000190734863,1.9700000286102295,1.9800000190734863,14600
2026-03-17 17:05:00+00:00,CVCB3.SA,1.9700000286102295,1.9800000190734863,1.9700000286102295,1.9800000190734863,6700
2026-03-17 17:10:00+00:00,CVCB3.SA,1.9700000286102295,1.9800000190734863,1.9700000286102295,1.9800000190734863,11800
2026-03-17 17:15:00+00:00,CVCB3.SA,1.9700000286102295,1.9800000190734863,1.9700000286102295,1.9700000286102295,9200
2026-03-17 17:20:00+00:00,CVCB3.SA,1.9800000190734863,1.9800000190734863,1.9700000286102295,1.9700000286102295,29000
2026-03-17 17:25:00+00:00,CVCB3.SA,1.9800000190734863,1.9900000095367432,1.9700000286102295,1.9800000190734863,616600
2026-03-17 17:30:00+00:00,CVCB3.SA,1.9800000190734863,1.9900000095367432,1.9800000190734863,1.9800000190734863,346900
2026-03-17 17:35:00+00:00,CVCB3.SA,1.9800000190734863,1.9800000190734863,1.9800000190734863,1.9800000190734863,2300
2026-03-17 17:40:00+00:00,CVCB3.SA,1.9800000190734863,1.9800000190734863,1.9700000286102295,1.9800000190734863,10100
2026-03-17 17:45:00+00:00,CVCB3.SA,1.9700000286102295,1.9800000190734863,1.9700000286102295,1.9700000286102295,5700
2026-03-17 17:50:00+00:00,CVCB3.SA,1.9700000286102295,1.9800000190734863,1.9700000286102295,1.9800000190734863,40500
2026-03-17 17:55:00+00:00,CVCB3.SA,1.9800000190734863,1.9900000095367432,1.9800000190734863,1.9900000095367432,11500
2026-03-17 18:00:00+00:00,CVCB3.SA,1.9800000190734863,1.9900000095367432,1.9800000190734863,1.9900000095367432,8700
2026-03-17 18:05:00+00:00,CVCB3.SA,1.9800000190734863,1.9900000095367432,1.9800000190734863,1.9900000095367432,14800
2026-03-17 18:10:00+00:00,CVCB3.SA,1.9800000190734863,1.9900000095367432,1.9700000286102295,1.9800000190734863,66700
2026-03-17 18:15:00+00:00,CVCB3.SA,1.9700000286102295,1.9800000190734863,1.9700000286102295,1.9800000190734863,9500
2026-03-17 18:20:00+00:00,CVCB3.SA,1.9700000286102295,1.9800000190734863,1.9700000286102295,1.9700000286102295,13200
2026-03-17 18:25:00+00:00,CVCB3.SA,1.9700000286102295,1.9800000190734863,1.9600000381469727,1.9600000381469727,226300
2026-03-17 18:30:00+00:00,CVCB3.SA,1.9600000381469727,1.9700000286102295,1.9500000476837158,1.9600000381469727,226000
2026-03-17 18:35:00+00:00,CVCB3.SA,1.9500000476837158,1.9600000381469727,1.9500000476837158,1.9600000381469727,116200
2026-03-17 18:40:00+00:00,CVCB3.SA,1.9500000476837158,1.9600000381469727,1.940000057220459,1.940000057220459,362300
2026-03-17 18:45:00+00:00,CVCB3.SA,1.9500000476837158,1.9600000381469727,1.9500000476837158,1.9500000476837158,85000
2026-03-17 18:50:00+00:00,CVCB3.SA,1.9600000381469727,1.9600000381469727,1.9500000476837158,1.9600000381469727,88600
2026-03-17 18:55:00+00:00,CVCB3.SA,1.9500000476837158,1.9600000381469727,1.9500000476837158,1.9500000476837158,14200
2026-03-17 19:00:00+00:00,CVCB3.SA,1.9500000476837158,1.9600000381469727,1.9500000476837158,1.9500000476837158,74200
2026-03-17 19:05:00+00:00,CVCB3.SA,1.9600000381469727,1.9600000381469727,1.9500000476837158,1.9500000476837158,6200
2026-03-17 19:10:00+00:00,CVCB3.SA,1.9500000476837158,1.9600000381469727,1.9500000476837158,1.9500000476837158,13700
2026-03-17 19:15:00+00:00,CVCB3.SA,1.9500000476837158,1.9600000381469727,1.9500000476837158,1.9500000476837158,53000
2026-03-17 19:20:00+00:00,CVCB3.SA,1.9600000381469727,1.9600000381469727,1.940000057220459,1.940000057220459,255200
2026-03-17 19:25:00+00:00,CVCB3.SA,1.9500000476837158,1.9600000381469727,1.940000057220459,1.9500000476837158,195300
2026-03-17 19:30:00+00:00,CVCB3.SA,1.9500000476837158,1.9600000381469727,1.940000057220459,1.940000057220459,125900
2026-03-17 19:35:00+00:00,CVCB3.SA,1.9500000476837158,1.9500000476837158,1.940000057220459,1.940000057220459,96700
2026-03-17 19:40:00+00:00,CVCB3.SA,1.940000057220459,1.9500000476837158,1.940000057220459,1.940000057220459,54100
2026-03-17 19:45:00+00:00,CVCB3.SA,1.940000057220459,1.9500000476837158,1.9299999475479126,1.940000057220459,254000
2026-03-17 19:50:00+00:00,CVCB3.SA,1.940000057220459,1.940000057220459,1.9299999475479126,1.940000057220459,173800
2026-03-18 13:00:00+00:00,CVCB3.SA,1.940000057220459,1.940000057220459,1.9199999570846558,1.9299999475479126,0
2026-03-18 13:05:00+00:00,CVCB3.SA,1.9299999475479126,1.9299999475479126,1.9199999570846558,1.9299999475479126,106400
2026-03-18 13:10:00+00:00,CVCB3.SA,1.9299999475479126,1.940000057220459,1.9199999570846558,1.940000057220459,89300
2026-03-18 13:15:00+00:00,CVCB3.SA,1.9299999475479126,1.940000057220459,1.9199999570846558,1.940000057220459,19200
2026-03-18 13:20:00+00:00,CVCB3.SA,1.940000057220459,1.9500000476837158,1.940000057220459,1.9500000476837158,239000
2026-03-18 13:25:00+00:00,CVCB3.SA,1.9500000476837158,1.9500000476837158,1.9299999475479126,1.940000057220459,25900
2026-03-18 13:30:00+00:00,CVCB3.SA,1.940000057220459,1.9500000476837158,1.940000057220459,1.9500000476837158,32800
2026-03-18 13:35:00+00:00,CVCB3.SA,1.940000057220459,1.9500000476837158,1.940000057220459,1.940000057220459,12000
2026-03-18 13:40:00+00:00,CVCB3.SA,1.9500000476837158,1.9500000476837158,1.940000057220459,1.940000057220459,18800
2026-03-18 13:45:00+00:00,CVCB3.SA,1.9500000476837158,1.9500000476837158,1.940000057220459,1.940000057220459,5700
2026-03-18 13:50:00+00:00,CVCB3.SA,1.9500000476837158,1.9600000381469727,1.940000057220459,1.9600000381469727,128900
2026-03-18 13:55:00+00:00,CVCB3.SA,1.9600000381469727,1.9700000286102295,1.9500000476837158,1.9600000381469727,180300
2026-03-18 14:00:00+00:00,CVCB3.SA,1.9600000381469727,1.9700000286102295,1.9500000476837158,1.9600000381469727,70700
2026-03-18 14:05:00+00:00,CVCB3.SA,1.9500000476837158,1.9700000286102295,1.9500000476837158,1.9600000381469727,112000
2026-03-18 14:10:00+00:00,CVCB3.SA,1.9700000286102295,1.9700000286102295,1.9500000476837158,1.9500000476837158,61800
2026-03-18 14:15:00+00:00,CVCB3.SA,1.9600000381469727,1.9600000381469727,1.9500000476837158,1.9600000381469727,10200
2026-03-18 14:20:00+00:00,CVCB3.SA,1.9500000476837158,1.9600000381469727,1.940000057220459,1.9500000476837158,99100
2026-03-18 14:25:00+00:00,CVCB3.SA,1.940000057220459,1.9500000476837158,1.9299999475479126,1.9299999475479126,195700
2026-03-18 14:30:00+00:00,CVCB3.SA,1.940000057220459,1.940000057220459,1.9299999475479126,1.9299999475479126,15400
2026-03-18 14:35:00+00:00,CVCB3.SA,1.940000057220459,1.9500000476837158,1.9299999475479126,1.9500000476837158,154700
2026-03-18 14:40:00+00:00,CVCB3.SA,1.9500000476837158,1.9500000476837158,1.940000057220459,1.9500000476837158,5700
2026-03-18 14:45:00+00:00,CVCB3.SA,1.9500000476837158,1.9500000476837158,1.940000057220459,1.940000057220459,5700
2026-03-18 14:50:00+00:00,CVCB3.SA,1.9500000476837158,1.9500000476837158,1.940000057220459,1.9500000476837158,3800
2026-03-18 14:55:00+00:00,CVCB3.SA,1.9500000476837158,1.9500000476837158,1.9299999475479126,1.940000057220459,188300
2026-03-18 15:00:00+00:00,CVCB3.SA,1.9500000476837158,1.9500000476837158,1.9299999475479126,1.9299999475479126,16300
2026-03-18 15:05:00+00:00,CVCB3.SA,1.940000057220459,1.9500000476837158,1.940000057220459,1.9500000476837158,48300
2026-03-18 15:10:00+00:00,CVCB3.SA,1.9500000476837158,1.9500000476837158,1.9299999475479126,1.940000057220459,37300
2026-03-18 15:15:00+00:00,CVCB3.SA,1.940000057220459,1.940000057220459,1.9299999475479126,1.9299999475479126,12800
2026-03-18 15:20:00+00:00,CVCB3.SA,1.940000057220459,1.940000057220459,1.9299999475479126,1.9299999475479126,8100
2026-03-18 15:25:00+00:00,CVCB3.SA,1.940000057220459,1.940000057220459,1.9299999475479126,1.9299999475479126,13100
2026-03-18 15:30:00+00:00,CVCB3.SA,1.940000057220459,1.940000057220459,1.9299999475479126,1.940000057220459,9800
2026-03-18 15:35:00+00:00,CVCB3.SA,1.9299999475479126,1.9500000476837158,1.9299999475479126,1.940000057220459,91700
2026-03-18 15:40:00+00:00,CVCB3.SA,1.9500000476837158,1.9500000476837158,1.940000057220459,1.940000057220459,2100
2026-03-18 15:45:00+00:00,CVCB3.SA,1.940000057220459,1.9500000476837158,1.940000057220459,1.940000057220459,34300
2026-03-18 15:50:00+00:00,CVCB3.SA,1.9500000476837158,1.9500000476837158,1.9299999475479126,1.940000057220459,177500
2026-03-18 15:55:00+00:00,CVCB3.SA,1.940000057220459,1.9500000476837158,1.940000057220459,1.940000057220459,18700
2026-03-18 16:00:00+00:00,CVCB3.SA,1.9500000476837158,1.9500000476837158,1.9299999475479126,1.9299999475479126,21700
2026-03-18 16:05:00+00:00,CVCB3.SA,1.9299999475479126,1.940000057220459,1.9299999475479126,1.9299999475479126,7600
2026-03-18 16:10:00+00:00,CVCB3.SA,1.9299999475479126,1.9500000476837158,1.9299999475479126,1.9500000476837158,31000
2026-03-18 16:15:00+00:00,CVCB3.SA,1.940000057220459,1.9500000476837158,1.940000057220459,1.9500000476837158,44500
2026-03-18 16:20:00+00:00,CVCB3.SA,1.940000057220459,1.9500000476837158,1.940000057220459,1.9500000476837158,22900
2026-03-18 16:25:00+00:00,CVCB3.SA,1.940000057220459,1.9500000476837158,1.940000057220459,1.940000057220459,4500
2026-03-18 16:30:00+00:00,CVCB3.SA,1.9500000476837158,1.9500000476837158,1.940000057220459,1.940000057220459,64100
2026-03-18 16:35:00+00:00,CVCB3.SA,1.940000057220459,1.9500000476837158,1.940000057220459,1.9500000476837158,4100
2026-03-18 16:40:00+00:00,CVCB3.SA,1.940000057220459,1.9500000476837158,1.940000057220459,1.9500000476837158,7700
2026-03-18 16:45:00+00:00,CVCB3.SA,1.940000057220459,1.9500000476837158,1.940000057220459,1.940000057220459,7900
2026-03-18 16:50:00+00:00,CVCB3.SA,1.940000057220459,1.9500000476837158,1.940000057220459,1.940000057220459,53900
2026-03-18 16:55:00+00:00,CVCB3.SA,1.940000057220459,1.9600000381469727,1.940000057220459,1.940000057220459,194800
2026-03-18 17:00:00+00:00,CVCB3.SA,1.9500000476837158,1.9500000476837158,1.940000057220459,1.9500000476837158,4400
2026-03-18 17:05:00+00:00,CVCB3.SA,1.940000057220459,1.9500000476837158,1.940000057220459,1.940000057220459,17300
2026-03-18 17:10:00+00:00,CVCB3.SA,1.9500000476837158,1.9500000476837158,1.940000057220459,1.9500000476837158,63800
2026-03-18 17:15:00+00:00,CVCB3.SA,1.940000057220459,1.9500000476837158,1.940000057220459,1.940000057220459,9100
2026-03-18 17:20:00+00:00,CVCB3.SA,1.940000057220459,1.9500000476837158,1.940000057220459,1.9500000476837158,102800
2026-03-18 17:25:00+00:00,CVCB3.SA,1.9500000476837158,1.9500000476837158,1.940000057220459,1.940000057220459,14300
2026-03-18 17:30:00+00:00,CVCB3.SA,1.940000057220459,1.9500000476837158,1.940000057220459,1.9500000476837158,57300
2026-03-18 17:35:00+00:00,CVCB3.SA,1.940000057220459,1.9500000476837158,1.940000057220459,1.940000057220459,41800
2026-03-18 17:40:00+00:00,CVCB3.SA,1.9500000476837158,1.9500000476837158,1.940000057220459,1.940000057220459,17300
2026-03-18 17:45:00+00:00,CVCB3.SA,1.9500000476837158,1.9600000381469727,1.940000057220459,1.9600000381469727,97700
2026-03-18 17:50:00+00:00,CVCB3.SA,1.9600000381469727,1.9600000381469727,1.940000057220459,1.9600000381469727,50900
2026-03-18 17:55:00+00:00,CVCB3.SA,1.9500000476837158,1.9700000286102295,1.9500000476837158,1.9600000381469727,157200
2026-03-18 18:00:00+00:00,CVCB3.SA,1.9600000381469727,1.9700000286102295,1.9500000476837158,1.9600000381469727,32100
2026-03-18 18:05:00+00:00,CVCB3.SA,1.9600000381469727,1.9600000381469727,1.9500000476837158,1.9500000476837158,12100
2026-03-18 18:10:00+00:00,CVCB3.SA,1.9500000476837158,1.9600000381469727,1.9500000476837158,1.9600000381469727,35000
2026-03-18 18:15:00+00:00,CVCB3.SA,1.9500000476837158,1.9600000381469727,1.9500000476837158,1.9600000381469727,8600
2026-03-18 18:20:00+00:00,CVCB3.SA,1.9600000381469727,1.9600000381469727,1.9500000476837158,1.9500000476837158,17400
2026-03-18 18:25:00+00:00,CVCB3.SA,1.9500000476837158,1.9600000381469727,1.9500000476837158,1.9500000476837158,23300
2026-03-18 18:30:00+00:00,CVCB3.SA,1.9600000381469727,1.9600000381469727,1.940000057220459,1.940000057220459,28400
2026-03-18 18:35:00+00:00,CVCB3.SA,1.940000057220459,1.9500000476837158,1.940000057220459,1.9500000476837158,90800
2026-03-18 18:40:00+00:00,CVCB3.SA,1.940000057220459,1.9500000476837158,1.940000057220459,1.9500000476837158,5900
2026-03-18 18:45:00+00:00,CVCB3.SA,1.940000057220459,1.9500000476837158,1.940000057220459,1.9500000476837158,14400
2026-03-18 18:50:00+00:00,CVCB3.SA,1.940000057220459,1.9500000476837158,1.9299999475479126,1.9299999475479126,170300
2026-03-18 18:55:00+00:00,CVCB3.SA,1.9299999475479126,1.940000057220459,1.9199999570846558,1.9199999570846558,231700
2026-03-18 19:00:00+00:00,CVCB3.SA,1.9199999570846558,1.9299999475479126,1.9199999570846558,1.9299999475479126,11200
2026-03-18 19:05:00+00:00,CVCB3.SA,1.9199999570846558,1.940000057220459,1.9199999570846558,1.9299999475479126,332700
2026-03-18 19:10:00+00:00,CVCB3.SA,1.940000057220459,1.940000057220459,1.9299999475479126,1.9299999475479126,11000
2026-03-18 19:15:00+00:00,CVCB3.SA,1.940000057220459,1.940000057220459,1.9299999475479126,1.9299999475479126,30900
2026-03-18 19:20:00+00:00,CVCB3.SA,1.9299999475479126,1.940000057220459,1.9199999570846558,1.9199999570846558,105500
2026-03-18 19:25:00+00:00,CVCB3.SA,1.9199999570846558,1.9299999475479126,1.9199999570846558,1.9199999570846558,21500
2026-03-18 19:30:00+00:00,CVCB3.SA,1.9199999570846558,1.940000057220459,1.9199999570846558,1.940000057220459,185300
2026-03-18 19:35:00+00:00,CVCB3.SA,1.940000057220459,1.9500000476837158,1.940000057220459,1.940000057220459,314400
2026-03-18 19:40:00+00:00,CVCB3.SA,1.940000057220459,1.9500000476837158,1.940000057220459,1.9500000476837158,159900
2026-03-18 19:45:00+00:00,CVCB3.SA,1.9500000476837158,1.9500000476837158,1.9299999475479126,1.940000057220459,181600
2026-03-18 19:50:00+00:00,CVCB3.SA,1.940000057220459,1.9500000476837158,1.9299999475479126,1.940000057220459,295200
2026-03-19 13:00:00+00:00,CVCB3.SA,1.9199999570846558,1.9600000381469727,1.899999976158142,1.9299999475479126,0
2026-03-19 13:05:00+00:00,CVCB3.SA,1.9299999475479126,1.9500000476837158,1.9299999475479126,1.9299999475479126,243100
2026-03-19 13:10:00+00:00,CVCB3.SA,1.940000057220459,1.940000057220459,1.909999966621399,1.9199999570846558,244200
2026-03-19 13:15:00+00:00,CVCB3.SA,1.9199999570846558,1.9299999475479126,1.909999966621399,1.9299999475479126,175400
2026-03-19 13:20:00+00:00,CVCB3.SA,1.9299999475479126,1.940000057220459,1.9199999570846558,1.9199999570846558,277300
2026-03-19 13:25:00+00:00,CVCB3.SA,1.9199999570846558,1.9199999570846558,1.909999966621399,1.9199999570846558,28300
2026-03-19 13:30:00+00:00,CVCB3.SA,1.909999966621399,1.909999966621399,1.899999976158142,1.909999966621399,138800
2026-03-19 13:35:00+00:00,CVCB3.SA,1.909999966621399,1.9299999475479126,1.899999976158142,1.9299999475479126,147700
2026-03-19 13:40:00+00:00,CVCB3.SA,1.9199999570846558,1.9299999475479126,1.909999966621399,1.909999966621399,113200
2026-03-19 13:45:00+00:00,CVCB3.SA,1.909999966621399,1.9199999570846558,1.909999966621399,1.9199999570846558,43900
2026-03-19 13:50:00+00:00,CVCB3.SA,1.9199999570846558,1.9500000476837158,1.909999966621399,1.940000057220459,301500
2026-03-19 13:55:00+00:00,CVCB3.SA,1.940000057220459,1.9700000286102295,1.940000057220459,1.9700000286102295,167600
2026-03-19 14:00:00+00:00,CVCB3.SA,1.9500000476837158,1.9700000286102295,1.940000057220459,1.9500000476837158,351700
2026-03-19 14:05:00+00:00,CVCB3.SA,1.940000057220459,1.9600000381469727,1.940000057220459,1.940000057220459,173600
2026-03-19 14:10:00+00:00,CVCB3.SA,1.940000057220459,1.9500000476837158,1.9299999475479126,1.940000057220459,161600
2026-03-19 14:15:00+00:00,CVCB3.SA,1.940000057220459,1.940000057220459,1.9299999475479126,1.9299999475479126,48300
2026-03-19 14:20:00+00:00,CVCB3.SA,1.9299999475479126,1.940000057220459,1.9199999570846558,1.9199999570846558,96800
2026-03-19 14:25:00+00:00,CVCB3.SA,1.9199999570846558,1.9299999475479126,1.9199999570846558,1.9199999570846558,20500
2026-03-19 14:30:00+00:00,CVCB3.SA,1.9199999570846558,1.9299999475479126,1.9199999570846558,1.9299999475479126,75800
2026-03-19 14:35:00+00:00,CVCB3.SA,1.9299999475479126,1.940000057220459,1.9199999570846558,1.9299999475479126,113400
2026-03-19 14:40:00+00:00,CVCB3.SA,1.9299999475479126,1.940000057220459,1.9299999475479126,1.940000057220459,52000
2026-03-19 14:45:00+00:00,CVCB3.SA,1.9299999475479126,1.940000057220459,1.9299999475479126,1.9299999475479126,106700
2026-03-19 14:50:00+00:00,CVCB3.SA,1.940000057220459,1.940000057220459,1.9199999570846558,1.9199999570846558,162000
2026-03-19 14:55:00+00:00,CVCB3.SA,1.9199999570846558,1.9299999475479126,1.9199999570846558,1.9299999475479126,13700
2026-03-19 15:00:00+00:00,CVCB3.SA,1.9199999570846558,1.9299999475479126,1.9199999570846558,1.9199999570846558,60900
2026-03-19 15:05:00+00:00,CVCB3.SA,1.9199999570846558,1.940000057220459,1.9199999570846558,1.9199999570846558,232000
2026-03-19 15:10:00+00:00,CVCB3.SA,1.9199999570846558,1.9299999475479126,1.9199999570846558,1.9199999570846558,14800
2026-03-19 15:15:00+00:00,CVCB3.SA,1.9199999570846558,1.9299999475479126,1.9199999570846558,1.9199999570846558,34800
2026-03-19 15:20:00+00:00,CVCB3.SA,1.9199999570846558,1.9299999475479126,1.9199999570846558,1.9199999570846558,149200
2026-03-19 15:25:00+00:00,CVCB3.SA,1.9199999570846558,1.9299999475479126,1.9199999570846558,1.9199999570846558,23100
2026-03-19 15:30:00+00:00,CVCB3.SA,1.9199999570846558,1.9199999570846558,1.909999966621399,1.909999966621399,376600
2026-03-19 15:35:00+00:00,CVCB3.SA,1.909999966621399,1.9199999570846558,1.909999966621399,1.909999966621399,149400
2026-03-19 15:40:00+00:00,CVCB3.SA,1.909999966621399,1.9199999570846558,1.899999976158142,1.909999966621399,139100
2026-03-19 15:45:00+00:00,CVCB3.SA,1.909999966621399,1.9199999570846558,1.909999966621399,1.909999966621399,176800
2026-03-19 15:50:00+00:00,CVCB3.SA,1.909999966621399,1.9199999570846558,1.909999966621399,1.909999966621399,28300
2026-03-19 15:55:00+00:00,CVCB3.SA,1.909999966621399,1.9199999570846558,1.909999966621399,1.909999966621399,443300
2026-03-19 16:00:00+00:00,CVCB3.SA,1.909999966621399,1.909999966621399,1.899999976158142,1.899999976158142,122600
2026-03-19 16:05:00+00:00,CVCB3.SA,1.909999966621399,1.909999966621399,1.899999976158142,1.899999976158142,25100
2026-03-19 16:10:00+00:00,CVCB3.SA,1.899999976158142,1.909999966621399,1.899999976158142,1.899999976158142,31500
2026-03-19 16:15:00+00:00,CVCB3.SA,1.909999966621399,1.909999966621399,1.899999976158142,1.899999976158142,96900
2026-03-19 16:20:00+00:00,CVCB3.SA,1.899999976158142,1.909999966621399,1.8899999856948853,1.899999976158142,352900
2026-03-19 16:25:00+00:00,CVCB3.SA,1.899999976158142,1.909999966621399,1.8899999856948853,1.909999966621399,270400
2026-03-19 16:30:00+00:00,CVCB3.SA,1.899999976158142,1.909999966621399,1.899999976158142,1.899999976158142,14400
2026-03-19 16:35:00+00:00,CVCB3.SA,1.899999976158142,1.909999966621399,1.899999976158142,1.899999976158142,91500
2026-03-19 16:40:00+00:00,CVCB3.SA,1.899999976158142,1.909999966621399,1.899999976158142,1.899999976158142,15300
2026-03-19 16:45:00+00:00,CVCB3.SA,1.909999966621399,1.909999966621399,1.899999976158142,1.899999976158142,10100
2026-03-19 16:50:00+00:00,CVCB3.SA,1.899999976158142,1.909999966621399,1.899999976158142,1.899999976158142,19400
2026-03-19 16:55:00+00:00,CVCB3.SA,1.899999976158142,1.909999966621399,1.899999976158142,1.899999976158142,11100
2026-03-19 17:00:00+00:00,CVCB3.SA,1.899999976158142,1.909999966621399,1.899999976158142,1.909999966621399,45700
2026-03-19 17:05:00+00:00,CVCB3.SA,1.899999976158142,1.899999976158142,1.8899999856948853,1.899999976158142,202900
2026-03-19 17:10:00+00:00,CVCB3.SA,1.8899999856948853,1.899999976158142,1.8899999856948853,1.8899999856948853,29500
2026-03-19 17:15:00+00:00,CVCB3.SA,1.8899999856948853,1.899999976158142,1.8899999856948853,1.8899999856948853,22000
2026-03-19 17:20:00+00:00,CVCB3.SA,1.8899999856948853,1.909999966621399,1.8899999856948853,1.899999976158142,125500
2026-03-19 17:25:00+00:00,CVCB3.SA,1.899999976158142,1.9199999570846558,1.899999976158142,1.909999966621399,200800
2026-03-19 17:30:00+00:00,CVCB3.SA,1.9199999570846558,1.9199999570846558,1.909999966621399,1.909999966621399,22500
2026-03-19 17:35:00+00:00,CVCB3.SA,1.909999966621399,1.9199999570846558,1.909999966621399,1.909999966621399,21800
2026-03-19 17:40:00+00:00,CVCB3.SA,1.909999966621399,1.9199999570846558,1.899999976158142,1.909999966621399,101100
2026-03-19 17:45:00+00:00,CVCB3.SA,1.899999976158142,1.909999966621399,1.899999976158142,1.909999966621399,373900
2026-03-19 17:50:00+00:00,CVCB3.SA,1.899999976158142,1.909999966621399,1.8899999856948853,1.8899999856948853,104600
2026-03-19 17:55:00+00:00,CVCB3.SA,1.8899999856948853,1.899999976158142,1.8899999856948853,1.8899999856948853,19000
2026-03-19 18:00:00+00:00,CVCB3.SA,1.8899999856948853,1.899999976158142,1.8899999856948853,1.899999976158142,119000
2026-03-19 18:05:00+00:00,CVCB3.SA,1.899999976158142,1.899999976158142,1.8899999856948853,1.8899999856948853,39200
2026-03-19 18:10:00+00:00,CVCB3.SA,1.899999976158142,1.899999976158142,1.8899999856948853,1.899999976158142,75200
2026-03-19 18:15:00+00:00,CVCB3.SA,1.899999976158142,1.899999976158142,1.8899999856948853,1.8899999856948853,72000
2026-03-19 18:20:00+00:00,CVCB3.SA,1.8899999856948853,1.899999976158142,1.8799999952316284,1.8799999952316284,311300
2026-03-19 18:25:00+00:00,CVCB3.SA,1.8799999952316284,1.8899999856948853,1.8799999952316284,1.8799999952316284,90800
2026-03-19 18:30:00+00:00,CVCB3.SA,1.8799999952316284,1.8899999856948853,1.8799999952316284,1.8799999952316284,51900
2026-03-19 18:35:00+00:00,CVCB3.SA,1.8799999952316284,1.8899999856948853,1.8799999952316284,1.8799999952316284,43100
2026-03-19 18:40:00+00:00,CVCB3.SA,1.8799999952316284,1.8899999856948853,1.8700000047683716,1.8799999952316284,295600
2026-03-19 18:45:00+00:00,CVCB3.SA,1.8700000047683716,1.8799999952316284,1.840000033378601,1.840000033378601,1289200
2026-03-19 18:50:00+00:00,CVCB3.SA,1.840000033378601,1.8600000143051147,1.840000033378601,1.850000023841858,402100
2026-03-19 18:55:00+00:00,CVCB3.SA,1.850000023841858,1.8700000047683716,1.850000023841858,1.8600000143051147,175200
2026-03-19 19:00:00+00:00,CVCB3.SA,1.8600000143051147,1.899999976158142,1.8600000143051147,1.8899999856948853,898600
2026-03-19 19:05:00+00:00,CVCB3.SA,1.8899999856948853,1.909999966621399,1.8899999856948853,1.899999976158142,535300
2026-03-19 19:10:00+00:00,CVCB3.SA,1.8899999856948853,1.899999976158142,1.8899999856948853,1.8899999856948853,18500
2026-03-19 19:15:00+00:00,CVCB3.SA,1.899999976158142,1.909999966621399,1.8899999856948853,1.909999966621399,113700
2026-03-19 19:20:00+00:00,CVCB3.SA,1.899999976158142,1.940000057220459,1.899999976158142,1.9299999475479126,985600
2026-03-19 19:25:00+00:00,CVCB3.SA,1.940000057220459,1.940000057220459,1.9199999570846558,1.9299999475479126,449300
2026-03-19 19:30:00+00:00,CVCB3.SA,1.9299999475479126,1.940000057220459,1.9199999570846558,1.940000057220459,184300
2026-03-19 19:35:00+00:00,CVCB3.SA,1.940000057220459,1.940000057220459,1.9199999570846558,1.9299999475479126,552300
2026-03-19 19:40:00+00:00,CVCB3.SA,1.9199999570846558,1.9299999475479126,1.909999966621399,1.9199999570846558,261100
2026-03-19 19:45:00+00:00,CVCB3.SA,1.9199999570846558,1.9199999570846558,1.909999966621399,1.909999966621399,47100
2026-03-19 19:50:00+00:00,CVCB3.SA,1.909999966621399,1.9299999475479126,1.909999966621399,1.9199999570846558,274100
2026-03-20 13:00:00+00:00,CVCB3.SA,1.9199999570846558,1.9199999570846558,1.8899999856948853,1.899999976158142,0
2026-03-20 13:05:00+00:00,CVCB3.SA,1.8899999856948853,1.899999976158142,1.8799999952316284,1.899999976158142,394700
2026-03-20 13:10:00+00:00,CVCB3.SA,1.899999976158142,1.9199999570846558,1.8899999856948853,1.9199999570846558,176200
2026-03-20 13:15:00+00:00,CVCB3.SA,1.9199999570846558,1.9199999570846558,1.899999976158142,1.909999966621399,47400
2026-03-20 13:20:00+00:00,CVCB3.SA,1.9199999570846558,1.9299999475479126,1.909999966621399,1.9199999570846558,227500
2026-03-20 13:25:00+00:00,CVCB3.SA,1.9299999475479126,1.9299999475479126,1.909999966621399,1.9199999570846558,127500
2026-03-20 13:30:00+00:00,CVCB3.SA,1.9199999570846558,1.9199999570846558,1.909999966621399,1.9199999570846558,18400
2026-03-20 13:35:00+00:00,CVCB3.SA,1.9199999570846558,1.9199999570846558,1.899999976158142,1.909999966621399,144100
2026-03-20 13:40:00+00:00,CVCB3.SA,1.909999966621399,1.9199999570846558,1.899999976158142,1.9199999570846558,68400
2026-03-20 13:45:00+00:00,CVCB3.SA,1.9199999570846558,1.9199999570846558,1.909999966621399,1.909999966621399,37200
2026-03-20 13:50:00+00:00,CVCB3.SA,1.909999966621399,1.909999966621399,1.8799999952316284,1.8799999952316284,362200
2026-03-20 13:55:00+00:00,CVCB3.SA,1.8899999856948853,1.8899999856948853,1.8799999952316284,1.8899999856948853,143600
2026-03-20 14:00:00+00:00,CVCB3.SA,1.8899999856948853,1.899999976158142,1.8799999952316284,1.899999976158142,108900
2026-03-20 14:05:00+00:00,CVCB3.SA,1.899999976158142,1.899999976158142,1.8899999856948853,1.899999976158142,32800
2026-03-20 14:10:00+00:00,CVCB3.SA,1.899999976158142,1.899999976158142,1.8799999952316284,1.8899999856948853,78100
2026-03-20 14:15:00+00:00,CVCB3.SA,1.8799999952316284,1.8899999856948853,1.8799999952316284,1.8899999856948853,13400
2026-03-20 14:20:00+00:00,CVCB3.SA,1.8899999856948853,1.899999976158142,1.8799999952316284,1.8899999856948853,334700
2026-03-20 14:25:00+00:00,CVCB3.SA,1.8899999856948853,1.8899999856948853,1.8700000047683716,1.8700000047683716,419700
2026-03-20 14:30:00+00:00,CVCB3.SA,1.8799999952316284,1.8799999952316284,1.8700000047683716,1.8700000047683716,364100
2026-03-20 14:35:00+00:00,CVCB3.SA,1.8799999952316284,1.8799999952316284,1.8700000047683716,1.8799999952316284,369600
2026-03-20 14:40:00+00:00,CVCB3.SA,1.8799999952316284,1.8799999952316284,1.8700000047683716,1.8799999952316284,23900
2026-03-20 14:45:00+00:00,CVCB3.SA,1.8700000047683716,1.8799999952316284,1.8700000047683716,1.8700000047683716,275000
2026-03-20 14:50:00+00:00,CVCB3.SA,1.8799999952316284,1.8799999952316284,1.8600000143051147,1.8700000047683716,257700
2026-03-20 14:55:00+00:00,CVCB3.SA,1.8700000047683716,1.8700000047683716,1.850000023841858,1.8600000143051147,587500
2026-03-20 15:00:00+00:00,CVCB3.SA,1.8600000143051147,1.8600000143051147,1.850000023841858,1.850000023841858,30700
2026-03-20 15:05:00+00:00,CVCB3.SA,1.8600000143051147,1.8600000143051147,1.850000023841858,1.8600000143051147,72300
2026-03-20 15:10:00+00:00,CVCB3.SA,1.850000023841858,1.8600000143051147,1.850000023841858,1.850000023841858,333600
2026-03-20 15:15:00+00:00,CVCB3.SA,1.850000023841858,1.8600000143051147,1.850000023841858,1.8600000143051147,14100
2026-03-20 15:20:00+00:00,CVCB3.SA,1.850000023841858,1.8600000143051147,1.840000033378601,1.840000033378601,260300
2026-03-20 15:25:00+00:00,CVCB3.SA,1.840000033378601,1.850000023841858,1.8300000429153442,1.840000033378601,287600
2026-03-20 15:30:00+00:00,CVCB3.SA,1.8300000429153442,1.850000023841858,1.8300000429153442,1.850000023841858,119900
2026-03-20 15:35:00+00:00,CVCB3.SA,1.840000033378601,1.850000023841858,1.840000033378601,1.840000033378601,68100
2026-03-20 15:40:00+00:00,CVCB3.SA,1.850000023841858,1.850000023841858,1.840000033378601,1.840000033378601,15100
2026-03-20 15:45:00+00:00,CVCB3.SA,1.850000023841858,1.850000023841858,1.840000033378601,1.850000023841858,22700
2026-03-20 15:50:00+00:00,CVCB3.SA,1.850000023841858,1.850000023841858,1.840000033378601,1.850000023841858,14000
2026-03-20 15:55:00+00:00,CVCB3.SA,1.850000023841858,1.850000023841858,1.840000033378601,1.850000023841858,13000
2026-03-20 16:00:00+00:00,CVCB3.SA,1.850000023841858,1.850000023841858,1.840000033378601,1.840000033378601,55400
2026-03-20 16:05:00+00:00,CVCB3.SA,1.840000033378601,1.850000023841858,1.840000033378601,1.850000023841858,23400
2026-03-20 16:10:00+00:00,CVCB3.SA,1.850000023841858,1.850000023841858,1.840000033378601,1.850000023841858,39500
2026-03-20 16:15:00+00:00,CVCB3.SA,1.850000023841858,1.850000023841858,1.840000033378601,1.850000023841858,51700
2026-03-20 16:20:00+00:00,CVCB3.SA,1.850000023841858,1.850000023841858,1.8300000429153442,1.840000033378601,310300
2026-03-20 16:25:00+00:00,CVCB3.SA,1.8300000429153442,1.840000033378601,1.8300000429153442,1.8300000429153442,166000
2026-03-20 16:30:00+00:00,CVCB3.SA,1.840000033378601,1.840000033378601,1.8300000429153442,1.8300000429153442,175700
2026-03-20 16:35:00+00:00,CVCB3.SA,1.840000033378601,1.840000033378601,1.8300000429153442,1.840000033378601,36900
2026-03-20 16:40:00+00:00,CVCB3.SA,1.840000033378601,1.840000033378601,1.8300000429153442,1.840000033378601,134900
2026-03-20 16:45:00+00:00,CVCB3.SA,1.8300000429153442,1.840000033378601,1.8300000429153442,1.840000033378601,43000
2026-03-20 16:50:00+00:00,CVCB3.SA,1.840000033378601,1.840000033378601,1.8300000429153442,1.840000033378601,58800
2026-03-20 16:55:00+00:00,CVCB3.SA,1.8300000429153442,1.850000023841858,1.8300000429153442,1.840000033378601,125500
2026-03-20 17:00:00+00:00,CVCB3.SA,1.850000023841858,1.8700000047683716,1.850000023841858,1.8600000143051147,481900
2026-03-20 17:05:00+00:00,CVCB3.SA,1.8700000047683716,1.8700000047683716,1.850000023841858,1.8600000143051147,344700
2026-03-20 17:10:00+00:00,CVCB3.SA,1.8600000143051147,1.8600000143051147,1.850000023841858,1.8600000143051147,99400
2026-03-20 17:15:00+00:00,CVCB3.SA,1.850000023841858,1.8600000143051147,1.850000023841858,1.8600000143051147,104700
2026-03-20 17:20:00+00:00,CVCB3.SA,1.850000023841858,1.8600000143051147,1.850000023841858,1.850000023841858,105700
2026-03-20 17:25:00+00:00,CVCB3.SA,1.850000023841858,1.8600000143051147,1.850000023841858,1.8600000143051147,135400
2026-03-20 17:30:00+00:00,CVCB3.SA,1.8600000143051147,1.8700000047683716,1.850000023841858,1.8600000143051147,136800
2026-03-20 17:35:00+00:00,CVCB3.SA,1.8600000143051147,1.8600000143051147,1.850000023841858,1.8600000143051147,150800
2026-03-20 17:40:00+00:00,CVCB3.SA,1.8600000143051147,1.8600000143051147,1.850000023841858,1.8600000143051147,81600
2026-03-20 17:45:00+00:00,CVCB3.SA,1.8600000143051147,1.8899999856948853,1.850000023841858,1.8899999856948853,1136000
2026-03-20 17:50:00+00:00,CVCB3.SA,1.899999976158142,1.909999966621399,1.8899999856948853,1.8899999856948853,903700
2026-03-20 17:55:00+00:00,CVCB3.SA,1.899999976158142,1.909999966621399,1.8899999856948853,1.899999976158142,565200
2026-03-20 18:00:00+00:00,CVCB3.SA,1.899999976158142,1.9199999570846558,1.899999976158142,1.909999966621399,373100
2026-03-20 18:05:00+00:00,CVCB3.SA,1.9199999570846558,1.9199999570846558,1.909999966621399,1.9199999570846558,255600
2026-03-20 18:10:00+00:00,CVCB3.SA,1.909999966621399,1.9299999475479126,1.909999966621399,1.9299999475479126,746500
2026-03-20 18:15:00+00:00,CVCB3.SA,1.9299999475479126,1.9299999475479126,1.9199999570846558,1.9199999570846558,476300
2026-03-20 18:20:00+00:00,CVCB3.SA,1.9299999475479126,1.9299999475479126,1.909999966621399,1.9199999570846558,778600
2026-03-20 18:25:00+00:00,CVCB3.SA,1.9199999570846558,1.9199999570846558,1.899999976158142,1.909999966621399,388900
2026-03-20 18:30:00+00:00,CVCB3.SA,1.909999966621399,1.909999966621399,1.8899999856948853,1.8899999856948853,407000
2026-03-20 18:35:00+00:00,CVCB3.SA,1.899999976158142,1.909999966621399,1.8899999856948853,1.909999966621399,488500
2026-03-20 18:40:00+00:00,CVCB3.SA,1.909999966621399,1.9299999475479126,1.909999966621399,1.909999966621399,600800
2026-03-20 18:45:00+00:00,CVCB3.SA,1.9199999570846558,1.9199999570846558,1.8899999856948853,1.899999976158142,426800
2026-03-20 18:50:00+00:00,CVCB3.SA,1.8899999856948853,1.9299999475479126,1.8899999856948853,1.9199999570846558,302500
2026-03-20 18:55:00+00:00,CVCB3.SA,1.9299999475479126,1.9500000476837158,1.9199999570846558,1.9500000476837158,844400
2026-03-20 19:00:00+00:00,CVCB3.SA,1.9500000476837158,1.9800000190734863,1.9500000476837158,1.9700000286102295,602700
2026-03-20 19:05:00+00:00,CVCB3.SA,1.9700000286102295,1.9700000286102295,1.940000057220459,1.9500000476837158,535600
2026-03-20 19:10:00+00:00,CVCB3.SA,1.9600000381469727,1.9600000381469727,1.940000057220459,1.9500000476837158,228600
2026-03-20 19:15:00+00:00,CVCB3.SA,1.9500000476837158,1.9600000381469727,1.9500000476837158,1.9500000476837158,170400
2026-03-20 19:20:00+00:00,CVCB3.SA,1.9600000381469727,1.9600000381469727,1.9500000476837158,1.9500000476837158,157500
2026-03-20 19:25:00+00:00,CVCB3.SA,1.9500000476837158,1.9600000381469727,1.9500000476837158,1.9500000476837158,175100
2026-03-20 19:30:00+00:00,CVCB3.SA,1.9600000381469727,1.9600000381469727,1.940000057220459,1.940000057220459,231600
2026-03-20 19:35:00+00:00,CVCB3.SA,1.9500000476837158,1.9500000476837158,1.9299999475479126,1.940000057220459,217900
2026-03-20 19:40:00+00:00,CVCB3.SA,1.9299999475479126,1.9500000476837158,1.9299999475479126,1.940000057220459,325500
2026-03-20 19:45:00+00:00,CVCB3.SA,1.9500000476837158,1.9500000476837158,1.9299999475479126,1.9500000476837158,305700
2026-03-23 13:00:00+00:00,CVCB3.SA,1.9900000095367432,2.0299999713897705,1.9900000095367432,2.0199999809265137,0
2026-03-23 13:05:00+00:00,CVCB3.SA,2.0199999809265137,2.0199999809265137,1.9900000095367432,2.009999990463257,558100
2026-03-23 13:10:00+00:00,CVCB3.SA,2.009999990463257,2.0199999809265137,2.009999990463257,2.0199999809265137,197800
2026-03-23 13:15:00+00:00,CVCB3.SA,2.0199999809265137,2.0299999713897705,2.009999990463257,2.009999990463257,220500
2026-03-23 13:20:00+00:00,CVCB3.SA,2.0199999809265137,2.059999942779541,2.0199999809265137,2.0399999618530273,789100
2026-03-23 13:25:00+00:00,CVCB3.SA,2.0399999618530273,2.059999942779541,2.0299999713897705,2.049999952316284,218700
2026-03-23 13:30:00+00:00,CVCB3.SA,2.049999952316284,2.059999942779541,2.0399999618530273,2.049999952316284,348200
2026-03-23 13:35:00+00:00,CVCB3.SA,2.049999952316284,2.049999952316284,2.0399999618530273,2.0399999618530273,111300
2026-03-23 13:40:00+00:00,CVCB3.SA,2.049999952316284,2.069999933242798,2.0399999618530273,2.059999942779541,767700
2026-03-23 13:45:00+00:00,CVCB3.SA,2.059999942779541,2.0799999237060547,2.049999952316284,2.0799999237060547,472900
2026-03-23 13:50:00+00:00,CVCB3.SA,2.0799999237060547,2.0899999141693115,2.069999933242798,2.069999933242798,731400
2026-03-23 13:55:00+00:00,CVCB3.SA,2.0799999237060547,2.0899999141693115,2.069999933242798,2.0899999141693115,60300
2026-03-23 14:00:00+00:00,CVCB3.SA,2.0899999141693115,2.0899999141693115,2.069999933242798,2.0799999237060547,76000
2026-03-23 14:05:00+00:00,CVCB3.SA,2.0799999237060547,2.0799999237060547,2.049999952316284,2.049999952316284,276500
2026-03-23 14:10:00+00:00,CVCB3.SA,2.059999942779541,2.0899999141693115,2.059999942779541,2.0799999237060547,408300
2026-03-23 14:15:00+00:00,CVCB3.SA,2.0799999237060547,2.0899999141693115,2.069999933242798,2.0799999237060547,250900
2026-03-23 14:20:00+00:00,CVCB3.SA,2.0799999237060547,2.109999895095825,2.0799999237060547,2.109999895095825,1040400
2026-03-23 14:25:00+00:00,CVCB3.SA,2.109999895095825,2.109999895095825,2.0999999046325684,2.0999999046325684,219800
2026-03-23 14:30:00+00:00,CVCB3.SA,2.109999895095825,2.109999895095825,2.0899999141693115,2.109999895095825,142100
2026-03-23 14:35:00+00:00,CVCB3.SA,2.109999895095825,2.109999895095825,2.0899999141693115,2.0999999046325684,120200
2026-03-23 14:40:00+00:00,CVCB3.SA,2.0899999141693115,2.0999999046325684,2.069999933242798,2.0799999237060547,396900
2026-03-23 14:45:00+00:00,CVCB3.SA,2.0799999237060547,2.0799999237060547,2.069999933242798,2.0799999237060547,50500
2026-03-23 14:50:00+00:00,CVCB3.SA,2.0799999237060547,2.0799999237060547,2.069999933242798,2.0799999237060547,46100
2026-03-23 14:55:00+00:00,CVCB3.SA,2.0799999237060547,2.0799999237060547,2.069999933242798,2.0799999237060547,34500
2026-03-23 15:00:00+00:00,CVCB3.SA,2.0799999237060547,2.0899999141693115,2.0799999237060547,2.0899999141693115,138600
2026-03-23 15:05:00+00:00,CVCB3.SA,2.0899999141693115,2.0899999141693115,2.0799999237060547,2.0899999141693115,19000
2026-03-23 15:10:00+00:00,CVCB3.SA,2.0899999141693115,2.109999895095825,2.0899999141693115,2.0999999046325684,1681800
2026-03-23 15:15:00+00:00,CVCB3.SA,2.0999999046325684,2.109999895095825,2.0899999141693115,2.109999895095825,538600
2026-03-23 15:20:00+00:00,CVCB3.SA,2.0999999046325684,2.109999895095825,2.0999999046325684,2.109999895095825,109500
2026-03-23 15:25:00+00:00,CVCB3.SA,2.109999895095825,2.109999895095825,2.0999999046325684,2.0999999046325684,118400
2026-03-23 15:30:00+00:00,CVCB3.SA,2.109999895095825,2.109999895095825,2.0999999046325684,2.0999999046325684,291800
2026-03-23 15:35:00+00:00,CVCB3.SA,2.109999895095825,2.109999895095825,2.0899999141693115,2.0899999141693115,169800
2026-03-23 15:40:00+00:00,CVCB3.SA,2.0999999046325684,2.0999999046325684,2.0799999237060547,2.0899999141693115,181900
2026-03-23 15:45:00+00:00,CVCB3.SA,2.0899999141693115,2.0899999141693115,2.069999933242798,2.0899999141693115,141300
2026-03-23 15:50:00+00:00,CVCB3.SA,2.0899999141693115,2.0899999141693115,2.0799999237060547,2.0899999141693115,130500
2026-03-23 15:55:00+00:00,CVCB3.SA,2.0899999141693115,2.0899999141693115,2.0799999237060547,2.0899999141693115,61100
2026-03-23 16:00:00+00:00,CVCB3.SA,2.0899999141693115,2.0899999141693115,2.0799999237060547,2.0899999141693115,42400
2026-03-23 16:05:00+00:00,CVCB3.SA,2.0799999237060547,2.0999999046325684,2.0799999237060547,2.0899999141693115,156300
2026-03-23 16:10:00+00:00,CVCB3.SA,2.0899999141693115,2.0899999141693115,2.0799999237060547,2.0899999141693115,45300
2026-03-23 16:15:00+00:00,CVCB3.SA,2.0899999141693115,2.0899999141693115,2.0799999237060547,2.0899999141693115,147600
2026-03-23 16:20:00+00:00,CVCB3.SA,2.0899999141693115,2.0899999141693115,2.0799999237060547,2.0799999237060547,191900
2026-03-23 16:25:00+00:00,CVCB3.SA,2.0899999141693115,2.0899999141693115,2.069999933242798,2.0799999237060547,66300
2026-03-23 16:30:00+00:00,CVCB3.SA,2.0799999237060547,2.0799999237060547,2.069999933242798,2.0799999237060547,13400
2026-03-23 16:35:00+00:00,CVCB3.SA,2.0799999237060547,2.0799999237060547,2.069999933242798,2.0799999237060547,30900
2026-03-23 16:40:00+00:00,CVCB3.SA,2.069999933242798,2.0899999141693115,2.069999933242798,2.0899999141693115,406000
2026-03-23 16:45:00+00:00,CVCB3.SA,2.0899999141693115,2.0899999141693115,2.0799999237060547,2.0899999141693115,37600
2026-03-23 16:50:00+00:00,CVCB3.SA,2.0899999141693115,2.0899999141693115,2.069999933242798,2.0799999237060547,152300
2026-03-23 16:55:00+00:00,CVCB3.SA,2.069999933242798,2.0799999237060547,2.059999942779541,2.059999942779541,165700
2026-03-23 17:00:00+00:00,CVCB3.SA,2.069999933242798,2.0799999237060547,2.059999942779541,2.0799999237060547,174500
2026-03-23 17:05:00+00:00,CVCB3.SA,2.0799999237060547,2.0799999237060547,2.069999933242798,2.0799999237060547,81500
2026-03-23 17:10:00+00:00,CVCB3.SA,2.069999933242798,2.0799999237060547,2.069999933242798,2.0799999237060547,54800
2026-03-23 17:15:00+00:00,CVCB3.SA,2.0799999237060547,2.0799999237060547,2.059999942779541,2.059999942779541,997500
2026-03-23 17:20:00+00:00,CVCB3.SA,2.049999952316284,2.0799999237060547,2.049999952316284,2.0799999237060547,596800
2026-03-23 17:25:00+00:00,CVCB3.SA,2.0799999237060547,2.0999999046325684,2.0799999237060547,2.0999999046325684,262800
2026-03-23 17:30:00+00:00,CVCB3.SA,2.0999999046325684,2.109999895095825,2.0899999141693115,2.109999895095825,319100
2026-03-23 17:35:00+00:00,CVCB3.SA,2.109999895095825,2.109999895095825,2.0899999141693115,2.0999999046325684,655800
2026-03-23 17:40:00+00:00,CVCB3.SA,2.0999999046325684,2.0999999046325684,2.0899999141693115,2.0999999046325684,15200
2026-03-23 17:45:00+00:00,CVCB3.SA,2.0999999046325684,2.0999999046325684,2.0899999141693115,2.0999999046325684,1100800
2026-03-23 17:50:00+00:00,CVCB3.SA,2.0999999046325684,2.0999999046325684,2.0899999141693115,2.0999999046325684,41800
2026-03-23 17:55:00+00:00,CVCB3.SA,2.0999999046325684,2.0999999046325684,2.0899999141693115,2.0999999046325684,14500
2026-03-23 18:00:00+00:00,CVCB3.SA,2.0999999046325684,2.0999999046325684,2.0899999141693115,2.0999999046325684,50900
2026-03-23 18:05:00+00:00,CVCB3.SA,2.0999999046325684,2.0999999046325684,2.0799999237060547,2.0999999046325684,228200
2026-03-23 18:10:00+00:00,CVCB3.SA,2.0999999046325684,2.0999999046325684,2.0899999141693115,2.0999999046325684,14900
2026-03-23 18:15:00+00:00,CVCB3.SA,2.0999999046325684,2.0999999046325684,2.0899999141693115,2.0999999046325684,103700
2026-03-23 18:20:00+00:00,CVCB3.SA,2.0899999141693115,2.109999895095825,2.0899999141693115,2.109999895095825,457000
2026-03-23 18:25:00+00:00,CVCB3.SA,2.109999895095825,2.109999895095825,2.0999999046325684,2.0999999046325684,118600
2026-03-23 18:30:00+00:00,CVCB3.SA,2.109999895095825,2.119999885559082,2.0999999046325684,2.119999885559082,709300
2026-03-23 18:35:00+00:00,CVCB3.SA,2.119999885559082,2.130000114440918,2.109999895095825,2.119999885559082,1163800
2026-03-23 18:40:00+00:00,CVCB3.SA,2.130000114440918,2.130000114440918,2.119999885559082,2.119999885559082,27400
2026-03-23 18:45:00+00:00,CVCB3.SA,2.130000114440918,2.140000104904175,2.119999885559082,2.140000104904175,565600
2026-03-23 18:50:00+00:00,CVCB3.SA,2.140000104904175,2.140000104904175,2.130000114440918,2.140000104904175,68000
2026-03-23 18:55:00+00:00,CVCB3.SA,2.140000104904175,2.140000104904175,2.130000114440918,2.140000104904175,30800
2026-03-23 19:00:00+00:00,CVCB3.SA,2.140000104904175,2.140000104904175,2.130000114440918,2.140000104904175,65000
2026-03-23 19:05:00+00:00,CVCB3.SA,2.140000104904175,2.140000104904175,2.130000114440918,2.140000104904175,44500
2026-03-23 19:10:00+00:00,CVCB3.SA,2.140000104904175,2.140000104904175,2.130000114440918,2.140000104904175,142400
2026-03-23 19:15:00+00:00,CVCB3.SA,2.140000104904175,2.1500000953674316,2.130000114440918,2.1500000953674316,228900
2026-03-23 19:20:00+00:00,CVCB3.SA,2.1500000953674316,2.1500000953674316,2.140000104904175,2.1500000953674316,69600
2026-03-23 19:25:00+00:00,CVCB3.SA,2.140000104904175,2.1500000953674316,2.130000114440918,2.130000114440918,599700
2026-03-23 19:30:00+00:00,CVCB3.SA,2.140000104904175,2.1500000953674316,2.130000114440918,2.1500000953674316,173100
2026-03-23 19:35:00+00:00,CVCB3.SA,2.1500000953674316,2.1500000953674316,2.140000104904175,2.1500000953674316,68900
2026-03-23 19:40:00+00:00,CVCB3.SA,2.1500000953674316,2.1500000953674316,2.140000104904175,2.140000104904175,154200
2026-03-23 19:45:00+00:00,CVCB3.SA,2.1500000953674316,2.1500000953674316,2.140000104904175,2.1500000953674316,295000
2026-03-23 19:50:00+00:00,CVCB3.SA,2.1500000953674316,2.1600000858306885,2.140000104904175,2.1600000858306885,665800
2026-03-24 13:00:00+00:00,CVCB3.SA,2.109999895095825,2.109999895095825,2.0899999141693115,2.0999999046325684,0
2026-03-24 13:05:00+00:00,CVCB3.SA,2.0999999046325684,2.109999895095825,2.0899999141693115,2.0999999046325684,223800
2026-03-24 13:10:00+00:00,CVCB3.SA,2.0999999046325684,2.109999895095825,2.0899999141693115,2.0999999046325684,265200
2026-03-24 13:15:00+00:00,CVCB3.SA,2.109999895095825,2.109999895095825,2.0799999237060547,2.0799999237060547,211300
2026-03-24 13:20:00+00:00,CVCB3.SA,2.0799999237060547,2.0799999237060547,2.049999952316284,2.049999952316284,354700
2026-03-24 13:25:00+00:00,CVCB3.SA,2.049999952316284,2.069999933242798,2.049999952316284,2.059999942779541,762500
2026-03-24 13:30:00+00:00,CVCB3.SA,2.049999952316284,2.059999942779541,2.049999952316284,2.059999942779541,0
2026-03-24 13:35:00+00:00,CVCB3.SA,2.059999942779541,2.059999942779541,2.049999952316284,2.059999942779541,410400
2026-03-24 13:40:00+00:00,CVCB3.SA,2.049999952316284,2.059999942779541,2.049999952316284,2.059999942779541,75100
2026-03-24 13:45:00+00:00,CVCB3.SA,2.059999942779541,2.059999942779541,2.059999942779541,2.059999942779541,16300
2026-03-24 13:50:00+00:00,CVCB3.SA,2.059999942779541,2.069999933242798,2.049999952316284,2.059999942779541,82200
2026-03-24 13:55:00+00:00,CVCB3.SA,2.059999942779541,2.0799999237060547,2.059999942779541,2.0799999237060547,169100
2026-03-24 14:00:00+00:00,CVCB3.SA,2.0799999237060547,2.0899999141693115,2.0799999237060547,2.0799999237060547,107300
2026-03-24 14:05:00+00:00,CVCB3.SA,2.0899999141693115,2.0999999046325684,2.0799999237060547,2.0899999141693115,218100
2026-03-24 14:10:00+00:00,CVCB3.SA,2.0899999141693115,2.0999999046325684,2.0799999237060547,2.0799999237060547,331500
2026-03-24 14:15:00+00:00,CVCB3.SA,2.0899999141693115,2.109999895095825,2.0899999141693115,2.0999999046325684,259500
2026-03-24 14:20:00+00:00,CVCB3.SA,2.0999999046325684,2.109999895095825,2.0899999141693115,2.0999999046325684,126000
2026-03-24 14:25:00+00:00,CVCB3.SA,2.0999999046325684,2.0999999046325684,2.0899999141693115,2.0999999046325684,38800
2026-03-24 14:30:00+00:00,CVCB3.SA,2.0999999046325684,2.0999999046325684,2.0899999141693115,2.0999999046325684,29100
2026-03-24 14:35:00+00:00,CVCB3.SA,2.0999999046325684,2.0999999046325684,2.0899999141693115,2.0999999046325684,106500
2026-03-24 14:40:00+00:00,CVCB3.SA,2.0999999046325684,2.0999999046325684,2.0899999141693115,2.0999999046325684,32300
2026-03-24 14:45:00+00:00,CVCB3.SA,2.0999999046325684,2.109999895095825,2.0899999141693115,2.0999999046325684,198600
2026-03-24 14:50:00+00:00,CVCB3.SA,2.0999999046325684,2.109999895095825,2.0899999141693115,2.109999895095825,33200
2026-03-24 14:55:00+00:00,CVCB3.SA,2.109999895095825,2.109999895095825,2.0799999237060547,2.0899999141693115,143400
2026-03-24 15:00:00+00:00,CVCB3.SA,2.0999999046325684,2.0999999046325684,2.0999999046325684,2.0999999046325684,18000
2026-03-24 15:05:00+00:00,CVCB3.SA,2.0999999046325684,2.0999999046325684,2.0899999141693115,2.0999999046325684,20800
2026-03-24 15:10:00+00:00,CVCB3.SA,2.0999999046325684,2.0999999046325684,2.0899999141693115,2.0999999046325684,9900
2026-03-24 15:15:00+00:00,CVCB3.SA,2.0899999141693115,2.109999895095825,2.0899999141693115,2.109999895095825,95300
2026-03-24 15:20:00+00:00,CVCB3.SA,2.109999895095825,2.109999895095825,2.0999999046325684,2.109999895095825,26200
2026-03-24 15:25:00+00:00,CVCB3.SA,2.109999895095825,2.109999895095825,2.0999999046325684,2.109999895095825,4100
2026-03-24 15:30:00+00:00,CVCB3.SA,2.109999895095825,2.119999885559082,2.0999999046325684,2.0999999046325684,448100
2026-03-24 15:35:00+00:00,CVCB3.SA,2.0999999046325684,2.0999999046325684,2.0899999141693115,2.0999999046325684,11300
2026-03-24 15:40:00+00:00,CVCB3.SA,2.0999999046325684,2.109999895095825,2.0899999141693115,2.0899999141693115,199800
2026-03-24 15:45:00+00:00,CVCB3.SA,2.0899999141693115,2.0999999046325684,2.0899999141693115,2.0999999046325684,3300
2026-03-24 15:50:00+00:00,CVCB3.SA,2.0999999046325684,2.0999999046325684,2.0899999141693115,2.0899999141693115,114100
2026-03-24 15:55:00+00:00,CVCB3.SA,2.0899999141693115,2.0899999141693115,2.059999942779541,2.069999933242798,362000
2026-03-24 16:00:00+00:00,CVCB3.SA,2.069999933242798,2.069999933242798,2.069999933242798,2.069999933242798,27600
2026-03-24 16:05:00+00:00,CVCB3.SA,2.069999933242798,2.069999933242798,2.059999942779541,2.069999933242798,14100
2026-03-24 16:10:00+00:00,CVCB3.SA,2.069999933242798,2.069999933242798,2.059999942779541,2.059999942779541,305900
2026-03-24 16:15:00+00:00,CVCB3.SA,2.059999942779541,2.0799999237060547,2.049999952316284,2.0799999237060547,324500
2026-03-24 16:20:00+00:00,CVCB3.SA,2.0799999237060547,2.0799999237060547,2.069999933242798,2.069999933242798,230300
2026-03-24 16:25:00+00:00,CVCB3.SA,2.059999942779541,2.069999933242798,2.059999942779541,2.069999933242798,14300
2026-03-24 16:30:00+00:00,CVCB3.SA,2.069999933242798,2.0799999237060547,2.069999933242798,2.0799999237060547,18400
2026-03-24 16:35:00+00:00,CVCB3.SA,2.0799999237060547,2.0899999141693115,2.069999933242798,2.069999933242798,368500
2026-03-24 16:40:00+00:00,CVCB3.SA,2.0799999237060547,2.0899999141693115,2.0799999237060547,2.0899999141693115,21900
2026-03-24 16:45:00+00:00,CVCB3.SA,2.0899999141693115,2.0899999141693115,2.069999933242798,2.0799999237060547,97000
2026-03-24 16:50:00+00:00,CVCB3.SA,2.069999933242798,2.0799999237060547,2.069999933242798,2.0799999237060547,35500
2026-03-24 16:55:00+00:00,CVCB3.SA,2.0799999237060547,2.0799999237060547,2.069999933242798,2.0799999237060547,9800
2026-03-24 17:00:00+00:00,CVCB3.SA,2.0799999237060547,2.0799999237060547,2.069999933242798,2.069999933242798,311200
2026-03-24 17:05:00+00:00,CVCB3.SA,2.059999942779541,2.069999933242798,2.059999942779541,2.069999933242798,9500
2026-03-24 17:10:00+00:00,CVCB3.SA,2.069999933242798,2.069999933242798,2.059999942779541,2.069999933242798,10200
2026-03-24 17:15:00+00:00,CVCB3.SA,2.069999933242798,2.069999933242798,2.059999942779541,2.069999933242798,16000
2026-03-24 17:20:00+00:00,CVCB3.SA,2.069999933242798,2.069999933242798,2.049999952316284,2.059999942779541,484300
2026-03-24 17:25:00+00:00,CVCB3.SA,2.059999942779541,2.059999942779541,2.0299999713897705,2.0399999618530273,1129800
2026-03-24 17:30:00+00:00,CVCB3.SA,2.049999952316284,2.069999933242798,2.0299999713897705,2.059999942779541,543700
2026-03-24 17:35:00+00:00,CVCB3.SA,2.059999942779541,2.069999933242798,2.059999942779541,2.069999933242798,22100
2026-03-24 17:40:00+00:00,CVCB3.SA,2.069999933242798,2.069999933242798,2.059999942779541,2.069999933242798,45700
2026-03-24 17:45:00+00:00,CVCB3.SA,2.069999933242798,2.069999933242798,2.059999942779541,2.059999942779541,16400
2026-03-24 17:50:00+00:00,CVCB3.SA,2.069999933242798,2.0799999237060547,2.059999942779541,2.0799999237060547,141300
2026-03-24 17:55:00+00:00,CVCB3.SA,2.0799999237060547,2.0899999141693115,2.069999933242798,2.0899999141693115,127500
2026-03-24 18:00:00+00:00,CVCB3.SA,2.0799999237060547,2.0899999141693115,2.0799999237060547,2.0899999141693115,65900
2026-03-24 18:05:00+00:00,CVCB3.SA,2.0899999141693115,2.0899999141693115,2.0799999237060547,2.0899999141693115,21900
2026-03-24 18:10:00+00:00,CVCB3.SA,2.0899999141693115,2.0899999141693115,2.069999933242798,2.0799999237060547,36100
2026-03-24 18:15:00+00:00,CVCB3.SA,2.0799999237060547,2.0799999237060547,2.069999933242798,2.0799999237060547,38500
2026-03-24 18:20:00+00:00,CVCB3.SA,2.0799999237060547,2.0799999237060547,2.069999933242798,2.0799999237060547,14400
2026-03-24 18:25:00+00:00,CVCB3.SA,2.0799999237060547,2.0899999141693115,2.0799999237060547,2.0899999141693115,51500
2026-03-24 18:30:00+00:00,CVCB3.SA,2.0899999141693115,2.0899999141693115,2.0799999237060547,2.0899999141693115,50300
2026-03-24 18:35:00+00:00,CVCB3.SA,2.0899999141693115,2.0899999141693115,2.0799999237060547,2.0899999141693115,20600
2026-03-24 18:40:00+00:00,CVCB3.SA,2.0899999141693115,2.0899999141693115,2.0799999237060547,2.0899999141693115,27100
2026-03-24 18:45:00+00:00,CVCB3.SA,2.0899999141693115,2.0899999141693115,2.0799999237060547,2.0899999141693115,54000
2026-03-24 18:50:00+00:00,CVCB3.SA,2.0899999141693115,2.0899999141693115,2.0799999237060547,2.0899999141693115,19900
2026-03-24 18:55:00+00:00,CVCB3.SA,2.0899999141693115,2.0899999141693115,2.0799999237060547,2.0899999141693115,22200
2026-03-24 19:00:00+00:00,CVCB3.SA,2.0899999141693115,2.0899999141693115,2.0799999237060547,2.0799999237060547,21900
2026-03-24 19:05:00+00:00,CVCB3.SA,2.0899999141693115,2.0899999141693115,2.0799999237060547,2.0899999141693115,32900
2026-03-24 19:10:00+00:00,CVCB3.SA,2.0899999141693115,2.0899999141693115,2.0799999237060547,2.0899999141693115,18000
2026-03-24 19:15:00+00:00,CVCB3.SA,2.0899999141693115,2.0899999141693115,2.0799999237060547,2.0899999141693115,34400
2026-03-24 19:20:00+00:00,CVCB3.SA,2.0899999141693115,2.0899999141693115,2.0799999237060547,2.0899999141693115,29500
2026-03-24 19:25:00+00:00,CVCB3.SA,2.0899999141693115,2.0899999141693115,2.0799999237060547,2.0899999141693115,37400
2026-03-24 19:30:00+00:00,CVCB3.SA,2.0899999141693115,2.0899999141693115,2.0799999237060547,2.0899999141693115,193400
2026-03-24 19:35:00+00:00,CVCB3.SA,2.0899999141693115,2.0899999141693115,2.0799999237060547,2.0899999141693115,44400
2026-03-24 19:40:00+00:00,CVCB3.SA,2.0899999141693115,2.0899999141693115,2.0799999237060547,2.0899999141693115,41200
2026-03-24 19:45:00+00:00,CVCB3.SA,2.0899999141693115,2.0899999141693115,2.0799999237060547,2.0899999141693115,37100
2026-03-24 19:50:00+00:00,CVCB3.SA,2.0899999141693115,2.119999885559082,2.0799999237060547,2.0999999046325684,1042200
2026-03-25 13:00:00+00:00,CVCB3.SA,2.119999885559082,2.1600000858306885,2.119999885559082,2.1500000953674316,0
2026-03-25 13:05:00+00:00,CVCB3.SA,2.1500000953674316,2.1700000762939453,2.140000104904175,2.1700000762939453,896400
2026-03-25 13:10:00+00:00,CVCB3.SA,2.1700000762939453,2.1700000762939453,2.130000114440918,2.130000114440918,962000
2026-03-25 13:15:00+00:00,CVCB3.SA,2.130000114440918,2.1500000953674316,2.119999885559082,2.140000104904175,232700
2026-03-25 13:20:00+00:00,CVCB3.SA,2.1500000953674316,2.1500000953674316,2.130000114440918,2.130000114440918,124800
2026-03-25 13:25:00+00:00,CVCB3.SA,2.140000104904175,2.1500000953674316,2.130000114440918,2.1500000953674316,311000
2026-03-25 13:30:00+00:00,CVCB3.SA,2.1500000953674316,2.1500000953674316,2.140000104904175,2.1500000953674316,169300
2026-03-25 13:35:00+00:00,CVCB3.SA,2.1500000953674316,2.1600000858306885,2.140000104904175,2.1500000953674316,268000
2026-03-25 13:40:00+00:00,CVCB3.SA,2.1500000953674316,2.1500000953674316,2.140000104904175,2.140000104904175,900
2026-03-25 13:45:00+00:00,CVCB3.SA,2.1500000953674316,2.1500000953674316,2.130000114440918,2.140000104904175,431800
2026-03-25 13:50:00+00:00,CVCB3.SA,2.130000114440918,2.140000104904175,2.130000114440918,2.140000104904175,12000
2026-03-25 13:55:00+00:00,CVCB3.SA,2.130000114440918,2.1500000953674316,2.130000114440918,2.130000114440918,349300
2026-03-25 14:00:00+00:00,CVCB3.SA,2.130000114440918,2.140000104904175,2.130000114440918,2.140000104904175,355000
2026-03-25 14:05:00+00:00,CVCB3.SA,2.130000114440918,2.140000104904175,2.130000114440918,2.140000104904175,3100
2026-03-25 14:10:00+00:00,CVCB3.SA,2.130000114440918,2.140000104904175,2.130000114440918,2.140000104904175,18700
2026-03-25 14:15:00+00:00,CVCB3.SA,2.130000114440918,2.1600000858306885,2.130000114440918,2.1500000953674316,405800
2026-03-25 14:20:00+00:00,CVCB3.SA,2.1600000858306885,2.1700000762939453,2.1500000953674316,2.1500000953674316,668500
2026-03-25 14:25:00+00:00,CVCB3.SA,2.1500000953674316,2.1600000858306885,2.1500000953674316,2.1600000858306885,55100
2026-03-25 14:30:00+00:00,CVCB3.SA,2.1600000858306885,2.1600000858306885,2.1500000953674316,2.1500000953674316,122200
2026-03-25 14:35:00+00:00,CVCB3.SA,2.1500000953674316,2.1600000858306885,2.1500000953674316,2.1500000953674316,159200
2026-03-25 14:40:00+00:00,CVCB3.SA,2.1600000858306885,2.1600000858306885,2.140000104904175,2.140000104904175,174800
2026-03-25 14:45:00+00:00,CVCB3.SA,2.140000104904175,2.1600000858306885,2.140000104904175,2.1600000858306885,80600
2026-03-25 14:50:00+00:00,CVCB3.SA,2.1600000858306885,2.1600000858306885,2.1500000953674316,2.1600000858306885,31100
2026-03-25 14:55:00+00:00,CVCB3.SA,2.1500000953674316,2.1600000858306885,2.1500000953674316,2.1600000858306885,65300
2026-03-25 15:00:00+00:00,CVCB3.SA,2.1600000858306885,2.1600000858306885,2.1500000953674316,2.1600000858306885,156400
2026-03-25 15:05:00+00:00,CVCB3.SA,2.1600000858306885,2.1600000858306885,2.1500000953674316,2.1500000953674316,119800
2026-03-25 15:10:00+00:00,CVCB3.SA,2.1600000858306885,2.1600000858306885,2.1500000953674316,2.1600000858306885,26200
2026-03-25 15:15:00+00:00,CVCB3.SA,2.1500000953674316,2.1600000858306885,2.1500000953674316,2.1500000953674316,489600
2026-03-25 15:20:00+00:00,CVCB3.SA,2.1500000953674316,2.1500000953674316,2.140000104904175,2.140000104904175,147100
2026-03-25 15:25:00+00:00,CVCB3.SA,2.1500000953674316,2.1500000953674316,2.140000104904175,2.1500000953674316,26300
2026-03-25 15:30:00+00:00,CVCB3.SA,2.1500000953674316,2.1500000953674316,2.140000104904175,2.140000104904175,37200
2026-03-25 15:35:00+00:00,CVCB3.SA,2.1500000953674316,2.1500000953674316,2.140000104904175,2.1500000953674316,27700
2026-03-25 15:40:00+00:00,CVCB3.SA,2.140000104904175,2.1500000953674316,2.140000104904175,2.1500000953674316,15400
2026-03-25 15:45:00+00:00,CVCB3.SA,2.140000104904175,2.1500000953674316,2.140000104904175,2.1500000953674316,22300
2026-03-25 15:50:00+00:00,CVCB3.SA,2.1500000953674316,2.1500000953674316,2.140000104904175,2.1500000953674316,20700
2026-03-25 15:55:00+00:00,CVCB3.SA,2.1500000953674316,2.1500000953674316,2.140000104904175,2.140000104904175,28800
2026-03-25 16:00:00+00:00,CVCB3.SA,2.1500000953674316,2.1500000953674316,2.140000104904175,2.1500000953674316,29600
2026-03-25 16:05:00+00:00,CVCB3.SA,2.1500000953674316,2.1500000953674316,2.140000104904175,2.1500000953674316,9400
2026-03-25 16:10:00+00:00,CVCB3.SA,2.1500000953674316,2.1600000858306885,2.140000104904175,2.140000104904175,183900
2026-03-25 16:15:00+00:00,CVCB3.SA,2.1500000953674316,2.1500000953674316,2.140000104904175,2.1500000953674316,7200
2026-03-25 16:20:00+00:00,CVCB3.SA,2.1500000953674316,2.1500000953674316,2.140000104904175,2.1500000953674316,186200
2026-03-25 16:25:00+00:00,CVCB3.SA,2.1500000953674316,2.1600000858306885,2.1500000953674316,2.1500000953674316,85100
2026-03-25 16:30:00+00:00,CVCB3.SA,2.1600000858306885,2.1600000858306885,2.1500000953674316,2.1500000953674316,15900
2026-03-25 16:35:00+00:00,CVCB3.SA,2.1600000858306885,2.1600000858306885,2.1500000953674316,2.1500000953674316,14500
2026-03-25 16:40:00+00:00,CVCB3.SA,2.1600000858306885,2.1600000858306885,2.1500000953674316,2.1600000858306885,17100
2026-03-25 16:45:00+00:00,CVCB3.SA,2.1600000858306885,2.1600000858306885,2.1500000953674316,2.1600000858306885,11300
2026-03-25 16:50:00+00:00,CVCB3.SA,2.1600000858306885,2.1600000858306885,2.1500000953674316,2.1600000858306885,9200
2026-03-25 16:55:00+00:00,CVCB3.SA,2.1500000953674316,2.1600000858306885,2.1500000953674316,2.1600000858306885,4200
2026-03-25 17:00:00+00:00,CVCB3.SA,2.1600000858306885,2.1600000858306885,2.1500000953674316,2.1600000858306885,52600
2026-03-25 17:05:00+00:00,CVCB3.SA,2.1500000953674316,2.1600000858306885,2.1500000953674316,2.1500000953674316,9600
2026-03-25 17:10:00+00:00,CVCB3.SA,2.1600000858306885,2.1600000858306885,2.1500000953674316,2.1500000953674316,134900
2026-03-25 17:15:00+00:00,CVCB3.SA,2.1500000953674316,2.1600000858306885,2.1500000953674316,2.1500000953674316,8800
2026-03-25 17:20:00+00:00,CVCB3.SA,2.1600000858306885,2.1600000858306885,2.1500000953674316,2.1600000858306885,8900
2026-03-25 17:25:00+00:00,CVCB3.SA,2.1500000953674316,2.1600000858306885,2.1500000953674316,2.1500000953674316,15900
2026-03-25 17:30:00+00:00,CVCB3.SA,2.1600000858306885,2.1700000762939453,2.1500000953674316,2.1700000762939453,454200
2026-03-25 17:35:00+00:00,CVCB3.SA,2.1600000858306885,2.1700000762939453,2.1600000858306885,2.1600000858306885,18500
2026-03-25 17:40:00+00:00,CVCB3.SA,2.1700000762939453,2.1700000762939453,2.1600000858306885,2.1700000762939453,5500
2026-03-25 17:45:00+00:00,CVCB3.SA,2.1600000858306885,2.1700000762939453,2.1600000858306885,2.1700000762939453,29800
2026-03-25 17:50:00+00:00,CVCB3.SA,2.1700000762939453,2.1700000762939453,2.1600000858306885,2.1700000762939453,33800
2026-03-25 17:55:00+00:00,CVCB3.SA,2.1600000858306885,2.1700000762939453,2.1600000858306885,2.1700000762939453,7100
2026-03-25 18:00:00+00:00,CVCB3.SA,2.1600000858306885,2.1700000762939453,2.1600000858306885,2.1600000858306885,130200
2026-03-25 18:05:00+00:00,CVCB3.SA,2.1600000858306885,2.1700000762939453,2.1600000858306885,2.1700000762939453,9100
2026-03-25 18:10:00+00:00,CVCB3.SA,2.1700000762939453,2.180000066757202,2.1600000858306885,2.180000066757202,403300
2026-03-25 18:15:00+00:00,CVCB3.SA,2.180000066757202,2.180000066757202,2.1700000762939453,2.180000066757202,11800
2026-03-25 18:20:00+00:00,CVCB3.SA,2.1700000762939453,2.180000066757202,2.1700000762939453,2.180000066757202,6600
2026-03-25 18:25:00+00:00,CVCB3.SA,2.180000066757202,2.180000066757202,2.1700000762939453,2.1700000762939453,14700
2026-03-25 18:30:00+00:00,CVCB3.SA,2.180000066757202,2.190000057220459,2.1700000762939453,2.1700000762939453,1107900
2026-03-25 18:35:00+00:00,CVCB3.SA,2.1700000762939453,2.180000066757202,2.1700000762939453,2.1700000762939453,34800
2026-03-25 18:40:00+00:00,CVCB3.SA,2.180000066757202,2.180000066757202,2.1700000762939453,2.180000066757202,28800
2026-03-25 18:45:00+00:00,CVCB3.SA,2.1700000762939453,2.180000066757202,2.1700000762939453,2.180000066757202,126800
2026-03-25 18:50:00+00:00,CVCB3.SA,2.180000066757202,2.180000066757202,2.1700000762939453,2.180000066757202,25500
2026-03-25 18:55:00+00:00,CVCB3.SA,2.180000066757202,2.180000066757202,2.1600000858306885,2.1700000762939453,239700
2026-03-25 19:00:00+00:00,CVCB3.SA,2.1700000762939453,2.1700000762939453,2.1600000858306885,2.1700000762939453,16300
2026-03-25 19:05:00+00:00,CVCB3.SA,2.1700000762939453,2.1700000762939453,2.1600000858306885,2.1700000762939453,92400
2026-03-25 19:10:00+00:00,CVCB3.SA,2.1700000762939453,2.1700000762939453,2.1600000858306885,2.1700000762939453,54900
2026-03-25 19:15:00+00:00,CVCB3.SA,2.1700000762939453,2.1700000762939453,2.1600000858306885,2.1700000762939453,65700
2026-03-25 19:20:00+00:00,CVCB3.SA,2.1700000762939453,2.180000066757202,2.1600000858306885,2.180000066757202,134000
2026-03-25 19:25:00+00:00,CVCB3.SA,2.180000066757202,2.180000066757202,2.1700000762939453,2.180000066757202,16700
2026-03-25 19:30:00+00:00,CVCB3.SA,2.1700000762939453,2.180000066757202,2.1700000762939453,2.180000066757202,29100
2026-03-25 19:35:00+00:00,CVCB3.SA,2.180000066757202,2.180000066757202,2.1700000762939453,2.180000066757202,28200
2026-03-25 19:40:00+00:00,CVCB3.SA,2.180000066757202,2.180000066757202,2.1700000762939453,2.180000066757202,114100
2026-03-25 19:45:00+00:00,CVCB3.SA,2.1700000762939453,2.180000066757202,2.1600000858306885,2.180000066757202,155900
2026-03-25 19:50:00+00:00,CVCB3.SA,2.180000066757202,2.2100000381469727,2.1700000762939453,2.200000047683716,1045000
2026-03-26 13:05:00+00:00,CVCB3.SA,2.1700000762939453,2.1700000762939453,2.130000114440918,2.140000104904175,0
2026-03-26 13:10:00+00:00,CVCB3.SA,2.140000104904175,2.1700000762939453,2.119999885559082,2.140000104904175,1239800
2026-03-26 13:15:00+00:00,CVCB3.SA,2.130000114440918,2.1600000858306885,2.130000114440918,2.1500000953674316,160600
2026-03-26 13:20:00+00:00,CVCB3.SA,2.1500000953674316,2.1600000858306885,2.140000104904175,2.140000104904175,71300
2026-03-26 13:25:00+00:00,CVCB3.SA,2.140000104904175,2.1600000858306885,2.140000104904175,2.1500000953674316,15900
2026-03-26 13:30:00+00:00,CVCB3.SA,2.1500000953674316,2.1700000762939453,2.1500000953674316,2.1600000858306885,187600
2026-03-26 13:35:00+00:00,CVCB3.SA,2.1600000858306885,2.1600000858306885,2.1500000953674316,2.1500000953674316,138800
2026-03-26 13:40:00+00:00,CVCB3.SA,2.1600000858306885,2.1600000858306885,2.1500000953674316,2.1600000858306885,12900
2026-03-26 13:45:00+00:00,CVCB3.SA,2.1500000953674316,2.1600000858306885,2.1500000953674316,2.1500000953674316,1037900
2026-03-26 13:50:00+00:00,CVCB3.SA,2.1500000953674316,2.1600000858306885,2.140000104904175,2.140000104904175,163300
2026-03-26 13:55:00+00:00,CVCB3.SA,2.140000104904175,2.1500000953674316,2.130000114440918,2.130000114440918,734500
2026-03-26 14:00:00+00:00,CVCB3.SA,2.140000104904175,2.140000104904175,2.130000114440918,2.130000114440918,82800
2026-03-26 14:05:00+00:00,CVCB3.SA,2.130000114440918,2.140000104904175,2.130000114440918,2.130000114440918,73900
2026-03-26 14:10:00+00:00,CVCB3.SA,2.130000114440918,2.140000104904175,2.130000114440918,2.140000104904175,45400
2026-03-26 14:15:00+00:00,CVCB3.SA,2.130000114440918,2.1500000953674316,2.130000114440918,2.140000104904175,262400
2026-03-26 14:20:00+00:00,CVCB3.SA,2.140000104904175,2.1500000953674316,2.140000104904175,2.140000104904175,53400
2026-03-26 14:25:00+00:00,CVCB3.SA,2.140000104904175,2.1500000953674316,2.130000114440918,2.140000104904175,202300
2026-03-26 14:30:00+00:00,CVCB3.SA,2.130000114440918,2.140000104904175,2.130000114440918,2.130000114440918,45700
2026-03-26 14:35:00+00:00,CVCB3.SA,2.130000114440918,2.140000104904175,2.119999885559082,2.130000114440918,1251800
2026-03-26 14:40:00+00:00,CVCB3.SA,2.130000114440918,2.140000104904175,2.119999885559082,2.119999885559082,209700
2026-03-26 14:45:00+00:00,CVCB3.SA,2.119999885559082,2.130000114440918,2.109999895095825,2.130000114440918,269400
2026-03-26 14:50:00+00:00,CVCB3.SA,2.119999885559082,2.140000104904175,2.119999885559082,2.130000114440918,178300
2026-03-26 14:55:00+00:00,CVCB3.SA,2.130000114440918,2.140000104904175,2.130000114440918,2.130000114440918,33700
2026-03-26 15:00:00+00:00,CVCB3.SA,2.130000114440918,2.140000104904175,2.130000114440918,2.130000114440918,23600
2026-03-26 15:05:00+00:00,CVCB3.SA,2.130000114440918,2.140000104904175,2.130000114440918,2.140000104904175,32800
2026-03-26 15:10:00+00:00,CVCB3.SA,2.130000114440918,2.1500000953674316,2.130000114440918,2.140000104904175,199000
2026-03-26 15:15:00+00:00,CVCB3.SA,2.1500000953674316,2.1500000953674316,2.130000114440918,2.140000104904175,212800
2026-03-26 15:20:00+00:00,CVCB3.SA,2.130000114440918,2.140000104904175,2.130000114440918,2.140000104904175,30800
2026-03-26 15:25:00+00:00,CVCB3.SA,2.130000114440918,2.140000104904175,2.119999885559082,2.130000114440918,128900
2026-03-26 15:30:00+00:00,CVCB3.SA,2.119999885559082,2.130000114440918,2.119999885559082,2.119999885559082,100100
2026-03-26 15:35:00+00:00,CVCB3.SA,2.130000114440918,2.130000114440918,2.109999895095825,2.109999895095825,302400
2026-03-26 15:40:00+00:00,CVCB3.SA,2.109999895095825,2.119999885559082,2.109999895095825,2.109999895095825,97200
2026-03-26 15:45:00+00:00,CVCB3.SA,2.109999895095825,2.119999885559082,2.109999895095825,2.119999885559082,54300
2026-03-26 15:50:00+00:00,CVCB3.SA,2.119999885559082,2.119999885559082,2.109999895095825,2.119999885559082,29700
2026-03-26 15:55:00+00:00,CVCB3.SA,2.109999895095825,2.119999885559082,2.109999895095825,2.119999885559082,76600
2026-03-26 16:00:00+00:00,CVCB3.SA,2.109999895095825,2.119999885559082,2.109999895095825,2.119999885559082,27100
2026-03-26 16:05:00+00:00,CVCB3.SA,2.109999895095825,2.119999885559082,2.109999895095825,2.109999895095825,20900
2026-03-26 16:10:00+00:00,CVCB3.SA,2.119999885559082,2.119999885559082,2.109999895095825,2.109999895095825,20600
2026-03-26 16:15:00+00:00,CVCB3.SA,2.109999895095825,2.119999885559082,2.109999895095825,2.119999885559082,457500
2026-03-26 16:20:00+00:00,CVCB3.SA,2.109999895095825,2.119999885559082,2.109999895095825,2.109999895095825,43300
2026-03-26 16:25:00+00:00,CVCB3.SA,2.109999895095825,2.119999885559082,2.109999895095825,2.109999895095825,22100
2026-03-26 16:30:00+00:00,CVCB3.SA,2.109999895095825,2.119999885559082,2.0999999046325684,2.0999999046325684,268200
2026-03-26 16:35:00+00:00,CVCB3.SA,2.0999999046325684,2.109999895095825,2.0999999046325684,2.0999999046325684,21400
2026-03-26 16:40:00+00:00,CVCB3.SA,2.109999895095825,2.109999895095825,2.0999999046325684,2.0999999046325684,68300
2026-03-26 16:45:00+00:00,CVCB3.SA,2.0999999046325684,2.109999895095825,2.0999999046325684,2.0999999046325684,31500
2026-03-26 16:50:00+00:00,CVCB3.SA,2.0999999046325684,2.119999885559082,2.0999999046325684,2.119999885559082,147800
2026-03-26 16:55:00+00:00,CVCB3.SA,2.109999895095825,2.119999885559082,2.109999895095825,2.109999895095825,29200
2026-03-26 17:00:00+00:00,CVCB3.SA,2.109999895095825,2.130000114440918,2.109999895095825,2.109999895095825,273900
2026-03-26 17:05:00+00:00,CVCB3.SA,2.119999885559082,2.130000114440918,2.109999895095825,2.119999885559082,421100
2026-03-26 17:10:00+00:00,CVCB3.SA,2.119999885559082,2.119999885559082,2.109999895095825,2.109999895095825,110800
2026-03-26 17:15:00+00:00,CVCB3.SA,2.109999895095825,2.119999885559082,2.109999895095825,2.119999885559082,18200
2026-03-26 17:20:00+00:00,CVCB3.SA,2.109999895095825,2.119999885559082,2.109999895095825,2.109999895095825,20600
2026-03-26 17:25:00+00:00,CVCB3.SA,2.109999895095825,2.119999885559082,2.109999895095825,2.109999895095825,23100
2026-03-26 17:30:00+00:00,CVCB3.SA,2.109999895095825,2.109999895095825,2.0899999141693115,2.0999999046325684,973000
2026-03-26 17:35:00+00:00,CVCB3.SA,2.0999999046325684,2.109999895095825,2.0999999046325684,2.0999999046325684,14000
2026-03-26 17:40:00+00:00,CVCB3.SA,2.0999999046325684,2.109999895095825,2.0899999141693115,2.0899999141693115,135100
2026-03-26 17:45:00+00:00,CVCB3.SA,2.0899999141693115,2.109999895095825,2.0899999141693115,2.0999999046325684,146500
2026-03-26 17:50:00+00:00,CVCB3.SA,2.0999999046325684,2.109999895095825,2.0899999141693115,2.0899999141693115,37500
2026-03-26 17:55:00+00:00,CVCB3.SA,2.0899999141693115,2.0999999046325684,2.0899999141693115,2.0999999046325684,266600
2026-03-26 18:00:00+00:00,CVCB3.SA,2.0899999141693115,2.0999999046325684,2.0899999141693115,2.0999999046325684,19300
2026-03-26 18:05:00+00:00,CVCB3.SA,2.0899999141693115,2.0999999046325684,2.0899999141693115,2.0999999046325684,19600
2026-03-26 18:10:00+00:00,CVCB3.SA,2.0999999046325684,2.0999999046325684,2.0899999141693115,2.0899999141693115,23900
2026-03-26 18:15:00+00:00,CVCB3.SA,2.0899999141693115,2.0999999046325684,2.0899999141693115,2.0899999141693115,23300
2026-03-26 18:20:00+00:00,CVCB3.SA,2.0899999141693115,2.0999999046325684,2.0899999141693115,2.0899999141693115,23800
2026-03-26 18:25:00+00:00,CVCB3.SA,2.0899999141693115,2.0999999046325684,2.0899999141693115,2.0899999141693115,32600
2026-03-26 18:30:00+00:00,CVCB3.SA,2.0899999141693115,2.0999999046325684,2.0899999141693115,2.0899999141693115,29200
2026-03-26 18:35:00+00:00,CVCB3.SA,2.0899999141693115,2.0999999046325684,2.0899999141693115,2.0999999046325684,27600
2026-03-26 18:40:00+00:00,CVCB3.SA,2.0999999046325684,2.0999999046325684,2.0899999141693115,2.0899999141693115,35200
2026-03-26 18:45:00+00:00,CVCB3.SA,2.0999999046325684,2.0999999046325684,2.0899999141693115,2.0999999046325684,23400
2026-03-26 18:50:00+00:00,CVCB3.SA,2.0999999046325684,2.0999999046325684,2.0899999141693115,2.0899999141693115,28500
2026-03-26 18:55:00+00:00,CVCB3.SA,2.0899999141693115,2.0999999046325684,2.0899999141693115,2.0899999141693115,27000
2026-03-26 19:00:00+00:00,CVCB3.SA,2.0899999141693115,2.0999999046325684,2.0899999141693115,2.0999999046325684,61300
2026-03-26 19:05:00+00:00,CVCB3.SA,2.0899999141693115,2.0999999046325684,2.0799999237060547,2.0899999141693115,113100
2026-03-26 19:10:00+00:00,CVCB3.SA,2.0799999237060547,2.0899999141693115,2.0799999237060547,2.0799999237060547,74900
2026-03-26 19:15:00+00:00,CVCB3.SA,2.0799999237060547,2.0899999141693115,2.0799999237060547,2.0799999237060547,39000
2026-03-26 19:20:00+00:00,CVCB3.SA,2.0799999237060547,2.0999999046325684,2.0799999237060547,2.0899999141693115,132200
2026-03-26 19:25:00+00:00,CVCB3.SA,2.0899999141693115,2.0999999046325684,2.0799999237060547,2.0799999237060547,130900
2026-03-26 19:30:00+00:00,CVCB3.SA,2.0799999237060547,2.0899999141693115,2.0799999237060547,2.0799999237060547,32400
2026-03-26 19:35:00+00:00,CVCB3.SA,2.0799999237060547,2.0899999141693115,2.0799999237060547,2.0799999237060547,68300
2026-03-26 19:40:00+00:00,CVCB3.SA,2.0799999237060547,2.0899999141693115,2.069999933242798,2.0799999237060547,248900
2026-03-26 19:45:00+00:00,CVCB3.SA,2.0799999237060547,2.0899999141693115,2.069999933242798,2.069999933242798,130200
2026-03-26 19:50:00+00:00,CVCB3.SA,2.069999933242798,2.0899999141693115,2.069999933242798,2.0899999141693115,141600
2026-03-27 13:05:00+00:00,CVCB3.SA,2.069999933242798,2.069999933242798,2.0399999618530273,2.049999952316284,120200
2026-03-27 13:10:00+00:00,CVCB3.SA,2.049999952316284,2.049999952316284,2.0199999809265137,2.0299999713897705,479700
2026-03-27 13:15:00+00:00,CVCB3.SA,2.0299999713897705,2.0299999713897705,2.0199999809265137,2.0199999809265137,119500
2026-03-27 13:20:00+00:00,CVCB3.SA,2.0299999713897705,2.0299999713897705,2.009999990463257,2.009999990463257,185200
2026-03-27 13:25:00+00:00,CVCB3.SA,2.0199999809265137,2.0199999809265137,2.0,2.009999990463257,348700
2026-03-27 13:30:00+00:00,CVCB3.SA,2.0199999809265137,2.0199999809265137,1.9900000095367432,2.009999990463257,521900
2026-03-27 13:35:00+00:00,CVCB3.SA,2.009999990463257,2.009999990463257,1.9900000095367432,2.0,247900
2026-03-27 13:40:00+00:00,CVCB3.SA,2.009999990463257,2.009999990463257,2.0,2.0,53500
2026-03-27 13:45:00+00:00,CVCB3.SA,2.009999990463257,2.009999990463257,2.0,2.009999990463257,136800
2026-03-27 13:50:00+00:00,CVCB3.SA,2.009999990463257,2.009999990463257,1.9800000190734863,1.9800000190734863,1067700
2026-03-27 13:55:00+00:00,CVCB3.SA,1.9900000095367432,1.9900000095367432,1.9800000190734863,1.9900000095367432,116100
2026-03-27 14:00:00+00:00,CVCB3.SA,1.9800000190734863,1.9900000095367432,1.9800000190734863,1.9800000190734863,38400
2026-03-27 14:05:00+00:00,CVCB3.SA,1.9800000190734863,1.9900000095367432,1.9800000190734863,1.9900000095367432,108000
2026-03-27 14:10:00+00:00,CVCB3.SA,1.9800000190734863,1.9800000190734863,1.9700000286102295,1.9800000190734863,523300
2026-03-27 14:15:00+00:00,CVCB3.SA,1.9800000190734863,1.9900000095367432,1.9700000286102295,1.9900000095367432,250400
2026-03-27 14:20:00+00:00,CVCB3.SA,1.9900000095367432,1.9900000095367432,1.9800000190734863,1.9900000095367432,87100
2026-03-27 14:25:00+00:00,CVCB3.SA,1.9900000095367432,1.9900000095367432,1.9800000190734863,1.9900000095367432,54700
2026-03-27 14:30:00+00:00,CVCB3.SA,1.9800000190734863,1.9900000095367432,1.9800000190734863,1.9800000190734863,26200
2026-03-27 14:35:00+00:00,CVCB3.SA,1.9900000095367432,1.9900000095367432,1.9800000190734863,1.9900000095367432,7700
2026-03-27 14:40:00+00:00,CVCB3.SA,1.9900000095367432,1.9900000095367432,1.9700000286102295,1.9700000286102295,435400
2026-03-27 14:45:00+00:00,CVCB3.SA,1.9800000190734863,1.9900000095367432,1.9700000286102295,1.9800000190734863,265100
2026-03-27 14:50:00+00:00,CVCB3.SA,1.9800000190734863,1.9900000095367432,1.9700000286102295,1.9700000286102295,372600
2026-03-27 14:55:00+00:00,CVCB3.SA,1.9800000190734863,1.9800000190734863,1.9700000286102295,1.9700000286102295,73500
2026-03-27 15:00:00+00:00,CVCB3.SA,1.9800000190734863,2.0,1.9700000286102295,2.0,347700
2026-03-27 15:05:00+00:00,CVCB3.SA,1.9900000095367432,2.009999990463257,1.9900000095367432,1.9900000095367432,397200
2026-03-27 15:10:00+00:00,CVCB3.SA,1.9900000095367432,1.9900000095367432,1.9800000190734863,1.9800000190734863,315600
2026-03-27 15:15:00+00:00,CVCB3.SA,1.9800000190734863,1.9900000095367432,1.9700000286102295,1.9700000286102295,288700
2026-03-27 15:20:00+00:00,CVCB3.SA,1.9700000286102295,2.0,1.9700000286102295,1.9800000190734863,325100
2026-03-27 15:25:00+00:00,CVCB3.SA,1.9900000095367432,1.9900000095367432,1.9800000190734863,1.9800000190734863,51800
2026-03-27 15:30:00+00:00,CVCB3.SA,1.9800000190734863,1.9900000095367432,1.9800000190734863,1.9900000095367432,56500
2026-03-27 15:35:00+00:00,CVCB3.SA,1.9900000095367432,1.9900000095367432,1.9800000190734863,1.9900000095367432,110000
2026-03-27 15:40:00+00:00,CVCB3.SA,1.9900000095367432,1.9900000095367432,1.9800000190734863,1.9900000095367432,52700
2026-03-27 15:45:00+00:00,CVCB3.SA,1.9800000190734863,1.9900000095367432,1.9800000190734863,1.9900000095367432,61700
2026-03-27 15:50:00+00:00,CVCB3.SA,1.9900000095367432,2.0,1.9800000190734863,1.9800000190734863,224200
2026-03-27 15:55:00+00:00,CVCB3.SA,1.9900000095367432,1.9900000095367432,1.9800000190734863,1.9900000095367432,44200
2026-03-27 16:00:00+00:00,CVCB3.SA,1.9900000095367432,2.0,1.9800000190734863,2.0,45600
2026-03-27 16:05:00+00:00,CVCB3.SA,1.9900000095367432,2.0,1.9800000190734863,1.9900000095367432,100600
2026-03-27 16:10:00+00:00,CVCB3.SA,1.9900000095367432,1.9900000095367432,1.9800000190734863,1.9900000095367432,10300
2026-03-27 16:15:00+00:00,CVCB3.SA,1.9800000190734863,1.9900000095367432,1.9800000190734863,1.9800000190734863,6100
2026-03-27 16:20:00+00:00,CVCB3.SA,1.9800000190734863,1.9900000095367432,1.9800000190734863,1.9900000095367432,242100
2026-03-27 16:25:00+00:00,CVCB3.SA,1.9900000095367432,1.9900000095367432,1.9800000190734863,1.9900000095367432,10600
2026-03-27 16:30:00+00:00,CVCB3.SA,1.9900000095367432,1.9900000095367432,1.9800000190734863,1.9900000095367432,51000
2026-03-27 16:35:00+00:00,CVCB3.SA,1.9900000095367432,1.9900000095367432,1.9800000190734863,1.9900000095367432,17900
2026-03-27 16:40:00+00:00,CVCB3.SA,1.9900000095367432,1.9900000095367432,1.9800000190734863,1.9900000095367432,12100
2026-03-27 16:45:00+00:00,CVCB3.SA,1.9900000095367432,1.9900000095367432,1.9800000190734863,1.9900000095367432,29600
2026-03-27 16:50:00+00:00,CVCB3.SA,1.9900000095367432,1.9900000095367432,1.9800000190734863,1.9900000095367432,24600
2026-03-27 16:55:00+00:00,CVCB3.SA,1.9800000190734863,1.9900000095367432,1.9800000190734863,1.9800000190734863,16600
2026-03-27 17:00:00+00:00,CVCB3.SA,1.9900000095367432,1.9900000095367432,1.9800000190734863,1.9900000095367432,17100
2026-03-27 17:05:00+00:00,CVCB3.SA,1.9900000095367432,1.9900000095367432,1.9700000286102295,1.9700000286102295,892500
2026-03-27 17:10:00+00:00,CVCB3.SA,1.9700000286102295,1.9800000190734863,1.9700000286102295,1.9700000286102295,0
2026-03-27 17:15:00+00:00,CVCB3.SA,1.9700000286102295,1.9900000095367432,1.9700000286102295,1.9800000190734863,158100
2026-03-27 17:20:00+00:00,CVCB3.SA,1.9800000190734863,1.9900000095367432,1.9800000190734863,1.9800000190734863,0
2026-03-27 17:25:00+00:00,CVCB3.SA,1.9900000095367432,1.9900000095367432,1.9800000190734863,1.9800000190734863,78900
2026-03-27 17:30:00+00:00,CVCB3.SA,1.9900000095367432,1.9900000095367432,1.9800000190734863,1.9900000095367432,8200
2026-03-27 17:35:00+00:00,CVCB3.SA,1.9800000190734863,1.9900000095367432,1.9800000190734863,1.9900000095367432,19500
2026-03-27 17:40:00+00:00,CVCB3.SA,1.9900000095367432,1.9900000095367432,1.9700000286102295,1.9800000190734863,204700
2026-03-27 17:45:00+00:00,CVCB3.SA,1.9700000286102295,1.9800000190734863,1.9700000286102295,1.9800000190734863,21200
2026-03-27 17:50:00+00:00,CVCB3.SA,1.9800000190734863,1.9800000190734863,1.9700000286102295,1.9700000286102295,93300
2026-03-27 17:55:00+00:00,CVCB3.SA,1.9800000190734863,1.9800000190734863,1.9700000286102295,1.9800000190734863,50600
2026-03-27 18:00:00+00:00,CVCB3.SA,1.9800000190734863,1.9800000190734863,1.9700000286102295,1.9800000190734863,22600
2026-03-27 18:05:00+00:00,CVCB3.SA,1.9800000190734863,1.9800000190734863,1.9700000286102295,1.9800000190734863,74600
2026-03-27 18:10:00+00:00,CVCB3.SA,1.9700000286102295,1.9800000190734863,1.9700000286102295,1.9800000190734863,257300
2026-03-27 18:15:00+00:00,CVCB3.SA,1.9800000190734863,1.9800000190734863,1.9700000286102295,1.9700000286102295,10500
2026-03-27 18:20:00+00:00,CVCB3.SA,1.9800000190734863,1.9800000190734863,1.9700000286102295,1.9800000190734863,31800
2026-03-27 18:25:00+00:00,CVCB3.SA,1.9800000190734863,1.9800000190734863,1.9700000286102295,1.9700000286102295,38000
2026-03-27 18:30:00+00:00,CVCB3.SA,1.9800000190734863,1.9800000190734863,1.9700000286102295,1.9800000190734863,21200
2026-03-27 18:35:00+00:00,CVCB3.SA,1.9700000286102295,1.9800000190734863,1.9700000286102295,1.9800000190734863,30700
2026-03-27 18:40:00+00:00,CVCB3.SA,1.9700000286102295,1.9900000095367432,1.9700000286102295,1.9900000095367432,289100
2026-03-27 18:45:00+00:00,CVCB3.SA,1.9900000095367432,1.9900000095367432,1.9800000190734863,1.9900000095367432,42500
2026-03-27 18:50:00+00:00,CVCB3.SA,1.9900000095367432,1.9900000095367432,1.9800000190734863,1.9900000095367432,19800
2026-03-27 18:55:00+00:00,CVCB3.SA,1.9900000095367432,1.9900000095367432,1.9800000190734863,1.9900000095367432,48700
2026-03-27 19:00:00+00:00,CVCB3.SA,1.9900000095367432,1.9900000095367432,1.9700000286102295,1.9800000190734863,189900
2026-03-27 19:05:00+00:00,CVCB3.SA,1.9700000286102295,1.9800000190734863,1.9700000286102295,1.9700000286102295,31800
2026-03-27 19:10:00+00:00,CVCB3.SA,1.9700000286102295,1.9800000190734863,1.9700000286102295,1.9800000190734863,16300
2026-03-27 19:15:00+00:00,CVCB3.SA,1.9800000190734863,1.9800000190734863,1.9700000286102295,1.9800000190734863,82700
2026-03-27 19:20:00+00:00,CVCB3.SA,1.9700000286102295,1.9800000190734863,1.9700000286102295,1.9800000190734863,97100
2026-03-27 19:25:00+00:00,CVCB3.SA,1.9800000190734863,1.9800000190734863,1.9700000286102295,1.9800000190734863,137100
2026-03-27 19:30:00+00:00,CVCB3.SA,1.9800000190734863,1.9800000190734863,1.9700000286102295,1.9700000286102295,94600
2026-03-27 19:35:00+00:00,CVCB3.SA,1.9800000190734863,1.9800000190734863,1.9700000286102295,1.9800000190734863,272000
2026-03-27 19:40:00+00:00,CVCB3.SA,1.9800000190734863,1.9800000190734863,1.9600000381469727,1.9700000286102295,316700
2026-03-27 19:45:00+00:00,CVCB3.SA,1.9600000381469727,1.9800000190734863,1.9600000381469727,1.9600000381469727,683900
2026-03-27 19:50:00+00:00,CVCB3.SA,1.9600000381469727,1.9800000190734863,1.9600000381469727,1.9600000381469727,540900
2026-03-30 13:05:00+00:00,CVCB3.SA,2.009999990463257,2.009999990463257,1.9700000286102295,1.9700000286102295,324800
2026-03-30 13:10:00+00:00,CVCB3.SA,1.9700000286102295,1.9900000095367432,1.9700000286102295,1.9700000286102295,93300
2026-03-30 13:15:00+00:00,CVCB3.SA,1.9800000190734863,1.9900000095367432,1.9700000286102295,1.9700000286102295,218100
2026-03-30 13:20:00+00:00,CVCB3.SA,1.9700000286102295,1.9800000190734863,1.9600000381469727,1.9800000190734863,80800
2026-03-30 13:25:00+00:00,CVCB3.SA,1.9800000190734863,1.9900000095367432,1.9700000286102295,1.9800000190734863,102700
2026-03-30 13:30:00+00:00,CVCB3.SA,1.9800000190734863,1.9800000190734863,1.9700000286102295,1.9800000190734863,60800
2026-03-30 13:35:00+00:00,CVCB3.SA,1.9800000190734863,1.9800000190734863,1.9600000381469727,1.9700000286102295,373700
2026-03-30 13:40:00+00:00,CVCB3.SA,1.9700000286102295,1.9800000190734863,1.9600000381469727,1.9700000286102295,195900
2026-03-30 13:45:00+00:00,CVCB3.SA,1.9700000286102295,1.9700000286102295,1.9600000381469727,1.9700000286102295,113600
2026-03-30 13:50:00+00:00,CVCB3.SA,1.9700000286102295,1.9700000286102295,1.940000057220459,1.940000057220459,690200
2026-03-30 13:55:00+00:00,CVCB3.SA,1.940000057220459,1.940000057220459,1.9299999475479126,1.940000057220459,121400
2026-03-30 14:00:00+00:00,CVCB3.SA,1.940000057220459,1.940000057220459,1.9299999475479126,1.940000057220459,64400
2026-03-30 14:05:00+00:00,CVCB3.SA,1.940000057220459,1.940000057220459,1.9299999475479126,1.9299999475479126,15100
2026-03-30 14:10:00+00:00,CVCB3.SA,1.9299999475479126,1.9600000381469727,1.9299999475479126,1.9600000381469727,282700
2026-03-30 14:15:00+00:00,CVCB3.SA,1.9600000381469727,1.9600000381469727,1.940000057220459,1.9600000381469727,76800
2026-03-30 14:20:00+00:00,CVCB3.SA,1.9600000381469727,1.9600000381469727,1.9500000476837158,1.9600000381469727,16600
2026-03-30 14:25:00+00:00,CVCB3.SA,1.9600000381469727,1.9600000381469727,1.9500000476837158,1.9600000381469727,6000
2026-03-30 14:30:00+00:00,CVCB3.SA,1.9600000381469727,1.9600000381469727,1.9500000476837158,1.9600000381469727,7500
2026-03-30 14:35:00+00:00,CVCB3.SA,1.9600000381469727,1.9600000381469727,1.9500000476837158,1.9600000381469727,16600
2026-03-30 14:40:00+00:00,CVCB3.SA,1.9600000381469727,1.9600000381469727,1.9500000476837158,1.9600000381469727,19300
2026-03-30 14:45:00+00:00,CVCB3.SA,1.9600000381469727,1.9700000286102295,1.9500000476837158,1.9700000286102295,296100
2026-03-30 14:50:00+00:00,CVCB3.SA,1.9700000286102295,1.9700000286102295,1.9600000381469727,1.9700000286102295,10700
2026-03-30 14:55:00+00:00,CVCB3.SA,1.9700000286102295,1.9700000286102295,1.9600000381469727,1.9600000381469727,8300
2026-03-30 15:00:00+00:00,CVCB3.SA,1.9600000381469727,1.9700000286102295,1.9600000381469727,1.9600000381469727,150600
2026-03-30 15:05:00+00:00,CVCB3.SA,1.9700000286102295,1.9700000286102295,1.9600000381469727,1.9700000286102295,15600
2026-03-30 15:10:00+00:00,CVCB3.SA,1.9700000286102295,1.9800000190734863,1.9600000381469727,1.9800000190734863,170600
2026-03-30 15:15:00+00:00,CVCB3.SA,1.9700000286102295,1.9800000190734863,1.9700000286102295,1.9700000286102295,38700
2026-03-30 15:20:00+00:00,CVCB3.SA,1.9800000190734863,1.9800000190734863,1.9700000286102295,1.9800000190734863,18700
2026-03-30 15:25:00+00:00,CVCB3.SA,1.9800000190734863,1.9900000095367432,1.9700000286102295,1.9800000190734863,228900
2026-03-30 15:30:00+00:00,CVCB3.SA,1.9900000095367432,1.9900000095367432,1.9800000190734863,1.9800000190734863,114100
2026-03-30 15:35:00+00:00,CVCB3.SA,1.9800000190734863,1.9900000095367432,1.9800000190734863,1.9800000190734863,168600
2026-03-30 15:40:00+00:00,CVCB3.SA,1.9900000095367432,1.9900000095367432,1.9800000190734863,1.9900000095367432,36100
2026-03-30 15:45:00+00:00,CVCB3.SA,1.9900000095367432,1.9900000095367432,1.9800000190734863,1.9800000190734863,246800
2026-03-30 15:50:00+00:00,CVCB3.SA,1.9900000095367432,1.9900000095367432,1.9800000190734863,1.9900000095367432,18500
2026-03-30 15:55:00+00:00,CVCB3.SA,1.9800000190734863,1.9900000095367432,1.9700000286102295,1.9800000190734863,378600
2026-03-30 16:00:00+00:00,CVCB3.SA,1.9700000286102295,1.9800000190734863,1.9600000381469727,1.9600000381469727,166700
2026-03-30 16:05:00+00:00,CVCB3.SA,1.9600000381469727,1.9700000286102295,1.9600000381469727,1.9700000286102295,37500
2026-03-30 16:10:00+00:00,CVCB3.SA,1.9600000381469727,1.9700000286102295,1.9600000381469727,1.9700000286102295,168200
2026-03-30 16:15:00+00:00,CVCB3.SA,1.9600000381469727,1.9700000286102295,1.9600000381469727,1.9700000286102295,146500
2026-03-30 16:20:00+00:00,CVCB3.SA,1.9700000286102295,1.9700000286102295,1.9600000381469727,1.9700000286102295,24200
2026-03-30 16:25:00+00:00,CVCB3.SA,1.9600000381469727,1.9700000286102295,1.9500000476837158,1.9600000381469727,33500
2026-03-30 16:30:00+00:00,CVCB3.SA,1.9700000286102295,1.9700000286102295,1.9500000476837158,1.9600000381469727,47200
2026-03-30 16:35:00+00:00,CVCB3.SA,1.9500000476837158,1.9700000286102295,1.9500000476837158,1.9600000381469727,146600
2026-03-30 16:40:00+00:00,CVCB3.SA,1.9500000476837158,1.9600000381469727,1.9500000476837158,1.9600000381469727,26300
2026-03-30 16:45:00+00:00,CVCB3.SA,1.9600000381469727,1.9600000381469727,1.9500000476837158,1.9500000476837158,15900
2026-03-30 16:50:00+00:00,CVCB3.SA,1.9600000381469727,1.9600000381469727,1.9500000476837158,1.9600000381469727,26200
2026-03-30 16:55:00+00:00,CVCB3.SA,1.9600000381469727,1.9600000381469727,1.9500000476837158,1.9600000381469727,24100
2026-03-30 17:00:00+00:00,CVCB3.SA,1.9600000381469727,1.9600000381469727,1.9500000476837158,1.9500000476837158,16300
2026-03-30 17:05:00+00:00,CVCB3.SA,1.9600000381469727,1.9700000286102295,1.9500000476837158,1.9700000286102295,33600
2026-03-30 17:10:00+00:00,CVCB3.SA,1.9700000286102295,1.9700000286102295,1.9500000476837158,1.9600000381469727,308900
2026-03-30 17:15:00+00:00,CVCB3.SA,1.9500000476837158,1.9600000381469727,1.9500000476837158,1.9600000381469727,134400
2026-03-30 17:20:00+00:00,CVCB3.SA,1.9600000381469727,1.9600000381469727,1.940000057220459,1.9500000476837158,61900
2026-03-30 17:25:00+00:00,CVCB3.SA,1.9500000476837158,1.9500000476837158,1.940000057220459,1.9500000476837158,153500
2026-03-30 17:30:00+00:00,CVCB3.SA,1.9500000476837158,1.9500000476837158,1.940000057220459,1.9500000476837158,2500
2026-03-30 17:35:00+00:00,CVCB3.SA,1.9500000476837158,1.9500000476837158,1.940000057220459,1.9500000476837158,6100
2026-03-30 17:40:00+00:00,CVCB3.SA,1.9500000476837158,1.9600000381469727,1.940000057220459,1.9600000381469727,57800
2026-03-30 17:45:00+00:00,CVCB3.SA,1.9600000381469727,1.9600000381469727,1.9500000476837158,1.9500000476837158,53100
2026-03-30 17:50:00+00:00,CVCB3.SA,1.9500000476837158,1.9500000476837158,1.940000057220459,1.940000057220459,138100
2026-03-30 17:55:00+00:00,CVCB3.SA,1.940000057220459,1.9500000476837158,1.940000057220459,1.9500000476837158,4000
2026-03-30 18:00:00+00:00,CVCB3.SA,1.9500000476837158,1.9500000476837158,1.940000057220459,1.9500000476837158,600
2026-03-30 18:05:00+00:00,CVCB3.SA,1.9500000476837158,1.9500000476837158,1.940000057220459,1.940000057220459,15200
2026-03-30 18:10:00+00:00,CVCB3.SA,1.9500000476837158,1.9500000476837158,1.9299999475479126,1.9299999475479126,193700
2026-03-30 18:15:00+00:00,CVCB3.SA,1.9299999475479126,1.940000057220459,1.9299999475479126,1.940000057220459,114600
2026-03-30 18:20:00+00:00,CVCB3.SA,1.940000057220459,1.9500000476837158,1.9299999475479126,1.940000057220459,385500
2026-03-30 18:25:00+00:00,CVCB3.SA,1.940000057220459,1.9500000476837158,1.940000057220459,1.940000057220459,0
2026-03-30 18:30:00+00:00,CVCB3.SA,1.940000057220459,1.940000057220459,1.9299999475479126,1.9299999475479126,281500
2026-03-30 18:35:00+00:00,CVCB3.SA,1.9299999475479126,1.940000057220459,1.9299999475479126,1.940000057220459,5500
2026-03-30 18:40:00+00:00,CVCB3.SA,1.940000057220459,1.940000057220459,1.9299999475479126,1.940000057220459,10700
2026-03-30 18:45:00+00:00,CVCB3.SA,1.940000057220459,1.940000057220459,1.9299999475479126,1.9299999475479126,59800
2026-03-30 18:50:00+00:00,CVCB3.SA,1.940000057220459,1.940000057220459,1.9299999475479126,1.9299999475479126,375500
2026-03-30 18:55:00+00:00,CVCB3.SA,1.9299999475479126,1.9299999475479126,1.9199999570846558,1.9299999475479126,675000
2026-03-30 19:00:00+00:00,CVCB3.SA,1.9299999475479126,1.9299999475479126,1.9199999570846558,1.9199999570846558,43100
2026-03-30 19:05:00+00:00,CVCB3.SA,1.9299999475479126,1.9299999475479126,1.9199999570846558,1.9299999475479126,133500
2026-03-30 19:10:00+00:00,CVCB3.SA,1.9299999475479126,1.9299999475479126,1.9199999570846558,1.9199999570846558,69800
2026-03-30 19:15:00+00:00,CVCB3.SA,1.9299999475479126,1.9299999475479126,1.9199999570846558,1.9299999475479126,18400
2026-03-30 19:20:00+00:00,CVCB3.SA,1.9299999475479126,1.9299999475479126,1.9199999570846558,1.9199999570846558,37100
2026-03-30 19:25:00+00:00,CVCB3.SA,1.9299999475479126,1.9299999475479126,1.9199999570846558,1.9299999475479126,25100
2026-03-30 19:30:00+00:00,CVCB3.SA,1.9299999475479126,1.9299999475479126,1.9199999570846558,1.9299999475479126,41400
2026-03-30 19:35:00+00:00,CVCB3.SA,1.9299999475479126,1.940000057220459,1.9199999570846558,1.940000057220459,129300
2026-03-30 19:40:00+00:00,CVCB3.SA,1.9299999475479126,1.940000057220459,1.9199999570846558,1.9299999475479126,192600
2026-03-30 19:45:00+00:00,CVCB3.SA,1.9299999475479126,1.9299999475479126,1.909999966621399,1.9199999570846558,426700
2026-03-30 19:50:00+00:00,CVCB3.SA,1.9199999570846558,1.9299999475479126,1.9199999570846558,1.9299999475479126,224800
2026-03-31 13:05:00+00:00,CVCB3.SA,1.9700000286102295,1.9900000095367432,1.9700000286102295,1.9900000095367432,0
2026-03-31 13:10:00+00:00,CVCB3.SA,1.9900000095367432,2.0199999809265137,1.9900000095367432,2.009999990463257,932500
2026-03-31 13:15:00+00:00,CVCB3.SA,2.009999990463257,2.0199999809265137,2.0,2.0199999809265137,210500
2026-03-31 13:20:00+00:00,CVCB3.SA,2.0199999809265137,2.0199999809265137,1.9900000095367432,2.0,176000
2026-03-31 13:25:00+00:00,CVCB3.SA,2.0,2.0,1.9900000095367432,2.0,27600
2026-03-31 13:30:00+00:00,CVCB3.SA,2.0,2.0,1.9900000095367432,2.0,63800
2026-03-31 13:35:00+00:00,CVCB3.SA,1.9900000095367432,2.009999990463257,1.9900000095367432,2.0,191100
2026-03-31 13:40:00+00:00,CVCB3.SA,2.009999990463257,2.009999990463257,1.9900000095367432,1.9900000095367432,177300
2026-03-31 13:45:00+00:00,CVCB3.SA,1.9900000095367432,2.009999990463257,1.9900000095367432,2.0,112100
2026-03-31 13:50:00+00:00,CVCB3.SA,1.9900000095367432,2.009999990463257,1.9900000095367432,2.0,136200
2026-03-31 13:55:00+00:00,CVCB3.SA,2.0,2.009999990463257,1.9800000190734863,1.9800000190734863,154000
2026-03-31 14:00:00+00:00,CVCB3.SA,1.9800000190734863,1.9900000095367432,1.9800000190734863,1.9900000095367432,111900
2026-03-31 14:05:00+00:00,CVCB3.SA,1.9900000095367432,1.9900000095367432,1.9800000190734863,1.9800000190734863,16600
2026-03-31 14:10:00+00:00,CVCB3.SA,1.9900000095367432,1.9900000095367432,1.9800000190734863,1.9800000190734863,49600
2026-03-31 14:15:00+00:00,CVCB3.SA,1.9900000095367432,1.9900000095367432,1.9700000286102295,1.9700000286102295,266700
2026-03-31 14:20:00+00:00,CVCB3.SA,1.9800000190734863,1.9800000190734863,1.9700000286102295,1.9800000190734863,36900
2026-03-31 14:25:00+00:00,CVCB3.SA,1.9800000190734863,1.9800000190734863,1.9700000286102295,1.9700000286102295,228300
2026-03-31 14:30:00+00:00,CVCB3.SA,1.9800000190734863,1.9900000095367432,1.9800000190734863,1.9800000190734863,138700
2026-03-31 14:35:00+00:00,CVCB3.SA,1.9900000095367432,1.9900000095367432,1.9700000286102295,1.9700000286102295,60700
2026-03-31 14:40:00+00:00,CVCB3.SA,1.9800000190734863,1.9800000190734863,1.9600000381469727,1.9600000381469727,175600
2026-03-31 14:45:00+00:00,CVCB3.SA,1.9600000381469727,1.9800000190734863,1.9600000381469727,1.9700000286102295,104200
2026-03-31 14:50:00+00:00,CVCB3.SA,1.9800000190734863,1.9800000190734863,1.9700000286102295,1.9800000190734863,38000
2026-03-31 14:55:00+00:00,CVCB3.SA,1.9800000190734863,1.9800000190734863,1.9700000286102295,1.9700000286102295,42900
2026-03-31 15:00:00+00:00,CVCB3.SA,1.9700000286102295,1.9800000190734863,1.9600000381469727,1.9800000190734863,209300
2026-03-31 15:05:00+00:00,CVCB3.SA,1.9800000190734863,1.9800000190734863,1.9700000286102295,1.9800000190734863,202600
2026-03-31 15:10:00+00:00,CVCB3.SA,1.9900000095367432,1.9900000095367432,1.9700000286102295,1.9800000190734863,172000
2026-03-31 15:15:00+00:00,CVCB3.SA,1.9800000190734863,1.9800000190734863,1.9700000286102295,1.9700000286102295,51900
2026-03-31 15:20:00+00:00,CVCB3.SA,1.9800000190734863,1.9800000190734863,1.9600000381469727,1.9600000381469727,188300
2026-03-31 15:25:00+00:00,CVCB3.SA,1.9700000286102295,1.9700000286102295,1.9600000381469727,1.9600000381469727,61400
2026-03-31 15:30:00+00:00,CVCB3.SA,1.9700000286102295,1.9700000286102295,1.9600000381469727,1.9600000381469727,301200
2026-03-31 15:35:00+00:00,CVCB3.SA,1.9600000381469727,1.9700000286102295,1.9600000381469727,1.9700000286102295,190200
2026-03-31 15:40:00+00:00,CVCB3.SA,1.9600000381469727,1.9700000286102295,1.9600000381469727,1.9600000381469727,65000
2026-03-31 15:45:00+00:00,CVCB3.SA,1.9600000381469727,1.9800000190734863,1.9600000381469727,1.9800000190734863,146500
2026-03-31 15:50:00+00:00,CVCB3.SA,1.9700000286102295,1.9800000190734863,1.9700000286102295,1.9800000190734863,114600
2026-03-31 15:55:00+00:00,CVCB3.SA,1.9700000286102295,1.9800000190734863,1.9700000286102295,1.9700000286102295,43300
2026-03-31 16:00:00+00:00,CVCB3.SA,1.9700000286102295,1.9700000286102295,1.9600000381469727,1.9700000286102295,106300
2026-03-31 16:05:00+00:00,CVCB3.SA,1.9700000286102295,1.9800000190734863,1.9600000381469727,1.9700000286102295,135800
2026-03-31 16:10:00+00:00,CVCB3.SA,1.9700000286102295,1.9800000190734863,1.9700000286102295,1.9700000286102295,13300
2026-03-31 16:15:00+00:00,CVCB3.SA,1.9800000190734863,1.9800000190734863,1.9700000286102295,1.9700000286102295,44500
2026-03-31 16:20:00+00:00,CVCB3.SA,1.9800000190734863,1.9800000190734863,1.9700000286102295,1.9800000190734863,349100
2026-03-31 16:25:00+00:00,CVCB3.SA,1.9800000190734863,1.9900000095367432,1.9800000190734863,1.9900000095367432,140400
2026-03-31 16:30:00+00:00,CVCB3.SA,1.9900000095367432,1.9900000095367432,1.9800000190734863,1.9900000095367432,38100
2026-03-31 16:35:00+00:00,CVCB3.SA,1.9800000190734863,2.0,1.9800000190734863,2.0,449100
2026-03-31 16:40:00+00:00,CVCB3.SA,1.9900000095367432,2.009999990463257,1.9900000095367432,1.9900000095367432,1391100
2026-03-31 16:45:00+00:00,CVCB3.SA,2.0,2.0,1.9800000190734863,2.0,275700
2026-03-31 16:50:00+00:00,CVCB3.SA,1.9900000095367432,2.009999990463257,1.9900000095367432,2.0,296900
2026-03-31 16:55:00+00:00,CVCB3.SA,1.9900000095367432,2.009999990463257,1.9900000095367432,2.0,352400
2026-03-31 17:00:00+00:00,CVCB3.SA,2.009999990463257,2.009999990463257,2.0,2.0,102000
2026-03-31 17:05:00+00:00,CVCB3.SA,2.009999990463257,2.009999990463257,2.0,2.009999990463257,119200
2026-03-31 17:10:00+00:00,CVCB3.SA,2.0,2.009999990463257,2.0,2.0,471100
2026-03-31 17:15:00+00:00,CVCB3.SA,2.009999990463257,2.009999990463257,2.0,2.0,68600
2026-03-31 17:20:00+00:00,CVCB3.SA,2.009999990463257,2.009999990463257,1.9900000095367432,1.9900000095367432,435100
2026-03-31 17:25:00+00:00,CVCB3.SA,1.9900000095367432,2.0,1.9900000095367432,1.9900000095367432,165100
2026-03-31 17:30:00+00:00,CVCB3.SA,2.0,2.0,1.9800000190734863,1.9800000190734863,156500
2026-03-31 17:35:00+00:00,CVCB3.SA,1.9900000095367432,1.9900000095367432,1.9700000286102295,1.9700000286102295,307300
2026-03-31 17:40:00+00:00,CVCB3.SA,1.9700000286102295,1.9800000190734863,1.9700000286102295,1.9800000190734863,117200
2026-03-31 17:45:00+00:00,CVCB3.SA,1.9800000190734863,1.9800000190734863,1.9600000381469727,1.9600000381469727,189200
2026-03-31 17:50:00+00:00,CVCB3.SA,1.9600000381469727,1.9700000286102295,1.9600000381469727,1.9700000286102295,141800
2026-03-31 17:55:00+00:00,CVCB3.SA,1.9600000381469727,1.9700000286102295,1.9500000476837158,1.9500000476837158,350600
2026-03-31 18:00:00+00:00,CVCB3.SA,1.9600000381469727,1.9600000381469727,1.9500000476837158,1.9500000476837158,114800
2026-03-31 18:05:00+00:00,CVCB3.SA,1.9600000381469727,1.9700000286102295,1.9500000476837158,1.9600000381469727,98300
2026-03-31 18:10:00+00:00,CVCB3.SA,1.9700000286102295,1.9700000286102295,1.9600000381469727,1.9700000286102295,53800
2026-03-31 18:15:00+00:00,CVCB3.SA,1.9700000286102295,1.9700000286102295,1.9600000381469727,1.9600000381469727,33100
2026-03-31 18:20:00+00:00,CVCB3.SA,1.9700000286102295,1.9700000286102295,1.9500000476837158,1.9600000381469727,962500
2026-03-31 18:25:00+00:00,CVCB3.SA,1.9500000476837158,1.9600000381469727,1.9500000476837158,1.9600000381469727,245900
2026-03-31 18:30:00+00:00,CVCB3.SA,1.9500000476837158,1.9600000381469727,1.9500000476837158,1.9500000476837158,73200
2026-03-31 18:35:00+00:00,CVCB3.SA,1.9600000381469727,1.9600000381469727,1.9500000476837158,1.9500000476837158,84300
2026-03-31 18:40:00+00:00,CVCB3.SA,1.9600000381469727,1.9700000286102295,1.9500000476837158,1.9500000476837158,645300
2026-03-31 18:45:00+00:00,CVCB3.SA,1.9600000381469727,1.9700000286102295,1.9500000476837158,1.9600000381469727,2684000
2026-03-31 18:50:00+00:00,CVCB3.SA,1.9500000476837158,1.9600000381469727,1.9500000476837158,1.9600000381469727,122700
2026-03-31 18:55:00+00:00,CVCB3.SA,1.9500000476837158,1.9600000381469727,1.9500000476837158,1.9500000476837158,1076100
2026-03-31 19:00:00+00:00,CVCB3.SA,1.9600000381469727,1.9600000381469727,1.940000057220459,1.9500000476837158,201100
2026-03-31 19:05:00+00:00,CVCB3.SA,1.9500000476837158,1.9500000476837158,1.940000057220459,1.940000057220459,154400
2026-03-31 19:10:00+00:00,CVCB3.SA,1.9500000476837158,1.9600000381469727,1.940000057220459,1.9600000381469727,196900
2026-03-31 19:15:00+00:00,CVCB3.SA,1.9600000381469727,1.9600000381469727,1.9500000476837158,1.9600000381469727,58200
2026-03-31 19:20:00+00:00,CVCB3.SA,1.9600000381469727,1.9600000381469727,1.940000057220459,1.940000057220459,240900
2026-03-31 19:25:00+00:00,CVCB3.SA,1.9500000476837158,1.9500000476837158,1.940000057220459,1.9500000476837158,161100
2026-03-31 19:30:00+00:00,CVCB3.SA,1.9500000476837158,1.9500000476837158,1.940000057220459,1.9500000476837158,102400
2026-03-31 19:35:00+00:00,CVCB3.SA,1.9500000476837158,1.9500000476837158,1.940000057220459,1.9500000476837158,64300
2026-03-31 19:40:00+00:00,CVCB3.SA,1.9500000476837158,1.9500000476837158,1.940000057220459,1.9500000476837158,215900
2026-03-31 19:45:00+00:00,CVCB3.SA,1.9500000476837158,1.9600000381469727,1.940000057220459,1.9600000381469727,200500
2026-03-31 19:50:00+00:00,CVCB3.SA,1.9600000381469727,1.9600000381469727,1.9500000476837158,1.9600000381469727,349900
2026-04-01 13:00:00+00:00,CVCB3.SA,1.9900000095367432,1.9900000095367432,1.9900000095367432,1.9900000095367432,0
2026-04-01 13:05:00+00:00,CVCB3.SA,1.9900000095367432,2.009999990463257,1.9800000190734863,2.0,272900
2026-04-01 13:10:00+00:00,CVCB3.SA,2.0,2.009999990463257,1.9900000095367432,2.0,114700
2026-04-01 13:15:00+00:00,CVCB3.SA,2.0,2.009999990463257,2.0,2.0,274500
2026-04-01 13:20:00+00:00,CVCB3.SA,1.9900000095367432,1.9900000095367432,1.9800000190734863,1.9800000190734863,98900
2026-04-01 13:25:00+00:00,CVCB3.SA,1.9800000190734863,1.9900000095367432,1.9800000190734863,1.9900000095367432,87200
2026-04-01 13:30:00+00:00,CVCB3.SA,1.9900000095367432,1.9900000095367432,1.9800000190734863,1.9800000190734863,62400
2026-04-01 13:35:00+00:00,CVCB3.SA,1.9800000190734863,1.9900000095367432,1.9800000190734863,1.9800000190734863,20800
2026-04-01 13:40:00+00:00,CVCB3.SA,1.9800000190734863,1.9900000095367432,1.9700000286102295,1.9700000286102295,131500
2026-04-01 13:45:00+00:00,CVCB3.SA,1.9800000190734863,1.9800000190734863,1.9700000286102295,1.9700000286102295,42000
2026-04-01 13:50:00+00:00,CVCB3.SA,1.9700000286102295,1.9800000190734863,1.9700000286102295,1.9700000286102295,10400
2026-04-01 13:55:00+00:00,CVCB3.SA,1.9700000286102295,1.9800000190734863,1.9700000286102295,1.9800000190734863,10700
2026-04-01 14:00:00+00:00,CVCB3.SA,1.9800000190734863,1.9800000190734863,1.9700000286102295,1.9800000190734863,13900
2026-04-01 14:05:00+00:00,CVCB3.SA,1.9800000190734863,1.9800000190734863,1.9700000286102295,1.9800000190734863,8300
2026-04-01 14:10:00+00:00,CVCB3.SA,1.9700000286102295,1.9800000190734863,1.9700000286102295,1.9700000286102295,7400
2026-04-01 14:15:00+00:00,CVCB3.SA,1.9700000286102295,1.9900000095367432,1.9700000286102295,1.9800000190734863,136400
2026-04-01 14:20:00+00:00,CVCB3.SA,1.9900000095367432,1.9900000095367432,1.9800000190734863,1.9800000190734863,14500
2026-04-01 14:25:00+00:00,CVCB3.SA,1.9800000190734863,1.9900000095367432,1.9800000190734863,1.9800000190734863,32700
2026-04-01 14:30:00+00:00,CVCB3.SA,1.9900000095367432,1.9900000095367432,1.9800000190734863,1.9900000095367432,17900
2026-04-01 14:35:00+00:00,CVCB3.SA,1.9800000190734863,2.0,1.9800000190734863,1.9800000190734863,214700
2026-04-01 14:40:00+00:00,CVCB3.SA,1.9800000190734863,1.9900000095367432,1.9800000190734863,1.9800000190734863,7900
2026-04-01 14:45:00+00:00,CVCB3.SA,1.9900000095367432,1.9900000095367432,1.9800000190734863,1.9800000190734863,7100
2026-04-01 14:50:00+00:00,CVCB3.SA,1.9800000190734863,1.9900000095367432,1.9800000190734863,1.9900000095367432,31800
2026-04-01 14:55:00+00:00,CVCB3.SA,1.9800000190734863,1.9900000095367432,1.9800000190734863,1.9800000190734863,4800
2026-04-01 15:00:00+00:00,CVCB3.SA,1.9800000190734863,2.0,1.9800000190734863,1.9900000095367432,156000
2026-04-01 15:05:00+00:00,CVCB3.SA,1.9900000095367432,2.0,1.9900000095367432,1.9900000095367432,22100
2026-04-01 15:10:00+00:00,CVCB3.SA,1.9900000095367432,2.0,1.9900000095367432,1.9900000095367432,11500
2026-04-01 15:15:00+00:00,CVCB3.SA,1.9900000095367432,2.009999990463257,1.9900000095367432,2.0,621600
2026-04-01 15:20:00+00:00,CVCB3.SA,2.0,2.009999990463257,2.0,2.009999990463257,59200
2026-04-01 15:25:00+00:00,CVCB3.SA,2.0,2.009999990463257,2.0,2.0,159300
2026-04-01 15:30:00+00:00,CVCB3.SA,2.0,2.009999990463257,2.0,2.0,48100
2026-04-01 15:35:00+00:00,CVCB3.SA,2.009999990463257,2.0199999809265137,2.0,2.009999990463257,839600
2026-04-01 15:40:00+00:00,CVCB3.SA,2.009999990463257,2.0199999809265137,2.0,2.0,271100
2026-04-01 15:45:00+00:00,CVCB3.SA,2.009999990463257,2.009999990463257,2.0,2.0,10300
2026-04-01 15:50:00+00:00,CVCB3.SA,2.0,2.009999990463257,2.0,2.009999990463257,21200
2026-04-01 15:55:00+00:00,CVCB3.SA,2.0,2.009999990463257,2.0,2.0,30300
2026-04-01 16:00:00+00:00,CVCB3.SA,2.0,2.009999990463257,2.0,2.009999990463257,11600
2026-04-01 16:05:00+00:00,CVCB3.SA,2.0,2.009999990463257,2.0,2.009999990463257,48300
2026-04-01 16:10:00+00:00,CVCB3.SA,2.0,2.009999990463257,2.0,2.0,407600
2026-04-01 16:15:00+00:00,CVCB3.SA,2.0,2.009999990463257,2.0,2.009999990463257,9800
2026-04-01 16:20:00+00:00,CVCB3.SA,2.0,2.009999990463257,2.0,2.0,9800
2026-04-01 16:25:00+00:00,CVCB3.SA,2.009999990463257,2.009999990463257,1.9900000095367432,1.9900000095367432,181700
2026-04-01 16:30:00+00:00,CVCB3.SA,1.9900000095367432,2.009999990463257,1.9900000095367432,2.0,248000
2026-04-01 16:35:00+00:00,CVCB3.SA,2.0,2.009999990463257,2.0,2.009999990463257,11800
2026-04-01 16:40:00+00:00,CVCB3.SA,2.0,2.0199999809265137,2.0,2.009999990463257,775800
2026-04-01 16:45:00+00:00,CVCB3.SA,2.009999990463257,2.0199999809265137,2.009999990463257,2.009999990463257,19300
2026-04-01 16:50:00+00:00,CVCB3.SA,2.009999990463257,2.0199999809265137,2.009999990463257,2.0199999809265137,6100
2026-04-01 16:55:00+00:00,CVCB3.SA,2.009999990463257,2.0199999809265137,2.009999990463257,2.009999990463257,25000
2026-04-01 17:00:00+00:00,CVCB3.SA,2.009999990463257,2.0299999713897705,2.009999990463257,2.0299999713897705,530100
2026-04-01 17:05:00+00:00,CVCB3.SA,2.0199999809265137,2.0299999713897705,2.0199999809265137,2.0299999713897705,58900
2026-04-01 17:10:00+00:00,CVCB3.SA,2.0199999809265137,2.0299999713897705,2.0199999809265137,2.0199999809265137,14200
2026-04-01 17:15:00+00:00,CVCB3.SA,2.0199999809265137,2.0299999713897705,2.0199999809265137,2.0199999809265137,55100
2026-04-01 17:20:00+00:00,CVCB3.SA,2.0299999713897705,2.0299999713897705,2.009999990463257,2.0199999809265137,174900
2026-04-01 17:25:00+00:00,CVCB3.SA,2.009999990463257,2.0199999809265137,2.009999990463257,2.009999990463257,9100
2026-04-01 17:30:00+00:00,CVCB3.SA,2.009999990463257,2.0199999809265137,2.009999990463257,2.0199999809265137,15300
2026-04-01 17:35:00+00:00,CVCB3.SA,2.0199999809265137,2.0199999809265137,2.009999990463257,2.0199999809265137,77200
2026-04-01 17:40:00+00:00,CVCB3.SA,2.009999990463257,2.0199999809265137,2.009999990463257,2.0199999809265137,194200
2026-04-01 17:45:00+00:00,CVCB3.SA,2.0199999809265137,2.0199999809265137,2.009999990463257,2.0199999809265137,39200
2026-04-01 17:50:00+00:00,CVCB3.SA,2.0199999809265137,2.0199999809265137,2.009999990463257,2.009999990463257,120600
2026-04-01 17:55:00+00:00,CVCB3.SA,2.0199999809265137,2.0199999809265137,2.0,2.009999990463257,350400
2026-04-01 18:00:00+00:00,CVCB3.SA,2.009999990463257,2.009999990463257,1.9900000095367432,2.0,525900
2026-04-01 18:05:00+00:00,CVCB3.SA,1.9900000095367432,2.0,1.9800000190734863,1.9900000095367432,525200
2026-04-01 18:10:00+00:00,CVCB3.SA,1.9800000190734863,1.9900000095367432,1.9800000190734863,1.9900000095367432,32800
2026-04-01 18:15:00+00:00,CVCB3.SA,1.9800000190734863,1.9900000095367432,1.9800000190734863,1.9900000095367432,20300
2026-04-01 18:20:00+00:00,CVCB3.SA,1.9800000190734863,1.9900000095367432,1.9800000190734863,1.9800000190734863,32700
2026-04-01 18:25:00+00:00,CVCB3.SA,1.9900000095367432,1.9900000095367432,1.9800000190734863,1.9900000095367432,48400
2026-04-01 18:30:00+00:00,CVCB3.SA,1.9800000190734863,1.9900000095367432,1.9800000190734863,1.9900000095367432,9000
2026-04-01 18:35:00+00:00,CVCB3.SA,1.9900000095367432,1.9900000095367432,1.9700000286102295,1.9800000190734863,449400
2026-04-01 18:40:00+00:00,CVCB3.SA,1.9700000286102295,1.9900000095367432,1.9700000286102295,1.9700000286102295,412300
2026-04-01 18:45:00+00:00,CVCB3.SA,1.9800000190734863,1.9800000190734863,1.9700000286102295,1.9700000286102295,126400
2026-04-01 18:50:00+00:00,CVCB3.SA,1.9800000190734863,1.9800000190734863,1.9700000286102295,1.9800000190734863,228300
2026-04-01 18:55:00+00:00,CVCB3.SA,1.9800000190734863,1.9800000190734863,1.9500000476837158,1.9500000476837158,642800
2026-04-01 19:00:00+00:00,CVCB3.SA,1.9500000476837158,1.9600000381469727,1.9500000476837158,1.9600000381469727,78200
2026-04-01 19:05:00+00:00,CVCB3.SA,1.9600000381469727,2.0,1.9500000476837158,1.9900000095367432,1151800
2026-04-01 19:10:00+00:00,CVCB3.SA,2.0,2.009999990463257,1.9900000095367432,2.009999990463257,469100
2026-04-01 19:15:00+00:00,CVCB3.SA,2.0,2.009999990463257,2.0,2.009999990463257,199400
2026-04-01 19:20:00+00:00,CVCB3.SA,2.009999990463257,2.0199999809265137,2.0,2.009999990463257,687400
2026-04-01 19:25:00+00:00,CVCB3.SA,2.0199999809265137,2.0299999713897705,2.009999990463257,2.0299999713897705,1006100
2026-04-01 19:30:00+00:00,CVCB3.SA,2.0199999809265137,2.0299999713897705,2.0199999809265137,2.0199999809265137,167100
2026-04-01 19:35:00+00:00,CVCB3.SA,2.0199999809265137,2.0399999618530273,2.0199999809265137,2.0299999713897705,703000
2026-04-01 19:40:00+00:00,CVCB3.SA,2.0199999809265137,2.0299999713897705,2.0199999809265137,2.0199999809265137,219500
2026-04-01 19:45:00+00:00,CVCB3.SA,2.0199999809265137,2.0299999713897705,2.009999990463257,2.009999990463257,82500
2026-04-01 19:50:00+00:00,CVCB3.SA,2.0199999809265137,2.0299999713897705,2.009999990463257,2.0199999809265137,241300
2026-04-02 13:05:00+00:00,CVCB3.SA,1.9600000381469727,1.9700000286102295,1.940000057220459,1.9700000286102295,0
2026-04-02 13:10:00+00:00,CVCB3.SA,1.9700000286102295,1.9800000190734863,1.9700000286102295,1.9800000190734863,170800
2026-04-02 13:15:00+00:00,CVCB3.SA,1.9800000190734863,1.9900000095367432,1.9700000286102295,1.9900000095367432,454100
2026-04-02 13:20:00+00:00,CVCB3.SA,1.9900000095367432,1.9900000095367432,1.9700000286102295,1.9800000190734863,49600
2026-04-02 13:25:00+00:00,CVCB3.SA,1.9900000095367432,1.9900000095367432,1.9700000286102295,1.9800000190734863,87400
2026-04-02 13:30:00+00:00,CVCB3.SA,1.9800000190734863,1.9800000190734863,1.9800000190734863,1.9800000190734863,28200
2026-04-02 13:35:00+00:00,CVCB3.SA,1.9800000190734863,1.9800000190734863,1.9600000381469727,1.9700000286102295,222500
2026-04-02 13:40:00+00:00,CVCB3.SA,1.9700000286102295,1.9900000095367432,1.9600000381469727,1.9800000190734863,426300
2026-04-02 13:45:00+00:00,CVCB3.SA,1.9800000190734863,1.9900000095367432,1.9700000286102295,1.9900000095367432,52100
2026-04-02 13:50:00+00:00,CVCB3.SA,1.9900000095367432,2.0,1.9900000095367432,2.0,309900
2026-04-02 13:55:00+00:00,CVCB3.SA,2.0,2.0,1.9900000095367432,2.0,17000
2026-04-02 14:00:00+00:00,CVCB3.SA,2.0,2.0,1.9900000095367432,2.0,17400
2026-04-02 14:05:00+00:00,CVCB3.SA,2.0,2.0199999809265137,2.0,2.0199999809265137,405600
2026-04-02 14:10:00+00:00,CVCB3.SA,2.0199999809265137,2.0199999809265137,2.009999990463257,2.0199999809265137,139000
2026-04-02 14:15:00+00:00,CVCB3.SA,2.009999990463257,2.0299999713897705,2.009999990463257,2.0299999713897705,533100
2026-04-02 14:20:00+00:00,CVCB3.SA,2.0299999713897705,2.0299999713897705,2.0199999809265137,2.0199999809265137,39500
2026-04-02 14:25:00+00:00,CVCB3.SA,2.0299999713897705,2.0299999713897705,2.0199999809265137,2.0299999713897705,92400
2026-04-02 14:30:00+00:00,CVCB3.SA,2.0199999809265137,2.0299999713897705,2.0199999809265137,2.0199999809265137,66700
2026-04-02 14:35:00+00:00,CVCB3.SA,2.0299999713897705,2.0399999618530273,2.0199999809265137,2.0299999713897705,637100
2026-04-02 14:40:00+00:00,CVCB3.SA,2.0399999618530273,2.0399999618530273,2.0299999713897705,2.0399999618530273,1400
2026-04-02 14:45:00+00:00,CVCB3.SA,2.0399999618530273,2.0399999618530273,2.0199999809265137,2.0199999809265137,217400
2026-04-02 14:50:00+00:00,CVCB3.SA,2.0299999713897705,2.0299999713897705,2.009999990463257,2.0299999713897705,57900
2026-04-02 14:55:00+00:00,CVCB3.SA,2.0299999713897705,2.0299999713897705,2.0199999809265137,2.0299999713897705,2200
2026-04-02 15:00:00+00:00,CVCB3.SA,2.0299999713897705,2.0299999713897705,2.0199999809265137,2.0199999809265137,25100
2026-04-02 15:05:00+00:00,CVCB3.SA,2.0299999713897705,2.0299999713897705,2.0299999713897705,2.0299999713897705,1900
2026-04-02 15:10:00+00:00,CVCB3.SA,2.0299999713897705,2.0299999713897705,2.0299999713897705,2.0299999713897705,5200
2026-04-02 15:15:00+00:00,CVCB3.SA,2.0299999713897705,2.0399999618530273,2.0299999713897705,2.0399999618530273,115800
2026-04-02 15:20:00+00:00,CVCB3.SA,2.0399999618530273,2.0399999618530273,2.0299999713897705,2.0399999618530273,48100
2026-04-02 15:25:00+00:00,CVCB3.SA,2.0399999618530273,2.0399999618530273,2.0199999809265137,2.0399999618530273,102800
2026-04-02 15:30:00+00:00,CVCB3.SA,2.0399999618530273,2.0399999618530273,2.0299999713897705,2.0399999618530273,14500
2026-04-02 15:35:00+00:00,CVCB3.SA,2.0399999618530273,2.0399999618530273,2.0299999713897705,2.0399999618530273,3300
2026-04-02 15:40:00+00:00,CVCB3.SA,2.0299999713897705,2.0299999713897705,2.0299999713897705,2.0299999713897705,70500
2026-04-02 15:45:00+00:00,CVCB3.SA,2.0199999809265137,2.0299999713897705,2.0199999809265137,2.0299999713897705,15900
2026-04-02 15:50:00+00:00,CVCB3.SA,2.0299999713897705,2.0299999713897705,2.0199999809265137,2.0299999713897705,3800
2026-04-02 15:55:00+00:00,CVCB3.SA,2.0299999713897705,2.0299999713897705,2.0199999809265137,2.0299999713897705,12400
2026-04-02 16:00:00+00:00,CVCB3.SA,2.0299999713897705,2.0299999713897705,2.0199999809265137,2.0299999713897705,2900
2026-04-02 16:05:00+00:00,CVCB3.SA,2.0299999713897705,2.0299999713897705,2.0199999809265137,2.0299999713897705,64000
2026-04-02 16:10:00+00:00,CVCB3.SA,2.0299999713897705,2.0299999713897705,2.0199999809265137,2.0299999713897705,54400
2026-04-02 16:15:00+00:00,CVCB3.SA,2.0299999713897705,2.0299999713897705,2.0199999809265137,2.0199999809265137,100200
2026-04-02 16:20:00+00:00,CVCB3.SA,2.009999990463257,2.0199999809265137,2.009999990463257,2.0199999809265137,4500
2026-04-02 16:25:00+00:00,CVCB3.SA,2.009999990463257,2.0199999809265137,2.009999990463257,2.0199999809265137,3100
2026-04-02 16:30:00+00:00,CVCB3.SA,2.009999990463257,2.0299999713897705,2.009999990463257,2.0299999713897705,41000
2026-04-02 16:35:00+00:00,CVCB3.SA,2.0199999809265137,2.0199999809265137,2.009999990463257,2.0199999809265137,44900
2026-04-02 16:40:00+00:00,CVCB3.SA,2.0199999809265137,2.0199999809265137,2.009999990463257,2.0199999809265137,23600
2026-04-02 16:45:00+00:00,CVCB3.SA,2.0199999809265137,2.0299999713897705,2.0199999809265137,2.0299999713897705,81800
2026-04-02 16:50:00+00:00,CVCB3.SA,2.0299999713897705,2.0299999713897705,2.0199999809265137,2.0199999809265137,18800
2026-04-02 16:55:00+00:00,CVCB3.SA,2.0299999713897705,2.0299999713897705,2.0199999809265137,2.0299999713897705,0
2026-04-02 17:00:00+00:00,CVCB3.SA,2.0299999713897705,2.0299999713897705,2.0199999809265137,2.0199999809265137,117800
2026-04-02 17:05:00+00:00,CVCB3.SA,2.0199999809265137,2.0199999809265137,2.009999990463257,2.0199999809265137,3500
2026-04-02 17:10:00+00:00,CVCB3.SA,2.0199999809265137,2.0299999713897705,2.009999990463257,2.0299999713897705,46400
2026-04-02 17:15:00+00:00,CVCB3.SA,2.0299999713897705,2.0299999713897705,2.0199999809265137,2.0299999713897705,6300
2026-04-02 17:20:00+00:00,CVCB3.SA,2.0299999713897705,2.0299999713897705,2.0199999809265137,2.0299999713897705,115300
2026-04-02 17:25:00+00:00,CVCB3.SA,2.0199999809265137,2.0299999713897705,2.0199999809265137,2.0199999809265137,231300
2026-04-02 17:30:00+00:00,CVCB3.SA,2.0199999809265137,2.0199999809265137,2.009999990463257,2.0199999809265137,0
2026-04-02 17:35:00+00:00,CVCB3.SA,2.0199999809265137,2.0199999809265137,2.009999990463257,2.0199999809265137,9900
2026-04-02 17:40:00+00:00,CVCB3.SA,2.009999990463257,2.0199999809265137,2.009999990463257,2.0199999809265137,4600
2026-04-02 17:45:00+00:00,CVCB3.SA,2.0199999809265137,2.0199999809265137,2.009999990463257,2.009999990463257,311400
2026-04-02 17:50:00+00:00,CVCB3.SA,2.009999990463257,2.009999990463257,2.0,2.009999990463257,4000
2026-04-02 17:55:00+00:00,CVCB3.SA,2.009999990463257,2.009999990463257,2.0,2.009999990463257,2500
2026-04-02 18:00:00+00:00,CVCB3.SA,2.009999990463257,2.0199999809265137,2.009999990463257,2.0199999809265137,71200
2026-04-02 18:05:00+00:00,CVCB3.SA,2.0199999809265137,2.0199999809265137,2.009999990463257,2.0199999809265137,16500
2026-04-02 18:10:00+00:00,CVCB3.SA,2.0199999809265137,2.0199999809265137,2.009999990463257,2.009999990463257,6800
2026-04-02 18:15:00+00:00,CVCB3.SA,2.0199999809265137,2.0199999809265137,2.009999990463257,2.0199999809265137,5100
2026-04-02 18:20:00+00:00,CVCB3.SA,2.0199999809265137,2.0199999809265137,2.009999990463257,2.0199999809265137,11700
2026-04-02 18:25:00+00:00,CVCB3.SA,2.0199999809265137,2.0199999809265137,2.009999990463257,2.009999990463257,15600
2026-04-02 18:30:00+00:00,CVCB3.SA,2.0199999809265137,2.0199999809265137,2.0,2.0,84800
2026-04-02 18:35:00+00:00,CVCB3.SA,2.0,2.009999990463257,2.0,2.009999990463257,7300
2026-04-02 18:40:00+00:00,CVCB3.SA,2.009999990463257,2.009999990463257,2.0,2.009999990463257,15500
2026-04-02 18:45:00+00:00,CVCB3.SA,2.009999990463257,2.009999990463257,2.0,2.009999990463257,35900
2026-04-02 18:50:00+00:00,CVCB3.SA,2.009999990463257,2.0199999809265137,2.009999990463257,2.0199999809265137,47100
2026-04-02 18:55:00+00:00,CVCB3.SA,2.0199999809265137,2.0199999809265137,2.009999990463257,2.009999990463257,7600
2026-04-02 19:00:00+00:00,CVCB3.SA,2.009999990463257,2.0199999809265137,2.009999990463257,2.0199999809265137,7100
2026-04-02 19:05:00+00:00,CVCB3.SA,2.009999990463257,2.0199999809265137,2.009999990463257,2.0199999809265137,9900
2026-04-02 19:10:00+00:00,CVCB3.SA,2.0199999809265137,2.0199999809265137,2.009999990463257,2.0199999809265137,15200
2026-04-02 19:15:00+00:00,CVCB3.SA,2.0199999809265137,2.0199999809265137,2.009999990463257,2.0199999809265137,19400
2026-04-02 19:20:00+00:00,CVCB3.SA,2.0199999809265137,2.0199999809265137,2.0,2.0,199600
2026-04-02 19:25:00+00:00,CVCB3.SA,2.0,2.009999990463257,1.9900000095367432,2.0,356400
2026-04-02 19:30:00+00:00,CVCB3.SA,2.0,2.009999990463257,2.0,2.009999990463257,6000
2026-04-02 19:35:00+00:00,CVCB3.SA,2.0,2.009999990463257,2.0,2.0,62700
2026-04-02 19:40:00+00:00,CVCB3.SA,2.0,2.009999990463257,2.0,2.0,24900
2026-04-02 19:45:00+00:00,CVCB3.SA,2.009999990463257,2.009999990463257,2.0,2.009999990463257,39200
2026-04-02 19:50:00+00:00,CVCB3.SA,2.0,2.009999990463257,2.0,2.0,125100
2026-04-06 13:00:00+00:00,CVCB3.SA,2.0199999809265137,2.0299999713897705,2.0199999809265137,2.0299999713897705,0
2026-04-06 13:05:00+00:00,CVCB3.SA,2.0299999713897705,2.0299999713897705,2.0299999713897705,2.0299999713897705,8700
2026-04-06 13:10:00+00:00,CVCB3.SA,2.0299999713897705,2.0299999713897705,2.0199999809265137,2.0299999713897705,21700
2026-04-06 13:15:00+00:00,CVCB3.SA,2.0199999809265137,2.0199999809265137,2.009999990463257,2.009999990463257,74600
2026-04-06 13:20:00+00:00,CVCB3.SA,2.009999990463257,2.009999990463257,2.0,2.009999990463257,163800
2026-04-06 13:25:00+00:00,CVCB3.SA,2.009999990463257,2.0199999809265137,2.009999990463257,2.0199999809265137,50500
2026-04-06 13:30:00+00:00,CVCB3.SA,2.009999990463257,2.0199999809265137,2.009999990463257,2.0199999809265137,130400
2026-04-06 13:35:00+00:00,CVCB3.SA,2.0299999713897705,2.0299999713897705,2.0199999809265137,2.0199999809265137,9200
2026-04-06 13:40:00+00:00,CVCB3.SA,2.0199999809265137,2.0299999713897705,2.0199999809265137,2.0299999713897705,188600
2026-04-06 13:45:00+00:00,CVCB3.SA,2.0199999809265137,2.0299999713897705,2.0199999809265137,2.0299999713897705,253600
2026-04-06 13:50:00+00:00,CVCB3.SA,2.0299999713897705,2.0299999713897705,2.0299999713897705,2.0299999713897705,600
2026-04-06 13:55:00+00:00,CVCB3.SA,2.0299999713897705,2.0299999713897705,2.0199999809265137,2.0299999713897705,15700
2026-04-06 14:00:00+00:00,CVCB3.SA,2.0299999713897705,2.0399999618530273,2.0299999713897705,2.0299999713897705,150700
2026-04-06 14:05:00+00:00,CVCB3.SA,2.0299999713897705,2.0299999713897705,2.0199999809265137,2.0299999713897705,38000
2026-04-06 14:10:00+00:00,CVCB3.SA,2.0299999713897705,2.0299999713897705,2.0,2.0,446900
2026-04-06 14:15:00+00:00,CVCB3.SA,2.0,2.009999990463257,1.9900000095367432,2.0,235300
2026-04-06 14:20:00+00:00,CVCB3.SA,1.9900000095367432,2.0,1.9900000095367432,1.9900000095367432,15300
2026-04-06 14:25:00+00:00,CVCB3.SA,1.9900000095367432,2.0,1.9800000190734863,1.9900000095367432,313900
2026-04-06 14:30:00+00:00,CVCB3.SA,2.0,2.0,1.9900000095367432,1.9900000095367432,4600
2026-04-06 14:35:00+00:00,CVCB3.SA,1.9900000095367432,1.9900000095367432,1.9800000190734863,1.9900000095367432,187500
2026-04-06 14:40:00+00:00,CVCB3.SA,1.9900000095367432,1.9900000095367432,1.9700000286102295,1.9700000286102295,359600
2026-04-06 14:45:00+00:00,CVCB3.SA,1.9700000286102295,1.9800000190734863,1.9700000286102295,1.9700000286102295,157300
2026-04-06 14:50:00+00:00,CVCB3.SA,1.9700000286102295,1.9800000190734863,1.9600000381469727,1.9600000381469727,824100
2026-04-06 14:55:00+00:00,CVCB3.SA,1.9700000286102295,1.9700000286102295,1.9500000476837158,1.9500000476837158,738600
2026-04-06 15:00:00+00:00,CVCB3.SA,1.9500000476837158,1.9600000381469727,1.940000057220459,1.9500000476837158,767900
2026-04-06 15:05:00+00:00,CVCB3.SA,1.9600000381469727,1.9700000286102295,1.9500000476837158,1.9700000286102295,56000
2026-04-06 15:10:00+00:00,CVCB3.SA,1.9700000286102295,1.9700000286102295,1.9600000381469727,1.9700000286102295,49200
2026-04-06 15:15:00+00:00,CVCB3.SA,1.9600000381469727,1.9700000286102295,1.9600000381469727,1.9700000286102295,19500
2026-04-06 15:20:00+00:00,CVCB3.SA,1.9600000381469727,1.9800000190734863,1.9600000381469727,1.9700000286102295,136000
2026-04-06 15:25:00+00:00,CVCB3.SA,1.9800000190734863,1.9800000190734863,1.9700000286102295,1.9800000190734863,23000
2026-04-06 15:30:00+00:00,CVCB3.SA,1.9700000286102295,1.9800000190734863,1.9700000286102295,1.9700000286102295,27600
2026-04-06 15:35:00+00:00,CVCB3.SA,1.9800000190734863,1.9800000190734863,1.9700000286102295,1.9800000190734863,10700
2026-04-06 15:40:00+00:00,CVCB3.SA,1.9700000286102295,1.9800000190734863,1.9700000286102295,1.9700000286102295,12700
2026-04-06 15:45:00+00:00,CVCB3.SA,1.9700000286102295,1.9800000190734863,1.9600000381469727,1.9600000381469727,271400
2026-04-06 15:50:00+00:00,CVCB3.SA,1.9700000286102295,1.9700000286102295,1.9600000381469727,1.9600000381469727,20400
2026-04-06 15:55:00+00:00,CVCB3.SA,1.9600000381469727,1.9700000286102295,1.9600000381469727,1.9600000381469727,25100
2026-04-06 16:00:00+00:00,CVCB3.SA,1.9600000381469727,1.9700000286102295,1.9600000381469727,1.9700000286102295,43100
2026-04-06 16:05:00+00:00,CVCB3.SA,1.9600000381469727,1.9700000286102295,1.9600000381469727,1.9600000381469727,15200
2026-04-06 16:10:00+00:00,CVCB3.SA,1.9600000381469727,1.9700000286102295,1.9600000381469727,1.9600000381469727,14600
2026-04-06 16:15:00+00:00,CVCB3.SA,1.9600000381469727,1.9700000286102295,1.9600000381469727,1.9700000286102295,80200
2026-04-06 16:20:00+00:00,CVCB3.SA,1.9600000381469727,1.9700000286102295,1.9500000476837158,1.9500000476837158,491300
2026-04-06 16:25:00+00:00,CVCB3.SA,1.9500000476837158,1.9600000381469727,1.9500000476837158,1.9600000381469727,33900
2026-04-06 16:30:00+00:00,CVCB3.SA,1.9500000476837158,1.9600000381469727,1.9500000476837158,1.9600000381469727,15300
2026-04-06 16:35:00+00:00,CVCB3.SA,1.9500000476837158,1.9700000286102295,1.9500000476837158,1.9600000381469727,172700
2026-04-06 16:40:00+00:00,CVCB3.SA,1.9600000381469727,1.9700000286102295,1.9600000381469727,1.9600000381469727,105500
2026-04-06 16:45:00+00:00,CVCB3.SA,1.9600000381469727,1.9700000286102295,1.9600000381469727,1.9600000381469727,13000
2026-04-06 16:50:00+00:00,CVCB3.SA,1.9600000381469727,1.9700000286102295,1.9600000381469727,1.9600000381469727,9100
2026-04-06 16:55:00+00:00,CVCB3.SA,1.9600000381469727,1.9700000286102295,1.9600000381469727,1.9600000381469727,13500
2026-04-06 17:00:00+00:00,CVCB3.SA,1.9600000381469727,1.9700000286102295,1.9500000476837158,1.9500000476837158,207000
2026-04-06 17:05:00+00:00,CVCB3.SA,1.9600000381469727,1.9600000381469727,1.9500000476837158,1.9500000476837158,19100
2026-04-06 17:10:00+00:00,CVCB3.SA,1.9600000381469727,1.9600000381469727,1.9500000476837158,1.9500000476837158,102400
2026-04-06 17:15:00+00:00,CVCB3.SA,1.9500000476837158,1.9600000381469727,1.9500000476837158,1.9500000476837158,18700
2026-04-06 17:20:00+00:00,CVCB3.SA,1.9500000476837158,1.9600000381469727,1.9500000476837158,1.9600000381469727,16400
2026-04-06 17:25:00+00:00,CVCB3.SA,1.9600000381469727,1.9700000286102295,1.9500000476837158,1.9700000286102295,223700
2026-04-06 17:30:00+00:00,CVCB3.SA,1.9600000381469727,1.9700000286102295,1.9600000381469727,1.9600000381469727,15500
2026-04-06 17:35:00+00:00,CVCB3.SA,1.9700000286102295,1.9700000286102295,1.9600000381469727,1.9600000381469727,15700
2026-04-06 17:40:00+00:00,CVCB3.SA,1.9700000286102295,1.9700000286102295,1.9600000381469727,1.9600000381469727,131500
2026-04-06 17:45:00+00:00,CVCB3.SA,1.9700000286102295,1.9700000286102295,1.9600000381469727,1.9700000286102295,32200
2026-04-06 17:50:00+00:00,CVCB3.SA,1.9700000286102295,1.9700000286102295,1.9500000476837158,1.9500000476837158,59500
2026-04-06 17:55:00+00:00,CVCB3.SA,1.9500000476837158,1.9600000381469727,1.9500000476837158,1.9500000476837158,146200
2026-04-06 18:00:00+00:00,CVCB3.SA,1.9500000476837158,1.9600000381469727,1.9500000476837158,1.9500000476837158,13300
2026-04-06 18:05:00+00:00,CVCB3.SA,1.9500000476837158,1.9600000381469727,1.9500000476837158,1.9500000476837158,79100
2026-04-06 18:10:00+00:00,CVCB3.SA,1.9600000381469727,1.9600000381469727,1.9500000476837158,1.9600000381469727,353300
2026-04-06 18:15:00+00:00,CVCB3.SA,1.9500000476837158,1.9600000381469727,1.9500000476837158,1.9500000476837158,53100
2026-04-06 18:20:00+00:00,CVCB3.SA,1.9600000381469727,1.9600000381469727,1.9500000476837158,1.9500000476837158,69700
2026-04-06 18:25:00+00:00,CVCB3.SA,1.9600000381469727,1.9600000381469727,1.9500000476837158,1.9600000381469727,215900
2026-04-06 18:30:00+00:00,CVCB3.SA,1.9700000286102295,1.9700000286102295,1.9600000381469727,1.9700000286102295,44000
2026-04-06 18:35:00+00:00,CVCB3.SA,1.9600000381469727,1.9700000286102295,1.9600000381469727,1.9600000381469727,20500
2026-04-06 18:40:00+00:00,CVCB3.SA,1.9600000381469727,1.9700000286102295,1.9600000381469727,1.9600000381469727,103800
2026-04-06 18:45:00+00:00,CVCB3.SA,1.9600000381469727,1.9700000286102295,1.9500000476837158,1.9500000476837158,161100
2026-04-06 18:50:00+00:00,CVCB3.SA,1.9600000381469727,1.9600000381469727,1.9500000476837158,1.9600000381469727,30200
2026-04-06 18:55:00+00:00,CVCB3.SA,1.9600000381469727,1.9600000381469727,1.9500000476837158,1.9500000476837158,40100
2026-04-06 19:00:00+00:00,CVCB3.SA,1.9600000381469727,1.9700000286102295,1.9600000381469727,1.9600000381469727,98500
2026-04-06 19:05:00+00:00,CVCB3.SA,1.9700000286102295,1.9700000286102295,1.9500000476837158,1.9500000476837158,220100
2026-04-06 19:10:00+00:00,CVCB3.SA,1.9600000381469727,1.9600000381469727,1.9500000476837158,1.9500000476837158,18700
2026-04-06 19:15:00+00:00,CVCB3.SA,1.9600000381469727,1.9600000381469727,1.9500000476837158,1.9600000381469727,42100
2026-04-06 19:20:00+00:00,CVCB3.SA,1.9500000476837158,1.9600000381469727,1.9500000476837158,1.9500000476837158,39900
2026-04-06 19:25:00+00:00,CVCB3.SA,1.9600000381469727,1.9600000381469727,1.9500000476837158,1.9600000381469727,25000
2026-04-06 19:30:00+00:00,CVCB3.SA,1.9500000476837158,1.9600000381469727,1.9500000476837158,1.9500000476837158,29300
2026-04-06 19:35:00+00:00,CVCB3.SA,1.9500000476837158,1.9600000381469727,1.9500000476837158,1.9500000476837158,43100
2026-04-06 19:40:00+00:00,CVCB3.SA,1.9600000381469727,1.9700000286102295,1.9500000476837158,1.9700000286102295,614900
2026-04-06 19:45:00+00:00,CVCB3.SA,1.9600000381469727,1.9700000286102295,1.9600000381469727,1.9600000381469727,77500
2026-04-06 19:50:00+00:00,CVCB3.SA,1.9600000381469727,1.9700000286102295,1.9600000381469727,1.9700000286102295,256700
2026-04-07 13:00:00+00:00,CVCB3.SA,1.9600000381469727,1.9600000381469727,1.940000057220459,1.940000057220459,0
2026-04-07 13:05:00+00:00,CVCB3.SA,1.9500000476837158,1.9600000381469727,1.940000057220459,1.9500000476837158,185200
2026-04-07 13:10:00+00:00,CVCB3.SA,1.9500000476837158,1.9500000476837158,1.940000057220459,1.9500000476837158,53300
2026-04-07 13:15:00+00:00,CVCB3.SA,1.9500000476837158,1.9500000476837158,1.9500000476837158,1.9500000476837158,46900
2026-04-07 13:20:00+00:00,CVCB3.SA,1.9500000476837158,1.9500000476837158,1.940000057220459,1.9500000476837158,682000
2026-04-07 13:25:00+00:00,CVCB3.SA,1.9500000476837158,1.9500000476837158,1.940000057220459,1.9500000476837158,18700
2026-04-07 13:30:00+00:00,CVCB3.SA,1.9500000476837158,1.9500000476837158,1.940000057220459,1.9500000476837158,241900
2026-04-07 13:35:00+00:00,CVCB3.SA,1.9500000476837158,1.9500000476837158,1.940000057220459,1.940000057220459,150800
2026-04-07 13:40:00+00:00,CVCB3.SA,1.940000057220459,1.9500000476837158,1.9299999475479126,1.9299999475479126,164600
2026-04-07 13:45:00+00:00,CVCB3.SA,1.9299999475479126,1.940000057220459,1.909999966621399,1.9199999570846558,510200
2026-04-07 13:50:00+00:00,CVCB3.SA,1.9199999570846558,1.9299999475479126,1.909999966621399,1.9299999475479126,174000
2026-04-07 13:55:00+00:00,CVCB3.SA,1.9299999475479126,1.9299999475479126,1.9199999570846558,1.9299999475479126,47900
2026-04-07 14:00:00+00:00,CVCB3.SA,1.9299999475479126,1.9299999475479126,1.9199999570846558,1.9299999475479126,3100
2026-04-07 14:05:00+00:00,CVCB3.SA,1.9199999570846558,1.9299999475479126,1.9199999570846558,1.9199999570846558,126700
2026-04-07 14:10:00+00:00,CVCB3.SA,1.9199999570846558,1.9299999475479126,1.9199999570846558,1.9299999475479126,14400
2026-04-07 14:15:00+00:00,CVCB3.SA,1.9199999570846558,1.9299999475479126,1.9199999570846558,1.9199999570846558,6600
2026-04-07 14:20:00+00:00,CVCB3.SA,1.9199999570846558,1.9299999475479126,1.9199999570846558,1.9199999570846558,43900
2026-04-07 14:25:00+00:00,CVCB3.SA,1.9199999570846558,1.940000057220459,1.9199999570846558,1.9199999570846558,205800
2026-04-07 14:30:00+00:00,CVCB3.SA,1.9299999475479126,1.940000057220459,1.9299999475479126,1.940000057220459,91400
2026-04-07 14:35:00+00:00,CVCB3.SA,1.9299999475479126,1.9500000476837158,1.9299999475479126,1.940000057220459,155400
2026-04-07 14:40:00+00:00,CVCB3.SA,1.9299999475479126,1.9500000476837158,1.9299999475479126,1.9500000476837158,37100
2026-04-07 14:45:00+00:00,CVCB3.SA,1.940000057220459,1.940000057220459,1.9299999475479126,1.940000057220459,166700
2026-04-07 14:50:00+00:00,CVCB3.SA,1.940000057220459,1.940000057220459,1.9299999475479126,1.940000057220459,19500
2026-04-07 14:55:00+00:00,CVCB3.SA,1.940000057220459,1.940000057220459,1.9299999475479126,1.9299999475479126,11800
2026-04-07 15:00:00+00:00,CVCB3.SA,1.9299999475479126,1.940000057220459,1.9299999475479126,1.9299999475479126,187400
2026-04-07 15:05:00+00:00,CVCB3.SA,1.9299999475479126,1.940000057220459,1.9199999570846558,1.9199999570846558,67100
2026-04-07 15:10:00+00:00,CVCB3.SA,1.9199999570846558,1.9299999475479126,1.9199999570846558,1.9299999475479126,13900
2026-04-07 15:15:00+00:00,CVCB3.SA,1.9299999475479126,1.940000057220459,1.9199999570846558,1.9299999475479126,75700
2026-04-07 15:20:00+00:00,CVCB3.SA,1.940000057220459,1.940000057220459,1.9299999475479126,1.9299999475479126,6900
2026-04-07 15:25:00+00:00,CVCB3.SA,1.940000057220459,1.940000057220459,1.9299999475479126,1.940000057220459,6100
2026-04-07 15:30:00+00:00,CVCB3.SA,1.9299999475479126,1.940000057220459,1.9299999475479126,1.9299999475479126,20700
2026-04-07 15:35:00+00:00,CVCB3.SA,1.940000057220459,1.940000057220459,1.9299999475479126,1.9299999475479126,6600
2026-04-07 15:40:00+00:00,CVCB3.SA,1.9299999475479126,1.940000057220459,1.9299999475479126,1.9299999475479126,25200
2026-04-07 15:45:00+00:00,CVCB3.SA,1.940000057220459,1.940000057220459,1.9299999475479126,1.940000057220459,19400
2026-04-07 15:50:00+00:00,CVCB3.SA,1.9299999475479126,1.940000057220459,1.9299999475479126,1.9299999475479126,4200
2026-04-07 15:55:00+00:00,CVCB3.SA,1.9299999475479126,1.940000057220459,1.9299999475479126,1.940000057220459,4200
2026-04-07 16:00:00+00:00,CVCB3.SA,1.9299999475479126,1.940000057220459,1.9299999475479126,1.940000057220459,363300
2026-04-07 16:05:00+00:00,CVCB3.SA,1.9500000476837158,1.9500000476837158,1.9299999475479126,1.940000057220459,22200
2026-04-07 16:10:00+00:00,CVCB3.SA,1.940000057220459,1.9500000476837158,1.9299999475479126,1.9500000476837158,51400
2026-04-07 16:15:00+00:00,CVCB3.SA,1.9500000476837158,1.9500000476837158,1.940000057220459,1.9500000476837158,31400
2026-04-07 16:20:00+00:00,CVCB3.SA,1.9500000476837158,1.9500000476837158,1.940000057220459,1.9500000476837158,8800
2026-04-07 16:25:00+00:00,CVCB3.SA,1.940000057220459,1.9500000476837158,1.9299999475479126,1.940000057220459,124500
2026-04-07 16:30:00+00:00,CVCB3.SA,1.940000057220459,1.940000057220459,1.9299999475479126,1.940000057220459,12400
2026-04-07 16:35:00+00:00,CVCB3.SA,1.940000057220459,1.940000057220459,1.9299999475479126,1.9299999475479126,9400
2026-04-07 16:40:00+00:00,CVCB3.SA,1.940000057220459,1.940000057220459,1.9299999475479126,1.9299999475479126,8700
2026-04-07 16:45:00+00:00,CVCB3.SA,1.940000057220459,1.940000057220459,1.9299999475479126,1.940000057220459,34600
2026-04-07 16:50:00+00:00,CVCB3.SA,1.940000057220459,1.940000057220459,1.9299999475479126,1.940000057220459,9400
2026-04-07 16:55:00+00:00,CVCB3.SA,1.940000057220459,1.940000057220459,1.9299999475479126,1.940000057220459,8500
2026-04-07 17:00:00+00:00,CVCB3.SA,1.940000057220459,1.940000057220459,1.9299999475479126,1.940000057220459,39300
2026-04-07 17:05:00+00:00,CVCB3.SA,1.9299999475479126,1.940000057220459,1.9299999475479126,1.9299999475479126,7800
2026-04-07 17:10:00+00:00,CVCB3.SA,1.9299999475479126,1.940000057220459,1.9299999475479126,1.9299999475479126,10500
2026-04-07 17:15:00+00:00,CVCB3.SA,1.9299999475479126,1.940000057220459,1.9299999475479126,1.9299999475479126,40200
2026-04-07 17:20:00+00:00,CVCB3.SA,1.9299999475479126,1.940000057220459,1.9299999475479126,1.9299999475479126,19000
2026-04-07 17:25:00+00:00,CVCB3.SA,1.9299999475479126,1.940000057220459,1.9299999475479126,1.9299999475479126,19100
2026-04-07 17:30:00+00:00,CVCB3.SA,1.9299999475479126,1.940000057220459,1.9299999475479126,1.9299999475479126,18000
2026-04-07 17:35:00+00:00,CVCB3.SA,1.9299999475479126,1.9500000476837158,1.9299999475479126,1.9299999475479126,315800
2026-04-07 17:40:00+00:00,CVCB3.SA,1.940000057220459,1.940000057220459,1.9199999570846558,1.940000057220459,385000
2026-04-07 17:45:00+00:00,CVCB3.SA,1.940000057220459,1.940000057220459,1.9199999570846558,1.9299999475479126,95400
2026-04-07 17:50:00+00:00,CVCB3.SA,1.940000057220459,1.940000057220459,1.9299999475479126,1.9299999475479126,3300
2026-04-07 17:55:00+00:00,CVCB3.SA,1.940000057220459,1.940000057220459,1.9299999475479126,1.940000057220459,41900
2026-04-07 18:00:00+00:00,CVCB3.SA,1.940000057220459,1.940000057220459,1.9299999475479126,1.9299999475479126,28300
2026-04-07 18:05:00+00:00,CVCB3.SA,1.940000057220459,1.940000057220459,1.9299999475479126,1.9299999475479126,7700
2026-04-07 18:10:00+00:00,CVCB3.SA,1.9299999475479126,1.940000057220459,1.9199999570846558,1.9199999570846558,81500
2026-04-07 18:15:00+00:00,CVCB3.SA,1.9299999475479126,1.9299999475479126,1.9199999570846558,1.9199999570846558,29100
2026-04-07 18:20:00+00:00,CVCB3.SA,1.9199999570846558,1.9299999475479126,1.9199999570846558,1.9199999570846558,20300
2026-04-07 18:25:00+00:00,CVCB3.SA,1.9199999570846558,1.9299999475479126,1.9199999570846558,1.9199999570846558,5100
2026-04-07 18:30:00+00:00,CVCB3.SA,1.9199999570846558,1.9299999475479126,1.9199999570846558,1.9199999570846558,5700
2026-04-07 18:35:00+00:00,CVCB3.SA,1.9199999570846558,1.9299999475479126,1.9199999570846558,1.9299999475479126,102700
2026-04-07 18:40:00+00:00,CVCB3.SA,1.9199999570846558,1.9299999475479126,1.9199999570846558,1.9199999570846558,30700
2026-04-07 18:45:00+00:00,CVCB3.SA,1.9199999570846558,1.9299999475479126,1.9199999570846558,1.9199999570846558,79500
2026-04-07 18:50:00+00:00,CVCB3.SA,1.9199999570846558,1.9299999475479126,1.909999966621399,1.909999966621399,523300
2026-04-07 18:55:00+00:00,CVCB3.SA,1.909999966621399,1.909999966621399,1.899999976158142,1.909999966621399,498000
2026-04-07 19:00:00+00:00,CVCB3.SA,1.9199999570846558,1.9199999570846558,1.909999966621399,1.909999966621399,14900
2026-04-07 19:05:00+00:00,CVCB3.SA,1.909999966621399,1.9199999570846558,1.909999966621399,1.9199999570846558,16100
2026-04-07 19:10:00+00:00,CVCB3.SA,1.9199999570846558,1.9199999570846558,1.909999966621399,1.909999966621399,17500
2026-04-07 19:15:00+00:00,CVCB3.SA,1.9199999570846558,1.9199999570846558,1.909999966621399,1.9199999570846558,303200
2026-04-07 19:20:00+00:00,CVCB3.SA,1.9199999570846558,1.9199999570846558,1.909999966621399,1.9199999570846558,14000
2026-04-07 19:25:00+00:00,CVCB3.SA,1.909999966621399,1.9199999570846558,1.909999966621399,1.909999966621399,17200
2026-04-07 19:30:00+00:00,CVCB3.SA,1.9199999570846558,1.9199999570846558,1.909999966621399,1.909999966621399,14400
2026-04-07 19:35:00+00:00,CVCB3.SA,1.909999966621399,1.9199999570846558,1.909999966621399,1.9199999570846558,65400
2026-04-07 19:40:00+00:00,CVCB3.SA,1.9199999570846558,1.9199999570846558,1.909999966621399,1.909999966621399,75900
2026-04-07 19:45:00+00:00,CVCB3.SA,1.909999966621399,1.9199999570846558,1.909999966621399,1.909999966621399,218600
2026-04-07 19:50:00+00:00,CVCB3.SA,1.909999966621399,1.9199999570846558,1.909999966621399,1.909999966621399,165800
2026-04-08 13:05:00+00:00,CVCB3.SA,2.009999990463257,2.0399999618530273,2.009999990463257,2.0199999809265137,718600
2026-04-08 13:10:00+00:00,CVCB3.SA,2.0199999809265137,2.0299999713897705,2.009999990463257,2.009999990463257,803400
2026-04-08 13:15:00+00:00,CVCB3.SA,2.0199999809265137,2.0199999809265137,2.009999990463257,2.0199999809265137,279200
2026-04-08 13:20:00+00:00,CVCB3.SA,2.0199999809265137,2.0299999713897705,2.009999990463257,2.0199999809265137,575900
2026-04-08 13:25:00+00:00,CVCB3.SA,2.009999990463257,2.0199999809265137,2.009999990463257,2.009999990463257,95800
2026-04-08 13:30:00+00:00,CVCB3.SA,2.009999990463257,2.009999990463257,2.0,2.0,388400
2026-04-08 13:35:00+00:00,CVCB3.SA,2.0,2.009999990463257,2.0,2.0,142900
2026-04-08 13:40:00+00:00,CVCB3.SA,2.0,2.009999990463257,1.9900000095367432,2.0,654800
2026-04-08 13:45:00+00:00,CVCB3.SA,2.0,2.0199999809265137,2.0,2.0199999809265137,434400
2026-04-08 13:50:00+00:00,CVCB3.SA,2.009999990463257,2.009999990463257,2.0,2.0,83200
2026-04-08 13:55:00+00:00,CVCB3.SA,2.0,2.0199999809265137,2.0,2.009999990463257,349600
2026-04-08 14:00:00+00:00,CVCB3.SA,2.0,2.009999990463257,1.9900000095367432,1.9900000095367432,240700
2026-04-08 14:05:00+00:00,CVCB3.SA,1.9900000095367432,2.0,1.9800000190734863,1.9800000190734863,235000
2026-04-08 14:10:00+00:00,CVCB3.SA,1.9800000190734863,2.0,1.9800000190734863,1.9900000095367432,29100
2026-04-08 14:15:00+00:00,CVCB3.SA,1.9900000095367432,1.9900000095367432,1.9800000190734863,1.9900000095367432,151800
2026-04-08 14:20:00+00:00,CVCB3.SA,1.9900000095367432,1.9900000095367432,1.9800000190734863,1.9900000095367432,46600
2026-04-08 14:25:00+00:00,CVCB3.SA,1.9900000095367432,1.9900000095367432,1.9800000190734863,1.9800000190734863,73300
2026-04-08 14:30:00+00:00,CVCB3.SA,1.9900000095367432,1.9900000095367432,1.9700000286102295,1.9700000286102295,198600
2026-04-08 14:35:00+00:00,CVCB3.SA,1.9700000286102295,1.9800000190734863,1.9700000286102295,1.9700000286102295,14500
2026-04-08 14:40:00+00:00,CVCB3.SA,1.9800000190734863,1.9800000190734863,1.9700000286102295,1.9700000286102295,250300
2026-04-08 14:45:00+00:00,CVCB3.SA,1.9600000381469727,1.9700000286102295,1.9600000381469727,1.9700000286102295,77700
2026-04-08 14:50:00+00:00,CVCB3.SA,1.9700000286102295,1.9700000286102295,1.9600000381469727,1.9600000381469727,15300
2026-04-08 14:55:00+00:00,CVCB3.SA,1.9600000381469727,1.9700000286102295,1.940000057220459,1.940000057220459,538600
2026-04-08 15:00:00+00:00,CVCB3.SA,1.940000057220459,1.9600000381469727,1.940000057220459,1.940000057220459,591400
2026-04-08 15:05:00+00:00,CVCB3.SA,1.9500000476837158,1.9500000476837158,1.940000057220459,1.940000057220459,73100
2026-04-08 15:10:00+00:00,CVCB3.SA,1.9500000476837158,1.9500000476837158,1.940000057220459,1.9500000476837158,190400
2026-04-08 15:15:00+00:00,CVCB3.SA,1.9500000476837158,1.9500000476837158,1.9500000476837158,1.9500000476837158,56000
2026-04-08 15:20:00+00:00,CVCB3.SA,1.9500000476837158,1.9500000476837158,1.940000057220459,1.9500000476837158,40600
2026-04-08 15:25:00+00:00,CVCB3.SA,1.940000057220459,1.9600000381469727,1.940000057220459,1.9600000381469727,216500
2026-04-08 15:30:00+00:00,CVCB3.SA,1.9600000381469727,1.9600000381469727,1.9500000476837158,1.9600000381469727,611600
2026-04-08 15:35:00+00:00,CVCB3.SA,1.9500000476837158,1.9600000381469727,1.9500000476837158,1.9500000476837158,12300
2026-04-08 15:40:00+00:00,CVCB3.SA,1.9500000476837158,1.9600000381469727,1.9500000476837158,1.9500000476837158,12300
2026-04-08 15:45:00+00:00,CVCB3.SA,1.9500000476837158,1.9600000381469727,1.9500000476837158,1.9500000476837158,22300
2026-04-08 15:50:00+00:00,CVCB3.SA,1.9600000381469727,1.9600000381469727,1.9500000476837158,1.9500000476837158,14200
2026-04-08 15:55:00+00:00,CVCB3.SA,1.9500000476837158,1.9600000381469727,1.9500000476837158,1.9500000476837158,15800
2026-04-08 16:00:00+00:00,CVCB3.SA,1.9500000476837158,1.9600000381469727,1.9500000476837158,1.9500000476837158,563000
2026-04-08 16:05:00+00:00,CVCB3.SA,1.940000057220459,1.9500000476837158,1.940000057220459,1.940000057220459,36400
2026-04-08 16:10:00+00:00,CVCB3.SA,1.940000057220459,1.9500000476837158,1.940000057220459,1.940000057220459,26500
2026-04-08 16:15:00+00:00,CVCB3.SA,1.940000057220459,1.9500000476837158,1.940000057220459,1.940000057220459,54200
2026-04-08 16:20:00+00:00,CVCB3.SA,1.9500000476837158,1.9500000476837158,1.940000057220459,1.940000057220459,6000
2026-04-08 16:25:00+00:00,CVCB3.SA,1.940000057220459,1.9500000476837158,1.940000057220459,1.940000057220459,9200
2026-04-08 16:30:00+00:00,CVCB3.SA,1.940000057220459,1.9500000476837158,1.940000057220459,1.940000057220459,57500
2026-04-08 16:35:00+00:00,CVCB3.SA,1.940000057220459,1.9500000476837158,1.940000057220459,1.9500000476837158,90300
2026-04-08 16:40:00+00:00,CVCB3.SA,1.9500000476837158,1.9600000381469727,1.9500000476837158,1.9500000476837158,3400
2026-04-08 16:45:00+00:00,CVCB3.SA,1.9500000476837158,1.9600000381469727,1.9500000476837158,1.9600000381469727,18800
2026-04-08 16:50:00+00:00,CVCB3.SA,1.9500000476837158,1.9600000381469727,1.9500000476837158,1.9500000476837158,7800
2026-04-08 16:55:00+00:00,CVCB3.SA,1.9500000476837158,1.9600000381469727,1.9500000476837158,1.9500000476837158,22700
2026-04-08 17:00:00+00:00,CVCB3.SA,1.9500000476837158,1.9600000381469727,1.9500000476837158,1.9500000476837158,14000
2026-04-08 17:05:00+00:00,CVCB3.SA,1.9500000476837158,1.9600000381469727,1.9500000476837158,1.9500000476837158,8600
2026-04-08 17:10:00+00:00,CVCB3.SA,1.9500000476837158,1.9600000381469727,1.9500000476837158,1.9500000476837158,29000
2026-04-08 17:15:00+00:00,CVCB3.SA,1.9500000476837158,1.9600000381469727,1.9500000476837158,1.9500000476837158,15300
2026-04-08 17:20:00+00:00,CVCB3.SA,1.9500000476837158,1.9500000476837158,1.940000057220459,1.940000057220459,447700
2026-04-08 17:25:00+00:00,CVCB3.SA,1.9500000476837158,1.9500000476837158,1.940000057220459,1.940000057220459,7000
2026-04-08 17:30:00+00:00,CVCB3.SA,1.940000057220459,1.9500000476837158,1.940000057220459,1.940000057220459,20700
2026-04-08 17:35:00+00:00,CVCB3.SA,1.940000057220459,1.9500000476837158,1.940000057220459,1.940000057220459,9300
2026-04-08 17:40:00+00:00,CVCB3.SA,1.940000057220459,1.9500000476837158,1.940000057220459,1.940000057220459,10200
2026-04-08 17:45:00+00:00,CVCB3.SA,1.940000057220459,1.9500000476837158,1.940000057220459,1.940000057220459,12100
2026-04-08 17:50:00+00:00,CVCB3.SA,1.940000057220459,1.9500000476837158,1.940000057220459,1.9500000476837158,17100
2026-04-08 17:55:00+00:00,CVCB3.SA,1.940000057220459,1.9500000476837158,1.940000057220459,1.940000057220459,39600
2026-04-08 18:00:00+00:00,CVCB3.SA,1.940000057220459,1.9500000476837158,1.940000057220459,1.9500000476837158,16600
2026-04-08 18:05:00+00:00,CVCB3.SA,1.9500000476837158,1.9500000476837158,1.940000057220459,1.940000057220459,39000
2026-04-08 18:10:00+00:00,CVCB3.SA,1.9500000476837158,1.9500000476837158,1.940000057220459,1.940000057220459,18400
2026-04-08 18:15:00+00:00,CVCB3.SA,1.940000057220459,1.9500000476837158,1.9299999475479126,1.9299999475479126,760700
2026-04-08 18:20:00+00:00,CVCB3.SA,1.940000057220459,1.940000057220459,1.9299999475479126,1.940000057220459,167400
2026-04-08 18:25:00+00:00,CVCB3.SA,1.940000057220459,1.940000057220459,1.940000057220459,1.940000057220459,292800
2026-04-08 18:30:00+00:00,CVCB3.SA,1.940000057220459,1.940000057220459,1.9299999475479126,1.9299999475479126,53900
2026-04-08 18:35:00+00:00,CVCB3.SA,1.9299999475479126,1.940000057220459,1.9299999475479126,1.9299999475479126,7300
2026-04-08 18:40:00+00:00,CVCB3.SA,1.9299999475479126,1.940000057220459,1.9299999475479126,1.9299999475479126,55300
2026-04-08 18:45:00+00:00,CVCB3.SA,1.9299999475479126,1.940000057220459,1.9299999475479126,1.9299999475479126,20500
2026-04-08 18:50:00+00:00,CVCB3.SA,1.9299999475479126,1.940000057220459,1.9299999475479126,1.9299999475479126,101400
2026-04-08 18:55:00+00:00,CVCB3.SA,1.9299999475479126,1.940000057220459,1.9299999475479126,1.9299999475479126,12600
2026-04-08 19:00:00+00:00,CVCB3.SA,1.9299999475479126,1.9299999475479126,1.9199999570846558,1.9199999570846558,341700
2026-04-08 19:05:00+00:00,CVCB3.SA,1.9199999570846558,1.940000057220459,1.9199999570846558,1.9299999475479126,279800
2026-04-08 19:10:00+00:00,CVCB3.SA,1.940000057220459,1.940000057220459,1.9299999475479126,1.9299999475479126,7100
2026-04-08 19:15:00+00:00,CVCB3.SA,1.9299999475479126,1.9299999475479126,1.9199999570846558,1.9199999570846558,421400
2026-04-08 19:20:00+00:00,CVCB3.SA,1.9199999570846558,1.9299999475479126,1.9199999570846558,1.9199999570846558,19000
2026-04-08 19:25:00+00:00,CVCB3.SA,1.9299999475479126,1.9299999475479126,1.9199999570846558,1.9199999570846558,119300
2026-04-08 19:30:00+00:00,CVCB3.SA,1.9199999570846558,1.9299999475479126,1.9199999570846558,1.9199999570846558,38100
2026-04-08 19:35:00+00:00,CVCB3.SA,1.9199999570846558,1.9299999475479126,1.9199999570846558,1.9199999570846558,63300
2026-04-08 19:40:00+00:00,CVCB3.SA,1.9199999570846558,1.9299999475479126,1.9199999570846558,1.9199999570846558,181400
2026-04-08 19:45:00+00:00,CVCB3.SA,1.9199999570846558,1.9299999475479126,1.9199999570846558,1.9199999570846558,223500
2026-04-08 19:50:00+00:00,CVCB3.SA,1.9199999570846558,1.9299999475479126,1.9199999570846558,1.9199999570846558,183300
2026-04-09 13:00:00+00:00,CVCB3.SA,1.9199999570846558,1.940000057220459,1.909999966621399,1.940000057220459,0
2026-04-09 13:05:00+00:00,CVCB3.SA,1.940000057220459,1.940000057220459,1.9199999570846558,1.9199999570846558,444300
2026-04-09 13:10:00+00:00,CVCB3.SA,1.9199999570846558,1.9199999570846558,1.909999966621399,1.9199999570846558,217300
2026-04-09 13:15:00+00:00,CVCB3.SA,1.9199999570846558,1.9199999570846558,1.909999966621399,1.9199999570846558,184000
2026-04-09 13:20:00+00:00,CVCB3.SA,1.9299999475479126,1.9299999475479126,1.9199999570846558,1.9299999475479126,247800
2026-04-09 13:25:00+00:00,CVCB3.SA,1.9299999475479126,1.9299999475479126,1.9199999570846558,1.9299999475479126,118600
2026-04-09 13:30:00+00:00,CVCB3.SA,1.9299999475479126,1.9299999475479126,1.9199999570846558,1.9299999475479126,47200
2026-04-09 13:35:00+00:00,CVCB3.SA,1.9299999475479126,1.9299999475479126,1.9199999570846558,1.9299999475479126,293900
2026-04-09 13:40:00+00:00,CVCB3.SA,1.9299999475479126,1.9299999475479126,1.9199999570846558,1.9299999475479126,54400
2026-04-09 13:45:00+00:00,CVCB3.SA,1.9299999475479126,1.9299999475479126,1.9199999570846558,1.9299999475479126,27500
2026-04-09 13:50:00+00:00,CVCB3.SA,1.9299999475479126,1.9299999475479126,1.9199999570846558,1.9299999475479126,116600
2026-04-09 13:55:00+00:00,CVCB3.SA,1.9299999475479126,1.9299999475479126,1.909999966621399,1.9199999570846558,251600
2026-04-09 14:00:00+00:00,CVCB3.SA,1.9199999570846558,1.9199999570846558,1.909999966621399,1.9199999570846558,55600
2026-04-09 14:05:00+00:00,CVCB3.SA,1.9199999570846558,1.9199999570846558,1.909999966621399,1.909999966621399,234900
2026-04-09 14:10:00+00:00,CVCB3.SA,1.909999966621399,1.909999966621399,1.8899999856948853,1.899999976158142,449900
2026-04-09 14:15:00+00:00,CVCB3.SA,1.899999976158142,1.909999966621399,1.899999976158142,1.909999966621399,163000
2026-04-09 14:20:00+00:00,CVCB3.SA,1.909999966621399,1.909999966621399,1.899999976158142,1.909999966621399,116100
2026-04-09 14:25:00+00:00,CVCB3.SA,1.909999966621399,1.909999966621399,1.899999976158142,1.899999976158142,131400
2026-04-09 14:30:00+00:00,CVCB3.SA,1.899999976158142,1.899999976158142,1.8799999952316284,1.8799999952316284,276500
2026-04-09 14:35:00+00:00,CVCB3.SA,1.8899999856948853,1.899999976158142,1.8799999952316284,1.899999976158142,198300
2026-04-09 14:40:00+00:00,CVCB3.SA,1.899999976158142,1.899999976158142,1.8899999856948853,1.899999976158142,20100
2026-04-09 14:45:00+00:00,CVCB3.SA,1.899999976158142,1.899999976158142,1.8899999856948853,1.899999976158142,25800
2026-04-09 14:50:00+00:00,CVCB3.SA,1.8899999856948853,1.899999976158142,1.8899999856948853,1.899999976158142,54500
2026-04-09 14:55:00+00:00,CVCB3.SA,1.899999976158142,1.899999976158142,1.8899999856948853,1.899999976158142,98000
2026-04-09 15:00:00+00:00,CVCB3.SA,1.8899999856948853,1.899999976158142,1.8899999856948853,1.899999976158142,182200
2026-04-09 15:05:00+00:00,CVCB3.SA,1.8899999856948853,1.899999976158142,1.8899999856948853,1.899999976158142,45300
2026-04-09 15:10:00+00:00,CVCB3.SA,1.899999976158142,1.899999976158142,1.8899999856948853,1.8899999856948853,45400
2026-04-09 15:15:00+00:00,CVCB3.SA,1.899999976158142,1.909999966621399,1.8899999856948853,1.909999966621399,153300
2026-04-09 15:20:00+00:00,CVCB3.SA,1.909999966621399,1.909999966621399,1.899999976158142,1.909999966621399,69300
2026-04-09 15:25:00+00:00,CVCB3.SA,1.899999976158142,1.909999966621399,1.8899999856948853,1.899999976158142,142500
2026-04-09 15:30:00+00:00,CVCB3.SA,1.899999976158142,1.899999976158142,1.8799999952316284,1.8899999856948853,505400
2026-04-09 15:35:00+00:00,CVCB3.SA,1.8899999856948853,1.899999976158142,1.8899999856948853,1.899999976158142,66100
2026-04-09 15:40:00+00:00,CVCB3.SA,1.899999976158142,1.899999976158142,1.8899999856948853,1.899999976158142,48600
2026-04-09 15:45:00+00:00,CVCB3.SA,1.899999976158142,1.899999976158142,1.8899999856948853,1.899999976158142,141400
2026-04-09 15:50:00+00:00,CVCB3.SA,1.8899999856948853,1.899999976158142,1.8799999952316284,1.8899999856948853,355800
2026-04-09 15:55:00+00:00,CVCB3.SA,1.8899999856948853,1.8899999856948853,1.8799999952316284,1.8899999856948853,346100
2026-04-09 16:00:00+00:00,CVCB3.SA,1.8899999856948853,1.8899999856948853,1.8799999952316284,1.8899999856948853,113400
2026-04-09 16:05:00+00:00,CVCB3.SA,1.8899999856948853,1.8899999856948853,1.8799999952316284,1.8899999856948853,158200
2026-04-09 16:10:00+00:00,CVCB3.SA,1.8899999856948853,1.8899999856948853,1.8799999952316284,1.8899999856948853,29400
2026-04-09 16:15:00+00:00,CVCB3.SA,1.8899999856948853,1.8899999856948853,1.8799999952316284,1.8799999952316284,137400
2026-04-09 16:20:00+00:00,CVCB3.SA,1.8899999856948853,1.8899999856948853,1.8799999952316284,1.8899999856948853,40000
2026-04-09 16:25:00+00:00,CVCB3.SA,1.8899999856948853,1.899999976158142,1.8799999952316284,1.899999976158142,178100
2026-04-09 16:30:00+00:00,CVCB3.SA,1.899999976158142,1.899999976158142,1.8899999856948853,1.899999976158142,28400
2026-04-09 16:35:00+00:00,CVCB3.SA,1.899999976158142,1.899999976158142,1.8899999856948853,1.899999976158142,17200
2026-04-09 16:40:00+00:00,CVCB3.SA,1.899999976158142,1.899999976158142,1.8899999856948853,1.899999976158142,54500
2026-04-09 16:45:00+00:00,CVCB3.SA,1.899999976158142,1.899999976158142,1.8899999856948853,1.899999976158142,40200
2026-04-09 16:50:00+00:00,CVCB3.SA,1.899999976158142,1.899999976158142,1.8899999856948853,1.899999976158142,122900
2026-04-09 16:55:00+00:00,CVCB3.SA,1.899999976158142,1.899999976158142,1.8899999856948853,1.899999976158142,59100
2026-04-09 17:00:00+00:00,CVCB3.SA,1.8899999856948853,1.899999976158142,1.8899999856948853,1.8899999856948853,25300
2026-04-09 17:05:00+00:00,CVCB3.SA,1.8899999856948853,1.899999976158142,1.8899999856948853,1.8899999856948853,38100
2026-04-09 17:10:00+00:00,CVCB3.SA,1.899999976158142,1.899999976158142,1.8899999856948853,1.899999976158142,122600
2026-04-09 17:15:00+00:00,CVCB3.SA,1.8899999856948853,1.899999976158142,1.8899999856948853,1.8899999856948853,49900
2026-04-09 17:20:00+00:00,CVCB3.SA,1.8899999856948853,1.899999976158142,1.8899999856948853,1.899999976158142,23700
2026-04-09 17:25:00+00:00,CVCB3.SA,1.8899999856948853,1.899999976158142,1.8899999856948853,1.899999976158142,43100
2026-04-09 17:30:00+00:00,CVCB3.SA,1.899999976158142,1.909999966621399,1.8899999856948853,1.899999976158142,449600
2026-04-09 17:35:00+00:00,CVCB3.SA,1.899999976158142,1.899999976158142,1.8899999856948853,1.8899999856948853,11300
2026-04-09 17:40:00+00:00,CVCB3.SA,1.899999976158142,1.899999976158142,1.8899999856948853,1.8899999856948853,16500
2026-04-09 17:45:00+00:00,CVCB3.SA,1.899999976158142,1.899999976158142,1.8899999856948853,1.8899999856948853,33600
2026-04-09 17:50:00+00:00,CVCB3.SA,1.8899999856948853,1.899999976158142,1.8899999856948853,1.899999976158142,41200
2026-04-09 17:55:00+00:00,CVCB3.SA,1.8899999856948853,1.899999976158142,1.8899999856948853,1.8899999856948853,39500
2026-04-09 18:00:00+00:00,CVCB3.SA,1.8899999856948853,1.899999976158142,1.8899999856948853,1.899999976158142,69800
2026-04-09 18:05:00+00:00,CVCB3.SA,1.899999976158142,1.899999976158142,1.8799999952316284,1.8799999952316284,438100
2026-04-09 18:10:00+00:00,CVCB3.SA,1.8899999856948853,1.899999976158142,1.8799999952316284,1.899999976158142,234500
2026-04-09 18:15:00+00:00,CVCB3.SA,1.899999976158142,1.899999976158142,1.8899999856948853,1.899999976158142,100200
2026-04-09 18:20:00+00:00,CVCB3.SA,1.899999976158142,1.899999976158142,1.8899999856948853,1.899999976158142,18500
2026-04-09 18:25:00+00:00,CVCB3.SA,1.899999976158142,1.899999976158142,1.8799999952316284,1.8899999856948853,358100
2026-04-09 18:30:00+00:00,CVCB3.SA,1.8899999856948853,1.8899999856948853,1.8799999952316284,1.8799999952316284,46300
2026-04-09 18:35:00+00:00,CVCB3.SA,1.8899999856948853,1.8899999856948853,1.8799999952316284,1.8899999856948853,65000
2026-04-09 18:40:00+00:00,CVCB3.SA,1.8899999856948853,1.8899999856948853,1.8799999952316284,1.8899999856948853,46300
2026-04-09 18:45:00+00:00,CVCB3.SA,1.8899999856948853,1.8899999856948853,1.8799999952316284,1.8899999856948853,53500
2026-04-09 18:50:00+00:00,CVCB3.SA,1.8899999856948853,1.8899999856948853,1.8799999952316284,1.8899999856948853,38600
2026-04-09 18:55:00+00:00,CVCB3.SA,1.8899999856948853,1.8899999856948853,1.8799999952316284,1.8899999856948853,54100
2026-04-09 19:00:00+00:00,CVCB3.SA,1.8799999952316284,1.899999976158142,1.8799999952316284,1.8899999856948853,944900
2026-04-09 19:05:00+00:00,CVCB3.SA,1.8899999856948853,1.899999976158142,1.8899999856948853,1.899999976158142,714600
2026-04-09 19:10:00+00:00,CVCB3.SA,1.8899999856948853,1.899999976158142,1.8899999856948853,1.899999976158142,119500
2026-04-09 19:15:00+00:00,CVCB3.SA,1.899999976158142,1.899999976158142,1.8899999856948853,1.899999976158142,42300
2026-04-09 19:20:00+00:00,CVCB3.SA,1.899999976158142,1.899999976158142,1.8899999856948853,1.899999976158142,37300
2026-04-09 19:25:00+00:00,CVCB3.SA,1.899999976158142,1.899999976158142,1.8799999952316284,1.8899999856948853,264700
2026-04-09 19:30:00+00:00,CVCB3.SA,1.8799999952316284,1.8899999856948853,1.8799999952316284,1.8899999856948853,156900
2026-04-09 19:35:00+00:00,CVCB3.SA,1.8899999856948853,1.8899999856948853,1.8799999952316284,1.8899999856948853,1458400
2026-04-09 19:40:00+00:00,CVCB3.SA,1.8799999952316284,1.8899999856948853,1.8799999952316284,1.8799999952316284,52300
2026-04-09 19:45:00+00:00,CVCB3.SA,1.8899999856948853,1.8899999856948853,1.8799999952316284,1.8899999856948853,129900
2026-04-09 19:50:00+00:00,CVCB3.SA,1.8799999952316284,1.8899999856948853,1.8799999952316284,1.8899999856948853,372900
2026-04-10 13:00:00+00:00,CVCB3.SA,1.8899999856948853,1.909999966621399,1.8899999856948853,1.909999966621399,0
2026-04-10 13:05:00+00:00,CVCB3.SA,1.909999966621399,1.9199999570846558,1.8899999856948853,1.909999966621399,483100
2026-04-10 13:10:00+00:00,CVCB3.SA,1.899999976158142,1.909999966621399,1.899999976158142,1.909999966621399,329900
2026-04-10 13:15:00+00:00,CVCB3.SA,1.909999966621399,1.909999966621399,1.899999976158142,1.909999966621399,148400
2026-04-10 13:20:00+00:00,CVCB3.SA,1.899999976158142,1.909999966621399,1.899999976158142,1.909999966621399,73100
2026-04-10 13:25:00+00:00,CVCB3.SA,1.899999976158142,1.9199999570846558,1.899999976158142,1.9199999570846558,246200
2026-04-10 13:30:00+00:00,CVCB3.SA,1.9199999570846558,1.9199999570846558,1.909999966621399,1.9199999570846558,657600
2026-04-10 13:35:00+00:00,CVCB3.SA,1.9199999570846558,1.9199999570846558,1.909999966621399,1.909999966621399,157400
2026-04-10 13:40:00+00:00,CVCB3.SA,1.899999976158142,1.909999966621399,1.899999976158142,1.899999976158142,48500
2026-04-10 13:45:00+00:00,CVCB3.SA,1.909999966621399,1.909999966621399,1.899999976158142,1.909999966621399,11900
2026-04-10 13:50:00+00:00,CVCB3.SA,1.909999966621399,1.909999966621399,1.899999976158142,1.909999966621399,24500
2026-04-10 13:55:00+00:00,CVCB3.SA,1.909999966621399,1.909999966621399,1.899999976158142,1.909999966621399,68400
2026-04-10 14:00:00+00:00,CVCB3.SA,1.909999966621399,1.909999966621399,1.8899999856948853,1.899999976158142,364900
2026-04-10 14:05:00+00:00,CVCB3.SA,1.8899999856948853,1.899999976158142,1.8899999856948853,1.899999976158142,22500
2026-04-10 14:10:00+00:00,CVCB3.SA,1.899999976158142,1.899999976158142,1.8899999856948853,1.8899999856948853,14300
2026-04-10 14:15:00+00:00,CVCB3.SA,1.899999976158142,1.899999976158142,1.8899999856948853,1.899999976158142,68700
2026-04-10 14:20:00+00:00,CVCB3.SA,1.899999976158142,1.899999976158142,1.8899999856948853,1.899999976158142,81600
2026-04-10 14:25:00+00:00,CVCB3.SA,1.899999976158142,1.899999976158142,1.8899999856948853,1.8899999856948853,293000
2026-04-10 14:30:00+00:00,CVCB3.SA,1.8899999856948853,1.8899999856948853,1.8799999952316284,1.8899999856948853,124300
2026-04-10 14:35:00+00:00,CVCB3.SA,1.8899999856948853,1.8899999856948853,1.8799999952316284,1.8899999856948853,8900
2026-04-10 14:40:00+00:00,CVCB3.SA,1.8799999952316284,1.8899999856948853,1.8799999952316284,1.8899999856948853,25900
2026-04-10 14:45:00+00:00,CVCB3.SA,1.8799999952316284,1.8899999856948853,1.8799999952316284,1.8899999856948853,38100
2026-04-10 14:50:00+00:00,CVCB3.SA,1.8899999856948853,1.8899999856948853,1.8799999952316284,1.8899999856948853,22400
2026-04-10 14:55:00+00:00,CVCB3.SA,1.8899999856948853,1.8899999856948853,1.8799999952316284,1.8799999952316284,76800
2026-04-10 15:00:00+00:00,CVCB3.SA,1.8899999856948853,1.8899999856948853,1.8799999952316284,1.8899999856948853,19800
2026-04-10 15:05:00+00:00,CVCB3.SA,1.8899999856948853,1.899999976158142,1.8799999952316284,1.8899999856948853,278200
2026-04-10 15:10:00+00:00,CVCB3.SA,1.899999976158142,1.899999976158142,1.8899999856948853,1.899999976158142,19800
2026-04-10 15:15:00+00:00,CVCB3.SA,1.899999976158142,1.909999966621399,1.8899999856948853,1.909999966621399,752900
2026-04-10 15:20:00+00:00,CVCB3.SA,1.909999966621399,1.909999966621399,1.899999976158142,1.909999966621399,158700
2026-04-10 15:25:00+00:00,CVCB3.SA,1.899999976158142,1.909999966621399,1.899999976158142,1.909999966621399,88300
2026-04-10 15:30:00+00:00,CVCB3.SA,1.909999966621399,1.909999966621399,1.899999976158142,1.909999966621399,15300
2026-04-10 15:35:00+00:00,CVCB3.SA,1.909999966621399,1.909999966621399,1.899999976158142,1.909999966621399,17300
2026-04-10 15:40:00+00:00,CVCB3.SA,1.909999966621399,1.909999966621399,1.899999976158142,1.909999966621399,22500
2026-04-10 15:45:00+00:00,CVCB3.SA,1.899999976158142,1.9199999570846558,1.899999976158142,1.909999966621399,448700
2026-04-10 15:50:00+00:00,CVCB3.SA,1.909999966621399,1.909999966621399,1.899999976158142,1.909999966621399,56200
2026-04-10 15:55:00+00:00,CVCB3.SA,1.909999966621399,1.909999966621399,1.8899999856948853,1.899999976158142,181500
2026-04-10 16:00:00+00:00,CVCB3.SA,1.8899999856948853,1.899999976158142,1.8899999856948853,1.8899999856948853,9600
2026-04-10 16:05:00+00:00,CVCB3.SA,1.899999976158142,1.899999976158142,1.8899999856948853,1.899999976158142,18900
2026-04-10 16:10:00+00:00,CVCB3.SA,1.899999976158142,1.899999976158142,1.8899999856948853,1.8899999856948853,18800
2026-04-10 16:15:00+00:00,CVCB3.SA,1.8899999856948853,1.899999976158142,1.8799999952316284,1.8799999952316284,1777900
2026-04-10 16:20:00+00:00,CVCB3.SA,1.8799999952316284,1.8799999952316284,1.8700000047683716,1.8799999952316284,333000
2026-04-10 16:25:00+00:00,CVCB3.SA,1.8799999952316284,1.8799999952316284,1.8700000047683716,1.8799999952316284,314000
2026-04-10 16:30:00+00:00,CVCB3.SA,1.8799999952316284,1.8899999856948853,1.8700000047683716,1.8899999856948853,94200
2026-04-10 16:35:00+00:00,CVCB3.SA,1.8799999952316284,1.8899999856948853,1.8799999952316284,1.8899999856948853,343900
2026-04-10 16:40:00+00:00,CVCB3.SA,1.8899999856948853,1.8899999856948853,1.8799999952316284,1.8899999856948853,35800
2026-04-10 16:45:00+00:00,CVCB3.SA,1.8899999856948853,1.899999976158142,1.8799999952316284,1.899999976158142,237100
2026-04-10 16:50:00+00:00,CVCB3.SA,1.899999976158142,1.899999976158142,1.8899999856948853,1.899999976158142,29600
2026-04-10 16:55:00+00:00,CVCB3.SA,1.899999976158142,1.899999976158142,1.8899999856948853,1.899999976158142,40700
2026-04-10 17:00:00+00:00,CVCB3.SA,1.899999976158142,1.899999976158142,1.8899999856948853,1.899999976158142,52200
2026-04-10 17:05:00+00:00,CVCB3.SA,1.899999976158142,1.899999976158142,1.8899999856948853,1.8899999856948853,136200
2026-04-10 17:10:00+00:00,CVCB3.SA,1.8899999856948853,1.899999976158142,1.8899999856948853,1.8899999856948853,130200
2026-04-10 17:15:00+00:00,CVCB3.SA,1.899999976158142,1.899999976158142,1.8899999856948853,1.8899999856948853,25400
2026-04-10 17:20:00+00:00,CVCB3.SA,1.899999976158142,1.899999976158142,1.8899999856948853,1.8899999856948853,72300
2026-04-10 17:25:00+00:00,CVCB3.SA,1.8899999856948853,1.899999976158142,1.8899999856948853,1.899999976158142,32700
2026-04-10 17:30:00+00:00,CVCB3.SA,1.899999976158142,1.899999976158142,1.8899999856948853,1.899999976158142,40500
2026-04-10 17:35:00+00:00,CVCB3.SA,1.8899999856948853,1.899999976158142,1.8899999856948853,1.8899999856948853,29200
2026-04-10 17:40:00+00:00,CVCB3.SA,1.8899999856948853,1.899999976158142,1.8899999856948853,1.8899999856948853,36800
2026-04-10 17:45:00+00:00,CVCB3.SA,1.8899999856948853,1.899999976158142,1.8899999856948853,1.899999976158142,139100
2026-04-10 17:50:00+00:00,CVCB3.SA,1.8899999856948853,1.899999976158142,1.8899999856948853,1.899999976158142,33000
2026-04-10 17:55:00+00:00,CVCB3.SA,1.899999976158142,1.899999976158142,1.8899999856948853,1.8899999856948853,43700
2026-04-10 18:00:00+00:00,CVCB3.SA,1.899999976158142,1.899999976158142,1.8899999856948853,1.899999976158142,24200
2026-04-10 18:05:00+00:00,CVCB3.SA,1.899999976158142,1.899999976158142,1.8899999856948853,1.8899999856948853,272000
2026-04-10 18:10:00+00:00,CVCB3.SA,1.899999976158142,1.899999976158142,1.8799999952316284,1.8799999952316284,319300
2026-04-10 18:15:00+00:00,CVCB3.SA,1.8899999856948853,1.8899999856948853,1.8799999952316284,1.8899999856948853,45000
2026-04-10 18:20:00+00:00,CVCB3.SA,1.8899999856948853,1.899999976158142,1.8799999952316284,1.8799999952316284,217700
2026-04-10 18:25:00+00:00,CVCB3.SA,1.8899999856948853,1.8899999856948853,1.8799999952316284,1.8899999856948853,10500
2026-04-10 18:30:00+00:00,CVCB3.SA,1.8899999856948853,1.8899999856948853,1.8799999952316284,1.8899999856948853,34800
2026-04-10 18:35:00+00:00,CVCB3.SA,1.8899999856948853,1.8899999856948853,1.8799999952316284,1.8899999856948853,70600
2026-04-10 18:40:00+00:00,CVCB3.SA,1.8899999856948853,1.8899999856948853,1.8799999952316284,1.8799999952316284,107500
2026-04-10 18:45:00+00:00,CVCB3.SA,1.8899999856948853,1.8899999856948853,1.8799999952316284,1.8799999952316284,148300
2026-04-10 18:50:00+00:00,CVCB3.SA,1.8899999856948853,1.8899999856948853,1.8799999952316284,1.8799999952316284,42400
2026-04-10 18:55:00+00:00,CVCB3.SA,1.8899999856948853,1.8899999856948853,1.8799999952316284,1.8799999952316284,266100
2026-04-10 19:00:00+00:00,CVCB3.SA,1.8899999856948853,1.8899999856948853,1.8799999952316284,1.8799999952316284,36400
2026-04-10 19:05:00+00:00,CVCB3.SA,1.8899999856948853,1.8899999856948853,1.8799999952316284,1.8899999856948853,53600
2026-04-10 19:10:00+00:00,CVCB3.SA,1.8899999856948853,1.8899999856948853,1.8799999952316284,1.8899999856948853,24900
2026-04-10 19:15:00+00:00,CVCB3.SA,1.8799999952316284,1.8899999856948853,1.8799999952316284,1.8799999952316284,84700
2026-04-10 19:20:00+00:00,CVCB3.SA,1.8899999856948853,1.8899999856948853,1.8799999952316284,1.8899999856948853,32600
2026-04-10 19:25:00+00:00,CVCB3.SA,1.8799999952316284,1.8899999856948853,1.8799999952316284,1.8899999856948853,39400
2026-04-10 19:30:00+00:00,CVCB3.SA,1.8899999856948853,1.8899999856948853,1.8799999952316284,1.8799999952316284,58600
2026-04-10 19:35:00+00:00,CVCB3.SA,1.8899999856948853,1.899999976158142,1.8899999856948853,1.899999976158142,972200
2026-04-10 19:40:00+00:00,CVCB3.SA,1.899999976158142,1.899999976158142,1.8899999856948853,1.8899999856948853,37300
2026-04-10 19:45:00+00:00,CVCB3.SA,1.899999976158142,1.899999976158142,1.8899999856948853,1.8899999856948853,58400
2026-04-10 19:50:00+00:00,CVCB3.SA,1.8899999856948853,1.899999976158142,1.8899999856948853,1.899999976158142,222400
2026-04-13 13:00:00+00:00,CVCB3.SA,1.8700000047683716,1.8799999952316284,1.8600000143051147,1.8600000143051147,0
2026-04-13 13:05:00+00:00,CVCB3.SA,1.8700000047683716,1.8799999952316284,1.8600000143051147,1.8700000047683716,100500
2026-04-13 13:10:00+00:00,CVCB3.SA,1.8700000047683716,1.8799999952316284,1.8700000047683716,1.8799999952316284,36300
2026-04-13 13:15:00+00:00,CVCB3.SA,1.8799999952316284,1.8799999952316284,1.8700000047683716,1.8799999952316284,37200
2026-04-13 13:20:00+00:00,CVCB3.SA,1.8799999952316284,1.8799999952316284,1.8700000047683716,1.8700000047683716,10100
2026-04-13 13:25:00+00:00,CVCB3.SA,1.8799999952316284,1.8799999952316284,1.8700000047683716,1.8799999952316284,76300
2026-04-13 13:30:00+00:00,CVCB3.SA,1.8799999952316284,1.8799999952316284,1.8700000047683716,1.8799999952316284,257300
2026-04-13 13:35:00+00:00,CVCB3.SA,1.8799999952316284,1.8799999952316284,1.8700000047683716,1.8700000047683716,36000
2026-04-13 13:40:00+00:00,CVCB3.SA,1.8700000047683716,1.8899999856948853,1.8700000047683716,1.8799999952316284,538300
2026-04-13 13:45:00+00:00,CVCB3.SA,1.8799999952316284,1.8899999856948853,1.8799999952316284,1.8899999856948853,130200
2026-04-13 13:50:00+00:00,CVCB3.SA,1.8799999952316284,1.8899999856948853,1.8799999952316284,1.8799999952316284,6500
2026-04-13 13:55:00+00:00,CVCB3.SA,1.8799999952316284,1.8899999856948853,1.8799999952316284,1.8899999856948853,415700
2026-04-13 14:00:00+00:00,CVCB3.SA,1.8899999856948853,1.899999976158142,1.8799999952316284,1.899999976158142,136100
2026-04-13 14:05:00+00:00,CVCB3.SA,1.899999976158142,1.899999976158142,1.8899999856948853,1.899999976158142,46400
2026-04-13 14:10:00+00:00,CVCB3.SA,1.899999976158142,1.899999976158142,1.8899999856948853,1.899999976158142,18800
2026-04-13 14:15:00+00:00,CVCB3.SA,1.8899999856948853,1.899999976158142,1.8899999856948853,1.899999976158142,40600
2026-04-13 14:20:00+00:00,CVCB3.SA,1.899999976158142,1.899999976158142,1.8899999856948853,1.899999976158142,133700
2026-04-13 14:25:00+00:00,CVCB3.SA,1.899999976158142,1.899999976158142,1.8899999856948853,1.899999976158142,81500
2026-04-13 14:30:00+00:00,CVCB3.SA,1.899999976158142,1.909999966621399,1.8899999856948853,1.909999966621399,663000
2026-04-13 14:35:00+00:00,CVCB3.SA,1.909999966621399,1.909999966621399,1.8899999856948853,1.8899999856948853,263900
2026-04-13 14:40:00+00:00,CVCB3.SA,1.899999976158142,1.909999966621399,1.8899999856948853,1.909999966621399,619300
2026-04-13 14:45:00+00:00,CVCB3.SA,1.909999966621399,1.909999966621399,1.8799999952316284,1.8899999856948853,497400
2026-04-13 14:50:00+00:00,CVCB3.SA,1.8899999856948853,1.899999976158142,1.8799999952316284,1.899999976158142,205200
2026-04-13 14:55:00+00:00,CVCB3.SA,1.899999976158142,1.899999976158142,1.8899999856948853,1.899999976158142,18900
2026-04-13 15:00:00+00:00,CVCB3.SA,1.899999976158142,1.909999966621399,1.8899999856948853,1.899999976158142,308700
2026-04-13 15:05:00+00:00,CVCB3.SA,1.909999966621399,1.909999966621399,1.899999976158142,1.909999966621399,18600
2026-04-13 15:10:00+00:00,CVCB3.SA,1.909999966621399,1.909999966621399,1.899999976158142,1.899999976158142,40500
2026-04-13 15:15:00+00:00,CVCB3.SA,1.909999966621399,1.909999966621399,1.899999976158142,1.909999966621399,26800
2026-04-13 15:20:00+00:00,CVCB3.SA,1.899999976158142,1.909999966621399,1.899999976158142,1.909999966621399,17500
2026-04-13 15:25:00+00:00,CVCB3.SA,1.909999966621399,1.909999966621399,1.899999976158142,1.909999966621399,42200
2026-04-13 15:30:00+00:00,CVCB3.SA,1.899999976158142,1.909999966621399,1.899999976158142,1.909999966621399,27800
2026-04-13 15:35:00+00:00,CVCB3.SA,1.899999976158142,1.909999966621399,1.899999976158142,1.909999966621399,21600
2026-04-13 15:40:00+00:00,CVCB3.SA,1.909999966621399,1.909999966621399,1.899999976158142,1.909999966621399,10600
2026-04-13 15:45:00+00:00,CVCB3.SA,1.909999966621399,1.909999966621399,1.899999976158142,1.909999966621399,285500
2026-04-13 15:50:00+00:00,CVCB3.SA,1.909999966621399,1.909999966621399,1.899999976158142,1.899999976158142,25300
2026-04-13 15:55:00+00:00,CVCB3.SA,1.909999966621399,1.909999966621399,1.899999976158142,1.909999966621399,38000
2026-04-13 16:00:00+00:00,CVCB3.SA,1.909999966621399,1.909999966621399,1.899999976158142,1.909999966621399,33800
2026-04-13 16:05:00+00:00,CVCB3.SA,1.909999966621399,1.909999966621399,1.899999976158142,1.909999966621399,42900
2026-04-13 16:10:00+00:00,CVCB3.SA,1.909999966621399,1.909999966621399,1.899999976158142,1.899999976158142,122000
2026-04-13 16:15:00+00:00,CVCB3.SA,1.909999966621399,1.9199999570846558,1.899999976158142,1.9199999570846558,630100
2026-04-13 16:20:00+00:00,CVCB3.SA,1.9199999570846558,1.9299999475479126,1.909999966621399,1.9299999475479126,580900
2026-04-13 16:25:00+00:00,CVCB3.SA,1.9299999475479126,1.9299999475479126,1.9199999570846558,1.9299999475479126,145700
2026-04-13 16:30:00+00:00,CVCB3.SA,1.9299999475479126,1.9299999475479126,1.9199999570846558,1.9299999475479126,14200
2026-04-13 16:35:00+00:00,CVCB3.SA,1.9299999475479126,1.9299999475479126,1.9199999570846558,1.9299999475479126,95500
2026-04-13 16:40:00+00:00,CVCB3.SA,1.9299999475479126,1.9299999475479126,1.9199999570846558,1.9299999475479126,13100
2026-04-13 16:45:00+00:00,CVCB3.SA,1.9299999475479126,1.940000057220459,1.9199999570846558,1.940000057220459,779800
2026-04-13 16:50:00+00:00,CVCB3.SA,1.940000057220459,1.940000057220459,1.9299999475479126,1.940000057220459,163900
2026-04-13 16:55:00+00:00,CVCB3.SA,1.9299999475479126,1.940000057220459,1.9299999475479126,1.940000057220459,109200
2026-04-13 17:00:00+00:00,CVCB3.SA,1.9299999475479126,1.9500000476837158,1.9299999475479126,1.940000057220459,406700
2026-04-13 17:05:00+00:00,CVCB3.SA,1.940000057220459,1.940000057220459,1.9299999475479126,1.940000057220459,65000
2026-04-13 17:10:00+00:00,CVCB3.SA,1.940000057220459,1.9600000381469727,1.940000057220459,1.9500000476837158,1243200
2026-04-13 17:15:00+00:00,CVCB3.SA,1.9500000476837158,1.9600000381469727,1.940000057220459,1.9600000381469727,362300
2026-04-13 17:20:00+00:00,CVCB3.SA,1.9600000381469727,1.9600000381469727,1.940000057220459,1.9500000476837158,470000
2026-04-13 17:25:00+00:00,CVCB3.SA,1.9500000476837158,1.9600000381469727,1.940000057220459,1.9500000476837158,430800
2026-04-13 17:30:00+00:00,CVCB3.SA,1.9500000476837158,1.9500000476837158,1.940000057220459,1.9500000476837158,88100
2026-04-13 17:35:00+00:00,CVCB3.SA,1.9500000476837158,1.9500000476837158,1.940000057220459,1.9500000476837158,229500
2026-04-13 17:40:00+00:00,CVCB3.SA,1.9500000476837158,1.9600000381469727,1.940000057220459,1.9600000381469727,158000
2026-04-13 17:45:00+00:00,CVCB3.SA,1.9600000381469727,1.9600000381469727,1.9500000476837158,1.9600000381469727,96800
2026-04-13 17:50:00+00:00,CVCB3.SA,1.9600000381469727,1.9600000381469727,1.9500000476837158,1.9600000381469727,56100
2026-04-13 17:55:00+00:00,CVCB3.SA,1.9600000381469727,1.9600000381469727,1.9500000476837158,1.9600000381469727,86700
2026-04-13 18:00:00+00:00,CVCB3.SA,1.9600000381469727,1.9900000095367432,1.9500000476837158,1.9900000095367432,1066600
2026-04-13 18:05:00+00:00,CVCB3.SA,1.9900000095367432,1.9900000095367432,1.9800000190734863,1.9800000190734863,289200
2026-04-13 18:10:00+00:00,CVCB3.SA,1.9900000095367432,1.9900000095367432,1.9800000190734863,1.9900000095367432,74200
2026-04-13 18:15:00+00:00,CVCB3.SA,1.9900000095367432,1.9900000095367432,1.9700000286102295,1.9800000190734863,367500
2026-04-13 18:20:00+00:00,CVCB3.SA,1.9800000190734863,1.9800000190734863,1.9700000286102295,1.9800000190734863,110600
2026-04-13 18:25:00+00:00,CVCB3.SA,1.9800000190734863,1.9800000190734863,1.9700000286102295,1.9800000190734863,126800
2026-04-13 18:30:00+00:00,CVCB3.SA,1.9800000190734863,1.9800000190734863,1.9700000286102295,1.9800000190734863,71100
2026-04-13 18:35:00+00:00,CVCB3.SA,1.9800000190734863,1.9800000190734863,1.9700000286102295,1.9800000190734863,98700
2026-04-13 18:40:00+00:00,CVCB3.SA,1.9800000190734863,1.9800000190734863,1.9700000286102295,1.9700000286102295,49500
2026-04-13 18:45:00+00:00,CVCB3.SA,1.9800000190734863,1.9800000190734863,1.9700000286102295,1.9800000190734863,94700
2026-04-13 18:50:00+00:00,CVCB3.SA,1.9700000286102295,1.9800000190734863,1.9700000286102295,1.9800000190734863,127500
2026-04-13 18:55:00+00:00,CVCB3.SA,1.9800000190734863,1.9800000190734863,1.9700000286102295,1.9800000190734863,28500
2026-04-13 19:00:00+00:00,CVCB3.SA,1.9700000286102295,1.9800000190734863,1.9700000286102295,1.9800000190734863,118400
2026-04-13 19:05:00+00:00,CVCB3.SA,1.9800000190734863,1.9800000190734863,1.9700000286102295,1.9800000190734863,135400
2026-04-13 19:10:00+00:00,CVCB3.SA,1.9800000190734863,1.9800000190734863,1.9700000286102295,1.9700000286102295,87700
2026-04-13 19:15:00+00:00,CVCB3.SA,1.9800000190734863,1.9800000190734863,1.9700000286102295,1.9700000286102295,99500
2026-04-13 19:20:00+00:00,CVCB3.SA,1.9800000190734863,1.9800000190734863,1.9700000286102295,1.9800000190734863,88000
2026-04-13 19:25:00+00:00,CVCB3.SA,1.9800000190734863,1.9900000095367432,1.9700000286102295,1.9900000095367432,332500
2026-04-13 19:30:00+00:00,CVCB3.SA,1.9900000095367432,1.9900000095367432,1.9800000190734863,1.9900000095367432,240000
2026-04-13 19:35:00+00:00,CVCB3.SA,1.9900000095367432,1.9900000095367432,1.9700000286102295,1.9700000286102295,472100
2026-04-13 19:40:00+00:00,CVCB3.SA,1.9800000190734863,1.9800000190734863,1.9700000286102295,1.9700000286102295,41800
2026-04-13 19:45:00+00:00,CVCB3.SA,1.9700000286102295,1.9800000190734863,1.9700000286102295,1.9800000190734863,61400
2026-04-13 19:50:00+00:00,CVCB3.SA,1.9800000190734863,2.0,1.9700000286102295,1.9900000095367432,645900
2026-04-14 13:05:00+00:00,CVCB3.SA,2.0199999809265137,2.0199999809265137,1.9900000095367432,2.0,168100
2026-04-14 13:10:00+00:00,CVCB3.SA,2.0,2.009999990463257,1.9900000095367432,1.9900000095367432,156400
2026-04-14 13:15:00+00:00,CVCB3.SA,2.0,2.0299999713897705,2.0,2.0199999809265137,752300
2026-04-14 13:20:00+00:00,CVCB3.SA,2.0299999713897705,2.049999952316284,2.0199999809265137,2.0199999809265137,928400
2026-04-14 13:25:00+00:00,CVCB3.SA,2.0199999809265137,2.0199999809265137,2.009999990463257,2.0199999809265137,119400
2026-04-14 13:30:00+00:00,CVCB3.SA,2.009999990463257,2.0199999809265137,2.0,2.009999990463257,268600
2026-04-14 13:35:00+00:00,CVCB3.SA,2.009999990463257,2.0199999809265137,2.0,2.009999990463257,177300
2026-04-14 13:40:00+00:00,CVCB3.SA,2.009999990463257,2.009999990463257,2.0,2.009999990463257,50500
2026-04-14 13:45:00+00:00,CVCB3.SA,2.009999990463257,2.009999990463257,1.9900000095367432,1.9900000095367432,365100
2026-04-14 13:50:00+00:00,CVCB3.SA,1.9900000095367432,2.0,1.9900000095367432,2.0,226100
2026-04-14 13:55:00+00:00,CVCB3.SA,2.0,2.009999990463257,1.9900000095367432,2.009999990463257,135000
2026-04-14 14:00:00+00:00,CVCB3.SA,2.009999990463257,2.009999990463257,2.0,2.009999990463257,276300
2026-04-14 14:05:00+00:00,CVCB3.SA,2.009999990463257,2.009999990463257,2.0,2.0,183900
2026-04-14 14:10:00+00:00,CVCB3.SA,2.0,2.0,1.9900000095367432,2.0,60200
2026-04-14 14:15:00+00:00,CVCB3.SA,2.0,2.0,1.9800000190734863,1.9900000095367432,380200
2026-04-14 14:20:00+00:00,CVCB3.SA,1.9900000095367432,1.9900000095367432,1.9800000190734863,1.9900000095367432,210000
2026-04-14 14:25:00+00:00,CVCB3.SA,1.9900000095367432,1.9900000095367432,1.9800000190734863,1.9800000190734863,16800
2026-04-14 14:30:00+00:00,CVCB3.SA,1.9900000095367432,1.9900000095367432,1.9500000476837158,1.9700000286102295,1126900
2026-04-14 14:35:00+00:00,CVCB3.SA,1.9700000286102295,1.9800000190734863,1.9600000381469727,1.9800000190734863,117500
2026-04-14 14:40:00+00:00,CVCB3.SA,1.9800000190734863,1.9800000190734863,1.9700000286102295,1.9800000190734863,81900
2026-04-14 14:45:00+00:00,CVCB3.SA,1.9800000190734863,1.9800000190734863,1.9700000286102295,1.9700000286102295,47100
2026-04-14 14:50:00+00:00,CVCB3.SA,1.9800000190734863,1.9800000190734863,1.9700000286102295,1.9700000286102295,40300
2026-04-14 14:55:00+00:00,CVCB3.SA,1.9800000190734863,1.9800000190734863,1.9600000381469727,1.9800000190734863,469400
2026-04-14 15:00:00+00:00,CVCB3.SA,1.9800000190734863,1.9800000190734863,1.9700000286102295,1.9800000190734863,23000
2026-04-14 15:05:00+00:00,CVCB3.SA,1.9800000190734863,1.9800000190734863,1.9700000286102295,1.9700000286102295,91800
2026-04-14 15:10:00+00:00,CVCB3.SA,1.9800000190734863,1.9800000190734863,1.9500000476837158,1.9600000381469727,929400
2026-04-14 15:15:00+00:00,CVCB3.SA,1.9600000381469727,1.9600000381469727,1.9600000381469727,1.9600000381469727,31300
2026-04-14 15:20:00+00:00,CVCB3.SA,1.9600000381469727,1.9700000286102295,1.9500000476837158,1.9700000286102295,69300
2026-04-14 15:25:00+00:00,CVCB3.SA,1.9700000286102295,1.9700000286102295,1.9600000381469727,1.9700000286102295,79000
2026-04-14 15:30:00+00:00,CVCB3.SA,1.9700000286102295,1.9700000286102295,1.9600000381469727,1.9700000286102295,58900
2026-04-14 15:35:00+00:00,CVCB3.SA,1.9600000381469727,1.9800000190734863,1.9600000381469727,1.9700000286102295,156900
2026-04-14 15:40:00+00:00,CVCB3.SA,1.9700000286102295,1.9700000286102295,1.9600000381469727,1.9700000286102295,24500
2026-04-14 15:45:00+00:00,CVCB3.SA,1.9700000286102295,1.9700000286102295,1.9500000476837158,1.9500000476837158,178200
2026-04-14 15:50:00+00:00,CVCB3.SA,1.9600000381469727,1.9600000381469727,1.9500000476837158,1.9600000381469727,50900
2026-04-14 15:55:00+00:00,CVCB3.SA,1.9600000381469727,1.9700000286102295,1.9600000381469727,1.9700000286102295,43700
2026-04-14 16:00:00+00:00,CVCB3.SA,1.9700000286102295,1.9700000286102295,1.9600000381469727,1.9700000286102295,14200
2026-04-14 16:05:00+00:00,CVCB3.SA,1.9700000286102295,1.9700000286102295,1.9600000381469727,1.9700000286102295,157400
2026-04-14 16:10:00+00:00,CVCB3.SA,1.9600000381469727,1.9700000286102295,1.9600000381469727,1.9600000381469727,12100
2026-04-14 16:15:00+00:00,CVCB3.SA,1.9700000286102295,1.9700000286102295,1.9600000381469727,1.9600000381469727,34200
2026-04-14 16:20:00+00:00,CVCB3.SA,1.9700000286102295,1.9700000286102295,1.9500000476837158,1.9600000381469727,141000
2026-04-14 16:25:00+00:00,CVCB3.SA,1.9500000476837158,1.9600000381469727,1.9500000476837158,1.9600000381469727,77300
2026-04-14 16:30:00+00:00,CVCB3.SA,1.9500000476837158,1.9600000381469727,1.9500000476837158,1.9600000381469727,24400
2026-04-14 16:35:00+00:00,CVCB3.SA,1.9600000381469727,1.9600000381469727,1.9600000381469727,1.9600000381469727,21500
2026-04-14 16:40:00+00:00,CVCB3.SA,1.9600000381469727,1.9700000286102295,1.9500000476837158,1.9600000381469727,184400
2026-04-14 16:45:00+00:00,CVCB3.SA,1.9600000381469727,1.9600000381469727,1.9600000381469727,1.9600000381469727,20200
2026-04-14 16:50:00+00:00,CVCB3.SA,1.9600000381469727,1.9600000381469727,1.9500000476837158,1.9600000381469727,164800
2026-04-14 16:55:00+00:00,CVCB3.SA,1.9600000381469727,1.9600000381469727,1.9500000476837158,1.9600000381469727,8600
2026-04-14 17:00:00+00:00,CVCB3.SA,1.9600000381469727,1.9700000286102295,1.9600000381469727,1.9700000286102295,182300
2026-04-14 17:05:00+00:00,CVCB3.SA,1.9700000286102295,1.9700000286102295,1.9600000381469727,1.9700000286102295,15000
2026-04-14 17:10:00+00:00,CVCB3.SA,1.9700000286102295,1.9700000286102295,1.9600000381469727,1.9700000286102295,36900
2026-04-14 17:15:00+00:00,CVCB3.SA,1.9700000286102295,1.9700000286102295,1.9600000381469727,1.9700000286102295,43100
2026-04-14 17:20:00+00:00,CVCB3.SA,1.9600000381469727,1.9800000190734863,1.9600000381469727,1.9700000286102295,303500
2026-04-14 17:25:00+00:00,CVCB3.SA,1.9700000286102295,1.9700000286102295,1.9600000381469727,1.9700000286102295,103700
2026-04-14 17:30:00+00:00,CVCB3.SA,1.9700000286102295,1.9700000286102295,1.9600000381469727,1.9700000286102295,26400
2026-04-14 17:35:00+00:00,CVCB3.SA,1.9700000286102295,1.9700000286102295,1.9600000381469727,1.9700000286102295,19800
2026-04-14 17:40:00+00:00,CVCB3.SA,1.9600000381469727,1.9700000286102295,1.9600000381469727,1.9700000286102295,51400
2026-04-14 17:45:00+00:00,CVCB3.SA,1.9600000381469727,1.9700000286102295,1.9600000381469727,1.9700000286102295,41200
2026-04-14 17:50:00+00:00,CVCB3.SA,1.9700000286102295,1.9700000286102295,1.940000057220459,1.940000057220459,1203300
2026-04-14 17:55:00+00:00,CVCB3.SA,1.9500000476837158,1.9500000476837158,1.9299999475479126,1.940000057220459,327300
2026-04-14 18:00:00+00:00,CVCB3.SA,1.940000057220459,1.9500000476837158,1.9199999570846558,1.9299999475479126,1138700
2026-04-14 18:05:00+00:00,CVCB3.SA,1.9299999475479126,1.940000057220459,1.9199999570846558,1.940000057220459,440600
2026-04-14 18:10:00+00:00,CVCB3.SA,1.940000057220459,1.940000057220459,1.9299999475479126,1.940000057220459,207400
2026-04-14 18:15:00+00:00,CVCB3.SA,1.940000057220459,1.940000057220459,1.9299999475479126,1.940000057220459,196300
2026-04-14 18:20:00+00:00,CVCB3.SA,1.940000057220459,1.940000057220459,1.9299999475479126,1.940000057220459,211100
2026-04-14 18:25:00+00:00,CVCB3.SA,1.940000057220459,1.940000057220459,1.9299999475479126,1.940000057220459,138500
2026-04-14 18:30:00+00:00,CVCB3.SA,1.940000057220459,1.940000057220459,1.9299999475479126,1.9299999475479126,449000
2026-04-14 18:35:00+00:00,CVCB3.SA,1.940000057220459,1.940000057220459,1.9299999475479126,1.940000057220459,62700
2026-04-14 18:40:00+00:00,CVCB3.SA,1.940000057220459,1.940000057220459,1.9299999475479126,1.940000057220459,140000
2026-04-14 18:45:00+00:00,CVCB3.SA,1.9299999475479126,1.940000057220459,1.9299999475479126,1.9299999475479126,103600
2026-04-14 18:50:00+00:00,CVCB3.SA,1.940000057220459,1.940000057220459,1.9299999475479126,1.9299999475479126,92400
2026-04-14 18:55:00+00:00,CVCB3.SA,1.940000057220459,1.940000057220459,1.9299999475479126,1.9299999475479126,68900
2026-04-14 19:00:00+00:00,CVCB3.SA,1.940000057220459,1.940000057220459,1.9299999475479126,1.940000057220459,41100
2026-04-14 19:05:00+00:00,CVCB3.SA,1.940000057220459,1.940000057220459,1.9299999475479126,1.940000057220459,70700
2026-04-14 19:10:00+00:00,CVCB3.SA,1.940000057220459,1.940000057220459,1.9299999475479126,1.940000057220459,39900
2026-04-14 19:15:00+00:00,CVCB3.SA,1.940000057220459,1.940000057220459,1.9299999475479126,1.940000057220459,126800
2026-04-14 19:20:00+00:00,CVCB3.SA,1.940000057220459,1.9500000476837158,1.940000057220459,1.9500000476837158,203000
2026-04-14 19:25:00+00:00,CVCB3.SA,1.9500000476837158,1.9500000476837158,1.940000057220459,1.9500000476837158,25300
2026-04-14 19:30:00+00:00,CVCB3.SA,1.9500000476837158,1.9500000476837158,1.940000057220459,1.9500000476837158,52700
2026-04-14 19:35:00+00:00,CVCB3.SA,1.9500000476837158,1.9500000476837158,1.940000057220459,1.9500000476837158,143200
2026-04-14 19:40:00+00:00,CVCB3.SA,1.9500000476837158,1.9500000476837158,1.940000057220459,1.940000057220459,66200
2026-04-14 19:45:00+00:00,CVCB3.SA,1.9500000476837158,1.9500000476837158,1.940000057220459,1.9500000476837158,142300
2026-04-14 19:50:00+00:00,CVCB3.SA,1.9500000476837158,1.9500000476837158,1.940000057220459,1.9500000476837158,262400
2026-04-15 13:00:00+00:00,CVCB3.SA,1.9600000381469727,1.9800000190734863,1.9600000381469727,1.9700000286102295,0
2026-04-15 13:05:00+00:00,CVCB3.SA,1.9700000286102295,1.9800000190734863,1.9700000286102295,1.9800000190734863,156000
2026-04-15 13:10:00+00:00,CVCB3.SA,1.9800000190734863,1.9800000190734863,1.9700000286102295,1.9800000190734863,117300
2026-04-15 13:15:00+00:00,CVCB3.SA,1.9800000190734863,1.9900000095367432,1.9700000286102295,1.9900000095367432,235600
2026-04-15 13:20:00+00:00,CVCB3.SA,1.9900000095367432,1.9900000095367432,1.9800000190734863,1.9900000095367432,99900
2026-04-15 13:25:00+00:00,CVCB3.SA,1.9900000095367432,1.9900000095367432,1.9700000286102295,1.9700000286102295,207100
2026-04-15 13:30:00+00:00,CVCB3.SA,1.9700000286102295,1.9800000190734863,1.9700000286102295,1.9800000190734863,41500
2026-04-15 13:35:00+00:00,CVCB3.SA,1.9700000286102295,1.9800000190734863,1.9700000286102295,1.9800000190734863,15000
2026-04-15 13:40:00+00:00,CVCB3.SA,1.9700000286102295,1.9700000286102295,1.9600000381469727,1.9700000286102295,86400
2026-04-15 13:45:00+00:00,CVCB3.SA,1.9700000286102295,1.9700000286102295,1.9600000381469727,1.9700000286102295,46600
2026-04-15 13:50:00+00:00,CVCB3.SA,1.9700000286102295,1.9700000286102295,1.9600000381469727,1.9700000286102295,22700
2026-04-15 13:55:00+00:00,CVCB3.SA,1.9700000286102295,1.9700000286102295,1.9600000381469727,1.9700000286102295,42300
2026-04-15 14:00:00+00:00,CVCB3.SA,1.9700000286102295,1.9700000286102295,1.9600000381469727,1.9700000286102295,79900
2026-04-15 14:05:00+00:00,CVCB3.SA,1.9700000286102295,2.0,1.9600000381469727,1.9900000095367432,1183900
2026-04-15 14:10:00+00:00,CVCB3.SA,1.9900000095367432,1.9900000095367432,1.9800000190734863,1.9900000095367432,704400
2026-04-15 14:15:00+00:00,CVCB3.SA,1.9900000095367432,1.9900000095367432,1.9700000286102295,1.9800000190734863,146600
2026-04-15 14:20:00+00:00,CVCB3.SA,1.9800000190734863,1.9900000095367432,1.9800000190734863,1.9900000095367432,6300
2026-04-15 14:25:00+00:00,CVCB3.SA,1.9800000190734863,1.9900000095367432,1.9800000190734863,1.9900000095367432,104000
2026-04-15 14:30:00+00:00,CVCB3.SA,1.9900000095367432,1.9900000095367432,1.9700000286102295,1.9800000190734863,288200
2026-04-15 14:35:00+00:00,CVCB3.SA,1.9700000286102295,1.9800000190734863,1.9600000381469727,1.9600000381469727,195200
2026-04-15 14:40:00+00:00,CVCB3.SA,1.9600000381469727,1.9700000286102295,1.9500000476837158,1.9500000476837158,682500
2026-04-15 14:45:00+00:00,CVCB3.SA,1.9500000476837158,1.9600000381469727,1.9500000476837158,1.9500000476837158,45400
2026-04-15 14:50:00+00:00,CVCB3.SA,1.9600000381469727,1.9600000381469727,1.9500000476837158,1.9600000381469727,82800
2026-04-15 14:55:00+00:00,CVCB3.SA,1.9600000381469727,1.9600000381469727,1.9500000476837158,1.9600000381469727,44700
2026-04-15 15:00:00+00:00,CVCB3.SA,1.9600000381469727,1.9600000381469727,1.9500000476837158,1.9600000381469727,143000
2026-04-15 15:05:00+00:00,CVCB3.SA,1.9600000381469727,1.9600000381469727,1.9500000476837158,1.9600000381469727,25700
2026-04-15 15:10:00+00:00,CVCB3.SA,1.9600000381469727,1.9600000381469727,1.9500000476837158,1.9600000381469727,42200
2026-04-15 15:15:00+00:00,CVCB3.SA,1.9500000476837158,1.9600000381469727,1.9500000476837158,1.9500000476837158,12300
2026-04-15 15:20:00+00:00,CVCB3.SA,1.9600000381469727,1.9600000381469727,1.9500000476837158,1.9500000476837158,12500
2026-04-15 15:25:00+00:00,CVCB3.SA,1.9500000476837158,1.9600000381469727,1.9500000476837158,1.9600000381469727,10800
2026-04-15 15:30:00+00:00,CVCB3.SA,1.9600000381469727,1.9600000381469727,1.9500000476837158,1.9500000476837158,16500
2026-04-15 15:35:00+00:00,CVCB3.SA,1.9600000381469727,1.9600000381469727,1.9500000476837158,1.9500000476837158,24600
2026-04-15 15:40:00+00:00,CVCB3.SA,1.9600000381469727,1.9600000381469727,1.9500000476837158,1.9600000381469727,17500
2026-04-15 15:45:00+00:00,CVCB3.SA,1.9600000381469727,1.9600000381469727,1.940000057220459,1.9500000476837158,406700
2026-04-15 15:50:00+00:00,CVCB3.SA,1.940000057220459,1.9500000476837158,1.940000057220459,1.940000057220459,109000
2026-04-15 15:55:00+00:00,CVCB3.SA,1.9500000476837158,1.9600000381469727,1.940000057220459,1.9600000381469727,105400
2026-04-15 16:00:00+00:00,CVCB3.SA,1.9600000381469727,1.9800000190734863,1.9500000476837158,1.9800000190734863,519900
2026-04-15 16:05:00+00:00,CVCB3.SA,1.9800000190734863,1.9800000190734863,1.9700000286102295,1.9800000190734863,41600
2026-04-15 16:10:00+00:00,CVCB3.SA,1.9800000190734863,1.9800000190734863,1.9700000286102295,1.9800000190734863,17600
2026-04-15 16:15:00+00:00,CVCB3.SA,1.9700000286102295,1.9800000190734863,1.9700000286102295,1.9700000286102295,53900
2026-04-15 16:20:00+00:00,CVCB3.SA,1.9700000286102295,1.9800000190734863,1.9700000286102295,1.9800000190734863,15500
2026-04-15 16:25:00+00:00,CVCB3.SA,1.9700000286102295,1.9800000190734863,1.9700000286102295,1.9700000286102295,20800
2026-04-15 16:30:00+00:00,CVCB3.SA,1.9800000190734863,1.9800000190734863,1.9600000381469727,1.9700000286102295,120300
2026-04-15 16:35:00+00:00,CVCB3.SA,1.9600000381469727,1.9700000286102295,1.9500000476837158,1.9500000476837158,172100
2026-04-15 16:40:00+00:00,CVCB3.SA,1.9500000476837158,1.9600000381469727,1.9500000476837158,1.9500000476837158,23500
2026-04-15 16:45:00+00:00,CVCB3.SA,1.9500000476837158,1.9600000381469727,1.9500000476837158,1.9500000476837158,19100
2026-04-15 16:50:00+00:00,CVCB3.SA,1.9600000381469727,1.9600000381469727,1.9500000476837158,1.9500000476837158,19200
2026-04-15 16:55:00+00:00,CVCB3.SA,1.9500000476837158,1.9600000381469727,1.9500000476837158,1.9500000476837158,15100
2026-04-15 17:00:00+00:00,CVCB3.SA,1.9600000381469727,1.9600000381469727,1.9500000476837158,1.9600000381469727,27600
2026-04-15 17:05:00+00:00,CVCB3.SA,1.9600000381469727,1.9600000381469727,1.9500000476837158,1.9500000476837158,34600
2026-04-15 17:10:00+00:00,CVCB3.SA,1.9500000476837158,1.9600000381469727,1.9500000476837158,1.9500000476837158,17400
2026-04-15 17:15:00+00:00,CVCB3.SA,1.9600000381469727,1.9600000381469727,1.9500000476837158,1.9600000381469727,18000
2026-04-15 17:20:00+00:00,CVCB3.SA,1.9500000476837158,1.9600000381469727,1.9500000476837158,1.9600000381469727,16400
2026-04-15 17:25:00+00:00,CVCB3.SA,1.9600000381469727,1.9700000286102295,1.9500000476837158,1.9700000286102295,235200
2026-04-15 17:30:00+00:00,CVCB3.SA,1.9600000381469727,1.9700000286102295,1.9600000381469727,1.9700000286102295,18900
2026-04-15 17:35:00+00:00,CVCB3.SA,1.9700000286102295,1.9700000286102295,1.9600000381469727,1.9700000286102295,17700
2026-04-15 17:40:00+00:00,CVCB3.SA,1.9700000286102295,1.9900000095367432,1.9600000381469727,1.9900000095367432,1088700
2026-04-15 17:45:00+00:00,CVCB3.SA,1.9900000095367432,1.9900000095367432,1.9800000190734863,1.9900000095367432,154800
2026-04-15 17:50:00+00:00,CVCB3.SA,1.9800000190734863,2.0,1.9800000190734863,2.0,886100
2026-04-15 17:55:00+00:00,CVCB3.SA,2.0,2.0,1.9800000190734863,1.9900000095367432,257300
2026-04-15 18:00:00+00:00,CVCB3.SA,1.9800000190734863,1.9900000095367432,1.9800000190734863,1.9800000190734863,48100
2026-04-15 18:05:00+00:00,CVCB3.SA,1.9900000095367432,1.9900000095367432,1.9800000190734863,1.9800000190734863,56700
2026-04-15 18:10:00+00:00,CVCB3.SA,1.9900000095367432,2.0,1.9800000190734863,2.0,550000
2026-04-15 18:15:00+00:00,CVCB3.SA,2.0,2.0199999809265137,2.0,2.0199999809265137,1288500
2026-04-15 18:20:00+00:00,CVCB3.SA,2.0199999809265137,2.0299999713897705,2.009999990463257,2.0299999713897705,614400
2026-04-15 18:25:00+00:00,CVCB3.SA,2.0199999809265137,2.0299999713897705,2.009999990463257,2.0299999713897705,781100
2026-04-15 18:30:00+00:00,CVCB3.SA,2.0299999713897705,2.0299999713897705,2.0,2.0199999809265137,464600
2026-04-15 18:35:00+00:00,CVCB3.SA,2.009999990463257,2.0199999809265137,2.0,2.009999990463257,255900
2026-04-15 18:40:00+00:00,CVCB3.SA,2.009999990463257,2.009999990463257,2.0,2.0,24500
2026-04-15 18:45:00+00:00,CVCB3.SA,2.009999990463257,2.009999990463257,2.0,2.009999990463257,73400
2026-04-15 18:50:00+00:00,CVCB3.SA,2.009999990463257,2.009999990463257,2.0,2.0,239700
2026-04-15 18:55:00+00:00,CVCB3.SA,2.0,2.009999990463257,2.0,2.009999990463257,43000
2026-04-15 19:00:00+00:00,CVCB3.SA,2.009999990463257,2.0299999713897705,2.0,2.0299999713897705,599000
2026-04-15 19:05:00+00:00,CVCB3.SA,2.0199999809265137,2.0299999713897705,2.009999990463257,2.0299999713897705,766300
2026-04-15 19:10:00+00:00,CVCB3.SA,2.0299999713897705,2.0299999713897705,2.009999990463257,2.0199999809265137,15400
2026-04-15 19:15:00+00:00,CVCB3.SA,2.0199999809265137,2.0199999809265137,2.009999990463257,2.009999990463257,54000
2026-04-15 19:20:00+00:00,CVCB3.SA,2.0199999809265137,2.0199999809265137,2.009999990463257,2.009999990463257,34200
2026-04-15 19:25:00+00:00,CVCB3.SA,2.009999990463257,2.0199999809265137,2.009999990463257,2.0199999809265137,24900
2026-04-15 19:30:00+00:00,CVCB3.SA,2.0199999809265137,2.0199999809265137,2.009999990463257,2.009999990463257,205100
2026-04-15 19:35:00+00:00,CVCB3.SA,2.0199999809265137,2.0199999809265137,2.009999990463257,2.009999990463257,153000
2026-04-15 19:40:00+00:00,CVCB3.SA,2.009999990463257,2.0199999809265137,2.009999990463257,2.0199999809265137,168000
2026-04-15 19:45:00+00:00,CVCB3.SA,2.009999990463257,2.0199999809265137,2.009999990463257,2.0199999809265137,124200
2026-04-15 19:50:00+00:00,CVCB3.SA,2.0199999809265137,2.0199999809265137,2.009999990463257,2.0199999809265137,135200
2026-04-16 13:00:00+00:00,CVCB3.SA,2.0299999713897705,2.0399999618530273,2.0199999809265137,2.0399999618530273,0
2026-04-16 13:05:00+00:00,CVCB3.SA,2.0399999618530273,2.0399999618530273,2.009999990463257,2.0199999809265137,248500
2026-04-16 13:10:00+00:00,CVCB3.SA,2.0199999809265137,2.0299999713897705,2.009999990463257,2.0199999809265137,157600
2026-04-16 13:15:00+00:00,CVCB3.SA,2.0199999809265137,2.0299999713897705,2.0199999809265137,2.0199999809265137,20000
2026-04-16 13:20:00+00:00,CVCB3.SA,2.0199999809265137,2.0299999713897705,2.0199999809265137,2.0199999809265137,37500
2026-04-16 13:25:00+00:00,CVCB3.SA,2.0199999809265137,2.0299999713897705,2.0199999809265137,2.0199999809265137,24000
2026-04-16 13:30:00+00:00,CVCB3.SA,2.0199999809265137,2.0299999713897705,2.009999990463257,2.009999990463257,57900
2026-04-16 13:35:00+00:00,CVCB3.SA,2.0199999809265137,2.0299999713897705,2.0199999809265137,2.0199999809265137,58800
2026-04-16 13:40:00+00:00,CVCB3.SA,2.0199999809265137,2.0299999713897705,2.009999990463257,2.009999990463257,121100
2026-04-16 13:45:00+00:00,CVCB3.SA,2.009999990463257,2.0199999809265137,2.009999990463257,2.0199999809265137,191600
2026-04-16 13:50:00+00:00,CVCB3.SA,2.0199999809265137,2.0299999713897705,2.0199999809265137,2.0199999809265137,85200
2026-04-16 13:55:00+00:00,CVCB3.SA,2.009999990463257,2.009999990463257,2.0,2.009999990463257,155000
2026-04-16 14:00:00+00:00,CVCB3.SA,2.009999990463257,2.009999990463257,1.9800000190734863,1.9900000095367432,1428300
2026-04-16 14:05:00+00:00,CVCB3.SA,1.9900000095367432,2.0,1.9900000095367432,1.9900000095367432,146900
2026-04-16 14:10:00+00:00,CVCB3.SA,1.9900000095367432,2.0,1.9900000095367432,2.0,20900
2026-04-16 14:15:00+00:00,CVCB3.SA,2.0,2.0,1.9900000095367432,1.9900000095367432,19500
2026-04-16 14:20:00+00:00,CVCB3.SA,1.9900000095367432,2.0,1.9900000095367432,2.0,6024100
2026-04-16 14:25:00+00:00,CVCB3.SA,2.0,2.0,1.9800000190734863,1.9900000095367432,131100
2026-04-16 14:30:00+00:00,CVCB3.SA,1.9800000190734863,1.9900000095367432,1.9600000381469727,1.9800000190734863,1380300
2026-04-16 14:35:00+00:00,CVCB3.SA,1.9800000190734863,1.9800000190734863,1.9700000286102295,1.9800000190734863,17000
2026-04-16 14:40:00+00:00,CVCB3.SA,1.9800000190734863,1.9800000190734863,1.9700000286102295,1.9700000286102295,30900
2026-04-16 14:45:00+00:00,CVCB3.SA,1.9800000190734863,1.9800000190734863,1.9700000286102295,1.9800000190734863,97600
2026-04-16 14:50:00+00:00,CVCB3.SA,1.9700000286102295,1.9800000190734863,1.9700000286102295,1.9800000190734863,57600
2026-04-16 14:55:00+00:00,CVCB3.SA,1.9800000190734863,1.9800000190734863,1.9700000286102295,1.9800000190734863,54900
2026-04-16 15:00:00+00:00,CVCB3.SA,1.9800000190734863,1.9800000190734863,1.9700000286102295,1.9800000190734863,43700
2026-04-16 15:05:00+00:00,CVCB3.SA,1.9800000190734863,1.9800000190734863,1.9700000286102295,1.9700000286102295,38600
2026-04-16 15:10:00+00:00,CVCB3.SA,1.9800000190734863,1.9800000190734863,1.9700000286102295,1.9700000286102295,15500
2026-04-16 15:15:00+00:00,CVCB3.SA,1.9800000190734863,1.9800000190734863,1.9700000286102295,1.9800000190734863,18000
2026-04-16 15:20:00+00:00,CVCB3.SA,1.9800000190734863,1.9800000190734863,1.9700000286102295,1.9800000190734863,55600
2026-04-16 15:25:00+00:00,CVCB3.SA,1.9800000190734863,1.9800000190734863,1.9700000286102295,1.9700000286102295,15700
2026-04-16 15:30:00+00:00,CVCB3.SA,1.9800000190734863,1.9900000095367432,1.9700000286102295,1.9900000095367432,184600
2026-04-16 15:35:00+00:00,CVCB3.SA,1.9900000095367432,1.9900000095367432,1.9800000190734863,1.9900000095367432,18000
2026-04-16 15:40:00+00:00,CVCB3.SA,1.9900000095367432,1.9900000095367432,1.9800000190734863,1.9800000190734863,12800
2026-04-16 15:45:00+00:00,CVCB3.SA,1.9900000095367432,1.9900000095367432,1.9700000286102295,1.9700000286102295,188100
2026-04-16 15:50:00+00:00,CVCB3.SA,1.9800000190734863,1.9800000190734863,1.9700000286102295,1.9700000286102295,19600
2026-04-16 15:55:00+00:00,CVCB3.SA,1.9800000190734863,1.9800000190734863,1.9700000286102295,1.9800000190734863,24200
2026-04-16 16:00:00+00:00,CVCB3.SA,1.9700000286102295,1.9900000095367432,1.9700000286102295,1.9800000190734863,78100
2026-04-16 16:05:00+00:00,CVCB3.SA,1.9900000095367432,1.9900000095367432,1.9800000190734863,1.9800000190734863,23900
2026-04-16 16:10:00+00:00,CVCB3.SA,1.9900000095367432,1.9900000095367432,1.9800000190734863,1.9800000190734863,18200
2026-04-16 16:15:00+00:00,CVCB3.SA,1.9900000095367432,1.9900000095367432,1.9800000190734863,1.9800000190734863,34400
2026-04-16 16:20:00+00:00,CVCB3.SA,1.9900000095367432,1.9900000095367432,1.9800000190734863,1.9800000190734863,26700
2026-04-16 16:25:00+00:00,CVCB3.SA,1.9900000095367432,1.9900000095367432,1.9800000190734863,1.9900000095367432,27500
2026-04-16 16:30:00+00:00,CVCB3.SA,1.9900000095367432,1.9900000095367432,1.9700000286102295,1.9800000190734863,293900
2026-04-16 16:35:00+00:00,CVCB3.SA,1.9700000286102295,1.9800000190734863,1.9700000286102295,1.9800000190734863,71300
2026-04-16 16:40:00+00:00,CVCB3.SA,1.9800000190734863,1.9800000190734863,1.9700000286102295,1.9700000286102295,20000
2026-04-16 16:45:00+00:00,CVCB3.SA,1.9800000190734863,1.9800000190734863,1.9600000381469727,1.9700000286102295,408000
2026-04-16 16:50:00+00:00,CVCB3.SA,1.9600000381469727,1.9800000190734863,1.9600000381469727,1.9800000190734863,219400
2026-04-16 16:55:00+00:00,CVCB3.SA,1.9800000190734863,1.9800000190734863,1.9700000286102295,1.9800000190734863,17900
2026-04-16 17:00:00+00:00,CVCB3.SA,1.9800000190734863,1.9800000190734863,1.9700000286102295,1.9800000190734863,23300
2026-04-16 17:05:00+00:00,CVCB3.SA,1.9800000190734863,1.9800000190734863,1.9700000286102295,1.9700000286102295,120800
2026-04-16 17:10:00+00:00,CVCB3.SA,1.9700000286102295,1.9800000190734863,1.9600000381469727,1.9600000381469727,119600
2026-04-16 17:15:00+00:00,CVCB3.SA,1.9700000286102295,1.9700000286102295,1.9600000381469727,1.9700000286102295,48400
2026-04-16 17:20:00+00:00,CVCB3.SA,1.9700000286102295,1.9700000286102295,1.9600000381469727,1.9700000286102295,22100
2026-04-16 17:25:00+00:00,CVCB3.SA,1.9700000286102295,1.9700000286102295,1.9600000381469727,1.9700000286102295,259800
2026-04-16 17:30:00+00:00,CVCB3.SA,1.9700000286102295,1.9700000286102295,1.9600000381469727,1.9700000286102295,29600
2026-04-16 17:35:00+00:00,CVCB3.SA,1.9700000286102295,1.9700000286102295,1.9600000381469727,1.9700000286102295,48900
2026-04-16 17:40:00+00:00,CVCB3.SA,1.9700000286102295,1.9700000286102295,1.9600000381469727,1.9700000286102295,214900
2026-04-16 17:45:00+00:00,CVCB3.SA,1.9700000286102295,1.9700000286102295,1.9600000381469727,1.9700000286102295,37200
2026-04-16 17:50:00+00:00,CVCB3.SA,1.9700000286102295,1.9700000286102295,1.9600000381469727,1.9700000286102295,17800
2026-04-16 17:55:00+00:00,CVCB3.SA,1.9700000286102295,1.9700000286102295,1.9600000381469727,1.9700000286102295,158600
2026-04-16 18:00:00+00:00,CVCB3.SA,1.9700000286102295,1.9800000190734863,1.9600000381469727,1.9700000286102295,89000
2026-04-16 18:05:00+00:00,CVCB3.SA,1.9800000190734863,1.9800000190734863,1.9700000286102295,1.9800000190734863,18500
2026-04-16 18:10:00+00:00,CVCB3.SA,1.9800000190734863,1.9800000190734863,1.9700000286102295,1.9800000190734863,44400
2026-04-16 18:15:00+00:00,CVCB3.SA,1.9700000286102295,1.9800000190734863,1.9700000286102295,1.9800000190734863,27600
2026-04-16 18:20:00+00:00,CVCB3.SA,1.9700000286102295,1.9800000190734863,1.9700000286102295,1.9700000286102295,23100
2026-04-16 18:25:00+00:00,CVCB3.SA,1.9700000286102295,1.9800000190734863,1.9700000286102295,1.9800000190734863,18600
2026-04-16 18:30:00+00:00,CVCB3.SA,1.9800000190734863,1.9800000190734863,1.9700000286102295,1.9700000286102295,51800
2026-04-16 18:35:00+00:00,CVCB3.SA,1.9700000286102295,1.9800000190734863,1.9700000286102295,1.9700000286102295,43300
2026-04-16 18:40:00+00:00,CVCB3.SA,1.9700000286102295,1.9800000190734863,1.9700000286102295,1.9700000286102295,32400
2026-04-16 18:45:00+00:00,CVCB3.SA,1.9800000190734863,1.9800000190734863,1.9700000286102295,1.9700000286102295,22400
2026-04-16 18:50:00+00:00,CVCB3.SA,1.9700000286102295,1.9800000190734863,1.9600000381469727,1.9700000286102295,191900
2026-04-16 18:55:00+00:00,CVCB3.SA,1.9700000286102295,1.9700000286102295,1.9600000381469727,1.9700000286102295,44800
2026-04-16 19:00:00+00:00,CVCB3.SA,1.9600000381469727,1.9700000286102295,1.9600000381469727,1.9700000286102295,25800
2026-04-16 19:05:00+00:00,CVCB3.SA,1.9700000286102295,1.9700000286102295,1.9600000381469727,1.9600000381469727,27400
2026-04-16 19:10:00+00:00,CVCB3.SA,1.9600000381469727,1.9700000286102295,1.9600000381469727,1.9600000381469727,21000
2026-04-16 19:15:00+00:00,CVCB3.SA,1.9600000381469727,1.9700000286102295,1.9600000381469727,1.9700000286102295,20500
2026-04-16 19:20:00+00:00,CVCB3.SA,1.9600000381469727,1.9700000286102295,1.9600000381469727,1.9600000381469727,79600
2026-04-16 19:25:00+00:00,CVCB3.SA,1.9700000286102295,1.9700000286102295,1.9600000381469727,1.9700000286102295,96300
2026-04-16 19:30:00+00:00,CVCB3.SA,1.9600000381469727,1.9700000286102295,1.9500000476837158,1.9500000476837158,691800
2026-04-16 19:35:00+00:00,CVCB3.SA,1.9600000381469727,1.9600000381469727,1.9500000476837158,1.9600000381469727,51400
2026-04-16 19:40:00+00:00,CVCB3.SA,1.9500000476837158,1.9600000381469727,1.9500000476837158,1.9500000476837158,124400
2026-04-16 19:45:00+00:00,CVCB3.SA,1.9600000381469727,1.9700000286102295,1.9500000476837158,1.9600000381469727,441800
2026-04-16 19:50:00+00:00,CVCB3.SA,1.9600000381469727,1.9700000286102295,1.9500000476837158,1.9600000381469727,216300
2026-04-17 13:05:00+00:00,CVCB3.SA,1.9900000095367432,2.009999990463257,1.9800000190734863,2.0,0
2026-04-17 13:10:00+00:00,CVCB3.SA,2.0,2.0399999618530273,1.9900000095367432,2.0199999809265137,1394900
2026-04-17 13:15:00+00:00,CVCB3.SA,2.0299999713897705,2.0299999713897705,2.009999990463257,2.0199999809265137,751900
2026-04-17 13:20:00+00:00,CVCB3.SA,2.0299999713897705,2.0299999713897705,2.009999990463257,2.0199999809265137,292300
2026-04-17 13:25:00+00:00,CVCB3.SA,2.009999990463257,2.0399999618530273,2.009999990463257,2.0299999713897705,1043600
2026-04-17 13:30:00+00:00,CVCB3.SA,2.0399999618530273,2.0399999618530273,2.0199999809265137,2.0299999713897705,261700
2026-04-17 13:35:00+00:00,CVCB3.SA,2.0299999713897705,2.0399999618530273,2.0199999809265137,2.0199999809265137,427700
2026-04-17 13:40:00+00:00,CVCB3.SA,2.0299999713897705,2.0299999713897705,2.009999990463257,2.009999990463257,652600
2026-04-17 13:45:00+00:00,CVCB3.SA,2.0199999809265137,2.0199999809265137,2.009999990463257,2.0199999809265137,252100
2026-04-17 13:50:00+00:00,CVCB3.SA,2.0199999809265137,2.0299999713897705,2.0199999809265137,2.0299999713897705,108700
2026-04-17 13:55:00+00:00,CVCB3.SA,2.0299999713897705,2.0399999618530273,2.0199999809265137,2.0399999618530273,452900
2026-04-17 14:00:00+00:00,CVCB3.SA,2.0399999618530273,2.0399999618530273,2.0299999713897705,2.0299999713897705,184300
2026-04-17 14:05:00+00:00,CVCB3.SA,2.0399999618530273,2.0399999618530273,2.0199999809265137,2.0299999713897705,865100
2026-04-17 14:10:00+00:00,CVCB3.SA,2.0199999809265137,2.0199999809265137,2.0,2.009999990463257,593200
2026-04-17 14:15:00+00:00,CVCB3.SA,2.009999990463257,2.009999990463257,1.9900000095367432,2.009999990463257,513600
2026-04-17 14:20:00+00:00,CVCB3.SA,2.009999990463257,2.009999990463257,1.9900000095367432,2.009999990463257,324400
2026-04-17 14:25:00+00:00,CVCB3.SA,2.009999990463257,2.0199999809265137,2.009999990463257,2.0199999809265137,314600
2026-04-17 14:30:00+00:00,CVCB3.SA,2.0199999809265137,2.0299999713897705,2.009999990463257,2.0299999713897705,112900
2026-04-17 14:35:00+00:00,CVCB3.SA,2.0299999713897705,2.0299999713897705,2.0199999809265137,2.0299999713897705,111200
2026-04-17 14:40:00+00:00,CVCB3.SA,2.0199999809265137,2.0299999713897705,2.0199999809265137,2.0199999809265137,78800
2026-04-17 14:45:00+00:00,CVCB3.SA,2.0299999713897705,2.0299999713897705,2.0199999809265137,2.0299999713897705,113800
2026-04-17 14:50:00+00:00,CVCB3.SA,2.0299999713897705,2.0299999713897705,2.009999990463257,2.0199999809265137,136000
2026-04-17 14:55:00+00:00,CVCB3.SA,2.0199999809265137,2.0199999809265137,1.9900000095367432,2.0199999809265137,1418900
2026-04-17 15:00:00+00:00,CVCB3.SA,2.0199999809265137,2.0199999809265137,2.009999990463257,2.0199999809265137,65500
2026-04-17 15:05:00+00:00,CVCB3.SA,2.0199999809265137,2.0199999809265137,2.0,2.009999990463257,235000
2026-04-17 15:10:00+00:00,CVCB3.SA,2.0,2.009999990463257,2.0,2.009999990463257,182600
2026-04-17 15:15:00+00:00,CVCB3.SA,2.009999990463257,2.0199999809265137,2.0,2.009999990463257,96800
2026-04-17 15:20:00+00:00,CVCB3.SA,2.009999990463257,2.0199999809265137,2.009999990463257,2.009999990463257,65300
2026-04-17 15:25:00+00:00,CVCB3.SA,2.0199999809265137,2.0199999809265137,2.009999990463257,2.0199999809265137,160600
2026-04-17 15:30:00+00:00,CVCB3.SA,2.0199999809265137,2.0199999809265137,2.009999990463257,2.009999990463257,106800
2026-04-17 15:35:00+00:00,CVCB3.SA,2.0199999809265137,2.0199999809265137,2.009999990463257,2.0199999809265137,126600
2026-04-17 15:40:00+00:00,CVCB3.SA,2.0199999809265137,2.0199999809265137,2.009999990463257,2.0199999809265137,115900
2026-04-17 15:45:00+00:00,CVCB3.SA,2.0199999809265137,2.0199999809265137,2.009999990463257,2.0199999809265137,176700
2026-04-17 15:50:00+00:00,CVCB3.SA,2.0199999809265137,2.0399999618530273,2.009999990463257,2.0399999618530273,624000
2026-04-17 15:55:00+00:00,CVCB3.SA,2.0299999713897705,2.0399999618530273,2.0199999809265137,2.0299999713897705,703900
2026-04-17 16:00:00+00:00,CVCB3.SA,2.0299999713897705,2.0299999713897705,2.0199999809265137,2.0299999713897705,117900
2026-04-17 16:05:00+00:00,CVCB3.SA,2.0299999713897705,2.0399999618530273,2.0199999809265137,2.0399999618530273,321300
2026-04-17 16:10:00+00:00,CVCB3.SA,2.0399999618530273,2.0399999618530273,2.0199999809265137,2.0299999713897705,395300
2026-04-17 16:15:00+00:00,CVCB3.SA,2.0299999713897705,2.0399999618530273,2.0299999713897705,2.0399999618530273,154300
2026-04-17 16:20:00+00:00,CVCB3.SA,2.0399999618530273,2.0399999618530273,2.0299999713897705,2.0399999618530273,115000
2026-04-17 16:25:00+00:00,CVCB3.SA,2.0399999618530273,2.0399999618530273,2.0299999713897705,2.0399999618530273,182200
2026-04-17 16:30:00+00:00,CVCB3.SA,2.0399999618530273,2.0399999618530273,2.0299999713897705,2.0399999618530273,125700
2026-04-17 16:35:00+00:00,CVCB3.SA,2.0399999618530273,2.0399999618530273,2.0299999713897705,2.0399999618530273,128400
2026-04-17 16:40:00+00:00,CVCB3.SA,2.0399999618530273,2.0399999618530273,2.0299999713897705,2.0399999618530273,115600
2026-04-17 16:45:00+00:00,CVCB3.SA,2.0399999618530273,2.049999952316284,2.0299999713897705,2.049999952316284,1365700
2026-04-17 16:50:00+00:00,CVCB3.SA,2.049999952316284,2.049999952316284,2.0399999618530273,2.049999952316284,184100
2026-04-17 16:55:00+00:00,CVCB3.SA,2.049999952316284,2.049999952316284,2.0399999618530273,2.049999952316284,209300
2026-04-17 17:00:00+00:00,CVCB3.SA,2.049999952316284,2.049999952316284,2.0399999618530273,2.049999952316284,118200
2026-04-17 17:05:00+00:00,CVCB3.SA,2.049999952316284,2.049999952316284,2.0399999618530273,2.049999952316284,130300
2026-04-17 17:10:00+00:00,CVCB3.SA,2.049999952316284,2.049999952316284,2.0399999618530273,2.0399999618530273,334100
2026-04-17 17:15:00+00:00,CVCB3.SA,2.0399999618530273,2.049999952316284,2.0399999618530273,2.049999952316284,106200
2026-04-17 17:20:00+00:00,CVCB3.SA,2.049999952316284,2.049999952316284,2.0399999618530273,2.049999952316284,222100
2026-04-17 17:25:00+00:00,CVCB3.SA,2.0399999618530273,2.049999952316284,2.0299999713897705,2.0399999618530273,444400
2026-04-17 17:30:00+00:00,CVCB3.SA,2.0299999713897705,2.0399999618530273,2.0299999713897705,2.0399999618530273,173100
2026-04-17 17:35:00+00:00,CVCB3.SA,2.0399999618530273,2.0399999618530273,2.0199999809265137,2.0399999618530273,181000
2026-04-17 17:40:00+00:00,CVCB3.SA,2.0299999713897705,2.0399999618530273,2.0299999713897705,2.0399999618530273,116300
2026-04-17 17:45:00+00:00,CVCB3.SA,2.0399999618530273,2.049999952316284,2.0299999713897705,2.0399999618530273,190900
2026-04-17 17:50:00+00:00,CVCB3.SA,2.0399999618530273,2.049999952316284,2.0299999713897705,2.0399999618530273,102600
2026-04-17 17:55:00+00:00,CVCB3.SA,2.0399999618530273,2.049999952316284,2.0299999713897705,2.0299999713897705,268100
2026-04-17 18:00:00+00:00,CVCB3.SA,2.0199999809265137,2.0199999809265137,2.009999990463257,2.0199999809265137,187200
2026-04-17 18:05:00+00:00,CVCB3.SA,2.0199999809265137,2.0299999713897705,2.009999990463257,2.0199999809265137,191600
2026-04-17 18:10:00+00:00,CVCB3.SA,2.009999990463257,2.0299999713897705,2.009999990463257,2.0299999713897705,190000
2026-04-17 18:15:00+00:00,CVCB3.SA,2.0299999713897705,2.0299999713897705,2.0199999809265137,2.0199999809265137,110700
2026-04-17 18:20:00+00:00,CVCB3.SA,2.0299999713897705,2.0299999713897705,2.0199999809265137,2.0299999713897705,53800
2026-04-17 18:25:00+00:00,CVCB3.SA,2.0199999809265137,2.0299999713897705,2.0199999809265137,2.0299999713897705,54800
2026-04-17 18:30:00+00:00,CVCB3.SA,2.0299999713897705,2.049999952316284,2.0199999809265137,2.049999952316284,418200
2026-04-17 18:35:00+00:00,CVCB3.SA,2.049999952316284,2.049999952316284,2.0399999618530273,2.049999952316284,285300
2026-04-17 18:40:00+00:00,CVCB3.SA,2.049999952316284,2.059999942779541,2.0399999618530273,2.049999952316284,218600
2026-04-17 18:45:00+00:00,CVCB3.SA,2.049999952316284,2.059999942779541,2.0399999618530273,2.059999942779541,197700
2026-04-17 18:50:00+00:00,CVCB3.SA,2.059999942779541,2.059999942779541,2.0399999618530273,2.049999952316284,321500
2026-04-17 18:55:00+00:00,CVCB3.SA,2.049999952316284,2.059999942779541,2.0399999618530273,2.059999942779541,262600
2026-04-17 19:00:00+00:00,CVCB3.SA,2.059999942779541,2.059999942779541,2.049999952316284,2.059999942779541,221800
2026-04-17 19:05:00+00:00,CVCB3.SA,2.059999942779541,2.069999933242798,2.049999952316284,2.059999942779541,288400
2026-04-17 19:10:00+00:00,CVCB3.SA,2.059999942779541,2.069999933242798,2.049999952316284,2.059999942779541,381300
2026-04-17 19:15:00+00:00,CVCB3.SA,2.059999942779541,2.0799999237060547,2.049999952316284,2.0799999237060547,850700
2026-04-17 19:20:00+00:00,CVCB3.SA,2.069999933242798,2.119999885559082,2.069999933242798,2.119999885559082,2107100
2026-04-17 19:25:00+00:00,CVCB3.SA,2.119999885559082,2.119999885559082,2.0899999141693115,2.0999999046325684,618500
2026-04-17 19:30:00+00:00,CVCB3.SA,2.0999999046325684,2.109999895095825,2.0899999141693115,2.109999895095825,394900
2026-04-17 19:35:00+00:00,CVCB3.SA,2.0999999046325684,2.109999895095825,2.0999999046325684,2.0999999046325684,629600
2026-04-17 19:40:00+00:00,CVCB3.SA,2.0999999046325684,2.119999885559082,2.0999999046325684,2.109999895095825,826700
2026-04-17 19:45:00+00:00,CVCB3.SA,2.109999895095825,2.119999885559082,2.0899999141693115,2.0899999141693115,771000
2026-04-17 19:50:00+00:00,CVCB3.SA,2.0999999046325684,2.119999885559082,2.0799999237060547,2.119999885559082,1464500
2026-04-20 13:00:00+00:00,CVCB3.SA,2.0999999046325684,2.0999999046325684,2.069999933242798,2.0799999237060547,0
2026-04-20 13:05:00+00:00,CVCB3.SA,2.0799999237060547,2.0999999046325684,2.0799999237060547,2.0999999046325684,185600
2026-04-20 13:10:00+00:00,CVCB3.SA,2.0999999046325684,2.0999999046325684,2.0899999141693115,2.0999999046325684,39100
2026-04-20 13:15:00+00:00,CVCB3.SA,2.0899999141693115,2.119999885559082,2.0899999141693115,2.119999885559082,476300
2026-04-20 13:20:00+00:00,CVCB3.SA,2.119999885559082,2.119999885559082,2.109999895095825,2.109999895095825,54500
2026-04-20 13:25:00+00:00,CVCB3.SA,2.119999885559082,2.119999885559082,2.109999895095825,2.119999885559082,17000
2026-04-20 13:30:00+00:00,CVCB3.SA,2.119999885559082,2.119999885559082,2.0999999046325684,2.0999999046325684,56600
2026-04-20 13:35:00+00:00,CVCB3.SA,2.109999895095825,2.109999895095825,2.0999999046325684,2.109999895095825,13400
2026-04-20 13:40:00+00:00,CVCB3.SA,2.0999999046325684,2.109999895095825,2.0899999141693115,2.0899999141693115,670200
2026-04-20 13:45:00+00:00,CVCB3.SA,2.0899999141693115,2.0999999046325684,2.0799999237060547,2.0999999046325684,255100
2026-04-20 13:50:00+00:00,CVCB3.SA,2.0999999046325684,2.0999999046325684,2.0899999141693115,2.0999999046325684,1900
2026-04-20 13:55:00+00:00,CVCB3.SA,2.0999999046325684,2.0999999046325684,2.0899999141693115,2.0899999141693115,31600
2026-04-20 14:00:00+00:00,CVCB3.SA,2.0899999141693115,2.0899999141693115,2.0799999237060547,2.0899999141693115,118200
2026-04-20 14:05:00+00:00,CVCB3.SA,2.0899999141693115,2.0899999141693115,2.0799999237060547,2.0899999141693115,6000
2026-04-20 14:10:00+00:00,CVCB3.SA,2.0899999141693115,2.0899999141693115,2.0799999237060547,2.0899999141693115,24700
2026-04-20 14:15:00+00:00,CVCB3.SA,2.0899999141693115,2.0999999046325684,2.0799999237060547,2.0999999046325684,311700
2026-04-20 14:20:00+00:00,CVCB3.SA,2.0899999141693115,2.0999999046325684,2.0899999141693115,2.0999999046325684,24900
2026-04-20 14:25:00+00:00,CVCB3.SA,2.0999999046325684,2.109999895095825,2.0999999046325684,2.109999895095825,264500
2026-04-20 14:30:00+00:00,CVCB3.SA,2.109999895095825,2.130000114440918,2.0999999046325684,2.130000114440918,448000
2026-04-20 14:35:00+00:00,CVCB3.SA,2.130000114440918,2.130000114440918,2.119999885559082,2.130000114440918,34300
2026-04-20 14:40:00+00:00,CVCB3.SA,2.130000114440918,2.130000114440918,2.119999885559082,2.130000114440918,11800
2026-04-20 14:45:00+00:00,CVCB3.SA,2.130000114440918,2.1500000953674316,2.119999885559082,2.140000104904175,211900
2026-04-20 14:50:00+00:00,CVCB3.SA,2.1500000953674316,2.1600000858306885,2.140000104904175,2.1500000953674316,569100
2026-04-20 14:55:00+00:00,CVCB3.SA,2.1500000953674316,2.1500000953674316,2.140000104904175,2.140000104904175,30100
2026-04-20 15:00:00+00:00,CVCB3.SA,2.140000104904175,2.1500000953674316,2.140000104904175,2.140000104904175,17900
2026-04-20 15:05:00+00:00,CVCB3.SA,2.1500000953674316,2.1500000953674316,2.109999895095825,2.119999885559082,809600
2026-04-20 15:10:00+00:00,CVCB3.SA,2.119999885559082,2.119999885559082,2.109999895095825,2.109999895095825,37400
2026-04-20 15:15:00+00:00,CVCB3.SA,2.109999895095825,2.119999885559082,2.109999895095825,2.119999885559082,173700
2026-04-20 15:20:00+00:00,CVCB3.SA,2.109999895095825,2.119999885559082,2.109999895095825,2.119999885559082,39200
2026-04-20 15:25:00+00:00,CVCB3.SA,2.119999885559082,2.130000114440918,2.109999895095825,2.130000114440918,301800
2026-04-20 15:30:00+00:00,CVCB3.SA,2.130000114440918,2.140000104904175,2.119999885559082,2.140000104904175,57500
2026-04-20 15:35:00+00:00,CVCB3.SA,2.140000104904175,2.140000104904175,2.130000114440918,2.140000104904175,104600
2026-04-20 15:40:00+00:00,CVCB3.SA,2.140000104904175,2.1500000953674316,2.130000114440918,2.140000104904175,246800
2026-04-20 15:45:00+00:00,CVCB3.SA,2.140000104904175,2.1500000953674316,2.140000104904175,2.140000104904175,43600
2026-04-20 15:50:00+00:00,CVCB3.SA,2.140000104904175,2.1500000953674316,2.140000104904175,2.1500000953674316,100300
2026-04-20 15:55:00+00:00,CVCB3.SA,2.1500000953674316,2.1500000953674316,2.130000114440918,2.130000114440918,151500
2026-04-20 16:00:00+00:00,CVCB3.SA,2.130000114440918,2.1500000953674316,2.130000114440918,2.1500000953674316,157200
2026-04-20 16:05:00+00:00,CVCB3.SA,2.140000104904175,2.1500000953674316,2.140000104904175,2.140000104904175,14500
2026-04-20 16:10:00+00:00,CVCB3.SA,2.1500000953674316,2.1500000953674316,2.140000104904175,2.140000104904175,11900
2026-04-20 16:15:00+00:00,CVCB3.SA,2.140000104904175,2.1500000953674316,2.140000104904175,2.1500000953674316,137400
2026-04-20 16:20:00+00:00,CVCB3.SA,2.140000104904175,2.1500000953674316,2.140000104904175,2.140000104904175,151800
2026-04-20 16:25:00+00:00,CVCB3.SA,2.130000114440918,2.140000104904175,2.130000114440918,2.140000104904175,9300
2026-04-20 16:30:00+00:00,CVCB3.SA,2.130000114440918,2.140000104904175,2.130000114440918,2.130000114440918,435700
2026-04-20 16:35:00+00:00,CVCB3.SA,2.130000114440918,2.140000104904175,2.130000114440918,2.140000104904175,11700
2026-04-20 16:40:00+00:00,CVCB3.SA,2.130000114440918,2.140000104904175,2.130000114440918,2.130000114440918,148700
2026-04-20 16:45:00+00:00,CVCB3.SA,2.140000104904175,2.140000104904175,2.109999895095825,2.119999885559082,337900
2026-04-20 16:50:00+00:00,CVCB3.SA,2.119999885559082,2.130000114440918,2.119999885559082,2.119999885559082,6500
2026-04-20 16:55:00+00:00,CVCB3.SA,2.119999885559082,2.130000114440918,2.109999895095825,2.119999885559082,43900
2026-04-20 17:00:00+00:00,CVCB3.SA,2.109999895095825,2.119999885559082,2.109999895095825,2.109999895095825,5300
2026-04-20 17:05:00+00:00,CVCB3.SA,2.119999885559082,2.130000114440918,2.119999885559082,2.130000114440918,52700
2026-04-20 17:10:00+00:00,CVCB3.SA,2.130000114440918,2.130000114440918,2.119999885559082,2.130000114440918,7900
2026-04-20 17:15:00+00:00,CVCB3.SA,2.130000114440918,2.130000114440918,2.109999895095825,2.119999885559082,67100
2026-04-20 17:20:00+00:00,CVCB3.SA,2.119999885559082,2.119999885559082,2.109999895095825,2.109999895095825,10100
2026-04-20 17:25:00+00:00,CVCB3.SA,2.119999885559082,2.119999885559082,2.109999895095825,2.109999895095825,11200
2026-04-20 17:30:00+00:00,CVCB3.SA,2.119999885559082,2.130000114440918,2.109999895095825,2.119999885559082,72400
2026-04-20 17:35:00+00:00,CVCB3.SA,2.130000114440918,2.140000104904175,2.119999885559082,2.140000104904175,340000
2026-04-20 17:40:00+00:00,CVCB3.SA,2.140000104904175,2.140000104904175,2.130000114440918,2.130000114440918,15500
2026-04-20 17:45:00+00:00,CVCB3.SA,2.140000104904175,2.1500000953674316,2.119999885559082,2.140000104904175,614100
2026-04-20 17:50:00+00:00,CVCB3.SA,2.140000104904175,2.140000104904175,2.130000114440918,2.140000104904175,3300
2026-04-20 17:55:00+00:00,CVCB3.SA,2.140000104904175,2.140000104904175,2.130000114440918,2.140000104904175,11100
2026-04-20 18:00:00+00:00,CVCB3.SA,2.140000104904175,2.140000104904175,2.130000114440918,2.140000104904175,15300
2026-04-20 18:05:00+00:00,CVCB3.SA,2.140000104904175,2.1500000953674316,2.130000114440918,2.140000104904175,186700
2026-04-20 18:10:00+00:00,CVCB3.SA,2.140000104904175,2.1500000953674316,2.140000104904175,2.1500000953674316,5800
2026-04-20 18:15:00+00:00,CVCB3.SA,2.1500000953674316,2.1500000953674316,2.140000104904175,2.140000104904175,81200
2026-04-20 18:20:00+00:00,CVCB3.SA,2.1500000953674316,2.1500000953674316,2.140000104904175,2.140000104904175,27000
2026-04-20 18:25:00+00:00,CVCB3.SA,2.140000104904175,2.1500000953674316,2.130000114440918,2.1500000953674316,121500
2026-04-20 18:30:00+00:00,CVCB3.SA,2.1500000953674316,2.1500000953674316,2.140000104904175,2.1500000953674316,27700
2026-04-20 18:35:00+00:00,CVCB3.SA,2.1500000953674316,2.1500000953674316,2.140000104904175,2.1500000953674316,33100
2026-04-20 18:40:00+00:00,CVCB3.SA,2.1500000953674316,2.1500000953674316,2.130000114440918,2.130000114440918,65200
2026-04-20 18:45:00+00:00,CVCB3.SA,2.140000104904175,2.1500000953674316,2.130000114440918,2.1500000953674316,234000
2026-04-20 18:50:00+00:00,CVCB3.SA,2.1500000953674316,2.1500000953674316,2.140000104904175,2.1500000953674316,19700
2026-04-20 18:55:00+00:00,CVCB3.SA,2.1500000953674316,2.1600000858306885,2.140000104904175,2.1600000858306885,580700
2026-04-20 19:00:00+00:00,CVCB3.SA,2.1600000858306885,2.1600000858306885,2.1500000953674316,2.1600000858306885,681500
2026-04-20 19:05:00+00:00,CVCB3.SA,2.1500000953674316,2.1700000762939453,2.1500000953674316,2.1600000858306885,1123200
2026-04-20 19:10:00+00:00,CVCB3.SA,2.1600000858306885,2.1600000858306885,2.1500000953674316,2.1600000858306885,197500
2026-04-20 19:15:00+00:00,CVCB3.SA,2.1600000858306885,2.1600000858306885,2.1500000953674316,2.1600000858306885,77100
2026-04-20 19:20:00+00:00,CVCB3.SA,2.1600000858306885,2.1600000858306885,2.1500000953674316,2.1600000858306885,85900
2026-04-20 19:25:00+00:00,CVCB3.SA,2.1600000858306885,2.1600000858306885,2.1500000953674316,2.1600000858306885,66100
2026-04-20 19:30:00+00:00,CVCB3.SA,2.1600000858306885,2.1600000858306885,2.1500000953674316,2.1600000858306885,76700
2026-04-20 19:35:00+00:00,CVCB3.SA,2.1600000858306885,2.1600000858306885,2.1500000953674316,2.1500000953674316,357100
2026-04-20 19:40:00+00:00,CVCB3.SA,2.140000104904175,2.1500000953674316,2.140000104904175,2.1500000953674316,313700
2026-04-20 19:45:00+00:00,CVCB3.SA,2.1500000953674316,2.1500000953674316,2.140000104904175,2.1500000953674316,122200
2026-04-20 19:50:00+00:00,CVCB3.SA,2.1500000953674316,2.1600000858306885,2.130000114440918,2.140000104904175,388500
2026-04-22 13:00:00+00:00,CVCB3.SA,2.109999895095825,2.119999885559082,2.109999895095825,2.119999885559082,0
2026-04-22 13:05:00+00:00,CVCB3.SA,2.130000114440918,2.130000114440918,2.109999895095825,2.130000114440918,437200
2026-04-22 13:10:00+00:00,CVCB3.SA,2.130000114440918,2.130000114440918,2.109999895095825,2.119999885559082,135300
2026-04-22 13:15:00+00:00,CVCB3.SA,2.109999895095825,2.119999885559082,2.0999999046325684,2.119999885559082,121900
2026-04-22 13:20:00+00:00,CVCB3.SA,2.119999885559082,2.130000114440918,2.109999895095825,2.130000114440918,95400
2026-04-22 13:25:00+00:00,CVCB3.SA,2.119999885559082,2.130000114440918,2.109999895095825,2.130000114440918,70000
2026-04-22 13:30:00+00:00,CVCB3.SA,2.130000114440918,2.130000114440918,2.109999895095825,2.109999895095825,65200
2026-04-22 13:35:00+00:00,CVCB3.SA,2.119999885559082,2.119999885559082,2.0899999141693115,2.0899999141693115,258600
2026-04-22 13:40:00+00:00,CVCB3.SA,2.0999999046325684,2.109999895095825,2.0899999141693115,2.0999999046325684,44600
2026-04-22 13:45:00+00:00,CVCB3.SA,2.0999999046325684,2.119999885559082,2.0999999046325684,2.109999895095825,65700
2026-04-22 13:50:00+00:00,CVCB3.SA,2.109999895095825,2.109999895095825,2.0999999046325684,2.109999895095825,20900
2026-04-22 13:55:00+00:00,CVCB3.SA,2.109999895095825,2.119999885559082,2.109999895095825,2.109999895095825,52900
2026-04-22 14:00:00+00:00,CVCB3.SA,2.119999885559082,2.119999885559082,2.0999999046325684,2.109999895095825,85300
2026-04-22 14:05:00+00:00,CVCB3.SA,2.109999895095825,2.109999895095825,2.0899999141693115,2.0999999046325684,233700
2026-04-22 14:10:00+00:00,CVCB3.SA,2.0999999046325684,2.109999895095825,2.0899999141693115,2.109999895095825,146600
2026-04-22 14:15:00+00:00,CVCB3.SA,2.109999895095825,2.109999895095825,2.0999999046325684,2.109999895095825,686500
2026-04-22 14:20:00+00:00,CVCB3.SA,2.109999895095825,2.109999895095825,2.0999999046325684,2.109999895095825,14500
2026-04-22 14:25:00+00:00,CVCB3.SA,2.109999895095825,2.119999885559082,2.0999999046325684,2.109999895095825,79600
2026-04-22 14:30:00+00:00,CVCB3.SA,2.109999895095825,2.109999895095825,2.109999895095825,2.109999895095825,220500
2026-04-22 14:35:00+00:00,CVCB3.SA,2.109999895095825,2.109999895095825,2.0999999046325684,2.109999895095825,22900
2026-04-22 14:40:00+00:00,CVCB3.SA,2.109999895095825,2.109999895095825,2.0999999046325684,2.109999895095825,218800
2026-04-22 14:45:00+00:00,CVCB3.SA,2.109999895095825,2.109999895095825,2.0999999046325684,2.109999895095825,25700
2026-04-22 14:50:00+00:00,CVCB3.SA,2.109999895095825,2.109999895095825,2.0999999046325684,2.109999895095825,17200
2026-04-22 14:55:00+00:00,CVCB3.SA,2.109999895095825,2.109999895095825,2.0999999046325684,2.109999895095825,189900
2026-04-22 15:00:00+00:00,CVCB3.SA,2.109999895095825,2.109999895095825,2.0999999046325684,2.109999895095825,13800
2026-04-22 15:05:00+00:00,CVCB3.SA,2.109999895095825,2.109999895095825,2.0999999046325684,2.109999895095825,7700
2026-04-22 15:10:00+00:00,CVCB3.SA,2.109999895095825,2.109999895095825,2.0999999046325684,2.109999895095825,15200
2026-04-22 15:15:00+00:00,CVCB3.SA,2.109999895095825,2.109999895095825,2.0999999046325684,2.109999895095825,10800
2026-04-22 15:20:00+00:00,CVCB3.SA,2.109999895095825,2.109999895095825,2.0999999046325684,2.109999895095825,10500
2026-04-22 15:25:00+00:00,CVCB3.SA,2.109999895095825,2.109999895095825,2.0999999046325684,2.109999895095825,16500
2026-04-22 15:30:00+00:00,CVCB3.SA,2.0999999046325684,2.119999885559082,2.0999999046325684,2.119999885559082,207300
2026-04-22 15:35:00+00:00,CVCB3.SA,2.109999895095825,2.119999885559082,2.109999895095825,2.119999885559082,138400
2026-04-22 15:40:00+00:00,CVCB3.SA,2.119999885559082,2.119999885559082,2.109999895095825,2.119999885559082,83800
2026-04-22 15:45:00+00:00,CVCB3.SA,2.119999885559082,2.119999885559082,2.0999999046325684,2.109999895095825,128700
2026-04-22 15:50:00+00:00,CVCB3.SA,2.109999895095825,2.109999895095825,2.0999999046325684,2.109999895095825,24100
2026-04-22 15:55:00+00:00,CVCB3.SA,2.109999895095825,2.109999895095825,2.0999999046325684,2.109999895095825,66800
2026-04-22 16:00:00+00:00,CVCB3.SA,2.109999895095825,2.109999895095825,2.0999999046325684,2.109999895095825,49200
2026-04-22 16:05:00+00:00,CVCB3.SA,2.109999895095825,2.109999895095825,2.0999999046325684,2.0999999046325684,92300
2026-04-22 16:10:00+00:00,CVCB3.SA,2.0999999046325684,2.0999999046325684,2.0899999141693115,2.0999999046325684,59500
2026-04-22 16:15:00+00:00,CVCB3.SA,2.0999999046325684,2.0999999046325684,2.0899999141693115,2.0999999046325684,16600
2026-04-22 16:20:00+00:00,CVCB3.SA,2.0999999046325684,2.0999999046325684,2.0899999141693115,2.0999999046325684,31000
2026-04-22 16:25:00+00:00,CVCB3.SA,2.0999999046325684,2.0999999046325684,2.0899999141693115,2.0999999046325684,21600
2026-04-22 16:30:00+00:00,CVCB3.SA,2.0999999046325684,2.0999999046325684,2.0899999141693115,2.0999999046325684,11600
2026-04-22 16:35:00+00:00,CVCB3.SA,2.0999999046325684,2.0999999046325684,2.0799999237060547,2.0999999046325684,633800
2026-04-22 16:40:00+00:00,CVCB3.SA,2.0999999046325684,2.0999999046325684,2.0999999046325684,2.0999999046325684,46800
2026-04-22 16:45:00+00:00,CVCB3.SA,2.0999999046325684,2.109999895095825,2.0899999141693115,2.109999895095825,261900
2026-04-22 16:50:00+00:00,CVCB3.SA,2.109999895095825,2.109999895095825,2.109999895095825,2.109999895095825,16300
2026-04-22 16:55:00+00:00,CVCB3.SA,2.109999895095825,2.109999895095825,2.109999895095825,2.109999895095825,22500
2026-04-22 17:00:00+00:00,CVCB3.SA,2.109999895095825,2.109999895095825,2.0999999046325684,2.109999895095825,17600
2026-04-22 17:05:00+00:00,CVCB3.SA,2.109999895095825,2.109999895095825,2.109999895095825,2.109999895095825,25500
2026-04-22 17:10:00+00:00,CVCB3.SA,2.109999895095825,2.119999885559082,2.109999895095825,2.119999885559082,198600
2026-04-22 17:15:00+00:00,CVCB3.SA,2.119999885559082,2.119999885559082,2.0999999046325684,2.109999895095825,103400
2026-04-22 17:20:00+00:00,CVCB3.SA,2.109999895095825,2.109999895095825,2.0899999141693115,2.109999895095825,249200
2026-04-22 17:25:00+00:00,CVCB3.SA,2.109999895095825,2.109999895095825,2.109999895095825,2.109999895095825,45200
2026-04-22 17:30:00+00:00,CVCB3.SA,2.109999895095825,2.109999895095825,2.0999999046325684,2.0999999046325684,67400
2026-04-22 17:35:00+00:00,CVCB3.SA,2.109999895095825,2.109999895095825,2.0999999046325684,2.109999895095825,42900
2026-04-22 17:40:00+00:00,CVCB3.SA,2.109999895095825,2.109999895095825,2.0999999046325684,2.109999895095825,79100
2026-04-22 17:45:00+00:00,CVCB3.SA,2.109999895095825,2.109999895095825,2.109999895095825,2.109999895095825,34600
2026-04-22 17:50:00+00:00,CVCB3.SA,2.109999895095825,2.109999895095825,2.0999999046325684,2.109999895095825,104200
2026-04-22 17:55:00+00:00,CVCB3.SA,2.109999895095825,2.109999895095825,2.0999999046325684,2.109999895095825,104000
2026-04-22 18:00:00+00:00,CVCB3.SA,2.109999895095825,2.109999895095825,2.0999999046325684,2.0999999046325684,30900
2026-04-22 18:05:00+00:00,CVCB3.SA,2.109999895095825,2.109999895095825,2.0999999046325684,2.109999895095825,27000
2026-04-22 18:10:00+00:00,CVCB3.SA,2.109999895095825,2.130000114440918,2.0999999046325684,2.119999885559082,678000
2026-04-22 18:15:00+00:00,CVCB3.SA,2.119999885559082,2.119999885559082,2.109999895095825,2.119999885559082,46100
2026-04-22 18:20:00+00:00,CVCB3.SA,2.119999885559082,2.119999885559082,2.109999895095825,2.119999885559082,39200
2026-04-22 18:25:00+00:00,CVCB3.SA,2.119999885559082,2.119999885559082,2.109999895095825,2.119999885559082,33500
2026-04-22 18:30:00+00:00,CVCB3.SA,2.119999885559082,2.119999885559082,2.109999895095825,2.119999885559082,34600
2026-04-22 18:35:00+00:00,CVCB3.SA,2.119999885559082,2.119999885559082,2.109999895095825,2.119999885559082,183900
2026-04-22 18:40:00+00:00,CVCB3.SA,2.119999885559082,2.119999885559082,2.109999895095825,2.119999885559082,31100
2026-04-22 18:45:00+00:00,CVCB3.SA,2.109999895095825,2.119999885559082,2.109999895095825,2.119999885559082,35200
2026-04-22 18:50:00+00:00,CVCB3.SA,2.119999885559082,2.119999885559082,2.109999895095825,2.119999885559082,43100
2026-04-22 18:55:00+00:00,CVCB3.SA,2.119999885559082,2.119999885559082,2.109999895095825,2.109999895095825,44500
2026-04-22 19:00:00+00:00,CVCB3.SA,2.119999885559082,2.119999885559082,2.0999999046325684,2.109999895095825,239300
2026-04-22 19:05:00+00:00,CVCB3.SA,2.109999895095825,2.109999895095825,2.0999999046325684,2.109999895095825,38400
2026-04-22 19:10:00+00:00,CVCB3.SA,2.109999895095825,2.109999895095825,2.0999999046325684,2.0999999046325684,31900
2026-04-22 19:15:00+00:00,CVCB3.SA,2.0999999046325684,2.109999895095825,2.0999999046325684,2.109999895095825,43700
2026-04-22 19:20:00+00:00,CVCB3.SA,2.109999895095825,2.109999895095825,2.0999999046325684,2.109999895095825,38200
2026-04-22 19:25:00+00:00,CVCB3.SA,2.109999895095825,2.109999895095825,2.0999999046325684,2.109999895095825,95400
2026-04-22 19:30:00+00:00,CVCB3.SA,2.109999895095825,2.109999895095825,2.0999999046325684,2.109999895095825,42400
2026-04-22 19:35:00+00:00,CVCB3.SA,2.109999895095825,2.109999895095825,2.0999999046325684,2.0999999046325684,248800
2026-04-22 19:40:00+00:00,CVCB3.SA,2.109999895095825,2.109999895095825,2.0999999046325684,2.109999895095825,71200
2026-04-22 19:45:00+00:00,CVCB3.SA,2.0999999046325684,2.109999895095825,2.0999999046325684,2.109999895095825,136500
2026-04-22 19:50:00+00:00,CVCB3.SA,2.0999999046325684,2.119999885559082,2.0999999046325684,2.119999885559082,445100
2026-04-23 13:00:00+00:00,CVCB3.SA,2.119999885559082,2.119999885559082,2.0999999046325684,2.0999999046325684,0
2026-04-23 13:05:00+00:00,CVCB3.SA,2.0999999046325684,2.0999999046325684,2.0799999237060547,2.0899999141693115,119800
2026-04-23 13:10:00+00:00,CVCB3.SA,2.0899999141693115,2.0899999141693115,2.069999933242798,2.0799999237060547,485000
2026-04-23 13:15:00+00:00,CVCB3.SA,2.0799999237060547,2.0899999141693115,2.069999933242798,2.0899999141693115,277600
2026-04-23 13:20:00+00:00,CVCB3.SA,2.0999999046325684,2.0999999046325684,2.0899999141693115,2.0899999141693115,5900
2026-04-23 13:25:00+00:00,CVCB3.SA,2.0999999046325684,2.0999999046325684,2.0899999141693115,2.0999999046325684,28700
2026-04-23 13:30:00+00:00,CVCB3.SA,2.0899999141693115,2.109999895095825,2.0899999141693115,2.0899999141693115,309200
2026-04-23 13:35:00+00:00,CVCB3.SA,2.0899999141693115,2.0899999141693115,2.059999942779541,2.059999942779541,859900
2026-04-23 13:40:00+00:00,CVCB3.SA,2.059999942779541,2.069999933242798,2.049999952316284,2.059999942779541,330900
2026-04-23 13:45:00+00:00,CVCB3.SA,2.059999942779541,2.059999942779541,2.049999952316284,2.059999942779541,231800
2026-04-23 13:50:00+00:00,CVCB3.SA,2.059999942779541,2.069999933242798,2.059999942779541,2.059999942779541,361700
2026-04-23 13:55:00+00:00,CVCB3.SA,2.059999942779541,2.059999942779541,2.0399999618530273,2.049999952316284,119900
2026-04-23 14:00:00+00:00,CVCB3.SA,2.049999952316284,2.049999952316284,2.0199999809265137,2.0299999713897705,637500
2026-04-23 14:05:00+00:00,CVCB3.SA,2.0199999809265137,2.0299999713897705,2.0199999809265137,2.0199999809265137,140600
2026-04-23 14:10:00+00:00,CVCB3.SA,2.0299999713897705,2.0299999713897705,2.009999990463257,2.0199999809265137,486600
2026-04-23 14:15:00+00:00,CVCB3.SA,2.0299999713897705,2.0299999713897705,2.0199999809265137,2.0199999809265137,9100
2026-04-23 14:20:00+00:00,CVCB3.SA,2.0299999713897705,2.0299999713897705,2.009999990463257,2.0199999809265137,136300
2026-04-23 14:25:00+00:00,CVCB3.SA,2.0199999809265137,2.0199999809265137,2.009999990463257,2.0199999809265137,202700
2026-04-23 14:30:00+00:00,CVCB3.SA,2.0199999809265137,2.0199999809265137,2.009999990463257,2.009999990463257,133800
2026-04-23 14:35:00+00:00,CVCB3.SA,2.009999990463257,2.0199999809265137,2.009999990463257,2.0199999809265137,204300
2026-04-23 14:40:00+00:00,CVCB3.SA,2.0199999809265137,2.0299999713897705,2.009999990463257,2.0299999713897705,457100
2026-04-23 14:45:00+00:00,CVCB3.SA,2.0299999713897705,2.0299999713897705,2.0199999809265137,2.0299999713897705,34500
2026-04-23 14:50:00+00:00,CVCB3.SA,2.0299999713897705,2.0299999713897705,2.0199999809265137,2.0299999713897705,34200
2026-04-23 14:55:00+00:00,CVCB3.SA,2.0299999713897705,2.0299999713897705,2.009999990463257,2.0299999713897705,255400
2026-04-23 15:00:00+00:00,CVCB3.SA,2.0299999713897705,2.0299999713897705,2.009999990463257,2.009999990463257,61000
2026-04-23 15:05:00+00:00,CVCB3.SA,2.009999990463257,2.009999990463257,2.0,2.009999990463257,575900
2026-04-23 15:10:00+00:00,CVCB3.SA,2.009999990463257,2.0199999809265137,2.009999990463257,2.0199999809265137,311200
2026-04-23 15:15:00+00:00,CVCB3.SA,2.009999990463257,2.0199999809265137,2.009999990463257,2.009999990463257,58600
2026-04-23 15:20:00+00:00,CVCB3.SA,2.009999990463257,2.0199999809265137,2.009999990463257,2.0199999809265137,24700
2026-04-23 15:25:00+00:00,CVCB3.SA,2.0199999809265137,2.0199999809265137,2.009999990463257,2.009999990463257,47400
2026-04-23 15:30:00+00:00,CVCB3.SA,2.0199999809265137,2.0299999713897705,2.009999990463257,2.0299999713897705,462300
2026-04-23 15:35:00+00:00,CVCB3.SA,2.0199999809265137,2.0299999713897705,2.0199999809265137,2.0299999713897705,70000
2026-04-23 15:40:00+00:00,CVCB3.SA,2.0299999713897705,2.0299999713897705,2.0199999809265137,2.0299999713897705,44600
2026-04-23 15:45:00+00:00,CVCB3.SA,2.0299999713897705,2.0299999713897705,2.0199999809265137,2.0199999809265137,12500
2026-04-23 15:50:00+00:00,CVCB3.SA,2.0299999713897705,2.0299999713897705,2.009999990463257,2.009999990463257,76100
2026-04-23 15:55:00+00:00,CVCB3.SA,2.0199999809265137,2.0299999713897705,2.009999990463257,2.009999990463257,239000
2026-04-23 16:00:00+00:00,CVCB3.SA,2.009999990463257,2.0199999809265137,2.009999990463257,2.009999990463257,9100
2026-04-23 16:05:00+00:00,CVCB3.SA,2.009999990463257,2.0199999809265137,2.009999990463257,2.0199999809265137,11000
2026-04-23 16:10:00+00:00,CVCB3.SA,2.0199999809265137,2.0199999809265137,2.009999990463257,2.0199999809265137,11400
2026-04-23 16:15:00+00:00,CVCB3.SA,2.0199999809265137,2.0199999809265137,2.009999990463257,2.0199999809265137,26200
2026-04-23 16:20:00+00:00,CVCB3.SA,2.0199999809265137,2.0199999809265137,2.009999990463257,2.0199999809265137,17600
2026-04-23 16:25:00+00:00,CVCB3.SA,2.0199999809265137,2.0199999809265137,2.009999990463257,2.0199999809265137,13500
2026-04-23 16:30:00+00:00,CVCB3.SA,2.009999990463257,2.0199999809265137,2.009999990463257,2.0199999809265137,9800
2026-04-23 16:35:00+00:00,CVCB3.SA,2.0199999809265137,2.0199999809265137,2.009999990463257,2.0199999809265137,11600
2026-04-23 16:40:00+00:00,CVCB3.SA,2.0199999809265137,2.0299999713897705,2.009999990463257,2.0299999713897705,118900
2026-04-23 16:45:00+00:00,CVCB3.SA,2.0299999713897705,2.0299999713897705,2.009999990463257,2.0199999809265137,238100
2026-04-23 16:50:00+00:00,CVCB3.SA,2.0199999809265137,2.0399999618530273,2.009999990463257,2.0399999618530273,356300
2026-04-23 16:55:00+00:00,CVCB3.SA,2.0399999618530273,2.0399999618530273,2.0299999713897705,2.0399999618530273,8700
2026-04-23 17:00:00+00:00,CVCB3.SA,2.0399999618530273,2.0399999618530273,2.0299999713897705,2.0299999713897705,337000
2026-04-23 17:05:00+00:00,CVCB3.SA,2.0399999618530273,2.0399999618530273,2.0199999809265137,2.0399999618530273,227800
2026-04-23 17:10:00+00:00,CVCB3.SA,2.0399999618530273,2.0399999618530273,2.0299999713897705,2.0399999618530273,10900
2026-04-23 17:15:00+00:00,CVCB3.SA,2.0399999618530273,2.0399999618530273,2.0299999713897705,2.0399999618530273,19100
2026-04-23 17:20:00+00:00,CVCB3.SA,2.0299999713897705,2.0399999618530273,2.0299999713897705,2.0399999618530273,10800
2026-04-23 17:25:00+00:00,CVCB3.SA,2.0399999618530273,2.0399999618530273,2.0299999713897705,2.0399999618530273,27200
2026-04-23 17:30:00+00:00,CVCB3.SA,2.0399999618530273,2.0399999618530273,2.0299999713897705,2.0299999713897705,69800
2026-04-23 17:35:00+00:00,CVCB3.SA,2.0399999618530273,2.0399999618530273,2.0299999713897705,2.0299999713897705,114300
2026-04-23 17:40:00+00:00,CVCB3.SA,2.0199999809265137,2.0299999713897705,2.0199999809265137,2.0299999713897705,173300
2026-04-23 17:45:00+00:00,CVCB3.SA,2.0199999809265137,2.0299999713897705,2.009999990463257,2.0199999809265137,405600
2026-04-23 17:50:00+00:00,CVCB3.SA,2.0199999809265137,2.0299999713897705,2.009999990463257,2.0299999713897705,82300
2026-04-23 17:55:00+00:00,CVCB3.SA,2.0299999713897705,2.0299999713897705,2.0199999809265137,2.0299999713897705,25800
2026-04-23 18:00:00+00:00,CVCB3.SA,2.0299999713897705,2.0399999618530273,2.0199999809265137,2.0399999618530273,87100
2026-04-23 18:05:00+00:00,CVCB3.SA,2.0299999713897705,2.0399999618530273,2.0199999809265137,2.0299999713897705,147700
2026-04-23 18:10:00+00:00,CVCB3.SA,2.0199999809265137,2.0399999618530273,2.0199999809265137,2.0399999618530273,167400
2026-04-23 18:15:00+00:00,CVCB3.SA,2.0399999618530273,2.0399999618530273,2.0299999713897705,2.0299999713897705,10500
2026-04-23 18:20:00+00:00,CVCB3.SA,2.0399999618530273,2.0399999618530273,2.0299999713897705,2.0399999618530273,18200
2026-04-23 18:25:00+00:00,CVCB3.SA,2.0299999713897705,2.0399999618530273,2.0299999713897705,2.0399999618530273,16100
2026-04-23 18:30:00+00:00,CVCB3.SA,2.0299999713897705,2.0399999618530273,2.0299999713897705,2.0299999713897705,16400
2026-04-23 18:35:00+00:00,CVCB3.SA,2.0399999618530273,2.0399999618530273,2.0299999713897705,2.0399999618530273,41000
2026-04-23 18:40:00+00:00,CVCB3.SA,2.0399999618530273,2.0399999618530273,2.0299999713897705,2.0399999618530273,10700
2026-04-23 18:45:00+00:00,CVCB3.SA,2.0399999618530273,2.0399999618530273,2.0299999713897705,2.0399999618530273,14400
2026-04-23 18:50:00+00:00,CVCB3.SA,2.0399999618530273,2.0399999618530273,2.0299999713897705,2.0399999618530273,18200
2026-04-23 18:55:00+00:00,CVCB3.SA,2.0299999713897705,2.0399999618530273,2.0299999713897705,2.0399999618530273,22800
2026-04-23 19:00:00+00:00,CVCB3.SA,2.0399999618530273,2.0399999618530273,2.0299999713897705,2.0399999618530273,26200
2026-04-23 19:05:00+00:00,CVCB3.SA,2.0399999618530273,2.0399999618530273,2.0299999713897705,2.0399999618530273,26800
2026-04-23 19:10:00+00:00,CVCB3.SA,2.0299999713897705,2.0399999618530273,2.0299999713897705,2.0399999618530273,90800
2026-04-23 19:15:00+00:00,CVCB3.SA,2.0399999618530273,2.0399999618530273,2.0299999713897705,2.0399999618530273,17200
2026-04-23 19:20:00+00:00,CVCB3.SA,2.0399999618530273,2.0399999618530273,2.0199999809265137,2.0299999713897705,562700
2026-04-23 19:25:00+00:00,CVCB3.SA,2.0299999713897705,2.0299999713897705,2.0199999809265137,2.0299999713897705,343400
2026-04-23 19:30:00+00:00,CVCB3.SA,2.0299999713897705,2.0299999713897705,2.0199999809265137,2.0299999713897705,119400
2026-04-23 19:35:00+00:00,CVCB3.SA,2.0199999809265137,2.0299999713897705,2.009999990463257,2.0199999809265137,493700
2026-04-23 19:40:00+00:00,CVCB3.SA,2.0299999713897705,2.0299999713897705,2.009999990463257,2.0199999809265137,91900
2026-04-23 19:45:00+00:00,CVCB3.SA,2.0199999809265137,2.0199999809265137,2.009999990463257,2.0199999809265137,101100
2026-04-23 19:50:00+00:00,CVCB3.SA,2.009999990463257,2.0199999809265137,2.009999990463257,2.0199999809265137,157000
2026-04-24 13:00:00+00:00,CVCB3.SA,2.0399999618530273,2.0399999618530273,2.0,2.0,0
2026-04-24 13:05:00+00:00,CVCB3.SA,2.009999990463257,2.0299999713897705,2.0,2.0299999713897705,167600
2026-04-24 13:10:00+00:00,CVCB3.SA,2.0299999713897705,2.0399999618530273,2.0199999809265137,2.0299999713897705,151800
2026-04-24 13:15:00+00:00,CVCB3.SA,2.0199999809265137,2.0299999713897705,2.009999990463257,2.009999990463257,99200
2026-04-24 13:20:00+00:00,CVCB3.SA,2.009999990463257,2.0199999809265137,2.009999990463257,2.009999990463257,29600
2026-04-24 13:25:00+00:00,CVCB3.SA,2.009999990463257,2.009999990463257,2.0,2.009999990463257,300800
2026-04-24 13:30:00+00:00,CVCB3.SA,2.009999990463257,2.009999990463257,2.0,2.0,172700
2026-04-24 13:35:00+00:00,CVCB3.SA,2.009999990463257,2.009999990463257,2.0,2.009999990463257,17300
2026-04-24 13:40:00+00:00,CVCB3.SA,2.009999990463257,2.009999990463257,2.0,2.009999990463257,8800
2026-04-24 13:45:00+00:00,CVCB3.SA,2.009999990463257,2.0199999809265137,2.0,2.0199999809265137,108200
2026-04-24 13:50:00+00:00,CVCB3.SA,2.009999990463257,2.0199999809265137,2.009999990463257,2.009999990463257,39200
2026-04-24 13:55:00+00:00,CVCB3.SA,2.009999990463257,2.0199999809265137,2.009999990463257,2.0199999809265137,17000
2026-04-24 14:00:00+00:00,CVCB3.SA,2.009999990463257,2.0199999809265137,2.009999990463257,2.009999990463257,70100
2026-04-24 14:05:00+00:00,CVCB3.SA,2.009999990463257,2.009999990463257,2.0,2.0,3600
2026-04-24 14:10:00+00:00,CVCB3.SA,2.0,2.009999990463257,2.0,2.0,3400
2026-04-24 14:15:00+00:00,CVCB3.SA,2.0,2.0,1.9900000095367432,2.0,237700
2026-04-24 14:20:00+00:00,CVCB3.SA,2.0,2.009999990463257,1.9900000095367432,2.009999990463257,213200
2026-04-24 14:25:00+00:00,CVCB3.SA,2.009999990463257,2.009999990463257,2.0,2.009999990463257,8300
2026-04-24 14:30:00+00:00,CVCB3.SA,2.009999990463257,2.009999990463257,2.0,2.009999990463257,19000
2026-04-24 14:35:00+00:00,CVCB3.SA,2.009999990463257,2.009999990463257,2.0,2.009999990463257,16500
2026-04-24 14:40:00+00:00,CVCB3.SA,2.009999990463257,2.009999990463257,2.0,2.0,7800
2026-04-24 14:45:00+00:00,CVCB3.SA,2.009999990463257,2.009999990463257,2.0,2.009999990463257,8300
2026-04-24 14:50:00+00:00,CVCB3.SA,2.0,2.009999990463257,1.9900000095367432,1.9900000095367432,80700
2026-04-24 14:55:00+00:00,CVCB3.SA,1.9900000095367432,2.0,1.9900000095367432,1.9900000095367432,14000
2026-04-24 15:00:00+00:00,CVCB3.SA,1.9900000095367432,2.0,1.9900000095367432,1.9900000095367432,7100
2026-04-24 15:05:00+00:00,CVCB3.SA,1.9900000095367432,2.0,1.9900000095367432,1.9900000095367432,209900
2026-04-24 15:10:00+00:00,CVCB3.SA,2.0,2.0,1.9900000095367432,1.9900000095367432,6100
2026-04-24 15:15:00+00:00,CVCB3.SA,1.9900000095367432,2.0,1.9800000190734863,1.9900000095367432,332100
2026-04-24 15:20:00+00:00,CVCB3.SA,1.9900000095367432,1.9900000095367432,1.9800000190734863,1.9800000190734863,0
2026-04-24 15:25:00+00:00,CVCB3.SA,1.9800000190734863,1.9900000095367432,1.9800000190734863,1.9800000190734863,12200
2026-04-24 15:30:00+00:00,CVCB3.SA,1.9900000095367432,1.9900000095367432,1.9800000190734863,1.9800000190734863,10500
2026-04-24 15:35:00+00:00,CVCB3.SA,1.9900000095367432,1.9900000095367432,1.9800000190734863,1.9800000190734863,7500
2026-04-24 15:40:00+00:00,CVCB3.SA,1.9900000095367432,1.9900000095367432,1.9800000190734863,1.9900000095367432,65800
2026-04-24 15:45:00+00:00,CVCB3.SA,2.0,2.0,1.9900000095367432,2.0,19100
2026-04-24 15:50:00+00:00,CVCB3.SA,2.0,2.0,1.9900000095367432,1.9900000095367432,5600
2026-04-24 15:55:00+00:00,CVCB3.SA,1.9900000095367432,2.0,1.9900000095367432,1.9900000095367432,5500
2026-04-24 16:00:00+00:00,CVCB3.SA,1.9900000095367432,2.0,1.9900000095367432,2.0,5500
2026-04-24 16:05:00+00:00,CVCB3.SA,2.0,2.0,1.9900000095367432,2.0,15800
2026-04-24 16:10:00+00:00,CVCB3.SA,1.9900000095367432,2.0,1.9900000095367432,1.9900000095367432,107900
2026-04-24 16:15:00+00:00,CVCB3.SA,2.0,2.0,1.9900000095367432,1.9900000095367432,13200
2026-04-24 16:20:00+00:00,CVCB3.SA,2.0,2.0,1.9900000095367432,2.0,8200
2026-04-24 16:25:00+00:00,CVCB3.SA,1.9900000095367432,2.0,1.9900000095367432,1.9900000095367432,16100
2026-04-24 16:30:00+00:00,CVCB3.SA,2.0,2.0,1.9900000095367432,1.9900000095367432,4500
2026-04-24 16:35:00+00:00,CVCB3.SA,1.9900000095367432,2.0,1.9900000095367432,1.9900000095367432,9800
2026-04-24 16:40:00+00:00,CVCB3.SA,1.9900000095367432,2.0,1.9900000095367432,1.9900000095367432,5000
2026-04-24 16:45:00+00:00,CVCB3.SA,2.0,2.0,1.9900000095367432,1.9900000095367432,5700
2026-04-24 16:50:00+00:00,CVCB3.SA,2.0,2.0,1.9900000095367432,2.0,145900
2026-04-24 16:55:00+00:00,CVCB3.SA,2.0,2.0,1.9900000095367432,1.9900000095367432,5600
2026-04-24 17:00:00+00:00,CVCB3.SA,1.9900000095367432,2.0,1.9900000095367432,1.9900000095367432,20500
2026-04-24 17:05:00+00:00,CVCB3.SA,2.0,2.0,1.9900000095367432,2.0,7200
2026-04-24 17:10:00+00:00,CVCB3.SA,2.0,2.0,1.9900000095367432,2.0,2700
2026-04-24 17:15:00+00:00,CVCB3.SA,2.0,2.0,1.9900000095367432,1.9900000095367432,4700
2026-04-24 17:20:00+00:00,CVCB3.SA,2.0,2.0,1.9900000095367432,1.9900000095367432,10200
2026-04-24 17:25:00+00:00,CVCB3.SA,1.9900000095367432,2.0,1.9900000095367432,1.9900000095367432,26500
2026-04-24 17:30:00+00:00,CVCB3.SA,1.9900000095367432,2.0,1.9900000095367432,1.9900000095367432,7200
2026-04-24 17:35:00+00:00,CVCB3.SA,2.0,2.0,1.9900000095367432,2.0,203800
2026-04-24 17:40:00+00:00,CVCB3.SA,2.009999990463257,2.009999990463257,2.0,2.0,0
2026-04-24 17:45:00+00:00,CVCB3.SA,2.009999990463257,2.009999990463257,2.0,2.0,13400
2026-04-24 17:50:00+00:00,CVCB3.SA,2.009999990463257,2.009999990463257,2.0,2.0,9400
2026-04-24 17:55:00+00:00,CVCB3.SA,2.0,2.009999990463257,2.0,2.0,75300
2026-04-24 18:00:00+00:00,CVCB3.SA,2.0,2.009999990463257,2.0,2.0,18200
2026-04-24 18:05:00+00:00,CVCB3.SA,2.009999990463257,2.009999990463257,1.9900000095367432,1.9900000095367432,68800
2026-04-24 18:10:00+00:00,CVCB3.SA,2.0,2.009999990463257,1.9900000095367432,2.009999990463257,141400
2026-04-24 18:15:00+00:00,CVCB3.SA,2.0,2.009999990463257,2.0,2.009999990463257,26500
2026-04-24 18:20:00+00:00,CVCB3.SA,2.0,2.009999990463257,2.0,2.009999990463257,20700
2026-04-24 18:25:00+00:00,CVCB3.SA,2.009999990463257,2.009999990463257,2.0,2.009999990463257,21400
2026-04-24 18:30:00+00:00,CVCB3.SA,2.0,2.009999990463257,2.0,2.009999990463257,11900
2026-04-24 18:35:00+00:00,CVCB3.SA,2.0,2.009999990463257,2.0,2.009999990463257,9400
2026-04-24 18:40:00+00:00,CVCB3.SA,2.009999990463257,2.009999990463257,2.0,2.0,14200
2026-04-24 18:45:00+00:00,CVCB3.SA,2.0,2.009999990463257,2.0,2.009999990463257,10500
2026-04-24 18:50:00+00:00,CVCB3.SA,2.009999990463257,2.009999990463257,2.0,2.009999990463257,26600
2026-04-24 18:55:00+00:00,CVCB3.SA,2.009999990463257,2.009999990463257,2.0,2.009999990463257,10000
2026-04-24 19:00:00+00:00,CVCB3.SA,2.0,2.0199999809265137,2.0,2.0199999809265137,296900
2026-04-24 19:05:00+00:00,CVCB3.SA,2.0199999809265137,2.0199999809265137,2.009999990463257,2.0199999809265137,43000
2026-04-24 19:10:00+00:00,CVCB3.SA,2.009999990463257,2.0199999809265137,2.009999990463257,2.009999990463257,24600
2026-04-24 19:15:00+00:00,CVCB3.SA,2.009999990463257,2.0199999809265137,2.0,2.009999990463257,295700
2026-04-24 19:20:00+00:00,CVCB3.SA,2.009999990463257,2.0199999809265137,2.0,2.0199999809265137,289200
2026-04-24 19:25:00+00:00,CVCB3.SA,2.009999990463257,2.0199999809265137,2.009999990463257,2.0199999809265137,283800
2026-04-24 19:30:00+00:00,CVCB3.SA,2.009999990463257,2.0199999809265137,2.009999990463257,2.009999990463257,100500
2026-04-24 19:35:00+00:00,CVCB3.SA,2.009999990463257,2.0199999809265137,2.009999990463257,2.009999990463257,466900
2026-04-24 19:40:00+00:00,CVCB3.SA,2.0,2.009999990463257,2.0,2.009999990463257,53100
2026-04-24 19:45:00+00:00,CVCB3.SA,2.009999990463257,2.009999990463257,2.0,2.0,9500
2026-04-24 19:50:00+00:00,CVCB3.SA,2.009999990463257,2.009999990463257,2.0,2.0,160500
2026-04-27 13:00:00+00:00,CVCB3.SA,2.0,2.009999990463257,1.9900000095367432,2.009999990463257,0
2026-04-27 13:05:00+00:00,CVCB3.SA,2.009999990463257,2.0299999713897705,2.0,2.0199999809265137,206500
2026-04-27 13:10:00+00:00,CVCB3.SA,2.0199999809265137,2.0299999713897705,2.009999990463257,2.0199999809265137,76700
2026-04-27 13:15:00+00:00,CVCB3.SA,2.0299999713897705,2.049999952316284,2.0299999713897705,2.0399999618530273,506900
2026-04-27 13:20:00+00:00,CVCB3.SA,2.0399999618530273,2.0399999618530273,2.0299999713897705,2.0399999618530273,54500
2026-04-27 13:25:00+00:00,CVCB3.SA,2.0399999618530273,2.0399999618530273,2.0199999809265137,2.0399999618530273,322500
2026-04-27 13:30:00+00:00,CVCB3.SA,2.0299999713897705,2.0399999618530273,2.0299999713897705,2.0399999618530273,219200
2026-04-27 13:35:00+00:00,CVCB3.SA,2.0399999618530273,2.049999952316284,2.0299999713897705,2.0399999618530273,702100
2026-04-27 13:40:00+00:00,CVCB3.SA,2.0399999618530273,2.0399999618530273,2.0299999713897705,2.0399999618530273,68000
2026-04-27 13:45:00+00:00,CVCB3.SA,2.0399999618530273,2.0399999618530273,2.0299999713897705,2.0399999618530273,138200
2026-04-27 13:50:00+00:00,CVCB3.SA,2.0399999618530273,2.0399999618530273,2.0299999713897705,2.0299999713897705,174600
2026-04-27 13:55:00+00:00,CVCB3.SA,2.0299999713897705,2.0399999618530273,2.0299999713897705,2.0399999618530273,82800
2026-04-27 14:00:00+00:00,CVCB3.SA,2.0399999618530273,2.0399999618530273,2.0199999809265137,2.0299999713897705,76500
2026-04-27 14:05:00+00:00,CVCB3.SA,2.0299999713897705,2.0299999713897705,2.009999990463257,2.009999990463257,62000
2026-04-27 14:10:00+00:00,CVCB3.SA,2.009999990463257,2.0199999809265137,2.009999990463257,2.009999990463257,17900
2026-04-27 14:15:00+00:00,CVCB3.SA,2.009999990463257,2.009999990463257,2.0,2.0,123500
2026-04-27 14:20:00+00:00,CVCB3.SA,2.009999990463257,2.0199999809265137,2.0,2.009999990463257,119900
2026-04-27 14:25:00+00:00,CVCB3.SA,2.0,2.009999990463257,2.0,2.009999990463257,10800
2026-04-27 14:30:00+00:00,CVCB3.SA,2.0,2.009999990463257,2.0,2.009999990463257,140800
2026-04-27 14:35:00+00:00,CVCB3.SA,2.009999990463257,2.0299999713897705,2.0,2.0299999713897705,205200
2026-04-27 14:40:00+00:00,CVCB3.SA,2.0299999713897705,2.0299999713897705,2.0199999809265137,2.0299999713897705,72100
2026-04-27 14:45:00+00:00,CVCB3.SA,2.0299999713897705,2.0299999713897705,2.009999990463257,2.0199999809265137,72900
2026-04-27 14:50:00+00:00,CVCB3.SA,2.0199999809265137,2.0199999809265137,2.009999990463257,2.0199999809265137,45900
2026-04-27 14:55:00+00:00,CVCB3.SA,2.0199999809265137,2.0199999809265137,2.0,2.009999990463257,152800
2026-04-27 15:00:00+00:00,CVCB3.SA,2.009999990463257,2.0199999809265137,2.0,2.009999990463257,132300
2026-04-27 15:05:00+00:00,CVCB3.SA,2.009999990463257,2.009999990463257,2.0,2.0,13800
2026-04-27 15:10:00+00:00,CVCB3.SA,2.009999990463257,2.009999990463257,2.0,2.009999990463257,87400
2026-04-27 15:15:00+00:00,CVCB3.SA,2.009999990463257,2.009999990463257,2.0,2.009999990463257,1600
2026-04-27 15:20:00+00:00,CVCB3.SA,2.009999990463257,2.009999990463257,2.0,2.009999990463257,5800
2026-04-27 15:25:00+00:00,CVCB3.SA,2.0,2.009999990463257,1.9900000095367432,2.0,397200
2026-04-27 15:30:00+00:00,CVCB3.SA,2.0,2.0,2.0,2.0,23000
2026-04-27 15:35:00+00:00,CVCB3.SA,2.0,2.009999990463257,2.0,2.009999990463257,55800
2026-04-27 15:40:00+00:00,CVCB3.SA,2.009999990463257,2.009999990463257,2.0,2.009999990463257,22800
2026-04-27 15:45:00+00:00,CVCB3.SA,2.009999990463257,2.009999990463257,2.0,2.009999990463257,2700
2026-04-27 15:50:00+00:00,CVCB3.SA,2.009999990463257,2.009999990463257,2.0,2.0,4500
2026-04-27 15:55:00+00:00,CVCB3.SA,2.009999990463257,2.009999990463257,2.0,2.009999990463257,5700
2026-04-27 16:00:00+00:00,CVCB3.SA,2.0,2.009999990463257,2.0,2.0,33300
2026-04-27 16:05:00+00:00,CVCB3.SA,2.009999990463257,2.009999990463257,2.0,2.009999990463257,15300
2026-04-27 16:10:00+00:00,CVCB3.SA,2.0,2.009999990463257,2.0,2.009999990463257,15800
2026-04-27 16:15:00+00:00,CVCB3.SA,2.009999990463257,2.009999990463257,2.0,2.009999990463257,21000
2026-04-27 16:20:00+00:00,CVCB3.SA,2.0,2.009999990463257,2.0,2.009999990463257,4400
2026-04-27 16:25:00+00:00,CVCB3.SA,2.009999990463257,2.009999990463257,2.0,2.009999990463257,6200
2026-04-27 16:30:00+00:00,CVCB3.SA,2.0,2.009999990463257,2.0,2.009999990463257,6500
2026-04-27 16:35:00+00:00,CVCB3.SA,2.009999990463257,2.009999990463257,2.0,2.0,13900
2026-04-27 16:40:00+00:00,CVCB3.SA,2.009999990463257,2.009999990463257,2.0,2.009999990463257,12800
2026-04-27 16:45:00+00:00,CVCB3.SA,2.009999990463257,2.009999990463257,2.0,2.009999990463257,6400
2026-04-27 16:50:00+00:00,CVCB3.SA,2.009999990463257,2.009999990463257,1.9900000095367432,1.9900000095367432,222400
2026-04-27 16:55:00+00:00,CVCB3.SA,2.0,2.0,1.9900000095367432,1.9900000095367432,10900
2026-04-27 17:00:00+00:00,CVCB3.SA,2.0,2.0,1.9900000095367432,1.9900000095367432,6600
2026-04-27 17:05:00+00:00,CVCB3.SA,1.9900000095367432,1.9900000095367432,1.9800000190734863,1.9800000190734863,248900
2026-04-27 17:10:00+00:00,CVCB3.SA,1.9900000095367432,1.9900000095367432,1.9800000190734863,1.9900000095367432,26700
2026-04-27 17:15:00+00:00,CVCB3.SA,1.9900000095367432,1.9900000095367432,1.9800000190734863,1.9900000095367432,14400
2026-04-27 17:20:00+00:00,CVCB3.SA,1.9800000190734863,1.9900000095367432,1.9800000190734863,1.9900000095367432,136500
2026-04-27 17:25:00+00:00,CVCB3.SA,1.9800000190734863,2.0,1.9800000190734863,2.0,117000
2026-04-27 17:30:00+00:00,CVCB3.SA,2.0,2.0,1.9900000095367432,2.0,28900
2026-04-27 17:35:00+00:00,CVCB3.SA,1.9900000095367432,2.0,1.9900000095367432,2.0,5200
2026-04-27 17:40:00+00:00,CVCB3.SA,2.0,2.0,1.9900000095367432,1.9900000095367432,5900
2026-04-27 17:45:00+00:00,CVCB3.SA,2.0,2.0,1.9900000095367432,2.0,36200
2026-04-27 17:50:00+00:00,CVCB3.SA,2.0,2.0,1.9900000095367432,1.9900000095367432,6600
2026-04-27 17:55:00+00:00,CVCB3.SA,2.0,2.0,1.9900000095367432,2.0,9000
2026-04-27 18:00:00+00:00,CVCB3.SA,1.9900000095367432,2.0,1.9900000095367432,1.9900000095367432,10500
2026-04-27 18:05:00+00:00,CVCB3.SA,1.9900000095367432,2.0,1.9900000095367432,1.9900000095367432,23300
2026-04-27 18:10:00+00:00,CVCB3.SA,2.0,2.0,1.9900000095367432,1.9900000095367432,33000
2026-04-27 18:15:00+00:00,CVCB3.SA,2.0,2.0,1.9900000095367432,2.0,14600
2026-04-27 18:20:00+00:00,CVCB3.SA,2.0,2.0,1.9900000095367432,1.9900000095367432,8800
2026-04-27 18:25:00+00:00,CVCB3.SA,2.0,2.0,1.9900000095367432,2.0,9800
2026-04-27 18:30:00+00:00,CVCB3.SA,2.0,2.0,1.9800000190734863,1.9800000190734863,125700
2026-04-27 18:35:00+00:00,CVCB3.SA,1.9900000095367432,1.9900000095367432,1.9800000190734863,1.9900000095367432,15000
2026-04-27 18:40:00+00:00,CVCB3.SA,1.9800000190734863,1.9900000095367432,1.9800000190734863,1.9900000095367432,5700
2026-04-27 18:45:00+00:00,CVCB3.SA,1.9800000190734863,1.9900000095367432,1.9800000190734863,1.9900000095367432,8600
2026-04-27 18:50:00+00:00,CVCB3.SA,1.9800000190734863,1.9900000095367432,1.9800000190734863,1.9900000095367432,13300
2026-04-27 18:55:00+00:00,CVCB3.SA,1.9800000190734863,1.9900000095367432,1.9800000190734863,1.9800000190734863,44100
2026-04-27 19:00:00+00:00,CVCB3.SA,1.9900000095367432,1.9900000095367432,1.9800000190734863,1.9900000095367432,18600
2026-04-27 19:05:00+00:00,CVCB3.SA,1.9900000095367432,1.9900000095367432,1.9800000190734863,1.9800000190734863,31700
2026-04-27 19:10:00+00:00,CVCB3.SA,1.9800000190734863,1.9900000095367432,1.9800000190734863,1.9800000190734863,17600
2026-04-27 19:15:00+00:00,CVCB3.SA,1.9800000190734863,1.9900000095367432,1.9800000190734863,1.9800000190734863,16600
2026-04-27 19:20:00+00:00,CVCB3.SA,1.9800000190734863,1.9900000095367432,1.9800000190734863,1.9800000190734863,16200
2026-04-27 19:25:00+00:00,CVCB3.SA,1.9800000190734863,1.9900000095367432,1.9800000190734863,1.9900000095367432,22600
2026-04-27 19:30:00+00:00,CVCB3.SA,1.9800000190734863,1.9900000095367432,1.9700000286102295,1.9800000190734863,425100
2026-04-27 19:35:00+00:00,CVCB3.SA,1.9800000190734863,1.9800000190734863,1.9700000286102295,1.9700000286102295,68300
2026-04-27 19:40:00+00:00,CVCB3.SA,1.9700000286102295,1.9800000190734863,1.9700000286102295,1.9800000190734863,88500
2026-04-27 19:45:00+00:00,CVCB3.SA,1.9800000190734863,1.9800000190734863,1.9700000286102295,1.9800000190734863,53000
2026-04-27 19:50:00+00:00,CVCB3.SA,1.9700000286102295,1.9800000190734863,1.9700000286102295,1.9800000190734863,84300
2026-04-28 13:00:00+00:00,CVCB3.SA,1.9700000286102295,1.9700000286102295,1.9500000476837158,1.9500000476837158,0
2026-04-28 13:05:00+00:00,CVCB3.SA,1.9500000476837158,1.9600000381469727,1.940000057220459,1.9500000476837158,260000
2026-04-28 13:10:00+00:00,CVCB3.SA,1.9600000381469727,1.9600000381469727,1.9500000476837158,1.9600000381469727,59900
2026-04-28 13:15:00+00:00,CVCB3.SA,1.9600000381469727,1.9600000381469727,1.9500000476837158,1.9600000381469727,16200
2026-04-28 13:20:00+00:00,CVCB3.SA,1.9600000381469727,1.9600000381469727,1.9299999475479126,1.9500000476837158,229600
2026-04-28 13:25:00+00:00,CVCB3.SA,1.9500000476837158,1.9500000476837158,1.940000057220459,1.940000057220459,169100
2026-04-28 13:30:00+00:00,CVCB3.SA,1.940000057220459,1.9500000476837158,1.940000057220459,1.940000057220459,162500
2026-04-28 13:35:00+00:00,CVCB3.SA,1.940000057220459,1.9600000381469727,1.940000057220459,1.9600000381469727,86400
2026-04-28 13:40:00+00:00,CVCB3.SA,1.9600000381469727,1.9600000381469727,1.940000057220459,1.9600000381469727,191300
2026-04-28 13:45:00+00:00,CVCB3.SA,1.9600000381469727,1.9600000381469727,1.940000057220459,1.940000057220459,41400
2026-04-28 13:50:00+00:00,CVCB3.SA,1.940000057220459,1.9500000476837158,1.940000057220459,1.9500000476837158,117800
2026-04-28 13:55:00+00:00,CVCB3.SA,1.940000057220459,1.9600000381469727,1.940000057220459,1.9500000476837158,153100
2026-04-28 14:00:00+00:00,CVCB3.SA,1.9500000476837158,1.9600000381469727,1.9500000476837158,1.9500000476837158,35100
2026-04-28 14:05:00+00:00,CVCB3.SA,1.9500000476837158,1.9600000381469727,1.9500000476837158,1.9500000476837158,1100
2026-04-28 14:10:00+00:00,CVCB3.SA,1.9500000476837158,1.9600000381469727,1.9500000476837158,1.9600000381469727,7900
2026-04-28 14:15:00+00:00,CVCB3.SA,1.9500000476837158,1.9600000381469727,1.9500000476837158,1.9600000381469727,34500
2026-04-28 14:20:00+00:00,CVCB3.SA,1.9600000381469727,1.9600000381469727,1.9500000476837158,1.9600000381469727,70800
2026-04-28 14:25:00+00:00,CVCB3.SA,1.9600000381469727,1.9600000381469727,1.940000057220459,1.9500000476837158,328900
2026-04-28 14:30:00+00:00,CVCB3.SA,1.9600000381469727,1.9700000286102295,1.9500000476837158,1.9700000286102295,196700
2026-04-28 14:35:00+00:00,CVCB3.SA,1.9600000381469727,1.9700000286102295,1.9600000381469727,1.9600000381469727,30100
2026-04-28 14:40:00+00:00,CVCB3.SA,1.9700000286102295,1.9700000286102295,1.9600000381469727,1.9700000286102295,16600
2026-04-28 14:45:00+00:00,CVCB3.SA,1.9700000286102295,1.9700000286102295,1.9600000381469727,1.9700000286102295,14700
2026-04-28 14:50:00+00:00,CVCB3.SA,1.9600000381469727,1.9700000286102295,1.9600000381469727,1.9700000286102295,26900
2026-04-28 14:55:00+00:00,CVCB3.SA,1.9600000381469727,1.9700000286102295,1.9600000381469727,1.9700000286102295,24000
2026-04-28 15:00:00+00:00,CVCB3.SA,1.9700000286102295,1.9800000190734863,1.9600000381469727,1.9800000190734863,222800
2026-04-28 15:05:00+00:00,CVCB3.SA,1.9800000190734863,1.9800000190734863,1.9600000381469727,1.9700000286102295,61100
2026-04-28 15:10:00+00:00,CVCB3.SA,1.9700000286102295,1.9800000190734863,1.9700000286102295,1.9800000190734863,76800
2026-04-28 15:15:00+00:00,CVCB3.SA,1.9800000190734863,1.9800000190734863,1.9700000286102295,1.9800000190734863,20300
2026-04-28 15:20:00+00:00,CVCB3.SA,1.9800000190734863,1.9800000190734863,1.9700000286102295,1.9800000190734863,31500
2026-04-28 15:25:00+00:00,CVCB3.SA,1.9800000190734863,1.9800000190734863,1.9600000381469727,1.9600000381469727,91300
2026-04-28 15:30:00+00:00,CVCB3.SA,1.9700000286102295,1.9700000286102295,1.9600000381469727,1.9700000286102295,13200
2026-04-28 15:35:00+00:00,CVCB3.SA,1.9700000286102295,1.9700000286102295,1.9600000381469727,1.9700000286102295,30200
2026-04-28 15:40:00+00:00,CVCB3.SA,1.9600000381469727,1.9700000286102295,1.9600000381469727,1.9700000286102295,35700
2026-04-28 15:45:00+00:00,CVCB3.SA,1.9700000286102295,1.9700000286102295,1.9600000381469727,1.9600000381469727,74200
2026-04-28 15:50:00+00:00,CVCB3.SA,1.9700000286102295,1.9700000286102295,1.9600000381469727,1.9600000381469727,64800
2026-04-28 15:55:00+00:00,CVCB3.SA,1.9700000286102295,1.9800000190734863,1.9600000381469727,1.9800000190734863,94500
2026-04-28 16:00:00+00:00,CVCB3.SA,1.9800000190734863,1.9800000190734863,1.9700000286102295,1.9800000190734863,30500
2026-04-28 16:05:00+00:00,CVCB3.SA,1.9800000190734863,1.9800000190734863,1.9700000286102295,1.9800000190734863,110900
2026-04-28 16:10:00+00:00,CVCB3.SA,1.9800000190734863,1.9800000190734863,1.9600000381469727,1.9700000286102295,95900
2026-04-28 16:15:00+00:00,CVCB3.SA,1.9600000381469727,1.9700000286102295,1.9600000381469727,1.9700000286102295,28700
2026-04-28 16:20:00+00:00,CVCB3.SA,1.9700000286102295,1.9700000286102295,1.9600000381469727,1.9700000286102295,35100
2026-04-28 16:25:00+00:00,CVCB3.SA,1.9700000286102295,1.9700000286102295,1.9600000381469727,1.9700000286102295,38600
2026-04-28 16:30:00+00:00,CVCB3.SA,1.9600000381469727,1.9700000286102295,1.9600000381469727,1.9600000381469727,30000
2026-04-28 16:35:00+00:00,CVCB3.SA,1.9700000286102295,1.9700000286102295,1.9600000381469727,1.9700000286102295,28900
2026-04-28 16:40:00+00:00,CVCB3.SA,1.9700000286102295,1.9700000286102295,1.9500000476837158,1.9600000381469727,112300
2026-04-28 16:45:00+00:00,CVCB3.SA,1.9600000381469727,1.9600000381469727,1.9500000476837158,1.9600000381469727,137300
2026-04-28 16:50:00+00:00,CVCB3.SA,1.9600000381469727,1.9700000286102295,1.9500000476837158,1.9700000286102295,104600
2026-04-28 16:55:00+00:00,CVCB3.SA,1.9700000286102295,1.9700000286102295,1.9600000381469727,1.9700000286102295,98100
2026-04-28 17:00:00+00:00,CVCB3.SA,1.9700000286102295,1.9700000286102295,1.9600000381469727,1.9700000286102295,26100
2026-04-28 17:05:00+00:00,CVCB3.SA,1.9700000286102295,1.9700000286102295,1.9600000381469727,1.9700000286102295,57100
2026-04-28 17:10:00+00:00,CVCB3.SA,1.9700000286102295,1.9700000286102295,1.9600000381469727,1.9700000286102295,23800
2026-04-28 17:15:00+00:00,CVCB3.SA,1.9700000286102295,1.9700000286102295,1.9600000381469727,1.9700000286102295,38700
2026-04-28 17:20:00+00:00,CVCB3.SA,1.9600000381469727,1.9700000286102295,1.9600000381469727,1.9700000286102295,38500
2026-04-28 17:25:00+00:00,CVCB3.SA,1.9700000286102295,1.9700000286102295,1.9600000381469727,1.9700000286102295,33800
2026-04-28 17:30:00+00:00,CVCB3.SA,1.9600000381469727,1.9700000286102295,1.9600000381469727,1.9700000286102295,37100
2026-04-28 17:35:00+00:00,CVCB3.SA,1.9600000381469727,1.9700000286102295,1.9600000381469727,1.9700000286102295,349500
2026-04-28 17:40:00+00:00,CVCB3.SA,1.9700000286102295,1.9700000286102295,1.9600000381469727,1.9700000286102295,71900
2026-04-28 17:45:00+00:00,CVCB3.SA,1.9700000286102295,1.9700000286102295,1.9600000381469727,1.9700000286102295,32300
2026-04-28 17:50:00+00:00,CVCB3.SA,1.9700000286102295,1.9700000286102295,1.9600000381469727,1.9700000286102295,29600
2026-04-28 17:55:00+00:00,CVCB3.SA,1.9700000286102295,1.9800000190734863,1.9600000381469727,1.9800000190734863,150400
2026-04-28 18:00:00+00:00,CVCB3.SA,1.9800000190734863,1.9800000190734863,1.9600000381469727,1.9700000286102295,111000
2026-04-28 18:05:00+00:00,CVCB3.SA,1.9700000286102295,1.9700000286102295,1.9600000381469727,1.9600000381469727,20700
2026-04-28 18:10:00+00:00,CVCB3.SA,1.9700000286102295,1.9700000286102295,1.9500000476837158,1.9600000381469727,144200
2026-04-28 18:15:00+00:00,CVCB3.SA,1.9600000381469727,1.9600000381469727,1.9500000476837158,1.9600000381469727,79700
2026-04-28 18:20:00+00:00,CVCB3.SA,1.9600000381469727,1.9600000381469727,1.9500000476837158,1.9600000381469727,167000
2026-04-28 18:25:00+00:00,CVCB3.SA,1.9600000381469727,1.9700000286102295,1.9500000476837158,1.9700000286102295,145100
2026-04-28 18:30:00+00:00,CVCB3.SA,1.9700000286102295,1.9700000286102295,1.9600000381469727,1.9700000286102295,48400
2026-04-28 18:35:00+00:00,CVCB3.SA,1.9600000381469727,1.9700000286102295,1.9600000381469727,1.9700000286102295,38700
2026-04-28 18:40:00+00:00,CVCB3.SA,1.9700000286102295,1.9700000286102295,1.9600000381469727,1.9700000286102295,47300
2026-04-28 18:45:00+00:00,CVCB3.SA,1.9700000286102295,1.9700000286102295,1.9500000476837158,1.9600000381469727,129700
2026-04-28 18:50:00+00:00,CVCB3.SA,1.9600000381469727,1.9600000381469727,1.9500000476837158,1.9600000381469727,34000
2026-04-28 18:55:00+00:00,CVCB3.SA,1.9500000476837158,1.9600000381469727,1.9500000476837158,1.9600000381469727,26000
2026-04-28 19:00:00+00:00,CVCB3.SA,1.9600000381469727,1.9600000381469727,1.9500000476837158,1.9600000381469727,35300
2026-04-28 19:05:00+00:00,CVCB3.SA,1.9500000476837158,1.9600000381469727,1.9500000476837158,1.9600000381469727,27500
2026-04-28 19:10:00+00:00,CVCB3.SA,1.9600000381469727,1.9600000381469727,1.9500000476837158,1.9600000381469727,21700
2026-04-28 19:15:00+00:00,CVCB3.SA,1.9600000381469727,1.9600000381469727,1.9500000476837158,1.9500000476837158,24600
2026-04-28 19:20:00+00:00,CVCB3.SA,1.9600000381469727,1.9600000381469727,1.9500000476837158,1.9600000381469727,23700
2026-04-28 19:25:00+00:00,CVCB3.SA,1.9600000381469727,1.9600000381469727,1.9500000476837158,1.9600000381469727,146900
2026-04-28 19:30:00+00:00,CVCB3.SA,1.9500000476837158,1.9600000381469727,1.9500000476837158,1.9600000381469727,20700
2026-04-28 19:35:00+00:00,CVCB3.SA,1.9600000381469727,1.9600000381469727,1.9500000476837158,1.9600000381469727,206200
2026-04-28 19:40:00+00:00,CVCB3.SA,1.9600000381469727,1.9600000381469727,1.9500000476837158,1.9600000381469727,97800
2026-04-28 19:45:00+00:00,CVCB3.SA,1.9600000381469727,1.9600000381469727,1.9500000476837158,1.9600000381469727,32200
2026-04-28 19:50:00+00:00,CVCB3.SA,1.9600000381469727,1.9700000286102295,1.9500000476837158,1.9700000286102295,234300
2026-04-29 13:00:00+00:00,CVCB3.SA,1.9600000381469727,1.9600000381469727,1.9500000476837158,1.9500000476837158,0
2026-04-29 13:05:00+00:00,CVCB3.SA,1.9600000381469727,1.9800000190734863,1.9600000381469727,1.9800000190734863,104000
2026-04-29 13:10:00+00:00,CVCB3.SA,1.9700000286102295,1.9700000286102295,1.9600000381469727,1.9600000381469727,25000
2026-04-29 13:15:00+00:00,CVCB3.SA,1.9600000381469727,1.9700000286102295,1.9600000381469727,1.9700000286102295,93800
2026-04-29 13:20:00+00:00,CVCB3.SA,1.9600000381469727,1.9800000190734863,1.9600000381469727,1.9800000190734863,256300
2026-04-29 13:25:00+00:00,CVCB3.SA,1.9800000190734863,1.9800000190734863,1.9600000381469727,1.9700000286102295,126300
2026-04-29 13:30:00+00:00,CVCB3.SA,1.9700000286102295,1.9800000190734863,1.9600000381469727,1.9600000381469727,161300
2026-04-29 13:35:00+00:00,CVCB3.SA,1.9600000381469727,1.9700000286102295,1.9600000381469727,1.9700000286102295,400
2026-04-29 13:40:00+00:00,CVCB3.SA,1.9700000286102295,1.9700000286102295,1.9600000381469727,1.9600000381469727,38500
2026-04-29 13:45:00+00:00,CVCB3.SA,1.9700000286102295,1.9700000286102295,1.9500000476837158,1.9600000381469727,259700
2026-04-29 13:50:00+00:00,CVCB3.SA,1.9600000381469727,1.9800000190734863,1.9600000381469727,1.9800000190734863,276400
2026-04-29 13:55:00+00:00,CVCB3.SA,1.9800000190734863,1.9800000190734863,1.9700000286102295,1.9700000286102295,47400
2026-04-29 14:00:00+00:00,CVCB3.SA,1.9800000190734863,1.9800000190734863,1.9600000381469727,1.9600000381469727,109400
2026-04-29 14:05:00+00:00,CVCB3.SA,1.9700000286102295,1.9700000286102295,1.9600000381469727,1.9600000381469727,12300
2026-04-29 14:10:00+00:00,CVCB3.SA,1.9700000286102295,1.9700000286102295,1.9600000381469727,1.9600000381469727,75000
2026-04-29 14:15:00+00:00,CVCB3.SA,1.9600000381469727,1.9700000286102295,1.9600000381469727,1.9600000381469727,17100
2026-04-29 14:20:00+00:00,CVCB3.SA,1.9600000381469727,1.9700000286102295,1.9600000381469727,1.9600000381469727,21300
2026-04-29 14:25:00+00:00,CVCB3.SA,1.9600000381469727,1.9700000286102295,1.9600000381469727,1.9600000381469727,65400
2026-04-29 14:30:00+00:00,CVCB3.SA,1.9600000381469727,1.9700000286102295,1.9500000476837158,1.9700000286102295,154500
2026-04-29 14:35:00+00:00,CVCB3.SA,1.9600000381469727,1.9700000286102295,1.9600000381469727,1.9600000381469727,14400
2026-04-29 14:40:00+00:00,CVCB3.SA,1.9700000286102295,1.9700000286102295,1.9600000381469727,1.9700000286102295,33200
2026-04-29 14:45:00+00:00,CVCB3.SA,1.9600000381469727,1.9700000286102295,1.9600000381469727,1.9700000286102295,23500
2026-04-29 14:50:00+00:00,CVCB3.SA,1.9600000381469727,1.9800000190734863,1.9600000381469727,1.9600000381469727,293300
2026-04-29 14:55:00+00:00,CVCB3.SA,1.9700000286102295,1.9700000286102295,1.9600000381469727,1.9700000286102295,19200
2026-04-29 15:00:00+00:00,CVCB3.SA,1.9700000286102295,1.9700000286102295,1.9600000381469727,1.9700000286102295,15700
2026-04-29 15:05:00+00:00,CVCB3.SA,1.9700000286102295,1.9700000286102295,1.9600000381469727,1.9700000286102295,19500
2026-04-29 15:10:00+00:00,CVCB3.SA,1.9700000286102295,1.9700000286102295,1.9600000381469727,1.9700000286102295,27600
2026-04-29 15:15:00+00:00,CVCB3.SA,1.9700000286102295,1.9700000286102295,1.9600000381469727,1.9700000286102295,17300
2026-04-29 15:20:00+00:00,CVCB3.SA,1.9600000381469727,1.9700000286102295,1.9600000381469727,1.9700000286102295,20500
2026-04-29 15:25:00+00:00,CVCB3.SA,1.9600000381469727,1.9700000286102295,1.9600000381469727,1.9600000381469727,18400
2026-04-29 15:30:00+00:00,CVCB3.SA,1.9700000286102295,1.9700000286102295,1.9600000381469727,1.9700000286102295,16700
2026-04-29 15:35:00+00:00,CVCB3.SA,1.9700000286102295,1.9700000286102295,1.9600000381469727,1.9700000286102295,370300
2026-04-29 15:40:00+00:00,CVCB3.SA,1.9700000286102295,1.9700000286102295,1.9600000381469727,1.9600000381469727,12800
2026-04-29 15:45:00+00:00,CVCB3.SA,1.9700000286102295,1.9700000286102295,1.9600000381469727,1.9700000286102295,232500
2026-04-29 15:50:00+00:00,CVCB3.SA,1.9700000286102295,1.9700000286102295,1.9500000476837158,1.9600000381469727,215700
2026-04-29 15:55:00+00:00,CVCB3.SA,1.9600000381469727,1.9700000286102295,1.9500000476837158,1.9600000381469727,346100
2026-04-29 16:00:00+00:00,CVCB3.SA,1.9600000381469727,1.9700000286102295,1.9500000476837158,1.9700000286102295,134500
2026-04-29 16:05:00+00:00,CVCB3.SA,1.9700000286102295,1.9700000286102295,1.9600000381469727,1.9700000286102295,11700
2026-04-29 16:10:00+00:00,CVCB3.SA,1.9700000286102295,1.9700000286102295,1.9600000381469727,1.9700000286102295,15000
2026-04-29 16:15:00+00:00,CVCB3.SA,1.9700000286102295,1.9700000286102295,1.9600000381469727,1.9700000286102295,21400
2026-04-29 16:20:00+00:00,CVCB3.SA,1.9700000286102295,1.9700000286102295,1.9600000381469727,1.9700000286102295,14100
2026-04-29 16:25:00+00:00,CVCB3.SA,1.9700000286102295,1.9700000286102295,1.9600000381469727,1.9600000381469727,16000
2026-04-29 16:30:00+00:00,CVCB3.SA,1.9600000381469727,1.9700000286102295,1.9500000476837158,1.9600000381469727,74100
2026-04-29 16:35:00+00:00,CVCB3.SA,1.9600000381469727,1.9600000381469727,1.9500000476837158,1.9600000381469727,15800
2026-04-29 16:40:00+00:00,CVCB3.SA,1.9600000381469727,1.9600000381469727,1.9299999475479126,1.9299999475479126,773300
2026-04-29 16:45:00+00:00,CVCB3.SA,1.9299999475479126,1.9500000476837158,1.9299999475479126,1.940000057220459,37200
2026-04-29 16:50:00+00:00,CVCB3.SA,1.9299999475479126,1.940000057220459,1.9299999475479126,1.940000057220459,21500
2026-04-29 16:55:00+00:00,CVCB3.SA,1.940000057220459,1.940000057220459,1.9299999475479126,1.940000057220459,21300
2026-04-29 17:00:00+00:00,CVCB3.SA,1.940000057220459,1.940000057220459,1.9299999475479126,1.940000057220459,66600
2026-04-29 17:05:00+00:00,CVCB3.SA,1.940000057220459,1.940000057220459,1.9299999475479126,1.940000057220459,15400
2026-04-29 17:10:00+00:00,CVCB3.SA,1.940000057220459,1.940000057220459,1.9299999475479126,1.9299999475479126,82900
2026-04-29 17:15:00+00:00,CVCB3.SA,1.940000057220459,1.940000057220459,1.9299999475479126,1.940000057220459,98000
2026-04-29 17:20:00+00:00,CVCB3.SA,1.940000057220459,1.940000057220459,1.9299999475479126,1.940000057220459,99700
2026-04-29 17:25:00+00:00,CVCB3.SA,1.940000057220459,1.940000057220459,1.9199999570846558,1.9299999475479126,496200
2026-04-29 17:30:00+00:00,CVCB3.SA,1.9299999475479126,1.9299999475479126,1.9199999570846558,1.9299999475479126,53300
2026-04-29 17:35:00+00:00,CVCB3.SA,1.9199999570846558,1.9299999475479126,1.909999966621399,1.9299999475479126,201000
2026-04-29 17:40:00+00:00,CVCB3.SA,1.9299999475479126,1.940000057220459,1.9199999570846558,1.940000057220459,144700
2026-04-29 17:45:00+00:00,CVCB3.SA,1.9299999475479126,1.940000057220459,1.9299999475479126,1.940000057220459,155100
2026-04-29 17:50:00+00:00,CVCB3.SA,1.940000057220459,1.940000057220459,1.9299999475479126,1.940000057220459,25400
2026-04-29 17:55:00+00:00,CVCB3.SA,1.940000057220459,1.940000057220459,1.9299999475479126,1.940000057220459,43400
2026-04-29 18:00:00+00:00,CVCB3.SA,1.940000057220459,1.940000057220459,1.9199999570846558,1.9299999475479126,1749100
2026-04-29 18:05:00+00:00,CVCB3.SA,1.9299999475479126,1.940000057220459,1.9199999570846558,1.940000057220459,68600
2026-04-29 18:10:00+00:00,CVCB3.SA,1.940000057220459,1.940000057220459,1.9199999570846558,1.9299999475479126,76300
2026-04-29 18:15:00+00:00,CVCB3.SA,1.9299999475479126,1.940000057220459,1.9199999570846558,1.9299999475479126,158600
2026-04-29 18:20:00+00:00,CVCB3.SA,1.9199999570846558,1.9299999475479126,1.9199999570846558,1.9299999475479126,16300
2026-04-29 18:25:00+00:00,CVCB3.SA,1.9299999475479126,1.9299999475479126,1.9199999570846558,1.9299999475479126,18500
2026-04-29 18:30:00+00:00,CVCB3.SA,1.9199999570846558,1.9299999475479126,1.909999966621399,1.9299999475479126,377300
2026-04-29 18:35:00+00:00,CVCB3.SA,1.9199999570846558,1.9299999475479126,1.9199999570846558,1.9299999475479126,13400
2026-04-29 18:40:00+00:00,CVCB3.SA,1.9299999475479126,1.9299999475479126,1.9199999570846558,1.9199999570846558,72000
2026-04-29 18:45:00+00:00,CVCB3.SA,1.9199999570846558,1.9299999475479126,1.9199999570846558,1.9299999475479126,25800
2026-04-29 18:50:00+00:00,CVCB3.SA,1.9299999475479126,1.9299999475479126,1.9199999570846558,1.9299999475479126,55200
2026-04-29 18:55:00+00:00,CVCB3.SA,1.9199999570846558,1.9299999475479126,1.9199999570846558,1.9199999570846558,60500
2026-04-29 19:00:00+00:00,CVCB3.SA,1.9299999475479126,1.9299999475479126,1.9199999570846558,1.9299999475479126,28100
2026-04-29 19:05:00+00:00,CVCB3.SA,1.9299999475479126,1.9299999475479126,1.909999966621399,1.9199999570846558,236300
2026-04-29 19:10:00+00:00,CVCB3.SA,1.9199999570846558,1.9199999570846558,1.909999966621399,1.9199999570846558,40600
2026-04-29 19:15:00+00:00,CVCB3.SA,1.909999966621399,1.9199999570846558,1.909999966621399,1.909999966621399,33400
2026-04-29 19:20:00+00:00,CVCB3.SA,1.909999966621399,1.9199999570846558,1.909999966621399,1.909999966621399,27900
2026-04-29 19:25:00+00:00,CVCB3.SA,1.9199999570846558,1.9199999570846558,1.909999966621399,1.909999966621399,57700
2026-04-29 19:30:00+00:00,CVCB3.SA,1.909999966621399,1.9199999570846558,1.909999966621399,1.9199999570846558,69100
2026-04-29 19:35:00+00:00,CVCB3.SA,1.909999966621399,1.9199999570846558,1.909999966621399,1.9199999570846558,34000
2026-04-29 19:40:00+00:00,CVCB3.SA,1.909999966621399,1.9199999570846558,1.909999966621399,1.909999966621399,84600
2026-04-29 19:45:00+00:00,CVCB3.SA,1.9199999570846558,1.9199999570846558,1.909999966621399,1.9199999570846558,69100
2026-04-29 19:50:00+00:00,CVCB3.SA,1.9199999570846558,1.9199999570846558,1.909999966621399,1.9199999570846558,129100
2026-04-30 13:05:00+00:00,CVCB3.SA,1.9600000381469727,1.9600000381469727,1.940000057220459,1.9500000476837158,116900
2026-04-30 13:10:00+00:00,CVCB3.SA,1.9500000476837158,1.9500000476837158,1.940000057220459,1.9500000476837158,113200
2026-04-30 13:15:00+00:00,CVCB3.SA,1.9500000476837158,1.9500000476837158,1.9299999475479126,1.9500000476837158,288900
2026-04-30 13:20:00+00:00,CVCB3.SA,1.9500000476837158,1.9500000476837158,1.940000057220459,1.940000057220459,112400
2026-04-30 13:25:00+00:00,CVCB3.SA,1.9299999475479126,1.940000057220459,1.9199999570846558,1.9299999475479126,274100
2026-04-30 13:30:00+00:00,CVCB3.SA,1.9299999475479126,1.9299999475479126,1.909999966621399,1.9199999570846558,409500
2026-04-30 13:35:00+00:00,CVCB3.SA,1.9299999475479126,1.9299999475479126,1.909999966621399,1.9199999570846558,155400
2026-04-30 13:40:00+00:00,CVCB3.SA,1.9199999570846558,1.9299999475479126,1.909999966621399,1.9199999570846558,93000
2026-04-30 13:45:00+00:00,CVCB3.SA,1.9299999475479126,1.9299999475479126,1.9199999570846558,1.9299999475479126,109000
2026-04-30 13:50:00+00:00,CVCB3.SA,1.9299999475479126,1.940000057220459,1.9199999570846558,1.940000057220459,484600
2026-04-30 13:55:00+00:00,CVCB3.SA,1.940000057220459,1.940000057220459,1.9299999475479126,1.9299999475479126,21000
2026-04-30 14:00:00+00:00,CVCB3.SA,1.940000057220459,1.940000057220459,1.9199999570846558,1.940000057220459,311600
2026-04-30 14:05:00+00:00,CVCB3.SA,1.940000057220459,1.9500000476837158,1.9299999475479126,1.940000057220459,327400
2026-04-30 14:10:00+00:00,CVCB3.SA,1.940000057220459,1.940000057220459,1.9199999570846558,1.9299999475479126,267300
2026-04-30 14:15:00+00:00,CVCB3.SA,1.9199999570846558,1.9299999475479126,1.9199999570846558,1.9299999475479126,241800
2026-04-30 14:20:00+00:00,CVCB3.SA,1.9299999475479126,1.9299999475479126,1.9199999570846558,1.9199999570846558,35300
2026-04-30 14:25:00+00:00,CVCB3.SA,1.9299999475479126,1.9299999475479126,1.9199999570846558,1.9299999475479126,34800
2026-04-30 14:30:00+00:00,CVCB3.SA,1.9299999475479126,1.9299999475479126,1.9199999570846558,1.9299999475479126,41600
2026-04-30 14:35:00+00:00,CVCB3.SA,1.9199999570846558,1.9299999475479126,1.909999966621399,1.909999966621399,285800
2026-04-30 14:40:00+00:00,CVCB3.SA,1.9199999570846558,1.9299999475479126,1.909999966621399,1.9299999475479126,194400
2026-04-30 14:45:00+00:00,CVCB3.SA,1.9299999475479126,1.9299999475479126,1.9199999570846558,1.9299999475479126,296400
2026-04-30 14:50:00+00:00,CVCB3.SA,1.9299999475479126,1.940000057220459,1.9199999570846558,1.9299999475479126,495800
2026-04-30 14:55:00+00:00,CVCB3.SA,1.9299999475479126,1.9299999475479126,1.9199999570846558,1.9299999475479126,27000
2026-04-30 15:00:00+00:00,CVCB3.SA,1.9299999475479126,1.9299999475479126,1.9199999570846558,1.9299999475479126,36200
2026-04-30 15:05:00+00:00,CVCB3.SA,1.9199999570846558,1.9299999475479126,1.9199999570846558,1.9299999475479126,23600
2026-04-30 15:10:00+00:00,CVCB3.SA,1.9299999475479126,1.940000057220459,1.9199999570846558,1.9299999475479126,721100
2026-04-30 15:15:00+00:00,CVCB3.SA,1.9299999475479126,1.9299999475479126,1.9199999570846558,1.9199999570846558,21400
2026-04-30 15:20:00+00:00,CVCB3.SA,1.9299999475479126,1.9299999475479126,1.9199999570846558,1.9299999475479126,29400
2026-04-30 15:25:00+00:00,CVCB3.SA,1.9299999475479126,1.9299999475479126,1.9199999570846558,1.9299999475479126,25100
2026-04-30 15:30:00+00:00,CVCB3.SA,1.9299999475479126,1.9299999475479126,1.9199999570846558,1.9299999475479126,58100
2026-04-30 15:35:00+00:00,CVCB3.SA,1.9299999475479126,1.9500000476837158,1.9199999570846558,1.9500000476837158,886600
2026-04-30 15:40:00+00:00,CVCB3.SA,1.9500000476837158,1.9500000476837158,1.940000057220459,1.9500000476837158,90200
2026-04-30 15:45:00+00:00,CVCB3.SA,1.9500000476837158,1.9500000476837158,1.940000057220459,1.9500000476837158,39800
2026-04-30 15:50:00+00:00,CVCB3.SA,1.9500000476837158,1.9500000476837158,1.940000057220459,1.9500000476837158,29100
2026-04-30 15:55:00+00:00,CVCB3.SA,1.9500000476837158,1.9500000476837158,1.940000057220459,1.940000057220459,37500
2026-04-30 16:00:00+00:00,CVCB3.SA,1.9500000476837158,1.9500000476837158,1.940000057220459,1.9500000476837158,71100
2026-04-30 16:05:00+00:00,CVCB3.SA,1.940000057220459,1.9500000476837158,1.940000057220459,1.9500000476837158,40000
2026-04-30 16:10:00+00:00,CVCB3.SA,1.9500000476837158,1.9500000476837158,1.940000057220459,1.9500000476837158,74900
2026-04-30 16:15:00+00:00,CVCB3.SA,1.9500000476837158,1.9500000476837158,1.940000057220459,1.9500000476837158,72900
2026-04-30 16:20:00+00:00,CVCB3.SA,1.9500000476837158,1.9500000476837158,1.940000057220459,1.9500000476837158,58000
2026-04-30 16:25:00+00:00,CVCB3.SA,1.9500000476837158,1.9500000476837158,1.940000057220459,1.940000057220459,403200
2026-04-30 16:30:00+00:00,CVCB3.SA,1.9500000476837158,1.9500000476837158,1.940000057220459,1.9500000476837158,91500
2026-04-30 16:35:00+00:00,CVCB3.SA,1.9500000476837158,1.9500000476837158,1.940000057220459,1.9500000476837158,39500
2026-04-30 16:40:00+00:00,CVCB3.SA,1.940000057220459,1.9500000476837158,1.940000057220459,1.9500000476837158,50000
2026-04-30 16:45:00+00:00,CVCB3.SA,1.9500000476837158,1.9500000476837158,1.940000057220459,1.9500000476837158,27100
2026-04-30 16:50:00+00:00,CVCB3.SA,1.9500000476837158,1.9500000476837158,1.940000057220459,1.9500000476837158,50300
2026-04-30 16:55:00+00:00,CVCB3.SA,1.9500000476837158,1.9500000476837158,1.940000057220459,1.9500000476837158,34900
2026-04-30 17:00:00+00:00,CVCB3.SA,1.9500000476837158,1.9600000381469727,1.9500000476837158,1.9500000476837158,335200
2026-04-30 17:05:00+00:00,CVCB3.SA,1.9600000381469727,1.9600000381469727,1.9500000476837158,1.9600000381469727,15900
2026-04-30 17:10:00+00:00,CVCB3.SA,1.9500000476837158,1.9600000381469727,1.940000057220459,1.9500000476837158,137000
2026-04-30 17:15:00+00:00,CVCB3.SA,1.9500000476837158,1.9500000476837158,1.9299999475479126,1.940000057220459,279500
2026-04-30 17:20:00+00:00,CVCB3.SA,1.940000057220459,1.940000057220459,1.9299999475479126,1.940000057220459,131400
2026-04-30 17:25:00+00:00,CVCB3.SA,1.940000057220459,1.940000057220459,1.9299999475479126,1.940000057220459,16800
2026-04-30 17:30:00+00:00,CVCB3.SA,1.940000057220459,1.9500000476837158,1.9299999475479126,1.940000057220459,281100
2026-04-30 17:35:00+00:00,CVCB3.SA,1.9500000476837158,1.9500000476837158,1.940000057220459,1.9500000476837158,34600
2026-04-30 17:40:00+00:00,CVCB3.SA,1.9500000476837158,1.9500000476837158,1.940000057220459,1.940000057220459,40900
2026-04-30 17:45:00+00:00,CVCB3.SA,1.9500000476837158,1.9500000476837158,1.940000057220459,1.9500000476837158,6600
2026-04-30 17:50:00+00:00,CVCB3.SA,1.9500000476837158,1.9500000476837158,1.940000057220459,1.9500000476837158,17500
2026-04-30 17:55:00+00:00,CVCB3.SA,1.9500000476837158,1.9500000476837158,1.9299999475479126,1.940000057220459,238200
2026-04-30 18:00:00+00:00,CVCB3.SA,1.940000057220459,1.940000057220459,1.9299999475479126,1.940000057220459,167300
2026-04-30 18:05:00+00:00,CVCB3.SA,1.940000057220459,1.940000057220459,1.9299999475479126,1.940000057220459,117000
2026-04-30 18:10:00+00:00,CVCB3.SA,1.940000057220459,1.940000057220459,1.9299999475479126,1.940000057220459,54900
2026-04-30 18:15:00+00:00,CVCB3.SA,1.940000057220459,1.940000057220459,1.9299999475479126,1.940000057220459,13000
2026-04-30 18:20:00+00:00,CVCB3.SA,1.940000057220459,1.940000057220459,1.9299999475479126,1.940000057220459,11700
2026-04-30 18:25:00+00:00,CVCB3.SA,1.940000057220459,1.940000057220459,1.9299999475479126,1.940000057220459,27500
2026-04-30 18:30:00+00:00,CVCB3.SA,1.940000057220459,1.940000057220459,1.9299999475479126,1.940000057220459,20000
2026-04-30 18:35:00+00:00,CVCB3.SA,1.940000057220459,1.940000057220459,1.9299999475479126,1.940000057220459,53200
2026-04-30 18:40:00+00:00,CVCB3.SA,1.940000057220459,1.9600000381469727,1.940000057220459,1.9600000381469727,456000
2026-04-30 18:45:00+00:00,CVCB3.SA,1.9600000381469727,1.9700000286102295,1.9500000476837158,1.9700000286102295,229300
2026-04-30 18:50:00+00:00,CVCB3.SA,1.9700000286102295,1.9700000286102295,1.9500000476837158,1.9600000381469727,227400
2026-04-30 18:55:00+00:00,CVCB3.SA,1.9600000381469727,1.9600000381469727,1.9500000476837158,1.9600000381469727,18000
2026-04-30 19:00:00+00:00,CVCB3.SA,1.9600000381469727,1.9700000286102295,1.9500000476837158,1.9700000286102295,367700
2026-04-30 19:05:00+00:00,CVCB3.SA,1.9700000286102295,1.9700000286102295,1.9500000476837158,1.9600000381469727,141300
2026-04-30 19:10:00+00:00,CVCB3.SA,1.9500000476837158,1.9700000286102295,1.9500000476837158,1.9700000286102295,129700
2026-04-30 19:15:00+00:00,CVCB3.SA,1.9700000286102295,1.9700000286102295,1.9500000476837158,1.9600000381469727,187300
2026-04-30 19:20:00+00:00,CVCB3.SA,1.9500000476837158,1.9600000381469727,1.9500000476837158,1.9600000381469727,70800
2026-04-30 19:25:00+00:00,CVCB3.SA,1.9600000381469727,1.9600000381469727,1.9500000476837158,1.9600000381469727,50500
2026-04-30 19:30:00+00:00,CVCB3.SA,1.9600000381469727,1.9600000381469727,1.9500000476837158,1.9500000476837158,197100
2026-04-30 19:35:00+00:00,CVCB3.SA,1.9600000381469727,1.9600000381469727,1.940000057220459,1.9500000476837158,575700
2026-04-30 19:40:00+00:00,CVCB3.SA,1.9500000476837158,1.9500000476837158,1.940000057220459,1.940000057220459,38600
2026-04-30 19:45:00+00:00,CVCB3.SA,1.9500000476837158,1.9500000476837158,1.940000057220459,1.9500000476837158,82500
2026-05-04 13:15:00+00:00,CVCB3.SA,2.200000047683716,2.2300000190734863,2.140000104904175,2.2100000381469727,1311200
2026-05-04 13:20:00+00:00,CVCB3.SA,2.200000047683716,2.2100000381469727,2.1500000953674316,2.190000057220459,4058000
2026-05-04 13:25:00+00:00,CVCB3.SA,2.190000057220459,2.2200000286102295,2.1600000858306885,2.2100000381469727,2458800
2026-05-04 13:30:00+00:00,CVCB3.SA,2.200000047683716,2.2200000286102295,2.180000066757202,2.200000047683716,1315600
2026-05-04 13:35:00+00:00,CVCB3.SA,2.200000047683716,2.2200000286102295,2.200000047683716,2.2100000381469727,492400
2026-05-04 13:40:00+00:00,CVCB3.SA,2.200000047683716,2.2100000381469727,2.190000057220459,2.200000047683716,844900
2026-05-04 13:45:00+00:00,CVCB3.SA,2.190000057220459,2.200000047683716,2.180000066757202,2.190000057220459,557600
2026-05-04 13:50:00+00:00,CVCB3.SA,2.190000057220459,2.200000047683716,2.1700000762939453,2.180000066757202,1448200
2026-05-04 13:55:00+00:00,CVCB3.SA,2.180000066757202,2.2100000381469727,2.180000066757202,2.190000057220459,919400
2026-05-04 14:00:00+00:00,CVCB3.SA,2.190000057220459,2.2100000381469727,2.180000066757202,2.2100000381469727,517200
2026-05-04 14:05:00+00:00,CVCB3.SA,2.200000047683716,2.240000009536743,2.200000047683716,2.2300000190734863,1797100
2026-05-04 14:10:00+00:00,CVCB3.SA,2.2300000190734863,2.2699999809265137,2.2200000286102295,2.259999990463257,1825700
2026-05-04 14:15:00+00:00,CVCB3.SA,2.2699999809265137,2.2799999713897705,2.259999990463257,2.2799999713897705,927600
2026-05-04 14:20:00+00:00,CVCB3.SA,2.2899999618530273,2.3299999237060547,2.2699999809265137,2.319999933242798,2761400
2026-05-04 14:25:00+00:00,CVCB3.SA,2.319999933242798,2.3299999237060547,2.299999952316284,2.309999942779541,791200
2026-05-04 14:30:00+00:00,CVCB3.SA,2.299999952316284,2.319999933242798,2.2899999618530273,2.2899999618530273,316400
2026-05-04 14:35:00+00:00,CVCB3.SA,2.299999952316284,2.319999933242798,2.2899999618530273,2.299999952316284,911500
2026-05-04 14:40:00+00:00,CVCB3.SA,2.299999952316284,2.3399999141693115,2.299999952316284,2.3299999237060547,850000
2026-05-04 14:45:00+00:00,CVCB3.SA,2.3299999237060547,2.3499999046325684,2.319999933242798,2.3499999046325684,914300
2026-05-04 14:50:00+00:00,CVCB3.SA,2.3399999141693115,2.369999885559082,2.3399999141693115,2.369999885559082,848500
2026-05-04 14:55:00+00:00,CVCB3.SA,2.369999885559082,2.369999885559082,2.3499999046325684,2.359999895095825,408100
2026-05-04 15:00:00+00:00,CVCB3.SA,2.369999885559082,2.390000104904175,2.3499999046325684,2.369999885559082,1009100
2026-05-04 15:05:00+00:00,CVCB3.SA,2.380000114440918,2.380000114440918,2.359999895095825,2.380000114440918,1144600
2026-05-04 15:10:00+00:00,CVCB3.SA,2.369999885559082,2.390000104904175,2.359999895095825,2.380000114440918,1628700
2026-05-04 15:15:00+00:00,CVCB3.SA,2.380000114440918,2.390000104904175,2.369999885559082,2.380000114440918,735700
2026-05-04 15:20:00+00:00,CVCB3.SA,2.380000114440918,2.380000114440918,2.3399999141693115,2.3499999046325684,701300
2026-05-04 15:25:00+00:00,CVCB3.SA,2.359999895095825,2.359999895095825,2.3399999141693115,2.3499999046325684,7639000
2026-05-04 15:30:00+00:00,CVCB3.SA,2.3499999046325684,2.359999895095825,2.3399999141693115,2.3499999046325684,397400
2026-05-04 15:35:00+00:00,CVCB3.SA,2.359999895095825,2.359999895095825,2.2799999713897705,2.2899999618530273,1790600
2026-05-04 15:40:00+00:00,CVCB3.SA,2.299999952316284,2.3299999237060547,2.2899999618530273,2.309999942779541,512700
2026-05-04 15:45:00+00:00,CVCB3.SA,2.309999942779541,2.319999933242798,2.299999952316284,2.309999942779541,505200
2026-05-04 15:50:00+00:00,CVCB3.SA,2.309999942779541,2.319999933242798,2.299999952316284,2.309999942779541,215100
2026-05-04 15:55:00+00:00,CVCB3.SA,2.319999933242798,2.3399999141693115,2.309999942779541,2.3399999141693115,327100
2026-05-04 16:00:00+00:00,CVCB3.SA,2.3399999141693115,2.3499999046325684,2.3299999237060547,2.3399999141693115,290900
2026-05-04 16:05:00+00:00,CVCB3.SA,2.3399999141693115,2.3399999141693115,2.309999942779541,2.319999933242798,917400
2026-05-04 16:10:00+00:00,CVCB3.SA,2.319999933242798,2.3299999237060547,2.309999942779541,2.3299999237060547,169100
2026-05-04 16:15:00+00:00,CVCB3.SA,2.319999933242798,2.3399999141693115,2.309999942779541,2.3399999141693115,733300
2026-05-04 16:20:00+00:00,CVCB3.SA,2.3299999237060547,2.3499999046325684,2.3299999237060547,2.3399999141693115,401800
2026-05-04 16:25:00+00:00,CVCB3.SA,2.3399999141693115,2.3499999046325684,2.3299999237060547,2.3499999046325684,441800
2026-05-04 16:30:00+00:00,CVCB3.SA,2.3499999046325684,2.3499999046325684,2.3299999237060547,2.3299999237060547,939700
2026-05-04 16:35:00+00:00,CVCB3.SA,2.3499999046325684,2.3499999046325684,2.3299999237060547,2.3399999141693115,426800
2026-05-04 16:40:00+00:00,CVCB3.SA,2.3399999141693115,2.3499999046325684,2.319999933242798,2.3299999237060547,593300
2026-05-04 16:45:00+00:00,CVCB3.SA,2.3299999237060547,2.3499999046325684,2.3299999237060547,2.3499999046325684,570400
2026-05-04 16:50:00+00:00,CVCB3.SA,2.3399999141693115,2.3499999046325684,2.309999942779541,2.3299999237060547,1060400
2026-05-04 16:55:00+00:00,CVCB3.SA,2.3299999237060547,2.3399999141693115,2.2899999618530273,2.299999952316284,1609800
2026-05-04 17:00:00+00:00,CVCB3.SA,2.299999952316284,2.309999942779541,2.2699999809265137,2.2699999809265137,1188500
2026-05-04 17:05:00+00:00,CVCB3.SA,2.2799999713897705,2.299999952316284,2.2699999809265137,2.2899999618530273,548400
2026-05-04 17:10:00+00:00,CVCB3.SA,2.2799999713897705,2.309999942779541,2.2799999713897705,2.2899999618530273,1033000
2026-05-04 17:15:00+00:00,CVCB3.SA,2.2799999713897705,2.3399999141693115,2.2799999713897705,2.3399999141693115,831200
2026-05-04 17:20:00+00:00,CVCB3.SA,2.3299999237060547,2.3499999046325684,2.319999933242798,2.3399999141693115,598200
2026-05-04 17:25:00+00:00,CVCB3.SA,2.3299999237060547,2.3499999046325684,2.3299999237060547,2.3299999237060547,434500
2026-05-04 17:30:00+00:00,CVCB3.SA,2.3299999237060547,2.3499999046325684,2.3299999237060547,2.3399999141693115,346200
2026-05-04 17:35:00+00:00,CVCB3.SA,2.3499999046325684,2.3499999046325684,2.3399999141693115,2.3399999141693115,154800
2026-05-04 17:40:00+00:00,CVCB3.SA,2.3399999141693115,2.359999895095825,2.3399999141693115,2.3499999046325684,617700
2026-05-04 17:45:00+00:00,CVCB3.SA,2.3499999046325684,2.3499999046325684,2.3399999141693115,2.3399999141693115,367700
2026-05-04 17:50:00+00:00,CVCB3.SA,2.3399999141693115,2.3499999046325684,2.3399999141693115,2.3499999046325684,177200
2026-05-04 17:55:00+00:00,CVCB3.SA,2.3399999141693115,2.359999895095825,2.3399999141693115,2.3499999046325684,236500
2026-05-04 18:00:00+00:00,CVCB3.SA,2.359999895095825,2.359999895095825,2.3399999141693115,2.3499999046325684,322700
2026-05-04 18:05:00+00:00,CVCB3.SA,2.3499999046325684,2.359999895095825,2.3499999046325684,2.3499999046325684,258000
2026-05-04 18:10:00+00:00,CVCB3.SA,2.3499999046325684,2.359999895095825,2.3399999141693115,2.3499999046325684,675000
2026-05-04 18:15:00+00:00,CVCB3.SA,2.3499999046325684,2.359999895095825,2.3399999141693115,2.3499999046325684,630800
2026-05-04 18:20:00+00:00,CVCB3.SA,2.3499999046325684,2.369999885559082,2.3399999141693115,2.3499999046325684,407800
2026-05-04 18:25:00+00:00,CVCB3.SA,2.3499999046325684,2.359999895095825,2.3499999046325684,2.3499999046325684,146500
2026-05-04 18:30:00+00:00,CVCB3.SA,2.3499999046325684,2.369999885559082,2.3499999046325684,2.3499999046325684,178500
2026-05-04 18:35:00+00:00,CVCB3.SA,2.359999895095825,2.369999885559082,2.3499999046325684,2.369999885559082,469700
2026-05-04 18:40:00+00:00,CVCB3.SA,2.369999885559082,2.369999885559082,2.359999895095825,2.359999895095825,431100
2026-05-04 18:45:00+00:00,CVCB3.SA,2.369999885559082,2.380000114440918,2.359999895095825,2.369999885559082,309400
2026-05-04 18:50:00+00:00,CVCB3.SA,2.359999895095825,2.380000114440918,2.359999895095825,2.369999885559082,1687100
2026-05-04 18:55:00+00:00,CVCB3.SA,2.369999885559082,2.380000114440918,2.369999885559082,2.380000114440918,136700
2026-05-04 19:00:00+00:00,CVCB3.SA,2.369999885559082,2.380000114440918,2.359999895095825,2.369999885559082,514200
2026-05-04 19:05:00+00:00,CVCB3.SA,2.380000114440918,2.390000104904175,2.369999885559082,2.390000104904175,536900
2026-05-04 19:10:00+00:00,CVCB3.SA,2.380000114440918,2.390000104904175,2.369999885559082,2.380000114440918,898700
2026-05-04 19:15:00+00:00,CVCB3.SA,2.390000104904175,2.390000104904175,2.369999885559082,2.380000114440918,374900
2026-05-04 19:20:00+00:00,CVCB3.SA,2.380000114440918,2.390000104904175,2.380000114440918,2.380000114440918,162100
2026-05-04 19:25:00+00:00,CVCB3.SA,2.380000114440918,2.390000104904175,2.380000114440918,2.380000114440918,671800
2026-05-04 19:30:00+00:00,CVCB3.SA,2.380000114440918,2.390000104904175,2.369999885559082,2.369999885559082,655500
2026-05-04 19:35:00+00:00,CVCB3.SA,2.380000114440918,2.380000114440918,2.369999885559082,2.380000114440918,877600
2026-05-04 19:40:00+00:00,CVCB3.SA,2.369999885559082,2.380000114440918,2.369999885559082,2.380000114440918,657100
2026-05-04 19:45:00+00:00,CVCB3.SA,2.380000114440918,2.380000114440918,2.369999885559082,2.369999885559082,542500
2026-05-04 19:50:00+00:00,CVCB3.SA,2.369999885559082,2.390000104904175,2.369999885559082,2.380000114440918,847800
2026-05-05 13:05:00+00:00,CVCB3.SA,2.3399999141693115,2.359999895095825,2.3299999237060547,2.3499999046325684,652000
2026-05-05 13:10:00+00:00,CVCB3.SA,2.3499999046325684,2.4600000381469727,2.3499999046325684,2.450000047683716,1703200
2026-05-05 13:15:00+00:00,CVCB3.SA,2.450000047683716,2.4800000190734863,2.4200000762939453,2.440000057220459,807000
2026-05-05 13:20:00+00:00,CVCB3.SA,2.430000066757202,2.440000057220459,2.4000000953674316,2.440000057220459,491700
2026-05-05 13:25:00+00:00,CVCB3.SA,2.430000066757202,2.450000047683716,2.4200000762939453,2.440000057220459,380500
2026-05-05 13:30:00+00:00,CVCB3.SA,2.430000066757202,2.450000047683716,2.430000066757202,2.450000047683716,273100
2026-05-05 13:35:00+00:00,CVCB3.SA,2.440000057220459,2.4600000381469727,2.390000104904175,2.390000104904175,3680800
2026-05-05 13:40:00+00:00,CVCB3.SA,2.4000000953674316,2.440000057220459,2.359999895095825,2.4100000858306885,1005000
2026-05-05 13:45:00+00:00,CVCB3.SA,2.4100000858306885,2.430000066757202,2.390000104904175,2.4200000762939453,515500
2026-05-05 13:50:00+00:00,CVCB3.SA,2.4200000762939453,2.4200000762939453,2.4000000953674316,2.4100000858306885,280200
2026-05-05 13:55:00+00:00,CVCB3.SA,2.4000000953674316,2.4100000858306885,2.390000104904175,2.4100000858306885,197400
2026-05-05 14:00:00+00:00,CVCB3.SA,2.430000066757202,2.430000066757202,2.390000104904175,2.390000104904175,417400
2026-05-05 14:05:00+00:00,CVCB3.SA,2.4000000953674316,2.4000000953674316,2.359999895095825,2.359999895095825,475900
2026-05-05 14:10:00+00:00,CVCB3.SA,2.369999885559082,2.380000114440918,2.3399999141693115,2.3399999141693115,484500
2026-05-05 14:15:00+00:00,CVCB3.SA,2.3399999141693115,2.3399999141693115,2.299999952316284,2.299999952316284,424500
2026-05-05 14:20:00+00:00,CVCB3.SA,2.309999942779541,2.3399999141693115,2.299999952316284,2.3299999237060547,460000
2026-05-05 14:25:00+00:00,CVCB3.SA,2.3299999237060547,2.3499999046325684,2.3299999237060547,2.3299999237060547,334200
2026-05-05 14:30:00+00:00,CVCB3.SA,2.3399999141693115,2.359999895095825,2.3399999141693115,2.3399999141693115,85000
2026-05-05 14:35:00+00:00,CVCB3.SA,2.3499999046325684,2.3499999046325684,2.3299999237060547,2.3399999141693115,158000
2026-05-05 14:40:00+00:00,CVCB3.SA,2.3299999237060547,2.3499999046325684,2.3299999237060547,2.3499999046325684,110900
2026-05-05 14:45:00+00:00,CVCB3.SA,2.3499999046325684,2.3499999046325684,2.3299999237060547,2.3499999046325684,309800
2026-05-05 14:50:00+00:00,CVCB3.SA,2.3499999046325684,2.369999885559082,2.3399999141693115,2.359999895095825,268500
2026-05-05 14:55:00+00:00,CVCB3.SA,2.359999895095825,2.369999885559082,2.3499999046325684,2.3499999046325684,87100
2026-05-05 15:00:00+00:00,CVCB3.SA,2.359999895095825,2.359999895095825,2.3499999046325684,2.3499999046325684,50300
2026-05-05 15:05:00+00:00,CVCB3.SA,2.359999895095825,2.359999895095825,2.3399999141693115,2.3499999046325684,89000
2026-05-05 15:10:00+00:00,CVCB3.SA,2.3499999046325684,2.3499999046325684,2.3399999141693115,2.3399999141693115,18600
2026-05-05 15:15:00+00:00,CVCB3.SA,2.3499999046325684,2.359999895095825,2.3399999141693115,2.359999895095825,104000
2026-05-05 15:20:00+00:00,CVCB3.SA,2.359999895095825,2.369999885559082,2.3499999046325684,2.369999885559082,103000
2026-05-05 15:25:00+00:00,CVCB3.SA,2.369999885559082,2.369999885559082,2.3499999046325684,2.359999895095825,60400
2026-05-05 15:30:00+00:00,CVCB3.SA,2.359999895095825,2.359999895095825,2.3499999046325684,2.359999895095825,10000
2026-05-05 15:35:00+00:00,CVCB3.SA,2.359999895095825,2.369999885559082,2.3499999046325684,2.369999885559082,96800
2026-05-05 15:40:00+00:00,CVCB3.SA,2.369999885559082,2.369999885559082,2.359999895095825,2.359999895095825,77700
2026-05-05 15:45:00+00:00,CVCB3.SA,2.359999895095825,2.369999885559082,2.359999895095825,2.359999895095825,67300
2026-05-05 15:50:00+00:00,CVCB3.SA,2.369999885559082,2.4000000953674316,2.369999885559082,2.4000000953674316,290100
2026-05-05 15:55:00+00:00,CVCB3.SA,2.4000000953674316,2.4000000953674316,2.390000104904175,2.4000000953674316,46600
2026-05-05 16:00:00+00:00,CVCB3.SA,2.4000000953674316,2.4000000953674316,2.380000114440918,2.390000104904175,361100
2026-05-05 16:05:00+00:00,CVCB3.SA,2.380000114440918,2.390000104904175,2.380000114440918,2.390000104904175,131200
2026-05-05 16:10:00+00:00,CVCB3.SA,2.380000114440918,2.390000104904175,2.380000114440918,2.390000104904175,45500
2026-05-05 16:15:00+00:00,CVCB3.SA,2.380000114440918,2.4100000858306885,2.380000114440918,2.4100000858306885,440900
2026-05-05 16:20:00+00:00,CVCB3.SA,2.4100000858306885,2.4200000762939453,2.4000000953674316,2.4000000953674316,358100
2026-05-05 16:25:00+00:00,CVCB3.SA,2.4100000858306885,2.4100000858306885,2.4000000953674316,2.4100000858306885,49900
2026-05-05 16:30:00+00:00,CVCB3.SA,2.4000000953674316,2.4100000858306885,2.4000000953674316,2.4100000858306885,76400
2026-05-05 16:35:00+00:00,CVCB3.SA,2.4100000858306885,2.4100000858306885,2.4000000953674316,2.4100000858306885,6571000
2026-05-05 16:40:00+00:00,CVCB3.SA,2.4100000858306885,2.4100000858306885,2.4000000953674316,2.4100000858306885,103100
2026-05-05 16:45:00+00:00,CVCB3.SA,2.4100000858306885,2.4200000762939453,2.4000000953674316,2.4100000858306885,119900
2026-05-05 16:50:00+00:00,CVCB3.SA,2.4100000858306885,2.4100000858306885,2.390000104904175,2.4000000953674316,142300
2026-05-05 16:55:00+00:00,CVCB3.SA,2.4000000953674316,2.4000000953674316,2.390000104904175,2.4000000953674316,21300
2026-05-05 17:00:00+00:00,CVCB3.SA,2.4000000953674316,2.4000000953674316,2.390000104904175,2.4000000953674316,68100
2026-05-05 17:05:00+00:00,CVCB3.SA,2.4000000953674316,2.4000000953674316,2.390000104904175,2.4000000953674316,34000
2026-05-05 17:10:00+00:00,CVCB3.SA,2.4000000953674316,2.4000000953674316,2.390000104904175,2.4000000953674316,43600
2026-05-05 17:15:00+00:00,CVCB3.SA,2.4000000953674316,2.4000000953674316,2.390000104904175,2.4000000953674316,244100
2026-05-05 17:20:00+00:00,CVCB3.SA,2.4000000953674316,2.4000000953674316,2.390000104904175,2.4000000953674316,39200
2026-05-05 17:25:00+00:00,CVCB3.SA,2.4000000953674316,2.4000000953674316,2.390000104904175,2.4000000953674316,31100
2026-05-05 17:30:00+00:00,CVCB3.SA,2.4000000953674316,2.4000000953674316,2.390000104904175,2.4000000953674316,42300
2026-05-05 17:35:00+00:00,CVCB3.SA,2.4000000953674316,2.4000000953674316,2.390000104904175,2.4000000953674316,36100
2026-05-05 17:40:00+00:00,CVCB3.SA,2.4000000953674316,2.4100000858306885,2.390000104904175,2.4100000858306885,128900
2026-05-05 17:45:00+00:00,CVCB3.SA,2.4100000858306885,2.4100000858306885,2.4000000953674316,2.4100000858306885,31600
2026-05-05 17:50:00+00:00,CVCB3.SA,2.4100000858306885,2.4100000858306885,2.4000000953674316,2.4100000858306885,86000
2026-05-05 17:55:00+00:00,CVCB3.SA,2.4100000858306885,2.4100000858306885,2.4000000953674316,2.4100000858306885,69000
2026-05-05 18:00:00+00:00,CVCB3.SA,2.4100000858306885,2.4100000858306885,2.4000000953674316,2.4100000858306885,25300
2026-05-05 18:05:00+00:00,CVCB3.SA,2.4100000858306885,2.4100000858306885,2.4000000953674316,2.4100000858306885,35100
2026-05-05 18:10:00+00:00,CVCB3.SA,2.4100000858306885,2.4100000858306885,2.4000000953674316,2.4100000858306885,71700
2026-05-05 18:15:00+00:00,CVCB3.SA,2.4100000858306885,2.4100000858306885,2.4000000953674316,2.4100000858306885,25400
2026-05-05 18:20:00+00:00,CVCB3.SA,2.4100000858306885,2.4200000762939453,2.4000000953674316,2.4100000858306885,204900
2026-05-05 18:25:00+00:00,CVCB3.SA,2.4100000858306885,2.4100000858306885,2.390000104904175,2.4000000953674316,297200
2026-05-05 18:30:00+00:00,CVCB3.SA,2.4100000858306885,2.4200000762939453,2.4000000953674316,2.4100000858306885,140200
2026-05-05 18:35:00+00:00,CVCB3.SA,2.4200000762939453,2.4200000762939453,2.4100000858306885,2.4200000762939453,37800
2026-05-05 18:40:00+00:00,CVCB3.SA,2.4200000762939453,2.430000066757202,2.4100000858306885,2.430000066757202,352300
2026-05-05 18:45:00+00:00,CVCB3.SA,2.430000066757202,2.430000066757202,2.4200000762939453,2.430000066757202,50600
2026-05-05 18:50:00+00:00,CVCB3.SA,2.430000066757202,2.430000066757202,2.4200000762939453,2.430000066757202,71400
2026-05-05 18:55:00+00:00,CVCB3.SA,2.430000066757202,2.430000066757202,2.4200000762939453,2.430000066757202,36200
2026-05-05 19:00:00+00:00,CVCB3.SA,2.430000066757202,2.430000066757202,2.4200000762939453,2.430000066757202,222300
2026-05-05 19:05:00+00:00,CVCB3.SA,2.430000066757202,2.440000057220459,2.4200000762939453,2.440000057220459,332600
2026-05-05 19:10:00+00:00,CVCB3.SA,2.430000066757202,2.440000057220459,2.4200000762939453,2.430000066757202,226100
2026-05-05 19:15:00+00:00,CVCB3.SA,2.4200000762939453,2.430000066757202,2.4200000762939453,2.430000066757202,75300
2026-05-05 19:20:00+00:00,CVCB3.SA,2.4200000762939453,2.430000066757202,2.4200000762939453,2.430000066757202,66400
2026-05-05 19:25:00+00:00,CVCB3.SA,2.430000066757202,2.430000066757202,2.4200000762939453,2.430000066757202,46000
2026-05-05 19:30:00+00:00,CVCB3.SA,2.430000066757202,2.430000066757202,2.4200000762939453,2.430000066757202,120600
2026-05-05 19:35:00+00:00,CVCB3.SA,2.430000066757202,2.430000066757202,2.4100000858306885,2.4200000762939453,396200
2026-05-05 19:40:00+00:00,CVCB3.SA,2.4200000762939453,2.430000066757202,2.4100000858306885,2.430000066757202,4816000
2026-05-05 19:45:00+00:00,CVCB3.SA,2.430000066757202,2.430000066757202,2.4200000762939453,2.430000066757202,296700
2026-05-05 19:50:00+00:00,CVCB3.SA,2.430000066757202,2.450000047683716,2.4200000762939453,2.450000047683716,719800
2026-05-06 13:00:00+00:00,CVCB3.SA,2.440000057220459,2.4800000190734863,2.440000057220459,2.4600000381469727,0
2026-05-06 13:05:00+00:00,CVCB3.SA,2.4600000381469727,2.4700000286102295,2.450000047683716,2.4600000381469727,280300
2026-05-06 13:10:00+00:00,CVCB3.SA,2.450000047683716,2.4600000381469727,2.440000057220459,2.440000057220459,128300
2026-05-06 13:15:00+00:00,CVCB3.SA,2.440000057220459,2.450000047683716,2.440000057220459,2.440000057220459,91900
2026-05-06 13:20:00+00:00,CVCB3.SA,2.450000047683716,2.4600000381469727,2.440000057220459,2.450000047683716,214500
2026-05-06 13:25:00+00:00,CVCB3.SA,2.450000047683716,2.4600000381469727,2.440000057220459,2.450000047683716,118500
2026-05-06 13:30:00+00:00,CVCB3.SA,2.450000047683716,2.4600000381469727,2.440000057220459,2.4600000381469727,115000
2026-05-06 13:35:00+00:00,CVCB3.SA,2.450000047683716,2.4600000381469727,2.450000047683716,2.450000047683716,322500
2026-05-06 13:40:00+00:00,CVCB3.SA,2.450000047683716,2.4600000381469727,2.450000047683716,2.450000047683716,5400
2026-05-06 13:45:00+00:00,CVCB3.SA,2.4600000381469727,2.4600000381469727,2.450000047683716,2.450000047683716,52000
2026-05-06 13:50:00+00:00,CVCB3.SA,2.4600000381469727,2.4700000286102295,2.450000047683716,2.4700000286102295,218500
2026-05-06 13:55:00+00:00,CVCB3.SA,2.4700000286102295,2.4700000286102295,2.4600000381469727,2.4600000381469727,170500
2026-05-06 14:00:00+00:00,CVCB3.SA,2.4700000286102295,2.4700000286102295,2.4600000381469727,2.4600000381469727,77500
2026-05-06 14:05:00+00:00,CVCB3.SA,2.450000047683716,2.4600000381469727,2.450000047683716,2.450000047683716,40300
2026-05-06 14:10:00+00:00,CVCB3.SA,2.450000047683716,2.4600000381469727,2.450000047683716,2.4600000381469727,27900
2026-05-06 14:15:00+00:00,CVCB3.SA,2.4600000381469727,2.4600000381469727,2.450000047683716,2.4600000381469727,24000
2026-05-06 14:20:00+00:00,CVCB3.SA,2.4600000381469727,2.4800000190734863,2.450000047683716,2.4700000286102295,589000
2026-05-06 14:25:00+00:00,CVCB3.SA,2.4600000381469727,2.4700000286102295,2.4600000381469727,2.4600000381469727,59000
2026-05-06 14:30:00+00:00,CVCB3.SA,2.4600000381469727,2.4700000286102295,2.450000047683716,2.4600000381469727,131100
2026-05-06 14:35:00+00:00,CVCB3.SA,2.4600000381469727,2.4600000381469727,2.450000047683716,2.450000047683716,7300
2026-05-06 14:40:00+00:00,CVCB3.SA,2.4600000381469727,2.5,2.450000047683716,2.490000009536743,850400
2026-05-06 14:45:00+00:00,CVCB3.SA,2.490000009536743,2.5,2.4800000190734863,2.4800000190734863,281900
2026-05-06 14:50:00+00:00,CVCB3.SA,2.4800000190734863,2.490000009536743,2.4800000190734863,2.490000009536743,1700
2026-05-06 14:55:00+00:00,CVCB3.SA,2.4800000190734863,2.490000009536743,2.4800000190734863,2.490000009536743,81500
2026-05-06 15:00:00+00:00,CVCB3.SA,2.490000009536743,2.5199999809265137,2.490000009536743,2.5199999809265137,1131800
2026-05-06 15:05:00+00:00,CVCB3.SA,2.5199999809265137,2.5299999713897705,2.509999990463257,2.5199999809265137,628800
2026-05-06 15:10:00+00:00,CVCB3.SA,2.5199999809265137,2.5299999713897705,2.509999990463257,2.509999990463257,183900
2026-05-06 15:15:00+00:00,CVCB3.SA,2.509999990463257,2.5199999809265137,2.509999990463257,2.5199999809265137,44300
2026-05-06 15:20:00+00:00,CVCB3.SA,2.509999990463257,2.5199999809265137,2.5,2.5,279500
2026-05-06 15:25:00+00:00,CVCB3.SA,2.5,2.509999990463257,2.5,2.509999990463257,25200
2026-05-06 15:30:00+00:00,CVCB3.SA,2.509999990463257,2.5299999713897705,2.5,2.5199999809265137,264000
2026-05-06 15:35:00+00:00,CVCB3.SA,2.5199999809265137,2.5199999809265137,2.509999990463257,2.509999990463257,90300
2026-05-06 15:40:00+00:00,CVCB3.SA,2.509999990463257,2.5199999809265137,2.509999990463257,2.509999990463257,131500
2026-05-06 15:45:00+00:00,CVCB3.SA,2.509999990463257,2.5299999713897705,2.509999990463257,2.5299999713897705,106500
2026-05-06 15:50:00+00:00,CVCB3.SA,2.5199999809265137,2.5299999713897705,2.509999990463257,2.509999990463257,86900
2026-05-06 15:55:00+00:00,CVCB3.SA,2.509999990463257,2.5199999809265137,2.509999990463257,2.5199999809265137,116000
2026-05-06 16:00:00+00:00,CVCB3.SA,2.509999990463257,2.5199999809265137,2.509999990463257,2.5199999809265137,33900
2026-05-06 16:05:00+00:00,CVCB3.SA,2.5199999809265137,2.5299999713897705,2.509999990463257,2.5199999809265137,228400
2026-05-06 16:10:00+00:00,CVCB3.SA,2.5199999809265137,2.5299999713897705,2.509999990463257,2.5199999809265137,66800
2026-05-06 16:15:00+00:00,CVCB3.SA,2.5299999713897705,2.5299999713897705,2.5199999809265137,2.5299999713897705,76200
2026-05-06 16:20:00+00:00,CVCB3.SA,2.5199999809265137,2.5299999713897705,2.5199999809265137,2.5199999809265137,98500
2026-05-06 16:25:00+00:00,CVCB3.SA,2.5199999809265137,2.5299999713897705,2.5199999809265137,2.5199999809265137,122600
2026-05-06 16:30:00+00:00,CVCB3.SA,2.5199999809265137,2.549999952316284,2.5199999809265137,2.5299999713897705,587200
2026-05-06 16:35:00+00:00,CVCB3.SA,2.5399999618530273,2.5399999618530273,2.5299999713897705,2.5399999618530273,156200
2026-05-06 16:40:00+00:00,CVCB3.SA,2.5399999618530273,2.5399999618530273,2.5299999713897705,2.5399999618530273,52200
2026-05-06 16:45:00+00:00,CVCB3.SA,2.5399999618530273,2.549999952316284,2.5299999713897705,2.5399999618530273,72200
2026-05-06 16:50:00+00:00,CVCB3.SA,2.549999952316284,2.549999952316284,2.5299999713897705,2.5299999713897705,178400
2026-05-06 16:55:00+00:00,CVCB3.SA,2.5299999713897705,2.5399999618530273,2.5199999809265137,2.5299999713897705,221500
2026-05-06 17:00:00+00:00,CVCB3.SA,2.5299999713897705,2.5399999618530273,2.5199999809265137,2.5299999713897705,87700
2026-05-06 17:05:00+00:00,CVCB3.SA,2.5299999713897705,2.5399999618530273,2.5299999713897705,2.5399999618530273,58500
2026-05-06 17:10:00+00:00,CVCB3.SA,2.5399999618530273,2.5399999618530273,2.5299999713897705,2.5299999713897705,46100
2026-05-06 17:15:00+00:00,CVCB3.SA,2.5399999618530273,2.5399999618530273,2.5299999713897705,2.5399999618530273,40200
2026-05-06 17:20:00+00:00,CVCB3.SA,2.5299999713897705,2.5399999618530273,2.5299999713897705,2.5399999618530273,67300
2026-05-06 17:25:00+00:00,CVCB3.SA,2.5399999618530273,2.5399999618530273,2.5299999713897705,2.5399999618530273,304900
2026-05-06 17:30:00+00:00,CVCB3.SA,2.5399999618530273,2.5399999618530273,2.5299999713897705,2.5299999713897705,24100
2026-05-06 17:35:00+00:00,CVCB3.SA,2.5299999713897705,2.549999952316284,2.5299999713897705,2.549999952316284,94800
2026-05-06 17:40:00+00:00,CVCB3.SA,2.5399999618530273,2.549999952316284,2.5399999618530273,2.5399999618530273,148200
2026-05-06 17:45:00+00:00,CVCB3.SA,2.5399999618530273,2.549999952316284,2.5399999618530273,2.549999952316284,65600
2026-05-06 17:50:00+00:00,CVCB3.SA,2.549999952316284,2.549999952316284,2.5399999618530273,2.549999952316284,123800
2026-05-06 17:55:00+00:00,CVCB3.SA,2.5399999618530273,2.549999952316284,2.5399999618530273,2.549999952316284,67900
2026-05-06 18:00:00+00:00,CVCB3.SA,2.549999952316284,2.549999952316284,2.5399999618530273,2.549999952316284,62000
2026-05-06 18:05:00+00:00,CVCB3.SA,2.549999952316284,2.549999952316284,2.5399999618530273,2.549999952316284,104200
2026-05-06 18:10:00+00:00,CVCB3.SA,2.549999952316284,2.559999942779541,2.5399999618530273,2.559999942779541,228800
2026-05-06 18:15:00+00:00,CVCB3.SA,2.549999952316284,2.569999933242798,2.549999952316284,2.559999942779541,394600
2026-05-06 18:20:00+00:00,CVCB3.SA,2.559999942779541,2.559999942779541,2.549999952316284,2.559999942779541,36600
2026-05-06 18:25:00+00:00,CVCB3.SA,2.559999942779541,2.559999942779541,2.549999952316284,2.559999942779541,52000
2026-05-06 18:30:00+00:00,CVCB3.SA,2.559999942779541,2.559999942779541,2.549999952316284,2.559999942779541,129300
2026-05-06 18:35:00+00:00,CVCB3.SA,2.559999942779541,2.559999942779541,2.5299999713897705,2.5399999618530273,307100
2026-05-06 18:40:00+00:00,CVCB3.SA,2.5299999713897705,2.5399999618530273,2.5299999713897705,2.5399999618530273,41300
2026-05-06 18:45:00+00:00,CVCB3.SA,2.5399999618530273,2.5399999618530273,2.5299999713897705,2.5299999713897705,55800
2026-05-06 18:50:00+00:00,CVCB3.SA,2.5399999618530273,2.5399999618530273,2.5299999713897705,2.5299999713897705,82700
2026-05-06 18:55:00+00:00,CVCB3.SA,2.5399999618530273,2.5399999618530273,2.5,2.509999990463257,591900
2026-05-06 19:00:00+00:00,CVCB3.SA,2.509999990463257,2.509999990463257,2.5,2.509999990463257,65100
2026-05-06 19:05:00+00:00,CVCB3.SA,2.5,2.509999990463257,2.5,2.509999990463257,80000
2026-05-06 19:10:00+00:00,CVCB3.SA,2.509999990463257,2.509999990463257,2.490000009536743,2.5,236500
2026-05-06 19:15:00+00:00,CVCB3.SA,2.490000009536743,2.5,2.490000009536743,2.490000009536743,59800
2026-05-06 19:20:00+00:00,CVCB3.SA,2.5,2.5,2.4800000190734863,2.490000009536743,496500
2026-05-06 19:25:00+00:00,CVCB3.SA,2.4800000190734863,2.490000009536743,2.4800000190734863,2.490000009536743,345300
2026-05-06 19:30:00+00:00,CVCB3.SA,2.490000009536743,2.490000009536743,2.4800000190734863,2.4800000190734863,208900
2026-05-06 19:35:00+00:00,CVCB3.SA,2.4800000190734863,2.490000009536743,2.4600000381469727,2.4700000286102295,532400
2026-05-06 19:40:00+00:00,CVCB3.SA,2.4700000286102295,2.4700000286102295,2.4600000381469727,2.4700000286102295,227300
2026-05-06 19:45:00+00:00,CVCB3.SA,2.4700000286102295,2.490000009536743,2.4600000381469727,2.4800000190734863,238800
2026-05-06 19:50:00+00:00,CVCB3.SA,2.4800000190734863,2.490000009536743,2.4600000381469727,2.490000009536743,758300
2026-05-07 13:00:00+00:00,CVCB3.SA,2.440000057220459,2.4600000381469727,2.440000057220459,2.4600000381469727,0
2026-05-07 13:05:00+00:00,CVCB3.SA,2.4600000381469727,2.4600000381469727,2.440000057220459,2.440000057220459,142800
2026-05-07 13:10:00+00:00,CVCB3.SA,2.440000057220459,2.440000057220459,2.430000066757202,2.430000066757202,89200
2026-05-07 13:15:00+00:00,CVCB3.SA,2.440000057220459,2.4700000286102295,2.440000057220459,2.4700000286102295,294200
2026-05-07 13:20:00+00:00,CVCB3.SA,2.4700000286102295,2.4700000286102295,2.450000047683716,2.4600000381469727,48200
2026-05-07 13:25:00+00:00,CVCB3.SA,2.4600000381469727,2.5299999713897705,2.450000047683716,2.5199999809265137,654800
2026-05-07 13:30:00+00:00,CVCB3.SA,2.5199999809265137,2.549999952316284,2.5199999809265137,2.5299999713897705,690000
2026-05-07 13:35:00+00:00,CVCB3.SA,2.5299999713897705,2.5399999618530273,2.5199999809265137,2.5199999809265137,262200
2026-05-07 13:40:00+00:00,CVCB3.SA,2.5199999809265137,2.5299999713897705,2.5199999809265137,2.5299999713897705,16500
2026-05-07 13:45:00+00:00,CVCB3.SA,2.5199999809265137,2.5199999809265137,2.509999990463257,2.5199999809265137,93500
2026-05-07 13:50:00+00:00,CVCB3.SA,2.5199999809265137,2.5299999713897705,2.5199999809265137,2.5299999713897705,170400
2026-05-07 13:55:00+00:00,CVCB3.SA,2.5299999713897705,2.5399999618530273,2.5299999713897705,2.5399999618530273,155400
2026-05-07 14:00:00+00:00,CVCB3.SA,2.5399999618530273,2.5399999618530273,2.5299999713897705,2.5299999713897705,29500
2026-05-07 14:05:00+00:00,CVCB3.SA,2.5299999713897705,2.5399999618530273,2.5299999713897705,2.5299999713897705,133600
2026-05-07 14:10:00+00:00,CVCB3.SA,2.5399999618530273,2.569999933242798,2.5299999713897705,2.549999952316284,450000
2026-05-07 14:15:00+00:00,CVCB3.SA,2.559999942779541,2.559999942779541,2.549999952316284,2.559999942779541,195900
2026-05-07 14:20:00+00:00,CVCB3.SA,2.549999952316284,2.549999952316284,2.5299999713897705,2.5399999618530273,132400
2026-05-07 14:25:00+00:00,CVCB3.SA,2.5399999618530273,2.5399999618530273,2.509999990463257,2.509999990463257,205100
2026-05-07 14:30:00+00:00,CVCB3.SA,2.509999990463257,2.5199999809265137,2.490000009536743,2.509999990463257,127000
2026-05-07 14:35:00+00:00,CVCB3.SA,2.509999990463257,2.509999990463257,2.490000009536743,2.5,110100
2026-05-07 14:40:00+00:00,CVCB3.SA,2.490000009536743,2.5,2.490000009536743,2.490000009536743,6400
2026-05-07 14:45:00+00:00,CVCB3.SA,2.5,2.5299999713897705,2.5,2.5199999809265137,440200
2026-05-07 14:50:00+00:00,CVCB3.SA,2.5299999713897705,2.559999942779541,2.5199999809265137,2.549999952316284,389600
2026-05-07 14:55:00+00:00,CVCB3.SA,2.549999952316284,2.549999952316284,2.5299999713897705,2.5299999713897705,231300
2026-05-07 15:00:00+00:00,CVCB3.SA,2.5299999713897705,2.5399999618530273,2.5299999713897705,2.5399999618530273,0
2026-05-07 15:05:00+00:00,CVCB3.SA,2.5399999618530273,2.5399999618530273,2.509999990463257,2.509999990463257,211600
2026-05-07 15:10:00+00:00,CVCB3.SA,2.5199999809265137,2.5399999618530273,2.5199999809265137,2.5399999618530273,75300
2026-05-07 15:15:00+00:00,CVCB3.SA,2.5399999618530273,2.549999952316284,2.4700000286102295,2.549999952316284,235100
2026-05-07 15:20:00+00:00,CVCB3.SA,2.549999952316284,2.549999952316284,2.5399999618530273,2.549999952316284,163100
2026-05-07 15:25:00+00:00,CVCB3.SA,2.5399999618530273,2.559999942779541,2.5399999618530273,2.559999942779541,156100
2026-05-07 15:30:00+00:00,CVCB3.SA,2.559999942779541,2.569999933242798,2.559999942779541,2.559999942779541,290100
2026-05-07 15:35:00+00:00,CVCB3.SA,2.559999942779541,2.569999933242798,2.549999952316284,2.549999952316284,44100
2026-05-07 15:40:00+00:00,CVCB3.SA,2.559999942779541,2.559999942779541,2.549999952316284,2.559999942779541,7400
2026-05-07 15:45:00+00:00,CVCB3.SA,2.559999942779541,2.559999942779541,2.549999952316284,2.559999942779541,145700
2026-05-07 15:50:00+00:00,CVCB3.SA,2.559999942779541,2.559999942779541,2.549999952316284,2.559999942779541,15400
2026-05-07 15:55:00+00:00,CVCB3.SA,2.559999942779541,2.559999942779541,2.549999952316284,2.559999942779541,38300
2026-05-07 16:00:00+00:00,CVCB3.SA,2.559999942779541,2.559999942779541,2.5399999618530273,2.549999952316284,168600
2026-05-07 16:05:00+00:00,CVCB3.SA,2.5399999618530273,2.549999952316284,2.5399999618530273,2.549999952316284,2500
2026-05-07 16:10:00+00:00,CVCB3.SA,2.5399999618530273,2.549999952316284,2.5299999713897705,2.5399999618530273,216800
2026-05-07 16:15:00+00:00,CVCB3.SA,2.549999952316284,2.549999952316284,2.5299999713897705,2.5399999618530273,114400
2026-05-07 16:20:00+00:00,CVCB3.SA,2.5299999713897705,2.5399999618530273,2.5299999713897705,2.5399999618530273,124400
2026-05-07 16:25:00+00:00,CVCB3.SA,2.5399999618530273,2.549999952316284,2.5399999618530273,2.549999952316284,215900
2026-05-07 16:30:00+00:00,CVCB3.SA,2.5399999618530273,2.559999942779541,2.5399999618530273,2.549999952316284,357500
2026-05-07 16:35:00+00:00,CVCB3.SA,2.549999952316284,2.549999952316284,2.5399999618530273,2.5399999618530273,219000
2026-05-07 16:40:00+00:00,CVCB3.SA,2.5399999618530273,2.549999952316284,2.5299999713897705,2.5399999618530273,186000
2026-05-07 16:45:00+00:00,CVCB3.SA,2.549999952316284,2.549999952316284,2.5399999618530273,2.549999952316284,14600
2026-05-07 16:50:00+00:00,CVCB3.SA,2.549999952316284,2.549999952316284,2.5299999713897705,2.5399999618530273,92900
2026-05-07 16:55:00+00:00,CVCB3.SA,2.5399999618530273,2.5399999618530273,2.5299999713897705,2.5399999618530273,24900
2026-05-07 17:00:00+00:00,CVCB3.SA,2.5399999618530273,2.5399999618530273,2.5299999713897705,2.5299999713897705,475900
2026-05-07 17:05:00+00:00,CVCB3.SA,2.5299999713897705,2.5299999713897705,2.5199999809265137,2.5199999809265137,177700
2026-05-07 17:10:00+00:00,CVCB3.SA,2.5199999809265137,2.5199999809265137,2.509999990463257,2.5199999809265137,5200
2026-05-07 17:15:00+00:00,CVCB3.SA,2.509999990463257,2.5199999809265137,2.509999990463257,2.5199999809265137,22000
2026-05-07 17:20:00+00:00,CVCB3.SA,2.509999990463257,2.5199999809265137,2.509999990463257,2.5199999809265137,38400
2026-05-07 17:25:00+00:00,CVCB3.SA,2.509999990463257,2.5199999809265137,2.5,2.5,523800
2026-05-07 17:30:00+00:00,CVCB3.SA,2.5,2.509999990463257,2.5,2.509999990463257,303100
2026-05-07 17:35:00+00:00,CVCB3.SA,2.5,2.5199999809265137,2.5,2.5199999809265137,181900
2026-05-07 17:40:00+00:00,CVCB3.SA,2.5199999809265137,2.5199999809265137,2.5,2.509999990463257,683400
2026-05-07 17:45:00+00:00,CVCB3.SA,2.509999990463257,2.509999990463257,2.5,2.509999990463257,367000
2026-05-07 17:50:00+00:00,CVCB3.SA,2.509999990463257,2.509999990463257,2.5,2.509999990463257,265900
2026-05-07 17:55:00+00:00,CVCB3.SA,2.509999990463257,2.509999990463257,2.5,2.509999990463257,24200
2026-05-07 18:00:00+00:00,CVCB3.SA,2.5,2.5199999809265137,2.5,2.5199999809265137,79600
2026-05-07 18:05:00+00:00,CVCB3.SA,2.5199999809265137,2.5199999809265137,2.509999990463257,2.5199999809265137,17900
2026-05-07 18:10:00+00:00,CVCB3.SA,2.5199999809265137,2.5399999618530273,2.5199999809265137,2.5399999618530273,284600
2026-05-07 18:15:00+00:00,CVCB3.SA,2.5399999618530273,2.5399999618530273,2.5299999713897705,2.5399999618530273,37800
2026-05-07 18:20:00+00:00,CVCB3.SA,2.5399999618530273,2.549999952316284,2.5299999713897705,2.5299999713897705,522000
2026-05-07 18:25:00+00:00,CVCB3.SA,2.5199999809265137,2.5299999713897705,2.5199999809265137,2.5199999809265137,97800
2026-05-07 18:30:00+00:00,CVCB3.SA,2.5299999713897705,2.5299999713897705,2.5199999809265137,2.5299999713897705,28400
2026-05-07 18:35:00+00:00,CVCB3.SA,2.5299999713897705,2.5299999713897705,2.5199999809265137,2.5299999713897705,29400
2026-05-07 18:40:00+00:00,CVCB3.SA,2.5199999809265137,2.5299999713897705,2.509999990463257,2.509999990463257,116400
2026-05-07 18:45:00+00:00,CVCB3.SA,2.5199999809265137,2.5299999713897705,2.509999990463257,2.5299999713897705,36800
2026-05-07 18:50:00+00:00,CVCB3.SA,2.5299999713897705,2.5399999618530273,2.509999990463257,2.5199999809265137,796200
2026-05-07 18:55:00+00:00,CVCB3.SA,2.5199999809265137,2.5199999809265137,2.509999990463257,2.5199999809265137,15200
2026-05-07 19:00:00+00:00,CVCB3.SA,2.509999990463257,2.5199999809265137,2.509999990463257,2.509999990463257,29300
2026-05-07 19:05:00+00:00,CVCB3.SA,2.5199999809265137,2.5199999809265137,2.509999990463257,2.5199999809265137,50400
2026-05-07 19:10:00+00:00,CVCB3.SA,2.5199999809265137,2.5199999809265137,2.509999990463257,2.5199999809265137,46900
2026-05-07 19:15:00+00:00,CVCB3.SA,2.5199999809265137,2.5199999809265137,2.490000009536743,2.490000009536743,407400
2026-05-07 19:20:00+00:00,CVCB3.SA,2.5,2.509999990463257,2.490000009536743,2.509999990463257,79600
2026-05-07 19:25:00+00:00,CVCB3.SA,2.5,2.5,2.490000009536743,2.5,137900
2026-05-07 19:30:00+00:00,CVCB3.SA,2.490000009536743,2.5,2.490000009536743,2.5,83300
2026-05-07 19:35:00+00:00,CVCB3.SA,2.5,2.5199999809265137,2.490000009536743,2.509999990463257,103200
2026-05-07 19:40:00+00:00,CVCB3.SA,2.509999990463257,2.5199999809265137,2.5,2.509999990463257,218800
2026-05-07 19:45:00+00:00,CVCB3.SA,2.509999990463257,2.509999990463257,2.490000009536743,2.5,143500
2026-05-07 19:50:00+00:00,CVCB3.SA,2.5,2.5199999809265137,2.490000009536743,2.509999990463257,390900
2026-05-08 13:00:00+00:00,CVCB3.SA,2.509999990463257,2.5399999618530273,2.509999990463257,2.5299999713897705,0
2026-05-08 13:05:00+00:00,CVCB3.SA,2.5299999713897705,2.549999952316284,2.5299999713897705,2.5299999713897705,217100
2026-05-08 13:10:00+00:00,CVCB3.SA,2.5299999713897705,2.5299999713897705,2.5,2.509999990463257,250100
2026-05-08 13:15:00+00:00,CVCB3.SA,2.5199999809265137,2.5199999809265137,2.509999990463257,2.509999990463257,148900
2026-05-08 13:20:00+00:00,CVCB3.SA,2.509999990463257,2.5199999809265137,2.490000009536743,2.490000009536743,342700
2026-05-08 13:25:00+00:00,CVCB3.SA,2.490000009536743,2.5,2.4800000190734863,2.5,102600
2026-05-08 13:30:00+00:00,CVCB3.SA,2.4800000190734863,2.4800000190734863,2.450000047683716,2.4600000381469727,306200
2026-05-08 13:35:00+00:00,CVCB3.SA,2.4700000286102295,2.4800000190734863,2.440000057220459,2.450000047683716,522300
2026-05-08 13:40:00+00:00,CVCB3.SA,2.450000047683716,2.4600000381469727,2.4100000858306885,2.4200000762939453,581800
2026-05-08 13:45:00+00:00,CVCB3.SA,2.4100000858306885,2.4200000762939453,2.4000000953674316,2.4100000858306885,765700
2026-05-08 13:50:00+00:00,CVCB3.SA,2.4100000858306885,2.4200000762939453,2.369999885559082,2.380000114440918,685400
2026-05-08 13:55:00+00:00,CVCB3.SA,2.390000104904175,2.4200000762939453,2.369999885559082,2.390000104904175,1064000
2026-05-08 14:00:00+00:00,CVCB3.SA,2.390000104904175,2.4000000953674316,2.369999885559082,2.4000000953674316,811800
2026-05-08 14:05:00+00:00,CVCB3.SA,2.390000104904175,2.4000000953674316,2.380000114440918,2.390000104904175,532800
2026-05-08 14:10:00+00:00,CVCB3.SA,2.380000114440918,2.390000104904175,2.359999895095825,2.359999895095825,585700
2026-05-08 14:15:00+00:00,CVCB3.SA,2.369999885559082,2.369999885559082,2.3399999141693115,2.3399999141693115,605800
2026-05-08 14:20:00+00:00,CVCB3.SA,2.3399999141693115,2.3499999046325684,2.3299999237060547,2.3399999141693115,299400
2026-05-08 14:25:00+00:00,CVCB3.SA,2.3499999046325684,2.3499999046325684,2.3399999141693115,2.3499999046325684,110000
2026-05-08 14:30:00+00:00,CVCB3.SA,2.3399999141693115,2.3499999046325684,2.3299999237060547,2.3399999141693115,340400
2026-05-08 14:35:00+00:00,CVCB3.SA,2.3399999141693115,2.3499999046325684,2.319999933242798,2.3299999237060547,517900
2026-05-08 14:40:00+00:00,CVCB3.SA,2.319999933242798,2.3299999237060547,2.309999942779541,2.319999933242798,309600
2026-05-08 14:45:00+00:00,CVCB3.SA,2.319999933242798,2.3299999237060547,2.309999942779541,2.3299999237060547,125800
2026-05-08 14:50:00+00:00,CVCB3.SA,2.319999933242798,2.3399999141693115,2.319999933242798,2.3299999237060547,98800
2026-05-08 14:55:00+00:00,CVCB3.SA,2.3299999237060547,2.3299999237060547,2.309999942779541,2.3299999237060547,234200
2026-05-08 15:00:00+00:00,CVCB3.SA,2.319999933242798,2.3299999237060547,2.319999933242798,2.3299999237060547,24100
2026-05-08 15:05:00+00:00,CVCB3.SA,2.3299999237060547,2.3299999237060547,2.319999933242798,2.3299999237060547,43600
2026-05-08 15:10:00+00:00,CVCB3.SA,2.319999933242798,2.3299999237060547,2.309999942779541,2.319999933242798,140600
2026-05-08 15:15:00+00:00,CVCB3.SA,2.319999933242798,2.319999933242798,2.309999942779541,2.309999942779541,69300
2026-05-08 15:20:00+00:00,CVCB3.SA,2.319999933242798,2.319999933242798,2.299999952316284,2.309999942779541,541600
2026-05-08 15:25:00+00:00,CVCB3.SA,2.299999952316284,2.319999933242798,2.299999952316284,2.309999942779541,76100
2026-05-08 15:30:00+00:00,CVCB3.SA,2.309999942779541,2.319999933242798,2.309999942779541,2.319999933242798,38700
2026-05-08 15:35:00+00:00,CVCB3.SA,2.319999933242798,2.319999933242798,2.2899999618530273,2.2899999618530273,714200
2026-05-08 15:40:00+00:00,CVCB3.SA,2.2899999618530273,2.299999952316284,2.2899999618530273,2.299999952316284,49200
2026-05-08 15:45:00+00:00,CVCB3.SA,2.2899999618530273,2.319999933242798,2.2899999618530273,2.319999933242798,219400
2026-05-08 15:50:00+00:00,CVCB3.SA,2.319999933242798,2.319999933242798,2.309999942779541,2.319999933242798,25600
2026-05-08 15:55:00+00:00,CVCB3.SA,2.319999933242798,2.319999933242798,2.299999952316284,2.309999942779541,192100
2026-05-08 16:00:00+00:00,CVCB3.SA,2.309999942779541,2.319999933242798,2.309999942779541,2.309999942779541,3300
2026-05-08 16:05:00+00:00,CVCB3.SA,2.309999942779541,2.319999933242798,2.299999952316284,2.299999952316284,93600
2026-05-08 16:10:00+00:00,CVCB3.SA,2.299999952316284,2.309999942779541,2.2899999618530273,2.2899999618530273,217200
2026-05-08 16:15:00+00:00,CVCB3.SA,2.2899999618530273,2.299999952316284,2.2799999713897705,2.2899999618530273,428800
2026-05-08 16:20:00+00:00,CVCB3.SA,2.2799999713897705,2.2899999618530273,2.2799999713897705,2.2799999713897705,56600
2026-05-08 16:25:00+00:00,CVCB3.SA,2.2899999618530273,2.2899999618530273,2.2699999809265137,2.2699999809265137,102900
2026-05-08 16:30:00+00:00,CVCB3.SA,2.2699999809265137,2.2799999713897705,2.2699999809265137,2.2699999809265137,16400
2026-05-08 16:35:00+00:00,CVCB3.SA,2.2699999809265137,2.2899999618530273,2.2699999809265137,2.2899999618530273,172000
2026-05-08 16:40:00+00:00,CVCB3.SA,2.2899999618530273,2.2899999618530273,2.2799999713897705,2.2799999713897705,81900
2026-05-08 16:45:00+00:00,CVCB3.SA,2.2899999618530273,2.2899999618530273,2.2799999713897705,2.2899999618530273,24000
2026-05-08 16:50:00+00:00,CVCB3.SA,2.2799999713897705,2.2899999618530273,2.2699999809265137,2.2699999809265137,294900
2026-05-08 16:55:00+00:00,CVCB3.SA,2.2699999809265137,2.2799999713897705,2.2699999809265137,2.2699999809265137,13300
2026-05-08 17:00:00+00:00,CVCB3.SA,2.2699999809265137,2.2799999713897705,2.2699999809265137,2.2699999809265137,45200
2026-05-08 17:05:00+00:00,CVCB3.SA,2.2699999809265137,2.2799999713897705,2.2699999809265137,2.2699999809265137,18800
2026-05-08 17:10:00+00:00,CVCB3.SA,2.2699999809265137,2.2799999713897705,2.2699999809265137,2.2699999809265137,128500
2026-05-08 17:15:00+00:00,CVCB3.SA,2.2699999809265137,2.2799999713897705,2.2699999809265137,2.2799999713897705,63200
2026-05-08 17:20:00+00:00,CVCB3.SA,2.2699999809265137,2.2799999713897705,2.2699999809265137,2.2699999809265137,15800
2026-05-08 17:25:00+00:00,CVCB3.SA,2.2699999809265137,2.2799999713897705,2.2699999809265137,2.2699999809265137,34700
2026-05-08 17:30:00+00:00,CVCB3.SA,2.2699999809265137,2.2799999713897705,2.259999990463257,2.2699999809265137,234800
2026-05-08 17:35:00+00:00,CVCB3.SA,2.2699999809265137,2.2699999809265137,2.259999990463257,2.259999990463257,65400
2026-05-08 17:40:00+00:00,CVCB3.SA,2.259999990463257,2.2799999713897705,2.259999990463257,2.2699999809265137,344400
2026-05-08 17:45:00+00:00,CVCB3.SA,2.2699999809265137,2.2699999809265137,2.259999990463257,2.259999990463257,172700
2026-05-08 17:55:00+00:00,CVCB3.SA,2.259999990463257,2.2699999809265137,2.25,2.259999990463257,341600
2026-05-08 18:00:00+00:00,CVCB3.SA,2.25,2.25,2.240000009536743,2.25,533500
2026-05-08 18:05:00+00:00,CVCB3.SA,2.240000009536743,2.259999990463257,2.240000009536743,2.259999990463257,241700
2026-05-08 18:10:00+00:00,CVCB3.SA,2.25,2.259999990463257,2.2300000190734863,2.240000009536743,512200
2026-05-08 18:15:00+00:00,CVCB3.SA,2.2300000190734863,2.240000009536743,2.2300000190734863,2.2300000190734863,77200
2026-05-08 18:20:00+00:00,CVCB3.SA,2.2300000190734863,2.240000009536743,2.2200000286102295,2.2300000190734863,372700
2026-05-08 18:25:00+00:00,CVCB3.SA,2.2200000286102295,2.25,2.2200000286102295,2.240000009536743,375500
2026-05-08 18:30:00+00:00,CVCB3.SA,2.25,2.2699999809265137,2.240000009536743,2.2699999809265137,280100
2026-05-08 18:35:00+00:00,CVCB3.SA,2.259999990463257,2.2699999809265137,2.259999990463257,2.2699999809265137,31900
2026-05-08 18:40:00+00:00,CVCB3.SA,2.2699999809265137,2.2699999809265137,2.259999990463257,2.2699999809265137,188500
2026-05-08 18:45:00+00:00,CVCB3.SA,2.25,2.259999990463257,2.25,2.25,3900
2026-05-08 18:50:00+00:00,CVCB3.SA,2.25,2.259999990463257,2.240000009536743,2.240000009536743,206300
2026-05-08 18:55:00+00:00,CVCB3.SA,2.25,2.25,2.240000009536743,2.240000009536743,14300
2026-05-08 19:00:00+00:00,CVCB3.SA,2.25,2.259999990463257,2.240000009536743,2.25,75400
2026-05-08 19:05:00+00:00,CVCB3.SA,2.259999990463257,2.259999990463257,2.25,2.259999990463257,59200
2026-05-08 19:10:00+00:00,CVCB3.SA,2.259999990463257,2.259999990463257,2.240000009536743,2.25,378300
2026-05-08 19:15:00+00:00,CVCB3.SA,2.25,2.259999990463257,2.240000009536743,2.240000009536743,121400
2026-05-08 19:20:00+00:00,CVCB3.SA,2.25,2.259999990463257,2.2300000190734863,2.240000009536743,261100
2026-05-08 19:25:00+00:00,CVCB3.SA,2.2300000190734863,2.240000009536743,2.2100000381469727,2.2100000381469727,519100
2026-05-08 19:30:00+00:00,CVCB3.SA,2.2100000381469727,2.2300000190734863,2.2100000381469727,2.2300000190734863,142900
2026-05-08 19:35:00+00:00,CVCB3.SA,2.2200000286102295,2.2300000190734863,2.2200000286102295,2.2200000286102295,21700
2026-05-08 19:40:00+00:00,CVCB3.SA,2.2200000286102295,2.2300000190734863,2.2200000286102295,2.2200000286102295,52000
2026-05-08 19:45:00+00:00,CVCB3.SA,2.2300000190734863,2.2300000190734863,2.2200000286102295,2.2200000286102295,161500
2026-05-08 19:50:00+00:00,CVCB3.SA,2.2200000286102295,2.2300000190734863,2.2100000381469727,2.2200000286102295,598200
2026-05-11 13:00:00+00:00,CVCB3.SA,2.190000057220459,2.190000057220459,2.180000066757202,2.190000057220459,0
2026-05-11 13:05:00+00:00,CVCB3.SA,2.200000047683716,2.240000009536743,2.190000057220459,2.200000047683716,268700
2026-05-11 13:10:00+00:00,CVCB3.SA,2.200000047683716,2.2300000190734863,2.200000047683716,2.2200000286102295,127000
2026-05-11 13:15:00+00:00,CVCB3.SA,2.2200000286102295,2.240000009536743,2.2200000286102295,2.240000009536743,120700
2026-05-11 13:20:00+00:00,CVCB3.SA,2.240000009536743,2.240000009536743,2.2100000381469727,2.2200000286102295,193400
2026-05-11 13:25:00+00:00,CVCB3.SA,2.2100000381469727,2.2100000381469727,2.190000057220459,2.200000047683716,418800
2026-05-11 13:30:00+00:00,CVCB3.SA,2.200000047683716,2.2100000381469727,2.190000057220459,2.200000047683716,175800
2026-05-11 13:35:00+00:00,CVCB3.SA,2.190000057220459,2.200000047683716,2.190000057220459,2.200000047683716,24900
2026-05-11 13:40:00+00:00,CVCB3.SA,2.200000047683716,2.200000047683716,2.1700000762939453,2.190000057220459,396500
2026-05-11 13:45:00+00:00,CVCB3.SA,2.180000066757202,2.190000057220459,2.180000066757202,2.180000066757202,90200
2026-05-11 13:50:00+00:00,CVCB3.SA,2.1700000762939453,2.190000057220459,2.1700000762939453,2.180000066757202,187800
2026-05-11 13:55:00+00:00,CVCB3.SA,2.180000066757202,2.180000066757202,2.1600000858306885,2.1700000762939453,565300
2026-05-11 14:00:00+00:00,CVCB3.SA,2.1600000858306885,2.1700000762939453,2.1500000953674316,2.1700000762939453,262800
2026-05-11 14:05:00+00:00,CVCB3.SA,2.1700000762939453,2.1700000762939453,2.1700000762939453,2.1700000762939453,6100
2026-05-11 14:10:00+00:00,CVCB3.SA,2.1700000762939453,2.180000066757202,2.1700000762939453,2.180000066757202,115000
2026-05-11 14:15:00+00:00,CVCB3.SA,2.180000066757202,2.190000057220459,2.1700000762939453,2.180000066757202,76900
2026-05-11 14:20:00+00:00,CVCB3.SA,2.180000066757202,2.180000066757202,2.1700000762939453,2.1700000762939453,65300
2026-05-11 14:25:00+00:00,CVCB3.SA,2.1600000858306885,2.1700000762939453,2.1600000858306885,2.1700000762939453,99500
2026-05-11 14:30:00+00:00,CVCB3.SA,2.1700000762939453,2.180000066757202,2.1600000858306885,2.1700000762939453,84800
2026-05-11 14:35:00+00:00,CVCB3.SA,2.1600000858306885,2.180000066757202,2.1600000858306885,2.180000066757202,185200
2026-05-11 14:40:00+00:00,CVCB3.SA,2.180000066757202,2.180000066757202,2.1700000762939453,2.180000066757202,4500
2026-05-11 14:45:00+00:00,CVCB3.SA,2.180000066757202,2.180000066757202,2.180000066757202,2.180000066757202,3800
2026-05-11 14:50:00+00:00,CVCB3.SA,2.180000066757202,2.200000047683716,2.1700000762939453,2.200000047683716,250900
2026-05-11 14:55:00+00:00,CVCB3.SA,2.200000047683716,2.200000047683716,2.180000066757202,2.180000066757202,110600
2026-05-11 15:00:00+00:00,CVCB3.SA,2.190000057220459,2.190000057220459,2.1700000762939453,2.180000066757202,95700
2026-05-11 15:05:00+00:00,CVCB3.SA,2.1700000762939453,2.180000066757202,2.1700000762939453,2.180000066757202,13000
2026-05-11 15:10:00+00:00,CVCB3.SA,2.1700000762939453,2.190000057220459,2.1700000762939453,2.180000066757202,58100
2026-05-11 15:15:00+00:00,CVCB3.SA,2.180000066757202,2.190000057220459,2.180000066757202,2.190000057220459,10000
2026-05-11 15:20:00+00:00,CVCB3.SA,2.190000057220459,2.190000057220459,2.180000066757202,2.190000057220459,8900
2026-05-11 15:25:00+00:00,CVCB3.SA,2.190000057220459,2.190000057220459,2.180000066757202,2.180000066757202,4900
2026-05-11 15:30:00+00:00,CVCB3.SA,2.180000066757202,2.190000057220459,2.180000066757202,2.180000066757202,15300
2026-05-11 15:35:00+00:00,CVCB3.SA,2.190000057220459,2.190000057220459,2.180000066757202,2.190000057220459,6400
2026-05-11 15:40:00+00:00,CVCB3.SA,2.180000066757202,2.190000057220459,2.180000066757202,2.190000057220459,6800
2026-05-11 15:45:00+00:00,CVCB3.SA,2.190000057220459,2.190000057220459,2.180000066757202,2.190000057220459,17000
2026-05-11 15:50:00+00:00,CVCB3.SA,2.190000057220459,2.190000057220459,2.180000066757202,2.190000057220459,7700
2026-05-11 15:55:00+00:00,CVCB3.SA,2.180000066757202,2.190000057220459,2.180000066757202,2.190000057220459,6200
2026-05-11 16:00:00+00:00,CVCB3.SA,2.190000057220459,2.190000057220459,2.180000066757202,2.190000057220459,9300
2026-05-11 16:05:00+00:00,CVCB3.SA,2.190000057220459,2.190000057220459,2.180000066757202,2.180000066757202,4100
2026-05-11 16:10:00+00:00,CVCB3.SA,2.190000057220459,2.190000057220459,2.180000066757202,2.180000066757202,6400
2026-05-11 16:15:00+00:00,CVCB3.SA,2.190000057220459,2.190000057220459,2.1700000762939453,2.1700000762939453,302900
2026-05-11 16:20:00+00:00,CVCB3.SA,2.1700000762939453,2.190000057220459,2.1700000762939453,2.190000057220459,132800
2026-05-11 16:25:00+00:00,CVCB3.SA,2.190000057220459,2.190000057220459,2.180000066757202,2.190000057220459,94600
2026-05-11 16:30:00+00:00,CVCB3.SA,2.180000066757202,2.190000057220459,2.180000066757202,2.180000066757202,4400
2026-05-11 16:35:00+00:00,CVCB3.SA,2.190000057220459,2.190000057220459,2.180000066757202,2.190000057220459,34800
2026-05-11 16:40:00+00:00,CVCB3.SA,2.190000057220459,2.190000057220459,2.1700000762939453,2.180000066757202,70100
2026-05-11 16:45:00+00:00,CVCB3.SA,2.180000066757202,2.190000057220459,2.180000066757202,2.190000057220459,32700
2026-05-11 16:50:00+00:00,CVCB3.SA,2.190000057220459,2.190000057220459,2.180000066757202,2.190000057220459,3000
2026-05-11 16:55:00+00:00,CVCB3.SA,2.190000057220459,2.190000057220459,2.180000066757202,2.180000066757202,6200
2026-05-11 17:00:00+00:00,CVCB3.SA,2.190000057220459,2.190000057220459,2.180000066757202,2.180000066757202,4000
2026-05-11 17:05:00+00:00,CVCB3.SA,2.190000057220459,2.190000057220459,2.180000066757202,2.180000066757202,222900
2026-05-11 17:10:00+00:00,CVCB3.SA,2.180000066757202,2.190000057220459,2.1700000762939453,2.180000066757202,29500
2026-05-11 17:15:00+00:00,CVCB3.SA,2.1700000762939453,2.180000066757202,2.1700000762939453,2.1700000762939453,5800
2026-05-11 17:20:00+00:00,CVCB3.SA,2.1700000762939453,2.180000066757202,2.1700000762939453,2.180000066757202,5500
2026-05-11 17:25:00+00:00,CVCB3.SA,2.1700000762939453,2.190000057220459,2.1700000762939453,2.190000057220459,59900
2026-05-11 17:30:00+00:00,CVCB3.SA,2.180000066757202,2.190000057220459,2.180000066757202,2.180000066757202,142700
2026-05-11 17:35:00+00:00,CVCB3.SA,2.180000066757202,2.180000066757202,2.1700000762939453,2.180000066757202,55500
2026-05-11 17:40:00+00:00,CVCB3.SA,2.180000066757202,2.180000066757202,2.1700000762939453,2.1700000762939453,5300
2026-05-11 17:45:00+00:00,CVCB3.SA,2.180000066757202,2.180000066757202,2.1500000953674316,2.1500000953674316,638300
2026-05-11 17:50:00+00:00,CVCB3.SA,2.1600000858306885,2.1700000762939453,2.1600000858306885,2.1600000858306885,74500
2026-05-11 17:55:00+00:00,CVCB3.SA,2.1600000858306885,2.1600000858306885,2.1500000953674316,2.1600000858306885,33500
2026-05-11 18:00:00+00:00,CVCB3.SA,2.1500000953674316,2.1600000858306885,2.1500000953674316,2.1600000858306885,7200
2026-05-11 18:05:00+00:00,CVCB3.SA,2.1500000953674316,2.1600000858306885,2.1500000953674316,2.1500000953674316,2400
2026-05-11 18:10:00+00:00,CVCB3.SA,2.1500000953674316,2.1600000858306885,2.1500000953674316,2.1500000953674316,6300
2026-05-11 18:15:00+00:00,CVCB3.SA,2.1600000858306885,2.1700000762939453,2.1500000953674316,2.1700000762939453,319800
2026-05-11 18:20:00+00:00,CVCB3.SA,2.1600000858306885,2.1700000762939453,2.1600000858306885,2.1700000762939453,47800
2026-05-11 18:25:00+00:00,CVCB3.SA,2.1700000762939453,2.1700000762939453,2.1600000858306885,2.1600000858306885,3700
2026-05-11 18:30:00+00:00,CVCB3.SA,2.1700000762939453,2.180000066757202,2.1600000858306885,2.180000066757202,52500
2026-05-11 18:35:00+00:00,CVCB3.SA,2.1700000762939453,2.180000066757202,2.1700000762939453,2.180000066757202,6900
2026-05-11 18:40:00+00:00,CVCB3.SA,2.180000066757202,2.180000066757202,2.1700000762939453,2.180000066757202,5900
2026-05-11 18:45:00+00:00,CVCB3.SA,2.1700000762939453,2.180000066757202,2.1700000762939453,2.1700000762939453,5900
2026-05-11 18:50:00+00:00,CVCB3.SA,2.180000066757202,2.180000066757202,2.1700000762939453,2.180000066757202,7300
2026-05-11 18:55:00+00:00,CVCB3.SA,2.180000066757202,2.180000066757202,2.1700000762939453,2.180000066757202,6600
2026-05-11 19:00:00+00:00,CVCB3.SA,2.180000066757202,2.180000066757202,2.1600000858306885,2.1700000762939453,75300
2026-05-11 19:05:00+00:00,CVCB3.SA,2.1700000762939453,2.1700000762939453,2.1600000858306885,2.1600000858306885,9600
2026-05-11 19:10:00+00:00,CVCB3.SA,2.1700000762939453,2.1700000762939453,2.1600000858306885,2.1600000858306885,36200
2026-05-11 19:15:00+00:00,CVCB3.SA,2.1700000762939453,2.1700000762939453,2.1500000953674316,2.1500000953674316,303200
2026-05-11 19:20:00+00:00,CVCB3.SA,2.1500000953674316,2.1600000858306885,2.1500000953674316,2.1600000858306885,5800
2026-05-11 19:25:00+00:00,CVCB3.SA,2.1600000858306885,2.1700000762939453,2.1500000953674316,2.1500000953674316,279900
2026-05-11 19:30:00+00:00,CVCB3.SA,2.1600000858306885,2.1600000858306885,2.1500000953674316,2.1600000858306885,90300
2026-05-11 19:35:00+00:00,CVCB3.SA,2.1500000953674316,2.1600000858306885,2.1500000953674316,2.1500000953674316,6300
2026-05-11 19:40:00+00:00,CVCB3.SA,2.1500000953674316,2.1600000858306885,2.1500000953674316,2.1500000953674316,35200
2026-05-11 19:45:00+00:00,CVCB3.SA,2.1500000953674316,2.1600000858306885,2.1500000953674316,2.1600000858306885,294700
2026-05-11 19:50:00+00:00,CVCB3.SA,2.1600000858306885,2.1600000858306885,2.140000104904175,2.1600000858306885,440500
2026-05-12 13:05:00+00:00,CVCB3.SA,2.1500000953674316,2.180000066757202,2.1500000953674316,2.180000066757202,0
2026-05-12 13:10:00+00:00,CVCB3.SA,2.180000066757202,2.190000057220459,2.1700000762939453,2.180000066757202,186400
2026-05-12 13:15:00+00:00,CVCB3.SA,2.1700000762939453,2.1700000762939453,2.1600000858306885,2.1600000858306885,49300
2026-05-12 13:20:00+00:00,CVCB3.SA,2.1600000858306885,2.1700000762939453,2.1500000953674316,2.1600000858306885,287900
2026-05-12 13:25:00+00:00,CVCB3.SA,2.1700000762939453,2.180000066757202,2.1600000858306885,2.1700000762939453,124000
2026-05-12 13:30:00+00:00,CVCB3.SA,2.180000066757202,2.180000066757202,2.1700000762939453,2.1700000762939453,105100
2026-05-12 13:35:00+00:00,CVCB3.SA,2.180000066757202,2.180000066757202,2.1700000762939453,2.1700000762939453,29500
2026-05-12 13:40:00+00:00,CVCB3.SA,2.180000066757202,2.180000066757202,2.1700000762939453,2.1700000762939453,12600
2026-05-12 13:45:00+00:00,CVCB3.SA,2.180000066757202,2.180000066757202,2.1600000858306885,2.1700000762939453,57100
2026-05-12 13:50:00+00:00,CVCB3.SA,2.1700000762939453,2.1700000762939453,2.140000104904175,2.1500000953674316,393300
2026-05-12 13:55:00+00:00,CVCB3.SA,2.1500000953674316,2.1600000858306885,2.1500000953674316,2.1500000953674316,98900
2026-05-12 14:00:00+00:00,CVCB3.SA,2.1500000953674316,2.1600000858306885,2.1500000953674316,2.1500000953674316,143500
2026-05-12 14:05:00+00:00,CVCB3.SA,2.1500000953674316,2.1600000858306885,2.1500000953674316,2.1600000858306885,3100
2026-05-12 14:10:00+00:00,CVCB3.SA,2.1600000858306885,2.1700000762939453,2.140000104904175,2.1600000858306885,276700
2026-05-12 14:15:00+00:00,CVCB3.SA,2.1500000953674316,2.1500000953674316,2.140000104904175,2.1500000953674316,140800
2026-05-12 14:20:00+00:00,CVCB3.SA,2.1500000953674316,2.1500000953674316,2.130000114440918,2.140000104904175,46800
2026-05-12 14:25:00+00:00,CVCB3.SA,2.140000104904175,2.140000104904175,2.119999885559082,2.119999885559082,191500
2026-05-12 14:30:00+00:00,CVCB3.SA,2.119999885559082,2.130000114440918,2.119999885559082,2.130000114440918,34100
2026-05-12 14:35:00+00:00,CVCB3.SA,2.119999885559082,2.140000104904175,2.119999885559082,2.140000104904175,49700
2026-05-12 14:40:00+00:00,CVCB3.SA,2.140000104904175,2.140000104904175,2.130000114440918,2.140000104904175,27100
2026-05-12 14:45:00+00:00,CVCB3.SA,2.130000114440918,2.140000104904175,2.130000114440918,2.140000104904175,6000
2026-05-12 14:50:00+00:00,CVCB3.SA,2.130000114440918,2.130000114440918,2.119999885559082,2.119999885559082,46100
2026-05-12 14:55:00+00:00,CVCB3.SA,2.130000114440918,2.140000104904175,2.119999885559082,2.119999885559082,74100
2026-05-12 15:00:00+00:00,CVCB3.SA,2.130000114440918,2.130000114440918,2.119999885559082,2.119999885559082,1700
2026-05-12 15:05:00+00:00,CVCB3.SA,2.130000114440918,2.140000104904175,2.130000114440918,2.130000114440918,112600
2026-05-12 15:10:00+00:00,CVCB3.SA,2.140000104904175,2.140000104904175,2.119999885559082,2.130000114440918,97100
2026-05-12 15:15:00+00:00,CVCB3.SA,2.119999885559082,2.130000114440918,2.119999885559082,2.119999885559082,1300
2026-05-12 15:20:00+00:00,CVCB3.SA,2.130000114440918,2.130000114440918,2.119999885559082,2.119999885559082,16500
2026-05-12 15:25:00+00:00,CVCB3.SA,2.119999885559082,2.130000114440918,2.119999885559082,2.119999885559082,7800
2026-05-12 15:30:00+00:00,CVCB3.SA,2.130000114440918,2.130000114440918,2.119999885559082,2.119999885559082,4000
2026-05-12 15:35:00+00:00,CVCB3.SA,2.119999885559082,2.130000114440918,2.119999885559082,2.130000114440918,8700
2026-05-12 15:40:00+00:00,CVCB3.SA,2.119999885559082,2.119999885559082,2.119999885559082,2.119999885559082,1000
2026-05-12 15:45:00+00:00,CVCB3.SA,2.119999885559082,2.130000114440918,2.119999885559082,2.130000114440918,4200
2026-05-12 15:50:00+00:00,CVCB3.SA,2.119999885559082,2.130000114440918,2.119999885559082,2.119999885559082,2100
2026-05-12 15:55:00+00:00,CVCB3.SA,2.119999885559082,2.130000114440918,2.119999885559082,2.130000114440918,71800
2026-05-12 16:00:00+00:00,CVCB3.SA,2.119999885559082,2.130000114440918,2.119999885559082,2.130000114440918,1500
2026-05-12 16:05:00+00:00,CVCB3.SA,2.119999885559082,2.130000114440918,2.119999885559082,2.130000114440918,52600
2026-05-12 16:10:00+00:00,CVCB3.SA,2.119999885559082,2.130000114440918,2.119999885559082,2.130000114440918,10600
2026-05-12 16:15:00+00:00,CVCB3.SA,2.130000114440918,2.130000114440918,2.119999885559082,2.119999885559082,247700
2026-05-12 16:20:00+00:00,CVCB3.SA,2.130000114440918,2.140000104904175,2.130000114440918,2.130000114440918,25200
2026-05-12 16:25:00+00:00,CVCB3.SA,2.140000104904175,2.140000104904175,2.119999885559082,2.130000114440918,31100
2026-05-12 16:30:00+00:00,CVCB3.SA,2.130000114440918,2.130000114440918,2.119999885559082,2.130000114440918,1200
2026-05-12 16:35:00+00:00,CVCB3.SA,2.119999885559082,2.130000114440918,2.119999885559082,2.119999885559082,11500
2026-05-12 16:40:00+00:00,CVCB3.SA,2.119999885559082,2.130000114440918,2.119999885559082,2.119999885559082,100
2026-05-12 16:45:00+00:00,CVCB3.SA,2.130000114440918,2.130000114440918,2.119999885559082,2.130000114440918,12600
2026-05-12 16:50:00+00:00,CVCB3.SA,2.119999885559082,2.130000114440918,2.119999885559082,2.130000114440918,2500
2026-05-12 16:55:00+00:00,CVCB3.SA,2.130000114440918,2.130000114440918,2.119999885559082,2.119999885559082,2400
2026-05-12 17:00:00+00:00,CVCB3.SA,2.130000114440918,2.130000114440918,2.119999885559082,2.119999885559082,39100
2026-05-12 17:05:00+00:00,CVCB3.SA,2.130000114440918,2.140000104904175,2.130000114440918,2.140000104904175,229400
2026-05-12 17:10:00+00:00,CVCB3.SA,2.140000104904175,2.140000104904175,2.119999885559082,2.130000114440918,123200
2026-05-12 17:15:00+00:00,CVCB3.SA,2.119999885559082,2.130000114440918,2.119999885559082,2.130000114440918,1500
2026-05-12 17:20:00+00:00,CVCB3.SA,2.130000114440918,2.140000104904175,2.130000114440918,2.140000104904175,82900
2026-05-12 17:25:00+00:00,CVCB3.SA,2.130000114440918,2.140000104904175,2.130000114440918,2.130000114440918,4000
2026-05-12 17:30:00+00:00,CVCB3.SA,2.140000104904175,2.140000104904175,2.119999885559082,2.119999885559082,50300
2026-05-12 17:35:00+00:00,CVCB3.SA,2.119999885559082,2.130000114440918,2.119999885559082,2.130000114440918,12100
2026-05-12 17:40:00+00:00,CVCB3.SA,2.130000114440918,2.130000114440918,2.119999885559082,2.130000114440918,1200
2026-05-12 17:45:00+00:00,CVCB3.SA,2.119999885559082,2.130000114440918,2.119999885559082,2.119999885559082,59900
2026-05-12 17:50:00+00:00,CVCB3.SA,2.130000114440918,2.130000114440918,2.119999885559082,2.130000114440918,1300
2026-05-12 17:55:00+00:00,CVCB3.SA,2.130000114440918,2.130000114440918,2.119999885559082,2.130000114440918,1800
2026-05-12 18:00:00+00:00,CVCB3.SA,2.130000114440918,2.130000114440918,2.119999885559082,2.130000114440918,7100
2026-05-12 18:05:00+00:00,CVCB3.SA,2.119999885559082,2.130000114440918,2.119999885559082,2.130000114440918,6600
2026-05-12 18:10:00+00:00,CVCB3.SA,2.119999885559082,2.130000114440918,2.119999885559082,2.130000114440918,9100
2026-05-12 18:15:00+00:00,CVCB3.SA,2.119999885559082,2.1600000858306885,2.119999885559082,2.1500000953674316,570500
2026-05-12 18:20:00+00:00,CVCB3.SA,2.1600000858306885,2.1700000762939453,2.1500000953674316,2.1700000762939453,347600
2026-05-12 18:25:00+00:00,CVCB3.SA,2.1700000762939453,2.180000066757202,2.1700000762939453,2.180000066757202,442200
2026-05-12 18:30:00+00:00,CVCB3.SA,2.180000066757202,2.180000066757202,2.1700000762939453,2.180000066757202,29200
2026-05-12 18:35:00+00:00,CVCB3.SA,2.180000066757202,2.180000066757202,2.1700000762939453,2.180000066757202,19500
2026-05-12 18:40:00+00:00,CVCB3.SA,2.180000066757202,2.180000066757202,2.1700000762939453,2.180000066757202,20800
2026-05-12 18:45:00+00:00,CVCB3.SA,2.180000066757202,2.200000047683716,2.1700000762939453,2.200000047683716,964400
2026-05-12 18:50:00+00:00,CVCB3.SA,2.200000047683716,2.200000047683716,2.190000057220459,2.200000047683716,29300
2026-05-12 18:55:00+00:00,CVCB3.SA,2.200000047683716,2.200000047683716,2.190000057220459,2.200000047683716,21400
2026-05-12 19:00:00+00:00,CVCB3.SA,2.200000047683716,2.200000047683716,2.190000057220459,2.200000047683716,36200
2026-05-12 19:05:00+00:00,CVCB3.SA,2.190000057220459,2.200000047683716,2.190000057220459,2.200000047683716,86800
2026-05-12 19:10:00+00:00,CVCB3.SA,2.200000047683716,2.2100000381469727,2.190000057220459,2.2100000381469727,643200
2026-05-12 19:15:00+00:00,CVCB3.SA,2.2100000381469727,2.2100000381469727,2.190000057220459,2.190000057220459,88800
2026-05-12 19:20:00+00:00,CVCB3.SA,2.200000047683716,2.200000047683716,2.180000066757202,2.190000057220459,244800
2026-05-12 19:25:00+00:00,CVCB3.SA,2.190000057220459,2.190000057220459,2.180000066757202,2.190000057220459,34800
2026-05-12 19:30:00+00:00,CVCB3.SA,2.190000057220459,2.190000057220459,2.180000066757202,2.190000057220459,112000
2026-05-12 19:35:00+00:00,CVCB3.SA,2.190000057220459,2.190000057220459,2.180000066757202,2.190000057220459,70100
2026-05-12 19:40:00+00:00,CVCB3.SA,2.190000057220459,2.190000057220459,2.180000066757202,2.190000057220459,455200
2026-05-12 19:45:00+00:00,CVCB3.SA,2.190000057220459,2.190000057220459,2.180000066757202,2.190000057220459,28400
2026-05-12 19:50:00+00:00,CVCB3.SA,2.190000057220459,2.200000047683716,2.180000066757202,2.190000057220459,102600
2026-05-13 13:00:00+00:00,CVCB3.SA,2.1700000762939453,2.1700000762939453,2.1700000762939453,2.1700000762939453,0
2026-05-13 13:05:00+00:00,CVCB3.SA,2.1700000762939453,2.1700000762939453,2.1500000953674316,2.1500000953674316,74900
2026-05-13 13:10:00+00:00,CVCB3.SA,2.1600000858306885,2.1700000762939453,2.1600000858306885,2.1700000762939453,130200
2026-05-13 13:15:00+00:00,CVCB3.SA,2.1700000762939453,2.1700000762939453,2.1500000953674316,2.1500000953674316,32700
2026-05-13 13:20:00+00:00,CVCB3.SA,2.1600000858306885,2.1700000762939453,2.1600000858306885,2.1600000858306885,33500
2026-05-13 13:25:00+00:00,CVCB3.SA,2.1500000953674316,2.1600000858306885,2.130000114440918,2.130000114440918,59400
2026-05-13 13:30:00+00:00,CVCB3.SA,2.140000104904175,2.140000104904175,2.119999885559082,2.119999885559082,26800
2026-05-13 13:35:00+00:00,CVCB3.SA,2.130000114440918,2.130000114440918,2.119999885559082,2.130000114440918,234800
2026-05-13 13:40:00+00:00,CVCB3.SA,2.140000104904175,2.140000104904175,2.130000114440918,2.140000104904175,23000
2026-05-13 13:45:00+00:00,CVCB3.SA,2.140000104904175,2.1500000953674316,2.140000104904175,2.1500000953674316,95000
2026-05-13 13:50:00+00:00,CVCB3.SA,2.1500000953674316,2.1500000953674316,2.140000104904175,2.1500000953674316,24000
2026-05-13 13:55:00+00:00,CVCB3.SA,2.1500000953674316,2.1600000858306885,2.140000104904175,2.1500000953674316,85900
2026-05-13 14:00:00+00:00,CVCB3.SA,2.1500000953674316,2.1500000953674316,2.140000104904175,2.140000104904175,117300
2026-05-13 14:05:00+00:00,CVCB3.SA,2.1500000953674316,2.1500000953674316,2.1500000953674316,2.1500000953674316,7800
2026-05-13 14:10:00+00:00,CVCB3.SA,2.140000104904175,2.1600000858306885,2.140000104904175,2.1500000953674316,135700
2026-05-13 14:15:00+00:00,CVCB3.SA,2.1500000953674316,2.1600000858306885,2.1500000953674316,2.1600000858306885,0
2026-05-13 14:20:00+00:00,CVCB3.SA,2.1500000953674316,2.1600000858306885,2.1500000953674316,2.1600000858306885,5300
2026-05-13 14:25:00+00:00,CVCB3.SA,2.1600000858306885,2.1600000858306885,2.1500000953674316,2.1600000858306885,23500
2026-05-13 14:30:00+00:00,CVCB3.SA,2.1600000858306885,2.1600000858306885,2.1500000953674316,2.1600000858306885,25900
2026-05-13 14:35:00+00:00,CVCB3.SA,2.1600000858306885,2.1600000858306885,2.1500000953674316,2.1600000858306885,37800
2026-05-13 14:40:00+00:00,CVCB3.SA,2.1600000858306885,2.1600000858306885,2.1500000953674316,2.1600000858306885,10700
2026-05-13 14:45:00+00:00,CVCB3.SA,2.1600000858306885,2.1600000858306885,2.1500000953674316,2.1600000858306885,18500
2026-05-13 14:50:00+00:00,CVCB3.SA,2.1600000858306885,2.1600000858306885,2.1500000953674316,2.1600000858306885,8600
2026-05-13 14:55:00+00:00,CVCB3.SA,2.1600000858306885,2.1600000858306885,2.1500000953674316,2.1600000858306885,9600
2026-05-13 15:00:00+00:00,CVCB3.SA,2.1600000858306885,2.1600000858306885,2.1500000953674316,2.1600000858306885,17700
2026-05-13 15:05:00+00:00,CVCB3.SA,2.1600000858306885,2.1600000858306885,2.140000104904175,2.1500000953674316,106700
2026-05-13 15:10:00+00:00,CVCB3.SA,2.1500000953674316,2.1500000953674316,2.140000104904175,2.1500000953674316,31700
2026-05-13 15:15:00+00:00,CVCB3.SA,2.140000104904175,2.1500000953674316,2.140000104904175,2.1500000953674316,26800
2026-05-13 15:20:00+00:00,CVCB3.SA,2.1500000953674316,2.1500000953674316,2.140000104904175,2.1500000953674316,21600
2026-05-13 15:25:00+00:00,CVCB3.SA,2.1500000953674316,2.1600000858306885,2.1500000953674316,2.1600000858306885,87600
2026-05-13 15:30:00+00:00,CVCB3.SA,2.1600000858306885,2.1600000858306885,2.140000104904175,2.1500000953674316,102600
2026-05-13 15:35:00+00:00,CVCB3.SA,2.1500000953674316,2.1500000953674316,2.140000104904175,2.1500000953674316,362400
2026-05-13 15:40:00+00:00,CVCB3.SA,2.1500000953674316,2.1600000858306885,2.140000104904175,2.1600000858306885,174900
2026-05-13 15:45:00+00:00,CVCB3.SA,2.1600000858306885,2.1600000858306885,2.1500000953674316,2.1600000858306885,19000
2026-05-13 15:50:00+00:00,CVCB3.SA,2.1600000858306885,2.1600000858306885,2.1500000953674316,2.1500000953674316,169600
2026-05-13 15:55:00+00:00,CVCB3.SA,2.1500000953674316,2.1500000953674316,2.140000104904175,2.1500000953674316,3400
2026-05-13 16:00:00+00:00,CVCB3.SA,2.1500000953674316,2.1600000858306885,2.140000104904175,2.1600000858306885,55000
2026-05-13 16:05:00+00:00,CVCB3.SA,2.1600000858306885,2.1600000858306885,2.1500000953674316,2.1500000953674316,26600
2026-05-13 16:10:00+00:00,CVCB3.SA,2.1600000858306885,2.1600000858306885,2.1500000953674316,2.1600000858306885,16400
2026-05-13 16:15:00+00:00,CVCB3.SA,2.1600000858306885,2.1600000858306885,2.1500000953674316,2.1600000858306885,11200
2026-05-13 16:20:00+00:00,CVCB3.SA,2.1600000858306885,2.1600000858306885,2.1600000858306885,2.1600000858306885,46300
2026-05-13 16:25:00+00:00,CVCB3.SA,2.1600000858306885,2.1600000858306885,2.1500000953674316,2.1600000858306885,4900
2026-05-13 16:30:00+00:00,CVCB3.SA,2.1600000858306885,2.1600000858306885,2.1500000953674316,2.1600000858306885,15600
2026-05-13 16:35:00+00:00,CVCB3.SA,2.1600000858306885,2.1600000858306885,2.1500000953674316,2.1600000858306885,6600
2026-05-13 16:40:00+00:00,CVCB3.SA,2.1600000858306885,2.1600000858306885,2.1500000953674316,2.1600000858306885,21900
2026-05-13 16:45:00+00:00,CVCB3.SA,2.1600000858306885,2.1600000858306885,2.1500000953674316,2.1600000858306885,38000
2026-05-13 16:50:00+00:00,CVCB3.SA,2.1600000858306885,2.1600000858306885,2.1500000953674316,2.1600000858306885,6400
2026-05-13 16:55:00+00:00,CVCB3.SA,2.1600000858306885,2.1600000858306885,2.1500000953674316,2.1600000858306885,245000
2026-05-13 17:00:00+00:00,CVCB3.SA,2.1500000953674316,2.1600000858306885,2.1500000953674316,2.1600000858306885,0
2026-05-13 17:05:00+00:00,CVCB3.SA,2.1600000858306885,2.1600000858306885,2.1500000953674316,2.1600000858306885,14500
2026-05-13 17:10:00+00:00,CVCB3.SA,2.1600000858306885,2.1600000858306885,2.140000104904175,2.140000104904175,29100
2026-05-13 17:15:00+00:00,CVCB3.SA,2.1500000953674316,2.1500000953674316,2.140000104904175,2.140000104904175,23800
2026-05-13 17:20:00+00:00,CVCB3.SA,2.1500000953674316,2.1500000953674316,2.140000104904175,2.1500000953674316,0
2026-05-13 17:25:00+00:00,CVCB3.SA,2.140000104904175,2.1500000953674316,2.140000104904175,2.1500000953674316,18500
2026-05-13 17:30:00+00:00,CVCB3.SA,2.1500000953674316,2.1500000953674316,2.140000104904175,2.1500000953674316,37600
2026-05-13 17:35:00+00:00,CVCB3.SA,2.1500000953674316,2.1500000953674316,2.140000104904175,2.1500000953674316,16500
2026-05-13 17:40:00+00:00,CVCB3.SA,2.1500000953674316,2.1500000953674316,2.140000104904175,2.1500000953674316,24700
2026-05-13 17:45:00+00:00,CVCB3.SA,2.1500000953674316,2.1500000953674316,2.140000104904175,2.1500000953674316,22800
2026-05-13 17:50:00+00:00,CVCB3.SA,2.140000104904175,2.1500000953674316,2.140000104904175,2.140000104904175,11200
2026-05-13 17:55:00+00:00,CVCB3.SA,2.1500000953674316,2.1500000953674316,2.119999885559082,2.130000114440918,1076700
2026-05-13 18:00:00+00:00,CVCB3.SA,2.130000114440918,2.140000104904175,2.119999885559082,2.130000114440918,300300
2026-05-13 18:05:00+00:00,CVCB3.SA,2.130000114440918,2.140000104904175,2.119999885559082,2.130000114440918,291200
2026-05-13 18:10:00+00:00,CVCB3.SA,2.130000114440918,2.140000104904175,2.119999885559082,2.119999885559082,210100
2026-05-13 18:15:00+00:00,CVCB3.SA,2.119999885559082,2.130000114440918,2.119999885559082,2.130000114440918,550300
2026-05-13 18:20:00+00:00,CVCB3.SA,2.130000114440918,2.130000114440918,2.119999885559082,2.119999885559082,417200
2026-05-13 18:25:00+00:00,CVCB3.SA,2.119999885559082,2.119999885559082,2.119999885559082,2.119999885559082,202200
2026-05-13 18:30:00+00:00,CVCB3.SA,2.119999885559082,2.119999885559082,2.109999895095825,2.109999895095825,156200
2026-05-13 18:35:00+00:00,CVCB3.SA,2.109999895095825,2.140000104904175,2.109999895095825,2.140000104904175,498500
2026-05-13 18:40:00+00:00,CVCB3.SA,2.140000104904175,2.1500000953674316,2.130000114440918,2.130000114440918,145900
2026-05-13 18:45:00+00:00,CVCB3.SA,2.130000114440918,2.140000104904175,2.119999885559082,2.119999885559082,160600
2026-05-13 18:50:00+00:00,CVCB3.SA,2.119999885559082,2.140000104904175,2.119999885559082,2.140000104904175,58400
2026-05-13 18:55:00+00:00,CVCB3.SA,2.140000104904175,2.140000104904175,2.130000114440918,2.140000104904175,39300
2026-05-13 19:00:00+00:00,CVCB3.SA,2.140000104904175,2.140000104904175,2.130000114440918,2.140000104904175,13800
2026-05-13 19:05:00+00:00,CVCB3.SA,2.140000104904175,2.140000104904175,2.130000114440918,2.130000114440918,15600
2026-05-13 19:10:00+00:00,CVCB3.SA,2.140000104904175,2.140000104904175,2.119999885559082,2.119999885559082,111200
2026-05-13 19:15:00+00:00,CVCB3.SA,2.119999885559082,2.130000114440918,2.119999885559082,2.130000114440918,29600
2026-05-13 19:20:00+00:00,CVCB3.SA,2.130000114440918,2.130000114440918,2.109999895095825,2.109999895095825,190200
2026-05-13 19:25:00+00:00,CVCB3.SA,2.119999885559082,2.119999885559082,2.109999895095825,2.119999885559082,35100
2026-05-13 19:30:00+00:00,CVCB3.SA,2.119999885559082,2.119999885559082,2.0999999046325684,2.0999999046325684,360700
2026-05-13 19:35:00+00:00,CVCB3.SA,2.109999895095825,2.119999885559082,2.0999999046325684,2.119999885559082,179500
2026-05-13 19:40:00+00:00,CVCB3.SA,2.119999885559082,2.119999885559082,2.109999895095825,2.119999885559082,66600
2026-05-13 19:45:00+00:00,CVCB3.SA,2.119999885559082,2.119999885559082,2.109999895095825,2.119999885559082,133700
2026-05-13 19:50:00+00:00,CVCB3.SA,2.109999895095825,2.119999885559082,2.0999999046325684,2.119999885559082,329200
2026-05-14 13:05:00+00:00,CVCB3.SA,2.0399999618530273,2.069999933242798,1.9700000286102295,2.0299999713897705,0
2026-05-14 13:10:00+00:00,CVCB3.SA,2.0299999713897705,2.049999952316284,1.9700000286102295,1.9900000095367432,1619700
2026-05-14 13:15:00+00:00,CVCB3.SA,1.9900000095367432,2.009999990463257,1.940000057220459,1.9500000476837158,1145900
2026-05-14 13:20:00+00:00,CVCB3.SA,1.9500000476837158,1.9600000381469727,1.9299999475479126,1.9500000476837158,834700
2026-05-14 13:25:00+00:00,CVCB3.SA,1.9500000476837158,1.9500000476837158,1.9199999570846558,1.9199999570846558,773000
2026-05-14 13:30:00+00:00,CVCB3.SA,1.9299999475479126,1.9500000476837158,1.9199999570846558,1.9299999475479126,544200
2026-05-14 13:35:00+00:00,CVCB3.SA,1.9299999475479126,1.940000057220459,1.8899999856948853,1.909999966621399,1379100
2026-05-14 13:40:00+00:00,CVCB3.SA,1.899999976158142,1.9199999570846558,1.8600000143051147,1.8700000047683716,2181900
2026-05-14 13:45:00+00:00,CVCB3.SA,1.8700000047683716,1.8899999856948853,1.8600000143051147,1.8899999856948853,1364000
2026-05-14 13:50:00+00:00,CVCB3.SA,1.8799999952316284,1.8899999856948853,1.8600000143051147,1.8700000047683716,1349500
2026-05-14 13:55:00+00:00,CVCB3.SA,1.8700000047683716,1.8799999952316284,1.8600000143051147,1.8700000047683716,890000
2026-05-14 14:00:00+00:00,CVCB3.SA,1.8600000143051147,1.8799999952316284,1.8600000143051147,1.8700000047683716,192000
2026-05-14 14:05:00+00:00,CVCB3.SA,1.8700000047683716,1.8799999952316284,1.840000033378601,1.840000033378601,1326100
2026-05-14 14:10:00+00:00,CVCB3.SA,1.840000033378601,1.850000023841858,1.840000033378601,1.840000033378601,429100
2026-05-14 14:15:00+00:00,CVCB3.SA,1.840000033378601,1.840000033378601,1.840000033378601,1.840000033378601,160200
2026-05-14 14:20:00+00:00,CVCB3.SA,1.850000023841858,1.8600000143051147,1.8200000524520874,1.8300000429153442,995700
2026-05-14 14:25:00+00:00,CVCB3.SA,1.8300000429153442,1.840000033378601,1.809999942779541,1.8300000429153442,697500
2026-05-14 14:30:00+00:00,CVCB3.SA,1.8300000429153442,1.850000023841858,1.8200000524520874,1.840000033378601,773800
2026-05-14 14:35:00+00:00,CVCB3.SA,1.840000033378601,1.850000023841858,1.809999942779541,1.8200000524520874,933000
2026-05-14 14:40:00+00:00,CVCB3.SA,1.8200000524520874,1.8300000429153442,1.8200000524520874,1.8200000524520874,138000
2026-05-14 14:45:00+00:00,CVCB3.SA,1.8300000429153442,1.8300000429153442,1.809999942779541,1.809999942779541,460100
2026-05-14 14:50:00+00:00,CVCB3.SA,1.809999942779541,1.840000033378601,1.809999942779541,1.8200000524520874,384800
2026-05-14 14:55:00+00:00,CVCB3.SA,1.8200000524520874,1.8300000429153442,1.8200000524520874,1.8300000429153442,170600
2026-05-14 15:00:00+00:00,CVCB3.SA,1.8300000429153442,1.8300000429153442,1.8200000524520874,1.8300000429153442,311400
2026-05-14 15:05:00+00:00,CVCB3.SA,1.8200000524520874,1.8300000429153442,1.8200000524520874,1.8300000429153442,383700
2026-05-14 15:10:00+00:00,CVCB3.SA,1.8300000429153442,1.8300000429153442,1.8200000524520874,1.8300000429153442,321100
2026-05-14 15:15:00+00:00,CVCB3.SA,1.8200000524520874,1.8300000429153442,1.8200000524520874,1.8200000524520874,116300
2026-05-14 15:20:00+00:00,CVCB3.SA,1.8200000524520874,1.840000033378601,1.8200000524520874,1.840000033378601,381500
2026-05-14 15:25:00+00:00,CVCB3.SA,1.8300000429153442,1.840000033378601,1.8200000524520874,1.8300000429153442,409900
2026-05-14 15:30:00+00:00,CVCB3.SA,1.8300000429153442,1.840000033378601,1.809999942779541,1.809999942779541,1112300
2026-05-14 15:35:00+00:00,CVCB3.SA,1.809999942779541,1.8200000524520874,1.7999999523162842,1.7999999523162842,995000
2026-05-14 15:40:00+00:00,CVCB3.SA,1.7999999523162842,1.809999942779541,1.7999999523162842,1.7999999523162842,303600
2026-05-14 15:45:00+00:00,CVCB3.SA,1.809999942779541,1.809999942779541,1.7999999523162842,1.7999999523162842,210200
2026-05-14 15:50:00+00:00,CVCB3.SA,1.7999999523162842,1.809999942779541,1.7899999618530273,1.7999999523162842,460200
2026-05-14 15:55:00+00:00,CVCB3.SA,1.7899999618530273,1.7999999523162842,1.7799999713897705,1.7899999618530273,352200
2026-05-14 16:00:00+00:00,CVCB3.SA,1.7799999713897705,1.7899999618530273,1.7799999713897705,1.7799999713897705,740400
2026-05-14 16:05:00+00:00,CVCB3.SA,1.7799999713897705,1.7899999618530273,1.7799999713897705,1.7899999618530273,341800
2026-05-14 16:10:00+00:00,CVCB3.SA,1.7799999713897705,1.7999999523162842,1.7799999713897705,1.7899999618530273,353800
2026-05-14 16:15:00+00:00,CVCB3.SA,1.7899999618530273,1.7999999523162842,1.7899999618530273,1.7899999618530273,269900
2026-05-14 16:20:00+00:00,CVCB3.SA,1.7899999618530273,1.7999999523162842,1.7899999618530273,1.7899999618530273,129000
2026-05-14 16:25:00+00:00,CVCB3.SA,1.7999999523162842,1.7999999523162842,1.7799999713897705,1.7799999713897705,955500
2026-05-14 16:30:00+00:00,CVCB3.SA,1.7799999713897705,1.7899999618530273,1.7799999713897705,1.7799999713897705,113300
2026-05-14 16:35:00+00:00,CVCB3.SA,1.7799999713897705,1.7899999618530273,1.7799999713897705,1.7799999713897705,384000
2026-05-14 16:40:00+00:00,CVCB3.SA,1.7799999713897705,1.7899999618530273,1.7799999713897705,1.7799999713897705,211500
2026-05-14 16:45:00+00:00,CVCB3.SA,1.7799999713897705,1.7899999618530273,1.7699999809265137,1.7699999809265137,704300
2026-05-14 16:50:00+00:00,CVCB3.SA,1.7799999713897705,1.7799999713897705,1.7699999809265137,1.7699999809265137,114300
2026-05-14 16:55:00+00:00,CVCB3.SA,1.7799999713897705,1.7799999713897705,1.7699999809265137,1.7699999809265137,115500
2026-05-14 17:00:00+00:00,CVCB3.SA,1.7699999809265137,1.7799999713897705,1.7599999904632568,1.7699999809265137,361900
2026-05-14 17:05:00+00:00,CVCB3.SA,1.7599999904632568,1.7799999713897705,1.7599999904632568,1.7699999809265137,489400
2026-05-14 17:10:00+00:00,CVCB3.SA,1.7699999809265137,1.7799999713897705,1.7699999809265137,1.7699999809265137,117800
2026-05-14 17:15:00+00:00,CVCB3.SA,1.7799999713897705,1.7799999713897705,1.7699999809265137,1.7699999809265137,523100
2026-05-14 17:20:00+00:00,CVCB3.SA,1.7599999904632568,1.7799999713897705,1.7599999904632568,1.7799999713897705,221000
2026-05-14 17:25:00+00:00,CVCB3.SA,1.7699999809265137,1.7799999713897705,1.7699999809265137,1.7699999809265137,90600
2026-05-14 17:30:00+00:00,CVCB3.SA,1.7699999809265137,1.7799999713897705,1.7699999809265137,1.7699999809265137,98800
2026-05-14 17:35:00+00:00,CVCB3.SA,1.7699999809265137,1.7799999713897705,1.7699999809265137,1.7699999809265137,287700
2026-05-14 17:40:00+00:00,CVCB3.SA,1.7699999809265137,1.7899999618530273,1.7699999809265137,1.7799999713897705,342500
2026-05-14 17:45:00+00:00,CVCB3.SA,1.7899999618530273,1.7899999618530273,1.7799999713897705,1.7799999713897705,86300
2026-05-14 17:50:00+00:00,CVCB3.SA,1.7799999713897705,1.7899999618530273,1.7799999713897705,1.7799999713897705,144800
2026-05-14 17:55:00+00:00,CVCB3.SA,1.7899999618530273,1.7899999618530273,1.7799999713897705,1.7799999713897705,110400
2026-05-14 18:00:00+00:00,CVCB3.SA,1.7799999713897705,1.7899999618530273,1.7799999713897705,1.7799999713897705,99500
2026-05-14 18:05:00+00:00,CVCB3.SA,1.7799999713897705,1.7999999523162842,1.7799999713897705,1.7999999523162842,377600
2026-05-14 18:10:00+00:00,CVCB3.SA,1.7999999523162842,1.809999942779541,1.7899999618530273,1.809999942779541,284800
2026-05-14 18:15:00+00:00,CVCB3.SA,1.7999999523162842,1.8200000524520874,1.7999999523162842,1.809999942779541,971500
2026-05-14 18:20:00+00:00,CVCB3.SA,1.809999942779541,1.8200000524520874,1.809999942779541,1.809999942779541,117600
2026-05-14 18:25:00+00:00,CVCB3.SA,1.809999942779541,1.809999942779541,1.7999999523162842,1.7999999523162842,333100
2026-05-14 18:30:00+00:00,CVCB3.SA,1.809999942779541,1.809999942779541,1.7999999523162842,1.809999942779541,334900
2026-05-14 18:35:00+00:00,CVCB3.SA,1.7999999523162842,1.809999942779541,1.7899999618530273,1.7899999618530273,449500
2026-05-14 18:40:00+00:00,CVCB3.SA,1.7899999618530273,1.7999999523162842,1.7799999713897705,1.7899999618530273,175900
2026-05-14 18:45:00+00:00,CVCB3.SA,1.7799999713897705,1.7999999523162842,1.7799999713897705,1.7899999618530273,376100
2026-05-14 18:50:00+00:00,CVCB3.SA,1.7799999713897705,1.7899999618530273,1.7799999713897705,1.7799999713897705,140200
2026-05-14 18:55:00+00:00,CVCB3.SA,1.7799999713897705,1.7899999618530273,1.7799999713897705,1.7899999618530273,91800
2026-05-14 19:00:00+00:00,CVCB3.SA,1.7799999713897705,1.7899999618530273,1.7699999809265137,1.7699999809265137,394600
2026-05-14 19:05:00+00:00,CVCB3.SA,1.7699999809265137,1.7999999523162842,1.7699999809265137,1.7899999618530273,1012400
2026-05-14 19:10:00+00:00,CVCB3.SA,1.7799999713897705,1.8200000524520874,1.7799999713897705,1.809999942779541,1183200
2026-05-14 19:15:00+00:00,CVCB3.SA,1.8200000524520874,1.8200000524520874,1.809999942779541,1.8200000524520874,144100
2026-05-14 19:20:00+00:00,CVCB3.SA,1.8200000524520874,1.8200000524520874,1.809999942779541,1.809999942779541,144100
2026-05-14 19:25:00+00:00,CVCB3.SA,1.8200000524520874,1.8200000524520874,1.809999942779541,1.809999942779541,359100
2026-05-14 19:30:00+00:00,CVCB3.SA,1.809999942779541,1.8200000524520874,1.809999942779541,1.8200000524520874,166600
2026-05-14 19:35:00+00:00,CVCB3.SA,1.809999942779541,1.8300000429153442,1.809999942779541,1.8300000429153442,824300
2026-05-14 19:40:00+00:00,CVCB3.SA,1.8300000429153442,1.840000033378601,1.809999942779541,1.8200000524520874,807300
2026-05-14 19:45:00+00:00,CVCB3.SA,1.809999942779541,1.8200000524520874,1.809999942779541,1.809999942779541,136700
2026-05-14 19:50:00+00:00,CVCB3.SA,1.809999942779541,1.8200000524520874,1.7999999523162842,1.7999999523162842,1052900
2026-05-15 13:05:00+00:00,CVCB3.SA,1.8200000524520874,1.8300000429153442,1.7899999618530273,1.7999999523162842,129600
2026-05-15 13:10:00+00:00,CVCB3.SA,1.7999999523162842,1.809999942779541,1.7799999713897705,1.7999999523162842,448200
2026-05-15 13:15:00+00:00,CVCB3.SA,1.809999942779541,1.8200000524520874,1.7999999523162842,1.809999942779541,195100
2026-05-15 13:20:00+00:00,CVCB3.SA,1.809999942779541,1.809999942779541,1.7999999523162842,1.809999942779541,190000
2026-05-15 13:25:00+00:00,CVCB3.SA,1.809999942779541,1.8200000524520874,1.7999999523162842,1.7999999523162842,286800
2026-05-15 13:30:00+00:00,CVCB3.SA,1.7999999523162842,1.809999942779541,1.7999999523162842,1.7999999523162842,134000
2026-05-15 13:35:00+00:00,CVCB3.SA,1.7999999523162842,1.809999942779541,1.7999999523162842,1.809999942779541,112300
2026-05-15 13:40:00+00:00,CVCB3.SA,1.809999942779541,1.8200000524520874,1.809999942779541,1.809999942779541,22400
2026-05-15 13:45:00+00:00,CVCB3.SA,1.8200000524520874,1.8200000524520874,1.809999942779541,1.809999942779541,50700
2026-05-15 13:50:00+00:00,CVCB3.SA,1.809999942779541,1.809999942779541,1.7999999523162842,1.7999999523162842,104400
2026-05-15 13:55:00+00:00,CVCB3.SA,1.7999999523162842,1.8200000524520874,1.7999999523162842,1.7999999523162842,111900
2026-05-15 14:00:00+00:00,CVCB3.SA,1.809999942779541,1.809999942779541,1.7999999523162842,1.7999999523162842,45200
2026-05-15 14:05:00+00:00,CVCB3.SA,1.7999999523162842,1.809999942779541,1.7999999523162842,1.7999999523162842,310900
2026-05-15 14:10:00+00:00,CVCB3.SA,1.7999999523162842,1.8200000524520874,1.7999999523162842,1.7999999523162842,310400
2026-05-15 14:15:00+00:00,CVCB3.SA,1.809999942779541,1.8200000524520874,1.7999999523162842,1.809999942779541,88100
2026-05-15 14:20:00+00:00,CVCB3.SA,1.809999942779541,1.840000033378601,1.809999942779541,1.8300000429153442,577000
2026-05-15 14:25:00+00:00,CVCB3.SA,1.8300000429153442,1.840000033378601,1.8200000524520874,1.8200000524520874,114200
2026-05-15 14:30:00+00:00,CVCB3.SA,1.8200000524520874,1.8300000429153442,1.8200000524520874,1.8200000524520874,35500
2026-05-15 14:35:00+00:00,CVCB3.SA,1.8300000429153442,1.8300000429153442,1.8200000524520874,1.8200000524520874,23800
2026-05-15 14:40:00+00:00,CVCB3.SA,1.8200000524520874,1.8300000429153442,1.809999942779541,1.809999942779541,100100
2026-05-15 14:45:00+00:00,CVCB3.SA,1.809999942779541,1.809999942779541,1.7999999523162842,1.7999999523162842,217700
2026-05-15 14:50:00+00:00,CVCB3.SA,1.7999999523162842,1.809999942779541,1.7999999523162842,1.7999999523162842,37500
2026-05-15 14:55:00+00:00,CVCB3.SA,1.7999999523162842,1.809999942779541,1.7999999523162842,1.7999999523162842,451200
2026-05-15 15:00:00+00:00,CVCB3.SA,1.7999999523162842,1.809999942779541,1.7999999523162842,1.7999999523162842,22200
2026-05-15 15:05:00+00:00,CVCB3.SA,1.7999999523162842,1.809999942779541,1.7999999523162842,1.7999999523162842,47200
2026-05-15 15:10:00+00:00,CVCB3.SA,1.7999999523162842,1.809999942779541,1.7999999523162842,1.7999999523162842,347000
2026-05-15 15:15:00+00:00,CVCB3.SA,1.7999999523162842,1.809999942779541,1.7999999523162842,1.7999999523162842,51200
2026-05-15 15:20:00+00:00,CVCB3.SA,1.809999942779541,1.809999942779541,1.7899999618530273,1.7899999618530273,157500
2026-05-15 15:25:00+00:00,CVCB3.SA,1.7899999618530273,1.809999942779541,1.7899999618530273,1.7999999523162842,291700
2026-05-15 15:30:00+00:00,CVCB3.SA,1.7999999523162842,1.8200000524520874,1.7999999523162842,1.809999942779541,150900
2026-05-15 15:35:00+00:00,CVCB3.SA,1.809999942779541,1.8200000524520874,1.809999942779541,1.809999942779541,129800
2026-05-15 15:40:00+00:00,CVCB3.SA,1.809999942779541,1.8200000524520874,1.809999942779541,1.809999942779541,20800
2026-05-15 15:45:00+00:00,CVCB3.SA,1.809999942779541,1.8200000524520874,1.809999942779541,1.809999942779541,57500
2026-05-15 15:50:00+00:00,CVCB3.SA,1.809999942779541,1.8200000524520874,1.809999942779541,1.8200000524520874,25200
2026-05-15 15:55:00+00:00,CVCB3.SA,1.809999942779541,1.8200000524520874,1.809999942779541,1.809999942779541,419400
2026-05-15 16:00:00+00:00,CVCB3.SA,1.8200000524520874,1.8200000524520874,1.809999942779541,1.809999942779541,19200
2026-05-15 16:05:00+00:00,CVCB3.SA,1.809999942779541,1.8200000524520874,1.7999999523162842,1.7999999523162842,119100
2026-05-15 16:10:00+00:00,CVCB3.SA,1.7999999523162842,1.809999942779541,1.7999999523162842,1.7999999523162842,24200
2026-05-15 16:15:00+00:00,CVCB3.SA,1.7999999523162842,1.809999942779541,1.7999999523162842,1.7999999523162842,15400
2026-05-15 16:20:00+00:00,CVCB3.SA,1.7999999523162842,1.809999942779541,1.7999999523162842,1.7999999523162842,28000
2026-05-15 16:25:00+00:00,CVCB3.SA,1.7999999523162842,1.809999942779541,1.7999999523162842,1.7999999523162842,128000
2026-05-15 16:30:00+00:00,CVCB3.SA,1.7999999523162842,1.809999942779541,1.7999999523162842,1.809999942779541,43400
2026-05-15 16:35:00+00:00,CVCB3.SA,1.7999999523162842,1.809999942779541,1.7899999618530273,1.7899999618530273,176600
2026-05-15 16:40:00+00:00,CVCB3.SA,1.7899999618530273,1.7999999523162842,1.7899999618530273,1.7899999618530273,41300
2026-05-15 16:45:00+00:00,CVCB3.SA,1.7899999618530273,1.7999999523162842,1.7899999618530273,1.7899999618530273,28300
2026-05-15 16:50:00+00:00,CVCB3.SA,1.7899999618530273,1.7999999523162842,1.7799999713897705,1.7799999713897705,495600
2026-05-15 16:55:00+00:00,CVCB3.SA,1.7799999713897705,1.7899999618530273,1.7799999713897705,1.7799999713897705,87500
2026-05-15 17:00:00+00:00,CVCB3.SA,1.7799999713897705,1.7899999618530273,1.7799999713897705,1.7799999713897705,109700
2026-05-15 17:05:00+00:00,CVCB3.SA,1.7799999713897705,1.7899999618530273,1.7799999713897705,1.7799999713897705,183700
2026-05-15 17:10:00+00:00,CVCB3.SA,1.7799999713897705,1.7999999523162842,1.7799999713897705,1.7799999713897705,236500
2026-05-15 17:15:00+00:00,CVCB3.SA,1.7799999713897705,1.7899999618530273,1.7799999713897705,1.7799999713897705,255900
2026-05-15 17:20:00+00:00,CVCB3.SA,1.7799999713897705,1.7999999523162842,1.7799999713897705,1.7899999618530273,219700
2026-05-15 17:25:00+00:00,CVCB3.SA,1.7899999618530273,1.7999999523162842,1.7899999618530273,1.7899999618530273,62200
2026-05-15 17:30:00+00:00,CVCB3.SA,1.7899999618530273,1.7999999523162842,1.7899999618530273,1.7899999618530273,236800
2026-05-15 17:35:00+00:00,CVCB3.SA,1.7899999618530273,1.7999999523162842,1.7899999618530273,1.7899999618530273,44000
2026-05-15 17:40:00+00:00,CVCB3.SA,1.7899999618530273,1.7999999523162842,1.7799999713897705,1.7799999713897705,395900
2026-05-15 17:45:00+00:00,CVCB3.SA,1.7799999713897705,1.7899999618530273,1.7799999713897705,1.7799999713897705,126000
2026-05-15 17:50:00+00:00,CVCB3.SA,1.7799999713897705,1.7999999523162842,1.7799999713897705,1.7899999618530273,100300
2026-05-15 17:55:00+00:00,CVCB3.SA,1.7899999618530273,1.7999999523162842,1.7899999618530273,1.7899999618530273,62900
2026-05-15 18:00:00+00:00,CVCB3.SA,1.7899999618530273,1.7999999523162842,1.7899999618530273,1.7899999618530273,31700
2026-05-15 18:05:00+00:00,CVCB3.SA,1.7899999618530273,1.7999999523162842,1.7899999618530273,1.7899999618530273,54600
2026-05-15 18:10:00+00:00,CVCB3.SA,1.7899999618530273,1.7899999618530273,1.7799999713897705,1.7799999713897705,150800
2026-05-15 18:15:00+00:00,CVCB3.SA,1.7799999713897705,1.7899999618530273,1.7799999713897705,1.7899999618530273,99100
2026-05-15 18:20:00+00:00,CVCB3.SA,1.7799999713897705,1.7899999618530273,1.7799999713897705,1.7799999713897705,51000
2026-05-15 18:25:00+00:00,CVCB3.SA,1.7799999713897705,1.7899999618530273,1.7799999713897705,1.7799999713897705,59200
2026-05-15 18:30:00+00:00,CVCB3.SA,1.7899999618530273,1.7899999618530273,1.7699999809265137,1.7699999809265137,545300
2026-05-15 18:35:00+00:00,CVCB3.SA,1.7799999713897705,1.7799999713897705,1.7699999809265137,1.7699999809265137,93100
2026-05-15 18:40:00+00:00,CVCB3.SA,1.7699999809265137,1.7799999713897705,1.7699999809265137,1.7699999809265137,64000
2026-05-15 18:45:00+00:00,CVCB3.SA,1.7799999713897705,1.7799999713897705,1.7699999809265137,1.7799999713897705,50400
2026-05-15 18:50:00+00:00,CVCB3.SA,1.7699999809265137,1.7799999713897705,1.7699999809265137,1.7699999809265137,185100
2026-05-15 18:55:00+00:00,CVCB3.SA,1.7699999809265137,1.7799999713897705,1.7699999809265137,1.7799999713897705,67100
2026-05-15 19:00:00+00:00,CVCB3.SA,1.7699999809265137,1.7799999713897705,1.7699999809265137,1.7799999713897705,187200
2026-05-15 19:05:00+00:00,CVCB3.SA,1.7799999713897705,1.7899999618530273,1.7799999713897705,1.7799999713897705,83700
2026-05-15 19:10:00+00:00,CVCB3.SA,1.7799999713897705,1.7899999618530273,1.7799999713897705,1.7799999713897705,54400
2026-05-15 19:15:00+00:00,CVCB3.SA,1.7799999713897705,1.7899999618530273,1.7799999713897705,1.7799999713897705,195500
2026-05-15 19:20:00+00:00,CVCB3.SA,1.7799999713897705,1.7899999618530273,1.7799999713897705,1.7799999713897705,339600
2026-05-15 19:25:00+00:00,CVCB3.SA,1.7799999713897705,1.7799999713897705,1.7699999809265137,1.7799999713897705,183000
2026-05-15 19:30:00+00:00,CVCB3.SA,1.7699999809265137,1.7799999713897705,1.7699999809265137,1.7699999809265137,148800
2026-05-15 19:35:00+00:00,CVCB3.SA,1.7699999809265137,1.7899999618530273,1.7699999809265137,1.7799999713897705,348900
2026-05-15 19:40:00+00:00,CVCB3.SA,1.7799999713897705,1.7899999618530273,1.7699999809265137,1.7699999809265137,301000
2026-05-15 19:45:00+00:00,CVCB3.SA,1.7799999713897705,1.7799999713897705,1.7699999809265137,1.7799999713897705,909500
2026-05-15 19:50:00+00:00,CVCB3.SA,1.7699999809265137,1.7799999713897705,1.7699999809265137,1.7699999809265137,135200
2026-05-18 13:00:00+00:00,CVCB3.SA,1.7999999523162842,1.7999999523162842,1.7999999523162842,1.7999999523162842,0
2026-05-18 13:05:00+00:00,CVCB3.SA,1.809999942779541,1.8300000429153442,1.809999942779541,1.8300000429153442,294900
2026-05-18 13:10:00+00:00,CVCB3.SA,1.8300000429153442,1.840000033378601,1.8200000524520874,1.8200000524520874,486300
2026-05-18 13:15:00+00:00,CVCB3.SA,1.8200000524520874,1.840000033378601,1.809999942779541,1.8300000429153442,103300
2026-05-18 13:20:00+00:00,CVCB3.SA,1.8300000429153442,1.850000023841858,1.8300000429153442,1.850000023841858,231300
2026-05-18 13:25:00+00:00,CVCB3.SA,1.840000033378601,1.8600000143051147,1.840000033378601,1.840000033378601,179600
2026-05-18 13:30:00+00:00,CVCB3.SA,1.840000033378601,1.840000033378601,1.8300000429153442,1.8300000429153442,170600
2026-05-18 13:35:00+00:00,CVCB3.SA,1.8300000429153442,1.840000033378601,1.8300000429153442,1.840000033378601,197100
2026-05-18 13:40:00+00:00,CVCB3.SA,1.8300000429153442,1.850000023841858,1.8300000429153442,1.840000033378601,108800
2026-05-18 13:45:00+00:00,CVCB3.SA,1.850000023841858,1.850000023841858,1.8300000429153442,1.840000033378601,184100
2026-05-18 13:50:00+00:00,CVCB3.SA,1.840000033378601,1.840000033378601,1.8300000429153442,1.8300000429153442,143700
2026-05-18 13:55:00+00:00,CVCB3.SA,1.8300000429153442,1.840000033378601,1.8300000429153442,1.840000033378601,10100
2026-05-18 14:00:00+00:00,CVCB3.SA,1.8300000429153442,1.840000033378601,1.8200000524520874,1.8200000524520874,126100
2026-05-18 14:05:00+00:00,CVCB3.SA,1.8200000524520874,1.8200000524520874,1.809999942779541,1.809999942779541,103700
2026-05-18 14:10:00+00:00,CVCB3.SA,1.809999942779541,1.8200000524520874,1.809999942779541,1.8200000524520874,19900
2026-05-18 14:15:00+00:00,CVCB3.SA,1.809999942779541,1.8200000524520874,1.809999942779541,1.809999942779541,17000
2026-05-18 14:20:00+00:00,CVCB3.SA,1.8200000524520874,1.8300000429153442,1.8200000524520874,1.8300000429153442,210500
2026-05-18 14:25:00+00:00,CVCB3.SA,1.8300000429153442,1.8300000429153442,1.8200000524520874,1.8300000429153442,17500
2026-05-18 14:30:00+00:00,CVCB3.SA,1.8200000524520874,1.8300000429153442,1.809999942779541,1.8200000524520874,19900
2026-05-18 14:35:00+00:00,CVCB3.SA,1.809999942779541,1.8200000524520874,1.809999942779541,1.8200000524520874,8600
2026-05-18 14:40:00+00:00,CVCB3.SA,1.8200000524520874,1.8200000524520874,1.809999942779541,1.8200000524520874,50600
2026-05-18 14:45:00+00:00,CVCB3.SA,1.8200000524520874,1.8200000524520874,1.809999942779541,1.8200000524520874,6000
2026-05-18 14:50:00+00:00,CVCB3.SA,1.8200000524520874,1.8300000429153442,1.809999942779541,1.8300000429153442,134300
2026-05-18 14:55:00+00:00,CVCB3.SA,1.8200000524520874,1.8300000429153442,1.8200000524520874,1.8200000524520874,34200
2026-05-18 15:00:00+00:00,CVCB3.SA,1.8300000429153442,1.8300000429153442,1.8200000524520874,1.8200000524520874,19600
2026-05-18 15:05:00+00:00,CVCB3.SA,1.8300000429153442,1.8300000429153442,1.809999942779541,1.809999942779541,82200
2026-05-18 15:10:00+00:00,CVCB3.SA,1.809999942779541,1.8200000524520874,1.809999942779541,1.8200000524520874,27400
2026-05-18 15:15:00+00:00,CVCB3.SA,1.809999942779541,1.8200000524520874,1.809999942779541,1.8200000524520874,11300
2026-05-18 15:20:00+00:00,CVCB3.SA,1.809999942779541,1.8200000524520874,1.809999942779541,1.809999942779541,8400
2026-05-18 15:25:00+00:00,CVCB3.SA,1.809999942779541,1.8200000524520874,1.809999942779541,1.8200000524520874,111400
2026-05-18 15:30:00+00:00,CVCB3.SA,1.8200000524520874,1.8300000429153442,1.809999942779541,1.8300000429153442,65500
2026-05-18 15:35:00+00:00,CVCB3.SA,1.8200000524520874,1.8300000429153442,1.8200000524520874,1.8300000429153442,39200
2026-05-18 15:40:00+00:00,CVCB3.SA,1.8300000429153442,1.8300000429153442,1.8200000524520874,1.8300000429153442,10500
2026-05-18 15:45:00+00:00,CVCB3.SA,1.8200000524520874,1.8300000429153442,1.8200000524520874,1.8200000524520874,34300
2026-05-18 15:50:00+00:00,CVCB3.SA,1.8200000524520874,1.8300000429153442,1.8200000524520874,1.8300000429153442,9400
2026-05-18 15:55:00+00:00,CVCB3.SA,1.8300000429153442,1.8300000429153442,1.809999942779541,1.8200000524520874,115100
2026-05-18 16:00:00+00:00,CVCB3.SA,1.8200000524520874,1.8200000524520874,1.7899999618530273,1.7999999523162842,510200
2026-05-18 16:05:00+00:00,CVCB3.SA,1.7999999523162842,1.7999999523162842,1.7799999713897705,1.7799999713897705,152600
2026-05-18 16:10:00+00:00,CVCB3.SA,1.7799999713897705,1.7999999523162842,1.7799999713897705,1.7899999618530273,536600
2026-05-18 16:15:00+00:00,CVCB3.SA,1.7999999523162842,1.7999999523162842,1.7899999618530273,1.7999999523162842,7400
2026-05-18 16:20:00+00:00,CVCB3.SA,1.7999999523162842,1.7999999523162842,1.7899999618530273,1.7899999618530273,17100
2026-05-18 16:25:00+00:00,CVCB3.SA,1.7999999523162842,1.7999999523162842,1.7899999618530273,1.7899999618530273,17200
2026-05-18 16:30:00+00:00,CVCB3.SA,1.7899999618530273,1.7999999523162842,1.7799999713897705,1.7899999618530273,199800
2026-05-18 16:35:00+00:00,CVCB3.SA,1.7799999713897705,1.7899999618530273,1.7799999713897705,1.7899999618530273,29700
2026-05-18 16:40:00+00:00,CVCB3.SA,1.7799999713897705,1.7899999618530273,1.7799999713897705,1.7799999713897705,19900
2026-05-18 16:45:00+00:00,CVCB3.SA,1.7799999713897705,1.7899999618530273,1.7799999713897705,1.7899999618530273,25800
2026-05-18 16:50:00+00:00,CVCB3.SA,1.7799999713897705,1.7899999618530273,1.7799999713897705,1.7899999618530273,22700
2026-05-18 16:55:00+00:00,CVCB3.SA,1.7799999713897705,1.7899999618530273,1.7799999713897705,1.7799999713897705,12200
2026-05-18 17:00:00+00:00,CVCB3.SA,1.7799999713897705,1.7899999618530273,1.7799999713897705,1.7799999713897705,48100
2026-05-18 17:05:00+00:00,CVCB3.SA,1.7899999618530273,1.7899999618530273,1.7799999713897705,1.7799999713897705,11000
2026-05-18 17:10:00+00:00,CVCB3.SA,1.7799999713897705,1.7899999618530273,1.7799999713897705,1.7799999713897705,21500
2026-05-18 17:15:00+00:00,CVCB3.SA,1.7799999713897705,1.7899999618530273,1.7799999713897705,1.7799999713897705,49400
2026-05-18 17:20:00+00:00,CVCB3.SA,1.7899999618530273,1.7899999618530273,1.7799999713897705,1.7799999713897705,20000
2026-05-18 17:25:00+00:00,CVCB3.SA,1.7899999618530273,1.7899999618530273,1.7799999713897705,1.7799999713897705,58300
2026-05-18 17:30:00+00:00,CVCB3.SA,1.7899999618530273,1.7899999618530273,1.7799999713897705,1.7799999713897705,55100
2026-05-18 17:35:00+00:00,CVCB3.SA,1.7799999713897705,1.7899999618530273,1.7799999713897705,1.7799999713897705,35800
2026-05-18 17:40:00+00:00,CVCB3.SA,1.7799999713897705,1.7899999618530273,1.7799999713897705,1.7799999713897705,19700
2026-05-18 17:45:00+00:00,CVCB3.SA,1.7799999713897705,1.7899999618530273,1.7699999809265137,1.7799999713897705,407700
2026-05-18 17:50:00+00:00,CVCB3.SA,1.7699999809265137,1.7999999523162842,1.7699999809265137,1.7899999618530273,453200
2026-05-18 17:55:00+00:00,CVCB3.SA,1.7899999618530273,1.7999999523162842,1.7899999618530273,1.7899999618530273,87600
2026-05-18 18:00:00+00:00,CVCB3.SA,1.7899999618530273,1.7999999523162842,1.7899999618530273,1.7999999523162842,151600
2026-05-18 18:05:00+00:00,CVCB3.SA,1.7899999618530273,1.7999999523162842,1.7899999618530273,1.7899999618530273,178400
2026-05-18 18:10:00+00:00,CVCB3.SA,1.7899999618530273,1.7999999523162842,1.7899999618530273,1.7899999618530273,0
2026-05-18 18:15:00+00:00,CVCB3.SA,1.7999999523162842,1.7999999523162842,1.7799999713897705,1.7799999713897705,56900
2026-05-18 18:20:00+00:00,CVCB3.SA,1.7799999713897705,1.7999999523162842,1.7799999713897705,1.7899999618530273,89900
2026-05-18 18:25:00+00:00,CVCB3.SA,1.7899999618530273,1.7999999523162842,1.7899999618530273,1.7899999618530273,29700
2026-05-18 18:30:00+00:00,CVCB3.SA,1.7899999618530273,1.7999999523162842,1.7899999618530273,1.7899999618530273,22200
2026-05-18 18:35:00+00:00,CVCB3.SA,1.7899999618530273,1.7999999523162842,1.7899999618530273,1.7899999618530273,40300
2026-05-18 18:40:00+00:00,CVCB3.SA,1.7899999618530273,1.809999942779541,1.7899999618530273,1.7899999618530273,320000
2026-05-18 18:45:00+00:00,CVCB3.SA,1.7899999618530273,1.7999999523162842,1.7799999713897705,1.7999999523162842,242300
2026-05-18 18:50:00+00:00,CVCB3.SA,1.7899999618530273,1.7999999523162842,1.7899999618530273,1.7899999618530273,39000
2026-05-18 18:55:00+00:00,CVCB3.SA,1.7899999618530273,1.7999999523162842,1.7799999713897705,1.7799999713897705,75500
2026-05-18 19:00:00+00:00,CVCB3.SA,1.7799999713897705,1.809999942779541,1.7799999713897705,1.7899999618530273,210600
2026-05-18 19:05:00+00:00,CVCB3.SA,1.7999999523162842,1.7999999523162842,1.7899999618530273,1.7999999523162842,107500
2026-05-18 19:10:00+00:00,CVCB3.SA,1.7899999618530273,1.7999999523162842,1.7899999618530273,1.7899999618530273,40800
2026-05-18 19:15:00+00:00,CVCB3.SA,1.7899999618530273,1.7999999523162842,1.7899999618530273,1.7899999618530273,49900
2026-05-18 19:20:00+00:00,CVCB3.SA,1.7899999618530273,1.7999999523162842,1.7899999618530273,1.7899999618530273,116200
2026-05-18 19:25:00+00:00,CVCB3.SA,1.7899999618530273,1.7999999523162842,1.7899999618530273,1.7999999523162842,86000
2026-05-18 19:30:00+00:00,CVCB3.SA,1.7899999618530273,1.7999999523162842,1.7899999618530273,1.7999999523162842,203000
2026-05-18 19:35:00+00:00,CVCB3.SA,1.7999999523162842,1.809999942779541,1.7999999523162842,1.7999999523162842,31600
2026-05-18 19:40:00+00:00,CVCB3.SA,1.809999942779541,1.8200000524520874,1.7999999523162842,1.809999942779541,297500
2026-05-18 19:45:00+00:00,CVCB3.SA,1.809999942779541,1.8200000524520874,1.809999942779541,1.8200000524520874,65600
2026-05-18 19:50:00+00:00,CVCB3.SA,1.809999942779541,1.8200000524520874,1.809999942779541,1.8200000524520874,238400
2026-05-19 13:00:00+00:00,CVCB3.SA,1.7899999618530273,1.7899999618530273,1.7799999713897705,1.7899999618530273,0
2026-05-19 13:05:00+00:00,CVCB3.SA,1.7899999618530273,1.7899999618530273,1.7799999713897705,1.7899999618530273,24200
2026-05-19 13:10:00+00:00,CVCB3.SA,1.7899999618530273,1.7899999618530273,1.7799999713897705,1.7899999618530273,43600
2026-05-19 13:15:00+00:00,CVCB3.SA,1.7899999618530273,1.7899999618530273,1.7699999809265137,1.7799999713897705,218000
2026-05-19 13:20:00+00:00,CVCB3.SA,1.7799999713897705,1.7799999713897705,1.75,1.7699999809265137,354500
2026-05-19 13:25:00+00:00,CVCB3.SA,1.7699999809265137,1.7699999809265137,1.75,1.7699999809265137,41300
2026-05-19 13:30:00+00:00,CVCB3.SA,1.7699999809265137,1.7799999713897705,1.7599999904632568,1.7799999713897705,319000
2026-05-19 13:35:00+00:00,CVCB3.SA,1.7799999713897705,1.7899999618530273,1.7699999809265137,1.7899999618530273,259800
2026-05-19 13:40:00+00:00,CVCB3.SA,1.7799999713897705,1.7899999618530273,1.7799999713897705,1.7799999713897705,29200
2026-05-19 13:45:00+00:00,CVCB3.SA,1.7899999618530273,1.7899999618530273,1.7799999713897705,1.7899999618530273,248000
2026-05-19 13:50:00+00:00,CVCB3.SA,1.7799999713897705,1.7999999523162842,1.7799999713897705,1.7999999523162842,73600
2026-05-19 13:55:00+00:00,CVCB3.SA,1.7899999618530273,1.7999999523162842,1.7899999618530273,1.7999999523162842,43900
2026-05-19 14:00:00+00:00,CVCB3.SA,1.7899999618530273,1.7999999523162842,1.7899999618530273,1.7999999523162842,37400
2026-05-19 14:05:00+00:00,CVCB3.SA,1.7999999523162842,1.7999999523162842,1.7899999618530273,1.7999999523162842,8300
2026-05-19 14:10:00+00:00,CVCB3.SA,1.7999999523162842,1.7999999523162842,1.7899999618530273,1.7999999523162842,18600
2026-05-19 14:15:00+00:00,CVCB3.SA,1.7899999618530273,1.7999999523162842,1.7899999618530273,1.7899999618530273,29100
2026-05-19 14:20:00+00:00,CVCB3.SA,1.7899999618530273,1.7899999618530273,1.7799999713897705,1.7799999713897705,70300
2026-05-19 14:25:00+00:00,CVCB3.SA,1.7799999713897705,1.7899999618530273,1.7799999713897705,1.7899999618530273,21000
2026-05-19 14:30:00+00:00,CVCB3.SA,1.7899999618530273,1.7899999618530273,1.7799999713897705,1.7899999618530273,37800
2026-05-19 14:35:00+00:00,CVCB3.SA,1.7899999618530273,1.7899999618530273,1.7799999713897705,1.7899999618530273,4100
2026-05-19 14:40:00+00:00,CVCB3.SA,1.7899999618530273,1.7899999618530273,1.7799999713897705,1.7899999618530273,4500
2026-05-19 14:45:00+00:00,CVCB3.SA,1.7899999618530273,1.7899999618530273,1.7799999713897705,1.7899999618530273,14000
2026-05-19 14:50:00+00:00,CVCB3.SA,1.7899999618530273,1.7899999618530273,1.7799999713897705,1.7899999618530273,10200
2026-05-19 14:55:00+00:00,CVCB3.SA,1.7899999618530273,1.7899999618530273,1.7799999713897705,1.7899999618530273,13300
2026-05-19 15:00:00+00:00,CVCB3.SA,1.7899999618530273,1.7899999618530273,1.7799999713897705,1.7899999618530273,11900
2026-05-19 15:05:00+00:00,CVCB3.SA,1.7799999713897705,1.7899999618530273,1.7799999713897705,1.7899999618530273,6200
2026-05-19 15:10:00+00:00,CVCB3.SA,1.7899999618530273,1.7899999618530273,1.7799999713897705,1.7899999618530273,5400
2026-05-19 15:15:00+00:00,CVCB3.SA,1.7899999618530273,1.7899999618530273,1.7799999713897705,1.7899999618530273,9800
2026-05-19 15:20:00+00:00,CVCB3.SA,1.7799999713897705,1.7899999618530273,1.7799999713897705,1.7899999618530273,3400
2026-05-19 15:25:00+00:00,CVCB3.SA,1.7899999618530273,1.7899999618530273,1.7799999713897705,1.7899999618530273,6500
2026-05-19 15:30:00+00:00,CVCB3.SA,1.7899999618530273,1.7899999618530273,1.7799999713897705,1.7899999618530273,15700
2026-05-19 15:35:00+00:00,CVCB3.SA,1.7899999618530273,1.7899999618530273,1.7799999713897705,1.7899999618530273,3900
2026-05-19 15:40:00+00:00,CVCB3.SA,1.7899999618530273,1.7899999618530273,1.7799999713897705,1.7899999618530273,2400
2026-05-19 15:45:00+00:00,CVCB3.SA,1.7899999618530273,1.7899999618530273,1.7799999713897705,1.7899999618530273,11600
2026-05-19 15:50:00+00:00,CVCB3.SA,1.7799999713897705,1.7899999618530273,1.7799999713897705,1.7899999618530273,4000
2026-05-19 15:55:00+00:00,CVCB3.SA,1.7899999618530273,1.7899999618530273,1.7799999713897705,1.7799999713897705,5800
2026-05-19 16:00:00+00:00,CVCB3.SA,1.7899999618530273,1.7899999618530273,1.7799999713897705,1.7899999618530273,1900
2026-05-19 16:05:00+00:00,CVCB3.SA,1.7799999713897705,1.7899999618530273,1.7799999713897705,1.7899999618530273,3300
2026-05-19 16:10:00+00:00,CVCB3.SA,1.7899999618530273,1.7899999618530273,1.7799999713897705,1.7799999713897705,3900
2026-05-19 16:15:00+00:00,CVCB3.SA,1.7899999618530273,1.7899999618530273,1.7799999713897705,1.7899999618530273,1600
2026-05-19 16:20:00+00:00,CVCB3.SA,1.7799999713897705,1.7899999618530273,1.7799999713897705,1.7799999713897705,5600
2026-05-19 16:25:00+00:00,CVCB3.SA,1.7899999618530273,1.7899999618530273,1.7799999713897705,1.7899999618530273,2800
2026-05-19 16:30:00+00:00,CVCB3.SA,1.7899999618530273,1.7899999618530273,1.7799999713897705,1.7799999713897705,3300
2026-05-19 16:35:00+00:00,CVCB3.SA,1.7899999618530273,1.7899999618530273,1.7799999713897705,1.7899999618530273,75600
2026-05-19 16:40:00+00:00,CVCB3.SA,1.7899999618530273,1.7899999618530273,1.7699999809265137,1.7699999809265137,267200
2026-05-19 16:45:00+00:00,CVCB3.SA,1.7699999809265137,1.7699999809265137,1.7699999809265137,1.7699999809265137,2200
2026-05-19 16:50:00+00:00,CVCB3.SA,1.7699999809265137,1.7799999713897705,1.7699999809265137,1.7699999809265137,2000
2026-05-19 16:55:00+00:00,CVCB3.SA,1.7699999809265137,1.7799999713897705,1.7699999809265137,1.7799999713897705,18200
2026-05-19 17:00:00+00:00,CVCB3.SA,1.7799999713897705,1.7799999713897705,1.7699999809265137,1.7699999809265137,18600
2026-05-19 17:05:00+00:00,CVCB3.SA,1.7699999809265137,1.7799999713897705,1.7599999904632568,1.7599999904632568,235700
2026-05-19 17:10:00+00:00,CVCB3.SA,1.7599999904632568,1.7699999809265137,1.7599999904632568,1.7599999904632568,18700
2026-05-19 17:15:00+00:00,CVCB3.SA,1.7599999904632568,1.7699999809265137,1.7599999904632568,1.7599999904632568,9900
2026-05-19 17:20:00+00:00,CVCB3.SA,1.7599999904632568,1.7699999809265137,1.7599999904632568,1.7599999904632568,4100
2026-05-19 17:25:00+00:00,CVCB3.SA,1.7699999809265137,1.7699999809265137,1.7599999904632568,1.7599999904632568,19300
2026-05-19 17:30:00+00:00,CVCB3.SA,1.7599999904632568,1.7699999809265137,1.7599999904632568,1.7699999809265137,137100
2026-05-19 17:35:00+00:00,CVCB3.SA,1.7699999809265137,1.7699999809265137,1.7599999904632568,1.7699999809265137,8700
2026-05-19 17:40:00+00:00,CVCB3.SA,1.7699999809265137,1.7699999809265137,1.7599999904632568,1.7599999904632568,4900
2026-05-19 17:45:00+00:00,CVCB3.SA,1.7599999904632568,1.7699999809265137,1.7599999904632568,1.7699999809265137,44400
2026-05-19 17:50:00+00:00,CVCB3.SA,1.7699999809265137,1.7699999809265137,1.7599999904632568,1.7599999904632568,79800
2026-05-19 17:55:00+00:00,CVCB3.SA,1.7599999904632568,1.7699999809265137,1.7599999904632568,1.7599999904632568,9200
2026-05-19 18:00:00+00:00,CVCB3.SA,1.7699999809265137,1.7699999809265137,1.7599999904632568,1.7599999904632568,14800
2026-05-19 18:05:00+00:00,CVCB3.SA,1.7599999904632568,1.7699999809265137,1.7599999904632568,1.7599999904632568,25900
2026-05-19 18:10:00+00:00,CVCB3.SA,1.7699999809265137,1.7699999809265137,1.7599999904632568,1.7699999809265137,9500
2026-05-19 18:15:00+00:00,CVCB3.SA,1.7599999904632568,1.7699999809265137,1.7599999904632568,1.7699999809265137,36500
2026-05-19 18:20:00+00:00,CVCB3.SA,1.7599999904632568,1.7699999809265137,1.7599999904632568,1.7699999809265137,14900
2026-05-19 18:25:00+00:00,CVCB3.SA,1.7699999809265137,1.7699999809265137,1.7599999904632568,1.7599999904632568,52000
2026-05-19 18:30:00+00:00,CVCB3.SA,1.7599999904632568,1.7699999809265137,1.7599999904632568,1.7699999809265137,1300
2026-05-19 18:35:00+00:00,CVCB3.SA,1.7599999904632568,1.7699999809265137,1.7599999904632568,1.7699999809265137,18100
2026-05-19 18:40:00+00:00,CVCB3.SA,1.7699999809265137,1.7699999809265137,1.7599999904632568,1.7699999809265137,4900
2026-05-19 18:45:00+00:00,CVCB3.SA,1.7699999809265137,1.7699999809265137,1.7599999904632568,1.7599999904632568,50100
2026-05-19 18:50:00+00:00,CVCB3.SA,1.7699999809265137,1.7699999809265137,1.7599999904632568,1.7699999809265137,7900
2026-05-19 18:55:00+00:00,CVCB3.SA,1.7599999904632568,1.7699999809265137,1.7599999904632568,1.7699999809265137,20200
2026-05-19 19:00:00+00:00,CVCB3.SA,1.7599999904632568,1.7699999809265137,1.7599999904632568,1.7699999809265137,2300
2026-05-19 19:05:00+00:00,CVCB3.SA,1.7599999904632568,1.7699999809265137,1.7599999904632568,1.7699999809265137,22700
2026-05-19 19:10:00+00:00,CVCB3.SA,1.7699999809265137,1.7699999809265137,1.7599999904632568,1.7699999809265137,13100
2026-05-19 19:15:00+00:00,CVCB3.SA,1.7699999809265137,1.7699999809265137,1.7599999904632568,1.7599999904632568,53400
2026-05-19 19:20:00+00:00,CVCB3.SA,1.7699999809265137,1.7699999809265137,1.75,1.7599999904632568,565800
2026-05-19 19:25:00+00:00,CVCB3.SA,1.7599999904632568,1.7599999904632568,1.75,1.75,56500
2026-05-19 19:30:00+00:00,CVCB3.SA,1.7599999904632568,1.7599999904632568,1.75,1.7599999904632568,363000
2026-05-19 19:35:00+00:00,CVCB3.SA,1.7599999904632568,1.7699999809265137,1.7599999904632568,1.7599999904632568,40800
2026-05-19 19:40:00+00:00,CVCB3.SA,1.7599999904632568,1.7699999809265137,1.7599999904632568,1.7699999809265137,24100
2026-05-19 19:45:00+00:00,CVCB3.SA,1.7599999904632568,1.7699999809265137,1.7599999904632568,1.7599999904632568,181300
2026-05-19 19:50:00+00:00,CVCB3.SA,1.7599999904632568,1.7699999809265137,1.7599999904632568,1.7599999904632568,61800
2026-05-20 13:00:00+00:00,CVCB3.SA,1.7899999618530273,1.7999999523162842,1.7899999618530273,1.7899999618530273,0
2026-05-20 13:05:00+00:00,CVCB3.SA,1.7899999618530273,1.7999999523162842,1.7799999713897705,1.7899999618530273,124000
2026-05-20 13:10:00+00:00,CVCB3.SA,1.7899999618530273,1.7899999618530273,1.7799999713897705,1.7899999618530273,114400
2026-05-20 13:15:00+00:00,CVCB3.SA,1.7899999618530273,1.7899999618530273,1.7899999618530273,1.7899999618530273,139400
2026-05-20 13:20:00+00:00,CVCB3.SA,1.7899999618530273,1.7999999523162842,1.7799999713897705,1.7999999523162842,234900
2026-05-20 13:25:00+00:00,CVCB3.SA,1.7999999523162842,1.7999999523162842,1.7999999523162842,1.7999999523162842,145600
2026-05-20 13:30:00+00:00,CVCB3.SA,1.7999999523162842,1.7999999523162842,1.7999999523162842,1.7999999523162842,45300
2026-05-20 13:35:00+00:00,CVCB3.SA,1.7999999523162842,1.7999999523162842,1.7899999618530273,1.7999999523162842,288700
2026-05-20 13:40:00+00:00,CVCB3.SA,1.7899999618530273,1.7999999523162842,1.7899999618530273,1.7999999523162842,70700
2026-05-20 13:45:00+00:00,CVCB3.SA,1.7999999523162842,1.7999999523162842,1.7899999618530273,1.7999999523162842,0
2026-05-20 13:50:00+00:00,CVCB3.SA,1.7999999523162842,1.7999999523162842,1.7799999713897705,1.7799999713897705,206100
2026-05-20 13:55:00+00:00,CVCB3.SA,1.7799999713897705,1.7899999618530273,1.7799999713897705,1.7799999713897705,120600
2026-05-20 14:00:00+00:00,CVCB3.SA,1.7799999713897705,1.7899999618530273,1.7699999809265137,1.7799999713897705,322700
2026-05-20 14:05:00+00:00,CVCB3.SA,1.7799999713897705,1.7799999713897705,1.7699999809265137,1.7699999809265137,14900
2026-05-20 14:10:00+00:00,CVCB3.SA,1.7799999713897705,1.7799999713897705,1.7699999809265137,1.7799999713897705,61000
2026-05-20 14:15:00+00:00,CVCB3.SA,1.7699999809265137,1.7999999523162842,1.7699999809265137,1.7999999523162842,487700
2026-05-20 14:20:00+00:00,CVCB3.SA,1.7999999523162842,1.7999999523162842,1.7899999618530273,1.7999999523162842,68500
2026-05-20 14:25:00+00:00,CVCB3.SA,1.7999999523162842,1.7999999523162842,1.7899999618530273,1.7999999523162842,14900
2026-05-20 14:30:00+00:00,CVCB3.SA,1.7999999523162842,1.809999942779541,1.7899999618530273,1.809999942779541,707300
2026-05-20 14:35:00+00:00,CVCB3.SA,1.809999942779541,1.809999942779541,1.7999999523162842,1.809999942779541,136100
2026-05-20 14:40:00+00:00,CVCB3.SA,1.809999942779541,1.809999942779541,1.7999999523162842,1.7999999523162842,12200
2026-05-20 14:45:00+00:00,CVCB3.SA,1.809999942779541,1.809999942779541,1.7999999523162842,1.7999999523162842,33600
2026-05-20 14:50:00+00:00,CVCB3.SA,1.7999999523162842,1.809999942779541,1.7999999523162842,1.809999942779541,34000
2026-05-20 14:55:00+00:00,CVCB3.SA,1.809999942779541,1.809999942779541,1.7999999523162842,1.7999999523162842,34500
2026-05-20 15:00:00+00:00,CVCB3.SA,1.809999942779541,1.809999942779541,1.7999999523162842,1.809999942779541,38200
2026-05-20 15:05:00+00:00,CVCB3.SA,1.809999942779541,1.809999942779541,1.7999999523162842,1.7999999523162842,25200
2026-05-20 15:10:00+00:00,CVCB3.SA,1.809999942779541,1.809999942779541,1.7999999523162842,1.7999999523162842,5100
2026-05-20 15:15:00+00:00,CVCB3.SA,1.7999999523162842,1.8300000429153442,1.7999999523162842,1.8300000429153442,639700
2026-05-20 15:20:00+00:00,CVCB3.SA,1.8300000429153442,1.840000033378601,1.8200000524520874,1.840000033378601,238200
2026-05-20 15:25:00+00:00,CVCB3.SA,1.8300000429153442,1.840000033378601,1.8300000429153442,1.8300000429153442,269700
2026-05-20 15:30:00+00:00,CVCB3.SA,1.8300000429153442,1.840000033378601,1.8200000524520874,1.840000033378601,286300
2026-05-20 15:35:00+00:00,CVCB3.SA,1.840000033378601,1.840000033378601,1.8300000429153442,1.840000033378601,30800
2026-05-20 15:40:00+00:00,CVCB3.SA,1.840000033378601,1.840000033378601,1.8300000429153442,1.8300000429153442,400
2026-05-20 15:45:00+00:00,CVCB3.SA,1.8300000429153442,1.840000033378601,1.8300000429153442,1.840000033378601,27600
2026-05-20 15:50:00+00:00,CVCB3.SA,1.840000033378601,1.840000033378601,1.8300000429153442,1.840000033378601,21300
2026-05-20 15:55:00+00:00,CVCB3.SA,1.8300000429153442,1.840000033378601,1.8300000429153442,1.8300000429153442,93100
2026-05-20 16:00:00+00:00,CVCB3.SA,1.840000033378601,1.840000033378601,1.8300000429153442,1.8300000429153442,53600
2026-05-20 16:05:00+00:00,CVCB3.SA,1.840000033378601,1.840000033378601,1.8300000429153442,1.8300000429153442,18900
2026-05-20 16:10:00+00:00,CVCB3.SA,1.840000033378601,1.840000033378601,1.8300000429153442,1.840000033378601,15900
2026-05-20 16:15:00+00:00,CVCB3.SA,1.840000033378601,1.840000033378601,1.8300000429153442,1.8300000429153442,45600
2026-05-20 16:20:00+00:00,CVCB3.SA,1.840000033378601,1.840000033378601,1.8300000429153442,1.840000033378601,62200
2026-05-20 16:25:00+00:00,CVCB3.SA,1.8300000429153442,1.840000033378601,1.8300000429153442,1.8300000429153442,461600
2026-05-20 16:30:00+00:00,CVCB3.SA,1.840000033378601,1.850000023841858,1.840000033378601,1.850000023841858,395800
2026-05-20 16:35:00+00:00,CVCB3.SA,1.840000033378601,1.850000023841858,1.840000033378601,1.840000033378601,9700
2026-05-20 16:40:00+00:00,CVCB3.SA,1.840000033378601,1.8600000143051147,1.840000033378601,1.8600000143051147,451100
2026-05-20 16:45:00+00:00,CVCB3.SA,1.850000023841858,1.850000023841858,1.840000033378601,1.850000023841858,219100
2026-05-20 16:50:00+00:00,CVCB3.SA,1.850000023841858,1.850000023841858,1.840000033378601,1.840000033378601,8200
2026-05-20 16:55:00+00:00,CVCB3.SA,1.840000033378601,1.850000023841858,1.840000033378601,1.850000023841858,2500
2026-05-20 17:00:00+00:00,CVCB3.SA,1.850000023841858,1.8600000143051147,1.850000023841858,1.8600000143051147,69100
2026-05-20 17:05:00+00:00,CVCB3.SA,1.8600000143051147,1.8600000143051147,1.850000023841858,1.8600000143051147,2300
2026-05-20 17:10:00+00:00,CVCB3.SA,1.850000023841858,1.8600000143051147,1.850000023841858,1.8600000143051147,18300
2026-05-20 17:15:00+00:00,CVCB3.SA,1.8600000143051147,1.8600000143051147,1.850000023841858,1.8600000143051147,7600
2026-05-20 17:20:00+00:00,CVCB3.SA,1.850000023841858,1.8700000047683716,1.850000023841858,1.8600000143051147,841100
2026-05-20 17:25:00+00:00,CVCB3.SA,1.8600000143051147,1.8700000047683716,1.850000023841858,1.8700000047683716,299800
2026-05-20 17:30:00+00:00,CVCB3.SA,1.8600000143051147,1.8700000047683716,1.8600000143051147,1.8600000143051147,107000
2026-05-20 17:35:00+00:00,CVCB3.SA,1.8600000143051147,1.8700000047683716,1.8600000143051147,1.8700000047683716,187800
2026-05-20 17:40:00+00:00,CVCB3.SA,1.8700000047683716,1.8700000047683716,1.8600000143051147,1.8600000143051147,59600
2026-05-20 17:45:00+00:00,CVCB3.SA,1.8600000143051147,1.8700000047683716,1.8600000143051147,1.8600000143051147,316300
2026-05-20 17:50:00+00:00,CVCB3.SA,1.8600000143051147,1.8700000047683716,1.8600000143051147,1.8600000143051147,95400
2026-05-20 17:55:00+00:00,CVCB3.SA,1.850000023841858,1.8600000143051147,1.850000023841858,1.8600000143051147,25200
2026-05-20 18:00:00+00:00,CVCB3.SA,1.850000023841858,1.8600000143051147,1.850000023841858,1.850000023841858,40200
2026-05-20 18:05:00+00:00,CVCB3.SA,1.850000023841858,1.850000023841858,1.850000023841858,1.850000023841858,600
2026-05-20 18:10:00+00:00,CVCB3.SA,1.850000023841858,1.850000023841858,1.840000033378601,1.840000033378601,229400
2026-05-20 18:15:00+00:00,CVCB3.SA,1.850000023841858,1.850000023841858,1.840000033378601,1.840000033378601,30200
2026-05-20 18:20:00+00:00,CVCB3.SA,1.840000033378601,1.850000023841858,1.840000033378601,1.850000023841858,30000
2026-05-20 18:25:00+00:00,CVCB3.SA,1.840000033378601,1.850000023841858,1.840000033378601,1.850000023841858,27300
2026-05-20 18:30:00+00:00,CVCB3.SA,1.840000033378601,1.850000023841858,1.840000033378601,1.840000033378601,152900
2026-05-20 18:35:00+00:00,CVCB3.SA,1.840000033378601,1.850000023841858,1.840000033378601,1.840000033378601,3300
2026-05-20 18:40:00+00:00,CVCB3.SA,1.850000023841858,1.850000023841858,1.840000033378601,1.840000033378601,8300
2026-05-20 18:45:00+00:00,CVCB3.SA,1.840000033378601,1.850000023841858,1.840000033378601,1.850000023841858,40000
2026-05-20 18:50:00+00:00,CVCB3.SA,1.840000033378601,1.850000023841858,1.840000033378601,1.840000033378601,7500
2026-05-20 18:55:00+00:00,CVCB3.SA,1.840000033378601,1.850000023841858,1.840000033378601,1.840000033378601,14600
2026-05-20 19:00:00+00:00,CVCB3.SA,1.840000033378601,1.850000023841858,1.840000033378601,1.850000023841858,3600
2026-05-20 19:05:00+00:00,CVCB3.SA,1.840000033378601,1.850000023841858,1.840000033378601,1.840000033378601,45700
2026-05-20 19:10:00+00:00,CVCB3.SA,1.840000033378601,1.850000023841858,1.840000033378601,1.840000033378601,41600
2026-05-20 19:15:00+00:00,CVCB3.SA,1.850000023841858,1.850000023841858,1.840000033378601,1.840000033378601,82100
2026-05-20 19:20:00+00:00,CVCB3.SA,1.840000033378601,1.850000023841858,1.840000033378601,1.840000033378601,49500
2026-05-20 19:25:00+00:00,CVCB3.SA,1.850000023841858,1.850000023841858,1.840000033378601,1.840000033378601,101200
2026-05-20 19:30:00+00:00,CVCB3.SA,1.850000023841858,1.850000023841858,1.8300000429153442,1.840000033378601,227800
2026-05-20 19:35:00+00:00,CVCB3.SA,1.840000033378601,1.840000033378601,1.8300000429153442,1.8300000429153442,14500
2026-05-20 19:40:00+00:00,CVCB3.SA,1.8300000429153442,1.840000033378601,1.8300000429153442,1.840000033378601,58000
2026-05-20 19:45:00+00:00,CVCB3.SA,1.8300000429153442,1.840000033378601,1.8300000429153442,1.840000033378601,159700
2026-05-20 19:50:00+00:00,CVCB3.SA,1.8300000429153442,1.840000033378601,1.8300000429153442,1.8300000429153442,90900
2026-05-21 13:00:00+00:00,CVCB3.SA,1.7999999523162842,1.809999942779541,1.7899999618530273,1.7899999618530273,0
2026-05-21 13:05:00+00:00,CVCB3.SA,1.7899999618530273,1.7899999618530273,1.7799999713897705,1.7899999618530273,115700
2026-05-21 13:10:00+00:00,CVCB3.SA,1.7899999618530273,1.7899999618530273,1.7799999713897705,1.7899999618530273,200400
2026-05-21 13:15:00+00:00,CVCB3.SA,1.7899999618530273,1.7899999618530273,1.7599999904632568,1.7699999809265137,526900
2026-05-21 13:20:00+00:00,CVCB3.SA,1.7699999809265137,1.7799999713897705,1.7599999904632568,1.7699999809265137,136100
2026-05-21 13:25:00+00:00,CVCB3.SA,1.7699999809265137,1.7799999713897705,1.7599999904632568,1.7799999713897705,242700
2026-05-21 13:30:00+00:00,CVCB3.SA,1.7799999713897705,1.7799999713897705,1.7599999904632568,1.7599999904632568,104300
2026-05-21 13:35:00+00:00,CVCB3.SA,1.7699999809265137,1.7799999713897705,1.7699999809265137,1.7799999713897705,150500
2026-05-21 13:40:00+00:00,CVCB3.SA,1.7799999713897705,1.7899999618530273,1.7699999809265137,1.7899999618530273,366500
2026-05-21 13:45:00+00:00,CVCB3.SA,1.7899999618530273,1.7899999618530273,1.7699999809265137,1.7799999713897705,221300
2026-05-21 13:50:00+00:00,CVCB3.SA,1.7699999809265137,1.7899999618530273,1.7699999809265137,1.7899999618530273,136200
2026-05-21 13:55:00+00:00,CVCB3.SA,1.7799999713897705,1.7999999523162842,1.7799999713897705,1.7999999523162842,208600
2026-05-21 14:00:00+00:00,CVCB3.SA,1.7999999523162842,1.7999999523162842,1.7899999618530273,1.7899999618530273,136700
2026-05-21 14:05:00+00:00,CVCB3.SA,1.7899999618530273,1.7899999618530273,1.7799999713897705,1.7899999618530273,6300
2026-05-21 14:10:00+00:00,CVCB3.SA,1.7899999618530273,1.7899999618530273,1.7799999713897705,1.7899999618530273,29600
2026-05-21 14:15:00+00:00,CVCB3.SA,1.7899999618530273,1.7899999618530273,1.7799999713897705,1.7899999618530273,7300
2026-05-21 14:20:00+00:00,CVCB3.SA,1.7899999618530273,1.7899999618530273,1.7799999713897705,1.7899999618530273,4800
2026-05-21 14:25:00+00:00,CVCB3.SA,1.7899999618530273,1.7899999618530273,1.7799999713897705,1.7899999618530273,7500
2026-05-21 14:30:00+00:00,CVCB3.SA,1.7899999618530273,1.7899999618530273,1.7799999713897705,1.7899999618530273,7200
2026-05-21 14:35:00+00:00,CVCB3.SA,1.7899999618530273,1.7899999618530273,1.7799999713897705,1.7899999618530273,13200
2026-05-21 14:40:00+00:00,CVCB3.SA,1.7899999618530273,1.7899999618530273,1.7699999809265137,1.7799999713897705,253600
2026-05-21 14:45:00+00:00,CVCB3.SA,1.7799999713897705,1.7799999713897705,1.7699999809265137,1.7799999713897705,5900
2026-05-21 14:50:00+00:00,CVCB3.SA,1.7799999713897705,1.7799999713897705,1.7699999809265137,1.7799999713897705,10500
2026-05-21 14:55:00+00:00,CVCB3.SA,1.7799999713897705,1.7799999713897705,1.7699999809265137,1.7799999713897705,3900
2026-05-21 15:00:00+00:00,CVCB3.SA,1.7699999809265137,1.7799999713897705,1.7699999809265137,1.7799999713897705,65900
2026-05-21 15:05:00+00:00,CVCB3.SA,1.7799999713897705,1.7799999713897705,1.7699999809265137,1.7799999713897705,19500
2026-05-21 15:10:00+00:00,CVCB3.SA,1.7799999713897705,1.7799999713897705,1.7699999809265137,1.7799999713897705,57000
2026-05-21 15:15:00+00:00,CVCB3.SA,1.7799999713897705,1.7799999713897705,1.7699999809265137,1.7799999713897705,16200
2026-05-21 15:20:00+00:00,CVCB3.SA,1.7799999713897705,1.7799999713897705,1.7699999809265137,1.7799999713897705,8200
2026-05-21 15:25:00+00:00,CVCB3.SA,1.7799999713897705,1.7799999713897705,1.7699999809265137,1.7699999809265137,43600
2026-05-21 15:30:00+00:00,CVCB3.SA,1.7799999713897705,1.7799999713897705,1.7699999809265137,1.7799999713897705,8500
2026-05-21 15:35:00+00:00,CVCB3.SA,1.7799999713897705,1.7799999713897705,1.7699999809265137,1.7799999713897705,11900
2026-05-21 15:40:00+00:00,CVCB3.SA,1.7799999713897705,1.7799999713897705,1.7699999809265137,1.7799999713897705,83400
2026-05-21 15:45:00+00:00,CVCB3.SA,1.7799999713897705,1.7799999713897705,1.7699999809265137,1.7799999713897705,8800
2026-05-21 15:50:00+00:00,CVCB3.SA,1.7799999713897705,1.7799999713897705,1.7699999809265137,1.7799999713897705,13100
2026-05-21 15:55:00+00:00,CVCB3.SA,1.7799999713897705,1.7799999713897705,1.7599999904632568,1.7599999904632568,739900
2026-05-21 16:00:00+00:00,CVCB3.SA,1.7599999904632568,1.7799999713897705,1.7599999904632568,1.7799999713897705,299700
2026-05-21 16:05:00+00:00,CVCB3.SA,1.7699999809265137,1.7799999713897705,1.7699999809265137,1.7799999713897705,12000
2026-05-21 16:10:00+00:00,CVCB3.SA,1.7799999713897705,1.7799999713897705,1.7699999809265137,1.7799999713897705,5100
2026-05-21 16:15:00+00:00,CVCB3.SA,1.7799999713897705,1.7799999713897705,1.7599999904632568,1.7599999904632568,268200
2026-05-21 16:20:00+00:00,CVCB3.SA,1.7699999809265137,1.7699999809265137,1.7599999904632568,1.7699999809265137,10500
2026-05-21 16:25:00+00:00,CVCB3.SA,1.7699999809265137,1.7699999809265137,1.7599999904632568,1.7699999809265137,84400
2026-05-21 16:30:00+00:00,CVCB3.SA,1.7699999809265137,1.7699999809265137,1.7599999904632568,1.7699999809265137,10200
2026-05-21 16:35:00+00:00,CVCB3.SA,1.7699999809265137,1.7699999809265137,1.7599999904632568,1.7699999809265137,35000
2026-05-21 16:40:00+00:00,CVCB3.SA,1.7699999809265137,1.7699999809265137,1.7599999904632568,1.7699999809265137,16400
2026-05-21 16:45:00+00:00,CVCB3.SA,1.7699999809265137,1.7699999809265137,1.7599999904632568,1.7699999809265137,53100
2026-05-21 16:50:00+00:00,CVCB3.SA,1.7699999809265137,1.7699999809265137,1.7599999904632568,1.7699999809265137,11100
2026-05-21 16:55:00+00:00,CVCB3.SA,1.7599999904632568,1.7699999809265137,1.7599999904632568,1.7699999809265137,23900
2026-05-21 17:00:00+00:00,CVCB3.SA,1.7699999809265137,1.7699999809265137,1.7599999904632568,1.7699999809265137,12100
2026-05-21 17:05:00+00:00,CVCB3.SA,1.7699999809265137,1.7699999809265137,1.7599999904632568,1.7699999809265137,74600
2026-05-21 17:10:00+00:00,CVCB3.SA,1.7699999809265137,1.7799999713897705,1.7599999904632568,1.7799999713897705,185100
2026-05-21 17:15:00+00:00,CVCB3.SA,1.7799999713897705,1.7899999618530273,1.7699999809265137,1.7799999713897705,748400
2026-05-21 17:20:00+00:00,CVCB3.SA,1.7899999618530273,1.7999999523162842,1.7799999713897705,1.7999999523162842,572200
2026-05-21 17:25:00+00:00,CVCB3.SA,1.7999999523162842,1.7999999523162842,1.7799999713897705,1.7899999618530273,282300
2026-05-21 17:30:00+00:00,CVCB3.SA,1.7799999713897705,1.7899999618530273,1.7799999713897705,1.7899999618530273,6500
2026-05-21 17:35:00+00:00,CVCB3.SA,1.7899999618530273,1.7899999618530273,1.7799999713897705,1.7899999618530273,56000
2026-05-21 17:40:00+00:00,CVCB3.SA,1.7899999618530273,1.7899999618530273,1.7799999713897705,1.7899999618530273,9300
2026-05-21 17:45:00+00:00,CVCB3.SA,1.7799999713897705,1.7999999523162842,1.7799999713897705,1.7999999523162842,225300
2026-05-21 17:50:00+00:00,CVCB3.SA,1.7999999523162842,1.7999999523162842,1.7899999618530273,1.7999999523162842,4700
2026-05-21 17:55:00+00:00,CVCB3.SA,1.7999999523162842,1.7999999523162842,1.7899999618530273,1.7999999523162842,33600
2026-05-21 18:00:00+00:00,CVCB3.SA,1.7999999523162842,1.7999999523162842,1.7799999713897705,1.7899999618530273,158700
2026-05-21 18:05:00+00:00,CVCB3.SA,1.7899999618530273,1.7899999618530273,1.7899999618530273,1.7899999618530273,2100
2026-05-21 18:10:00+00:00,CVCB3.SA,1.7899999618530273,1.7899999618530273,1.7799999713897705,1.7899999618530273,11000
2026-05-21 18:15:00+00:00,CVCB3.SA,1.7899999618530273,1.7899999618530273,1.7799999713897705,1.7899999618530273,8400
2026-05-21 18:20:00+00:00,CVCB3.SA,1.7799999713897705,1.7899999618530273,1.7799999713897705,1.7899999618530273,8300
2026-05-21 18:25:00+00:00,CVCB3.SA,1.7899999618530273,1.7899999618530273,1.7799999713897705,1.7899999618530273,186700
2026-05-21 18:30:00+00:00,CVCB3.SA,1.7899999618530273,1.7899999618530273,1.7899999618530273,1.7899999618530273,7100
2026-05-21 18:35:00+00:00,CVCB3.SA,1.7899999618530273,1.7899999618530273,1.7799999713897705,1.7899999618530273,55600
2026-05-21 18:40:00+00:00,CVCB3.SA,1.7899999618530273,1.7899999618530273,1.7799999713897705,1.7899999618530273,3800
2026-05-21 18:45:00+00:00,CVCB3.SA,1.7899999618530273,1.7899999618530273,1.7699999809265137,1.7799999713897705,279000
2026-05-21 18:50:00+00:00,CVCB3.SA,1.7799999713897705,1.7899999618530273,1.7699999809265137,1.7799999713897705,104700
2026-05-21 18:55:00+00:00,CVCB3.SA,1.7699999809265137,1.7799999713897705,1.7599999904632568,1.7799999713897705,648600
2026-05-21 19:00:00+00:00,CVCB3.SA,1.7799999713897705,1.7799999713897705,1.7699999809265137,1.7699999809265137,35600
2026-05-21 19:05:00+00:00,CVCB3.SA,1.7799999713897705,1.7799999713897705,1.7599999904632568,1.7699999809265137,374500
2026-05-21 19:10:00+00:00,CVCB3.SA,1.7799999713897705,1.7799999713897705,1.7699999809265137,1.7799999713897705,67000
2026-05-21 19:15:00+00:00,CVCB3.SA,1.7799999713897705,1.7799999713897705,1.7699999809265137,1.7699999809265137,32300
2026-05-21 19:20:00+00:00,CVCB3.SA,1.7699999809265137,1.7799999713897705,1.7599999904632568,1.7699999809265137,194400
2026-05-21 19:25:00+00:00,CVCB3.SA,1.7599999904632568,1.7699999809265137,1.7599999904632568,1.7699999809265137,93800
2026-05-21 19:30:00+00:00,CVCB3.SA,1.7699999809265137,1.7799999713897705,1.7599999904632568,1.7699999809265137,237300
2026-05-21 19:35:00+00:00,CVCB3.SA,1.7799999713897705,1.7799999713897705,1.7599999904632568,1.7799999713897705,594600
2026-05-21 19:40:00+00:00,CVCB3.SA,1.7799999713897705,1.7799999713897705,1.7699999809265137,1.7699999809265137,163100
2026-05-21 19:45:00+00:00,CVCB3.SA,1.7699999809265137,1.7799999713897705,1.7699999809265137,1.7699999809265137,54400
2026-05-21 19:50:00+00:00,CVCB3.SA,1.7799999713897705,1.7799999713897705,1.7699999809265137,1.7699999809265137,171200
2026-05-22 13:00:00+00:00,CVCB3.SA,1.7699999809265137,1.7899999618530273,1.7699999809265137,1.7799999713897705,0
2026-05-22 13:05:00+00:00,CVCB3.SA,1.7699999809265137,1.7799999713897705,1.7699999809265137,1.7799999713897705,150700
2026-05-22 13:10:00+00:00,CVCB3.SA,1.7699999809265137,1.7799999713897705,1.7699999809265137,1.7699999809265137,0
2026-05-22 13:15:00+00:00,CVCB3.SA,1.7699999809265137,1.7799999713897705,1.7699999809265137,1.7799999713897705,2400
2026-05-22 13:20:00+00:00,CVCB3.SA,1.7799999713897705,1.7799999713897705,1.7699999809265137,1.7699999809265137,235900
2026-05-22 13:25:00+00:00,CVCB3.SA,1.7699999809265137,1.7799999713897705,1.7699999809265137,1.7699999809265137,137300
2026-05-22 13:30:00+00:00,CVCB3.SA,1.7699999809265137,1.7799999713897705,1.7699999809265137,1.7699999809265137,377300
2026-05-22 13:35:00+00:00,CVCB3.SA,1.7699999809265137,1.7799999713897705,1.7699999809265137,1.7699999809265137,116700
2026-05-22 13:40:00+00:00,CVCB3.SA,1.7699999809265137,1.7799999713897705,1.7699999809265137,1.7699999809265137,99000
2026-05-22 13:45:00+00:00,CVCB3.SA,1.7699999809265137,1.7699999809265137,1.7599999904632568,1.7699999809265137,69600
2026-05-22 13:50:00+00:00,CVCB3.SA,1.7599999904632568,1.7699999809265137,1.7599999904632568,1.7699999809265137,83000
2026-05-22 13:55:00+00:00,CVCB3.SA,1.7799999713897705,1.7799999713897705,1.7599999904632568,1.7599999904632568,35300
2026-05-22 14:00:00+00:00,CVCB3.SA,1.7599999904632568,1.7699999809265137,1.75,1.75,388400
2026-05-22 14:05:00+00:00,CVCB3.SA,1.75,1.7599999904632568,1.75,1.75,22700
2026-05-22 14:10:00+00:00,CVCB3.SA,1.75,1.75,1.7300000190734863,1.7300000190734863,643800
2026-05-22 14:15:00+00:00,CVCB3.SA,1.7300000190734863,1.7400000095367432,1.7200000286102295,1.7300000190734863,291400
2026-05-22 14:20:00+00:00,CVCB3.SA,1.7200000286102295,1.7300000190734863,1.7200000286102295,1.7200000286102295,58900
2026-05-22 14:25:00+00:00,CVCB3.SA,1.7200000286102295,1.7300000190734863,1.7200000286102295,1.7200000286102295,178700
2026-05-22 14:30:00+00:00,CVCB3.SA,1.7200000286102295,1.7300000190734863,1.7200000286102295,1.7200000286102295,65900
2026-05-22 14:35:00+00:00,CVCB3.SA,1.7200000286102295,1.7300000190734863,1.7200000286102295,1.7200000286102295,54400
2026-05-22 14:40:00+00:00,CVCB3.SA,1.7200000286102295,1.7300000190734863,1.7200000286102295,1.7200000286102295,56400
2026-05-22 14:45:00+00:00,CVCB3.SA,1.7200000286102295,1.7300000190734863,1.7200000286102295,1.7200000286102295,39000
2026-05-22 14:50:00+00:00,CVCB3.SA,1.7300000190734863,1.7300000190734863,1.7100000381469727,1.7100000381469727,609700
2026-05-22 14:55:00+00:00,CVCB3.SA,1.7100000381469727,1.7200000286102295,1.7100000381469727,1.7100000381469727,139400
2026-05-22 15:00:00+00:00,CVCB3.SA,1.7100000381469727,1.7200000286102295,1.7100000381469727,1.7200000286102295,187700
2026-05-22 15:05:00+00:00,CVCB3.SA,1.7200000286102295,1.7300000190734863,1.7200000286102295,1.7200000286102295,20700
2026-05-22 15:10:00+00:00,CVCB3.SA,1.7200000286102295,1.7300000190734863,1.7200000286102295,1.7200000286102295,138400
2026-05-22 15:15:00+00:00,CVCB3.SA,1.7200000286102295,1.7300000190734863,1.7200000286102295,1.7200000286102295,30600
2026-05-22 15:20:00+00:00,CVCB3.SA,1.7200000286102295,1.7300000190734863,1.7200000286102295,1.7200000286102295,63000
2026-05-22 15:25:00+00:00,CVCB3.SA,1.7200000286102295,1.7300000190734863,1.7200000286102295,1.7300000190734863,234700
2026-05-22 15:30:00+00:00,CVCB3.SA,1.7300000190734863,1.7400000095367432,1.7200000286102295,1.7200000286102295,161500
2026-05-22 15:35:00+00:00,CVCB3.SA,1.7200000286102295,1.7300000190734863,1.7200000286102295,1.7200000286102295,29600
2026-05-22 15:40:00+00:00,CVCB3.SA,1.7200000286102295,1.7400000095367432,1.7200000286102295,1.7300000190734863,145500
2026-05-22 15:45:00+00:00,CVCB3.SA,1.7300000190734863,1.7400000095367432,1.7300000190734863,1.7300000190734863,21200
2026-05-22 15:50:00+00:00,CVCB3.SA,1.7300000190734863,1.7400000095367432,1.7300000190734863,1.7300000190734863,34100
2026-05-22 15:55:00+00:00,CVCB3.SA,1.7300000190734863,1.7400000095367432,1.7300000190734863,1.7300000190734863,28400
2026-05-22 16:00:00+00:00,CVCB3.SA,1.7300000190734863,1.7400000095367432,1.7300000190734863,1.7300000190734863,23500
2026-05-22 16:05:00+00:00,CVCB3.SA,1.7300000190734863,1.7400000095367432,1.7300000190734863,1.7300000190734863,13600
2026-05-22 16:10:00+00:00,CVCB3.SA,1.7400000095367432,1.7400000095367432,1.7300000190734863,1.7400000095367432,13400
2026-05-22 16:15:00+00:00,CVCB3.SA,1.7300000190734863,1.7400000095367432,1.7300000190734863,1.7300000190734863,28700
2026-05-22 16:20:00+00:00,CVCB3.SA,1.7300000190734863,1.7400000095367432,1.7300000190734863,1.7400000095367432,81000
2026-05-22 16:25:00+00:00,CVCB3.SA,1.7300000190734863,1.7400000095367432,1.7300000190734863,1.7300000190734863,18800
2026-05-22 16:30:00+00:00,CVCB3.SA,1.7300000190734863,1.7300000190734863,1.7300000190734863,1.7300000190734863,34100
2026-05-22 16:35:00+00:00,CVCB3.SA,1.7300000190734863,1.7400000095367432,1.7200000286102295,1.7200000286102295,154400
2026-05-22 16:40:00+00:00,CVCB3.SA,1.7200000286102295,1.7300000190734863,1.7200000286102295,1.7300000190734863,40900
2026-05-22 16:45:00+00:00,CVCB3.SA,1.7300000190734863,1.7300000190734863,1.7200000286102295,1.7200000286102295,27500
2026-05-22 16:50:00+00:00,CVCB3.SA,1.7200000286102295,1.7300000190734863,1.7200000286102295,1.7200000286102295,9400
2026-05-22 16:55:00+00:00,CVCB3.SA,1.7200000286102295,1.7300000190734863,1.7200000286102295,1.7300000190734863,14600
2026-05-22 17:00:00+00:00,CVCB3.SA,1.7200000286102295,1.7300000190734863,1.7200000286102295,1.7300000190734863,26500
2026-05-22 17:05:00+00:00,CVCB3.SA,1.7200000286102295,1.7300000190734863,1.7200000286102295,1.7300000190734863,83700
2026-05-22 17:10:00+00:00,CVCB3.SA,1.7300000190734863,1.7400000095367432,1.7200000286102295,1.7400000095367432,95000
2026-05-22 17:15:00+00:00,CVCB3.SA,1.7400000095367432,1.7400000095367432,1.7300000190734863,1.7300000190734863,37200
2026-05-22 17:20:00+00:00,CVCB3.SA,1.7400000095367432,1.7400000095367432,1.7300000190734863,1.7400000095367432,4800
2026-05-22 17:25:00+00:00,CVCB3.SA,1.7400000095367432,1.75,1.7300000190734863,1.75,555800
2026-05-22 17:30:00+00:00,CVCB3.SA,1.75,1.7599999904632568,1.75,1.7599999904632568,407900
2026-05-22 17:35:00+00:00,CVCB3.SA,1.7599999904632568,1.7599999904632568,1.75,1.7599999904632568,58900
2026-05-22 17:40:00+00:00,CVCB3.SA,1.7599999904632568,1.7599999904632568,1.75,1.7599999904632568,78900
2026-05-22 17:45:00+00:00,CVCB3.SA,1.7599999904632568,1.7599999904632568,1.75,1.7599999904632568,60500
2026-05-22 17:50:00+00:00,CVCB3.SA,1.7599999904632568,1.7599999904632568,1.75,1.7599999904632568,30500
2026-05-22 17:55:00+00:00,CVCB3.SA,1.75,1.7599999904632568,1.75,1.7599999904632568,55600
2026-05-22 18:00:00+00:00,CVCB3.SA,1.7599999904632568,1.7599999904632568,1.75,1.7599999904632568,25900
2026-05-22 18:05:00+00:00,CVCB3.SA,1.7599999904632568,1.7599999904632568,1.75,1.7599999904632568,30100
2026-05-22 18:10:00+00:00,CVCB3.SA,1.7599999904632568,1.7599999904632568,1.7400000095367432,1.75,469600
2026-05-22 18:15:00+00:00,CVCB3.SA,1.75,1.75,1.7400000095367432,1.75,54100
2026-05-22 18:20:00+00:00,CVCB3.SA,1.7400000095367432,1.75,1.7400000095367432,1.75,69700
2026-05-22 18:25:00+00:00,CVCB3.SA,1.75,1.75,1.7400000095367432,1.75,33900
2026-05-22 18:30:00+00:00,CVCB3.SA,1.75,1.75,1.7400000095367432,1.75,19900
2026-05-22 18:35:00+00:00,CVCB3.SA,1.75,1.75,1.7400000095367432,1.75,13900
2026-05-22 18:40:00+00:00,CVCB3.SA,1.75,1.75,1.7400000095367432,1.75,18300
2026-05-22 18:45:00+00:00,CVCB3.SA,1.75,1.75,1.7400000095367432,1.75,32200
2026-05-22 18:50:00+00:00,CVCB3.SA,1.75,1.75,1.7400000095367432,1.75,28800
2026-05-22 18:55:00+00:00,CVCB3.SA,1.75,1.75,1.7400000095367432,1.75,48400
2026-05-22 19:00:00+00:00,CVCB3.SA,1.7400000095367432,1.75,1.7400000095367432,1.7400000095367432,228200
2026-05-22 19:05:00+00:00,CVCB3.SA,1.7400000095367432,1.75,1.7400000095367432,1.75,83000
2026-05-22 19:10:00+00:00,CVCB3.SA,1.7400000095367432,1.7599999904632568,1.7400000095367432,1.7599999904632568,374500
2026-05-22 19:15:00+00:00,CVCB3.SA,1.7599999904632568,1.7599999904632568,1.75,1.7599999904632568,41700
2026-05-22 19:20:00+00:00,CVCB3.SA,1.7599999904632568,1.7699999809265137,1.75,1.7699999809265137,299100
2026-05-22 19:25:00+00:00,CVCB3.SA,1.7699999809265137,1.7699999809265137,1.7599999904632568,1.7699999809265137,37200
2026-05-22 19:30:00+00:00,CVCB3.SA,1.7599999904632568,1.7699999809265137,1.7599999904632568,1.7699999809265137,36000
2026-05-22 19:35:00+00:00,CVCB3.SA,1.7599999904632568,1.7699999809265137,1.7599999904632568,1.7699999809265137,65600
2026-05-22 19:40:00+00:00,CVCB3.SA,1.7699999809265137,1.7699999809265137,1.7599999904632568,1.7699999809265137,39400
2026-05-22 19:45:00+00:00,CVCB3.SA,1.7599999904632568,1.7699999809265137,1.75,1.7599999904632568,177000
2026-05-22 19:50:00+00:00,CVCB3.SA,1.75,1.7599999904632568,1.75,1.75,294300
2026-05-25 13:00:00+00:00,CVCB3.SA,1.7899999618530273,1.809999942779541,1.7799999713897705,1.7899999618530273,0
2026-05-25 13:05:00+00:00,CVCB3.SA,1.7899999618530273,1.7899999618530273,1.7799999713897705,1.7899999618530273,28200
2026-05-25 13:10:00+00:00,CVCB3.SA,1.7899999618530273,1.7899999618530273,1.7799999713897705,1.7799999713897705,121100
2026-05-25 13:15:00+00:00,CVCB3.SA,1.7899999618530273,1.7899999618530273,1.7699999809265137,1.7799999713897705,88800
2026-05-25 13:20:00+00:00,CVCB3.SA,1.7699999809265137,1.7899999618530273,1.7699999809265137,1.7799999713897705,180000
2026-05-25 13:25:00+00:00,CVCB3.SA,1.7699999809265137,1.7799999713897705,1.7699999809265137,1.7799999713897705,66700
2026-05-25 13:30:00+00:00,CVCB3.SA,1.7699999809265137,1.7899999618530273,1.7699999809265137,1.7799999713897705,71600
2026-05-25 13:35:00+00:00,CVCB3.SA,1.7899999618530273,1.7999999523162842,1.7899999618530273,1.7899999618530273,258400
2026-05-25 13:40:00+00:00,CVCB3.SA,1.7899999618530273,1.7999999523162842,1.7799999713897705,1.7899999618530273,133200
2026-05-25 13:45:00+00:00,CVCB3.SA,1.7899999618530273,1.7999999523162842,1.7899999618530273,1.7999999523162842,66500
2026-05-25 13:50:00+00:00,CVCB3.SA,1.7899999618530273,1.7899999618530273,1.7899999618530273,1.7899999618530273,21200
2026-05-25 13:55:00+00:00,CVCB3.SA,1.7999999523162842,1.7999999523162842,1.7899999618530273,1.7999999523162842,2000
2026-05-25 14:00:00+00:00,CVCB3.SA,1.7999999523162842,1.7999999523162842,1.7899999618530273,1.7899999618530273,118900
2026-05-25 14:05:00+00:00,CVCB3.SA,1.7899999618530273,1.7899999618530273,1.7899999618530273,1.7899999618530273,8800
2026-05-25 14:10:00+00:00,CVCB3.SA,1.7899999618530273,1.7899999618530273,1.7799999713897705,1.7799999713897705,3200
2026-05-25 14:15:00+00:00,CVCB3.SA,1.7799999713897705,1.7999999523162842,1.7799999713897705,1.7899999618530273,332900
2026-05-25 14:20:00+00:00,CVCB3.SA,1.7899999618530273,1.7899999618530273,1.7799999713897705,1.7799999713897705,484300
2026-05-25 14:25:00+00:00,CVCB3.SA,1.7799999713897705,1.7899999618530273,1.7799999713897705,1.7799999713897705,13400
2026-05-25 14:30:00+00:00,CVCB3.SA,1.7799999713897705,1.7899999618530273,1.7799999713897705,1.7799999713897705,700
2026-05-25 14:35:00+00:00,CVCB3.SA,1.7799999713897705,1.7899999618530273,1.7799999713897705,1.7799999713897705,25300
2026-05-25 14:40:00+00:00,CVCB3.SA,1.7799999713897705,1.7899999618530273,1.7799999713897705,1.7799999713897705,4600
2026-05-25 14:45:00+00:00,CVCB3.SA,1.7799999713897705,1.7899999618530273,1.7799999713897705,1.7799999713897705,4800
2026-05-25 14:50:00+00:00,CVCB3.SA,1.7799999713897705,1.7899999618530273,1.7799999713897705,1.7799999713897705,4000
2026-05-25 14:55:00+00:00,CVCB3.SA,1.7799999713897705,1.7899999618530273,1.7799999713897705,1.7799999713897705,7800
2026-05-25 15:00:00+00:00,CVCB3.SA,1.7799999713897705,1.7899999618530273,1.7799999713897705,1.7799999713897705,5300
2026-05-25 15:05:00+00:00,CVCB3.SA,1.7799999713897705,1.7899999618530273,1.7799999713897705,1.7799999713897705,19600
2026-05-25 15:10:00+00:00,CVCB3.SA,1.7799999713897705,1.7899999618530273,1.7799999713897705,1.7899999618530273,279800
2026-05-25 15:15:00+00:00,CVCB3.SA,1.7799999713897705,1.7899999618530273,1.7799999713897705,1.7799999713897705,5400
2026-05-25 15:20:00+00:00,CVCB3.SA,1.7799999713897705,1.7899999618530273,1.7799999713897705,1.7799999713897705,8400
2026-05-25 15:25:00+00:00,CVCB3.SA,1.7799999713897705,1.7899999618530273,1.7799999713897705,1.7799999713897705,28000
2026-05-25 15:30:00+00:00,CVCB3.SA,1.7899999618530273,1.7899999618530273,1.7799999713897705,1.7799999713897705,12600
2026-05-25 15:35:00+00:00,CVCB3.SA,1.7799999713897705,1.7899999618530273,1.7799999713897705,1.7799999713897705,1100
2026-05-25 15:40:00+00:00,CVCB3.SA,1.7799999713897705,1.7899999618530273,1.7799999713897705,1.7799999713897705,2000
2026-05-25 15:45:00+00:00,CVCB3.SA,1.7799999713897705,1.7899999618530273,1.7799999713897705,1.7799999713897705,6200
2026-05-25 15:50:00+00:00,CVCB3.SA,1.7799999713897705,1.7899999618530273,1.7799999713897705,1.7799999713897705,7800
2026-05-25 15:55:00+00:00,CVCB3.SA,1.7899999618530273,1.7899999618530273,1.7799999713897705,1.7799999713897705,6700
2026-05-25 16:00:00+00:00,CVCB3.SA,1.7799999713897705,1.7899999618530273,1.7799999713897705,1.7799999713897705,2900
2026-05-25 16:05:00+00:00,CVCB3.SA,1.7799999713897705,1.7899999618530273,1.7799999713897705,1.7799999713897705,4200
2026-05-25 16:10:00+00:00,CVCB3.SA,1.7899999618530273,1.7899999618530273,1.7799999713897705,1.7799999713897705,7900
2026-05-25 16:15:00+00:00,CVCB3.SA,1.7799999713897705,1.7899999618530273,1.7799999713897705,1.7799999713897705,4700
2026-05-25 16:20:00+00:00,CVCB3.SA,1.7799999713897705,1.7899999618530273,1.7799999713897705,1.7799999713897705,9700
2026-05-25 16:25:00+00:00,CVCB3.SA,1.7799999713897705,1.7899999618530273,1.7799999713897705,1.7799999713897705,6900
2026-05-25 16:30:00+00:00,CVCB3.SA,1.7799999713897705,1.7899999618530273,1.7699999809265137,1.7699999809265137,401800
2026-05-25 16:35:00+00:00,CVCB3.SA,1.7699999809265137,1.7799999713897705,1.7699999809265137,1.7699999809265137,28600
2026-05-25 16:40:00+00:00,CVCB3.SA,1.7699999809265137,1.7799999713897705,1.7699999809265137,1.7799999713897705,99600
2026-05-25 16:45:00+00:00,CVCB3.SA,1.7799999713897705,1.7899999618530273,1.7799999713897705,1.7799999713897705,6200
2026-05-25 16:50:00+00:00,CVCB3.SA,1.7899999618530273,1.7899999618530273,1.7799999713897705,1.7899999618530273,1600
2026-05-25 16:55:00+00:00,CVCB3.SA,1.7799999713897705,1.7899999618530273,1.7799999713897705,1.7799999713897705,4800
2026-05-25 17:00:00+00:00,CVCB3.SA,1.7799999713897705,1.7899999618530273,1.7799999713897705,1.7799999713897705,800
2026-05-25 17:05:00+00:00,CVCB3.SA,1.7899999618530273,1.7899999618530273,1.7699999809265137,1.7799999713897705,338300
2026-05-25 17:10:00+00:00,CVCB3.SA,1.7899999618530273,1.7899999618530273,1.7799999713897705,1.7899999618530273,21400
2026-05-25 17:15:00+00:00,CVCB3.SA,1.7899999618530273,1.7899999618530273,1.7799999713897705,1.7799999713897705,5100
2026-05-25 17:20:00+00:00,CVCB3.SA,1.7799999713897705,1.7899999618530273,1.7799999713897705,1.7799999713897705,10000
2026-05-25 17:25:00+00:00,CVCB3.SA,1.7799999713897705,1.7899999618530273,1.7799999713897705,1.7899999618530273,5300
2026-05-25 17:30:00+00:00,CVCB3.SA,1.7799999713897705,1.7899999618530273,1.7799999713897705,1.7799999713897705,158400
2026-05-25 17:35:00+00:00,CVCB3.SA,1.7799999713897705,1.7899999618530273,1.7799999713897705,1.7799999713897705,13300
2026-05-25 17:40:00+00:00,CVCB3.SA,1.7899999618530273,1.7899999618530273,1.7799999713897705,1.7799999713897705,3400
2026-05-25 17:45:00+00:00,CVCB3.SA,1.7799999713897705,1.7899999618530273,1.7799999713897705,1.7899999618530273,62500
2026-05-25 17:50:00+00:00,CVCB3.SA,1.7799999713897705,1.7899999618530273,1.7799999713897705,1.7799999713897705,7300
2026-05-25 17:55:00+00:00,CVCB3.SA,1.7799999713897705,1.7899999618530273,1.7799999713897705,1.7799999713897705,5600
2026-05-25 18:00:00+00:00,CVCB3.SA,1.7799999713897705,1.7899999618530273,1.7799999713897705,1.7799999713897705,27000
2026-05-25 18:05:00+00:00,CVCB3.SA,1.7899999618530273,1.7899999618530273,1.7799999713897705,1.7899999618530273,11700
2026-05-25 18:10:00+00:00,CVCB3.SA,1.7799999713897705,1.7899999618530273,1.7799999713897705,1.7899999618530273,66100
2026-05-25 18:15:00+00:00,CVCB3.SA,1.7899999618530273,1.7899999618530273,1.7799999713897705,1.7799999713897705,7900
2026-05-25 18:20:00+00:00,CVCB3.SA,1.7899999618530273,1.7999999523162842,1.7799999713897705,1.7999999523162842,271900
2026-05-25 18:25:00+00:00,CVCB3.SA,1.7899999618530273,1.7999999523162842,1.7899999618530273,1.7999999523162842,13200
2026-05-25 18:30:00+00:00,CVCB3.SA,1.7999999523162842,1.7999999523162842,1.7899999618530273,1.7899999618530273,123100
2026-05-25 18:35:00+00:00,CVCB3.SA,1.7999999523162842,1.7999999523162842,1.7899999618530273,1.7899999618530273,21400
2026-05-25 18:40:00+00:00,CVCB3.SA,1.7999999523162842,1.7999999523162842,1.7899999618530273,1.7899999618530273,4900
2026-05-25 18:45:00+00:00,CVCB3.SA,1.7999999523162842,1.7999999523162842,1.7899999618530273,1.7899999618530273,14900
2026-05-25 18:50:00+00:00,CVCB3.SA,1.7999999523162842,1.809999942779541,1.7999999523162842,1.7999999523162842,575000
2026-05-25 18:55:00+00:00,CVCB3.SA,1.809999942779541,1.809999942779541,1.7999999523162842,1.7999999523162842,74600
2026-05-25 19:00:00+00:00,CVCB3.SA,1.7999999523162842,1.809999942779541,1.7899999618530273,1.7899999618530273,99800
2026-05-25 19:05:00+00:00,CVCB3.SA,1.7899999618530273,1.7999999523162842,1.7899999618530273,1.7899999618530273,15200
2026-05-25 19:10:00+00:00,CVCB3.SA,1.7899999618530273,1.7999999523162842,1.7899999618530273,1.7899999618530273,5400
2026-05-25 19:15:00+00:00,CVCB3.SA,1.7999999523162842,1.7999999523162842,1.7899999618530273,1.7999999523162842,8000
2026-05-25 19:20:00+00:00,CVCB3.SA,1.7899999618530273,1.7999999523162842,1.7899999618530273,1.7899999618530273,18000
2026-05-25 19:25:00+00:00,CVCB3.SA,1.7999999523162842,1.7999999523162842,1.7899999618530273,1.7899999618530273,10700
2026-05-25 19:30:00+00:00,CVCB3.SA,1.7899999618530273,1.7999999523162842,1.7899999618530273,1.7899999618530273,26000
2026-05-25 19:35:00+00:00,CVCB3.SA,1.7899999618530273,1.7999999523162842,1.7899999618530273,1.7899999618530273,11200
2026-05-25 19:40:00+00:00,CVCB3.SA,1.7999999523162842,1.7999999523162842,1.7899999618530273,1.7999999523162842,35600
2026-05-25 19:45:00+00:00,CVCB3.SA,1.7999999523162842,1.7999999523162842,1.7899999618530273,1.7999999523162842,59100
2026-05-25 19:50:00+00:00,CVCB3.SA,1.7999999523162842,1.7999999523162842,1.7899999618530273,1.7899999618530273,101100
2026-05-26 13:00:00+00:00,CVCB3.SA,1.7799999713897705,1.7799999713897705,1.7799999713897705,1.7799999713897705,0
2026-05-26 13:05:00+00:00,CVCB3.SA,1.7799999713897705,1.7799999713897705,1.7599999904632568,1.7599999904632568,172800
2026-05-26 13:10:00+00:00,CVCB3.SA,1.7699999809265137,1.7699999809265137,1.7400000095367432,1.75,559600
2026-05-26 13:15:00+00:00,CVCB3.SA,1.75,1.75,1.7400000095367432,1.7400000095367432,107600
2026-05-26 13:20:00+00:00,CVCB3.SA,1.75,1.75,1.7400000095367432,1.75,251400
2026-05-26 13:25:00+00:00,CVCB3.SA,1.75,1.7599999904632568,1.7400000095367432,1.7599999904632568,200700
2026-05-26 13:30:00+00:00,CVCB3.SA,1.75,1.7599999904632568,1.75,1.7599999904632568,5500
2026-05-26 13:35:00+00:00,CVCB3.SA,1.7599999904632568,1.7599999904632568,1.75,1.75,46000
2026-05-26 13:40:00+00:00,CVCB3.SA,1.75,1.7599999904632568,1.7400000095367432,1.7400000095367432,152500
2026-05-26 13:45:00+00:00,CVCB3.SA,1.75,1.75,1.7400000095367432,1.75,24700
2026-05-26 13:50:00+00:00,CVCB3.SA,1.7400000095367432,1.7400000095367432,1.7300000190734863,1.7300000190734863,336000
2026-05-26 13:55:00+00:00,CVCB3.SA,1.7300000190734863,1.7400000095367432,1.7300000190734863,1.7400000095367432,181900
2026-05-26 14:00:00+00:00,CVCB3.SA,1.7400000095367432,1.7400000095367432,1.7300000190734863,1.7300000190734863,64900
2026-05-26 14:05:00+00:00,CVCB3.SA,1.7300000190734863,1.7400000095367432,1.7300000190734863,1.7300000190734863,12000
2026-05-26 14:10:00+00:00,CVCB3.SA,1.7300000190734863,1.7400000095367432,1.7300000190734863,1.7300000190734863,97800
2026-05-26 14:15:00+00:00,CVCB3.SA,1.7300000190734863,1.7400000095367432,1.7300000190734863,1.7300000190734863,19800
2026-05-26 14:20:00+00:00,CVCB3.SA,1.7400000095367432,1.7400000095367432,1.7300000190734863,1.7300000190734863,7800
2026-05-26 14:25:00+00:00,CVCB3.SA,1.7300000190734863,1.7400000095367432,1.7300000190734863,1.7400000095367432,74300
2026-05-26 14:30:00+00:00,CVCB3.SA,1.7300000190734863,1.7400000095367432,1.7300000190734863,1.7300000190734863,11500
2026-05-26 14:35:00+00:00,CVCB3.SA,1.7300000190734863,1.7400000095367432,1.7300000190734863,1.7300000190734863,38900
2026-05-26 14:40:00+00:00,CVCB3.SA,1.7300000190734863,1.7400000095367432,1.7300000190734863,1.7300000190734863,57600
2026-05-26 14:45:00+00:00,CVCB3.SA,1.7300000190734863,1.7400000095367432,1.7300000190734863,1.7400000095367432,2300
2026-05-26 14:50:00+00:00,CVCB3.SA,1.7400000095367432,1.7400000095367432,1.7300000190734863,1.7400000095367432,17700
2026-05-26 14:55:00+00:00,CVCB3.SA,1.7400000095367432,1.7400000095367432,1.7300000190734863,1.7300000190734863,0
2026-05-26 15:00:00+00:00,CVCB3.SA,1.7300000190734863,1.7400000095367432,1.7300000190734863,1.7300000190734863,2600
2026-05-26 15:05:00+00:00,CVCB3.SA,1.7300000190734863,1.7400000095367432,1.7300000190734863,1.7400000095367432,4500
2026-05-26 15:10:00+00:00,CVCB3.SA,1.7300000190734863,1.7400000095367432,1.7200000286102295,1.7200000286102295,418600
2026-05-26 15:15:00+00:00,CVCB3.SA,1.7200000286102295,1.7300000190734863,1.7200000286102295,1.7200000286102295,12700
2026-05-26 15:20:00+00:00,CVCB3.SA,1.7200000286102295,1.7300000190734863,1.7200000286102295,1.7200000286102295,3400
2026-05-26 15:25:00+00:00,CVCB3.SA,1.7300000190734863,1.7300000190734863,1.7200000286102295,1.7200000286102295,14900
2026-05-26 15:30:00+00:00,CVCB3.SA,1.7200000286102295,1.7300000190734863,1.7200000286102295,1.7300000190734863,4100
2026-05-26 15:35:00+00:00,CVCB3.SA,1.7200000286102295,1.7300000190734863,1.7200000286102295,1.7200000286102295,96200
2026-05-26 15:40:00+00:00,CVCB3.SA,1.7200000286102295,1.7300000190734863,1.7200000286102295,1.7200000286102295,5400
2026-05-26 15:45:00+00:00,CVCB3.SA,1.7200000286102295,1.7300000190734863,1.7200000286102295,1.7200000286102295,2100
2026-05-26 15:50:00+00:00,CVCB3.SA,1.7300000190734863,1.7300000190734863,1.7200000286102295,1.7200000286102295,31600
2026-05-26 15:55:00+00:00,CVCB3.SA,1.7200000286102295,1.7300000190734863,1.7200000286102295,1.7200000286102295,26400
2026-05-26 16:00:00+00:00,CVCB3.SA,1.7200000286102295,1.7300000190734863,1.7200000286102295,1.7200000286102295,11200
2026-05-26 16:05:00+00:00,CVCB3.SA,1.7200000286102295,1.7300000190734863,1.7200000286102295,1.7200000286102295,4500
2026-05-26 16:10:00+00:00,CVCB3.SA,1.7200000286102295,1.7300000190734863,1.7200000286102295,1.7200000286102295,4700
2026-05-26 16:15:00+00:00,CVCB3.SA,1.7200000286102295,1.7300000190734863,1.7200000286102295,1.7200000286102295,9900
2026-05-26 16:20:00+00:00,CVCB3.SA,1.7200000286102295,1.7300000190734863,1.7200000286102295,1.7200000286102295,9900
2026-05-26 16:25:00+00:00,CVCB3.SA,1.7200000286102295,1.7300000190734863,1.7200000286102295,1.7300000190734863,17800
2026-05-26 16:30:00+00:00,CVCB3.SA,1.7300000190734863,1.7300000190734863,1.7200000286102295,1.7200000286102295,4000
2026-05-26 16:35:00+00:00,CVCB3.SA,1.7200000286102295,1.7300000190734863,1.7200000286102295,1.7200000286102295,12900
2026-05-26 16:40:00+00:00,CVCB3.SA,1.7200000286102295,1.7300000190734863,1.7200000286102295,1.7200000286102295,5500
2026-05-26 16:45:00+00:00,CVCB3.SA,1.7200000286102295,1.7300000190734863,1.7200000286102295,1.7200000286102295,147900
2026-05-26 16:50:00+00:00,CVCB3.SA,1.7200000286102295,1.7300000190734863,1.7200000286102295,1.7200000286102295,6800
2026-05-26 16:55:00+00:00,CVCB3.SA,1.7200000286102295,1.7300000190734863,1.7200000286102295,1.7200000286102295,6700
2026-05-26 17:00:00+00:00,CVCB3.SA,1.7200000286102295,1.7300000190734863,1.7200000286102295,1.7200000286102295,7100
2026-05-26 17:05:00+00:00,CVCB3.SA,1.7200000286102295,1.7300000190734863,1.7200000286102295,1.7200000286102295,177800
2026-05-26 17:10:00+00:00,CVCB3.SA,1.7200000286102295,1.7300000190734863,1.7200000286102295,1.7200000286102295,6000
2026-05-26 17:15:00+00:00,CVCB3.SA,1.7200000286102295,1.7300000190734863,1.7200000286102295,1.7200000286102295,8200
2026-05-26 17:20:00+00:00,CVCB3.SA,1.7200000286102295,1.7300000190734863,1.7200000286102295,1.7300000190734863,321800
2026-05-26 17:25:00+00:00,CVCB3.SA,1.7300000190734863,1.7300000190734863,1.7300000190734863,1.7300000190734863,11500
2026-05-26 17:30:00+00:00,CVCB3.SA,1.7300000190734863,1.7400000095367432,1.7300000190734863,1.7300000190734863,43300
2026-05-26 17:35:00+00:00,CVCB3.SA,1.7300000190734863,1.7400000095367432,1.7300000190734863,1.7300000190734863,6900
2026-05-26 17:40:00+00:00,CVCB3.SA,1.7300000190734863,1.7400000095367432,1.7300000190734863,1.7300000190734863,14700
2026-05-26 17:45:00+00:00,CVCB3.SA,1.7400000095367432,1.7400000095367432,1.7300000190734863,1.7300000190734863,24700
2026-05-26 17:50:00+00:00,CVCB3.SA,1.7300000190734863,1.7400000095367432,1.7300000190734863,1.7300000190734863,2400
2026-05-26 17:55:00+00:00,CVCB3.SA,1.7300000190734863,1.7400000095367432,1.7300000190734863,1.7400000095367432,16100
2026-05-26 18:00:00+00:00,CVCB3.SA,1.7300000190734863,1.7300000190734863,1.7300000190734863,1.7300000190734863,34700
2026-05-26 18:05:00+00:00,CVCB3.SA,1.7300000190734863,1.7400000095367432,1.7300000190734863,1.7300000190734863,6700
2026-05-26 18:10:00+00:00,CVCB3.SA,1.7300000190734863,1.7400000095367432,1.7300000190734863,1.7300000190734863,25800
2026-05-26 18:15:00+00:00,CVCB3.SA,1.7300000190734863,1.7400000095367432,1.7300000190734863,1.7300000190734863,41500
2026-05-26 18:20:00+00:00,CVCB3.SA,1.7300000190734863,1.7400000095367432,1.7300000190734863,1.7300000190734863,7600
2026-05-26 18:25:00+00:00,CVCB3.SA,1.7300000190734863,1.7400000095367432,1.7300000190734863,1.7300000190734863,30700
2026-05-26 18:30:00+00:00,CVCB3.SA,1.7300000190734863,1.7300000190734863,1.7300000190734863,1.7300000190734863,15100
2026-05-26 18:35:00+00:00,CVCB3.SA,1.7300000190734863,1.7400000095367432,1.7300000190734863,1.7400000095367432,42300
2026-05-26 18:40:00+00:00,CVCB3.SA,1.7300000190734863,1.7400000095367432,1.7300000190734863,1.7300000190734863,25900
2026-05-26 18:45:00+00:00,CVCB3.SA,1.7300000190734863,1.7400000095367432,1.7300000190734863,1.7300000190734863,3800
2026-05-26 18:50:00+00:00,CVCB3.SA,1.7400000095367432,1.7400000095367432,1.7300000190734863,1.7300000190734863,36200
2026-05-26 18:55:00+00:00,CVCB3.SA,1.7300000190734863,1.7400000095367432,1.7300000190734863,1.7300000190734863,7800
2026-05-26 19:00:00+00:00,CVCB3.SA,1.7300000190734863,1.7400000095367432,1.7300000190734863,1.7300000190734863,25200
2026-05-26 19:05:00+00:00,CVCB3.SA,1.7300000190734863,1.7400000095367432,1.7300000190734863,1.7300000190734863,51400
2026-05-26 19:10:00+00:00,CVCB3.SA,1.7300000190734863,1.7400000095367432,1.7300000190734863,1.7400000095367432,36900
2026-05-26 19:15:00+00:00,CVCB3.SA,1.7300000190734863,1.7400000095367432,1.7300000190734863,1.7400000095367432,84400
2026-05-26 19:20:00+00:00,CVCB3.SA,1.7300000190734863,1.7300000190734863,1.7200000286102295,1.7300000190734863,561900
2026-05-26 19:25:00+00:00,CVCB3.SA,1.7200000286102295,1.7300000190734863,1.7200000286102295,1.7300000190734863,62400
2026-05-26 19:30:00+00:00,CVCB3.SA,1.7200000286102295,1.7300000190734863,1.7200000286102295,1.7200000286102295,66000
2026-05-26 19:35:00+00:00,CVCB3.SA,1.7200000286102295,1.7300000190734863,1.7200000286102295,1.7200000286102295,73200
2026-05-26 19:40:00+00:00,CVCB3.SA,1.7200000286102295,1.7300000190734863,1.7200000286102295,1.7300000190734863,111100
2026-05-26 19:45:00+00:00,CVCB3.SA,1.7300000190734863,1.7300000190734863,1.7200000286102295,1.7200000286102295,56600
2026-05-26 19:50:00+00:00,CVCB3.SA,1.7200000286102295,1.7300000190734863,1.7200000286102295,1.7200000286102295,294700
2026-05-27 13:00:00+00:00,CVCB3.SA,1.7400000095367432,1.7699999809265137,1.7400000095367432,1.7599999904632568,0
2026-05-27 13:05:00+00:00,CVCB3.SA,1.7599999904632568,1.7599999904632568,1.7400000095367432,1.7400000095367432,94000
2026-05-27 13:10:00+00:00,CVCB3.SA,1.7400000095367432,1.75,1.7300000190734863,1.7300000190734863,128800
2026-05-27 13:15:00+00:00,CVCB3.SA,1.7300000190734863,1.7400000095367432,1.7200000286102295,1.7300000190734863,212400
2026-05-27 13:20:00+00:00,CVCB3.SA,1.7300000190734863,1.7300000190734863,1.7200000286102295,1.7300000190734863,179600
2026-05-27 13:25:00+00:00,CVCB3.SA,1.7300000190734863,1.7400000095367432,1.7200000286102295,1.7200000286102295,61200
2026-05-27 13:30:00+00:00,CVCB3.SA,1.7200000286102295,1.7300000190734863,1.7200000286102295,1.7200000286102295,128200
2026-05-27 13:35:00+00:00,CVCB3.SA,1.7200000286102295,1.7400000095367432,1.7200000286102295,1.7300000190734863,208900
2026-05-27 13:40:00+00:00,CVCB3.SA,1.7300000190734863,1.7400000095367432,1.7300000190734863,1.7300000190734863,10600
2026-05-27 13:45:00+00:00,CVCB3.SA,1.7300000190734863,1.7400000095367432,1.7300000190734863,1.7300000190734863,17000
2026-05-27 13:50:00+00:00,CVCB3.SA,1.7300000190734863,1.7300000190734863,1.7200000286102295,1.7200000286102295,222900
2026-05-27 13:55:00+00:00,CVCB3.SA,1.7200000286102295,1.7300000190734863,1.7200000286102295,1.7300000190734863,212400
2026-05-27 14:00:00+00:00,CVCB3.SA,1.7300000190734863,1.7400000095367432,1.7300000190734863,1.7400000095367432,296500
2026-05-27 14:05:00+00:00,CVCB3.SA,1.7400000095367432,1.7400000095367432,1.7300000190734863,1.7300000190734863,8500
2026-05-27 14:10:00+00:00,CVCB3.SA,1.7300000190734863,1.7300000190734863,1.7200000286102295,1.7200000286102295,190400
2026-05-27 14:15:00+00:00,CVCB3.SA,1.7200000286102295,1.7300000190734863,1.7200000286102295,1.7300000190734863,116000
2026-05-27 14:20:00+00:00,CVCB3.SA,1.7200000286102295,1.7300000190734863,1.7200000286102295,1.7200000286102295,0
2026-05-27 14:25:00+00:00,CVCB3.SA,1.7200000286102295,1.7300000190734863,1.7200000286102295,1.7300000190734863,16100
2026-05-27 14:30:00+00:00,CVCB3.SA,1.7200000286102295,1.7300000190734863,1.7200000286102295,1.7200000286102295,98200
2026-05-27 14:35:00+00:00,CVCB3.SA,1.7200000286102295,1.7300000190734863,1.7200000286102295,1.7200000286102295,13500
2026-05-27 14:40:00+00:00,CVCB3.SA,1.7200000286102295,1.7300000190734863,1.7200000286102295,1.7200000286102295,116000
2026-05-27 14:45:00+00:00,CVCB3.SA,1.7200000286102295,1.7300000190734863,1.7200000286102295,1.7200000286102295,5900
2026-05-27 14:50:00+00:00,CVCB3.SA,1.7200000286102295,1.7300000190734863,1.7200000286102295,1.7300000190734863,13600
2026-05-27 14:55:00+00:00,CVCB3.SA,1.7200000286102295,1.7300000190734863,1.7200000286102295,1.7200000286102295,6200
2026-05-27 15:00:00+00:00,CVCB3.SA,1.7200000286102295,1.7300000190734863,1.7200000286102295,1.7200000286102295,9700
2026-05-27 15:05:00+00:00,CVCB3.SA,1.7200000286102295,1.7200000286102295,1.7000000476837158,1.7000000476837158,721400
2026-05-27 15:10:00+00:00,CVCB3.SA,1.7000000476837158,1.7100000381469727,1.7000000476837158,1.7000000476837158,102100
2026-05-27 15:15:00+00:00,CVCB3.SA,1.7000000476837158,1.7100000381469727,1.7000000476837158,1.7000000476837158,131900
2026-05-27 15:20:00+00:00,CVCB3.SA,1.7000000476837158,1.7100000381469727,1.7000000476837158,1.7000000476837158,42400
2026-05-27 15:25:00+00:00,CVCB3.SA,1.7000000476837158,1.7100000381469727,1.7000000476837158,1.7000000476837158,248700
2026-05-27 15:30:00+00:00,CVCB3.SA,1.7000000476837158,1.7100000381469727,1.7000000476837158,1.7000000476837158,45500
2026-05-27 15:35:00+00:00,CVCB3.SA,1.7000000476837158,1.7100000381469727,1.7000000476837158,1.7100000381469727,52700
2026-05-27 15:40:00+00:00,CVCB3.SA,1.7100000381469727,1.7100000381469727,1.7000000476837158,1.7000000476837158,17000
2026-05-27 15:45:00+00:00,CVCB3.SA,1.7100000381469727,1.7100000381469727,1.7000000476837158,1.7100000381469727,18500
2026-05-27 15:50:00+00:00,CVCB3.SA,1.7000000476837158,1.7100000381469727,1.7000000476837158,1.7000000476837158,73600
2026-05-27 15:55:00+00:00,CVCB3.SA,1.7000000476837158,1.7100000381469727,1.7000000476837158,1.7000000476837158,5100
2026-05-27 16:00:00+00:00,CVCB3.SA,1.7000000476837158,1.7100000381469727,1.7000000476837158,1.7100000381469727,53100
2026-05-27 16:05:00+00:00,CVCB3.SA,1.7000000476837158,1.7100000381469727,1.7000000476837158,1.7100000381469727,24000
2026-05-27 16:10:00+00:00,CVCB3.SA,1.7100000381469727,1.7100000381469727,1.7000000476837158,1.7100000381469727,24500
2026-05-27 16:15:00+00:00,CVCB3.SA,1.7000000476837158,1.7000000476837158,1.7000000476837158,1.7000000476837158,13900
2026-05-27 16:20:00+00:00,CVCB3.SA,1.7100000381469727,1.7100000381469727,1.7000000476837158,1.7000000476837158,99100
2026-05-27 16:25:00+00:00,CVCB3.SA,1.7000000476837158,1.7100000381469727,1.7000000476837158,1.7000000476837158,14000
2026-05-27 16:30:00+00:00,CVCB3.SA,1.7000000476837158,1.7100000381469727,1.7000000476837158,1.7100000381469727,148700
2026-05-27 16:35:00+00:00,CVCB3.SA,1.7100000381469727,1.7100000381469727,1.7000000476837158,1.7100000381469727,80100
2026-05-27 16:40:00+00:00,CVCB3.SA,1.7100000381469727,1.7100000381469727,1.7000000476837158,1.7000000476837158,3300
2026-05-27 16:45:00+00:00,CVCB3.SA,1.7000000476837158,1.7100000381469727,1.7000000476837158,1.7000000476837158,52300
2026-05-27 16:50:00+00:00,CVCB3.SA,1.7100000381469727,1.7200000286102295,1.7000000476837158,1.7100000381469727,106000
2026-05-27 16:55:00+00:00,CVCB3.SA,1.7100000381469727,1.7100000381469727,1.7100000381469727,1.7100000381469727,5500
2026-05-27 17:00:00+00:00,CVCB3.SA,1.7200000286102295,1.7200000286102295,1.7100000381469727,1.7100000381469727,38600
2026-05-27 17:05:00+00:00,CVCB3.SA,1.7100000381469727,1.7100000381469727,1.7000000476837158,1.7000000476837158,577700
2026-05-27 17:10:00+00:00,CVCB3.SA,1.7000000476837158,1.7100000381469727,1.7000000476837158,1.7000000476837158,18500
2026-05-27 17:15:00+00:00,CVCB3.SA,1.7000000476837158,1.7100000381469727,1.7000000476837158,1.7000000476837158,37600
2026-05-27 17:20:00+00:00,CVCB3.SA,1.7000000476837158,1.7100000381469727,1.7000000476837158,1.7000000476837158,15700
2026-05-27 17:25:00+00:00,CVCB3.SA,1.7000000476837158,1.7000000476837158,1.690000057220459,1.690000057220459,571800
2026-05-27 17:30:00+00:00,CVCB3.SA,1.7000000476837158,1.7100000381469727,1.690000057220459,1.7100000381469727,94200
2026-05-27 17:35:00+00:00,CVCB3.SA,1.7000000476837158,1.7000000476837158,1.7000000476837158,1.7000000476837158,13700
2026-05-27 17:40:00+00:00,CVCB3.SA,1.7000000476837158,1.7100000381469727,1.7000000476837158,1.7000000476837158,26300
2026-05-27 17:45:00+00:00,CVCB3.SA,1.7000000476837158,1.7000000476837158,1.690000057220459,1.690000057220459,44300
2026-05-27 17:50:00+00:00,CVCB3.SA,1.690000057220459,1.7000000476837158,1.690000057220459,1.7000000476837158,19100
2026-05-27 17:55:00+00:00,CVCB3.SA,1.7000000476837158,1.7000000476837158,1.690000057220459,1.690000057220459,46800
2026-05-27 18:00:00+00:00,CVCB3.SA,1.690000057220459,1.7000000476837158,1.690000057220459,1.690000057220459,17000
2026-05-27 18:05:00+00:00,CVCB3.SA,1.690000057220459,1.7000000476837158,1.690000057220459,1.690000057220459,42400
2026-05-27 18:10:00+00:00,CVCB3.SA,1.690000057220459,1.7000000476837158,1.690000057220459,1.690000057220459,36800
2026-05-27 18:15:00+00:00,CVCB3.SA,1.690000057220459,1.7000000476837158,1.690000057220459,1.690000057220459,27800
2026-05-27 18:20:00+00:00,CVCB3.SA,1.690000057220459,1.7000000476837158,1.690000057220459,1.690000057220459,25500
2026-05-27 18:25:00+00:00,CVCB3.SA,1.690000057220459,1.7000000476837158,1.690000057220459,1.690000057220459,77400
2026-05-27 18:30:00+00:00,CVCB3.SA,1.690000057220459,1.7000000476837158,1.690000057220459,1.690000057220459,16600
2026-05-27 18:35:00+00:00,CVCB3.SA,1.690000057220459,1.7000000476837158,1.690000057220459,1.7000000476837158,91700
2026-05-27 18:40:00+00:00,CVCB3.SA,1.690000057220459,1.7000000476837158,1.690000057220459,1.690000057220459,26900
2026-05-27 18:45:00+00:00,CVCB3.SA,1.690000057220459,1.7000000476837158,1.690000057220459,1.690000057220459,34100
2026-05-27 18:50:00+00:00,CVCB3.SA,1.690000057220459,1.7000000476837158,1.690000057220459,1.690000057220459,43700
2026-05-27 18:55:00+00:00,CVCB3.SA,1.690000057220459,1.7000000476837158,1.690000057220459,1.7000000476837158,38800
2026-05-27 19:00:00+00:00,CVCB3.SA,1.690000057220459,1.7000000476837158,1.690000057220459,1.690000057220459,27800
2026-05-27 19:05:00+00:00,CVCB3.SA,1.690000057220459,1.7000000476837158,1.690000057220459,1.7000000476837158,92700
2026-05-27 19:10:00+00:00,CVCB3.SA,1.690000057220459,1.7000000476837158,1.690000057220459,1.690000057220459,22800
2026-05-27 19:15:00+00:00,CVCB3.SA,1.690000057220459,1.7000000476837158,1.690000057220459,1.690000057220459,50400
2026-05-27 19:20:00+00:00,CVCB3.SA,1.690000057220459,1.7000000476837158,1.690000057220459,1.690000057220459,70200
2026-05-27 19:25:00+00:00,CVCB3.SA,1.690000057220459,1.7000000476837158,1.690000057220459,1.690000057220459,20700
2026-05-27 19:30:00+00:00,CVCB3.SA,1.690000057220459,1.7000000476837158,1.690000057220459,1.690000057220459,36200
2026-05-27 19:35:00+00:00,CVCB3.SA,1.690000057220459,1.7000000476837158,1.690000057220459,1.690000057220459,127700
2026-05-27 19:40:00+00:00,CVCB3.SA,1.690000057220459,1.7000000476837158,1.690000057220459,1.690000057220459,214100
2026-05-27 19:45:00+00:00,CVCB3.SA,1.690000057220459,1.7000000476837158,1.690000057220459,1.690000057220459,367000
2026-05-27 19:50:00+00:00,CVCB3.SA,1.690000057220459,1.7000000476837158,1.6799999475479126,1.7000000476837158,338100
2026-05-28 13:00:00+00:00,CVCB3.SA,1.690000057220459,1.7000000476837158,1.690000057220459,1.690000057220459,0
2026-05-28 13:05:00+00:00,CVCB3.SA,1.7000000476837158,1.7000000476837158,1.6799999475479126,1.6799999475479126,302100
2026-05-28 13:10:00+00:00,CVCB3.SA,1.6799999475479126,1.6799999475479126,1.6699999570846558,1.6799999475479126,94200
2026-05-28 13:15:00+00:00,CVCB3.SA,1.6799999475479126,1.6799999475479126,1.659999966621399,1.659999966621399,123800
2026-05-28 13:20:00+00:00,CVCB3.SA,1.659999966621399,1.6699999570846558,1.659999966621399,1.659999966621399,295300
2026-05-28 13:25:00+00:00,CVCB3.SA,1.659999966621399,1.6699999570846558,1.649999976158142,1.6699999570846558,146900
2026-05-28 13:30:00+00:00,CVCB3.SA,1.659999966621399,1.659999966621399,1.649999976158142,1.659999966621399,199200
2026-05-28 13:35:00+00:00,CVCB3.SA,1.659999966621399,1.659999966621399,1.649999976158142,1.659999966621399,12000
2026-05-28 13:40:00+00:00,CVCB3.SA,1.649999976158142,1.6699999570846558,1.649999976158142,1.6699999570846558,148400
2026-05-28 13:45:00+00:00,CVCB3.SA,1.659999966621399,1.6699999570846558,1.659999966621399,1.659999966621399,67900
2026-05-28 13:50:00+00:00,CVCB3.SA,1.659999966621399,1.6699999570846558,1.659999966621399,1.659999966621399,39400
2026-05-28 13:55:00+00:00,CVCB3.SA,1.659999966621399,1.6699999570846558,1.659999966621399,1.659999966621399,13200
2026-05-28 14:00:00+00:00,CVCB3.SA,1.6699999570846558,1.6699999570846558,1.659999966621399,1.659999966621399,5200
2026-05-28 14:05:00+00:00,CVCB3.SA,1.659999966621399,1.6699999570846558,1.659999966621399,1.659999966621399,4500
2026-05-28 14:10:00+00:00,CVCB3.SA,1.659999966621399,1.690000057220459,1.659999966621399,1.690000057220459,490700
2026-05-28 14:15:00+00:00,CVCB3.SA,1.690000057220459,1.690000057220459,1.6699999570846558,1.6799999475479126,85500
2026-05-28 14:20:00+00:00,CVCB3.SA,1.6699999570846558,1.6799999475479126,1.6699999570846558,1.6699999570846558,51300
2026-05-28 14:25:00+00:00,CVCB3.SA,1.6699999570846558,1.6699999570846558,1.659999966621399,1.659999966621399,136600
2026-05-28 14:30:00+00:00,CVCB3.SA,1.659999966621399,1.6799999475479126,1.659999966621399,1.659999966621399,111400
2026-05-28 14:35:00+00:00,CVCB3.SA,1.659999966621399,1.6699999570846558,1.659999966621399,1.659999966621399,15800
2026-05-28 14:40:00+00:00,CVCB3.SA,1.659999966621399,1.6699999570846558,1.659999966621399,1.659999966621399,42800
2026-05-28 14:45:00+00:00,CVCB3.SA,1.659999966621399,1.6699999570846558,1.649999976158142,1.649999976158142,243000
2026-05-28 14:50:00+00:00,CVCB3.SA,1.649999976158142,1.659999966621399,1.649999976158142,1.659999966621399,55800
2026-05-28 14:55:00+00:00,CVCB3.SA,1.649999976158142,1.659999966621399,1.6399999856948853,1.6399999856948853,729500
2026-05-28 15:00:00+00:00,CVCB3.SA,1.649999976158142,1.649999976158142,1.6299999952316284,1.6299999952316284,1124400
2026-05-28 15:05:00+00:00,CVCB3.SA,1.6299999952316284,1.6399999856948853,1.6299999952316284,1.6299999952316284,135800
2026-05-28 15:10:00+00:00,CVCB3.SA,1.6299999952316284,1.6399999856948853,1.6299999952316284,1.6299999952316284,23600
2026-05-28 15:15:00+00:00,CVCB3.SA,1.6299999952316284,1.6299999952316284,1.6200000047683716,1.6200000047683716,219000
2026-05-28 15:20:00+00:00,CVCB3.SA,1.6200000047683716,1.6399999856948853,1.6200000047683716,1.6399999856948853,188400
2026-05-28 15:25:00+00:00,CVCB3.SA,1.6399999856948853,1.6399999856948853,1.6299999952316284,1.6399999856948853,0
2026-05-28 15:30:00+00:00,CVCB3.SA,1.6399999856948853,1.6399999856948853,1.6299999952316284,1.6299999952316284,11800
2026-05-28 15:35:00+00:00,CVCB3.SA,1.6299999952316284,1.649999976158142,1.6299999952316284,1.649999976158142,236500
2026-05-28 15:40:00+00:00,CVCB3.SA,1.6399999856948853,1.649999976158142,1.6399999856948853,1.6399999856948853,14500
2026-05-28 15:45:00+00:00,CVCB3.SA,1.6399999856948853,1.649999976158142,1.6399999856948853,1.6399999856948853,10000
2026-05-28 15:50:00+00:00,CVCB3.SA,1.6399999856948853,1.649999976158142,1.6399999856948853,1.6399999856948853,7500
2026-05-28 15:55:00+00:00,CVCB3.SA,1.6399999856948853,1.649999976158142,1.6399999856948853,1.6399999856948853,72100
2026-05-28 16:00:00+00:00,CVCB3.SA,1.6399999856948853,1.6399999856948853,1.6299999952316284,1.6399999856948853,247400
2026-05-28 16:05:00+00:00,CVCB3.SA,1.6299999952316284,1.649999976158142,1.6299999952316284,1.6399999856948853,183800
2026-05-28 16:10:00+00:00,CVCB3.SA,1.6399999856948853,1.649999976158142,1.6399999856948853,1.6399999856948853,15500
2026-05-28 16:15:00+00:00,CVCB3.SA,1.6399999856948853,1.649999976158142,1.6399999856948853,1.6399999856948853,15100
2026-05-28 16:20:00+00:00,CVCB3.SA,1.649999976158142,1.649999976158142,1.6399999856948853,1.6399999856948853,22200
2026-05-28 16:25:00+00:00,CVCB3.SA,1.6399999856948853,1.649999976158142,1.6299999952316284,1.6299999952316284,73100
2026-05-28 16:30:00+00:00,CVCB3.SA,1.6299999952316284,1.6399999856948853,1.6299999952316284,1.6299999952316284,30800
2026-05-28 16:35:00+00:00,CVCB3.SA,1.6299999952316284,1.6399999856948853,1.6200000047683716,1.6200000047683716,240400
2026-05-28 16:40:00+00:00,CVCB3.SA,1.6299999952316284,1.6299999952316284,1.6200000047683716,1.6200000047683716,13100
2026-05-28 16:45:00+00:00,CVCB3.SA,1.6200000047683716,1.6299999952316284,1.6200000047683716,1.6200000047683716,25500
2026-05-28 16:50:00+00:00,CVCB3.SA,1.6200000047683716,1.6299999952316284,1.6200000047683716,1.6200000047683716,30900
2026-05-28 16:55:00+00:00,CVCB3.SA,1.6200000047683716,1.6299999952316284,1.6200000047683716,1.6200000047683716,38400
2026-05-28 17:00:00+00:00,CVCB3.SA,1.6299999952316284,1.6299999952316284,1.6200000047683716,1.6200000047683716,63100
2026-05-28 17:05:00+00:00,CVCB3.SA,1.6200000047683716,1.6299999952316284,1.6200000047683716,1.6200000047683716,22300
2026-05-28 17:10:00+00:00,CVCB3.SA,1.6200000047683716,1.6299999952316284,1.6200000047683716,1.6200000047683716,35900
2026-05-28 17:15:00+00:00,CVCB3.SA,1.6200000047683716,1.6299999952316284,1.6200000047683716,1.6200000047683716,13200
2026-05-28 17:20:00+00:00,CVCB3.SA,1.6299999952316284,1.6299999952316284,1.6200000047683716,1.6200000047683716,42200
2026-05-28 17:25:00+00:00,CVCB3.SA,1.6299999952316284,1.6299999952316284,1.6200000047683716,1.6200000047683716,39800
2026-05-28 17:30:00+00:00,CVCB3.SA,1.6200000047683716,1.6299999952316284,1.6200000047683716,1.6200000047683716,29400
2026-05-28 17:35:00+00:00,CVCB3.SA,1.6200000047683716,1.6299999952316284,1.6200000047683716,1.6200000047683716,20100
2026-05-28 17:40:00+00:00,CVCB3.SA,1.6200000047683716,1.6299999952316284,1.6200000047683716,1.6200000047683716,46900
2026-05-28 17:45:00+00:00,CVCB3.SA,1.6200000047683716,1.6299999952316284,1.6200000047683716,1.6299999952316284,11700
2026-05-28 17:50:00+00:00,CVCB3.SA,1.6200000047683716,1.6299999952316284,1.6200000047683716,1.6200000047683716,244500
2026-05-28 17:55:00+00:00,CVCB3.SA,1.6200000047683716,1.6299999952316284,1.6200000047683716,1.6200000047683716,19600
2026-05-28 18:00:00+00:00,CVCB3.SA,1.6200000047683716,1.6299999952316284,1.6200000047683716,1.6200000047683716,27100
2026-05-28 18:05:00+00:00,CVCB3.SA,1.6200000047683716,1.6299999952316284,1.6200000047683716,1.6200000047683716,14400
2026-05-28 18:10:00+00:00,CVCB3.SA,1.6200000047683716,1.6299999952316284,1.6200000047683716,1.6200000047683716,32200
2026-05-28 18:15:00+00:00,CVCB3.SA,1.6200000047683716,1.6299999952316284,1.6100000143051147,1.6200000047683716,686400
2026-05-28 18:20:00+00:00,CVCB3.SA,1.6200000047683716,1.6200000047683716,1.6100000143051147,1.6200000047683716,48400
2026-05-28 18:25:00+00:00,CVCB3.SA,1.6100000143051147,1.6200000047683716,1.6100000143051147,1.6100000143051147,35600
2026-05-28 18:30:00+00:00,CVCB3.SA,1.6100000143051147,1.6200000047683716,1.6100000143051147,1.6100000143051147,91900
2026-05-28 18:35:00+00:00,CVCB3.SA,1.6200000047683716,1.6200000047683716,1.6100000143051147,1.6100000143051147,168000
2026-05-28 18:40:00+00:00,CVCB3.SA,1.6200000047683716,1.6200000047683716,1.6100000143051147,1.6100000143051147,88300
2026-05-28 18:45:00+00:00,CVCB3.SA,1.6100000143051147,1.6200000047683716,1.6100000143051147,1.6200000047683716,50200
2026-05-28 18:50:00+00:00,CVCB3.SA,1.6100000143051147,1.6200000047683716,1.6100000143051147,1.6100000143051147,49100
2026-05-28 18:55:00+00:00,CVCB3.SA,1.6100000143051147,1.6200000047683716,1.6100000143051147,1.6100000143051147,28100
2026-05-28 19:00:00+00:00,CVCB3.SA,1.6100000143051147,1.6200000047683716,1.6100000143051147,1.6100000143051147,124900
2026-05-28 19:05:00+00:00,CVCB3.SA,1.6100000143051147,1.6200000047683716,1.6100000143051147,1.6100000143051147,39200
2026-05-28 19:10:00+00:00,CVCB3.SA,1.6100000143051147,1.6200000047683716,1.6100000143051147,1.6100000143051147,219700
2026-05-28 19:15:00+00:00,CVCB3.SA,1.6100000143051147,1.6200000047683716,1.6100000143051147,1.6100000143051147,21600
2026-05-28 19:20:00+00:00,CVCB3.SA,1.6100000143051147,1.6200000047683716,1.6100000143051147,1.6200000047683716,80600
2026-05-28 19:25:00+00:00,CVCB3.SA,1.6100000143051147,1.6200000047683716,1.6100000143051147,1.6100000143051147,119900
2026-05-28 19:30:00+00:00,CVCB3.SA,1.6100000143051147,1.6200000047683716,1.6100000143051147,1.6100000143051147,66100
2026-05-28 19:35:00+00:00,CVCB3.SA,1.6100000143051147,1.6200000047683716,1.6100000143051147,1.6100000143051147,76800
2026-05-28 19:40:00+00:00,CVCB3.SA,1.6100000143051147,1.6200000047683716,1.6100000143051147,1.6100000143051147,186900
2026-05-28 19:45:00+00:00,CVCB3.SA,1.6100000143051147,1.6200000047683716,1.6100000143051147,1.6100000143051147,71300
2026-05-28 19:50:00+00:00,CVCB3.SA,1.6100000143051147,1.6200000047683716,1.6100000143051147,1.6200000047683716,374500
2026-05-29 13:05:00+00:00,CVCB3.SA,1.5099999904632568,1.5499999523162842,1.5,1.5399999618530273,0
2026-05-29 13:10:00+00:00,CVCB3.SA,1.5499999523162842,1.590000033378601,1.5399999618530273,1.5800000429153442,644000
2026-05-29 13:15:00+00:00,CVCB3.SA,1.5800000429153442,1.5800000429153442,1.5499999523162842,1.559999942779541,282000
2026-05-29 13:20:00+00:00,CVCB3.SA,1.559999942779541,1.5800000429153442,1.559999942779541,1.5800000429153442,268500
2026-05-29 13:25:00+00:00,CVCB3.SA,1.5700000524520874,1.5800000429153442,1.5700000524520874,1.5700000524520874,159700
2026-05-29 13:30:00+00:00,CVCB3.SA,1.5800000429153442,1.5800000429153442,1.559999942779541,1.559999942779541,84500
2026-05-29 13:35:00+00:00,CVCB3.SA,1.559999942779541,1.5700000524520874,1.5499999523162842,1.5499999523162842,435100
2026-05-29 13:40:00+00:00,CVCB3.SA,1.5499999523162842,1.559999942779541,1.5499999523162842,1.5499999523162842,92400
2026-05-29 13:45:00+00:00,CVCB3.SA,1.5499999523162842,1.559999942779541,1.5499999523162842,1.5499999523162842,75800
2026-05-29 13:50:00+00:00,CVCB3.SA,1.5499999523162842,1.559999942779541,1.5399999618530273,1.5399999618530273,282400
2026-05-29 13:55:00+00:00,CVCB3.SA,1.5399999618530273,1.5399999618530273,1.5199999809265137,1.5199999809265137,675700
2026-05-29 14:00:00+00:00,CVCB3.SA,1.5299999713897705,1.5299999713897705,1.5,1.5,589900
2026-05-29 14:05:00+00:00,CVCB3.SA,1.5,1.5099999904632568,1.4600000381469727,1.4700000286102295,2730300
2026-05-29 14:10:00+00:00,CVCB3.SA,1.4700000286102295,1.4800000190734863,1.4600000381469727,1.4600000381469727,894500
2026-05-29 14:15:00+00:00,CVCB3.SA,1.4600000381469727,1.4800000190734863,1.4600000381469727,1.4700000286102295,792400
2026-05-29 14:20:00+00:00,CVCB3.SA,1.4700000286102295,1.4800000190734863,1.4600000381469727,1.4600000381469727,523100
2026-05-29 14:25:00+00:00,CVCB3.SA,1.4600000381469727,1.4700000286102295,1.4500000476837158,1.4500000476837158,781900
2026-05-29 14:30:00+00:00,CVCB3.SA,1.4500000476837158,1.4600000381469727,1.409999966621399,1.4199999570846558,1120700
2026-05-29 14:35:00+00:00,CVCB3.SA,1.4199999570846558,1.440000057220459,1.4199999570846558,1.4299999475479126,535400
2026-05-29 14:40:00+00:00,CVCB3.SA,1.4299999475479126,1.4500000476837158,1.4299999475479126,1.440000057220459,598600
2026-05-29 14:45:00+00:00,CVCB3.SA,1.440000057220459,1.4500000476837158,1.4299999475479126,1.440000057220459,364300
2026-05-29 14:50:00+00:00,CVCB3.SA,1.440000057220459,1.4700000286102295,1.440000057220459,1.4700000286102295,993900
2026-05-29 14:55:00+00:00,CVCB3.SA,1.4700000286102295,1.4800000190734863,1.4600000381469727,1.4600000381469727,249300
2026-05-29 15:00:00+00:00,CVCB3.SA,1.4600000381469727,1.4700000286102295,1.4600000381469727,1.4600000381469727,272700
2026-05-29 15:05:00+00:00,CVCB3.SA,1.4700000286102295,1.4800000190734863,1.4600000381469727,1.4700000286102295,465500
2026-05-29 15:10:00+00:00,CVCB3.SA,1.4700000286102295,1.4800000190734863,1.4600000381469727,1.4700000286102295,467300
2026-05-29 15:15:00+00:00,CVCB3.SA,1.4700000286102295,1.4700000286102295,1.4600000381469727,1.4600000381469727,465800
2026-05-29 15:20:00+00:00,CVCB3.SA,1.4700000286102295,1.4700000286102295,1.4600000381469727,1.4600000381469727,101900
2026-05-29 15:25:00+00:00,CVCB3.SA,1.4600000381469727,1.4700000286102295,1.4600000381469727,1.4600000381469727,101600
2026-05-29 15:30:00+00:00,CVCB3.SA,1.4600000381469727,1.4800000190734863,1.4600000381469727,1.4700000286102295,214100
2026-05-29 15:35:00+00:00,CVCB3.SA,1.4700000286102295,1.4700000286102295,1.4600000381469727,1.4600000381469727,161000
2026-05-29 15:40:00+00:00,CVCB3.SA,1.4600000381469727,1.4700000286102295,1.4500000476837158,1.4500000476837158,193500
2026-05-29 15:45:00+00:00,CVCB3.SA,1.4500000476837158,1.4600000381469727,1.4500000476837158,1.4500000476837158,123900
2026-05-29 15:50:00+00:00,CVCB3.SA,1.4500000476837158,1.4600000381469727,1.4500000476837158,1.4500000476837158,68900
2026-05-29 15:55:00+00:00,CVCB3.SA,1.4500000476837158,1.4600000381469727,1.4500000476837158,1.4600000381469727,64300
2026-05-29 16:00:00+00:00,CVCB3.SA,1.4500000476837158,1.4600000381469727,1.4299999475479126,1.4299999475479126,817600
2026-05-29 16:05:00+00:00,CVCB3.SA,1.4299999475479126,1.4500000476837158,1.4299999475479126,1.4299999475479126,402800
2026-05-29 16:10:00+00:00,CVCB3.SA,1.4299999475479126,1.440000057220459,1.4299999475479126,1.4299999475479126,82100
2026-05-29 16:15:00+00:00,CVCB3.SA,1.4299999475479126,1.440000057220459,1.4299999475479126,1.4299999475479126,174400
2026-05-29 16:20:00+00:00,CVCB3.SA,1.440000057220459,1.440000057220459,1.4299999475479126,1.4299999475479126,58000
2026-05-29 16:25:00+00:00,CVCB3.SA,1.4299999475479126,1.440000057220459,1.4299999475479126,1.4299999475479126,105500
2026-05-29 16:30:00+00:00,CVCB3.SA,1.4299999475479126,1.440000057220459,1.4299999475479126,1.4299999475479126,101200
2026-05-29 16:35:00+00:00,CVCB3.SA,1.4299999475479126,1.440000057220459,1.4299999475479126,1.4299999475479126,131500
2026-05-29 16:40:00+00:00,CVCB3.SA,1.4299999475479126,1.4500000476837158,1.4299999475479126,1.440000057220459,744000
2026-05-29 16:45:00+00:00,CVCB3.SA,1.440000057220459,1.4500000476837158,1.440000057220459,1.440000057220459,132800
2026-05-29 16:50:00+00:00,CVCB3.SA,1.440000057220459,1.4600000381469727,1.440000057220459,1.4500000476837158,568100
2026-05-29 16:55:00+00:00,CVCB3.SA,1.4500000476837158,1.4600000381469727,1.4500000476837158,1.4500000476837158,144100
2026-05-29 17:00:00+00:00,CVCB3.SA,1.4600000381469727,1.4600000381469727,1.4500000476837158,1.4500000476837158,71300
2026-05-29 17:05:00+00:00,CVCB3.SA,1.4500000476837158,1.4600000381469727,1.4500000476837158,1.4500000476837158,89400
2026-05-29 17:10:00+00:00,CVCB3.SA,1.4500000476837158,1.4600000381469727,1.4500000476837158,1.4500000476837158,133800
2026-05-29 17:15:00+00:00,CVCB3.SA,1.4500000476837158,1.4600000381469727,1.4500000476837158,1.4500000476837158,76300
2026-05-29 17:20:00+00:00,CVCB3.SA,1.4600000381469727,1.4600000381469727,1.4500000476837158,1.4500000476837158,105100
2026-05-29 17:25:00+00:00,CVCB3.SA,1.4500000476837158,1.4600000381469727,1.4500000476837158,1.4500000476837158,127200
2026-05-29 17:30:00+00:00,CVCB3.SA,1.4500000476837158,1.4600000381469727,1.4500000476837158,1.4500000476837158,79800
2026-05-29 17:35:00+00:00,CVCB3.SA,1.4500000476837158,1.4600000381469727,1.4500000476837158,1.4500000476837158,96300
2026-05-29 17:40:00+00:00,CVCB3.SA,1.4600000381469727,1.4600000381469727,1.4500000476837158,1.4500000476837158,108800
2026-05-29 17:45:00+00:00,CVCB3.SA,1.4500000476837158,1.4600000381469727,1.4500000476837158,1.4500000476837158,105200
2026-05-29 17:50:00+00:00,CVCB3.SA,1.4500000476837158,1.4600000381469727,1.4500000476837158,1.4500000476837158,205700
2026-05-29 17:55:00+00:00,CVCB3.SA,1.4500000476837158,1.4600000381469727,1.4500000476837158,1.4500000476837158,119700
2026-05-29 18:00:00+00:00,CVCB3.SA,1.4500000476837158,1.4600000381469727,1.4500000476837158,1.4500000476837158,95300
2026-05-29 18:05:00+00:00,CVCB3.SA,1.4500000476837158,1.4600000381469727,1.4500000476837158,1.4500000476837158,68900
2026-05-29 18:10:00+00:00,CVCB3.SA,1.4600000381469727,1.4600000381469727,1.4500000476837158,1.4500000476837158,74300
2026-05-29 18:15:00+00:00,CVCB3.SA,1.4500000476837158,1.4600000381469727,1.4500000476837158,1.4500000476837158,341500
2026-05-29 18:20:00+00:00,CVCB3.SA,1.4500000476837158,1.4600000381469727,1.4500000476837158,1.4500000476837158,220600
2026-05-29 18:25:00+00:00,CVCB3.SA,1.4500000476837158,1.4800000190734863,1.4500000476837158,1.4700000286102295,1217300
2026-05-29 18:30:00+00:00,CVCB3.SA,1.4700000286102295,1.4800000190734863,1.4700000286102295,1.4700000286102295,80700
2026-05-29 18:35:00+00:00,CVCB3.SA,1.4700000286102295,1.4800000190734863,1.4700000286102295,1.4700000286102295,151100
2026-05-29 18:40:00+00:00,CVCB3.SA,1.4700000286102295,1.4800000190734863,1.4700000286102295,1.4700000286102295,86600
2026-05-29 18:45:00+00:00,CVCB3.SA,1.4700000286102295,1.4800000190734863,1.4700000286102295,1.4700000286102295,134700
2026-05-29 18:50:00+00:00,CVCB3.SA,1.4800000190734863,1.4900000095367432,1.4700000286102295,1.4900000095367432,407000
2026-05-29 18:55:00+00:00,CVCB3.SA,1.4900000095367432,1.4900000095367432,1.4800000190734863,1.4900000095367432,245900
2026-05-29 19:00:00+00:00,CVCB3.SA,1.4900000095367432,1.4900000095367432,1.4700000286102295,1.4700000286102295,468400
2026-05-29 19:05:00+00:00,CVCB3.SA,1.4800000190734863,1.4800000190734863,1.4700000286102295,1.4700000286102295,79200
2026-05-29 19:10:00+00:00,CVCB3.SA,1.4700000286102295,1.4800000190734863,1.4600000381469727,1.4600000381469727,317700
2026-05-29 19:15:00+00:00,CVCB3.SA,1.4600000381469727,1.4700000286102295,1.4600000381469727,1.4600000381469727,167500
2026-05-29 19:20:00+00:00,CVCB3.SA,1.4600000381469727,1.4700000286102295,1.4600000381469727,1.4600000381469727,122100
2026-05-29 19:25:00+00:00,CVCB3.SA,1.4700000286102295,1.4700000286102295,1.4500000476837158,1.4500000476837158,619100
2026-05-29 19:30:00+00:00,CVCB3.SA,1.4700000286102295,1.4700000286102295,1.4600000381469727,1.4600000381469727,221200
2026-05-29 19:35:00+00:00,CVCB3.SA,1.4600000381469727,1.4700000286102295,1.4600000381469727,1.4600000381469727,175500
2026-05-29 19:40:00+00:00,CVCB3.SA,1.4600000381469727,1.4700000286102295,1.4600000381469727,1.4600000381469727,181400
2026-05-29 19:45:00+00:00,CVCB3.SA,1.4600000381469727,1.4700000286102295,1.4500000476837158,1.4500000476837158,527500
2026-06-01 13:00:00+00:00,CVCB3.SA,1.5099999904632568,1.5199999809265137,1.4900000095367432,1.5,0
2026-06-01 13:05:00+00:00,CVCB3.SA,1.5,1.5,1.4800000190734863,1.5,427100
2026-06-01 13:10:00+00:00,CVCB3.SA,1.4900000095367432,1.5,1.4800000190734863,1.5,168300
2026-06-01 13:15:00+00:00,CVCB3.SA,1.4900000095367432,1.4900000095367432,1.4600000381469727,1.4800000190734863,355300
2026-06-01 13:20:00+00:00,CVCB3.SA,1.4800000190734863,1.5099999904632568,1.4800000190734863,1.5099999904632568,318700
2026-06-01 13:25:00+00:00,CVCB3.SA,1.5,1.5099999904632568,1.5,1.5,156200
2026-06-01 13:30:00+00:00,CVCB3.SA,1.5099999904632568,1.5099999904632568,1.4900000095367432,1.5,135800
2026-06-01 13:35:00+00:00,CVCB3.SA,1.5,1.5299999713897705,1.4900000095367432,1.5299999713897705,446900
2026-06-01 13:40:00+00:00,CVCB3.SA,1.5299999713897705,1.5499999523162842,1.5199999809265137,1.5299999713897705,945600
2026-06-01 13:45:00+00:00,CVCB3.SA,1.5299999713897705,1.559999942779541,1.5099999904632568,1.5299999713897705,1239300
2026-06-01 13:50:00+00:00,CVCB3.SA,1.5299999713897705,1.5299999713897705,1.5199999809265137,1.5199999809265137,61700
2026-06-01 13:55:00+00:00,CVCB3.SA,1.5299999713897705,1.5299999713897705,1.5199999809265137,1.5199999809265137,63500
2026-06-01 14:00:00+00:00,CVCB3.SA,1.5299999713897705,1.5299999713897705,1.5099999904632568,1.5199999809265137,278600
2026-06-01 14:05:00+00:00,CVCB3.SA,1.5299999713897705,1.5299999713897705,1.5,1.5099999904632568,381800
2026-06-01 14:10:00+00:00,CVCB3.SA,1.5099999904632568,1.5099999904632568,1.5,1.5099999904632568,534700
2026-06-01 14:15:00+00:00,CVCB3.SA,1.5099999904632568,1.5299999713897705,1.5,1.5199999809265137,344400
2026-06-01 14:20:00+00:00,CVCB3.SA,1.5199999809265137,1.5199999809265137,1.5,1.5099999904632568,140400
2026-06-01 14:25:00+00:00,CVCB3.SA,1.5099999904632568,1.5099999904632568,1.5,1.5,67600
2026-06-01 14:30:00+00:00,CVCB3.SA,1.5099999904632568,1.5199999809265137,1.5,1.5199999809265137,340700
2026-06-01 14:35:00+00:00,CVCB3.SA,1.5199999809265137,1.5399999618530273,1.5099999904632568,1.5299999713897705,570300
2026-06-01 14:40:00+00:00,CVCB3.SA,1.5299999713897705,1.5299999713897705,1.5099999904632568,1.5099999904632568,138700
2026-06-01 14:45:00+00:00,CVCB3.SA,1.5199999809265137,1.5199999809265137,1.5099999904632568,1.5099999904632568,41200
2026-06-01 14:50:00+00:00,CVCB3.SA,1.5199999809265137,1.5199999809265137,1.5099999904632568,1.5199999809265137,50500
2026-06-01 14:55:00+00:00,CVCB3.SA,1.5199999809265137,1.5199999809265137,1.5099999904632568,1.5099999904632568,50200
2026-06-01 15:00:00+00:00,CVCB3.SA,1.5099999904632568,1.5299999713897705,1.5099999904632568,1.5299999713897705,323100
2026-06-01 15:05:00+00:00,CVCB3.SA,1.5299999713897705,1.5299999713897705,1.5199999809265137,1.5199999809265137,80900
2026-06-01 15:10:00+00:00,CVCB3.SA,1.5199999809265137,1.5399999618530273,1.5199999809265137,1.5299999713897705,377400
2026-06-01 15:15:00+00:00,CVCB3.SA,1.5399999618530273,1.5399999618530273,1.5299999713897705,1.5299999713897705,58500
2026-06-01 15:20:00+00:00,CVCB3.SA,1.5299999713897705,1.5399999618530273,1.5299999713897705,1.5299999713897705,82700
2026-06-01 15:25:00+00:00,CVCB3.SA,1.5299999713897705,1.5499999523162842,1.5299999713897705,1.5399999618530273,299100
2026-06-01 15:30:00+00:00,CVCB3.SA,1.5399999618530273,1.559999942779541,1.5399999618530273,1.5499999523162842,351800
2026-06-01 15:35:00+00:00,CVCB3.SA,1.559999942779541,1.559999942779541,1.5499999523162842,1.559999942779541,127300
2026-06-01 15:40:00+00:00,CVCB3.SA,1.559999942779541,1.559999942779541,1.5499999523162842,1.5499999523162842,69300
2026-06-01 15:45:00+00:00,CVCB3.SA,1.5499999523162842,1.559999942779541,1.5499999523162842,1.559999942779541,57800
2026-06-01 15:50:00+00:00,CVCB3.SA,1.559999942779541,1.5700000524520874,1.5499999523162842,1.5700000524520874,140700
2026-06-01 15:55:00+00:00,CVCB3.SA,1.5700000524520874,1.5700000524520874,1.559999942779541,1.559999942779541,91200
2026-06-01 16:00:00+00:00,CVCB3.SA,1.5700000524520874,1.590000033378601,1.559999942779541,1.590000033378601,362600
2026-06-01 16:05:00+00:00,CVCB3.SA,1.590000033378601,1.590000033378601,1.5800000429153442,1.590000033378601,93000
2026-06-01 16:10:00+00:00,CVCB3.SA,1.590000033378601,1.590000033378601,1.5700000524520874,1.5700000524520874,577300
2026-06-01 16:15:00+00:00,CVCB3.SA,1.5800000429153442,1.5800000429153442,1.5700000524520874,1.5700000524520874,46300
2026-06-01 16:20:00+00:00,CVCB3.SA,1.5800000429153442,1.5800000429153442,1.5700000524520874,1.5800000429153442,81700
2026-06-01 16:25:00+00:00,CVCB3.SA,1.5700000524520874,1.600000023841858,1.5700000524520874,1.600000023841858,360800
2026-06-01 16:30:00+00:00,CVCB3.SA,1.600000023841858,1.600000023841858,1.590000033378601,1.600000023841858,67400
2026-06-01 16:35:00+00:00,CVCB3.SA,1.600000023841858,1.600000023841858,1.590000033378601,1.600000023841858,62500
2026-06-01 16:40:00+00:00,CVCB3.SA,1.600000023841858,1.600000023841858,1.5700000524520874,1.5800000429153442,323900
2026-06-01 16:45:00+00:00,CVCB3.SA,1.5800000429153442,1.5800000429153442,1.559999942779541,1.559999942779541,96500
2026-06-01 16:50:00+00:00,CVCB3.SA,1.559999942779541,1.5800000429153442,1.559999942779541,1.5700000524520874,209400
2026-06-01 16:55:00+00:00,CVCB3.SA,1.559999942779541,1.5700000524520874,1.559999942779541,1.559999942779541,71700
2026-06-01 17:00:00+00:00,CVCB3.SA,1.5700000524520874,1.5700000524520874,1.559999942779541,1.5700000524520874,21600
2026-06-01 17:05:00+00:00,CVCB3.SA,1.559999942779541,1.5700000524520874,1.559999942779541,1.5700000524520874,50700
2026-06-01 17:10:00+00:00,CVCB3.SA,1.559999942779541,1.5700000524520874,1.559999942779541,1.559999942779541,39000
2026-06-01 17:15:00+00:00,CVCB3.SA,1.5700000524520874,1.5700000524520874,1.5399999618530273,1.5399999618530273,276200
2026-06-01 17:20:00+00:00,CVCB3.SA,1.5399999618530273,1.5499999523162842,1.5399999618530273,1.5499999523162842,27000
2026-06-01 17:25:00+00:00,CVCB3.SA,1.5399999618530273,1.559999942779541,1.5399999618530273,1.5499999523162842,158000
2026-06-01 17:30:00+00:00,CVCB3.SA,1.5399999618530273,1.5499999523162842,1.5399999618530273,1.5499999523162842,122500
2026-06-01 17:35:00+00:00,CVCB3.SA,1.5399999618530273,1.5499999523162842,1.5399999618530273,1.5499999523162842,1105000
2026-06-01 17:40:00+00:00,CVCB3.SA,1.5399999618530273,1.5499999523162842,1.5399999618530273,1.5499999523162842,172800
2026-06-01 17:45:00+00:00,CVCB3.SA,1.5499999523162842,1.5499999523162842,1.5399999618530273,1.5499999523162842,25300
2026-06-01 17:50:00+00:00,CVCB3.SA,1.5499999523162842,1.5499999523162842,1.5399999618530273,1.5499999523162842,32100
2026-06-01 17:55:00+00:00,CVCB3.SA,1.5499999523162842,1.5499999523162842,1.5399999618530273,1.5399999618530273,25200
2026-06-01 18:00:00+00:00,CVCB3.SA,1.5499999523162842,1.5499999523162842,1.5299999713897705,1.5299999713897705,284500
2026-06-01 18:05:00+00:00,CVCB3.SA,1.5399999618530273,1.5499999523162842,1.5299999713897705,1.5399999618530273,342600
2026-06-01 18:10:00+00:00,CVCB3.SA,1.5299999713897705,1.5399999618530273,1.5299999713897705,1.5299999713897705,32400
2026-06-01 18:15:00+00:00,CVCB3.SA,1.5299999713897705,1.5399999618530273,1.5299999713897705,1.5399999618530273,43400
2026-06-01 18:20:00+00:00,CVCB3.SA,1.5399999618530273,1.5399999618530273,1.5299999713897705,1.5399999618530273,30300
2026-06-01 18:25:00+00:00,CVCB3.SA,1.5399999618530273,1.5399999618530273,1.5299999713897705,1.5399999618530273,19100
2026-06-01 18:30:00+00:00,CVCB3.SA,1.5399999618530273,1.5399999618530273,1.5299999713897705,1.5299999713897705,24100
2026-06-01 18:35:00+00:00,CVCB3.SA,1.5399999618530273,1.5399999618530273,1.5299999713897705,1.5299999713897705,22400
2026-06-01 18:40:00+00:00,CVCB3.SA,1.5299999713897705,1.5399999618530273,1.5299999713897705,1.5299999713897705,29200
2026-06-01 18:45:00+00:00,CVCB3.SA,1.5399999618530273,1.5399999618530273,1.5299999713897705,1.5399999618530273,36800
2026-06-01 18:50:00+00:00,CVCB3.SA,1.5399999618530273,1.5399999618530273,1.5299999713897705,1.5399999618530273,32700
2026-06-01 18:55:00+00:00,CVCB3.SA,1.5399999618530273,1.5499999523162842,1.5299999713897705,1.5499999523162842,150200
2026-06-01 19:00:00+00:00,CVCB3.SA,1.5499999523162842,1.5499999523162842,1.5399999618530273,1.5499999523162842,24700
2026-06-01 19:05:00+00:00,CVCB3.SA,1.5499999523162842,1.5499999523162842,1.5399999618530273,1.5399999618530273,84300
2026-06-01 19:10:00+00:00,CVCB3.SA,1.5399999618530273,1.5499999523162842,1.5399999618530273,1.5499999523162842,114100
2026-06-01 19:15:00+00:00,CVCB3.SA,1.5499999523162842,1.5499999523162842,1.5399999618530273,1.5499999523162842,48800
2026-06-01 19:20:00+00:00,CVCB3.SA,1.5499999523162842,1.5499999523162842,1.5399999618530273,1.5499999523162842,29700
2026-06-01 19:25:00+00:00,CVCB3.SA,1.5499999523162842,1.5499999523162842,1.5399999618530273,1.5499999523162842,392300
2026-06-01 19:30:00+00:00,CVCB3.SA,1.5499999523162842,1.5499999523162842,1.5399999618530273,1.5499999523162842,25400
2026-06-01 19:35:00+00:00,CVCB3.SA,1.5399999618530273,1.5499999523162842,1.5399999618530273,1.5399999618530273,99900
2026-06-01 19:40:00+00:00,CVCB3.SA,1.5499999523162842,1.5499999523162842,1.5399999618530273,1.5499999523162842,190800
2026-06-01 19:45:00+00:00,CVCB3.SA,1.5499999523162842,1.5499999523162842,1.5399999618530273,1.5399999618530273,101200
2026-06-01 19:50:00+00:00,CVCB3.SA,1.5499999523162842,1.559999942779541,1.5199999809265137,1.5299999713897705,1392300
2026-06-02 13:00:00+00:00,CVCB3.SA,1.5700000524520874,1.5700000524520874,1.5399999618530273,1.5499999523162842,0
2026-06-02 13:05:00+00:00,CVCB3.SA,1.5499999523162842,1.5499999523162842,1.5199999809265137,1.5299999713897705,90300
2026-06-02 13:10:00+00:00,CVCB3.SA,1.5299999713897705,1.5399999618530273,1.5299999713897705,1.5399999618530273,173100
2026-06-02 13:15:00+00:00,CVCB3.SA,1.5299999713897705,1.5399999618530273,1.5199999809265137,1.5199999809265137,106200
2026-06-02 13:20:00+00:00,CVCB3.SA,1.5199999809265137,1.5299999713897705,1.5199999809265137,1.5199999809265137,10200
2026-06-02 13:25:00+00:00,CVCB3.SA,1.5199999809265137,1.5299999713897705,1.5199999809265137,1.5199999809265137,15300
2026-06-02 13:30:00+00:00,CVCB3.SA,1.5199999809265137,1.5299999713897705,1.5199999809265137,1.5299999713897705,30100
2026-06-02 13:35:00+00:00,CVCB3.SA,1.5199999809265137,1.5299999713897705,1.5099999904632568,1.5099999904632568,554300
2026-06-02 13:40:00+00:00,CVCB3.SA,1.5099999904632568,1.5199999809265137,1.5,1.5099999904632568,251700
2026-06-02 13:45:00+00:00,CVCB3.SA,1.5099999904632568,1.5199999809265137,1.5099999904632568,1.5099999904632568,64600
2026-06-02 13:50:00+00:00,CVCB3.SA,1.5199999809265137,1.5199999809265137,1.5,1.5,185800
2026-06-02 13:55:00+00:00,CVCB3.SA,1.5099999904632568,1.5099999904632568,1.5,1.5,161600
2026-06-02 14:00:00+00:00,CVCB3.SA,1.5099999904632568,1.5099999904632568,1.4900000095367432,1.4900000095367432,261000
2026-06-02 14:05:00+00:00,CVCB3.SA,1.5,1.5,1.4900000095367432,1.5,304900
2026-06-02 14:10:00+00:00,CVCB3.SA,1.5,1.5099999904632568,1.4900000095367432,1.5099999904632568,118000
2026-06-02 14:15:00+00:00,CVCB3.SA,1.5,1.5099999904632568,1.4900000095367432,1.5099999904632568,249800
2026-06-02 14:20:00+00:00,CVCB3.SA,1.5099999904632568,1.5099999904632568,1.5,1.5099999904632568,127700
2026-06-02 14:25:00+00:00,CVCB3.SA,1.5,1.5199999809265137,1.5,1.5099999904632568,191300
2026-06-02 14:30:00+00:00,CVCB3.SA,1.5099999904632568,1.5299999713897705,1.5,1.5099999904632568,692700
2026-06-02 14:35:00+00:00,CVCB3.SA,1.5099999904632568,1.5199999809265137,1.5099999904632568,1.5099999904632568,14400
2026-06-02 14:40:00+00:00,CVCB3.SA,1.5199999809265137,1.5199999809265137,1.5,1.5099999904632568,332100
2026-06-02 14:45:00+00:00,CVCB3.SA,1.5,1.5099999904632568,1.5,1.5099999904632568,9300
2026-06-02 14:50:00+00:00,CVCB3.SA,1.5,1.5099999904632568,1.5,1.5099999904632568,8800
2026-06-02 14:55:00+00:00,CVCB3.SA,1.5099999904632568,1.5099999904632568,1.5,1.5,10900
2026-06-02 15:00:00+00:00,CVCB3.SA,1.5099999904632568,1.5099999904632568,1.5,1.5,11300
2026-06-02 15:05:00+00:00,CVCB3.SA,1.5099999904632568,1.5199999809265137,1.5,1.5199999809265137,233900
2026-06-02 15:10:00+00:00,CVCB3.SA,1.5199999809265137,1.5199999809265137,1.5099999904632568,1.5199999809265137,12600
2026-06-02 15:15:00+00:00,CVCB3.SA,1.5199999809265137,1.5299999713897705,1.5099999904632568,1.5299999713897705,285200
2026-06-02 15:20:00+00:00,CVCB3.SA,1.5299999713897705,1.5299999713897705,1.5199999809265137,1.5199999809265137,113400
2026-06-02 15:25:00+00:00,CVCB3.SA,1.5299999713897705,1.5399999618530273,1.5199999809265137,1.5299999713897705,368100
2026-06-02 15:30:00+00:00,CVCB3.SA,1.5399999618530273,1.5399999618530273,1.5299999713897705,1.5399999618530273,17700
2026-06-02 15:35:00+00:00,CVCB3.SA,1.5299999713897705,1.5399999618530273,1.5299999713897705,1.5399999618530273,33900
2026-06-02 15:40:00+00:00,CVCB3.SA,1.5299999713897705,1.5399999618530273,1.5299999713897705,1.5399999618530273,10600
2026-06-02 15:45:00+00:00,CVCB3.SA,1.5299999713897705,1.5399999618530273,1.5299999713897705,1.5299999713897705,9600
2026-06-02 15:50:00+00:00,CVCB3.SA,1.5299999713897705,1.5399999618530273,1.5299999713897705,1.5299999713897705,49800
2026-06-02 15:55:00+00:00,CVCB3.SA,1.5299999713897705,1.5399999618530273,1.5299999713897705,1.5299999713897705,21600
2026-06-02 16:00:00+00:00,CVCB3.SA,1.5299999713897705,1.5399999618530273,1.5299999713897705,1.5399999618530273,16500
2026-06-02 16:05:00+00:00,CVCB3.SA,1.5399999618530273,1.5399999618530273,1.5199999809265137,1.5199999809265137,42600
2026-06-02 16:10:00+00:00,CVCB3.SA,1.5199999809265137,1.5299999713897705,1.5199999809265137,1.5199999809265137,15800
2026-06-02 16:15:00+00:00,CVCB3.SA,1.5299999713897705,1.5299999713897705,1.5199999809265137,1.5299999713897705,10400
2026-06-02 16:20:00+00:00,CVCB3.SA,1.5199999809265137,1.5299999713897705,1.5099999904632568,1.5099999904632568,109600
2026-06-02 16:25:00+00:00,CVCB3.SA,1.5099999904632568,1.5199999809265137,1.5099999904632568,1.5099999904632568,5600
2026-06-02 16:30:00+00:00,CVCB3.SA,1.5099999904632568,1.5499999523162842,1.5099999904632568,1.5499999523162842,703300
2026-06-02 16:35:00+00:00,CVCB3.SA,1.5499999523162842,1.5499999523162842,1.5399999618530273,1.5499999523162842,11700
2026-06-02 16:40:00+00:00,CVCB3.SA,1.5399999618530273,1.5499999523162842,1.5299999713897705,1.5399999618530273,454100
2026-06-02 16:45:00+00:00,CVCB3.SA,1.5399999618530273,1.5399999618530273,1.5399999618530273,1.5399999618530273,22000
2026-06-02 16:50:00+00:00,CVCB3.SA,1.5399999618530273,1.5499999523162842,1.5399999618530273,1.5399999618530273,42200
2026-06-02 16:55:00+00:00,CVCB3.SA,1.5399999618530273,1.5499999523162842,1.5399999618530273,1.5399999618530273,10300
2026-06-02 17:00:00+00:00,CVCB3.SA,1.5399999618530273,1.5499999523162842,1.5399999618530273,1.5399999618530273,16500
2026-06-02 17:05:00+00:00,CVCB3.SA,1.5399999618530273,1.5499999523162842,1.5399999618530273,1.5399999618530273,2800
2026-06-02 17:10:00+00:00,CVCB3.SA,1.5399999618530273,1.5399999618530273,1.5299999713897705,1.5299999713897705,24200
2026-06-02 17:15:00+00:00,CVCB3.SA,1.5299999713897705,1.5499999523162842,1.5299999713897705,1.5399999618530273,180400
2026-06-02 17:20:00+00:00,CVCB3.SA,1.5399999618530273,1.5499999523162842,1.5399999618530273,1.5399999618530273,335400
2026-06-02 17:25:00+00:00,CVCB3.SA,1.5399999618530273,1.5399999618530273,1.5199999809265137,1.5299999713897705,351000
2026-06-02 17:30:00+00:00,CVCB3.SA,1.5199999809265137,1.5299999713897705,1.5199999809265137,1.5199999809265137,43100
2026-06-02 17:35:00+00:00,CVCB3.SA,1.5299999713897705,1.5399999618530273,1.5299999713897705,1.5399999618530273,323600
2026-06-02 17:40:00+00:00,CVCB3.SA,1.5299999713897705,1.5399999618530273,1.5299999713897705,1.5399999618530273,4300
2026-06-02 17:45:00+00:00,CVCB3.SA,1.5399999618530273,1.5399999618530273,1.5299999713897705,1.5399999618530273,8700
2026-06-02 17:50:00+00:00,CVCB3.SA,1.5399999618530273,1.5399999618530273,1.5299999713897705,1.5299999713897705,8800
2026-06-02 17:55:00+00:00,CVCB3.SA,1.5399999618530273,1.5399999618530273,1.5299999713897705,1.5399999618530273,17300
2026-06-02 18:00:00+00:00,CVCB3.SA,1.5299999713897705,1.5399999618530273,1.5299999713897705,1.5299999713897705,10300
2026-06-02 18:05:00+00:00,CVCB3.SA,1.5399999618530273,1.5399999618530273,1.5299999713897705,1.5399999618530273,183000
2026-06-02 18:10:00+00:00,CVCB3.SA,1.5399999618530273,1.5399999618530273,1.5299999713897705,1.5399999618530273,8100
2026-06-02 18:15:00+00:00,CVCB3.SA,1.5299999713897705,1.5399999618530273,1.5299999713897705,1.5399999618530273,12500
2026-06-02 18:20:00+00:00,CVCB3.SA,1.5399999618530273,1.5399999618530273,1.5299999713897705,1.5399999618530273,47600
2026-06-02 18:25:00+00:00,CVCB3.SA,1.5299999713897705,1.5399999618530273,1.5299999713897705,1.5399999618530273,18600
2026-06-02 18:30:00+00:00,CVCB3.SA,1.5399999618530273,1.5399999618530273,1.5299999713897705,1.5399999618530273,78100
2026-06-02 18:35:00+00:00,CVCB3.SA,1.5399999618530273,1.5399999618530273,1.5299999713897705,1.5399999618530273,47300
2026-06-02 18:40:00+00:00,CVCB3.SA,1.5399999618530273,1.5399999618530273,1.5199999809265137,1.5299999713897705,240700
2026-06-02 18:45:00+00:00,CVCB3.SA,1.5199999809265137,1.5299999713897705,1.5199999809265137,1.5299999713897705,14800
2026-06-02 18:50:00+00:00,CVCB3.SA,1.5199999809265137,1.5299999713897705,1.5199999809265137,1.5299999713897705,18300
2026-06-02 18:55:00+00:00,CVCB3.SA,1.5299999713897705,1.5299999713897705,1.5199999809265137,1.5299999713897705,11200
2026-06-02 19:00:00+00:00,CVCB3.SA,1.5199999809265137,1.5299999713897705,1.5199999809265137,1.5299999713897705,25900
2026-06-02 19:05:00+00:00,CVCB3.SA,1.5199999809265137,1.5299999713897705,1.5199999809265137,1.5199999809265137,21300
2026-06-02 19:10:00+00:00,CVCB3.SA,1.5299999713897705,1.5299999713897705,1.5199999809265137,1.5299999713897705,18700
2026-06-02 19:15:00+00:00,CVCB3.SA,1.5199999809265137,1.5299999713897705,1.5199999809265137,1.5299999713897705,39100
2026-06-02 19:20:00+00:00,CVCB3.SA,1.5199999809265137,1.5299999713897705,1.5199999809265137,1.5199999809265137,218700
2026-06-02 19:25:00+00:00,CVCB3.SA,1.5199999809265137,1.5299999713897705,1.5099999904632568,1.5199999809265137,120500
2026-06-02 19:30:00+00:00,CVCB3.SA,1.5099999904632568,1.5299999713897705,1.5099999904632568,1.5299999713897705,107600
2026-06-02 19:35:00+00:00,CVCB3.SA,1.5199999809265137,1.5299999713897705,1.5199999809265137,1.5199999809265137,62300
2026-06-02 19:40:00+00:00,CVCB3.SA,1.5299999713897705,1.5299999713897705,1.5099999904632568,1.5199999809265137,105700
2026-06-02 19:45:00+00:00,CVCB3.SA,1.5199999809265137,1.5399999618530273,1.5199999809265137,1.5399999618530273,1231000
2026-06-02 19:50:00+00:00,CVCB3.SA,1.5299999713897705,1.5399999618530273,1.5299999713897705,1.5299999713897705,37900
2026-06-03 13:05:00+00:00,CVCB3.SA,1.5099999904632568,1.5099999904632568,1.5,1.5,0
2026-06-03 13:10:00+00:00,CVCB3.SA,1.5,1.5099999904632568,1.5,1.5,87900
2026-06-03 13:15:00+00:00,CVCB3.SA,1.5099999904632568,1.5099999904632568,1.4900000095367432,1.4900000095367432,142500
2026-06-03 13:20:00+00:00,CVCB3.SA,1.4900000095367432,1.5099999904632568,1.4900000095367432,1.5099999904632568,92700
2026-06-03 13:25:00+00:00,CVCB3.SA,1.5,1.5099999904632568,1.5,1.5099999904632568,58100
2026-06-03 13:30:00+00:00,CVCB3.SA,1.5,1.5199999809265137,1.5,1.5099999904632568,44800
2026-06-03 13:35:00+00:00,CVCB3.SA,1.5099999904632568,1.5299999713897705,1.5099999904632568,1.5199999809265137,84600
2026-06-03 13:40:00+00:00,CVCB3.SA,1.5199999809265137,1.5299999713897705,1.5099999904632568,1.5199999809265137,48900
2026-06-03 13:45:00+00:00,CVCB3.SA,1.5299999713897705,1.5299999713897705,1.5099999904632568,1.5099999904632568,35300
2026-06-03 13:50:00+00:00,CVCB3.SA,1.5099999904632568,1.5199999809265137,1.5,1.5,278800
2026-06-03 13:55:00+00:00,CVCB3.SA,1.4900000095367432,1.5,1.4800000190734863,1.4800000190734863,355200
2026-06-03 14:00:00+00:00,CVCB3.SA,1.4900000095367432,1.4900000095367432,1.4800000190734863,1.4900000095367432,113900
2026-06-03 14:05:00+00:00,CVCB3.SA,1.4900000095367432,1.4900000095367432,1.4800000190734863,1.4900000095367432,30600
2026-06-03 14:10:00+00:00,CVCB3.SA,1.4900000095367432,1.4900000095367432,1.4700000286102295,1.4800000190734863,240000
2026-06-03 14:15:00+00:00,CVCB3.SA,1.4800000190734863,1.4800000190734863,1.4700000286102295,1.4800000190734863,36800
2026-06-03 14:20:00+00:00,CVCB3.SA,1.4800000190734863,1.4800000190734863,1.4700000286102295,1.4800000190734863,49800
2026-06-03 14:25:00+00:00,CVCB3.SA,1.4700000286102295,1.4800000190734863,1.4700000286102295,1.4700000286102295,32900
2026-06-03 14:30:00+00:00,CVCB3.SA,1.4800000190734863,1.4800000190734863,1.4700000286102295,1.4800000190734863,53300
2026-06-03 14:35:00+00:00,CVCB3.SA,1.4800000190734863,1.4900000095367432,1.4700000286102295,1.4900000095367432,158600
2026-06-03 14:40:00+00:00,CVCB3.SA,1.4900000095367432,1.4900000095367432,1.4800000190734863,1.4900000095367432,0
2026-06-03 14:45:00+00:00,CVCB3.SA,1.4900000095367432,1.4900000095367432,1.4800000190734863,1.4900000095367432,15100
2026-06-03 14:50:00+00:00,CVCB3.SA,1.4900000095367432,1.4900000095367432,1.4800000190734863,1.4800000190734863,15700
2026-06-03 14:55:00+00:00,CVCB3.SA,1.4900000095367432,1.4900000095367432,1.4800000190734863,1.4900000095367432,15600
2026-06-03 15:00:00+00:00,CVCB3.SA,1.4900000095367432,1.4900000095367432,1.4800000190734863,1.4900000095367432,12700
2026-06-03 15:05:00+00:00,CVCB3.SA,1.4800000190734863,1.4900000095367432,1.4800000190734863,1.4800000190734863,6900
2026-06-03 15:10:00+00:00,CVCB3.SA,1.4800000190734863,1.4900000095367432,1.4800000190734863,1.4900000095367432,14500
2026-06-03 15:15:00+00:00,CVCB3.SA,1.4800000190734863,1.4900000095367432,1.4800000190734863,1.4900000095367432,138900
2026-06-03 15:20:00+00:00,CVCB3.SA,1.4900000095367432,1.4900000095367432,1.4800000190734863,1.4900000095367432,72700
2026-06-03 15:25:00+00:00,CVCB3.SA,1.4800000190734863,1.4900000095367432,1.4800000190734863,1.4900000095367432,7000
2026-06-03 15:30:00+00:00,CVCB3.SA,1.4900000095367432,1.4900000095367432,1.4800000190734863,1.4900000095367432,14200
2026-06-03 15:35:00+00:00,CVCB3.SA,1.4900000095367432,1.4900000095367432,1.4800000190734863,1.4800000190734863,27800
2026-06-03 15:40:00+00:00,CVCB3.SA,1.4900000095367432,1.4900000095367432,1.4800000190734863,1.4900000095367432,49300
2026-06-03 15:45:00+00:00,CVCB3.SA,1.4900000095367432,1.4900000095367432,1.4800000190734863,1.4800000190734863,10200
2026-06-03 15:50:00+00:00,CVCB3.SA,1.4800000190734863,1.4900000095367432,1.4800000190734863,1.4800000190734863,15200
2026-06-03 15:55:00+00:00,CVCB3.SA,1.4800000190734863,1.4900000095367432,1.4800000190734863,1.4800000190734863,10500
2026-06-03 16:00:00+00:00,CVCB3.SA,1.4900000095367432,1.4900000095367432,1.4800000190734863,1.4800000190734863,4900
2026-06-03 16:05:00+00:00,CVCB3.SA,1.4900000095367432,1.4900000095367432,1.4800000190734863,1.4800000190734863,12600
2026-06-03 16:10:00+00:00,CVCB3.SA,1.4800000190734863,1.4900000095367432,1.4800000190734863,1.4800000190734863,20800
2026-06-03 16:15:00+00:00,CVCB3.SA,1.4800000190734863,1.4900000095367432,1.4800000190734863,1.4900000095367432,7600
2026-06-03 16:20:00+00:00,CVCB3.SA,1.4800000190734863,1.4900000095367432,1.4800000190734863,1.4900000095367432,4600
2026-06-03 16:25:00+00:00,CVCB3.SA,1.4900000095367432,1.4900000095367432,1.4800000190734863,1.4900000095367432,7400
2026-06-03 16:30:00+00:00,CVCB3.SA,1.4900000095367432,1.4900000095367432,1.4800000190734863,1.4900000095367432,317100
2026-06-03 16:35:00+00:00,CVCB3.SA,1.4800000190734863,1.4900000095367432,1.4800000190734863,1.4800000190734863,13200
2026-06-03 16:40:00+00:00,CVCB3.SA,1.4800000190734863,1.4900000095367432,1.4800000190734863,1.4800000190734863,125200
2026-06-03 16:45:00+00:00,CVCB3.SA,1.4900000095367432,1.4900000095367432,1.4800000190734863,1.4800000190734863,59200
2026-06-03 16:50:00+00:00,CVCB3.SA,1.4800000190734863,1.4900000095367432,1.4800000190734863,1.4900000095367432,77500
2026-06-03 16:55:00+00:00,CVCB3.SA,1.4800000190734863,1.4900000095367432,1.4800000190734863,1.4800000190734863,4600
2026-06-03 17:00:00+00:00,CVCB3.SA,1.4800000190734863,1.4900000095367432,1.4800000190734863,1.4800000190734863,27100
2026-06-03 17:05:00+00:00,CVCB3.SA,1.4800000190734863,1.4900000095367432,1.4800000190734863,1.4800000190734863,37400
2026-06-03 17:10:00+00:00,CVCB3.SA,1.4800000190734863,1.4900000095367432,1.4800000190734863,1.4800000190734863,12400
2026-06-03 17:15:00+00:00,CVCB3.SA,1.4800000190734863,1.4900000095367432,1.4500000476837158,1.4600000381469727,758000
2026-06-03 17:20:00+00:00,CVCB3.SA,1.4500000476837158,1.4600000381469727,1.4500000476837158,1.4500000476837158,73600
2026-06-03 17:25:00+00:00,CVCB3.SA,1.4600000381469727,1.4600000381469727,1.4500000476837158,1.4600000381469727,21900
2026-06-03 17:30:00+00:00,CVCB3.SA,1.4600000381469727,1.4600000381469727,1.4500000476837158,1.4600000381469727,121000
2026-06-03 17:35:00+00:00,CVCB3.SA,1.4500000476837158,1.4700000286102295,1.4500000476837158,1.4700000286102295,69300
2026-06-03 17:40:00+00:00,CVCB3.SA,1.4700000286102295,1.4700000286102295,1.4500000476837158,1.4600000381469727,143400
2026-06-03 17:45:00+00:00,CVCB3.SA,1.4500000476837158,1.4600000381469727,1.4500000476837158,1.4500000476837158,19700
2026-06-03 17:50:00+00:00,CVCB3.SA,1.4600000381469727,1.4600000381469727,1.4500000476837158,1.4500000476837158,38200
2026-06-03 17:55:00+00:00,CVCB3.SA,1.4500000476837158,1.4600000381469727,1.4500000476837158,1.4500000476837158,11300
2026-06-03 18:00:00+00:00,CVCB3.SA,1.4600000381469727,1.4600000381469727,1.4500000476837158,1.4500000476837158,11700
2026-06-03 18:05:00+00:00,CVCB3.SA,1.4600000381469727,1.4700000286102295,1.4500000476837158,1.4700000286102295,32900
2026-06-03 18:10:00+00:00,CVCB3.SA,1.4600000381469727,1.4700000286102295,1.4600000381469727,1.4700000286102295,18000
2026-06-03 18:15:00+00:00,CVCB3.SA,1.4700000286102295,1.4700000286102295,1.4600000381469727,1.4700000286102295,12500
2026-06-03 18:20:00+00:00,CVCB3.SA,1.4600000381469727,1.4700000286102295,1.4600000381469727,1.4600000381469727,15500
2026-06-03 18:25:00+00:00,CVCB3.SA,1.4600000381469727,1.4700000286102295,1.4600000381469727,1.4700000286102295,10100
2026-06-03 18:30:00+00:00,CVCB3.SA,1.4600000381469727,1.4700000286102295,1.4600000381469727,1.4600000381469727,11100
2026-06-03 18:35:00+00:00,CVCB3.SA,1.4700000286102295,1.4700000286102295,1.4600000381469727,1.4600000381469727,12000
2026-06-03 18:40:00+00:00,CVCB3.SA,1.4700000286102295,1.4700000286102295,1.4600000381469727,1.4700000286102295,12400
2026-06-03 18:45:00+00:00,CVCB3.SA,1.4700000286102295,1.4700000286102295,1.4600000381469727,1.4600000381469727,20100
2026-06-03 18:50:00+00:00,CVCB3.SA,1.4700000286102295,1.4700000286102295,1.4600000381469727,1.4700000286102295,38100
2026-06-03 18:55:00+00:00,CVCB3.SA,1.4600000381469727,1.4700000286102295,1.4600000381469727,1.4600000381469727,8700
2026-06-03 19:00:00+00:00,CVCB3.SA,1.4700000286102295,1.4700000286102295,1.4600000381469727,1.4700000286102295,12200
2026-06-03 19:05:00+00:00,CVCB3.SA,1.4600000381469727,1.4700000286102295,1.4600000381469727,1.4600000381469727,6000
2026-06-03 19:10:00+00:00,CVCB3.SA,1.4600000381469727,1.4700000286102295,1.4600000381469727,1.4700000286102295,34500
2026-06-03 19:15:00+00:00,CVCB3.SA,1.4700000286102295,1.4700000286102295,1.4600000381469727,1.4700000286102295,35000
2026-06-03 19:20:00+00:00,CVCB3.SA,1.4700000286102295,1.4700000286102295,1.4600000381469727,1.4700000286102295,25500
2026-06-03 19:25:00+00:00,CVCB3.SA,1.4700000286102295,1.4700000286102295,1.4600000381469727,1.4700000286102295,35200
2026-06-03 19:30:00+00:00,CVCB3.SA,1.4700000286102295,1.4700000286102295,1.4600000381469727,1.4600000381469727,13900
2026-06-03 19:35:00+00:00,CVCB3.SA,1.4600000381469727,1.4700000286102295,1.4600000381469727,1.4700000286102295,115700
2026-06-03 19:40:00+00:00,CVCB3.SA,1.4600000381469727,1.4700000286102295,1.4600000381469727,1.4700000286102295,67200
2026-06-03 19:45:00+00:00,CVCB3.SA,1.4700000286102295,1.4700000286102295,1.4600000381469727,1.4700000286102295,31400
2026-06-03 19:50:00+00:00,CVCB3.SA,1.4600000381469727,1.4700000286102295,1.4600000381469727,1.4700000286102295,137900
2026-06-05 13:00:00+00:00,CVCB3.SA,1.4800000190734863,1.4800000190734863,1.4700000286102295,1.4800000190734863,0
2026-06-05 13:05:00+00:00,CVCB3.SA,1.4800000190734863,1.5,1.4800000190734863,1.4900000095367432,72000
2026-06-05 13:10:00+00:00,CVCB3.SA,1.4900000095367432,1.5099999904632568,1.4900000095367432,1.4900000095367432,130300
2026-06-05 13:15:00+00:00,CVCB3.SA,1.5,1.5099999904632568,1.4900000095367432,1.4900000095367432,71400
2026-06-05 13:20:00+00:00,CVCB3.SA,1.4900000095367432,1.5,1.4900000095367432,1.4900000095367432,71500
2026-06-05 13:25:00+00:00,CVCB3.SA,1.4900000095367432,1.4900000095367432,1.4700000286102295,1.4700000286102295,423900
2026-06-05 13:30:00+00:00,CVCB3.SA,1.4700000286102295,1.4800000190734863,1.4700000286102295,1.4700000286102295,26300
2026-06-05 13:35:00+00:00,CVCB3.SA,1.4700000286102295,1.4800000190734863,1.4700000286102295,1.4800000190734863,137200
2026-06-05 13:40:00+00:00,CVCB3.SA,1.4800000190734863,1.4900000095367432,1.4800000190734863,1.4900000095367432,56900
2026-06-05 13:45:00+00:00,CVCB3.SA,1.4800000190734863,1.4900000095367432,1.4700000286102295,1.4700000286102295,80100
2026-06-05 13:50:00+00:00,CVCB3.SA,1.4700000286102295,1.4900000095367432,1.4700000286102295,1.4900000095367432,538000
2026-06-05 13:55:00+00:00,CVCB3.SA,1.4900000095367432,1.5,1.4800000190734863,1.4900000095367432,238000
2026-06-05 14:00:00+00:00,CVCB3.SA,1.4800000190734863,1.4900000095367432,1.4800000190734863,1.4900000095367432,219700
2026-06-05 14:05:00+00:00,CVCB3.SA,1.4800000190734863,1.4900000095367432,1.4800000190734863,1.4800000190734863,80300
2026-06-05 14:10:00+00:00,CVCB3.SA,1.4800000190734863,1.4900000095367432,1.4800000190734863,1.4800000190734863,44100
2026-06-05 14:15:00+00:00,CVCB3.SA,1.4800000190734863,1.4900000095367432,1.4800000190734863,1.4900000095367432,28800
2026-06-05 14:20:00+00:00,CVCB3.SA,1.4800000190734863,1.4900000095367432,1.4700000286102295,1.4700000286102295,442500
2026-06-05 14:25:00+00:00,CVCB3.SA,1.4700000286102295,1.4800000190734863,1.4700000286102295,1.4700000286102295,27000
2026-06-05 14:30:00+00:00,CVCB3.SA,1.4700000286102295,1.4800000190734863,1.4700000286102295,1.4700000286102295,28100
2026-06-05 14:35:00+00:00,CVCB3.SA,1.4700000286102295,1.4800000190734863,1.4600000381469727,1.4600000381469727,266900
2026-06-05 14:40:00+00:00,CVCB3.SA,1.4600000381469727,1.4700000286102295,1.4600000381469727,1.4600000381469727,46000
2026-06-05 14:45:00+00:00,CVCB3.SA,1.4700000286102295,1.4700000286102295,1.4600000381469727,1.4700000286102295,29400
2026-06-05 14:50:00+00:00,CVCB3.SA,1.4600000381469727,1.4700000286102295,1.4600000381469727,1.4600000381469727,26900
2026-06-05 14:55:00+00:00,CVCB3.SA,1.4600000381469727,1.4700000286102295,1.4600000381469727,1.4600000381469727,36000
2026-06-05 15:00:00+00:00,CVCB3.SA,1.4600000381469727,1.4700000286102295,1.4600000381469727,1.4600000381469727,60800
2026-06-05 15:05:00+00:00,CVCB3.SA,1.4600000381469727,1.4700000286102295,1.4600000381469727,1.4600000381469727,25300
2026-06-05 15:10:00+00:00,CVCB3.SA,1.4700000286102295,1.4700000286102295,1.4600000381469727,1.4600000381469727,26300
2026-06-05 15:15:00+00:00,CVCB3.SA,1.4600000381469727,1.4700000286102295,1.4600000381469727,1.4600000381469727,16900
2026-06-05 15:20:00+00:00,CVCB3.SA,1.4600000381469727,1.4700000286102295,1.4600000381469727,1.4600000381469727,24500
2026-06-05 15:25:00+00:00,CVCB3.SA,1.4600000381469727,1.4700000286102295,1.4600000381469727,1.4600000381469727,21700
2026-06-05 15:30:00+00:00,CVCB3.SA,1.4700000286102295,1.4700000286102295,1.4600000381469727,1.4600000381469727,43600
2026-06-05 15:35:00+00:00,CVCB3.SA,1.4600000381469727,1.4700000286102295,1.4500000476837158,1.4500000476837158,313000
2026-06-05 15:40:00+00:00,CVCB3.SA,1.4500000476837158,1.4600000381469727,1.4500000476837158,1.4600000381469727,24500
2026-06-05 15:45:00+00:00,CVCB3.SA,1.4500000476837158,1.4600000381469727,1.4500000476837158,1.4500000476837158,19800
2026-06-05 15:50:00+00:00,CVCB3.SA,1.4500000476837158,1.4600000381469727,1.4500000476837158,1.4500000476837158,27200
2026-06-05 15:55:00+00:00,CVCB3.SA,1.4500000476837158,1.4600000381469727,1.4500000476837158,1.4500000476837158,26100
2026-06-05 16:00:00+00:00,CVCB3.SA,1.4500000476837158,1.4600000381469727,1.4500000476837158,1.4500000476837158,19700
2026-06-05 16:05:00+00:00,CVCB3.SA,1.4500000476837158,1.4600000381469727,1.4500000476837158,1.4500000476837158,28200
2026-06-05 16:10:00+00:00,CVCB3.SA,1.4500000476837158,1.4700000286102295,1.4500000476837158,1.4600000381469727,162600
2026-06-05 16:15:00+00:00,CVCB3.SA,1.4600000381469727,1.4700000286102295,1.4600000381469727,1.4700000286102295,25400
2026-06-05 16:20:00+00:00,CVCB3.SA,1.4600000381469727,1.4700000286102295,1.4600000381469727,1.4600000381469727,15400
2026-06-05 16:25:00+00:00,CVCB3.SA,1.4600000381469727,1.4700000286102295,1.4600000381469727,1.4600000381469727,23400
2026-06-05 16:30:00+00:00,CVCB3.SA,1.4600000381469727,1.4700000286102295,1.4600000381469727,1.4600000381469727,22400
2026-06-05 16:35:00+00:00,CVCB3.SA,1.4600000381469727,1.4700000286102295,1.4600000381469727,1.4600000381469727,31200
2026-06-05 16:40:00+00:00,CVCB3.SA,1.4600000381469727,1.4700000286102295,1.4600000381469727,1.4600000381469727,56900
2026-06-05 16:45:00+00:00,CVCB3.SA,1.4600000381469727,1.4700000286102295,1.4500000476837158,1.4600000381469727,350500
2026-06-05 16:50:00+00:00,CVCB3.SA,1.4600000381469727,1.4700000286102295,1.4600000381469727,1.4600000381469727,25000
2026-06-05 16:55:00+00:00,CVCB3.SA,1.4600000381469727,1.4700000286102295,1.4600000381469727,1.4600000381469727,19900
2026-06-05 17:00:00+00:00,CVCB3.SA,1.4600000381469727,1.4700000286102295,1.4600000381469727,1.4600000381469727,24900
2026-06-05 17:05:00+00:00,CVCB3.SA,1.4700000286102295,1.4700000286102295,1.4600000381469727,1.4600000381469727,21100
2026-06-05 17:10:00+00:00,CVCB3.SA,1.4600000381469727,1.4700000286102295,1.4600000381469727,1.4600000381469727,38800
2026-06-05 17:15:00+00:00,CVCB3.SA,1.4600000381469727,1.4700000286102295,1.4600000381469727,1.4600000381469727,30800
2026-06-05 17:20:00+00:00,CVCB3.SA,1.4600000381469727,1.4700000286102295,1.4600000381469727,1.4600000381469727,31400
2026-06-05 17:25:00+00:00,CVCB3.SA,1.4600000381469727,1.4700000286102295,1.4600000381469727,1.4600000381469727,30700
2026-06-05 17:30:00+00:00,CVCB3.SA,1.4600000381469727,1.4700000286102295,1.4600000381469727,1.4600000381469727,27700
2026-06-05 17:35:00+00:00,CVCB3.SA,1.4600000381469727,1.4700000286102295,1.4600000381469727,1.4600000381469727,20400
2026-06-05 17:40:00+00:00,CVCB3.SA,1.4600000381469727,1.4700000286102295,1.4600000381469727,1.4600000381469727,24500
2026-06-05 17:45:00+00:00,CVCB3.SA,1.4600000381469727,1.4700000286102295,1.4600000381469727,1.4700000286102295,20700
2026-06-05 17:50:00+00:00,CVCB3.SA,1.4700000286102295,1.4700000286102295,1.4600000381469727,1.4600000381469727,19000
2026-06-05 17:55:00+00:00,CVCB3.SA,1.4600000381469727,1.4700000286102295,1.4600000381469727,1.4600000381469727,18000
2026-06-05 18:00:00+00:00,CVCB3.SA,1.4700000286102295,1.4700000286102295,1.4600000381469727,1.4600000381469727,10000
2026-06-05 18:05:00+00:00,CVCB3.SA,1.4600000381469727,1.4700000286102295,1.4600000381469727,1.4700000286102295,40000
2026-06-05 18:10:00+00:00,CVCB3.SA,1.4600000381469727,1.4700000286102295,1.4600000381469727,1.4700000286102295,13500
2026-06-05 18:15:00+00:00,CVCB3.SA,1.4600000381469727,1.4700000286102295,1.4600000381469727,1.4600000381469727,15400
2026-06-05 18:20:00+00:00,CVCB3.SA,1.4700000286102295,1.4800000190734863,1.4600000381469727,1.4700000286102295,744800
2026-06-05 18:25:00+00:00,CVCB3.SA,1.4700000286102295,1.4800000190734863,1.4700000286102295,1.4700000286102295,35000
2026-06-05 18:30:00+00:00,CVCB3.SA,1.4700000286102295,1.4800000190734863,1.4700000286102295,1.4800000190734863,19100
2026-06-05 18:35:00+00:00,CVCB3.SA,1.4700000286102295,1.4800000190734863,1.4700000286102295,1.4700000286102295,39900
2026-06-05 18:40:00+00:00,CVCB3.SA,1.4700000286102295,1.4800000190734863,1.4700000286102295,1.4700000286102295,28700
2026-06-05 18:45:00+00:00,CVCB3.SA,1.4700000286102295,1.4800000190734863,1.4700000286102295,1.4700000286102295,19300
2026-06-05 18:50:00+00:00,CVCB3.SA,1.4800000190734863,1.4800000190734863,1.4700000286102295,1.4700000286102295,10300
2026-06-05 18:55:00+00:00,CVCB3.SA,1.4800000190734863,1.4800000190734863,1.4600000381469727,1.4600000381469727,114500
2026-06-05 19:00:00+00:00,CVCB3.SA,1.4600000381469727,1.4700000286102295,1.4600000381469727,1.4700000286102295,7700
2026-06-05 19:05:00+00:00,CVCB3.SA,1.4700000286102295,1.4700000286102295,1.4600000381469727,1.4600000381469727,209700
2026-06-05 19:10:00+00:00,CVCB3.SA,1.4600000381469727,1.4600000381469727,1.4500000476837158,1.4600000381469727,52300
2026-06-05 19:15:00+00:00,CVCB3.SA,1.4500000476837158,1.4600000381469727,1.4500000476837158,1.4500000476837158,40200
2026-06-05 19:20:00+00:00,CVCB3.SA,1.4500000476837158,1.4600000381469727,1.4500000476837158,1.4500000476837158,25400
2026-06-05 19:25:00+00:00,CVCB3.SA,1.4500000476837158,1.4600000381469727,1.4500000476837158,1.4500000476837158,368100
2026-06-05 19:30:00+00:00,CVCB3.SA,1.4500000476837158,1.4600000381469727,1.440000057220459,1.4500000476837158,331500
2026-06-05 19:35:00+00:00,CVCB3.SA,1.440000057220459,1.4500000476837158,1.440000057220459,1.440000057220459,163500
2026-06-05 19:40:00+00:00,CVCB3.SA,1.440000057220459,1.4500000476837158,1.440000057220459,1.440000057220459,140800
2026-06-05 19:45:00+00:00,CVCB3.SA,1.440000057220459,1.4500000476837158,1.440000057220459,1.440000057220459,92900
2026-06-05 19:50:00+00:00,CVCB3.SA,1.440000057220459,1.4500000476837158,1.440000057220459,1.4500000476837158,110100
2026-06-08 13:00:00+00:00,CVCB3.SA,1.4299999475479126,1.440000057220459,1.4199999570846558,1.440000057220459,0
2026-06-08 13:05:00+00:00,CVCB3.SA,1.4299999475479126,1.4500000476837158,1.399999976158142,1.4299999475479126,661400
2026-06-08 13:10:00+00:00,CVCB3.SA,1.4299999475479126,1.440000057220459,1.4199999570846558,1.4299999475479126,149700
2026-06-08 13:15:00+00:00,CVCB3.SA,1.4299999475479126,1.4299999475479126,1.4199999570846558,1.4299999475479126,102200
2026-06-08 13:20:00+00:00,CVCB3.SA,1.4199999570846558,1.4299999475479126,1.409999966621399,1.4299999475479126,229700
2026-06-08 13:25:00+00:00,CVCB3.SA,1.4199999570846558,1.4299999475479126,1.4199999570846558,1.4299999475479126,4200
2026-06-08 13:30:00+00:00,CVCB3.SA,1.4299999475479126,1.4299999475479126,1.4199999570846558,1.4199999570846558,226400
2026-06-08 13:35:00+00:00,CVCB3.SA,1.4199999570846558,1.4299999475479126,1.4199999570846558,1.4199999570846558,34800
2026-06-08 13:40:00+00:00,CVCB3.SA,1.4299999475479126,1.4299999475479126,1.4199999570846558,1.4199999570846558,73500
2026-06-08 13:45:00+00:00,CVCB3.SA,1.4199999570846558,1.4299999475479126,1.409999966621399,1.4199999570846558,182300
2026-06-08 13:50:00+00:00,CVCB3.SA,1.4199999570846558,1.4299999475479126,1.4199999570846558,1.4199999570846558,18100
2026-06-08 13:55:00+00:00,CVCB3.SA,1.4199999570846558,1.4299999475479126,1.4199999570846558,1.4199999570846558,6800
2026-06-08 14:00:00+00:00,CVCB3.SA,1.4199999570846558,1.4199999570846558,1.409999966621399,1.409999966621399,103800
2026-06-08 14:05:00+00:00,CVCB3.SA,1.409999966621399,1.4199999570846558,1.409999966621399,1.409999966621399,62800
2026-06-08 14:10:00+00:00,CVCB3.SA,1.409999966621399,1.4199999570846558,1.409999966621399,1.409999966621399,54600
2026-06-08 14:15:00+00:00,CVCB3.SA,1.409999966621399,1.4199999570846558,1.409999966621399,1.4199999570846558,10000
2026-06-08 14:20:00+00:00,CVCB3.SA,1.4199999570846558,1.4199999570846558,1.409999966621399,1.409999966621399,26500
2026-06-08 14:25:00+00:00,CVCB3.SA,1.409999966621399,1.4199999570846558,1.409999966621399,1.409999966621399,11200
2026-06-08 14:30:00+00:00,CVCB3.SA,1.409999966621399,1.4199999570846558,1.409999966621399,1.4199999570846558,13000
2026-06-08 14:35:00+00:00,CVCB3.SA,1.409999966621399,1.4299999475479126,1.409999966621399,1.4299999475479126,182000
2026-06-08 14:40:00+00:00,CVCB3.SA,1.4299999475479126,1.4299999475479126,1.4199999570846558,1.4299999475479126,10900
2026-06-08 14:45:00+00:00,CVCB3.SA,1.4299999475479126,1.4299999475479126,1.4199999570846558,1.4199999570846558,11400
2026-06-08 14:50:00+00:00,CVCB3.SA,1.4299999475479126,1.4299999475479126,1.4199999570846558,1.4299999475479126,19800
2026-06-08 14:55:00+00:00,CVCB3.SA,1.4199999570846558,1.4299999475479126,1.4199999570846558,1.4199999570846558,12600
2026-06-08 15:00:00+00:00,CVCB3.SA,1.4199999570846558,1.4299999475479126,1.4199999570846558,1.4199999570846558,22900
2026-06-08 15:05:00+00:00,CVCB3.SA,1.4199999570846558,1.4299999475479126,1.4199999570846558,1.4199999570846558,9800
2026-06-08 15:10:00+00:00,CVCB3.SA,1.4299999475479126,1.440000057220459,1.4199999570846558,1.4299999475479126,285300
2026-06-08 15:15:00+00:00,CVCB3.SA,1.4299999475479126,1.440000057220459,1.4299999475479126,1.440000057220459,137700
2026-06-08 15:20:00+00:00,CVCB3.SA,1.4299999475479126,1.440000057220459,1.4299999475479126,1.4299999475479126,36700
2026-06-08 15:25:00+00:00,CVCB3.SA,1.440000057220459,1.440000057220459,1.4299999475479126,1.4299999475479126,57900
2026-06-08 15:30:00+00:00,CVCB3.SA,1.4299999475479126,1.440000057220459,1.4299999475479126,1.4299999475479126,6600
2026-06-08 15:35:00+00:00,CVCB3.SA,1.4299999475479126,1.440000057220459,1.4299999475479126,1.4299999475479126,236100
2026-06-08 15:40:00+00:00,CVCB3.SA,1.4299999475479126,1.440000057220459,1.4299999475479126,1.4299999475479126,8300
2026-06-08 15:45:00+00:00,CVCB3.SA,1.4299999475479126,1.440000057220459,1.4299999475479126,1.4299999475479126,34800
2026-06-08 15:50:00+00:00,CVCB3.SA,1.4299999475479126,1.440000057220459,1.4299999475479126,1.4299999475479126,17500
2026-06-08 15:55:00+00:00,CVCB3.SA,1.4299999475479126,1.440000057220459,1.4299999475479126,1.4299999475479126,12400
2026-06-08 16:00:00+00:00,CVCB3.SA,1.4299999475479126,1.440000057220459,1.4299999475479126,1.440000057220459,11900
2026-06-08 16:05:00+00:00,CVCB3.SA,1.440000057220459,1.440000057220459,1.4299999475479126,1.4299999475479126,7300
2026-06-08 16:10:00+00:00,CVCB3.SA,1.4299999475479126,1.440000057220459,1.4299999475479126,1.4299999475479126,8000
2026-06-08 16:15:00+00:00,CVCB3.SA,1.4299999475479126,1.440000057220459,1.4299999475479126,1.4299999475479126,6400
2026-06-08 16:20:00+00:00,CVCB3.SA,1.4299999475479126,1.440000057220459,1.4299999475479126,1.4299999475479126,18100
2026-06-08 16:25:00+00:00,CVCB3.SA,1.4299999475479126,1.440000057220459,1.4299999475479126,1.4299999475479126,11900
2026-06-08 16:30:00+00:00,CVCB3.SA,1.4299999475479126,1.440000057220459,1.4299999475479126,1.4299999475479126,8500
2026-06-08 16:35:00+00:00,CVCB3.SA,1.440000057220459,1.440000057220459,1.4299999475479126,1.4299999475479126,14900
2026-06-08 16:40:00+00:00,CVCB3.SA,1.440000057220459,1.440000057220459,1.4199999570846558,1.4199999570846558,203500
2026-06-08 16:45:00+00:00,CVCB3.SA,1.4199999570846558,1.4299999475479126,1.4199999570846558,1.4199999570846558,70400
2026-06-08 16:50:00+00:00,CVCB3.SA,1.4199999570846558,1.4299999475479126,1.409999966621399,1.409999966621399,303400
2026-06-08 16:55:00+00:00,CVCB3.SA,1.409999966621399,1.4199999570846558,1.399999976158142,1.399999976158142,447000
2026-06-08 17:00:00+00:00,CVCB3.SA,1.409999966621399,1.409999966621399,1.399999976158142,1.399999976158142,70500
2026-06-08 17:05:00+00:00,CVCB3.SA,1.399999976158142,1.4199999570846558,1.399999976158142,1.409999966621399,336200
2026-06-08 17:10:00+00:00,CVCB3.SA,1.4199999570846558,1.4199999570846558,1.409999966621399,1.409999966621399,57000
2026-06-08 17:15:00+00:00,CVCB3.SA,1.409999966621399,1.4199999570846558,1.409999966621399,1.409999966621399,59200
2026-06-08 17:20:00+00:00,CVCB3.SA,1.4199999570846558,1.4199999570846558,1.409999966621399,1.409999966621399,40300
2026-06-08 17:25:00+00:00,CVCB3.SA,1.409999966621399,1.4199999570846558,1.409999966621399,1.409999966621399,45800
2026-06-08 17:30:00+00:00,CVCB3.SA,1.409999966621399,1.4199999570846558,1.399999976158142,1.399999976158142,107400
2026-06-08 17:35:00+00:00,CVCB3.SA,1.399999976158142,1.409999966621399,1.399999976158142,1.399999976158142,49700
2026-06-08 17:40:00+00:00,CVCB3.SA,1.399999976158142,1.409999966621399,1.399999976158142,1.399999976158142,49000
2026-06-08 17:45:00+00:00,CVCB3.SA,1.399999976158142,1.409999966621399,1.399999976158142,1.399999976158142,81500
2026-06-08 17:50:00+00:00,CVCB3.SA,1.399999976158142,1.409999966621399,1.399999976158142,1.399999976158142,48000
2026-06-08 17:55:00+00:00,CVCB3.SA,1.399999976158142,1.409999966621399,1.399999976158142,1.399999976158142,43000
2026-06-08 18:00:00+00:00,CVCB3.SA,1.399999976158142,1.409999966621399,1.399999976158142,1.399999976158142,47700
2026-06-08 18:05:00+00:00,CVCB3.SA,1.399999976158142,1.409999966621399,1.399999976158142,1.399999976158142,38200
2026-06-08 18:10:00+00:00,CVCB3.SA,1.399999976158142,1.409999966621399,1.399999976158142,1.399999976158142,76300
2026-06-08 18:15:00+00:00,CVCB3.SA,1.399999976158142,1.409999966621399,1.3899999856948853,1.399999976158142,230500
2026-06-08 18:20:00+00:00,CVCB3.SA,1.399999976158142,1.409999966621399,1.399999976158142,1.399999976158142,52800
2026-06-08 18:25:00+00:00,CVCB3.SA,1.399999976158142,1.409999966621399,1.399999976158142,1.399999976158142,56600
2026-06-08 18:30:00+00:00,CVCB3.SA,1.399999976158142,1.409999966621399,1.399999976158142,1.409999966621399,35800
2026-06-08 18:35:00+00:00,CVCB3.SA,1.399999976158142,1.409999966621399,1.3899999856948853,1.3899999856948853,196900
2026-06-08 18:40:00+00:00,CVCB3.SA,1.3899999856948853,1.409999966621399,1.3899999856948853,1.409999966621399,128200
2026-06-08 18:45:00+00:00,CVCB3.SA,1.399999976158142,1.409999966621399,1.3899999856948853,1.3899999856948853,88800
2026-06-08 18:50:00+00:00,CVCB3.SA,1.3899999856948853,1.399999976158142,1.3899999856948853,1.3899999856948853,69900
2026-06-08 18:55:00+00:00,CVCB3.SA,1.3899999856948853,1.409999966621399,1.3899999856948853,1.399999976158142,199500
2026-06-08 19:00:00+00:00,CVCB3.SA,1.409999966621399,1.409999966621399,1.399999976158142,1.399999976158142,62600
2026-06-08 19:05:00+00:00,CVCB3.SA,1.399999976158142,1.409999966621399,1.399999976158142,1.399999976158142,115900
2026-06-08 19:10:00+00:00,CVCB3.SA,1.409999966621399,1.409999966621399,1.3899999856948853,1.399999976158142,274700
2026-06-08 19:15:00+00:00,CVCB3.SA,1.399999976158142,1.409999966621399,1.399999976158142,1.399999976158142,46600
2026-06-08 19:20:00+00:00,CVCB3.SA,1.409999966621399,1.409999966621399,1.399999976158142,1.399999976158142,99500
2026-06-08 19:25:00+00:00,CVCB3.SA,1.399999976158142,1.409999966621399,1.399999976158142,1.399999976158142,67500
2026-06-08 19:30:00+00:00,CVCB3.SA,1.399999976158142,1.409999966621399,1.399999976158142,1.399999976158142,80600
2026-06-08 19:35:00+00:00,CVCB3.SA,1.399999976158142,1.409999966621399,1.399999976158142,1.399999976158142,61600
2026-06-08 19:40:00+00:00,CVCB3.SA,1.399999976158142,1.409999966621399,1.3899999856948853,1.3899999856948853,240400
2026-06-08 19:45:00+00:00,CVCB3.SA,1.3899999856948853,1.409999966621399,1.3899999856948853,1.399999976158142,159800
2026-06-08 19:50:00+00:00,CVCB3.SA,1.409999966621399,1.409999966621399,1.399999976158142,1.399999976158142,51300
2026-06-09 13:00:00+00:00,CVCB3.SA,1.4299999475479126,1.4500000476837158,1.4199999570846558,1.4500000476837158,0
2026-06-09 13:05:00+00:00,CVCB3.SA,1.4500000476837158,1.4800000190734863,1.4500000476837158,1.4700000286102295,570000
2026-06-09 13:10:00+00:00,CVCB3.SA,1.4800000190734863,1.4800000190734863,1.440000057220459,1.4500000476837158,314200
2026-06-09 13:15:00+00:00,CVCB3.SA,1.4500000476837158,1.4600000381469727,1.440000057220459,1.440000057220459,73800
2026-06-09 13:20:00+00:00,CVCB3.SA,1.440000057220459,1.4500000476837158,1.409999966621399,1.4299999475479126,525500
2026-06-09 13:25:00+00:00,CVCB3.SA,1.4299999475479126,1.4299999475479126,1.4199999570846558,1.4299999475479126,389300
2026-06-09 13:30:00+00:00,CVCB3.SA,1.4299999475479126,1.440000057220459,1.4199999570846558,1.4299999475479126,84300
2026-06-09 13:35:00+00:00,CVCB3.SA,1.440000057220459,1.440000057220459,1.4199999570846558,1.4199999570846558,137500
2026-06-09 13:40:00+00:00,CVCB3.SA,1.4299999475479126,1.4299999475479126,1.4199999570846558,1.4299999475479126,34300
2026-06-09 13:45:00+00:00,CVCB3.SA,1.4199999570846558,1.440000057220459,1.4199999570846558,1.440000057220459,125000
2026-06-09 13:50:00+00:00,CVCB3.SA,1.440000057220459,1.440000057220459,1.4199999570846558,1.4199999570846558,153600
2026-06-09 13:55:00+00:00,CVCB3.SA,1.4199999570846558,1.4299999475479126,1.4199999570846558,1.4199999570846558,21900
2026-06-09 14:00:00+00:00,CVCB3.SA,1.4299999475479126,1.440000057220459,1.4199999570846558,1.4299999475479126,260500
2026-06-09 14:05:00+00:00,CVCB3.SA,1.4299999475479126,1.4299999475479126,1.4199999570846558,1.4299999475479126,17600
2026-06-09 14:10:00+00:00,CVCB3.SA,1.4299999475479126,1.4299999475479126,1.4199999570846558,1.4299999475479126,165100
2026-06-09 14:15:00+00:00,CVCB3.SA,1.4299999475479126,1.4299999475479126,1.4199999570846558,1.4299999475479126,68100
2026-06-09 14:20:00+00:00,CVCB3.SA,1.4299999475479126,1.4299999475479126,1.4299999475479126,1.4299999475479126,29400
2026-06-09 14:25:00+00:00,CVCB3.SA,1.4299999475479126,1.440000057220459,1.4199999570846558,1.4299999475479126,325800
2026-06-09 14:30:00+00:00,CVCB3.SA,1.4299999475479126,1.4299999475479126,1.409999966621399,1.409999966621399,280100
2026-06-09 14:35:00+00:00,CVCB3.SA,1.4199999570846558,1.4299999475479126,1.409999966621399,1.4299999475479126,172600
2026-06-09 14:40:00+00:00,CVCB3.SA,1.4299999475479126,1.4299999475479126,1.4199999570846558,1.4299999475479126,20800
2026-06-09 14:45:00+00:00,CVCB3.SA,1.4299999475479126,1.4299999475479126,1.399999976158142,1.399999976158142,496200
2026-06-09 14:50:00+00:00,CVCB3.SA,1.399999976158142,1.4199999570846558,1.399999976158142,1.4199999570846558,143200
2026-06-09 14:55:00+00:00,CVCB3.SA,1.4199999570846558,1.4199999570846558,1.409999966621399,1.4199999570846558,25900
2026-06-09 15:00:00+00:00,CVCB3.SA,1.4199999570846558,1.4199999570846558,1.409999966621399,1.4199999570846558,36500
2026-06-09 15:05:00+00:00,CVCB3.SA,1.4199999570846558,1.4199999570846558,1.409999966621399,1.4199999570846558,33600
2026-06-09 15:10:00+00:00,CVCB3.SA,1.4199999570846558,1.4199999570846558,1.409999966621399,1.4199999570846558,35600
2026-06-09 15:15:00+00:00,CVCB3.SA,1.409999966621399,1.4199999570846558,1.409999966621399,1.409999966621399,38900
2026-06-09 15:20:00+00:00,CVCB3.SA,1.409999966621399,1.4199999570846558,1.409999966621399,1.4199999570846558,17300
2026-06-09 15:25:00+00:00,CVCB3.SA,1.409999966621399,1.4199999570846558,1.409999966621399,1.409999966621399,36000
2026-06-09 15:30:00+00:00,CVCB3.SA,1.4199999570846558,1.4199999570846558,1.409999966621399,1.4199999570846558,28800
2026-06-09 15:35:00+00:00,CVCB3.SA,1.4199999570846558,1.4199999570846558,1.409999966621399,1.4199999570846558,36600
2026-06-09 15:40:00+00:00,CVCB3.SA,1.4199999570846558,1.4199999570846558,1.409999966621399,1.409999966621399,198100
2026-06-09 15:45:00+00:00,CVCB3.SA,1.409999966621399,1.4199999570846558,1.409999966621399,1.4199999570846558,21400
2026-06-09 15:50:00+00:00,CVCB3.SA,1.4199999570846558,1.4199999570846558,1.409999966621399,1.4199999570846558,47300
2026-06-09 15:55:00+00:00,CVCB3.SA,1.4199999570846558,1.4199999570846558,1.409999966621399,1.4199999570846558,55700
2026-06-09 16:00:00+00:00,CVCB3.SA,1.4199999570846558,1.4199999570846558,1.409999966621399,1.4199999570846558,29300
2026-06-09 16:05:00+00:00,CVCB3.SA,1.4199999570846558,1.4199999570846558,1.409999966621399,1.4199999570846558,161200
2026-06-09 16:10:00+00:00,CVCB3.SA,1.4199999570846558,1.4199999570846558,1.409999966621399,1.4199999570846558,45600
2026-06-09 16:15:00+00:00,CVCB3.SA,1.4199999570846558,1.4199999570846558,1.409999966621399,1.4199999570846558,18800
2026-06-09 16:20:00+00:00,CVCB3.SA,1.4199999570846558,1.4199999570846558,1.409999966621399,1.4199999570846558,27200
2026-06-09 16:25:00+00:00,CVCB3.SA,1.4199999570846558,1.4199999570846558,1.4199999570846558,1.4199999570846558,27100
2026-06-09 16:30:00+00:00,CVCB3.SA,1.4199999570846558,1.4299999475479126,1.4199999570846558,1.4299999475479126,102000
2026-06-09 16:35:00+00:00,CVCB3.SA,1.4299999475479126,1.4299999475479126,1.409999966621399,1.4199999570846558,460200
2026-06-09 16:40:00+00:00,CVCB3.SA,1.409999966621399,1.4199999570846558,1.399999976158142,1.4199999570846558,390900
2026-06-09 16:45:00+00:00,CVCB3.SA,1.4199999570846558,1.4199999570846558,1.409999966621399,1.409999966621399,32900
2026-06-09 16:50:00+00:00,CVCB3.SA,1.4199999570846558,1.4199999570846558,1.409999966621399,1.409999966621399,27900
2026-06-09 16:55:00+00:00,CVCB3.SA,1.4199999570846558,1.4199999570846558,1.409999966621399,1.4199999570846558,34400
2026-06-09 17:00:00+00:00,CVCB3.SA,1.4199999570846558,1.4199999570846558,1.409999966621399,1.409999966621399,221700
2026-06-09 17:05:00+00:00,CVCB3.SA,1.409999966621399,1.4199999570846558,1.409999966621399,1.409999966621399,14000
2026-06-09 17:10:00+00:00,CVCB3.SA,1.4199999570846558,1.4199999570846558,1.409999966621399,1.4199999570846558,15300
2026-06-09 17:15:00+00:00,CVCB3.SA,1.409999966621399,1.4199999570846558,1.409999966621399,1.4199999570846558,49900
2026-06-09 17:20:00+00:00,CVCB3.SA,1.409999966621399,1.4199999570846558,1.409999966621399,1.4199999570846558,11300
2026-06-09 17:25:00+00:00,CVCB3.SA,1.4199999570846558,1.4199999570846558,1.409999966621399,1.409999966621399,36900
2026-06-09 17:30:00+00:00,CVCB3.SA,1.409999966621399,1.4199999570846558,1.409999966621399,1.409999966621399,19700
2026-06-09 17:35:00+00:00,CVCB3.SA,1.409999966621399,1.4199999570846558,1.409999966621399,1.4199999570846558,52100
2026-06-09 17:40:00+00:00,CVCB3.SA,1.4199999570846558,1.4299999475479126,1.4199999570846558,1.4299999475479126,47200
2026-06-09 17:45:00+00:00,CVCB3.SA,1.4199999570846558,1.4299999475479126,1.4199999570846558,1.4299999475479126,24100
2026-06-09 17:50:00+00:00,CVCB3.SA,1.4299999475479126,1.4299999475479126,1.4199999570846558,1.4299999475479126,8200
2026-06-09 17:55:00+00:00,CVCB3.SA,1.4199999570846558,1.4299999475479126,1.4199999570846558,1.4199999570846558,62300
2026-06-09 18:00:00+00:00,CVCB3.SA,1.4199999570846558,1.4299999475479126,1.4199999570846558,1.4299999475479126,29800
2026-06-09 18:05:00+00:00,CVCB3.SA,1.4199999570846558,1.4299999475479126,1.4199999570846558,1.4199999570846558,15300
2026-06-09 18:10:00+00:00,CVCB3.SA,1.4199999570846558,1.4299999475479126,1.4199999570846558,1.4199999570846558,16700
2026-06-09 18:15:00+00:00,CVCB3.SA,1.4199999570846558,1.4299999475479126,1.4199999570846558,1.4199999570846558,18500
2026-06-09 18:20:00+00:00,CVCB3.SA,1.4299999475479126,1.4299999475479126,1.4199999570846558,1.4299999475479126,27500
2026-06-09 18:25:00+00:00,CVCB3.SA,1.4199999570846558,1.4299999475479126,1.4199999570846558,1.4299999475479126,16000
2026-06-09 18:30:00+00:00,CVCB3.SA,1.4199999570846558,1.4299999475479126,1.4199999570846558,1.4199999570846558,34600
2026-06-09 18:35:00+00:00,CVCB3.SA,1.4199999570846558,1.4299999475479126,1.4199999570846558,1.4299999475479126,27000
2026-06-09 18:40:00+00:00,CVCB3.SA,1.4199999570846558,1.4299999475479126,1.4199999570846558,1.4199999570846558,11900
2026-06-09 18:45:00+00:00,CVCB3.SA,1.4199999570846558,1.4299999475479126,1.4199999570846558,1.4199999570846558,13700
2026-06-09 18:50:00+00:00,CVCB3.SA,1.4199999570846558,1.4299999475479126,1.4199999570846558,1.4299999475479126,31300
2026-06-09 18:55:00+00:00,CVCB3.SA,1.4199999570846558,1.4299999475479126,1.4199999570846558,1.4299999475479126,28100
2026-06-09 19:00:00+00:00,CVCB3.SA,1.4199999570846558,1.4299999475479126,1.4199999570846558,1.4199999570846558,27800
2026-06-09 19:05:00+00:00,CVCB3.SA,1.4299999475479126,1.440000057220459,1.4199999570846558,1.440000057220459,268500
2026-06-09 19:10:00+00:00,CVCB3.SA,1.440000057220459,1.440000057220459,1.4299999475479126,1.4299999475479126,53200
2026-06-09 19:15:00+00:00,CVCB3.SA,1.440000057220459,1.440000057220459,1.4299999475479126,1.4299999475479126,124300
2026-06-09 19:20:00+00:00,CVCB3.SA,1.4299999475479126,1.440000057220459,1.4299999475479126,1.440000057220459,33900
2026-06-09 19:25:00+00:00,CVCB3.SA,1.440000057220459,1.440000057220459,1.4299999475479126,1.440000057220459,54900
2026-06-09 19:30:00+00:00,CVCB3.SA,1.4299999475479126,1.440000057220459,1.4299999475479126,1.4299999475479126,39600
2026-06-09 19:35:00+00:00,CVCB3.SA,1.4299999475479126,1.440000057220459,1.4199999570846558,1.4199999570846558,346300
2026-06-09 19:40:00+00:00,CVCB3.SA,1.4199999570846558,1.440000057220459,1.4199999570846558,1.440000057220459,291100
2026-06-09 19:45:00+00:00,CVCB3.SA,1.4299999475479126,1.440000057220459,1.4199999570846558,1.440000057220459,306400
2026-06-09 19:50:00+00:00,CVCB3.SA,1.440000057220459,1.4500000476837158,1.4299999475479126,1.4299999475479126,359900
2026-06-10 13:00:00+00:00,CVCB3.SA,1.4199999570846558,1.4299999475479126,1.409999966621399,1.4299999475479126,0
2026-06-10 13:05:00+00:00,CVCB3.SA,1.4299999475479126,1.440000057220459,1.4199999570846558,1.440000057220459,116300
2026-06-10 13:10:00+00:00,CVCB3.SA,1.4299999475479126,1.440000057220459,1.4199999570846558,1.4299999475479126,43100
2026-06-10 13:15:00+00:00,CVCB3.SA,1.4299999475479126,1.4299999475479126,1.4199999570846558,1.4299999475479126,1800
2026-06-10 13:20:00+00:00,CVCB3.SA,1.4199999570846558,1.4199999570846558,1.409999966621399,1.4199999570846558,115300
2026-06-10 13:25:00+00:00,CVCB3.SA,1.409999966621399,1.4199999570846558,1.399999976158142,1.4199999570846558,177600
2026-06-10 13:30:00+00:00,CVCB3.SA,1.409999966621399,1.4199999570846558,1.399999976158142,1.409999966621399,431600
2026-06-10 13:35:00+00:00,CVCB3.SA,1.409999966621399,1.4199999570846558,1.399999976158142,1.409999966621399,139700
2026-06-10 13:40:00+00:00,CVCB3.SA,1.409999966621399,1.440000057220459,1.399999976158142,1.440000057220459,477000
2026-06-10 13:45:00+00:00,CVCB3.SA,1.440000057220459,1.440000057220459,1.4199999570846558,1.4299999475479126,227600
2026-06-10 13:50:00+00:00,CVCB3.SA,1.4299999475479126,1.4299999475479126,1.4199999570846558,1.4199999570846558,198100
2026-06-10 13:55:00+00:00,CVCB3.SA,1.4199999570846558,1.4299999475479126,1.4199999570846558,1.4199999570846558,36000
2026-06-10 14:00:00+00:00,CVCB3.SA,1.4199999570846558,1.440000057220459,1.4199999570846558,1.4299999475479126,123300
2026-06-10 14:05:00+00:00,CVCB3.SA,1.4299999475479126,1.440000057220459,1.4299999475479126,1.4299999475479126,6800
2026-06-10 14:10:00+00:00,CVCB3.SA,1.4299999475479126,1.440000057220459,1.4299999475479126,1.4299999475479126,2100
2026-06-10 14:15:00+00:00,CVCB3.SA,1.440000057220459,1.440000057220459,1.4299999475479126,1.4299999475479126,3200
2026-06-10 14:20:00+00:00,CVCB3.SA,1.4299999475479126,1.440000057220459,1.4299999475479126,1.4299999475479126,30500
2026-06-10 14:25:00+00:00,CVCB3.SA,1.4299999475479126,1.440000057220459,1.4299999475479126,1.4299999475479126,25400
2026-06-10 14:30:00+00:00,CVCB3.SA,1.4299999475479126,1.440000057220459,1.4299999475479126,1.440000057220459,40500
2026-06-10 14:35:00+00:00,CVCB3.SA,1.4299999475479126,1.440000057220459,1.4299999475479126,1.4299999475479126,60200
2026-06-10 14:40:00+00:00,CVCB3.SA,1.4299999475479126,1.440000057220459,1.4299999475479126,1.440000057220459,105100
2026-06-10 14:45:00+00:00,CVCB3.SA,1.4299999475479126,1.440000057220459,1.4199999570846558,1.4199999570846558,229200
2026-06-10 14:50:00+00:00,CVCB3.SA,1.4199999570846558,1.440000057220459,1.4199999570846558,1.440000057220459,117500
2026-06-10 14:55:00+00:00,CVCB3.SA,1.4299999475479126,1.440000057220459,1.4199999570846558,1.4299999475479126,144300
2026-06-10 15:00:00+00:00,CVCB3.SA,1.4199999570846558,1.4299999475479126,1.4199999570846558,1.4299999475479126,3100
2026-06-10 15:05:00+00:00,CVCB3.SA,1.4199999570846558,1.4299999475479126,1.4199999570846558,1.4199999570846558,2200
2026-06-10 15:10:00+00:00,CVCB3.SA,1.4199999570846558,1.4299999475479126,1.4199999570846558,1.4199999570846558,22100
2026-06-10 15:15:00+00:00,CVCB3.SA,1.4299999475479126,1.4299999475479126,1.4199999570846558,1.4299999475479126,5400
2026-06-10 15:20:00+00:00,CVCB3.SA,1.4299999475479126,1.4299999475479126,1.4199999570846558,1.4299999475479126,30200
2026-06-10 15:25:00+00:00,CVCB3.SA,1.4199999570846558,1.4299999475479126,1.4199999570846558,1.4299999475479126,200
2026-06-10 15:30:00+00:00,CVCB3.SA,1.4299999475479126,1.4299999475479126,1.4199999570846558,1.4299999475479126,10200
2026-06-10 15:35:00+00:00,CVCB3.SA,1.4299999475479126,1.4299999475479126,1.4199999570846558,1.4299999475479126,9400
2026-06-10 15:40:00+00:00,CVCB3.SA,1.4299999475479126,1.440000057220459,1.4299999475479126,1.440000057220459,285000
2026-06-10 15:45:00+00:00,CVCB3.SA,1.440000057220459,1.440000057220459,1.4199999570846558,1.440000057220459,418700
2026-06-10 15:50:00+00:00,CVCB3.SA,1.440000057220459,1.440000057220459,1.4299999475479126,1.440000057220459,27200
2026-06-10 15:55:00+00:00,CVCB3.SA,1.440000057220459,1.440000057220459,1.4299999475479126,1.4299999475479126,2100
2026-06-10 16:00:00+00:00,CVCB3.SA,1.4299999475479126,1.440000057220459,1.4299999475479126,1.440000057220459,31400
2026-06-10 16:05:00+00:00,CVCB3.SA,1.440000057220459,1.440000057220459,1.440000057220459,1.440000057220459,2900
2026-06-10 16:10:00+00:00,CVCB3.SA,1.440000057220459,1.440000057220459,1.440000057220459,1.440000057220459,500
2026-06-10 16:15:00+00:00,CVCB3.SA,1.440000057220459,1.440000057220459,1.4299999475479126,1.440000057220459,7600
2026-06-10 16:20:00+00:00,CVCB3.SA,1.440000057220459,1.440000057220459,1.440000057220459,1.440000057220459,11600
2026-06-10 16:25:00+00:00,CVCB3.SA,1.440000057220459,1.440000057220459,1.4299999475479126,1.440000057220459,1600
2026-06-10 16:30:00+00:00,CVCB3.SA,1.4299999475479126,1.440000057220459,1.4299999475479126,1.440000057220459,1700
2026-06-10 16:35:00+00:00,CVCB3.SA,1.440000057220459,1.440000057220459,1.4299999475479126,1.440000057220459,13700
2026-06-10 16:40:00+00:00,CVCB3.SA,1.440000057220459,1.440000057220459,1.440000057220459,1.440000057220459,200
2026-06-10 16:45:00+00:00,CVCB3.SA,1.440000057220459,1.440000057220459,1.4299999475479126,1.4299999475479126,1600
2026-06-10 16:50:00+00:00,CVCB3.SA,1.4299999475479126,1.440000057220459,1.4299999475479126,1.440000057220459,10600
2026-06-10 16:55:00+00:00,CVCB3.SA,1.440000057220459,1.440000057220459,1.440000057220459,1.440000057220459,200
2026-06-10 17:00:00+00:00,CVCB3.SA,1.440000057220459,1.440000057220459,1.4299999475479126,1.440000057220459,2600
2026-06-10 17:10:00+00:00,CVCB3.SA,1.4299999475479126,1.4299999475479126,1.4199999570846558,1.4299999475479126,188000
2026-06-10 17:15:00+00:00,CVCB3.SA,1.4199999570846558,1.4299999475479126,1.409999966621399,1.4199999570846558,210200
2026-06-10 17:20:00+00:00,CVCB3.SA,1.4199999570846558,1.4199999570846558,1.409999966621399,1.4199999570846558,31000
2026-06-10 17:25:00+00:00,CVCB3.SA,1.4199999570846558,1.4199999570846558,1.409999966621399,1.4199999570846558,2700
2026-06-10 17:30:00+00:00,CVCB3.SA,1.409999966621399,1.4199999570846558,1.409999966621399,1.4199999570846558,15000
2026-06-10 17:35:00+00:00,CVCB3.SA,1.4199999570846558,1.4299999475479126,1.409999966621399,1.4299999475479126,183200
2026-06-10 17:40:00+00:00,CVCB3.SA,1.4299999475479126,1.4299999475479126,1.4299999475479126,1.4299999475479126,9100
2026-06-10 17:45:00+00:00,CVCB3.SA,1.4299999475479126,1.4299999475479126,1.4299999475479126,1.4299999475479126,2900
2026-06-10 17:50:00+00:00,CVCB3.SA,1.4299999475479126,1.4299999475479126,1.4299999475479126,1.4299999475479126,1900
2026-06-10 17:55:00+00:00,CVCB3.SA,1.4299999475479126,1.4299999475479126,1.409999966621399,1.4199999570846558,46300
2026-06-10 18:00:00+00:00,CVCB3.SA,1.409999966621399,1.4199999570846558,1.409999966621399,1.4199999570846558,300
2026-06-10 18:05:00+00:00,CVCB3.SA,1.4199999570846558,1.4199999570846558,1.409999966621399,1.4199999570846558,19500
2026-06-10 18:10:00+00:00,CVCB3.SA,1.4199999570846558,1.4299999475479126,1.409999966621399,1.4299999475479126,310300
2026-06-10 18:15:00+00:00,CVCB3.SA,1.4299999475479126,1.4299999475479126,1.4199999570846558,1.4299999475479126,19300
2026-06-10 18:20:00+00:00,CVCB3.SA,1.4299999475479126,1.4299999475479126,1.4199999570846558,1.4199999570846558,15300
2026-06-10 18:25:00+00:00,CVCB3.SA,1.4299999475479126,1.440000057220459,1.4199999570846558,1.4299999475479126,170300
2026-06-10 18:30:00+00:00,CVCB3.SA,1.440000057220459,1.440000057220459,1.4299999475479126,1.4299999475479126,336100
2026-06-10 18:35:00+00:00,CVCB3.SA,1.4299999475479126,1.440000057220459,1.4299999475479126,1.4299999475479126,4700
2026-06-10 18:40:00+00:00,CVCB3.SA,1.440000057220459,1.440000057220459,1.4299999475479126,1.440000057220459,26400
2026-06-10 18:45:00+00:00,CVCB3.SA,1.440000057220459,1.440000057220459,1.4299999475479126,1.4299999475479126,19000
2026-06-10 18:50:00+00:00,CVCB3.SA,1.440000057220459,1.440000057220459,1.4199999570846558,1.4199999570846558,151300
2026-06-10 18:55:00+00:00,CVCB3.SA,1.4299999475479126,1.4299999475479126,1.4199999570846558,1.4299999475479126,3000
2026-06-10 19:00:00+00:00,CVCB3.SA,1.4199999570846558,1.4299999475479126,1.4199999570846558,1.4299999475479126,12400
2026-06-10 19:05:00+00:00,CVCB3.SA,1.4299999475479126,1.4299999475479126,1.4199999570846558,1.4299999475479126,55600
2026-06-10 19:10:00+00:00,CVCB3.SA,1.4299999475479126,1.4299999475479126,1.4199999570846558,1.4299999475479126,28000
2026-06-10 19:15:00+00:00,CVCB3.SA,1.4299999475479126,1.4299999475479126,1.4199999570846558,1.4299999475479126,15200
2026-06-10 19:20:00+00:00,CVCB3.SA,1.4299999475479126,1.4299999475479126,1.4199999570846558,1.4299999475479126,19500
2026-06-10 19:25:00+00:00,CVCB3.SA,1.4299999475479126,1.4299999475479126,1.4199999570846558,1.4299999475479126,19500
2026-06-10 19:30:00+00:00,CVCB3.SA,1.4299999475479126,1.4299999475479126,1.409999966621399,1.4199999570846558,459800
2026-06-10 19:35:00+00:00,CVCB3.SA,1.4199999570846558,1.4199999570846558,1.409999966621399,1.4199999570846558,25900
2026-06-10 19:40:00+00:00,CVCB3.SA,1.409999966621399,1.4199999570846558,1.409999966621399,1.4199999570846558,94400
2026-06-10 19:45:00+00:00,CVCB3.SA,1.4199999570846558,1.4199999570846558,1.409999966621399,1.4199999570846558,473200
2026-06-10 19:50:00+00:00,CVCB3.SA,1.409999966621399,1.4299999475479126,1.409999966621399,1.409999966621399,186000
2026-06-11 13:00:00+00:00,CVCB3.SA,1.4199999570846558,1.4299999475479126,1.4199999570846558,1.4299999475479126,0
2026-06-11 13:05:00+00:00,CVCB3.SA,1.4299999475479126,1.4299999475479126,1.4199999570846558,1.4199999570846558,58100
2026-06-11 13:10:00+00:00,CVCB3.SA,1.4199999570846558,1.4299999475479126,1.409999966621399,1.409999966621399,143300
2026-06-11 13:15:00+00:00,CVCB3.SA,1.4199999570846558,1.4299999475479126,1.4199999570846558,1.4299999475479126,14200
2026-06-11 13:20:00+00:00,CVCB3.SA,1.4199999570846558,1.4299999475479126,1.4199999570846558,1.4299999475479126,4300
2026-06-11 13:25:00+00:00,CVCB3.SA,1.4199999570846558,1.4299999475479126,1.4199999570846558,1.4299999475479126,14300
2026-06-11 13:30:00+00:00,CVCB3.SA,1.4299999475479126,1.4299999475479126,1.4199999570846558,1.4199999570846558,5700
2026-06-11 13:35:00+00:00,CVCB3.SA,1.4199999570846558,1.4199999570846558,1.4199999570846558,1.4199999570846558,244300
2026-06-11 13:40:00+00:00,CVCB3.SA,1.409999966621399,1.4199999570846558,1.409999966621399,1.409999966621399,41100
2026-06-11 13:45:00+00:00,CVCB3.SA,1.409999966621399,1.4199999570846558,1.409999966621399,1.409999966621399,3800
2026-06-11 13:50:00+00:00,CVCB3.SA,1.4199999570846558,1.4199999570846558,1.399999976158142,1.399999976158142,874100
2026-06-11 13:55:00+00:00,CVCB3.SA,1.409999966621399,1.409999966621399,1.3899999856948853,1.3899999856948853,711700
2026-06-11 14:00:00+00:00,CVCB3.SA,1.3899999856948853,1.409999966621399,1.3899999856948853,1.409999966621399,218400
2026-06-11 14:05:00+00:00,CVCB3.SA,1.409999966621399,1.409999966621399,1.3899999856948853,1.399999976158142,177600
2026-06-11 14:10:00+00:00,CVCB3.SA,1.3899999856948853,1.399999976158142,1.3799999952316284,1.3899999856948853,274600
2026-06-11 14:15:00+00:00,CVCB3.SA,1.3899999856948853,1.3899999856948853,1.3799999952316284,1.3899999856948853,157100
2026-06-11 14:20:00+00:00,CVCB3.SA,1.3899999856948853,1.399999976158142,1.3899999856948853,1.399999976158142,193000
2026-06-11 14:25:00+00:00,CVCB3.SA,1.3899999856948853,1.399999976158142,1.3899999856948853,1.399999976158142,4300
2026-06-11 14:30:00+00:00,CVCB3.SA,1.399999976158142,1.399999976158142,1.3899999856948853,1.399999976158142,33700
2026-06-11 14:35:00+00:00,CVCB3.SA,1.399999976158142,1.399999976158142,1.3899999856948853,1.3899999856948853,20500
2026-06-11 14:40:00+00:00,CVCB3.SA,1.3899999856948853,1.399999976158142,1.3899999856948853,1.399999976158142,8300
2026-06-11 14:45:00+00:00,CVCB3.SA,1.3899999856948853,1.399999976158142,1.3899999856948853,1.3899999856948853,9000
2026-06-11 14:50:00+00:00,CVCB3.SA,1.399999976158142,1.399999976158142,1.3899999856948853,1.3899999856948853,2900
2026-06-11 14:55:00+00:00,CVCB3.SA,1.399999976158142,1.399999976158142,1.3899999856948853,1.399999976158142,8400
2026-06-11 15:00:00+00:00,CVCB3.SA,1.3899999856948853,1.399999976158142,1.3899999856948853,1.399999976158142,143800
2026-06-11 15:05:00+00:00,CVCB3.SA,1.399999976158142,1.399999976158142,1.3899999856948853,1.3899999856948853,26000
2026-06-11 15:10:00+00:00,CVCB3.SA,1.399999976158142,1.399999976158142,1.3899999856948853,1.3899999856948853,106000
2026-06-11 15:15:00+00:00,CVCB3.SA,1.399999976158142,1.399999976158142,1.3899999856948853,1.3899999856948853,9000
2026-06-11 15:20:00+00:00,CVCB3.SA,1.3899999856948853,1.399999976158142,1.3899999856948853,1.3899999856948853,8600
2026-06-11 15:25:00+00:00,CVCB3.SA,1.399999976158142,1.399999976158142,1.3799999952316284,1.3799999952316284,277400
2026-06-11 15:30:00+00:00,CVCB3.SA,1.3899999856948853,1.3899999856948853,1.3799999952316284,1.3799999952316284,198600
2026-06-11 15:35:00+00:00,CVCB3.SA,1.3899999856948853,1.3899999856948853,1.3799999952316284,1.3899999856948853,58200
2026-06-11 15:40:00+00:00,CVCB3.SA,1.3899999856948853,1.3899999856948853,1.3799999952316284,1.3899999856948853,0
2026-06-11 15:45:00+00:00,CVCB3.SA,1.3799999952316284,1.3899999856948853,1.3700000047683716,1.3700000047683716,396000
2026-06-11 15:50:00+00:00,CVCB3.SA,1.3799999952316284,1.3799999952316284,1.3600000143051147,1.3700000047683716,645600
2026-06-11 15:55:00+00:00,CVCB3.SA,1.3700000047683716,1.3700000047683716,1.340000033378601,1.3600000143051147,1185400
2026-06-11 16:00:00+00:00,CVCB3.SA,1.3600000143051147,1.3600000143051147,1.350000023841858,1.350000023841858,12900
2026-06-11 16:05:00+00:00,CVCB3.SA,1.3600000143051147,1.3600000143051147,1.350000023841858,1.350000023841858,31600
2026-06-11 16:10:00+00:00,CVCB3.SA,1.350000023841858,1.3600000143051147,1.350000023841858,1.350000023841858,25800
2026-06-11 16:15:00+00:00,CVCB3.SA,1.3600000143051147,1.3600000143051147,1.350000023841858,1.350000023841858,40500
2026-06-11 16:20:00+00:00,CVCB3.SA,1.3600000143051147,1.3600000143051147,1.3300000429153442,1.3300000429153442,752000
2026-06-11 16:25:00+00:00,CVCB3.SA,1.3300000429153442,1.340000033378601,1.3200000524520874,1.340000033378601,446100
2026-06-11 16:30:00+00:00,CVCB3.SA,1.340000033378601,1.340000033378601,1.3300000429153442,1.340000033378601,78200
2026-06-11 16:35:00+00:00,CVCB3.SA,1.340000033378601,1.340000033378601,1.3300000429153442,1.340000033378601,32000
2026-06-11 16:40:00+00:00,CVCB3.SA,1.340000033378601,1.340000033378601,1.3300000429153442,1.340000033378601,57300
2026-06-11 16:45:00+00:00,CVCB3.SA,1.3300000429153442,1.340000033378601,1.3300000429153442,1.340000033378601,109000
2026-06-11 16:50:00+00:00,CVCB3.SA,1.340000033378601,1.340000033378601,1.3300000429153442,1.340000033378601,90800
2026-06-11 16:55:00+00:00,CVCB3.SA,1.340000033378601,1.340000033378601,1.3300000429153442,1.340000033378601,21100
2026-06-11 17:00:00+00:00,CVCB3.SA,1.340000033378601,1.340000033378601,1.3200000524520874,1.340000033378601,335000
2026-06-11 17:05:00+00:00,CVCB3.SA,1.340000033378601,1.340000033378601,1.309999942779541,1.3300000429153442,804900
2026-06-11 17:10:00+00:00,CVCB3.SA,1.3300000429153442,1.3300000429153442,1.309999942779541,1.3300000429153442,316900
2026-06-11 17:15:00+00:00,CVCB3.SA,1.3300000429153442,1.3300000429153442,1.2999999523162842,1.2999999523162842,1228700
2026-06-11 17:20:00+00:00,CVCB3.SA,1.309999942779541,1.309999942779541,1.2999999523162842,1.309999942779541,349400
2026-06-11 17:25:00+00:00,CVCB3.SA,1.309999942779541,1.3200000524520874,1.2999999523162842,1.3200000524520874,387600
2026-06-11 17:30:00+00:00,CVCB3.SA,1.3200000524520874,1.340000033378601,1.3200000524520874,1.340000033378601,941400
2026-06-11 17:35:00+00:00,CVCB3.SA,1.340000033378601,1.340000033378601,1.3200000524520874,1.340000033378601,400600
2026-06-11 17:40:00+00:00,CVCB3.SA,1.340000033378601,1.340000033378601,1.3300000429153442,1.3300000429153442,71700
2026-06-11 17:45:00+00:00,CVCB3.SA,1.340000033378601,1.350000023841858,1.3300000429153442,1.350000023841858,1296600
2026-06-11 17:50:00+00:00,CVCB3.SA,1.350000023841858,1.350000023841858,1.340000033378601,1.350000023841858,97000
2026-06-11 17:55:00+00:00,CVCB3.SA,1.350000023841858,1.3600000143051147,1.340000033378601,1.3600000143051147,1041700
2026-06-11 18:00:00+00:00,CVCB3.SA,1.350000023841858,1.3600000143051147,1.350000023841858,1.3600000143051147,58100
2026-06-11 18:05:00+00:00,CVCB3.SA,1.3600000143051147,1.3600000143051147,1.340000033378601,1.350000023841858,582900
2026-06-11 18:10:00+00:00,CVCB3.SA,1.350000023841858,1.350000023841858,1.340000033378601,1.350000023841858,33000
2026-06-11 18:15:00+00:00,CVCB3.SA,1.350000023841858,1.350000023841858,1.340000033378601,1.350000023841858,27800
2026-06-11 18:20:00+00:00,CVCB3.SA,1.350000023841858,1.350000023841858,1.340000033378601,1.350000023841858,64400
2026-06-11 18:25:00+00:00,CVCB3.SA,1.350000023841858,1.350000023841858,1.340000033378601,1.340000033378601,39200
2026-06-11 18:30:00+00:00,CVCB3.SA,1.350000023841858,1.350000023841858,1.340000033378601,1.350000023841858,157800
2026-06-11 18:35:00+00:00,CVCB3.SA,1.350000023841858,1.350000023841858,1.340000033378601,1.350000023841858,26700
2026-06-11 18:40:00+00:00,CVCB3.SA,1.350000023841858,1.350000023841858,1.340000033378601,1.350000023841858,26700
2026-06-11 18:45:00+00:00,CVCB3.SA,1.350000023841858,1.350000023841858,1.340000033378601,1.350000023841858,45700
2026-06-11 18:50:00+00:00,CVCB3.SA,1.350000023841858,1.350000023841858,1.340000033378601,1.350000023841858,47800
2026-06-11 18:55:00+00:00,CVCB3.SA,1.350000023841858,1.350000023841858,1.340000033378601,1.350000023841858,62900
2026-06-11 19:00:00+00:00,CVCB3.SA,1.350000023841858,1.350000023841858,1.340000033378601,1.350000023841858,35500
2026-06-11 19:05:00+00:00,CVCB3.SA,1.350000023841858,1.350000023841858,1.3300000429153442,1.340000033378601,308700
2026-06-11 19:10:00+00:00,CVCB3.SA,1.340000033378601,1.340000033378601,1.3300000429153442,1.3300000429153442,133000
2026-06-11 19:15:00+00:00,CVCB3.SA,1.340000033378601,1.340000033378601,1.3300000429153442,1.340000033378601,93900
2026-06-11 19:20:00+00:00,CVCB3.SA,1.340000033378601,1.340000033378601,1.3300000429153442,1.340000033378601,76900
2026-06-11 19:25:00+00:00,CVCB3.SA,1.340000033378601,1.350000023841858,1.3300000429153442,1.350000023841858,417800
2026-06-11 19:30:00+00:00,CVCB3.SA,1.350000023841858,1.3600000143051147,1.340000033378601,1.3600000143051147,287600
2026-06-11 19:35:00+00:00,CVCB3.SA,1.3600000143051147,1.3600000143051147,1.340000033378601,1.350000023841858,234800
2026-06-11 19:40:00+00:00,CVCB3.SA,1.350000023841858,1.350000023841858,1.3300000429153442,1.3300000429153442,501900
2026-06-11 19:45:00+00:00,CVCB3.SA,1.340000033378601,1.340000033378601,1.3300000429153442,1.3300000429153442,83300
2026-06-11 19:50:00+00:00,CVCB3.SA,1.3300000429153442,1.340000033378601,1.3300000429153442,1.3300000429153442,334700
2026-06-12 13:00:00+00:00,CVCB3.SA,1.3200000524520874,1.3200000524520874,1.2999999523162842,1.309999942779541,0
2026-06-12 13:05:00+00:00,CVCB3.SA,1.3200000524520874,1.3200000524520874,1.2999999523162842,1.309999942779541,259800
2026-06-12 13:10:00+00:00,CVCB3.SA,1.309999942779541,1.309999942779541,1.2899999618530273,1.2999999523162842,798100
2026-06-12 13:15:00+00:00,CVCB3.SA,1.2999999523162842,1.2999999523162842,1.2799999713897705,1.2799999713897705,674700
2026-06-12 13:20:00+00:00,CVCB3.SA,1.2799999713897705,1.2899999618530273,1.2799999713897705,1.2899999618530273,472700
2026-06-12 13:25:00+00:00,CVCB3.SA,1.2899999618530273,1.2899999618530273,1.2799999713897705,1.2799999713897705,532200
2026-06-12 13:30:00+00:00,CVCB3.SA,1.2799999713897705,1.2799999713897705,1.2699999809265137,1.2799999713897705,96500
2026-06-12 13:35:00+00:00,CVCB3.SA,1.2799999713897705,1.309999942779541,1.2799999713897705,1.2999999523162842,1238200
2026-06-12 13:40:00+00:00,CVCB3.SA,1.309999942779541,1.3200000524520874,1.2999999523162842,1.3200000524520874,1737700
2026-06-12 13:45:00+00:00,CVCB3.SA,1.3200000524520874,1.3300000429153442,1.3200000524520874,1.3300000429153442,312700
2026-06-12 13:50:00+00:00,CVCB3.SA,1.3300000429153442,1.340000033378601,1.3300000429153442,1.3300000429153442,526000
2026-06-12 13:55:00+00:00,CVCB3.SA,1.3300000429153442,1.350000023841858,1.3300000429153442,1.350000023841858,698500
2026-06-12 14:00:00+00:00,CVCB3.SA,1.350000023841858,1.350000023841858,1.340000033378601,1.350000023841858,456900
2026-06-12 14:05:00+00:00,CVCB3.SA,1.340000033378601,1.350000023841858,1.309999942779541,1.340000033378601,883000
2026-06-12 14:10:00+00:00,CVCB3.SA,1.340000033378601,1.340000033378601,1.3200000524520874,1.3300000429153442,422000
2026-06-12 14:15:00+00:00,CVCB3.SA,1.340000033378601,1.340000033378601,1.3300000429153442,1.3300000429153442,79100
2026-06-12 14:20:00+00:00,CVCB3.SA,1.340000033378601,1.340000033378601,1.3300000429153442,1.3300000429153442,25600
2026-06-12 14:25:00+00:00,CVCB3.SA,1.340000033378601,1.340000033378601,1.3300000429153442,1.3300000429153442,9500
2026-06-12 14:30:00+00:00,CVCB3.SA,1.3300000429153442,1.340000033378601,1.3300000429153442,1.340000033378601,20300
2026-06-12 14:35:00+00:00,CVCB3.SA,1.3300000429153442,1.350000023841858,1.3300000429153442,1.340000033378601,313800
2026-06-12 14:40:00+00:00,CVCB3.SA,1.350000023841858,1.350000023841858,1.3300000429153442,1.340000033378601,643500
2026-06-12 14:45:00+00:00,CVCB3.SA,1.340000033378601,1.340000033378601,1.3300000429153442,1.3300000429153442,5000
2026-06-12 14:50:00+00:00,CVCB3.SA,1.3300000429153442,1.350000023841858,1.3300000429153442,1.340000033378601,428800
2026-06-12 14:55:00+00:00,CVCB3.SA,1.340000033378601,1.340000033378601,1.3300000429153442,1.3300000429153442,27100
2026-06-12 15:00:00+00:00,CVCB3.SA,1.340000033378601,1.340000033378601,1.3300000429153442,1.3300000429153442,4900
2026-06-12 15:05:00+00:00,CVCB3.SA,1.3300000429153442,1.350000023841858,1.3300000429153442,1.350000023841858,190900
2026-06-12 15:10:00+00:00,CVCB3.SA,1.340000033378601,1.350000023841858,1.340000033378601,1.350000023841858,9700
2026-06-12 15:15:00+00:00,CVCB3.SA,1.340000033378601,1.350000023841858,1.340000033378601,1.350000023841858,17900
2026-06-12 15:20:00+00:00,CVCB3.SA,1.340000033378601,1.350000023841858,1.340000033378601,1.350000023841858,18800
2026-06-12 15:25:00+00:00,CVCB3.SA,1.340000033378601,1.350000023841858,1.340000033378601,1.350000023841858,9100
2026-06-12 15:30:00+00:00,CVCB3.SA,1.340000033378601,1.350000023841858,1.340000033378601,1.350000023841858,45400
2026-06-12 15:35:00+00:00,CVCB3.SA,1.350000023841858,1.350000023841858,1.3300000429153442,1.350000023841858,317400
2026-06-12 15:40:00+00:00,CVCB3.SA,1.340000033378601,1.350000023841858,1.340000033378601,1.350000023841858,104600
2026-06-12 15:45:00+00:00,CVCB3.SA,1.340000033378601,1.350000023841858,1.340000033378601,1.350000023841858,11800
2026-06-12 15:50:00+00:00,CVCB3.SA,1.350000023841858,1.3700000047683716,1.340000033378601,1.3700000047683716,1124300
2026-06-12 15:55:00+00:00,CVCB3.SA,1.3700000047683716,1.3700000047683716,1.3600000143051147,1.3700000047683716,185800
2026-06-12 16:00:00+00:00,CVCB3.SA,1.3600000143051147,1.3700000047683716,1.3600000143051147,1.3700000047683716,65700
2026-06-12 16:05:00+00:00,CVCB3.SA,1.3600000143051147,1.3700000047683716,1.350000023841858,1.350000023841858,129100
2026-06-12 16:10:00+00:00,CVCB3.SA,1.350000023841858,1.3700000047683716,1.350000023841858,1.3700000047683716,70700
2026-06-12 16:15:00+00:00,CVCB3.SA,1.3600000143051147,1.3700000047683716,1.350000023841858,1.3700000047683716,589400
2026-06-12 16:20:00+00:00,CVCB3.SA,1.3700000047683716,1.3700000047683716,1.3600000143051147,1.3700000047683716,37100
2026-06-12 16:25:00+00:00,CVCB3.SA,1.3700000047683716,1.3700000047683716,1.3600000143051147,1.3700000047683716,40700
2026-06-12 16:30:00+00:00,CVCB3.SA,1.3700000047683716,1.3700000047683716,1.3600000143051147,1.3700000047683716,216600
2026-06-12 16:35:00+00:00,CVCB3.SA,1.3700000047683716,1.3700000047683716,1.3600000143051147,1.3700000047683716,8500
2026-06-12 16:40:00+00:00,CVCB3.SA,1.3700000047683716,1.3700000047683716,1.3600000143051147,1.3600000143051147,681600
2026-06-12 16:45:00+00:00,CVCB3.SA,1.3600000143051147,1.3700000047683716,1.3600000143051147,1.3600000143051147,117500
2026-06-12 16:50:00+00:00,CVCB3.SA,1.3600000143051147,1.3700000047683716,1.3600000143051147,1.3600000143051147,22500
2026-06-12 16:55:00+00:00,CVCB3.SA,1.3700000047683716,1.3700000047683716,1.3600000143051147,1.3600000143051147,66700
2026-06-12 17:00:00+00:00,CVCB3.SA,1.3700000047683716,1.3700000047683716,1.3600000143051147,1.3600000143051147,7000
2026-06-12 17:05:00+00:00,CVCB3.SA,1.3600000143051147,1.3700000047683716,1.3600000143051147,1.3700000047683716,8000
2026-06-12 17:10:00+00:00,CVCB3.SA,1.3700000047683716,1.3700000047683716,1.3600000143051147,1.3700000047683716,12100
2026-06-12 17:15:00+00:00,CVCB3.SA,1.3600000143051147,1.3799999952316284,1.3600000143051147,1.3799999952316284,494800
2026-06-12 17:20:00+00:00,CVCB3.SA,1.3700000047683716,1.3799999952316284,1.3700000047683716,1.3799999952316284,31900
2026-06-12 17:25:00+00:00,CVCB3.SA,1.3799999952316284,1.3799999952316284,1.3700000047683716,1.3799999952316284,16800
2026-06-12 17:30:00+00:00,CVCB3.SA,1.3700000047683716,1.3799999952316284,1.3700000047683716,1.3799999952316284,23000
2026-06-12 17:35:00+00:00,CVCB3.SA,1.3700000047683716,1.3799999952316284,1.3700000047683716,1.3799999952316284,28500
2026-06-12 17:40:00+00:00,CVCB3.SA,1.3700000047683716,1.3799999952316284,1.3700000047683716,1.3799999952316284,23800
2026-06-12 17:45:00+00:00,CVCB3.SA,1.3700000047683716,1.3799999952316284,1.3700000047683716,1.3799999952316284,30700
2026-06-12 17:50:00+00:00,CVCB3.SA,1.3700000047683716,1.3799999952316284,1.3700000047683716,1.3799999952316284,2800
2026-06-12 17:55:00+00:00,CVCB3.SA,1.3700000047683716,1.3799999952316284,1.3600000143051147,1.3700000047683716,110200
2026-06-12 18:00:00+00:00,CVCB3.SA,1.3600000143051147,1.3700000047683716,1.3600000143051147,1.3600000143051147,25100
2026-06-12 18:05:00+00:00,CVCB3.SA,1.3700000047683716,1.3700000047683716,1.3600000143051147,1.3700000047683716,14100
2026-06-12 18:10:00+00:00,CVCB3.SA,1.3600000143051147,1.3700000047683716,1.3600000143051147,1.3700000047683716,139800
2026-06-12 18:15:00+00:00,CVCB3.SA,1.3600000143051147,1.3700000047683716,1.3600000143051147,1.3600000143051147,10200
2026-06-12 18:20:00+00:00,CVCB3.SA,1.3700000047683716,1.3700000047683716,1.3600000143051147,1.3600000143051147,7800
2026-06-12 18:25:00+00:00,CVCB3.SA,1.3700000047683716,1.399999976158142,1.3600000143051147,1.3899999856948853,1785600
2026-06-12 18:30:00+00:00,CVCB3.SA,1.3899999856948853,1.399999976158142,1.3799999952316284,1.399999976158142,498900
2026-06-12 18:35:00+00:00,CVCB3.SA,1.3899999856948853,1.399999976158142,1.3799999952316284,1.3899999856948853,271400
2026-06-12 18:40:00+00:00,CVCB3.SA,1.3799999952316284,1.3899999856948853,1.3799999952316284,1.3899999856948853,59800
2026-06-12 18:45:00+00:00,CVCB3.SA,1.3899999856948853,1.3899999856948853,1.3799999952316284,1.3899999856948853,19400
2026-06-12 18:50:00+00:00,CVCB3.SA,1.3799999952316284,1.3899999856948853,1.3799999952316284,1.3899999856948853,12800
2026-06-12 18:55:00+00:00,CVCB3.SA,1.3799999952316284,1.3899999856948853,1.3799999952316284,1.3899999856948853,8400
2026-06-12 19:00:00+00:00,CVCB3.SA,1.3799999952316284,1.3899999856948853,1.3799999952316284,1.3799999952316284,13400
2026-06-12 19:05:00+00:00,CVCB3.SA,1.3799999952316284,1.3899999856948853,1.3799999952316284,1.3799999952316284,46500
2026-06-12 19:10:00+00:00,CVCB3.SA,1.3899999856948853,1.3899999856948853,1.3799999952316284,1.3799999952316284,5500
2026-06-12 19:15:00+00:00,CVCB3.SA,1.3899999856948853,1.3899999856948853,1.3799999952316284,1.3799999952316284,29800
2026-06-12 19:20:00+00:00,CVCB3.SA,1.3899999856948853,1.3899999856948853,1.3799999952316284,1.3899999856948853,9100
2026-06-12 19:25:00+00:00,CVCB3.SA,1.3799999952316284,1.399999976158142,1.3799999952316284,1.399999976158142,564200
2026-06-12 19:30:00+00:00,CVCB3.SA,1.399999976158142,1.399999976158142,1.3899999856948853,1.399999976158142,3800
2026-06-12 19:35:00+00:00,CVCB3.SA,1.399999976158142,1.399999976158142,1.3899999856948853,1.3899999856948853,41000
2026-06-12 19:40:00+00:00,CVCB3.SA,1.399999976158142,1.399999976158142,1.3899999856948853,1.399999976158142,36000
2026-06-12 19:45:00+00:00,CVCB3.SA,1.3899999856948853,1.399999976158142,1.3899999856948853,1.399999976158142,135800
2026-06-12 19:50:00+00:00,CVCB3.SA,1.399999976158142,1.409999966621399,1.3899999856948853,1.399999976158142,787100
