datetime,ticker,open,high,low,close,volume
2026-03-17 13:00:00+00:00,MGLU3.SA,9.880000114440918,9.890000343322754,9.800000190734863,9.869999885559082,0
2026-03-17 13:05:00+00:00,MGLU3.SA,9.869999885559082,9.930000305175781,9.850000381469727,9.899999618530273,545400
2026-03-17 13:10:00+00:00,MGLU3.SA,9.890000343322754,9.890000343322754,9.75,9.859999656677246,608100
2026-03-17 13:15:00+00:00,MGLU3.SA,9.859999656677246,9.90999984741211,9.850000381469727,9.890000343322754,397000
2026-03-17 13:20:00+00:00,MGLU3.SA,9.90999984741211,9.90999984741211,9.850000381469727,9.859999656677246,231000
2026-03-17 13:25:00+00:00,MGLU3.SA,9.859999656677246,9.880000114440918,9.8100004196167,9.829999923706055,268500
2026-03-17 13:30:00+00:00,MGLU3.SA,9.829999923706055,9.829999923706055,9.770000457763672,9.770000457763672,442900
2026-03-17 13:35:00+00:00,MGLU3.SA,9.760000228881836,9.800000190734863,9.739999771118164,9.800000190734863,433600
2026-03-17 13:40:00+00:00,MGLU3.SA,9.800000190734863,9.800000190734863,9.770000457763672,9.779999732971191,230900
2026-03-17 13:45:00+00:00,MGLU3.SA,9.779999732971191,9.819999694824219,9.779999732971191,9.789999961853027,250700
2026-03-17 13:50:00+00:00,MGLU3.SA,9.800000190734863,9.84000015258789,9.770000457763672,9.819999694824219,386600
2026-03-17 13:55:00+00:00,MGLU3.SA,9.829999923706055,9.859999656677246,9.819999694824219,9.850000381469727,278100
2026-03-17 14:00:00+00:00,MGLU3.SA,9.859999656677246,9.859999656677246,9.8100004196167,9.8100004196167,93300
2026-03-17 14:05:00+00:00,MGLU3.SA,9.819999694824219,9.84000015258789,9.8100004196167,9.8100004196167,114800
2026-03-17 14:10:00+00:00,MGLU3.SA,9.819999694824219,9.819999694824219,9.720000267028809,9.75,835200
2026-03-17 14:15:00+00:00,MGLU3.SA,9.739999771118164,9.739999771118164,9.680000305175781,9.6899995803833,628000
2026-03-17 14:20:00+00:00,MGLU3.SA,9.6899995803833,9.699999809265137,9.65999984741211,9.670000076293945,372800
2026-03-17 14:25:00+00:00,MGLU3.SA,9.680000305175781,9.680000305175781,9.649999618530273,9.670000076293945,254100
2026-03-17 14:30:00+00:00,MGLU3.SA,9.680000305175781,9.710000038146973,9.649999618530273,9.6899995803833,211500
2026-03-17 14:35:00+00:00,MGLU3.SA,9.6899995803833,9.720000267028809,9.680000305175781,9.680000305175781,80400
2026-03-17 14:40:00+00:00,MGLU3.SA,9.680000305175781,9.6899995803833,9.649999618530273,9.670000076293945,172400
2026-03-17 14:45:00+00:00,MGLU3.SA,9.680000305175781,9.6899995803833,9.630000114440918,9.649999618530273,290900
2026-03-17 14:50:00+00:00,MGLU3.SA,9.649999618530273,9.649999618530273,9.579999923706055,9.630000114440918,517100
2026-03-17 14:55:00+00:00,MGLU3.SA,9.640000343322754,9.710000038146973,9.640000343322754,9.6899995803833,375500
2026-03-17 15:00:00+00:00,MGLU3.SA,9.680000305175781,9.699999809265137,9.65999984741211,9.6899995803833,136700
2026-03-17 15:05:00+00:00,MGLU3.SA,9.6899995803833,9.699999809265137,9.680000305175781,9.6899995803833,84600
2026-03-17 15:10:00+00:00,MGLU3.SA,9.6899995803833,9.699999809265137,9.680000305175781,9.680000305175781,56700
2026-03-17 15:15:00+00:00,MGLU3.SA,9.6899995803833,9.6899995803833,9.600000381469727,9.600000381469727,249100
2026-03-17 15:20:00+00:00,MGLU3.SA,9.600000381469727,9.630000114440918,9.579999923706055,9.619999885559082,419000
2026-03-17 15:25:00+00:00,MGLU3.SA,9.619999885559082,9.640000343322754,9.600000381469727,9.600000381469727,118100
2026-03-17 15:30:00+00:00,MGLU3.SA,9.609999656677246,9.630000114440918,9.600000381469727,9.609999656677246,55600
2026-03-17 15:35:00+00:00,MGLU3.SA,9.619999885559082,9.619999885559082,9.600000381469727,9.600000381469727,110900
2026-03-17 15:40:00+00:00,MGLU3.SA,9.600000381469727,9.630000114440918,9.579999923706055,9.619999885559082,314300
2026-03-17 15:45:00+00:00,MGLU3.SA,9.619999885559082,9.630000114440918,9.609999656677246,9.609999656677246,95200
2026-03-17 15:50:00+00:00,MGLU3.SA,9.619999885559082,9.649999618530273,9.609999656677246,9.649999618530273,108200
2026-03-17 15:55:00+00:00,MGLU3.SA,9.649999618530273,9.65999984741211,9.630000114440918,9.649999618530273,123900
2026-03-17 16:00:00+00:00,MGLU3.SA,9.65999984741211,9.65999984741211,9.630000114440918,9.649999618530273,86300
2026-03-17 16:05:00+00:00,MGLU3.SA,9.65999984741211,9.65999984741211,9.630000114440918,9.640000343322754,89600
2026-03-17 16:10:00+00:00,MGLU3.SA,9.649999618530273,9.670000076293945,9.640000343322754,9.649999618530273,118500
2026-03-17 16:15:00+00:00,MGLU3.SA,9.65999984741211,9.670000076293945,9.640000343322754,9.670000076293945,45500
2026-03-17 16:20:00+00:00,MGLU3.SA,9.670000076293945,9.680000305175781,9.649999618530273,9.670000076293945,99500
2026-03-17 16:25:00+00:00,MGLU3.SA,9.680000305175781,9.680000305175781,9.649999618530273,9.649999618530273,150600
2026-03-17 16:30:00+00:00,MGLU3.SA,9.649999618530273,9.65999984741211,9.600000381469727,9.609999656677246,159700
2026-03-17 16:35:00+00:00,MGLU3.SA,9.619999885559082,9.630000114440918,9.600000381469727,9.619999885559082,39400
2026-03-17 16:40:00+00:00,MGLU3.SA,9.630000114440918,9.630000114440918,9.609999656677246,9.619999885559082,55200
2026-03-17 16:45:00+00:00,MGLU3.SA,9.619999885559082,9.630000114440918,9.600000381469727,9.600000381469727,136100
2026-03-17 16:50:00+00:00,MGLU3.SA,9.600000381469727,9.619999885559082,9.600000381469727,9.609999656677246,156400
2026-03-17 16:55:00+00:00,MGLU3.SA,9.600000381469727,9.630000114440918,9.600000381469727,9.609999656677246,43500
2026-03-17 17:00:00+00:00,MGLU3.SA,9.619999885559082,9.680000305175781,9.609999656677246,9.649999618530273,152500
2026-03-17 17:05:00+00:00,MGLU3.SA,9.649999618530273,9.649999618530273,9.640000343322754,9.640000343322754,42300
2026-03-17 17:10:00+00:00,MGLU3.SA,9.649999618530273,9.649999618530273,9.619999885559082,9.619999885559082,46800
2026-03-17 17:15:00+00:00,MGLU3.SA,9.630000114440918,9.640000343322754,9.619999885559082,9.619999885559082,41100
2026-03-17 17:20:00+00:00,MGLU3.SA,9.619999885559082,9.640000343322754,9.619999885559082,9.630000114440918,71500
2026-03-17 17:25:00+00:00,MGLU3.SA,9.619999885559082,9.630000114440918,9.600000381469727,9.630000114440918,97200
2026-03-17 17:30:00+00:00,MGLU3.SA,9.619999885559082,9.640000343322754,9.609999656677246,9.609999656677246,45000
2026-03-17 17:35:00+00:00,MGLU3.SA,9.609999656677246,9.640000343322754,9.609999656677246,9.630000114440918,58400
2026-03-17 17:40:00+00:00,MGLU3.SA,9.640000343322754,9.65999984741211,9.619999885559082,9.649999618530273,170500
2026-03-17 17:45:00+00:00,MGLU3.SA,9.65999984741211,9.670000076293945,9.640000343322754,9.649999618530273,115300
2026-03-17 17:50:00+00:00,MGLU3.SA,9.640000343322754,9.670000076293945,9.640000343322754,9.670000076293945,124700
2026-03-17 17:55:00+00:00,MGLU3.SA,9.670000076293945,9.670000076293945,9.640000343322754,9.65999984741211,85800
2026-03-17 18:00:00+00:00,MGLU3.SA,9.649999618530273,9.65999984741211,9.630000114440918,9.649999618530273,127700
2026-03-17 18:05:00+00:00,MGLU3.SA,9.649999618530273,9.65999984741211,9.630000114440918,9.640000343322754,83100
2026-03-17 18:10:00+00:00,MGLU3.SA,9.640000343322754,9.649999618530273,9.579999923706055,9.600000381469727,417100
2026-03-17 18:15:00+00:00,MGLU3.SA,9.600000381469727,9.600000381469727,9.539999961853027,9.5600004196167,303800
2026-03-17 18:20:00+00:00,MGLU3.SA,9.5600004196167,9.569999694824219,9.520000457763672,9.529999732971191,253900
2026-03-17 18:25:00+00:00,MGLU3.SA,9.529999732971191,9.539999961853027,9.430000305175781,9.449999809265137,858900
2026-03-17 18:30:00+00:00,MGLU3.SA,9.4399995803833,9.460000038146973,9.420000076293945,9.4399995803833,468100
2026-03-17 18:35:00+00:00,MGLU3.SA,9.4399995803833,9.4399995803833,9.390000343322754,9.399999618530273,272700
2026-03-17 18:40:00+00:00,MGLU3.SA,9.399999618530273,9.399999618530273,9.3100004196167,9.34000015258789,481500
2026-03-17 18:45:00+00:00,MGLU3.SA,9.329999923706055,9.390000343322754,9.319999694824219,9.350000381469727,354800
2026-03-17 18:50:00+00:00,MGLU3.SA,9.350000381469727,9.390000343322754,9.34000015258789,9.380000114440918,231000
2026-03-17 18:55:00+00:00,MGLU3.SA,9.380000114440918,9.390000343322754,9.369999885559082,9.369999885559082,128400
2026-03-17 19:00:00+00:00,MGLU3.SA,9.380000114440918,9.390000343322754,9.350000381469727,9.359999656677246,164200
2026-03-17 19:05:00+00:00,MGLU3.SA,9.350000381469727,9.359999656677246,9.329999923706055,9.350000381469727,147100
2026-03-17 19:10:00+00:00,MGLU3.SA,9.350000381469727,9.390000343322754,9.350000381469727,9.359999656677246,199800
2026-03-17 19:15:00+00:00,MGLU3.SA,9.359999656677246,9.359999656677246,9.279999732971191,9.289999961853027,491700
2026-03-17 19:20:00+00:00,MGLU3.SA,9.279999732971191,9.289999961853027,9.25,9.260000228881836,246100
2026-03-17 19:25:00+00:00,MGLU3.SA,9.260000228881836,9.270000457763672,9.210000038146973,9.220000267028809,333400
2026-03-17 19:30:00+00:00,MGLU3.SA,9.220000267028809,9.279999732971191,9.220000267028809,9.279999732971191,197700
2026-03-17 19:35:00+00:00,MGLU3.SA,9.279999732971191,9.3100004196167,9.260000228881836,9.260000228881836,288900
2026-03-17 19:40:00+00:00,MGLU3.SA,9.260000228881836,9.260000228881836,9.170000076293945,9.170000076293945,796300
2026-03-17 19:45:00+00:00,MGLU3.SA,9.170000076293945,9.1899995803833,9.15999984741211,9.15999984741211,291800
2026-03-17 19:50:00+00:00,MGLU3.SA,9.15999984741211,9.180000305175781,9.140000343322754,9.15999984741211,628500
2026-03-18 13:00:00+00:00,MGLU3.SA,9.079999923706055,9.100000381469727,9.010000228881836,9.050000190734863,0
2026-03-18 13:05:00+00:00,MGLU3.SA,9.029999732971191,9.149999618530273,9.029999732971191,9.0600004196167,976600
2026-03-18 13:10:00+00:00,MGLU3.SA,9.050000190734863,9.130000114440918,9.050000190734863,9.109999656677246,577700
2026-03-18 13:15:00+00:00,MGLU3.SA,9.109999656677246,9.199999809265137,9.100000381469727,9.199999809265137,292400
2026-03-18 13:20:00+00:00,MGLU3.SA,9.1899995803833,9.210000038146973,9.119999885559082,9.130000114440918,428600
2026-03-18 13:25:00+00:00,MGLU3.SA,9.130000114440918,9.140000343322754,9.09000015258789,9.119999885559082,472500
2026-03-18 13:30:00+00:00,MGLU3.SA,9.119999885559082,9.180000305175781,9.119999885559082,9.149999618530273,352800
2026-03-18 13:35:00+00:00,MGLU3.SA,9.149999618530273,9.170000076293945,9.0600004196167,9.100000381469727,424500
2026-03-18 13:40:00+00:00,MGLU3.SA,9.100000381469727,9.109999656677246,9.079999923706055,9.100000381469727,312700
2026-03-18 13:45:00+00:00,MGLU3.SA,9.100000381469727,9.119999885559082,9.069999694824219,9.079999923706055,287600
2026-03-18 13:50:00+00:00,MGLU3.SA,9.079999923706055,9.100000381469727,9.039999961853027,9.050000190734863,346600
2026-03-18 13:55:00+00:00,MGLU3.SA,9.0600004196167,9.109999656677246,9.050000190734863,9.100000381469727,141400
2026-03-18 14:00:00+00:00,MGLU3.SA,9.100000381469727,9.119999885559082,9.0600004196167,9.069999694824219,163700
2026-03-18 14:05:00+00:00,MGLU3.SA,9.079999923706055,9.109999656677246,9.069999694824219,9.079999923706055,83500
2026-03-18 14:10:00+00:00,MGLU3.SA,9.079999923706055,9.079999923706055,9.010000228881836,9.039999961853027,582300
2026-03-18 14:15:00+00:00,MGLU3.SA,9.039999961853027,9.050000190734863,9.029999732971191,9.039999961853027,147100
2026-03-18 14:20:00+00:00,MGLU3.SA,9.039999961853027,9.039999961853027,9.0,9.029999732971191,363600
2026-03-18 14:25:00+00:00,MGLU3.SA,9.020000457763672,9.020000457763672,8.859999656677246,8.890000343322754,730200
2026-03-18 14:30:00+00:00,MGLU3.SA,8.899999618530273,8.930000305175781,8.880000114440918,8.920000076293945,272100
2026-03-18 14:35:00+00:00,MGLU3.SA,8.920000076293945,8.960000038146973,8.890000343322754,8.930000305175781,181400
2026-03-18 14:40:00+00:00,MGLU3.SA,8.9399995803833,8.949999809265137,8.920000076293945,8.9399995803833,80000
2026-03-18 14:45:00+00:00,MGLU3.SA,8.949999809265137,8.979999542236328,8.9399995803833,8.960000038146973,191700
2026-03-18 14:50:00+00:00,MGLU3.SA,8.970000267028809,8.970000267028809,8.930000305175781,8.930000305175781,124400
2026-03-18 14:55:00+00:00,MGLU3.SA,8.930000305175781,8.960000038146973,8.890000343322754,8.949999809265137,359400
2026-03-18 15:00:00+00:00,MGLU3.SA,8.960000038146973,8.979999542236328,8.930000305175781,8.970000267028809,239100
2026-03-18 15:05:00+00:00,MGLU3.SA,8.960000038146973,9.020000457763672,8.960000038146973,9.010000228881836,180700
2026-03-18 15:10:00+00:00,MGLU3.SA,9.010000228881836,9.010000228881836,8.979999542236328,8.989999771118164,158800
2026-03-18 15:15:00+00:00,MGLU3.SA,8.989999771118164,9.010000228881836,8.979999542236328,8.979999542236328,62800
2026-03-18 15:20:00+00:00,MGLU3.SA,8.979999542236328,8.979999542236328,8.960000038146973,8.970000267028809,60500
2026-03-18 15:25:00+00:00,MGLU3.SA,8.970000267028809,8.989999771118164,8.970000267028809,8.970000267028809,32600
2026-03-18 15:30:00+00:00,MGLU3.SA,8.970000267028809,8.989999771118164,8.970000267028809,8.979999542236328,65800
2026-03-18 15:35:00+00:00,MGLU3.SA,8.970000267028809,8.989999771118164,8.970000267028809,8.970000267028809,47900
2026-03-18 15:40:00+00:00,MGLU3.SA,8.970000267028809,8.989999771118164,8.970000267028809,8.989999771118164,69300
2026-03-18 15:45:00+00:00,MGLU3.SA,8.979999542236328,8.979999542236328,8.949999809265137,8.949999809265137,74600
2026-03-18 15:50:00+00:00,MGLU3.SA,8.949999809265137,8.960000038146973,8.9399995803833,8.949999809265137,59800
2026-03-18 15:55:00+00:00,MGLU3.SA,8.949999809265137,8.960000038146973,8.930000305175781,8.930000305175781,63900
2026-03-18 16:00:00+00:00,MGLU3.SA,8.930000305175781,8.949999809265137,8.920000076293945,8.949999809265137,97500
2026-03-18 16:05:00+00:00,MGLU3.SA,8.9399995803833,8.979999542236328,8.9399995803833,8.970000267028809,32600
2026-03-18 16:10:00+00:00,MGLU3.SA,8.970000267028809,8.989999771118164,8.960000038146973,8.979999542236328,79400
2026-03-18 16:15:00+00:00,MGLU3.SA,8.979999542236328,8.979999542236328,8.970000267028809,8.970000267028809,39600
2026-03-18 16:20:00+00:00,MGLU3.SA,8.970000267028809,8.989999771118164,8.970000267028809,8.979999542236328,42800
2026-03-18 16:25:00+00:00,MGLU3.SA,8.989999771118164,8.989999771118164,8.979999542236328,8.979999542236328,38300
2026-03-18 16:30:00+00:00,MGLU3.SA,8.979999542236328,8.989999771118164,8.9399995803833,8.9399995803833,83600
2026-03-18 16:35:00+00:00,MGLU3.SA,8.9399995803833,8.960000038146973,8.930000305175781,8.960000038146973,73700
2026-03-18 16:40:00+00:00,MGLU3.SA,8.949999809265137,8.970000267028809,8.949999809265137,8.960000038146973,17200
2026-03-18 16:45:00+00:00,MGLU3.SA,8.970000267028809,8.979999542236328,8.960000038146973,8.970000267028809,29300
2026-03-18 16:50:00+00:00,MGLU3.SA,8.960000038146973,8.989999771118164,8.949999809265137,8.989999771118164,69200
2026-03-18 16:55:00+00:00,MGLU3.SA,8.989999771118164,9.020000457763672,8.979999542236328,9.010000228881836,203200
2026-03-18 17:00:00+00:00,MGLU3.SA,9.020000457763672,9.020000457763672,8.9399995803833,8.9399995803833,170000
2026-03-18 17:05:00+00:00,MGLU3.SA,8.949999809265137,8.979999542236328,8.9399995803833,8.960000038146973,45000
2026-03-18 17:10:00+00:00,MGLU3.SA,8.970000267028809,8.979999542236328,8.949999809265137,8.949999809265137,45200
2026-03-18 17:15:00+00:00,MGLU3.SA,8.960000038146973,8.960000038146973,8.9399995803833,8.9399995803833,79200
2026-03-18 17:20:00+00:00,MGLU3.SA,8.949999809265137,8.960000038146973,8.9399995803833,8.949999809265137,68000
2026-03-18 17:25:00+00:00,MGLU3.SA,8.960000038146973,8.979999542236328,8.930000305175781,8.960000038146973,126700
2026-03-18 17:30:00+00:00,MGLU3.SA,8.970000267028809,8.970000267028809,8.930000305175781,8.949999809265137,154900
2026-03-18 17:35:00+00:00,MGLU3.SA,8.960000038146973,8.960000038146973,8.9399995803833,8.9399995803833,56600
2026-03-18 17:40:00+00:00,MGLU3.SA,8.949999809265137,8.949999809265137,8.930000305175781,8.9399995803833,86200
2026-03-18 17:45:00+00:00,MGLU3.SA,8.9399995803833,8.970000267028809,8.930000305175781,8.960000038146973,126400
2026-03-18 17:50:00+00:00,MGLU3.SA,8.960000038146973,9.0,8.9399995803833,8.989999771118164,232800
2026-03-18 17:55:00+00:00,MGLU3.SA,8.989999771118164,9.050000190734863,8.960000038146973,9.010000228881836,249600
2026-03-18 18:00:00+00:00,MGLU3.SA,9.010000228881836,9.039999961853027,8.970000267028809,8.989999771118164,258900
2026-03-18 18:05:00+00:00,MGLU3.SA,8.989999771118164,9.069999694824219,8.970000267028809,9.0600004196167,635300
2026-03-18 18:10:00+00:00,MGLU3.SA,9.0600004196167,9.119999885559082,9.039999961853027,9.069999694824219,536500
2026-03-18 18:15:00+00:00,MGLU3.SA,9.069999694824219,9.069999694824219,9.0,9.029999732971191,169200
2026-03-18 18:20:00+00:00,MGLU3.SA,9.029999732971191,9.050000190734863,9.010000228881836,9.020000457763672,105100
2026-03-18 18:25:00+00:00,MGLU3.SA,9.020000457763672,9.029999732971191,9.010000228881836,9.020000457763672,78200
2026-03-18 18:30:00+00:00,MGLU3.SA,9.020000457763672,9.020000457763672,8.9399995803833,8.960000038146973,379800
2026-03-18 18:35:00+00:00,MGLU3.SA,8.960000038146973,8.989999771118164,8.920000076293945,8.930000305175781,281600
2026-03-18 18:40:00+00:00,MGLU3.SA,8.920000076293945,8.970000267028809,8.90999984741211,8.9399995803833,223000
2026-03-18 18:45:00+00:00,MGLU3.SA,8.949999809265137,8.949999809265137,8.880000114440918,8.880000114440918,346100
2026-03-18 18:50:00+00:00,MGLU3.SA,8.899999618530273,8.899999618530273,8.869999885559082,8.880000114440918,342500
2026-03-18 18:55:00+00:00,MGLU3.SA,8.880000114440918,8.899999618530273,8.880000114440918,8.890000343322754,131000
2026-03-18 19:00:00+00:00,MGLU3.SA,8.890000343322754,8.960000038146973,8.880000114440918,8.960000038146973,238600
2026-03-18 19:05:00+00:00,MGLU3.SA,8.960000038146973,8.960000038146973,8.920000076293945,8.949999809265137,199200
2026-03-18 19:10:00+00:00,MGLU3.SA,8.949999809265137,8.949999809265137,8.920000076293945,8.9399995803833,87500
2026-03-18 19:15:00+00:00,MGLU3.SA,8.9399995803833,8.949999809265137,8.90999984741211,8.9399995803833,110700
2026-03-18 19:20:00+00:00,MGLU3.SA,8.9399995803833,8.949999809265137,8.890000343322754,8.890000343322754,291100
2026-03-18 19:25:00+00:00,MGLU3.SA,8.890000343322754,8.899999618530273,8.880000114440918,8.899999618530273,267300
2026-03-18 19:30:00+00:00,MGLU3.SA,8.899999618530273,8.920000076293945,8.890000343322754,8.920000076293945,158100
2026-03-18 19:35:00+00:00,MGLU3.SA,8.920000076293945,8.9399995803833,8.899999618530273,8.930000305175781,272700
2026-03-18 19:40:00+00:00,MGLU3.SA,8.930000305175781,8.949999809265137,8.920000076293945,8.930000305175781,4540000
2026-03-18 19:45:00+00:00,MGLU3.SA,8.930000305175781,8.930000305175781,8.880000114440918,8.890000343322754,419800
2026-03-18 19:50:00+00:00,MGLU3.SA,8.890000343322754,8.920000076293945,8.880000114440918,8.890000343322754,449200
2026-03-19 13:05:00+00:00,MGLU3.SA,8.710000038146973,8.739999771118164,8.539999961853027,8.539999961853027,0
2026-03-19 13:15:00+00:00,MGLU3.SA,8.550000190734863,8.569999694824219,8.4399995803833,8.5600004196167,1321900
2026-03-19 13:20:00+00:00,MGLU3.SA,8.569999694824219,8.680000305175781,8.550000190734863,8.609999656677246,728300
2026-03-19 13:25:00+00:00,MGLU3.SA,8.619999885559082,8.649999618530273,8.579999923706055,8.619999885559082,480600
2026-03-19 13:30:00+00:00,MGLU3.SA,8.609999656677246,8.649999618530273,8.579999923706055,8.630000114440918,262800
2026-03-19 13:35:00+00:00,MGLU3.SA,8.630000114440918,8.720000267028809,8.619999885559082,8.6899995803833,659600
2026-03-19 13:40:00+00:00,MGLU3.SA,8.680000305175781,8.710000038146973,8.649999618530273,8.65999984741211,217400
2026-03-19 13:45:00+00:00,MGLU3.SA,8.65999984741211,8.710000038146973,8.649999618530273,8.710000038146973,271500
2026-03-19 13:50:00+00:00,MGLU3.SA,8.720000267028809,8.829999923706055,8.710000038146973,8.819999694824219,576700
2026-03-19 13:55:00+00:00,MGLU3.SA,8.8100004196167,8.869999885559082,8.800000190734863,8.819999694824219,448200
2026-03-19 14:00:00+00:00,MGLU3.SA,8.819999694824219,8.850000381469727,8.760000228881836,8.760000228881836,193100
2026-03-19 14:05:00+00:00,MGLU3.SA,8.760000228881836,8.800000190734863,8.729999542236328,8.739999771118164,211300
2026-03-19 14:10:00+00:00,MGLU3.SA,8.75,8.760000228881836,8.699999809265137,8.710000038146973,251000
2026-03-19 14:15:00+00:00,MGLU3.SA,8.710000038146973,8.729999542236328,8.699999809265137,8.720000267028809,331200
2026-03-19 14:20:00+00:00,MGLU3.SA,8.720000267028809,8.729999542236328,8.670000076293945,8.670000076293945,424200
2026-03-19 14:25:00+00:00,MGLU3.SA,8.670000076293945,8.680000305175781,8.630000114440918,8.630000114440918,250500
2026-03-19 14:30:00+00:00,MGLU3.SA,8.630000114440918,8.670000076293945,8.630000114440918,8.65999984741211,243900
2026-03-19 14:35:00+00:00,MGLU3.SA,8.65999984741211,8.680000305175781,8.600000381469727,8.609999656677246,402400
2026-03-19 14:40:00+00:00,MGLU3.SA,8.600000381469727,8.630000114440918,8.600000381469727,8.619999885559082,219400
2026-03-19 14:45:00+00:00,MGLU3.SA,8.619999885559082,8.65999984741211,8.609999656677246,8.640000343322754,371500
2026-03-19 14:50:00+00:00,MGLU3.SA,8.640000343322754,8.649999618530273,8.619999885559082,8.640000343322754,268000
2026-03-19 14:55:00+00:00,MGLU3.SA,8.649999618530273,8.649999618530273,8.619999885559082,8.630000114440918,155300
2026-03-19 15:00:00+00:00,MGLU3.SA,8.630000114440918,8.670000076293945,8.619999885559082,8.670000076293945,165900
2026-03-19 15:05:00+00:00,MGLU3.SA,8.670000076293945,8.720000267028809,8.670000076293945,8.699999809265137,331300
2026-03-19 15:10:00+00:00,MGLU3.SA,8.710000038146973,8.710000038146973,8.649999618530273,8.710000038146973,345600
2026-03-19 15:15:00+00:00,MGLU3.SA,8.710000038146973,8.739999771118164,8.680000305175781,8.680000305175781,240800
2026-03-19 15:20:00+00:00,MGLU3.SA,8.680000305175781,8.680000305175781,8.649999618530273,8.649999618530273,132300
2026-03-19 15:25:00+00:00,MGLU3.SA,8.649999618530273,8.65999984741211,8.630000114440918,8.649999618530273,152100
2026-03-19 15:30:00+00:00,MGLU3.SA,8.649999618530273,8.670000076293945,8.619999885559082,8.619999885559082,94700
2026-03-19 15:35:00+00:00,MGLU3.SA,8.619999885559082,8.619999885559082,8.579999923706055,8.619999885559082,359800
2026-03-19 15:40:00+00:00,MGLU3.SA,8.619999885559082,8.619999885559082,8.569999694824219,8.579999923706055,105600
2026-03-19 15:45:00+00:00,MGLU3.SA,8.579999923706055,8.579999923706055,8.539999961853027,8.569999694824219,291100
2026-03-19 15:50:00+00:00,MGLU3.SA,8.569999694824219,8.600000381469727,8.539999961853027,8.569999694824219,153600
2026-03-19 15:55:00+00:00,MGLU3.SA,8.579999923706055,8.630000114440918,8.569999694824219,8.600000381469727,196000
2026-03-19 16:00:00+00:00,MGLU3.SA,8.600000381469727,8.630000114440918,8.59000015258789,8.609999656677246,101900
2026-03-19 16:05:00+00:00,MGLU3.SA,8.600000381469727,8.630000114440918,8.59000015258789,8.609999656677246,65000
2026-03-19 16:10:00+00:00,MGLU3.SA,8.619999885559082,8.630000114440918,8.59000015258789,8.59000015258789,81300
2026-03-19 16:15:00+00:00,MGLU3.SA,8.59000015258789,8.609999656677246,8.579999923706055,8.59000015258789,66100
2026-03-19 16:20:00+00:00,MGLU3.SA,8.59000015258789,8.59000015258789,8.5600004196167,8.579999923706055,113200
2026-03-19 16:25:00+00:00,MGLU3.SA,8.569999694824219,8.59000015258789,8.539999961853027,8.5600004196167,167900
2026-03-19 16:30:00+00:00,MGLU3.SA,8.5600004196167,8.569999694824219,8.539999961853027,8.539999961853027,69300
2026-03-19 16:35:00+00:00,MGLU3.SA,8.539999961853027,8.550000190734863,8.520000457763672,8.539999961853027,143000
2026-03-19 16:40:00+00:00,MGLU3.SA,8.539999961853027,8.5600004196167,8.510000228881836,8.520000457763672,136200
2026-03-19 16:45:00+00:00,MGLU3.SA,8.529999732971191,8.529999732971191,8.510000228881836,8.510000228881836,93600
2026-03-19 16:50:00+00:00,MGLU3.SA,8.520000457763672,8.529999732971191,8.5,8.529999732971191,104800
2026-03-19 16:55:00+00:00,MGLU3.SA,8.539999961853027,8.539999961853027,8.520000457763672,8.520000457763672,74400
2026-03-19 17:00:00+00:00,MGLU3.SA,8.520000457763672,8.529999732971191,8.5,8.5,79600
2026-03-19 17:05:00+00:00,MGLU3.SA,8.5,8.520000457763672,8.5,8.510000228881836,107700
2026-03-19 17:10:00+00:00,MGLU3.SA,8.510000228881836,8.510000228881836,8.489999771118164,8.5,207800
2026-03-19 17:15:00+00:00,MGLU3.SA,8.5,8.529999732971191,8.489999771118164,8.529999732971191,104800
2026-03-19 17:20:00+00:00,MGLU3.SA,8.520000457763672,8.5600004196167,8.520000457763672,8.550000190734863,220900
2026-03-19 17:25:00+00:00,MGLU3.SA,8.550000190734863,8.600000381469727,8.550000190734863,8.579999923706055,227900
2026-03-19 17:30:00+00:00,MGLU3.SA,8.579999923706055,8.600000381469727,8.5600004196167,8.5600004196167,165300
2026-03-19 17:35:00+00:00,MGLU3.SA,8.550000190734863,8.569999694824219,8.539999961853027,8.550000190734863,126600
2026-03-19 17:40:00+00:00,MGLU3.SA,8.5600004196167,8.5600004196167,8.520000457763672,8.550000190734863,84400
2026-03-19 17:45:00+00:00,MGLU3.SA,8.5600004196167,8.5600004196167,8.539999961853027,8.539999961853027,75800
2026-03-19 17:50:00+00:00,MGLU3.SA,8.529999732971191,8.5600004196167,8.529999732971191,8.550000190734863,106400
2026-03-19 17:55:00+00:00,MGLU3.SA,8.550000190734863,8.5600004196167,8.529999732971191,8.529999732971191,63500
2026-03-19 18:00:00+00:00,MGLU3.SA,8.539999961853027,8.550000190734863,8.520000457763672,8.539999961853027,118600
2026-03-19 18:05:00+00:00,MGLU3.SA,8.550000190734863,8.5600004196167,8.539999961853027,8.550000190734863,69800
2026-03-19 18:10:00+00:00,MGLU3.SA,8.5600004196167,8.579999923706055,8.550000190734863,8.579999923706055,291700
2026-03-19 18:15:00+00:00,MGLU3.SA,8.579999923706055,8.619999885559082,8.550000190734863,8.569999694824219,384500
2026-03-19 18:20:00+00:00,MGLU3.SA,8.5600004196167,8.579999923706055,8.539999961853027,8.550000190734863,98800
2026-03-19 18:25:00+00:00,MGLU3.SA,8.5600004196167,8.579999923706055,8.550000190734863,8.550000190734863,159900
2026-03-19 18:30:00+00:00,MGLU3.SA,8.550000190734863,8.5600004196167,8.539999961853027,8.550000190734863,134300
2026-03-19 18:35:00+00:00,MGLU3.SA,8.550000190734863,8.5600004196167,8.529999732971191,8.539999961853027,98500
2026-03-19 18:40:00+00:00,MGLU3.SA,8.529999732971191,8.539999961853027,8.520000457763672,8.529999732971191,93900
2026-03-19 18:45:00+00:00,MGLU3.SA,8.520000457763672,8.529999732971191,8.510000228881836,8.520000457763672,149600
2026-03-19 18:50:00+00:00,MGLU3.SA,8.520000457763672,8.550000190734863,8.510000228881836,8.529999732971191,124600
2026-03-19 18:55:00+00:00,MGLU3.SA,8.529999732971191,8.59000015258789,8.520000457763672,8.579999923706055,353300
2026-03-19 19:00:00+00:00,MGLU3.SA,8.579999923706055,8.789999961853027,8.579999923706055,8.760000228881836,1158900
2026-03-19 19:05:00+00:00,MGLU3.SA,8.760000228881836,8.859999656677246,8.699999809265137,8.699999809265137,888100
2026-03-19 19:10:00+00:00,MGLU3.SA,8.699999809265137,8.720000267028809,8.65999984741211,8.699999809265137,334400
2026-03-19 19:15:00+00:00,MGLU3.SA,8.699999809265137,8.729999542236328,8.680000305175781,8.710000038146973,320000
2026-03-19 19:20:00+00:00,MGLU3.SA,8.699999809265137,8.699999809265137,8.65999984741211,8.670000076293945,284600
2026-03-19 19:25:00+00:00,MGLU3.SA,8.680000305175781,8.779999732971191,8.619999885559082,8.760000228881836,914900
2026-03-19 19:30:00+00:00,MGLU3.SA,8.760000228881836,8.899999618530273,8.75,8.829999923706055,984600
2026-03-19 19:35:00+00:00,MGLU3.SA,8.829999923706055,8.850000381469727,8.8100004196167,8.8100004196167,351800
2026-03-19 19:40:00+00:00,MGLU3.SA,8.819999694824219,8.819999694824219,8.760000228881836,8.779999732971191,297700
2026-03-19 19:45:00+00:00,MGLU3.SA,8.760000228881836,8.770000457763672,8.720000267028809,8.729999542236328,296700
2026-03-19 19:50:00+00:00,MGLU3.SA,8.739999771118164,8.75,8.710000038146973,8.739999771118164,301900
2026-03-20 13:05:00+00:00,MGLU3.SA,8.770000457763672,8.779999732971191,8.600000381469727,8.600000381469727,297200
2026-03-20 13:10:00+00:00,MGLU3.SA,8.609999656677246,8.670000076293945,8.579999923706055,8.609999656677246,580600
2026-03-20 13:15:00+00:00,MGLU3.SA,8.600000381469727,8.609999656677246,8.539999961853027,8.550000190734863,390800
2026-03-20 13:20:00+00:00,MGLU3.SA,8.550000190734863,8.59000015258789,8.539999961853027,8.579999923706055,173100
2026-03-20 13:25:00+00:00,MGLU3.SA,8.569999694824219,8.579999923706055,8.529999732971191,8.539999961853027,238200
2026-03-20 13:30:00+00:00,MGLU3.SA,8.539999961853027,8.550000190734863,8.479999542236328,8.479999542236328,420600
2026-03-20 13:35:00+00:00,MGLU3.SA,8.489999771118164,8.529999732971191,8.470000267028809,8.479999542236328,381100
2026-03-20 13:40:00+00:00,MGLU3.SA,8.470000267028809,8.529999732971191,8.470000267028809,8.510000228881836,196100
2026-03-20 13:45:00+00:00,MGLU3.SA,8.520000457763672,8.529999732971191,8.420000076293945,8.420000076293945,679500
2026-03-20 13:50:00+00:00,MGLU3.SA,8.430000305175781,8.430000305175781,8.359999656677246,8.359999656677246,568900
2026-03-20 13:55:00+00:00,MGLU3.SA,8.359999656677246,8.369999885559082,8.329999923706055,8.34000015258789,462100
2026-03-20 14:00:00+00:00,MGLU3.SA,8.34000015258789,8.350000381469727,8.3100004196167,8.34000015258789,314600
2026-03-20 14:05:00+00:00,MGLU3.SA,8.350000381469727,8.380000114440918,8.289999961853027,8.3100004196167,486600
2026-03-20 14:10:00+00:00,MGLU3.SA,8.319999694824219,8.329999923706055,8.270000457763672,8.289999961853027,311200
2026-03-20 14:15:00+00:00,MGLU3.SA,8.289999961853027,8.319999694824219,8.279999732971191,8.289999961853027,193800
2026-03-20 14:20:00+00:00,MGLU3.SA,8.289999961853027,8.369999885559082,8.289999961853027,8.359999656677246,284200
2026-03-20 14:25:00+00:00,MGLU3.SA,8.359999656677246,8.4399995803833,8.34000015258789,8.430000305175781,505700
2026-03-20 14:30:00+00:00,MGLU3.SA,8.4399995803833,8.4399995803833,8.390000343322754,8.40999984741211,424200
2026-03-20 14:35:00+00:00,MGLU3.SA,8.40999984741211,8.420000076293945,8.380000114440918,8.390000343322754,160100
2026-03-20 14:40:00+00:00,MGLU3.SA,8.390000343322754,8.40999984741211,8.380000114440918,8.399999618530273,91100
2026-03-20 14:45:00+00:00,MGLU3.SA,8.399999618530273,8.449999809265137,8.399999618530273,8.449999809265137,167200
2026-03-20 14:50:00+00:00,MGLU3.SA,8.4399995803833,8.479999542236328,8.4399995803833,8.4399995803833,273600
2026-03-20 14:55:00+00:00,MGLU3.SA,8.4399995803833,8.479999542236328,8.4399995803833,8.460000038146973,105800
2026-03-20 15:00:00+00:00,MGLU3.SA,8.470000267028809,8.5,8.470000267028809,8.470000267028809,196200
2026-03-20 15:05:00+00:00,MGLU3.SA,8.470000267028809,8.489999771118164,8.4399995803833,8.470000267028809,94600
2026-03-20 15:10:00+00:00,MGLU3.SA,8.470000267028809,8.5,8.460000038146973,8.5,71600
2026-03-20 15:15:00+00:00,MGLU3.SA,8.5,8.510000228881836,8.470000267028809,8.470000267028809,203800
2026-03-20 15:20:00+00:00,MGLU3.SA,8.470000267028809,8.529999732971191,8.470000267028809,8.5,400200
2026-03-20 15:25:00+00:00,MGLU3.SA,8.5,8.5,8.460000038146973,8.460000038146973,152400
2026-03-20 15:30:00+00:00,MGLU3.SA,8.470000267028809,8.510000228881836,8.470000267028809,8.5,131700
2026-03-20 15:35:00+00:00,MGLU3.SA,8.5,8.510000228881836,8.479999542236328,8.5,72400
2026-03-20 15:40:00+00:00,MGLU3.SA,8.5,8.520000457763672,8.489999771118164,8.5,114300
2026-03-20 15:45:00+00:00,MGLU3.SA,8.5,8.510000228881836,8.479999542236328,8.5,73500
2026-03-20 15:50:00+00:00,MGLU3.SA,8.5,8.510000228881836,8.489999771118164,8.5,227000
2026-03-20 15:55:00+00:00,MGLU3.SA,8.5,8.5,8.470000267028809,8.470000267028809,58200
2026-03-20 16:00:00+00:00,MGLU3.SA,8.479999542236328,8.489999771118164,8.470000267028809,8.489999771118164,64100
2026-03-20 16:05:00+00:00,MGLU3.SA,8.489999771118164,8.489999771118164,8.460000038146973,8.460000038146973,83200
2026-03-20 16:10:00+00:00,MGLU3.SA,8.460000038146973,8.479999542236328,8.449999809265137,8.479999542236328,76700
2026-03-20 16:15:00+00:00,MGLU3.SA,8.479999542236328,8.489999771118164,8.470000267028809,8.489999771118164,45900
2026-03-20 16:20:00+00:00,MGLU3.SA,8.489999771118164,8.5,8.470000267028809,8.470000267028809,74700
2026-03-20 16:25:00+00:00,MGLU3.SA,8.470000267028809,8.489999771118164,8.460000038146973,8.470000267028809,77200
2026-03-20 16:30:00+00:00,MGLU3.SA,8.470000267028809,8.489999771118164,8.4399995803833,8.479999542236328,185800
2026-03-20 16:35:00+00:00,MGLU3.SA,8.489999771118164,8.5,8.470000267028809,8.470000267028809,92000
2026-03-20 16:40:00+00:00,MGLU3.SA,8.470000267028809,8.489999771118164,8.470000267028809,8.489999771118164,31300
2026-03-20 16:45:00+00:00,MGLU3.SA,8.479999542236328,8.5,8.479999542236328,8.479999542236328,106800
2026-03-20 16:50:00+00:00,MGLU3.SA,8.489999771118164,8.5,8.479999542236328,8.5,102800
2026-03-20 16:55:00+00:00,MGLU3.SA,8.5,8.510000228881836,8.479999542236328,8.489999771118164,137600
2026-03-20 17:00:00+00:00,MGLU3.SA,8.5,8.5,8.479999542236328,8.489999771118164,38100
2026-03-20 17:05:00+00:00,MGLU3.SA,8.489999771118164,8.489999771118164,8.430000305175781,8.4399995803833,358800
2026-03-20 17:10:00+00:00,MGLU3.SA,8.4399995803833,8.449999809265137,8.430000305175781,8.4399995803833,68000
2026-03-20 17:15:00+00:00,MGLU3.SA,8.4399995803833,8.4399995803833,8.380000114440918,8.390000343322754,256900
2026-03-20 17:20:00+00:00,MGLU3.SA,8.390000343322754,8.420000076293945,8.369999885559082,8.399999618530273,196800
2026-03-20 17:25:00+00:00,MGLU3.SA,8.399999618530273,8.399999618530273,8.380000114440918,8.390000343322754,106200
2026-03-20 17:30:00+00:00,MGLU3.SA,8.380000114440918,8.390000343322754,8.369999885559082,8.369999885559082,49200
2026-03-20 17:35:00+00:00,MGLU3.SA,8.380000114440918,8.399999618530273,8.359999656677246,8.399999618530273,135400
2026-03-20 17:40:00+00:00,MGLU3.SA,8.399999618530273,8.399999618530273,8.350000381469727,8.380000114440918,272900
2026-03-20 17:45:00+00:00,MGLU3.SA,8.390000343322754,8.40999984741211,8.390000343322754,8.40999984741211,99000
2026-03-20 17:50:00+00:00,MGLU3.SA,8.40999984741211,8.4399995803833,8.40999984741211,8.4399995803833,92400
2026-03-20 17:55:00+00:00,MGLU3.SA,8.4399995803833,8.4399995803833,8.420000076293945,8.430000305175781,153500
2026-03-20 18:00:00+00:00,MGLU3.SA,8.4399995803833,8.449999809265137,8.40999984741211,8.420000076293945,140500
2026-03-20 18:05:00+00:00,MGLU3.SA,8.420000076293945,8.4399995803833,8.40999984741211,8.40999984741211,74000
2026-03-20 18:10:00+00:00,MGLU3.SA,8.40999984741211,8.420000076293945,8.369999885559082,8.390000343322754,178700
2026-03-20 18:15:00+00:00,MGLU3.SA,8.390000343322754,8.399999618530273,8.359999656677246,8.369999885559082,239700
2026-03-20 18:20:00+00:00,MGLU3.SA,8.369999885559082,8.380000114440918,8.300000190734863,8.3100004196167,793600
2026-03-20 18:25:00+00:00,MGLU3.SA,8.3100004196167,8.329999923706055,8.300000190734863,8.319999694824219,196900
2026-03-20 18:30:00+00:00,MGLU3.SA,8.3100004196167,8.319999694824219,8.289999961853027,8.319999694824219,481700
2026-03-20 18:35:00+00:00,MGLU3.SA,8.3100004196167,8.34000015258789,8.3100004196167,8.319999694824219,115700
2026-03-20 18:40:00+00:00,MGLU3.SA,8.329999923706055,8.329999923706055,8.3100004196167,8.319999694824219,92800
2026-03-20 18:45:00+00:00,MGLU3.SA,8.3100004196167,8.319999694824219,8.300000190734863,8.3100004196167,76300
2026-03-20 18:50:00+00:00,MGLU3.SA,8.3100004196167,8.34000015258789,8.3100004196167,8.329999923706055,146100
2026-03-20 18:55:00+00:00,MGLU3.SA,8.319999694824219,8.329999923706055,8.3100004196167,8.329999923706055,128100
2026-03-20 19:00:00+00:00,MGLU3.SA,8.329999923706055,8.34000015258789,8.329999923706055,8.329999923706055,23300
2026-03-20 19:05:00+00:00,MGLU3.SA,8.329999923706055,8.34000015258789,8.3100004196167,8.3100004196167,139300
2026-03-20 19:10:00+00:00,MGLU3.SA,8.3100004196167,8.319999694824219,8.300000190734863,8.319999694824219,175800
2026-03-20 19:15:00+00:00,MGLU3.SA,8.3100004196167,8.359999656677246,8.3100004196167,8.350000381469727,383200
2026-03-20 19:20:00+00:00,MGLU3.SA,8.359999656677246,8.359999656677246,8.34000015258789,8.34000015258789,124100
2026-03-20 19:25:00+00:00,MGLU3.SA,8.350000381469727,8.359999656677246,8.319999694824219,8.319999694824219,234000
2026-03-20 19:30:00+00:00,MGLU3.SA,8.329999923706055,8.34000015258789,8.300000190734863,8.300000190734863,334500
2026-03-20 19:35:00+00:00,MGLU3.SA,8.300000190734863,8.319999694824219,8.289999961853027,8.3100004196167,8654200
2026-03-20 19:40:00+00:00,MGLU3.SA,8.3100004196167,8.350000381469727,8.300000190734863,8.34000015258789,498600
2026-03-20 19:45:00+00:00,MGLU3.SA,8.34000015258789,8.369999885559082,8.319999694824219,8.329999923706055,868100
2026-03-23 13:05:00+00:00,MGLU3.SA,8.59000015258789,8.699999809265137,8.579999923706055,8.6899995803833,514900
2026-03-23 13:10:00+00:00,MGLU3.SA,8.680000305175781,8.75,8.640000343322754,8.739999771118164,1518300
2026-03-23 13:15:00+00:00,MGLU3.SA,8.75,8.760000228881836,8.6899995803833,8.699999809265137,487500
2026-03-23 13:20:00+00:00,MGLU3.SA,8.699999809265137,8.729999542236328,8.680000305175781,8.720000267028809,499800
2026-03-23 13:25:00+00:00,MGLU3.SA,8.729999542236328,8.770000457763672,8.699999809265137,8.760000228881836,425500
2026-03-23 13:30:00+00:00,MGLU3.SA,8.760000228881836,8.770000457763672,8.6899995803833,8.699999809265137,377300
2026-03-23 13:35:00+00:00,MGLU3.SA,8.710000038146973,8.75,8.699999809265137,8.729999542236328,260700
2026-03-23 13:40:00+00:00,MGLU3.SA,8.729999542236328,8.760000228881836,8.699999809265137,8.720000267028809,310200
2026-03-23 13:45:00+00:00,MGLU3.SA,8.710000038146973,8.760000228881836,8.710000038146973,8.75,335800
2026-03-23 13:50:00+00:00,MGLU3.SA,8.75,8.800000190734863,8.739999771118164,8.779999732971191,540300
2026-03-23 13:55:00+00:00,MGLU3.SA,8.770000457763672,8.800000190734863,8.75,8.789999961853027,344600
2026-03-23 14:00:00+00:00,MGLU3.SA,8.800000190734863,8.869999885559082,8.789999961853027,8.84000015258789,563100
2026-03-23 14:05:00+00:00,MGLU3.SA,8.84000015258789,8.859999656677246,8.770000457763672,8.789999961853027,386900
2026-03-23 14:10:00+00:00,MGLU3.SA,8.789999961853027,8.800000190734863,8.770000457763672,8.779999732971191,241300
2026-03-23 14:15:00+00:00,MGLU3.SA,8.779999732971191,8.800000190734863,8.770000457763672,8.789999961853027,178000
2026-03-23 14:20:00+00:00,MGLU3.SA,8.789999961853027,8.880000114440918,8.789999961853027,8.869999885559082,730400
2026-03-23 14:25:00+00:00,MGLU3.SA,8.880000114440918,8.880000114440918,8.8100004196167,8.819999694824219,134700
2026-03-23 14:30:00+00:00,MGLU3.SA,8.819999694824219,8.829999923706055,8.800000190734863,8.800000190734863,120700
2026-03-23 14:35:00+00:00,MGLU3.SA,8.8100004196167,8.819999694824219,8.760000228881836,8.779999732971191,205700
2026-03-23 14:40:00+00:00,MGLU3.SA,8.779999732971191,8.8100004196167,8.770000457763672,8.770000457763672,135800
2026-03-23 14:45:00+00:00,MGLU3.SA,8.770000457763672,8.829999923706055,8.760000228881836,8.829999923706055,283200
2026-03-23 14:50:00+00:00,MGLU3.SA,8.829999923706055,8.84000015258789,8.819999694824219,8.829999923706055,226300
2026-03-23 14:55:00+00:00,MGLU3.SA,8.829999923706055,8.829999923706055,8.789999961853027,8.800000190734863,133600
2026-03-23 15:00:00+00:00,MGLU3.SA,8.800000190734863,8.850000381469727,8.789999961853027,8.819999694824219,147000
2026-03-23 15:05:00+00:00,MGLU3.SA,8.819999694824219,8.829999923706055,8.800000190734863,8.829999923706055,88600
2026-03-23 15:10:00+00:00,MGLU3.SA,8.829999923706055,8.84000015258789,8.800000190734863,8.8100004196167,78500
2026-03-23 15:15:00+00:00,MGLU3.SA,8.8100004196167,8.819999694824219,8.770000457763672,8.770000457763672,128200
2026-03-23 15:20:00+00:00,MGLU3.SA,8.770000457763672,8.800000190734863,8.760000228881836,8.789999961853027,140800
2026-03-23 15:25:00+00:00,MGLU3.SA,8.779999732971191,8.789999961853027,8.760000228881836,8.770000457763672,124000
2026-03-23 15:30:00+00:00,MGLU3.SA,8.770000457763672,8.770000457763672,8.75,8.760000228881836,74100
2026-03-23 15:35:00+00:00,MGLU3.SA,8.760000228881836,8.789999961853027,8.75,8.75,411500
2026-03-23 15:40:00+00:00,MGLU3.SA,8.75,8.760000228881836,8.710000038146973,8.710000038146973,242100
2026-03-23 15:45:00+00:00,MGLU3.SA,8.710000038146973,8.720000267028809,8.680000305175781,8.6899995803833,413500
2026-03-23 15:50:00+00:00,MGLU3.SA,8.6899995803833,8.739999771118164,8.680000305175781,8.699999809265137,538700
2026-03-23 15:55:00+00:00,MGLU3.SA,8.699999809265137,8.699999809265137,8.670000076293945,8.6899995803833,141900
2026-03-23 16:00:00+00:00,MGLU3.SA,8.680000305175781,8.699999809265137,8.680000305175781,8.6899995803833,78400
2026-03-23 16:05:00+00:00,MGLU3.SA,8.6899995803833,8.739999771118164,8.6899995803833,8.729999542236328,115100
2026-03-23 16:10:00+00:00,MGLU3.SA,8.720000267028809,8.75,8.710000038146973,8.739999771118164,98900
2026-03-23 16:15:00+00:00,MGLU3.SA,8.739999771118164,8.739999771118164,8.710000038146973,8.710000038146973,68100
2026-03-23 16:20:00+00:00,MGLU3.SA,8.720000267028809,8.720000267028809,8.6899995803833,8.720000267028809,100400
2026-03-23 16:25:00+00:00,MGLU3.SA,8.699999809265137,8.710000038146973,8.670000076293945,8.680000305175781,141800
2026-03-23 16:30:00+00:00,MGLU3.SA,8.680000305175781,8.710000038146973,8.65999984741211,8.670000076293945,285800
2026-03-23 16:35:00+00:00,MGLU3.SA,8.670000076293945,8.6899995803833,8.65999984741211,8.670000076293945,104300
2026-03-23 16:40:00+00:00,MGLU3.SA,8.670000076293945,8.720000267028809,8.670000076293945,8.710000038146973,131100
2026-03-23 16:45:00+00:00,MGLU3.SA,8.710000038146973,8.75,8.699999809265137,8.75,175500
2026-03-23 16:50:00+00:00,MGLU3.SA,8.739999771118164,8.75,8.720000267028809,8.729999542236328,134100
2026-03-23 16:55:00+00:00,MGLU3.SA,8.729999542236328,8.739999771118164,8.6899995803833,8.6899995803833,73000
2026-03-23 17:00:00+00:00,MGLU3.SA,8.699999809265137,8.720000267028809,8.6899995803833,8.6899995803833,70500
2026-03-23 17:05:00+00:00,MGLU3.SA,8.6899995803833,8.720000267028809,8.6899995803833,8.710000038146973,64400
2026-03-23 17:10:00+00:00,MGLU3.SA,8.720000267028809,8.729999542236328,8.699999809265137,8.720000267028809,78200
2026-03-23 17:15:00+00:00,MGLU3.SA,8.720000267028809,8.729999542236328,8.710000038146973,8.720000267028809,73200
2026-03-23 17:20:00+00:00,MGLU3.SA,8.720000267028809,8.729999542236328,8.710000038146973,8.710000038146973,72500
2026-03-23 17:25:00+00:00,MGLU3.SA,8.720000267028809,8.739999771118164,8.720000267028809,8.729999542236328,67500
2026-03-23 17:30:00+00:00,MGLU3.SA,8.729999542236328,8.75,8.720000267028809,8.75,122800
2026-03-23 17:35:00+00:00,MGLU3.SA,8.75,8.770000457763672,8.739999771118164,8.739999771118164,116800
2026-03-23 17:40:00+00:00,MGLU3.SA,8.739999771118164,8.739999771118164,8.710000038146973,8.720000267028809,68100
2026-03-23 17:45:00+00:00,MGLU3.SA,8.710000038146973,8.75,8.710000038146973,8.75,120000
2026-03-23 17:50:00+00:00,MGLU3.SA,8.75,8.770000457763672,8.75,8.770000457763672,99900
2026-03-23 17:55:00+00:00,MGLU3.SA,8.770000457763672,8.770000457763672,8.75,8.75,56100
2026-03-23 18:00:00+00:00,MGLU3.SA,8.770000457763672,8.770000457763672,8.739999771118164,8.770000457763672,111500
2026-03-23 18:05:00+00:00,MGLU3.SA,8.770000457763672,8.770000457763672,8.680000305175781,8.720000267028809,418400
2026-03-23 18:10:00+00:00,MGLU3.SA,8.729999542236328,8.739999771118164,8.720000267028809,8.720000267028809,46900
2026-03-23 18:15:00+00:00,MGLU3.SA,8.729999542236328,8.729999542236328,8.710000038146973,8.729999542236328,79900
2026-03-23 18:20:00+00:00,MGLU3.SA,8.720000267028809,8.739999771118164,8.720000267028809,8.739999771118164,59500
2026-03-23 18:25:00+00:00,MGLU3.SA,8.739999771118164,8.75,8.729999542236328,8.739999771118164,89100
2026-03-23 18:30:00+00:00,MGLU3.SA,8.739999771118164,8.770000457763672,8.729999542236328,8.760000228881836,99500
2026-03-23 18:35:00+00:00,MGLU3.SA,8.760000228881836,8.829999923706055,8.760000228881836,8.8100004196167,568900
2026-03-23 18:40:00+00:00,MGLU3.SA,8.800000190734863,8.829999923706055,8.779999732971191,8.789999961853027,175700
2026-03-23 18:45:00+00:00,MGLU3.SA,8.789999961853027,8.8100004196167,8.779999732971191,8.8100004196167,170600
2026-03-23 18:50:00+00:00,MGLU3.SA,8.8100004196167,8.819999694824219,8.779999732971191,8.819999694824219,172100
2026-03-23 18:55:00+00:00,MGLU3.SA,8.819999694824219,8.829999923706055,8.8100004196167,8.8100004196167,148300
2026-03-23 19:00:00+00:00,MGLU3.SA,8.819999694824219,8.829999923706055,8.800000190734863,8.819999694824219,163600
2026-03-23 19:05:00+00:00,MGLU3.SA,8.8100004196167,8.84000015258789,8.8100004196167,8.84000015258789,201300
2026-03-23 19:10:00+00:00,MGLU3.SA,8.84000015258789,8.850000381469727,8.8100004196167,8.8100004196167,290100
2026-03-23 19:15:00+00:00,MGLU3.SA,8.829999923706055,8.829999923706055,8.770000457763672,8.8100004196167,301300
2026-03-23 19:20:00+00:00,MGLU3.SA,8.8100004196167,8.8100004196167,8.789999961853027,8.800000190734863,125400
2026-03-23 19:25:00+00:00,MGLU3.SA,8.8100004196167,8.819999694824219,8.779999732971191,8.789999961853027,108200
2026-03-23 19:30:00+00:00,MGLU3.SA,8.779999732971191,8.8100004196167,8.779999732971191,8.789999961853027,364400
2026-03-23 19:35:00+00:00,MGLU3.SA,8.789999961853027,8.789999961853027,8.760000228881836,8.770000457763672,216700
2026-03-23 19:40:00+00:00,MGLU3.SA,8.760000228881836,8.779999732971191,8.75,8.770000457763672,337000
2026-03-23 19:45:00+00:00,MGLU3.SA,8.779999732971191,8.8100004196167,8.770000457763672,8.770000457763672,299100
2026-03-23 19:50:00+00:00,MGLU3.SA,8.779999732971191,8.8100004196167,8.779999732971191,8.800000190734863,335300
2026-03-24 13:00:00+00:00,MGLU3.SA,8.680000305175781,8.760000228881836,8.609999656677246,8.739999771118164,0
2026-03-24 13:05:00+00:00,MGLU3.SA,8.75,8.75,8.609999656677246,8.670000076293945,536800
2026-03-24 13:10:00+00:00,MGLU3.SA,8.670000076293945,8.729999542236328,8.670000076293945,8.699999809265137,418300
2026-03-24 13:15:00+00:00,MGLU3.SA,8.699999809265137,8.720000267028809,8.670000076293945,8.680000305175781,203600
2026-03-24 13:20:00+00:00,MGLU3.SA,8.670000076293945,8.680000305175781,8.520000457763672,8.539999961853027,1000600
2026-03-24 13:25:00+00:00,MGLU3.SA,8.529999732971191,8.550000190734863,8.510000228881836,8.520000457763672,330900
2026-03-24 13:30:00+00:00,MGLU3.SA,8.510000228881836,8.5600004196167,8.510000228881836,8.529999732971191,336100
2026-03-24 13:35:00+00:00,MGLU3.SA,8.529999732971191,8.550000190734863,8.510000228881836,8.510000228881836,328300
2026-03-24 13:40:00+00:00,MGLU3.SA,8.510000228881836,8.579999923706055,8.510000228881836,8.569999694824219,201000
2026-03-24 13:45:00+00:00,MGLU3.SA,8.579999923706055,8.609999656677246,8.569999694824219,8.59000015258789,313100
2026-03-24 13:50:00+00:00,MGLU3.SA,8.59000015258789,8.640000343322754,8.579999923706055,8.609999656677246,245800
2026-03-24 13:55:00+00:00,MGLU3.SA,8.619999885559082,8.670000076293945,8.609999656677246,8.670000076293945,205200
2026-03-24 14:00:00+00:00,MGLU3.SA,8.670000076293945,8.6899995803833,8.649999618530273,8.65999984741211,290700
2026-03-24 14:05:00+00:00,MGLU3.SA,8.65999984741211,8.710000038146973,8.65999984741211,8.699999809265137,148400
2026-03-24 14:10:00+00:00,MGLU3.SA,8.699999809265137,8.710000038146973,8.670000076293945,8.699999809265137,269000
2026-03-24 14:15:00+00:00,MGLU3.SA,8.6899995803833,8.710000038146973,8.670000076293945,8.699999809265137,199500
2026-03-24 14:20:00+00:00,MGLU3.SA,8.699999809265137,8.739999771118164,8.6899995803833,8.720000267028809,337500
2026-03-24 14:25:00+00:00,MGLU3.SA,8.720000267028809,8.770000457763672,8.710000038146973,8.770000457763672,280200
2026-03-24 14:30:00+00:00,MGLU3.SA,8.770000457763672,8.789999961853027,8.739999771118164,8.75,249400
2026-03-24 14:35:00+00:00,MGLU3.SA,8.75,8.760000228881836,8.710000038146973,8.729999542236328,165000
2026-03-24 14:40:00+00:00,MGLU3.SA,8.729999542236328,8.75,8.720000267028809,8.720000267028809,83400
2026-03-24 14:45:00+00:00,MGLU3.SA,8.729999542236328,8.75,8.699999809265137,8.699999809265137,206100
2026-03-24 14:50:00+00:00,MGLU3.SA,8.699999809265137,8.760000228881836,8.670000076293945,8.710000038146973,430900
2026-03-24 14:55:00+00:00,MGLU3.SA,8.720000267028809,8.739999771118164,8.65999984741211,8.680000305175781,201200
2026-03-24 15:00:00+00:00,MGLU3.SA,8.6899995803833,8.729999542236328,8.680000305175781,8.720000267028809,277800
2026-03-24 15:05:00+00:00,MGLU3.SA,8.710000038146973,8.720000267028809,8.6899995803833,8.699999809265137,65500
2026-03-24 15:10:00+00:00,MGLU3.SA,8.699999809265137,8.710000038146973,8.6899995803833,8.699999809265137,62000
2026-03-24 15:15:00+00:00,MGLU3.SA,8.710000038146973,8.739999771118164,8.699999809265137,8.729999542236328,87500
2026-03-24 15:20:00+00:00,MGLU3.SA,8.729999542236328,8.729999542236328,8.710000038146973,8.729999542236328,103500
2026-03-24 15:25:00+00:00,MGLU3.SA,8.729999542236328,8.75,8.720000267028809,8.729999542236328,84800
2026-03-24 15:30:00+00:00,MGLU3.SA,8.729999542236328,8.75,8.729999542236328,8.739999771118164,95100
2026-03-24 15:35:00+00:00,MGLU3.SA,8.75,8.770000457763672,8.729999542236328,8.729999542236328,245000
2026-03-24 15:40:00+00:00,MGLU3.SA,8.729999542236328,8.760000228881836,8.710000038146973,8.760000228881836,179500
2026-03-24 15:45:00+00:00,MGLU3.SA,8.760000228881836,8.770000457763672,8.739999771118164,8.760000228881836,235100
2026-03-24 15:50:00+00:00,MGLU3.SA,8.770000457763672,8.770000457763672,8.739999771118164,8.739999771118164,89600
2026-03-24 15:55:00+00:00,MGLU3.SA,8.739999771118164,8.739999771118164,8.6899995803833,8.699999809265137,223500
2026-03-24 16:00:00+00:00,MGLU3.SA,8.699999809265137,8.710000038146973,8.680000305175781,8.680000305175781,154900
2026-03-24 16:05:00+00:00,MGLU3.SA,8.680000305175781,8.6899995803833,8.670000076293945,8.680000305175781,123700
2026-03-24 16:10:00+00:00,MGLU3.SA,8.680000305175781,8.680000305175781,8.65999984741211,8.670000076293945,121300
2026-03-24 16:15:00+00:00,MGLU3.SA,8.670000076293945,8.739999771118164,8.65999984741211,8.739999771118164,190400
2026-03-24 16:20:00+00:00,MGLU3.SA,8.729999542236328,8.75,8.710000038146973,8.720000267028809,375200
2026-03-24 16:25:00+00:00,MGLU3.SA,8.720000267028809,8.789999961853027,8.720000267028809,8.770000457763672,366500
2026-03-24 16:30:00+00:00,MGLU3.SA,8.760000228881836,8.779999732971191,8.75,8.760000228881836,243200
2026-03-24 16:35:00+00:00,MGLU3.SA,8.760000228881836,8.760000228881836,8.739999771118164,8.75,250600
2026-03-24 16:40:00+00:00,MGLU3.SA,8.75,8.770000457763672,8.75,8.770000457763672,94500
2026-03-24 16:45:00+00:00,MGLU3.SA,8.779999732971191,8.779999732971191,8.739999771118164,8.75,123900
2026-03-24 16:50:00+00:00,MGLU3.SA,8.739999771118164,8.770000457763672,8.739999771118164,8.739999771118164,69400
2026-03-24 16:55:00+00:00,MGLU3.SA,8.739999771118164,8.75,8.720000267028809,8.729999542236328,92600
2026-03-24 17:00:00+00:00,MGLU3.SA,8.739999771118164,8.739999771118164,8.699999809265137,8.699999809265137,170600
2026-03-24 17:05:00+00:00,MGLU3.SA,8.699999809265137,8.729999542236328,8.680000305175781,8.699999809265137,284000
2026-03-24 17:10:00+00:00,MGLU3.SA,8.710000038146973,8.739999771118164,8.699999809265137,8.720000267028809,55000
2026-03-24 17:15:00+00:00,MGLU3.SA,8.729999542236328,8.729999542236328,8.710000038146973,8.729999542236328,100900
2026-03-24 17:20:00+00:00,MGLU3.SA,8.729999542236328,8.760000228881836,8.720000267028809,8.720000267028809,183800
2026-03-24 17:25:00+00:00,MGLU3.SA,8.720000267028809,8.729999542236328,8.710000038146973,8.720000267028809,211300
2026-03-24 17:30:00+00:00,MGLU3.SA,8.720000267028809,8.75,8.720000267028809,8.729999542236328,238200
2026-03-24 17:35:00+00:00,MGLU3.SA,8.739999771118164,8.770000457763672,8.729999542236328,8.729999542236328,149800
2026-03-24 17:40:00+00:00,MGLU3.SA,8.729999542236328,8.739999771118164,8.6899995803833,8.6899995803833,165400
2026-03-24 17:45:00+00:00,MGLU3.SA,8.699999809265137,8.699999809265137,8.680000305175781,8.6899995803833,147600
2026-03-24 17:50:00+00:00,MGLU3.SA,8.6899995803833,8.720000267028809,8.680000305175781,8.680000305175781,243700
2026-03-24 17:55:00+00:00,MGLU3.SA,8.6899995803833,8.770000457763672,8.6899995803833,8.760000228881836,424600
2026-03-24 18:00:00+00:00,MGLU3.SA,8.770000457763672,8.8100004196167,8.760000228881836,8.770000457763672,379500
2026-03-24 18:05:00+00:00,MGLU3.SA,8.760000228881836,8.770000457763672,8.739999771118164,8.739999771118164,179300
2026-03-24 18:10:00+00:00,MGLU3.SA,8.739999771118164,8.75,8.729999542236328,8.739999771118164,77700
2026-03-24 18:15:00+00:00,MGLU3.SA,8.739999771118164,8.739999771118164,8.710000038146973,8.729999542236328,143300
2026-03-24 18:20:00+00:00,MGLU3.SA,8.720000267028809,8.75,8.720000267028809,8.729999542236328,115500
2026-03-24 18:25:00+00:00,MGLU3.SA,8.739999771118164,8.760000228881836,8.729999542236328,8.75,94300
2026-03-24 18:30:00+00:00,MGLU3.SA,8.75,8.75,8.699999809265137,8.710000038146973,455900
2026-03-24 18:35:00+00:00,MGLU3.SA,8.710000038146973,8.729999542236328,8.6899995803833,8.720000267028809,177600
2026-03-24 18:40:00+00:00,MGLU3.SA,8.720000267028809,8.729999542236328,8.6899995803833,8.6899995803833,139200
2026-03-24 18:45:00+00:00,MGLU3.SA,8.699999809265137,8.699999809265137,8.670000076293945,8.680000305175781,194800
2026-03-24 18:50:00+00:00,MGLU3.SA,8.670000076293945,8.6899995803833,8.670000076293945,8.670000076293945,150300
2026-03-24 18:55:00+00:00,MGLU3.SA,8.680000305175781,8.680000305175781,8.65999984741211,8.680000305175781,103100
2026-03-24 19:00:00+00:00,MGLU3.SA,8.670000076293945,8.699999809265137,8.670000076293945,8.680000305175781,197500
2026-03-24 19:05:00+00:00,MGLU3.SA,8.6899995803833,8.729999542236328,8.6899995803833,8.729999542236328,125100
2026-03-24 19:10:00+00:00,MGLU3.SA,8.729999542236328,8.739999771118164,8.720000267028809,8.720000267028809,94500
2026-03-24 19:15:00+00:00,MGLU3.SA,8.729999542236328,8.75,8.729999542236328,8.739999771118164,126600
2026-03-24 19:20:00+00:00,MGLU3.SA,8.75,8.75,8.720000267028809,8.720000267028809,257600
2026-03-24 19:25:00+00:00,MGLU3.SA,8.720000267028809,8.75,8.720000267028809,8.729999542236328,166900
2026-03-24 19:30:00+00:00,MGLU3.SA,8.729999542236328,8.760000228881836,8.729999542236328,8.739999771118164,389700
2026-03-24 19:35:00+00:00,MGLU3.SA,8.739999771118164,8.75,8.729999542236328,8.739999771118164,148800
2026-03-24 19:40:00+00:00,MGLU3.SA,8.75,8.760000228881836,8.729999542236328,8.739999771118164,248000
2026-03-24 19:45:00+00:00,MGLU3.SA,8.739999771118164,8.739999771118164,8.699999809265137,8.720000267028809,227900
2026-03-24 19:50:00+00:00,MGLU3.SA,8.720000267028809,8.739999771118164,8.710000038146973,8.720000267028809,191200
2026-03-25 13:05:00+00:00,MGLU3.SA,8.899999618530273,9.039999961853027,8.890000343322754,9.039999961853027,142500
2026-03-25 13:10:00+00:00,MGLU3.SA,9.050000190734863,9.109999656677246,9.029999732971191,9.109999656677246,217900
2026-03-25 13:15:00+00:00,MGLU3.SA,9.09000015258789,9.170000076293945,9.069999694824219,9.09000015258789,1190800
2026-03-25 13:20:00+00:00,MGLU3.SA,9.079999923706055,9.100000381469727,9.050000190734863,9.0600004196167,652300
2026-03-25 13:25:00+00:00,MGLU3.SA,9.069999694824219,9.069999694824219,8.979999542236328,9.029999732971191,536700
2026-03-25 13:30:00+00:00,MGLU3.SA,9.020000457763672,9.0600004196167,9.010000228881836,9.029999732971191,301600
2026-03-25 13:35:00+00:00,MGLU3.SA,9.029999732971191,9.079999923706055,9.029999732971191,9.029999732971191,325800
2026-03-25 13:40:00+00:00,MGLU3.SA,9.029999732971191,9.039999961853027,9.0,9.010000228881836,204100
2026-03-25 13:45:00+00:00,MGLU3.SA,9.010000228881836,9.010000228881836,8.970000267028809,8.979999542236328,324000
2026-03-25 13:50:00+00:00,MGLU3.SA,8.979999542236328,8.989999771118164,8.949999809265137,8.989999771118164,384400
2026-03-25 13:55:00+00:00,MGLU3.SA,8.989999771118164,9.010000228881836,8.979999542236328,8.989999771118164,193800
2026-03-25 14:00:00+00:00,MGLU3.SA,8.989999771118164,9.0,8.930000305175781,8.9399995803833,208500
2026-03-25 14:05:00+00:00,MGLU3.SA,8.9399995803833,8.960000038146973,8.890000343322754,8.90999984741211,358400
2026-03-25 14:10:00+00:00,MGLU3.SA,8.90999984741211,8.920000076293945,8.890000343322754,8.899999618530273,214400
2026-03-25 14:15:00+00:00,MGLU3.SA,8.90999984741211,8.9399995803833,8.899999618530273,8.920000076293945,206000
2026-03-25 14:20:00+00:00,MGLU3.SA,8.920000076293945,8.979999542236328,8.920000076293945,8.920000076293945,337600
2026-03-25 14:25:00+00:00,MGLU3.SA,8.930000305175781,8.960000038146973,8.920000076293945,8.9399995803833,91000
2026-03-25 14:30:00+00:00,MGLU3.SA,8.9399995803833,8.949999809265137,8.920000076293945,8.930000305175781,137300
2026-03-25 14:35:00+00:00,MGLU3.SA,8.930000305175781,8.9399995803833,8.899999618530273,8.90999984741211,141400
2026-03-25 14:40:00+00:00,MGLU3.SA,8.90999984741211,8.920000076293945,8.880000114440918,8.90999984741211,248600
2026-03-25 14:45:00+00:00,MGLU3.SA,8.899999618530273,8.970000267028809,8.899999618530273,8.960000038146973,351500
2026-03-25 14:50:00+00:00,MGLU3.SA,8.970000267028809,8.989999771118164,8.9399995803833,8.960000038146973,307800
2026-03-25 14:55:00+00:00,MGLU3.SA,8.960000038146973,8.960000038146973,8.930000305175781,8.9399995803833,65200
2026-03-25 15:00:00+00:00,MGLU3.SA,8.930000305175781,8.949999809265137,8.90999984741211,8.930000305175781,207700
2026-03-25 15:05:00+00:00,MGLU3.SA,8.930000305175781,8.930000305175781,8.890000343322754,8.890000343322754,298800
2026-03-25 15:10:00+00:00,MGLU3.SA,8.880000114440918,8.90999984741211,8.850000381469727,8.899999618530273,327800
2026-03-25 15:15:00+00:00,MGLU3.SA,8.899999618530273,8.960000038146973,8.8100004196167,8.859999656677246,673400
2026-03-25 15:20:00+00:00,MGLU3.SA,8.869999885559082,8.869999885559082,8.850000381469727,8.859999656677246,75400
2026-03-25 15:25:00+00:00,MGLU3.SA,8.859999656677246,8.869999885559082,8.84000015258789,8.859999656677246,97200
2026-03-25 15:30:00+00:00,MGLU3.SA,8.869999885559082,8.880000114440918,8.850000381469727,8.880000114440918,100900
2026-03-25 15:35:00+00:00,MGLU3.SA,8.880000114440918,8.899999618530273,8.869999885559082,8.880000114440918,286800
2026-03-25 15:40:00+00:00,MGLU3.SA,8.880000114440918,8.890000343322754,8.859999656677246,8.890000343322754,141900
2026-03-25 15:45:00+00:00,MGLU3.SA,8.890000343322754,8.890000343322754,8.880000114440918,8.880000114440918,60400
2026-03-25 15:50:00+00:00,MGLU3.SA,8.880000114440918,8.890000343322754,8.869999885559082,8.880000114440918,88400
2026-03-25 15:55:00+00:00,MGLU3.SA,8.869999885559082,8.899999618530273,8.869999885559082,8.890000343322754,91000
2026-03-25 16:00:00+00:00,MGLU3.SA,8.890000343322754,8.90999984741211,8.880000114440918,8.880000114440918,110400
2026-03-25 16:05:00+00:00,MGLU3.SA,8.890000343322754,8.899999618530273,8.880000114440918,8.899999618530273,65800
2026-03-25 16:10:00+00:00,MGLU3.SA,8.890000343322754,8.90999984741211,8.869999885559082,8.90999984741211,65400
2026-03-25 16:15:00+00:00,MGLU3.SA,8.899999618530273,8.920000076293945,8.890000343322754,8.899999618530273,117300
2026-03-25 16:20:00+00:00,MGLU3.SA,8.90999984741211,8.960000038146973,8.899999618530273,8.960000038146973,570500
2026-03-25 16:25:00+00:00,MGLU3.SA,8.960000038146973,8.960000038146973,8.930000305175781,8.930000305175781,93900
2026-03-25 16:30:00+00:00,MGLU3.SA,8.9399995803833,8.960000038146973,8.930000305175781,8.9399995803833,117300
2026-03-25 16:35:00+00:00,MGLU3.SA,8.9399995803833,8.949999809265137,8.930000305175781,8.9399995803833,72700
2026-03-25 16:40:00+00:00,MGLU3.SA,8.9399995803833,8.960000038146973,8.930000305175781,8.930000305175781,94700
2026-03-25 16:45:00+00:00,MGLU3.SA,8.9399995803833,8.949999809265137,8.930000305175781,8.949999809265137,71000
2026-03-25 16:50:00+00:00,MGLU3.SA,8.9399995803833,8.949999809265137,8.930000305175781,8.9399995803833,57000
2026-03-25 16:55:00+00:00,MGLU3.SA,8.930000305175781,8.960000038146973,8.930000305175781,8.949999809265137,133700
2026-03-25 17:00:00+00:00,MGLU3.SA,8.960000038146973,8.970000267028809,8.949999809265137,8.960000038146973,187400
2026-03-25 17:05:00+00:00,MGLU3.SA,8.960000038146973,8.970000267028809,8.9399995803833,8.949999809265137,64700
2026-03-25 17:10:00+00:00,MGLU3.SA,8.949999809265137,8.960000038146973,8.9399995803833,8.9399995803833,62000
2026-03-25 17:15:00+00:00,MGLU3.SA,8.960000038146973,8.970000267028809,8.9399995803833,8.960000038146973,128500
2026-03-25 17:20:00+00:00,MGLU3.SA,8.960000038146973,8.989999771118164,8.949999809265137,8.970000267028809,162700
2026-03-25 17:25:00+00:00,MGLU3.SA,8.970000267028809,8.970000267028809,8.949999809265137,8.949999809265137,46700
2026-03-25 17:30:00+00:00,MGLU3.SA,8.949999809265137,8.979999542236328,8.949999809265137,8.979999542236328,59700
2026-03-25 17:35:00+00:00,MGLU3.SA,8.979999542236328,9.050000190734863,8.979999542236328,9.039999961853027,422200
2026-03-25 17:40:00+00:00,MGLU3.SA,9.039999961853027,9.069999694824219,9.029999732971191,9.050000190734863,422500
2026-03-25 17:45:00+00:00,MGLU3.SA,9.039999961853027,9.050000190734863,9.029999732971191,9.029999732971191,90900
2026-03-25 17:50:00+00:00,MGLU3.SA,9.039999961853027,9.050000190734863,8.989999771118164,8.989999771118164,262000
2026-03-25 17:55:00+00:00,MGLU3.SA,9.0,9.010000228881836,8.979999542236328,9.0,152100
2026-03-25 18:00:00+00:00,MGLU3.SA,9.0,9.020000457763672,9.0,9.0,109300
2026-03-25 18:05:00+00:00,MGLU3.SA,9.010000228881836,9.020000457763672,9.0,9.010000228881836,89400
2026-03-25 18:10:00+00:00,MGLU3.SA,9.010000228881836,9.020000457763672,8.989999771118164,9.0,89800
2026-03-25 18:15:00+00:00,MGLU3.SA,9.0,9.029999732971191,9.0,9.020000457763672,143500
2026-03-25 18:20:00+00:00,MGLU3.SA,9.029999732971191,9.069999694824219,9.020000457763672,9.050000190734863,370300
2026-03-25 18:25:00+00:00,MGLU3.SA,9.050000190734863,9.0600004196167,9.039999961853027,9.050000190734863,196100
2026-03-25 18:30:00+00:00,MGLU3.SA,9.050000190734863,9.0600004196167,9.029999732971191,9.029999732971191,116800
2026-03-25 18:35:00+00:00,MGLU3.SA,9.039999961853027,9.039999961853027,9.0,9.020000457763672,162200
2026-03-25 18:40:00+00:00,MGLU3.SA,9.010000228881836,9.010000228881836,8.989999771118164,9.010000228881836,112600
2026-03-25 18:45:00+00:00,MGLU3.SA,9.0,9.010000228881836,8.979999542236328,8.989999771118164,155500
2026-03-25 18:50:00+00:00,MGLU3.SA,8.989999771118164,8.989999771118164,8.960000038146973,8.970000267028809,162100
2026-03-25 18:55:00+00:00,MGLU3.SA,8.960000038146973,8.979999542236328,8.920000076293945,8.9399995803833,234400
2026-03-25 19:00:00+00:00,MGLU3.SA,8.9399995803833,8.9399995803833,8.899999618530273,8.90999984741211,186000
2026-03-25 19:05:00+00:00,MGLU3.SA,8.920000076293945,8.920000076293945,8.899999618530273,8.899999618530273,90800
2026-03-25 19:10:00+00:00,MGLU3.SA,8.90999984741211,8.920000076293945,8.890000343322754,8.90999984741211,102400
2026-03-25 19:15:00+00:00,MGLU3.SA,8.90999984741211,8.9399995803833,8.90999984741211,8.9399995803833,46700
2026-03-25 19:20:00+00:00,MGLU3.SA,8.930000305175781,8.949999809265137,8.930000305175781,8.9399995803833,142900
2026-03-25 19:25:00+00:00,MGLU3.SA,8.949999809265137,8.960000038146973,8.930000305175781,8.9399995803833,88700
2026-03-25 19:30:00+00:00,MGLU3.SA,8.9399995803833,8.949999809265137,8.930000305175781,8.930000305175781,82500
2026-03-25 19:35:00+00:00,MGLU3.SA,8.9399995803833,8.949999809265137,8.920000076293945,8.930000305175781,116600
2026-03-25 19:40:00+00:00,MGLU3.SA,8.930000305175781,8.949999809265137,8.920000076293945,8.920000076293945,162200
2026-03-25 19:45:00+00:00,MGLU3.SA,8.930000305175781,8.9399995803833,8.920000076293945,8.920000076293945,120000
2026-03-25 19:50:00+00:00,MGLU3.SA,8.930000305175781,8.9399995803833,8.920000076293945,8.930000305175781,165300
2026-03-26 13:05:00+00:00,MGLU3.SA,8.729999542236328,8.779999732971191,8.670000076293945,8.75,395400
2026-03-26 13:10:00+00:00,MGLU3.SA,8.75,8.84000015258789,8.739999771118164,8.829999923706055,492200
2026-03-26 13:15:00+00:00,MGLU3.SA,8.819999694824219,8.850000381469727,8.770000457763672,8.779999732971191,514500
2026-03-26 13:20:00+00:00,MGLU3.SA,8.779999732971191,8.819999694824219,8.770000457763672,8.800000190734863,254100
2026-03-26 13:25:00+00:00,MGLU3.SA,8.8100004196167,8.8100004196167,8.779999732971191,8.8100004196167,149800
2026-03-26 13:30:00+00:00,MGLU3.SA,8.8100004196167,8.850000381469727,8.800000190734863,8.8100004196167,203200
2026-03-26 13:35:00+00:00,MGLU3.SA,8.8100004196167,8.850000381469727,8.789999961853027,8.800000190734863,208700
2026-03-26 13:40:00+00:00,MGLU3.SA,8.800000190734863,8.829999923706055,8.779999732971191,8.8100004196167,117600
2026-03-26 13:45:00+00:00,MGLU3.SA,8.819999694824219,8.880000114440918,8.8100004196167,8.829999923706055,369400
2026-03-26 13:50:00+00:00,MGLU3.SA,8.829999923706055,8.899999618530273,8.8100004196167,8.869999885559082,243500
2026-03-26 13:55:00+00:00,MGLU3.SA,8.859999656677246,8.880000114440918,8.8100004196167,8.84000015258789,88800
2026-03-26 14:00:00+00:00,MGLU3.SA,8.850000381469727,8.859999656677246,8.829999923706055,8.84000015258789,62500
2026-03-26 14:05:00+00:00,MGLU3.SA,8.850000381469727,8.859999656677246,8.819999694824219,8.829999923706055,61900
2026-03-26 14:10:00+00:00,MGLU3.SA,8.829999923706055,8.829999923706055,8.8100004196167,8.829999923706055,119800
2026-03-26 14:15:00+00:00,MGLU3.SA,8.84000015258789,8.859999656677246,8.829999923706055,8.850000381469727,42900
2026-03-26 14:20:00+00:00,MGLU3.SA,8.850000381469727,8.850000381469727,8.829999923706055,8.829999923706055,29800
2026-03-26 14:25:00+00:00,MGLU3.SA,8.829999923706055,8.84000015258789,8.800000190734863,8.8100004196167,82400
2026-03-26 14:30:00+00:00,MGLU3.SA,8.8100004196167,8.829999923706055,8.800000190734863,8.819999694824219,45800
2026-03-26 14:35:00+00:00,MGLU3.SA,8.819999694824219,8.829999923706055,8.760000228881836,8.770000457763672,260800
2026-03-26 14:40:00+00:00,MGLU3.SA,8.770000457763672,8.800000190734863,8.75,8.75,332900
2026-03-26 14:45:00+00:00,MGLU3.SA,8.75,8.770000457763672,8.729999542236328,8.75,259400
2026-03-26 14:50:00+00:00,MGLU3.SA,8.75,8.779999732971191,8.75,8.75,121800
2026-03-26 14:55:00+00:00,MGLU3.SA,8.75,8.760000228881836,8.729999542236328,8.739999771118164,141900
2026-03-26 15:00:00+00:00,MGLU3.SA,8.75,8.760000228881836,8.720000267028809,8.720000267028809,244400
2026-03-26 15:05:00+00:00,MGLU3.SA,8.720000267028809,8.729999542236328,8.680000305175781,8.6899995803833,365300
2026-03-26 15:10:00+00:00,MGLU3.SA,8.6899995803833,8.75,8.6899995803833,8.729999542236328,212400
2026-03-26 15:15:00+00:00,MGLU3.SA,8.729999542236328,8.739999771118164,8.710000038146973,8.729999542236328,85800
2026-03-26 15:20:00+00:00,MGLU3.SA,8.729999542236328,8.739999771118164,8.720000267028809,8.729999542236328,49100
2026-03-26 15:25:00+00:00,MGLU3.SA,8.729999542236328,8.760000228881836,8.729999542236328,8.75,72800
2026-03-26 15:30:00+00:00,MGLU3.SA,8.75,8.75,8.720000267028809,8.720000267028809,43900
2026-03-26 15:35:00+00:00,MGLU3.SA,8.729999542236328,8.739999771118164,8.710000038146973,8.720000267028809,108200
2026-03-26 15:40:00+00:00,MGLU3.SA,8.729999542236328,8.729999542236328,8.670000076293945,8.680000305175781,432400
2026-03-26 15:45:00+00:00,MGLU3.SA,8.680000305175781,8.6899995803833,8.65999984741211,8.670000076293945,198800
2026-03-26 15:50:00+00:00,MGLU3.SA,8.670000076293945,8.6899995803833,8.670000076293945,8.680000305175781,113200
2026-03-26 15:55:00+00:00,MGLU3.SA,8.680000305175781,8.680000305175781,8.65999984741211,8.670000076293945,135900
2026-03-26 16:00:00+00:00,MGLU3.SA,8.65999984741211,8.670000076293945,8.649999618530273,8.670000076293945,87700
2026-03-26 16:05:00+00:00,MGLU3.SA,8.65999984741211,8.680000305175781,8.649999618530273,8.670000076293945,137700
2026-03-26 16:10:00+00:00,MGLU3.SA,8.670000076293945,8.670000076293945,8.649999618530273,8.649999618530273,108000
2026-03-26 16:15:00+00:00,MGLU3.SA,8.649999618530273,8.65999984741211,8.609999656677246,8.640000343322754,265100
2026-03-26 16:20:00+00:00,MGLU3.SA,8.640000343322754,8.649999618530273,8.619999885559082,8.619999885559082,108600
2026-03-26 16:25:00+00:00,MGLU3.SA,8.619999885559082,8.630000114440918,8.609999656677246,8.619999885559082,190100
2026-03-26 16:30:00+00:00,MGLU3.SA,8.630000114440918,8.630000114440918,8.59000015258789,8.600000381469727,420600
2026-03-26 16:35:00+00:00,MGLU3.SA,8.600000381469727,8.600000381469727,8.579999923706055,8.59000015258789,138400
2026-03-26 16:40:00+00:00,MGLU3.SA,8.59000015258789,8.600000381469727,8.569999694824219,8.569999694824219,122600
2026-03-26 16:45:00+00:00,MGLU3.SA,8.569999694824219,8.600000381469727,8.569999694824219,8.59000015258789,100200
2026-03-26 16:50:00+00:00,MGLU3.SA,8.579999923706055,8.600000381469727,8.579999923706055,8.600000381469727,94400
2026-03-26 16:55:00+00:00,MGLU3.SA,8.609999656677246,8.630000114440918,8.609999656677246,8.619999885559082,207900
2026-03-26 17:00:00+00:00,MGLU3.SA,8.609999656677246,8.65999984741211,8.609999656677246,8.619999885559082,238000
2026-03-26 17:05:00+00:00,MGLU3.SA,8.619999885559082,8.640000343322754,8.619999885559082,8.619999885559082,47700
2026-03-26 17:10:00+00:00,MGLU3.SA,8.609999656677246,8.609999656677246,8.59000015258789,8.59000015258789,108600
2026-03-26 17:15:00+00:00,MGLU3.SA,8.59000015258789,8.600000381469727,8.579999923706055,8.59000015258789,56200
2026-03-26 17:20:00+00:00,MGLU3.SA,8.59000015258789,8.59000015258789,8.569999694824219,8.579999923706055,73800
2026-03-26 17:25:00+00:00,MGLU3.SA,8.569999694824219,8.59000015258789,8.5600004196167,8.59000015258789,76700
2026-03-26 17:30:00+00:00,MGLU3.SA,8.579999923706055,8.600000381469727,8.579999923706055,8.600000381469727,40400
2026-03-26 17:35:00+00:00,MGLU3.SA,8.600000381469727,8.609999656677246,8.59000015258789,8.600000381469727,42600
2026-03-26 17:40:00+00:00,MGLU3.SA,8.59000015258789,8.59000015258789,8.569999694824219,8.569999694824219,54600
2026-03-26 17:45:00+00:00,MGLU3.SA,8.569999694824219,8.59000015258789,8.569999694824219,8.569999694824219,73500
2026-03-26 17:50:00+00:00,MGLU3.SA,8.569999694824219,8.569999694824219,8.539999961853027,8.539999961853027,301900
2026-03-26 17:55:00+00:00,MGLU3.SA,8.539999961853027,8.539999961853027,8.510000228881836,8.520000457763672,326400
2026-03-26 18:00:00+00:00,MGLU3.SA,8.520000457763672,8.529999732971191,8.510000228881836,8.520000457763672,51900
2026-03-26 18:05:00+00:00,MGLU3.SA,8.520000457763672,8.539999961853027,8.520000457763672,8.539999961853027,43700
2026-03-26 18:10:00+00:00,MGLU3.SA,8.529999732971191,8.550000190734863,8.529999732971191,8.529999732971191,27800
2026-03-26 18:15:00+00:00,MGLU3.SA,8.539999961853027,8.550000190734863,8.529999732971191,8.539999961853027,24700
2026-03-26 18:20:00+00:00,MGLU3.SA,8.539999961853027,8.550000190734863,8.529999732971191,8.539999961853027,118800
2026-03-26 18:25:00+00:00,MGLU3.SA,8.539999961853027,8.550000190734863,8.529999732971191,8.529999732971191,66200
2026-03-26 18:30:00+00:00,MGLU3.SA,8.529999732971191,8.550000190734863,8.529999732971191,8.529999732971191,37800
2026-03-26 18:35:00+00:00,MGLU3.SA,8.539999961853027,8.569999694824219,8.539999961853027,8.5600004196167,164000
2026-03-26 18:40:00+00:00,MGLU3.SA,8.5600004196167,8.640000343322754,8.5600004196167,8.609999656677246,530500
2026-03-26 18:45:00+00:00,MGLU3.SA,8.609999656677246,8.619999885559082,8.600000381469727,8.609999656677246,52000
2026-03-26 18:50:00+00:00,MGLU3.SA,8.609999656677246,8.619999885559082,8.59000015258789,8.59000015258789,107600
2026-03-26 18:55:00+00:00,MGLU3.SA,8.59000015258789,8.59000015258789,8.5600004196167,8.5600004196167,181400
2026-03-26 19:00:00+00:00,MGLU3.SA,8.5600004196167,8.569999694824219,8.550000190734863,8.5600004196167,66100
2026-03-26 19:05:00+00:00,MGLU3.SA,8.5600004196167,8.569999694824219,8.550000190734863,8.550000190734863,53300
2026-03-26 19:10:00+00:00,MGLU3.SA,8.550000190734863,8.550000190734863,8.520000457763672,8.529999732971191,162400
2026-03-26 19:15:00+00:00,MGLU3.SA,8.539999961853027,8.550000190734863,8.539999961853027,8.539999961853027,31200
2026-03-26 19:20:00+00:00,MGLU3.SA,8.539999961853027,8.550000190734863,8.5,8.5,330400
2026-03-26 19:25:00+00:00,MGLU3.SA,8.5,8.510000228881836,8.470000267028809,8.510000228881836,364300
2026-03-26 19:30:00+00:00,MGLU3.SA,8.510000228881836,8.510000228881836,8.479999542236328,8.5,279000
2026-03-26 19:35:00+00:00,MGLU3.SA,8.5,8.520000457763672,8.479999542236328,8.5,210600
2026-03-26 19:40:00+00:00,MGLU3.SA,8.5,8.5,8.479999542236328,8.479999542236328,204700
2026-03-26 19:45:00+00:00,MGLU3.SA,8.489999771118164,8.5,8.470000267028809,8.470000267028809,331200
2026-03-26 19:50:00+00:00,MGLU3.SA,8.470000267028809,8.5,8.470000267028809,8.479999542236328,266400
2026-03-27 13:00:00+00:00,MGLU3.SA,8.40999984741211,8.420000076293945,8.34000015258789,8.380000114440918,0
2026-03-27 13:05:00+00:00,MGLU3.SA,8.390000343322754,8.390000343322754,8.319999694824219,8.34000015258789,358600
2026-03-27 13:10:00+00:00,MGLU3.SA,8.34000015258789,8.380000114440918,8.329999923706055,8.34000015258789,334000
2026-03-27 13:15:00+00:00,MGLU3.SA,8.329999923706055,8.329999923706055,8.25,8.25,826700
2026-03-27 13:20:00+00:00,MGLU3.SA,8.25,8.270000457763672,8.210000038146973,8.25,281100
2026-03-27 13:25:00+00:00,MGLU3.SA,8.239999771118164,8.300000190734863,8.239999771118164,8.289999961853027,138900
2026-03-27 13:30:00+00:00,MGLU3.SA,8.279999732971191,8.329999923706055,8.270000457763672,8.300000190734863,448400
2026-03-27 13:35:00+00:00,MGLU3.SA,8.300000190734863,8.319999694824219,8.279999732971191,8.3100004196167,197400
2026-03-27 13:40:00+00:00,MGLU3.SA,8.3100004196167,8.329999923706055,8.289999961853027,8.319999694824219,330500
2026-03-27 13:45:00+00:00,MGLU3.SA,8.319999694824219,8.350000381469727,8.3100004196167,8.319999694824219,180100
2026-03-27 13:50:00+00:00,MGLU3.SA,8.319999694824219,8.319999694824219,8.25,8.270000457763672,692100
2026-03-27 13:55:00+00:00,MGLU3.SA,8.260000228881836,8.270000457763672,8.229999542236328,8.260000228881836,457100
2026-03-27 14:00:00+00:00,MGLU3.SA,8.25,8.279999732971191,8.239999771118164,8.270000457763672,135900
2026-03-27 14:05:00+00:00,MGLU3.SA,8.270000457763672,8.289999961853027,8.239999771118164,8.25,136000
2026-03-27 14:10:00+00:00,MGLU3.SA,8.25,8.260000228881836,8.210000038146973,8.239999771118164,366700
2026-03-27 14:15:00+00:00,MGLU3.SA,8.229999542236328,8.279999732971191,8.229999542236328,8.279999732971191,205400
2026-03-27 14:20:00+00:00,MGLU3.SA,8.279999732971191,8.319999694824219,8.270000457763672,8.289999961853027,383900
2026-03-27 14:25:00+00:00,MGLU3.SA,8.300000190734863,8.300000190734863,8.279999732971191,8.289999961853027,151700
2026-03-27 14:30:00+00:00,MGLU3.SA,8.289999961853027,8.300000190734863,8.279999732971191,8.300000190734863,116200
2026-03-27 14:35:00+00:00,MGLU3.SA,8.300000190734863,8.3100004196167,8.260000228881836,8.260000228881836,132800
2026-03-27 14:40:00+00:00,MGLU3.SA,8.260000228881836,8.270000457763672,8.25,8.25,81900
2026-03-27 14:45:00+00:00,MGLU3.SA,8.260000228881836,8.289999961853027,8.25,8.289999961853027,175000
2026-03-27 14:50:00+00:00,MGLU3.SA,8.289999961853027,8.359999656677246,8.289999961853027,8.34000015258789,800700
2026-03-27 14:55:00+00:00,MGLU3.SA,8.34000015258789,8.390000343322754,8.34000015258789,8.380000114440918,383200
2026-03-27 15:00:00+00:00,MGLU3.SA,8.380000114440918,8.40999984741211,8.369999885559082,8.399999618530273,299600
2026-03-27 15:05:00+00:00,MGLU3.SA,8.40999984741211,8.449999809265137,8.399999618530273,8.4399995803833,474400
2026-03-27 15:10:00+00:00,MGLU3.SA,8.359999656677246,8.369999885559082,8.319999694824219,8.319999694824219,707900
2026-03-27 15:15:00+00:00,MGLU3.SA,8.319999694824219,8.329999923706055,8.270000457763672,8.279999732971191,309000
2026-03-27 15:20:00+00:00,MGLU3.SA,8.279999732971191,8.34000015258789,8.260000228881836,8.270000457763672,419500
2026-03-27 15:25:00+00:00,MGLU3.SA,8.270000457763672,8.279999732971191,8.239999771118164,8.270000457763672,518900
2026-03-27 15:30:00+00:00,MGLU3.SA,8.279999732971191,8.3100004196167,8.270000457763672,8.3100004196167,148100
2026-03-27 15:35:00+00:00,MGLU3.SA,8.3100004196167,8.3100004196167,8.260000228881836,8.260000228881836,243000
2026-03-27 15:40:00+00:00,MGLU3.SA,8.260000228881836,8.270000457763672,8.25,8.25,118300
2026-03-27 15:45:00+00:00,MGLU3.SA,8.260000228881836,8.270000457763672,8.239999771118164,8.25,152600
2026-03-27 15:50:00+00:00,MGLU3.SA,8.25,8.260000228881836,8.229999542236328,8.239999771118164,345300
2026-03-27 15:55:00+00:00,MGLU3.SA,8.239999771118164,8.25,8.229999542236328,8.239999771118164,185900
2026-03-27 16:00:00+00:00,MGLU3.SA,8.25,8.25,8.210000038146973,8.210000038146973,242700
2026-03-27 16:05:00+00:00,MGLU3.SA,8.210000038146973,8.220000267028809,8.1899995803833,8.1899995803833,515400
2026-03-27 16:10:00+00:00,MGLU3.SA,8.1899995803833,8.199999809265137,8.140000343322754,8.149999618530273,463200
2026-03-27 16:15:00+00:00,MGLU3.SA,8.149999618530273,8.180000305175781,8.140000343322754,8.170000076293945,536500
2026-03-27 16:20:00+00:00,MGLU3.SA,8.180000305175781,8.199999809265137,8.170000076293945,8.199999809265137,162400
2026-03-27 16:25:00+00:00,MGLU3.SA,8.1899995803833,8.229999542236328,8.15999984741211,8.220000267028809,291700
2026-03-27 16:30:00+00:00,MGLU3.SA,8.220000267028809,8.220000267028809,8.199999809265137,8.210000038146973,57400
2026-03-27 16:35:00+00:00,MGLU3.SA,8.210000038146973,8.229999542236328,8.199999809265137,8.210000038146973,134300
2026-03-27 16:40:00+00:00,MGLU3.SA,8.210000038146973,8.229999542236328,8.199999809265137,8.220000267028809,70200
2026-03-27 16:45:00+00:00,MGLU3.SA,8.220000267028809,8.260000228881836,8.220000267028809,8.239999771118164,184800
2026-03-27 16:50:00+00:00,MGLU3.SA,8.229999542236328,8.229999542236328,8.199999809265137,8.210000038146973,142200
2026-03-27 16:55:00+00:00,MGLU3.SA,8.210000038146973,8.220000267028809,8.199999809265137,8.199999809265137,68500
2026-03-27 17:00:00+00:00,MGLU3.SA,8.199999809265137,8.210000038146973,8.1899995803833,8.1899995803833,121100
2026-03-27 17:05:00+00:00,MGLU3.SA,8.1899995803833,8.239999771118164,8.180000305175781,8.199999809265137,133500
2026-03-27 17:10:00+00:00,MGLU3.SA,8.199999809265137,8.210000038146973,8.1899995803833,8.199999809265137,48100
2026-03-27 17:15:00+00:00,MGLU3.SA,8.199999809265137,8.210000038146973,8.1899995803833,8.199999809265137,41300
2026-03-27 17:20:00+00:00,MGLU3.SA,8.199999809265137,8.210000038146973,8.1899995803833,8.1899995803833,37800
2026-03-27 17:25:00+00:00,MGLU3.SA,8.1899995803833,8.199999809265137,8.170000076293945,8.180000305175781,81200
2026-03-27 17:30:00+00:00,MGLU3.SA,8.180000305175781,8.1899995803833,8.15999984741211,8.170000076293945,71200
2026-03-27 17:35:00+00:00,MGLU3.SA,8.170000076293945,8.180000305175781,8.170000076293945,8.170000076293945,35200
2026-03-27 17:40:00+00:00,MGLU3.SA,8.170000076293945,8.180000305175781,8.149999618530273,8.15999984741211,82200
2026-03-27 17:45:00+00:00,MGLU3.SA,8.15999984741211,8.170000076293945,8.149999618530273,8.149999618530273,40400
2026-03-27 17:50:00+00:00,MGLU3.SA,8.149999618530273,8.170000076293945,8.149999618530273,8.149999618530273,30900
2026-03-27 17:55:00+00:00,MGLU3.SA,8.149999618530273,8.15999984741211,8.130000114440918,8.140000343322754,190400
2026-03-27 18:00:00+00:00,MGLU3.SA,8.140000343322754,8.15999984741211,8.140000343322754,8.149999618530273,60700
2026-03-27 18:05:00+00:00,MGLU3.SA,8.149999618530273,8.15999984741211,8.140000343322754,8.140000343322754,65600
2026-03-27 18:10:00+00:00,MGLU3.SA,8.140000343322754,8.149999618530273,8.140000343322754,8.140000343322754,46100
2026-03-27 18:15:00+00:00,MGLU3.SA,8.140000343322754,8.170000076293945,8.140000343322754,8.15999984741211,111700
2026-03-27 18:20:00+00:00,MGLU3.SA,8.15999984741211,8.170000076293945,8.149999618530273,8.15999984741211,61700
2026-03-27 18:25:00+00:00,MGLU3.SA,8.15999984741211,8.170000076293945,8.149999618530273,8.15999984741211,95400
2026-03-27 18:30:00+00:00,MGLU3.SA,8.15999984741211,8.180000305175781,8.149999618530273,8.149999618530273,105100
2026-03-27 18:35:00+00:00,MGLU3.SA,8.149999618530273,8.170000076293945,8.140000343322754,8.140000343322754,215900
2026-03-27 18:40:00+00:00,MGLU3.SA,8.149999618530273,8.149999618530273,8.130000114440918,8.130000114440918,115900
2026-03-27 18:45:00+00:00,MGLU3.SA,8.130000114440918,8.140000343322754,8.130000114440918,8.130000114440918,29700
2026-03-27 18:50:00+00:00,MGLU3.SA,8.130000114440918,8.140000343322754,8.119999885559082,8.130000114440918,133200
2026-03-27 18:55:00+00:00,MGLU3.SA,8.119999885559082,8.130000114440918,8.100000381469727,8.109999656677246,1469300
2026-03-27 19:00:00+00:00,MGLU3.SA,8.109999656677246,8.130000114440918,8.109999656677246,8.109999656677246,341700
2026-03-27 19:05:00+00:00,MGLU3.SA,8.109999656677246,8.119999885559082,8.100000381469727,8.100000381469727,332300
2026-03-27 19:10:00+00:00,MGLU3.SA,8.100000381469727,8.119999885559082,8.100000381469727,8.100000381469727,106400
2026-03-27 19:15:00+00:00,MGLU3.SA,8.100000381469727,8.149999618530273,8.100000381469727,8.130000114440918,283500
2026-03-27 19:20:00+00:00,MGLU3.SA,8.130000114440918,8.140000343322754,8.119999885559082,8.119999885559082,193700
2026-03-27 19:25:00+00:00,MGLU3.SA,8.119999885559082,8.119999885559082,8.109999656677246,8.109999656677246,269600
2026-03-27 19:30:00+00:00,MGLU3.SA,8.109999656677246,8.140000343322754,8.100000381469727,8.130000114440918,533900
2026-03-27 19:35:00+00:00,MGLU3.SA,8.130000114440918,8.149999618530273,8.130000114440918,8.130000114440918,165200
2026-03-27 19:40:00+00:00,MGLU3.SA,8.130000114440918,8.140000343322754,8.100000381469727,8.109999656677246,433600
2026-03-27 19:45:00+00:00,MGLU3.SA,8.109999656677246,8.109999656677246,8.079999923706055,8.09000015258789,625100
2026-03-27 19:50:00+00:00,MGLU3.SA,8.100000381469727,8.109999656677246,8.09000015258789,8.100000381469727,255200
2026-03-30 13:05:00+00:00,MGLU3.SA,8.3100004196167,8.319999694824219,8.1899995803833,8.199999809265137,583700
2026-03-30 13:10:00+00:00,MGLU3.SA,8.199999809265137,8.229999542236328,8.119999885559082,8.199999809265137,590900
2026-03-30 13:15:00+00:00,MGLU3.SA,8.1899995803833,8.1899995803833,8.100000381469727,8.109999656677246,515900
2026-03-30 13:20:00+00:00,MGLU3.SA,8.109999656677246,8.149999618530273,8.100000381469727,8.149999618530273,215600
2026-03-30 13:25:00+00:00,MGLU3.SA,8.149999618530273,8.149999618530273,8.100000381469727,8.109999656677246,189600
2026-03-30 13:30:00+00:00,MGLU3.SA,8.109999656677246,8.130000114440918,8.100000381469727,8.130000114440918,253400
2026-03-30 13:35:00+00:00,MGLU3.SA,8.130000114440918,8.140000343322754,8.109999656677246,8.109999656677246,149900
2026-03-30 13:40:00+00:00,MGLU3.SA,8.119999885559082,8.130000114440918,8.100000381469727,8.130000114440918,195800
2026-03-30 13:45:00+00:00,MGLU3.SA,8.130000114440918,8.130000114440918,8.050000190734863,8.069999694824219,604100
2026-03-30 13:50:00+00:00,MGLU3.SA,8.0600004196167,8.069999694824219,8.0,8.010000228881836,841700
2026-03-30 13:55:00+00:00,MGLU3.SA,8.010000228881836,8.039999961853027,7.960000038146973,7.96999979019165,691100
2026-03-30 14:00:00+00:00,MGLU3.SA,7.96999979019165,8.0,7.920000076293945,7.989999771118164,491000
2026-03-30 14:05:00+00:00,MGLU3.SA,8.0,8.010000228881836,7.980000019073486,8.010000228881836,135200
2026-03-30 14:10:00+00:00,MGLU3.SA,8.020000457763672,8.039999961853027,8.010000228881836,8.020000457763672,150000
2026-03-30 14:15:00+00:00,MGLU3.SA,8.029999732971191,8.079999923706055,8.010000228881836,8.0600004196167,379600
2026-03-30 14:20:00+00:00,MGLU3.SA,8.0600004196167,8.069999694824219,8.029999732971191,8.039999961853027,100800
2026-03-30 14:25:00+00:00,MGLU3.SA,8.050000190734863,8.0600004196167,8.020000457763672,8.039999961853027,196900
2026-03-30 14:30:00+00:00,MGLU3.SA,8.029999732971191,8.050000190734863,8.020000457763672,8.029999732971191,330400
2026-03-30 14:35:00+00:00,MGLU3.SA,8.029999732971191,8.029999732971191,8.0,8.020000457763672,289300
2026-03-30 14:40:00+00:00,MGLU3.SA,8.029999732971191,8.039999961853027,8.010000228881836,8.039999961853027,81600
2026-03-30 14:45:00+00:00,MGLU3.SA,8.029999732971191,8.079999923706055,8.029999732971191,8.0600004196167,178300
2026-03-30 14:50:00+00:00,MGLU3.SA,8.0600004196167,8.09000015258789,8.050000190734863,8.069999694824219,118200
2026-03-30 14:55:00+00:00,MGLU3.SA,8.069999694824219,8.119999885559082,8.0600004196167,8.100000381469727,238800
2026-03-30 15:00:00+00:00,MGLU3.SA,8.100000381469727,8.15999984741211,8.100000381469727,8.130000114440918,628500
2026-03-30 15:05:00+00:00,MGLU3.SA,8.130000114440918,8.140000343322754,8.079999923706055,8.079999923706055,329500
2026-03-30 15:10:00+00:00,MGLU3.SA,8.079999923706055,8.109999656677246,8.079999923706055,8.100000381469727,90600
2026-03-30 15:15:00+00:00,MGLU3.SA,8.100000381469727,8.119999885559082,8.079999923706055,8.100000381469727,127700
2026-03-30 15:20:00+00:00,MGLU3.SA,8.100000381469727,8.119999885559082,8.100000381469727,8.100000381469727,24500
2026-03-30 15:25:00+00:00,MGLU3.SA,8.109999656677246,8.140000343322754,8.100000381469727,8.109999656677246,123100
2026-03-30 15:30:00+00:00,MGLU3.SA,8.100000381469727,8.109999656677246,8.09000015258789,8.100000381469727,95500
2026-03-30 15:35:00+00:00,MGLU3.SA,8.109999656677246,8.109999656677246,8.09000015258789,8.109999656677246,20800
2026-03-30 15:40:00+00:00,MGLU3.SA,8.100000381469727,8.119999885559082,8.100000381469727,8.119999885559082,23400
2026-03-30 15:45:00+00:00,MGLU3.SA,8.109999656677246,8.119999885559082,8.100000381469727,8.109999656677246,53900
2026-03-30 15:50:00+00:00,MGLU3.SA,8.100000381469727,8.119999885559082,8.100000381469727,8.109999656677246,56900
2026-03-30 15:55:00+00:00,MGLU3.SA,8.100000381469727,8.119999885559082,8.100000381469727,8.100000381469727,57000
2026-03-30 16:00:00+00:00,MGLU3.SA,8.100000381469727,8.100000381469727,8.079999923706055,8.09000015258789,48000
2026-03-30 16:05:00+00:00,MGLU3.SA,8.079999923706055,8.119999885559082,8.079999923706055,8.100000381469727,193000
2026-03-30 16:10:00+00:00,MGLU3.SA,8.119999885559082,8.130000114440918,8.100000381469727,8.109999656677246,121300
2026-03-30 16:15:00+00:00,MGLU3.SA,8.109999656677246,8.119999885559082,8.109999656677246,8.119999885559082,22000
2026-03-30 16:20:00+00:00,MGLU3.SA,8.109999656677246,8.119999885559082,8.109999656677246,8.109999656677246,46900
2026-03-30 16:25:00+00:00,MGLU3.SA,8.119999885559082,8.119999885559082,8.100000381469727,8.100000381469727,40000
2026-03-30 16:30:00+00:00,MGLU3.SA,8.100000381469727,8.109999656677246,8.079999923706055,8.079999923706055,89300
2026-03-30 16:35:00+00:00,MGLU3.SA,8.079999923706055,8.09000015258789,8.079999923706055,8.079999923706055,69500
2026-03-30 16:40:00+00:00,MGLU3.SA,8.079999923706055,8.09000015258789,8.069999694824219,8.069999694824219,72100
2026-03-30 16:45:00+00:00,MGLU3.SA,8.079999923706055,8.079999923706055,8.069999694824219,8.069999694824219,22400
2026-03-30 16:50:00+00:00,MGLU3.SA,8.079999923706055,8.079999923706055,8.020000457763672,8.029999732971191,365600
2026-03-30 16:55:00+00:00,MGLU3.SA,8.029999732971191,8.050000190734863,8.010000228881836,8.029999732971191,172400
2026-03-30 17:00:00+00:00,MGLU3.SA,8.020000457763672,8.039999961853027,8.020000457763672,8.029999732971191,96000
2026-03-30 17:05:00+00:00,MGLU3.SA,8.020000457763672,8.039999961853027,8.020000457763672,8.029999732971191,40200
2026-03-30 17:10:00+00:00,MGLU3.SA,8.029999732971191,8.039999961853027,7.989999771118164,8.0,467600
2026-03-30 17:15:00+00:00,MGLU3.SA,8.0,8.020000457763672,7.96999979019165,8.0,543800
2026-03-30 17:20:00+00:00,MGLU3.SA,8.0,8.010000228881836,7.960000038146973,7.989999771118164,295200
2026-03-30 17:25:00+00:00,MGLU3.SA,7.989999771118164,8.010000228881836,7.980000019073486,7.980000019073486,78600
2026-03-30 17:30:00+00:00,MGLU3.SA,7.989999771118164,7.989999771118164,7.96999979019165,7.96999979019165,134500
2026-03-30 17:35:00+00:00,MGLU3.SA,7.960000038146973,7.989999771118164,7.960000038146973,7.980000019073486,97700
2026-03-30 17:40:00+00:00,MGLU3.SA,7.980000019073486,8.010000228881836,7.980000019073486,8.010000228881836,178600
2026-03-30 17:45:00+00:00,MGLU3.SA,8.0,8.020000457763672,8.0,8.020000457763672,111800
2026-03-30 17:50:00+00:00,MGLU3.SA,8.010000228881836,8.039999961853027,8.010000228881836,8.029999732971191,59500
2026-03-30 17:55:00+00:00,MGLU3.SA,8.029999732971191,8.039999961853027,8.010000228881836,8.020000457763672,78400
2026-03-30 18:00:00+00:00,MGLU3.SA,8.010000228881836,8.029999732971191,8.010000228881836,8.010000228881836,65900
2026-03-30 18:05:00+00:00,MGLU3.SA,8.010000228881836,8.029999732971191,8.010000228881836,8.020000457763672,46000
2026-03-30 18:10:00+00:00,MGLU3.SA,8.010000228881836,8.029999732971191,8.0,8.010000228881836,90400
2026-03-30 18:15:00+00:00,MGLU3.SA,8.020000457763672,8.069999694824219,8.010000228881836,8.0600004196167,433000
2026-03-30 18:20:00+00:00,MGLU3.SA,8.069999694824219,8.079999923706055,8.050000190734863,8.050000190734863,80600
2026-03-30 18:25:00+00:00,MGLU3.SA,8.0600004196167,8.069999694824219,8.050000190734863,8.050000190734863,57300
2026-03-30 18:30:00+00:00,MGLU3.SA,8.0600004196167,8.0600004196167,8.039999961853027,8.0600004196167,122700
2026-03-30 18:35:00+00:00,MGLU3.SA,8.069999694824219,8.069999694824219,8.039999961853027,8.039999961853027,91700
2026-03-30 18:40:00+00:00,MGLU3.SA,8.039999961853027,8.050000190734863,8.029999732971191,8.039999961853027,105200
2026-03-30 18:45:00+00:00,MGLU3.SA,8.039999961853027,8.079999923706055,8.039999961853027,8.0600004196167,160900
2026-03-30 18:50:00+00:00,MGLU3.SA,8.0600004196167,8.069999694824219,8.050000190734863,8.050000190734863,46100
2026-03-30 18:55:00+00:00,MGLU3.SA,8.0600004196167,8.0600004196167,8.039999961853027,8.050000190734863,66100
2026-03-30 19:00:00+00:00,MGLU3.SA,8.050000190734863,8.0600004196167,8.039999961853027,8.050000190734863,72100
2026-03-30 19:05:00+00:00,MGLU3.SA,8.050000190734863,8.069999694824219,8.039999961853027,8.039999961853027,118400
2026-03-30 19:10:00+00:00,MGLU3.SA,8.050000190734863,8.050000190734863,8.020000457763672,8.020000457763672,116400
2026-03-30 19:15:00+00:00,MGLU3.SA,8.029999732971191,8.039999961853027,8.020000457763672,8.029999732971191,108300
2026-03-30 19:20:00+00:00,MGLU3.SA,8.020000457763672,8.039999961853027,8.0,8.029999732971191,208300
2026-03-30 19:25:00+00:00,MGLU3.SA,8.020000457763672,8.029999732971191,8.0,8.010000228881836,254400
2026-03-30 19:30:00+00:00,MGLU3.SA,8.010000228881836,8.039999961853027,8.010000228881836,8.039999961853027,177300
2026-03-30 19:35:00+00:00,MGLU3.SA,8.029999732971191,8.0600004196167,8.029999732971191,8.050000190734863,297300
2026-03-30 19:40:00+00:00,MGLU3.SA,8.039999961853027,8.050000190734863,8.020000457763672,8.020000457763672,261600
2026-03-30 19:45:00+00:00,MGLU3.SA,8.020000457763672,8.039999961853027,8.0,8.0,282700
2026-03-30 19:50:00+00:00,MGLU3.SA,8.0,8.029999732971191,8.0,8.020000457763672,373000
2026-03-31 13:05:00+00:00,MGLU3.SA,8.25,8.319999694824219,8.25,8.319999694824219,0
2026-03-31 13:10:00+00:00,MGLU3.SA,8.319999694824219,8.460000038146973,8.319999694824219,8.420000076293945,1270900
2026-03-31 13:15:00+00:00,MGLU3.SA,8.420000076293945,8.479999542236328,8.380000114440918,8.4399995803833,1129800
2026-03-31 13:20:00+00:00,MGLU3.SA,8.4399995803833,8.4399995803833,8.350000381469727,8.369999885559082,489000
2026-03-31 13:25:00+00:00,MGLU3.SA,8.369999885559082,8.380000114440918,8.350000381469727,8.359999656677246,296500
2026-03-31 13:30:00+00:00,MGLU3.SA,8.359999656677246,8.420000076293945,8.359999656677246,8.390000343322754,534500
2026-03-31 13:35:00+00:00,MGLU3.SA,8.399999618530273,8.420000076293945,8.380000114440918,8.420000076293945,285500
2026-03-31 13:40:00+00:00,MGLU3.SA,8.420000076293945,8.4399995803833,8.380000114440918,8.380000114440918,232600
2026-03-31 13:45:00+00:00,MGLU3.SA,8.390000343322754,8.420000076293945,8.380000114440918,8.420000076293945,159100
2026-03-31 13:50:00+00:00,MGLU3.SA,8.40999984741211,8.470000267028809,8.399999618530273,8.449999809265137,597700
2026-03-31 13:55:00+00:00,MGLU3.SA,8.449999809265137,8.460000038146973,8.40999984741211,8.430000305175781,119800
2026-03-31 14:00:00+00:00,MGLU3.SA,8.430000305175781,8.520000457763672,8.420000076293945,8.5,1210900
2026-03-31 14:05:00+00:00,MGLU3.SA,8.5,8.529999732971191,8.5,8.510000228881836,413000
2026-03-31 14:10:00+00:00,MGLU3.SA,8.510000228881836,8.520000457763672,8.5,8.5,105200
2026-03-31 14:15:00+00:00,MGLU3.SA,8.510000228881836,8.510000228881836,8.470000267028809,8.489999771118164,214800
2026-03-31 14:20:00+00:00,MGLU3.SA,8.489999771118164,8.489999771118164,8.449999809265137,8.489999771118164,467700
2026-03-31 14:25:00+00:00,MGLU3.SA,8.479999542236328,8.5,8.470000267028809,8.489999771118164,152600
2026-03-31 14:30:00+00:00,MGLU3.SA,8.5,8.510000228881836,8.489999771118164,8.489999771118164,255600
2026-03-31 14:35:00+00:00,MGLU3.SA,8.489999771118164,8.5,8.430000305175781,8.4399995803833,244700
2026-03-31 14:40:00+00:00,MGLU3.SA,8.430000305175781,8.449999809265137,8.399999618530273,8.40999984741211,242900
2026-03-31 14:45:00+00:00,MGLU3.SA,8.40999984741211,8.420000076293945,8.390000343322754,8.399999618530273,281500
2026-03-31 14:50:00+00:00,MGLU3.SA,8.399999618530273,8.420000076293945,8.390000343322754,8.40999984741211,146900
2026-03-31 14:55:00+00:00,MGLU3.SA,8.399999618530273,8.40999984741211,8.380000114440918,8.399999618530273,110400
2026-03-31 15:00:00+00:00,MGLU3.SA,8.40999984741211,8.420000076293945,8.399999618530273,8.40999984741211,252200
2026-03-31 15:05:00+00:00,MGLU3.SA,8.420000076293945,8.520000457763672,8.40999984741211,8.460000038146973,674000
2026-03-31 15:10:00+00:00,MGLU3.SA,8.470000267028809,8.489999771118164,8.460000038146973,8.470000267028809,192800
2026-03-31 15:15:00+00:00,MGLU3.SA,8.479999542236328,8.479999542236328,8.460000038146973,8.460000038146973,127600
2026-03-31 15:20:00+00:00,MGLU3.SA,8.470000267028809,8.470000267028809,8.420000076293945,8.449999809265137,134200
2026-03-31 15:25:00+00:00,MGLU3.SA,8.449999809265137,8.449999809265137,8.420000076293945,8.430000305175781,140100
2026-03-31 15:30:00+00:00,MGLU3.SA,8.430000305175781,8.4399995803833,8.420000076293945,8.4399995803833,79000
2026-03-31 15:35:00+00:00,MGLU3.SA,8.430000305175781,8.460000038146973,8.430000305175781,8.460000038146973,51300
2026-03-31 15:40:00+00:00,MGLU3.SA,8.460000038146973,8.460000038146973,8.420000076293945,8.430000305175781,117000
2026-03-31 15:45:00+00:00,MGLU3.SA,8.4399995803833,8.479999542236328,8.4399995803833,8.470000267028809,166600
2026-03-31 15:50:00+00:00,MGLU3.SA,8.470000267028809,8.479999542236328,8.4399995803833,8.449999809265137,90000
2026-03-31 15:55:00+00:00,MGLU3.SA,8.449999809265137,8.460000038146973,8.430000305175781,8.460000038146973,105200
2026-03-31 16:00:00+00:00,MGLU3.SA,8.460000038146973,8.489999771118164,8.4399995803833,8.479999542236328,476700
2026-03-31 16:05:00+00:00,MGLU3.SA,8.479999542236328,8.489999771118164,8.470000267028809,8.479999542236328,77000
2026-03-31 16:10:00+00:00,MGLU3.SA,8.479999542236328,8.479999542236328,8.4399995803833,8.460000038146973,77000
2026-03-31 16:15:00+00:00,MGLU3.SA,8.460000038146973,8.470000267028809,8.449999809265137,8.470000267028809,14900
2026-03-31 16:20:00+00:00,MGLU3.SA,8.470000267028809,8.479999542236328,8.449999809265137,8.479999542236328,89700
2026-03-31 16:25:00+00:00,MGLU3.SA,8.470000267028809,8.479999542236328,8.470000267028809,8.470000267028809,55500
2026-03-31 16:30:00+00:00,MGLU3.SA,8.470000267028809,8.479999542236328,8.460000038146973,8.460000038146973,52200
2026-03-31 16:35:00+00:00,MGLU3.SA,8.470000267028809,8.529999732971191,8.460000038146973,8.520000457763672,468500
2026-03-31 16:40:00+00:00,MGLU3.SA,8.520000457763672,8.600000381469727,8.520000457763672,8.550000190734863,1109200
2026-03-31 16:45:00+00:00,MGLU3.SA,8.550000190734863,8.569999694824219,8.520000457763672,8.5600004196167,253300
2026-03-31 16:50:00+00:00,MGLU3.SA,8.569999694824219,8.619999885559082,8.569999694824219,8.609999656677246,381800
2026-03-31 16:55:00+00:00,MGLU3.SA,8.609999656677246,8.619999885559082,8.59000015258789,8.609999656677246,368900
2026-03-31 17:00:00+00:00,MGLU3.SA,8.619999885559082,8.699999809265137,8.609999656677246,8.670000076293945,567600
2026-03-31 17:05:00+00:00,MGLU3.SA,8.670000076293945,8.720000267028809,8.65999984741211,8.699999809265137,581400
2026-03-31 17:10:00+00:00,MGLU3.SA,8.699999809265137,8.75,8.6899995803833,8.75,395900
2026-03-31 17:15:00+00:00,MGLU3.SA,8.75,8.779999732971191,8.670000076293945,8.770000457763672,914100
2026-03-31 17:20:00+00:00,MGLU3.SA,8.760000228881836,8.779999732971191,8.739999771118164,8.75,270700
2026-03-31 17:25:00+00:00,MGLU3.SA,8.75,8.760000228881836,8.720000267028809,8.75,389000
2026-03-31 17:30:00+00:00,MGLU3.SA,8.75,8.829999923706055,8.739999771118164,8.829999923706055,655500
2026-03-31 17:35:00+00:00,MGLU3.SA,8.829999923706055,8.850000381469727,8.789999961853027,8.800000190734863,352700
2026-03-31 17:40:00+00:00,MGLU3.SA,8.8100004196167,8.819999694824219,8.789999961853027,8.800000190734863,284500
2026-03-31 17:45:00+00:00,MGLU3.SA,8.800000190734863,8.800000190734863,8.779999732971191,8.779999732971191,157200
2026-03-31 17:50:00+00:00,MGLU3.SA,8.789999961853027,8.819999694824219,8.770000457763672,8.779999732971191,330800
2026-03-31 17:55:00+00:00,MGLU3.SA,8.779999732971191,8.789999961853027,8.770000457763672,8.789999961853027,138000
2026-03-31 18:00:00+00:00,MGLU3.SA,8.789999961853027,8.8100004196167,8.789999961853027,8.8100004196167,116900
2026-03-31 18:05:00+00:00,MGLU3.SA,8.8100004196167,8.819999694824219,8.779999732971191,8.800000190734863,168600
2026-03-31 18:10:00+00:00,MGLU3.SA,8.8100004196167,8.8100004196167,8.789999961853027,8.789999961853027,92200
2026-03-31 18:15:00+00:00,MGLU3.SA,8.800000190734863,8.8100004196167,8.789999961853027,8.800000190734863,123800
2026-03-31 18:20:00+00:00,MGLU3.SA,8.8100004196167,8.8100004196167,8.789999961853027,8.789999961853027,99100
2026-03-31 18:25:00+00:00,MGLU3.SA,8.789999961853027,8.800000190734863,8.760000228881836,8.789999961853027,215400
2026-03-31 18:30:00+00:00,MGLU3.SA,8.800000190734863,8.800000190734863,8.760000228881836,8.760000228881836,110700
2026-03-31 18:35:00+00:00,MGLU3.SA,8.760000228881836,8.779999732971191,8.760000228881836,8.760000228881836,147100
2026-03-31 18:40:00+00:00,MGLU3.SA,8.770000457763672,8.779999732971191,8.760000228881836,8.770000457763672,96800
2026-03-31 18:45:00+00:00,MGLU3.SA,8.779999732971191,8.779999732971191,8.739999771118164,8.75,226800
2026-03-31 18:50:00+00:00,MGLU3.SA,8.75,8.760000228881836,8.739999771118164,8.75,76400
2026-03-31 18:55:00+00:00,MGLU3.SA,8.75,8.760000228881836,8.739999771118164,8.739999771118164,84800
2026-03-31 19:00:00+00:00,MGLU3.SA,8.75,8.779999732971191,8.75,8.770000457763672,232800
2026-03-31 19:05:00+00:00,MGLU3.SA,8.770000457763672,8.779999732971191,8.739999771118164,8.75,120500
2026-03-31 19:10:00+00:00,MGLU3.SA,8.739999771118164,8.760000228881836,8.739999771118164,8.75,56000
2026-03-31 19:15:00+00:00,MGLU3.SA,8.760000228881836,8.770000457763672,8.75,8.760000228881836,2121800
2026-03-31 19:20:00+00:00,MGLU3.SA,8.760000228881836,8.760000228881836,8.739999771118164,8.739999771118164,104700
2026-03-31 19:25:00+00:00,MGLU3.SA,8.739999771118164,8.760000228881836,8.739999771118164,8.75,215000
2026-03-31 19:30:00+00:00,MGLU3.SA,8.75,8.770000457763672,8.710000038146973,8.720000267028809,296200
2026-03-31 19:35:00+00:00,MGLU3.SA,8.720000267028809,8.729999542236328,8.699999809265137,8.720000267028809,236200
2026-03-31 19:40:00+00:00,MGLU3.SA,8.720000267028809,8.739999771118164,8.699999809265137,8.729999542236328,426400
2026-03-31 19:45:00+00:00,MGLU3.SA,8.729999542236328,8.760000228881836,8.720000267028809,8.75,783300
2026-03-31 19:50:00+00:00,MGLU3.SA,8.75,8.760000228881836,8.720000267028809,8.739999771118164,593800
2026-04-01 13:00:00+00:00,MGLU3.SA,8.8100004196167,8.930000305175781,8.800000190734863,8.920000076293945,0
2026-04-01 13:05:00+00:00,MGLU3.SA,8.90999984741211,8.949999809265137,8.859999656677246,8.899999618530273,638500
2026-04-01 13:10:00+00:00,MGLU3.SA,8.890000343322754,8.920000076293945,8.84000015258789,8.859999656677246,451000
2026-04-01 13:15:00+00:00,MGLU3.SA,8.850000381469727,8.890000343322754,8.819999694824219,8.869999885559082,294400
2026-04-01 13:20:00+00:00,MGLU3.SA,8.869999885559082,8.869999885559082,8.819999694824219,8.850000381469727,384100
2026-04-01 13:25:00+00:00,MGLU3.SA,8.850000381469727,8.960000038146973,8.850000381469727,8.920000076293945,858100
2026-04-01 13:30:00+00:00,MGLU3.SA,8.920000076293945,8.989999771118164,8.90999984741211,8.960000038146973,388500
2026-04-01 13:35:00+00:00,MGLU3.SA,8.970000267028809,9.010000228881836,8.9399995803833,9.0,542000
2026-04-01 13:40:00+00:00,MGLU3.SA,9.0,9.0,8.90999984741211,8.90999984741211,294800
2026-04-01 13:45:00+00:00,MGLU3.SA,8.920000076293945,8.930000305175781,8.819999694824219,8.829999923706055,514100
2026-04-01 13:50:00+00:00,MGLU3.SA,8.829999923706055,8.859999656677246,8.8100004196167,8.84000015258789,190900
2026-04-01 13:55:00+00:00,MGLU3.SA,8.84000015258789,8.859999656677246,8.819999694824219,8.819999694824219,244100
2026-04-01 14:00:00+00:00,MGLU3.SA,8.819999694824219,8.890000343322754,8.819999694824219,8.859999656677246,344400
2026-04-01 14:05:00+00:00,MGLU3.SA,8.869999885559082,8.90999984741211,8.869999885559082,8.890000343322754,209700
2026-04-01 14:10:00+00:00,MGLU3.SA,8.880000114440918,8.899999618530273,8.869999885559082,8.880000114440918,141600
2026-04-01 14:15:00+00:00,MGLU3.SA,8.880000114440918,8.899999618530273,8.850000381469727,8.899999618530273,134200
2026-04-01 14:20:00+00:00,MGLU3.SA,8.890000343322754,8.899999618530273,8.850000381469727,8.859999656677246,98400
2026-04-01 14:25:00+00:00,MGLU3.SA,8.859999656677246,8.869999885559082,8.84000015258789,8.859999656677246,182400
2026-04-01 14:30:00+00:00,MGLU3.SA,8.859999656677246,8.890000343322754,8.859999656677246,8.869999885559082,107800
2026-04-01 14:35:00+00:00,MGLU3.SA,8.869999885559082,8.90999984741211,8.84000015258789,8.880000114440918,154000
2026-04-01 14:40:00+00:00,MGLU3.SA,8.880000114440918,8.920000076293945,8.869999885559082,8.90999984741211,96900
2026-04-01 14:45:00+00:00,MGLU3.SA,8.90999984741211,8.949999809265137,8.890000343322754,8.930000305175781,137400
2026-04-01 14:50:00+00:00,MGLU3.SA,8.9399995803833,8.949999809265137,8.930000305175781,8.9399995803833,78400
2026-04-01 14:55:00+00:00,MGLU3.SA,8.9399995803833,8.9399995803833,8.920000076293945,8.9399995803833,84200
2026-04-01 15:00:00+00:00,MGLU3.SA,8.9399995803833,8.960000038146973,8.930000305175781,8.9399995803833,139900
2026-04-01 15:05:00+00:00,MGLU3.SA,8.9399995803833,8.960000038146973,8.930000305175781,8.949999809265137,90100
2026-04-01 15:10:00+00:00,MGLU3.SA,8.960000038146973,8.989999771118164,8.9399995803833,8.979999542236328,225400
2026-04-01 15:15:00+00:00,MGLU3.SA,8.989999771118164,9.010000228881836,8.970000267028809,8.989999771118164,323800
2026-04-01 15:20:00+00:00,MGLU3.SA,8.989999771118164,9.0,8.979999542236328,8.979999542236328,62500
2026-04-01 15:25:00+00:00,MGLU3.SA,8.970000267028809,8.979999542236328,8.960000038146973,8.970000267028809,126600
2026-04-01 15:30:00+00:00,MGLU3.SA,8.960000038146973,8.979999542236328,8.960000038146973,8.979999542236328,64600
2026-04-01 15:35:00+00:00,MGLU3.SA,8.979999542236328,8.989999771118164,8.970000267028809,8.970000267028809,58100
2026-04-01 15:40:00+00:00,MGLU3.SA,8.979999542236328,8.989999771118164,8.960000038146973,8.989999771118164,57600
2026-04-01 15:45:00+00:00,MGLU3.SA,8.989999771118164,8.989999771118164,8.979999542236328,8.979999542236328,35300
2026-04-01 15:50:00+00:00,MGLU3.SA,8.979999542236328,8.989999771118164,8.979999542236328,8.989999771118164,28100
2026-04-01 15:55:00+00:00,MGLU3.SA,8.989999771118164,9.020000457763672,8.989999771118164,9.0,232300
2026-04-01 16:00:00+00:00,MGLU3.SA,8.989999771118164,9.0,8.979999542236328,8.989999771118164,82500
2026-04-01 16:05:00+00:00,MGLU3.SA,8.989999771118164,9.0,8.979999542236328,8.989999771118164,37700
2026-04-01 16:10:00+00:00,MGLU3.SA,9.0,9.0,8.970000267028809,8.989999771118164,50200
2026-04-01 16:15:00+00:00,MGLU3.SA,8.979999542236328,8.989999771118164,8.970000267028809,8.979999542236328,46000
2026-04-01 16:20:00+00:00,MGLU3.SA,8.979999542236328,8.979999542236328,8.970000267028809,8.979999542236328,28100
2026-04-01 16:25:00+00:00,MGLU3.SA,8.970000267028809,8.979999542236328,8.90999984741211,8.90999984741211,281700
2026-04-01 16:30:00+00:00,MGLU3.SA,8.920000076293945,8.970000267028809,8.90999984741211,8.949999809265137,147600
2026-04-01 16:35:00+00:00,MGLU3.SA,8.960000038146973,8.989999771118164,8.960000038146973,8.979999542236328,85800
2026-04-01 16:40:00+00:00,MGLU3.SA,8.970000267028809,8.989999771118164,8.960000038146973,8.979999542236328,59800
2026-04-01 16:45:00+00:00,MGLU3.SA,8.979999542236328,8.979999542236328,8.949999809265137,8.970000267028809,60200
2026-04-01 16:50:00+00:00,MGLU3.SA,8.970000267028809,8.970000267028809,8.949999809265137,8.949999809265137,53900
2026-04-01 16:55:00+00:00,MGLU3.SA,8.949999809265137,8.970000267028809,8.949999809265137,8.960000038146973,31500
2026-04-01 17:00:00+00:00,MGLU3.SA,8.949999809265137,8.960000038146973,8.949999809265137,8.960000038146973,40100
2026-04-01 17:05:00+00:00,MGLU3.SA,8.960000038146973,8.970000267028809,8.949999809265137,8.949999809265137,110400
2026-04-01 17:10:00+00:00,MGLU3.SA,8.960000038146973,8.960000038146973,8.9399995803833,8.9399995803833,45500
2026-04-01 17:15:00+00:00,MGLU3.SA,8.949999809265137,8.949999809265137,8.920000076293945,8.9399995803833,81500
2026-04-01 17:20:00+00:00,MGLU3.SA,8.930000305175781,8.9399995803833,8.920000076293945,8.930000305175781,72900
2026-04-01 17:25:00+00:00,MGLU3.SA,8.920000076293945,8.930000305175781,8.90999984741211,8.920000076293945,91000
2026-04-01 17:30:00+00:00,MGLU3.SA,8.90999984741211,8.920000076293945,8.899999618530273,8.90999984741211,113200
2026-04-01 17:35:00+00:00,MGLU3.SA,8.90999984741211,8.90999984741211,8.869999885559082,8.880000114440918,173200
2026-04-01 17:40:00+00:00,MGLU3.SA,8.880000114440918,8.890000343322754,8.869999885559082,8.890000343322754,61800
2026-04-01 17:45:00+00:00,MGLU3.SA,8.890000343322754,8.890000343322754,8.880000114440918,8.890000343322754,36800
2026-04-01 17:50:00+00:00,MGLU3.SA,8.890000343322754,8.899999618530273,8.880000114440918,8.890000343322754,80900
2026-04-01 17:55:00+00:00,MGLU3.SA,8.890000343322754,8.890000343322754,8.84000015258789,8.84000015258789,253300
2026-04-01 18:00:00+00:00,MGLU3.SA,8.850000381469727,8.850000381469727,8.800000190734863,8.800000190734863,491200
2026-04-01 18:05:00+00:00,MGLU3.SA,8.8100004196167,8.829999923706055,8.770000457763672,8.789999961853027,448200
2026-04-01 18:10:00+00:00,MGLU3.SA,8.779999732971191,8.789999961853027,8.770000457763672,8.779999732971191,88100
2026-04-01 18:15:00+00:00,MGLU3.SA,8.770000457763672,8.779999732971191,8.75,8.770000457763672,186600
2026-04-01 18:20:00+00:00,MGLU3.SA,8.770000457763672,8.779999732971191,8.75,8.760000228881836,138400
2026-04-01 18:25:00+00:00,MGLU3.SA,8.760000228881836,8.779999732971191,8.75,8.770000457763672,105900
2026-04-01 18:30:00+00:00,MGLU3.SA,8.760000228881836,8.800000190734863,8.760000228881836,8.779999732971191,186300
2026-04-01 18:35:00+00:00,MGLU3.SA,8.779999732971191,8.779999732971191,8.75,8.779999732971191,140800
2026-04-01 18:40:00+00:00,MGLU3.SA,8.770000457763672,8.829999923706055,8.760000228881836,8.779999732971191,385000
2026-04-01 18:45:00+00:00,MGLU3.SA,8.779999732971191,8.8100004196167,8.760000228881836,8.789999961853027,176100
2026-04-01 18:50:00+00:00,MGLU3.SA,8.789999961853027,8.8100004196167,8.779999732971191,8.800000190734863,139000
2026-04-01 18:55:00+00:00,MGLU3.SA,8.800000190734863,8.800000190734863,8.760000228881836,8.760000228881836,168300
2026-04-01 19:00:00+00:00,MGLU3.SA,8.760000228881836,8.760000228881836,8.720000267028809,8.729999542236328,209300
2026-04-01 19:05:00+00:00,MGLU3.SA,8.729999542236328,8.760000228881836,8.729999542236328,8.75,95800
2026-04-01 19:10:00+00:00,MGLU3.SA,8.75,8.770000457763672,8.75,8.760000228881836,87900
2026-04-01 19:15:00+00:00,MGLU3.SA,8.760000228881836,8.779999732971191,8.760000228881836,8.770000457763672,68000
2026-04-01 19:20:00+00:00,MGLU3.SA,8.760000228881836,8.850000381469727,8.760000228881836,8.84000015258789,484400
2026-04-01 19:25:00+00:00,MGLU3.SA,8.84000015258789,8.850000381469727,8.819999694824219,8.829999923706055,110400
2026-04-01 19:30:00+00:00,MGLU3.SA,8.829999923706055,8.850000381469727,8.829999923706055,8.84000015258789,247300
2026-04-01 19:35:00+00:00,MGLU3.SA,8.84000015258789,8.859999656677246,8.84000015258789,8.859999656677246,155100
2026-04-01 19:40:00+00:00,MGLU3.SA,8.850000381469727,8.90999984741211,8.850000381469727,8.899999618530273,3464700
2026-04-01 19:45:00+00:00,MGLU3.SA,8.899999618530273,8.920000076293945,8.869999885559082,8.890000343322754,211100
2026-04-01 19:50:00+00:00,MGLU3.SA,8.880000114440918,8.899999618530273,8.850000381469727,8.850000381469727,217300
2026-04-02 13:05:00+00:00,MGLU3.SA,8.59000015258789,8.600000381469727,8.5,8.5,0
2026-04-02 13:10:00+00:00,MGLU3.SA,8.520000457763672,8.5600004196167,8.460000038146973,8.510000228881836,889200
2026-04-02 13:15:00+00:00,MGLU3.SA,8.520000457763672,8.529999732971191,8.449999809265137,8.479999542236328,355900
2026-04-02 13:20:00+00:00,MGLU3.SA,8.479999542236328,8.550000190734863,8.479999542236328,8.510000228881836,238200
2026-04-02 13:25:00+00:00,MGLU3.SA,8.510000228881836,8.539999961853027,8.5,8.510000228881836,331400
2026-04-02 13:30:00+00:00,MGLU3.SA,8.510000228881836,8.539999961853027,8.510000228881836,8.529999732971191,68000
2026-04-02 13:35:00+00:00,MGLU3.SA,8.520000457763672,8.520000457763672,8.489999771118164,8.489999771118164,215100
2026-04-02 13:40:00+00:00,MGLU3.SA,8.489999771118164,8.520000457763672,8.489999771118164,8.489999771118164,208000
2026-04-02 13:45:00+00:00,MGLU3.SA,8.5,8.529999732971191,8.489999771118164,8.529999732971191,110000
2026-04-02 13:50:00+00:00,MGLU3.SA,8.529999732971191,8.579999923706055,8.529999732971191,8.579999923706055,382500
2026-04-02 13:55:00+00:00,MGLU3.SA,8.569999694824219,8.600000381469727,8.539999961853027,8.579999923706055,380800
2026-04-02 14:00:00+00:00,MGLU3.SA,8.579999923706055,8.600000381469727,8.569999694824219,8.59000015258789,111500
2026-04-02 14:05:00+00:00,MGLU3.SA,8.59000015258789,8.600000381469727,8.569999694824219,8.59000015258789,199000
2026-04-02 14:10:00+00:00,MGLU3.SA,8.59000015258789,8.630000114440918,8.579999923706055,8.619999885559082,426200
2026-04-02 14:15:00+00:00,MGLU3.SA,8.619999885559082,8.720000267028809,8.619999885559082,8.699999809265137,491400
2026-04-02 14:20:00+00:00,MGLU3.SA,8.699999809265137,8.710000038146973,8.680000305175781,8.680000305175781,237600
2026-04-02 14:25:00+00:00,MGLU3.SA,8.680000305175781,8.6899995803833,8.649999618530273,8.670000076293945,190000
2026-04-02 14:30:00+00:00,MGLU3.SA,8.65999984741211,8.739999771118164,8.65999984741211,8.729999542236328,322700
2026-04-02 14:35:00+00:00,MGLU3.SA,8.729999542236328,8.880000114440918,8.729999542236328,8.819999694824219,930000
2026-04-02 14:40:00+00:00,MGLU3.SA,8.829999923706055,8.869999885559082,8.800000190734863,8.8100004196167,312800
2026-04-02 14:45:00+00:00,MGLU3.SA,8.800000190734863,8.8100004196167,8.75,8.75,274400
2026-04-02 14:50:00+00:00,MGLU3.SA,8.75,8.789999961853027,8.729999542236328,8.779999732971191,190100
2026-04-02 14:55:00+00:00,MGLU3.SA,8.779999732971191,8.819999694824219,8.770000457763672,8.8100004196167,125300
2026-04-02 15:00:00+00:00,MGLU3.SA,8.8100004196167,8.829999923706055,8.779999732971191,8.829999923706055,231500
2026-04-02 15:05:00+00:00,MGLU3.SA,8.819999694824219,8.84000015258789,8.819999694824219,8.84000015258789,140600
2026-04-02 15:10:00+00:00,MGLU3.SA,8.84000015258789,8.859999656677246,8.819999694824219,8.829999923706055,159300
2026-04-02 15:15:00+00:00,MGLU3.SA,8.829999923706055,8.880000114440918,8.800000190734863,8.829999923706055,285900
2026-04-02 15:20:00+00:00,MGLU3.SA,8.829999923706055,8.829999923706055,8.789999961853027,8.800000190734863,179900
2026-04-02 15:25:00+00:00,MGLU3.SA,8.800000190734863,8.829999923706055,8.789999961853027,8.819999694824219,138100
2026-04-02 15:30:00+00:00,MGLU3.SA,8.819999694824219,8.829999923706055,8.8100004196167,8.819999694824219,74500
2026-04-02 15:35:00+00:00,MGLU3.SA,8.819999694824219,8.84000015258789,8.8100004196167,8.819999694824219,58500
2026-04-02 15:40:00+00:00,MGLU3.SA,8.829999923706055,8.829999923706055,8.779999732971191,8.800000190734863,95500
2026-04-02 15:45:00+00:00,MGLU3.SA,8.789999961853027,8.789999961853027,8.75,8.75,182000
2026-04-02 15:50:00+00:00,MGLU3.SA,8.75,8.770000457763672,8.75,8.760000228881836,111300
2026-04-02 15:55:00+00:00,MGLU3.SA,8.760000228881836,8.770000457763672,8.760000228881836,8.770000457763672,68100
2026-04-02 16:00:00+00:00,MGLU3.SA,8.770000457763672,8.789999961853027,8.760000228881836,8.770000457763672,67300
2026-04-02 16:05:00+00:00,MGLU3.SA,8.760000228881836,8.789999961853027,8.760000228881836,8.779999732971191,79500
2026-04-02 16:10:00+00:00,MGLU3.SA,8.779999732971191,8.779999732971191,8.760000228881836,8.770000457763672,24400
2026-04-02 16:15:00+00:00,MGLU3.SA,8.760000228881836,8.779999732971191,8.720000267028809,8.739999771118164,285000
2026-04-02 16:20:00+00:00,MGLU3.SA,8.729999542236328,8.739999771118164,8.710000038146973,8.720000267028809,135400
2026-04-02 16:25:00+00:00,MGLU3.SA,8.710000038146973,8.729999542236328,8.710000038146973,8.720000267028809,78300
2026-04-02 16:30:00+00:00,MGLU3.SA,8.720000267028809,8.770000457763672,8.710000038146973,8.760000228881836,107500
2026-04-02 16:35:00+00:00,MGLU3.SA,8.760000228881836,8.760000228881836,8.729999542236328,8.75,91200
2026-04-02 16:40:00+00:00,MGLU3.SA,8.739999771118164,8.770000457763672,8.739999771118164,8.770000457763672,58700
2026-04-02 16:45:00+00:00,MGLU3.SA,8.760000228881836,8.770000457763672,8.75,8.75,54600
2026-04-02 16:50:00+00:00,MGLU3.SA,8.760000228881836,8.770000457763672,8.75,8.75,34300
2026-04-02 16:55:00+00:00,MGLU3.SA,8.760000228881836,8.760000228881836,8.729999542236328,8.739999771118164,83800
2026-04-02 17:00:00+00:00,MGLU3.SA,8.739999771118164,8.760000228881836,8.729999542236328,8.760000228881836,60400
2026-04-02 17:05:00+00:00,MGLU3.SA,8.75,8.760000228881836,8.75,8.760000228881836,51700
2026-04-02 17:10:00+00:00,MGLU3.SA,8.760000228881836,8.789999961853027,8.75,8.779999732971191,65200
2026-04-02 17:15:00+00:00,MGLU3.SA,8.789999961853027,8.800000190734863,8.770000457763672,8.779999732971191,89900
2026-04-02 17:20:00+00:00,MGLU3.SA,8.779999732971191,8.800000190734863,8.770000457763672,8.789999961853027,41300
2026-04-02 17:25:00+00:00,MGLU3.SA,8.800000190734863,8.800000190734863,8.779999732971191,8.789999961853027,31500
2026-04-02 17:30:00+00:00,MGLU3.SA,8.789999961853027,8.8100004196167,8.770000457763672,8.789999961853027,175100
2026-04-02 17:35:00+00:00,MGLU3.SA,8.789999961853027,8.800000190734863,8.779999732971191,8.789999961853027,71300
2026-04-02 17:40:00+00:00,MGLU3.SA,8.789999961853027,8.789999961853027,8.779999732971191,8.779999732971191,34800
2026-04-02 17:45:00+00:00,MGLU3.SA,8.789999961853027,8.800000190734863,8.760000228881836,8.770000457763672,76300
2026-04-02 17:50:00+00:00,MGLU3.SA,8.770000457763672,8.779999732971191,8.760000228881836,8.779999732971191,50000
2026-04-02 17:55:00+00:00,MGLU3.SA,8.779999732971191,8.8100004196167,8.779999732971191,8.8100004196167,99000
2026-04-02 18:00:00+00:00,MGLU3.SA,8.800000190734863,8.819999694824219,8.779999732971191,8.800000190734863,188500
2026-04-02 18:05:00+00:00,MGLU3.SA,8.800000190734863,8.800000190734863,8.760000228881836,8.779999732971191,112500
2026-04-02 18:10:00+00:00,MGLU3.SA,8.789999961853027,8.800000190734863,8.770000457763672,8.789999961853027,67300
2026-04-02 18:15:00+00:00,MGLU3.SA,8.789999961853027,8.789999961853027,8.75,8.770000457763672,33400
2026-04-02 18:20:00+00:00,MGLU3.SA,8.770000457763672,8.779999732971191,8.760000228881836,8.760000228881836,37900
2026-04-02 18:25:00+00:00,MGLU3.SA,8.770000457763672,8.779999732971191,8.760000228881836,8.779999732971191,38100
2026-04-02 18:30:00+00:00,MGLU3.SA,8.770000457763672,8.770000457763672,8.75,8.75,73000
2026-04-02 18:35:00+00:00,MGLU3.SA,8.760000228881836,8.779999732971191,8.75,8.75,94700
2026-04-02 18:40:00+00:00,MGLU3.SA,8.760000228881836,8.779999732971191,8.75,8.770000457763672,59900
2026-04-02 18:45:00+00:00,MGLU3.SA,8.770000457763672,8.779999732971191,8.760000228881836,8.779999732971191,42900
2026-04-02 18:50:00+00:00,MGLU3.SA,8.770000457763672,8.789999961853027,8.770000457763672,8.789999961853027,41300
2026-04-02 18:55:00+00:00,MGLU3.SA,8.789999961853027,8.789999961853027,8.760000228881836,8.770000457763672,44100
2026-04-02 19:00:00+00:00,MGLU3.SA,8.760000228881836,8.779999732971191,8.75,8.760000228881836,104800
2026-04-02 19:05:00+00:00,MGLU3.SA,8.760000228881836,8.779999732971191,8.760000228881836,8.779999732971191,49100
2026-04-02 19:10:00+00:00,MGLU3.SA,8.770000457763672,8.779999732971191,8.760000228881836,8.770000457763672,67800
2026-04-02 19:15:00+00:00,MGLU3.SA,8.779999732971191,8.779999732971191,8.760000228881836,8.779999732971191,94500
2026-04-02 19:20:00+00:00,MGLU3.SA,8.779999732971191,8.779999732971191,8.760000228881836,8.770000457763672,231300
2026-04-02 19:25:00+00:00,MGLU3.SA,8.779999732971191,8.779999732971191,8.760000228881836,8.779999732971191,100700
2026-04-02 19:30:00+00:00,MGLU3.SA,8.770000457763672,8.779999732971191,8.760000228881836,8.779999732971191,81400
2026-04-02 19:35:00+00:00,MGLU3.SA,8.770000457763672,8.789999961853027,8.770000457763672,8.789999961853027,116200
2026-04-02 19:40:00+00:00,MGLU3.SA,8.779999732971191,8.789999961853027,8.75,8.760000228881836,349700
2026-04-02 19:45:00+00:00,MGLU3.SA,8.760000228881836,8.770000457763672,8.729999542236328,8.739999771118164,223600
2026-04-02 19:50:00+00:00,MGLU3.SA,8.75,8.760000228881836,8.699999809265137,8.729999542236328,506500
2026-04-06 13:05:00+00:00,MGLU3.SA,8.800000190734863,8.850000381469727,8.800000190734863,8.850000381469727,92700
2026-04-06 13:10:00+00:00,MGLU3.SA,8.859999656677246,8.9399995803833,8.779999732971191,8.90999984741211,565600
2026-04-06 13:15:00+00:00,MGLU3.SA,8.90999984741211,8.90999984741211,8.819999694824219,8.819999694824219,269700
2026-04-06 13:20:00+00:00,MGLU3.SA,8.8100004196167,8.84000015258789,8.800000190734863,8.8100004196167,165000
2026-04-06 13:25:00+00:00,MGLU3.SA,8.8100004196167,8.850000381469727,8.800000190734863,8.829999923706055,105000
2026-04-06 13:30:00+00:00,MGLU3.SA,8.850000381469727,8.890000343322754,8.829999923706055,8.859999656677246,394700
2026-04-06 13:35:00+00:00,MGLU3.SA,8.859999656677246,8.890000343322754,8.829999923706055,8.869999885559082,184200
2026-04-06 13:40:00+00:00,MGLU3.SA,8.859999656677246,8.869999885559082,8.84000015258789,8.850000381469727,117600
2026-04-06 13:45:00+00:00,MGLU3.SA,8.850000381469727,8.920000076293945,8.84000015258789,8.90999984741211,589300
2026-04-06 13:50:00+00:00,MGLU3.SA,8.920000076293945,8.949999809265137,8.899999618530273,8.949999809265137,497800
2026-04-06 13:55:00+00:00,MGLU3.SA,8.960000038146973,8.989999771118164,8.949999809265137,8.989999771118164,626200
2026-04-06 14:00:00+00:00,MGLU3.SA,8.979999542236328,9.010000228881836,8.930000305175781,8.949999809265137,452400
2026-04-06 14:05:00+00:00,MGLU3.SA,8.949999809265137,8.979999542236328,8.920000076293945,8.930000305175781,165400
2026-04-06 14:10:00+00:00,MGLU3.SA,8.9399995803833,8.960000038146973,8.920000076293945,8.960000038146973,89600
2026-04-06 14:15:00+00:00,MGLU3.SA,8.970000267028809,8.970000267028809,8.930000305175781,8.9399995803833,125200
2026-04-06 14:20:00+00:00,MGLU3.SA,8.9399995803833,8.949999809265137,8.930000305175781,8.9399995803833,111600
2026-04-06 14:25:00+00:00,MGLU3.SA,8.9399995803833,8.9399995803833,8.869999885559082,8.899999618530273,291000
2026-04-06 14:30:00+00:00,MGLU3.SA,8.90999984741211,8.920000076293945,8.859999656677246,8.869999885559082,290300
2026-04-06 14:35:00+00:00,MGLU3.SA,8.880000114440918,8.890000343322754,8.819999694824219,8.829999923706055,388300
2026-04-06 14:40:00+00:00,MGLU3.SA,8.829999923706055,8.890000343322754,8.819999694824219,8.859999656677246,243700
2026-04-06 14:45:00+00:00,MGLU3.SA,8.859999656677246,8.859999656677246,8.829999923706055,8.829999923706055,101300
2026-04-06 14:50:00+00:00,MGLU3.SA,8.829999923706055,8.84000015258789,8.8100004196167,8.819999694824219,137200
2026-04-06 14:55:00+00:00,MGLU3.SA,8.819999694824219,8.819999694824219,8.760000228881836,8.760000228881836,336900
2026-04-06 15:00:00+00:00,MGLU3.SA,8.75,8.770000457763672,8.729999542236328,8.739999771118164,207800
2026-04-06 15:05:00+00:00,MGLU3.SA,8.739999771118164,8.770000457763672,8.720000267028809,8.770000457763672,277100
2026-04-06 15:10:00+00:00,MGLU3.SA,8.770000457763672,8.779999732971191,8.720000267028809,8.729999542236328,219000
2026-04-06 15:15:00+00:00,MGLU3.SA,8.739999771118164,8.770000457763672,8.729999542236328,8.75,115300
2026-04-06 15:20:00+00:00,MGLU3.SA,8.75,8.789999961853027,8.75,8.779999732971191,244500
2026-04-06 15:25:00+00:00,MGLU3.SA,8.770000457763672,8.779999732971191,8.760000228881836,8.770000457763672,34900
2026-04-06 15:30:00+00:00,MGLU3.SA,8.770000457763672,8.779999732971191,8.75,8.760000228881836,57100
2026-04-06 15:35:00+00:00,MGLU3.SA,8.760000228881836,8.760000228881836,8.729999542236328,8.75,69300
2026-04-06 15:40:00+00:00,MGLU3.SA,8.75,8.770000457763672,8.739999771118164,8.760000228881836,91200
2026-04-06 15:45:00+00:00,MGLU3.SA,8.760000228881836,8.770000457763672,8.739999771118164,8.75,161000
2026-04-06 15:50:00+00:00,MGLU3.SA,8.75,8.779999732971191,8.739999771118164,8.739999771118164,117300
2026-04-06 15:55:00+00:00,MGLU3.SA,8.75,8.75,8.729999542236328,8.739999771118164,102600
2026-04-06 16:00:00+00:00,MGLU3.SA,8.739999771118164,8.760000228881836,8.729999542236328,8.760000228881836,52600
2026-04-06 16:05:00+00:00,MGLU3.SA,8.75,8.770000457763672,8.739999771118164,8.739999771118164,64900
2026-04-06 16:10:00+00:00,MGLU3.SA,8.729999542236328,8.770000457763672,8.729999542236328,8.760000228881836,67500
2026-04-06 16:15:00+00:00,MGLU3.SA,8.760000228881836,8.760000228881836,8.739999771118164,8.739999771118164,28500
2026-04-06 16:20:00+00:00,MGLU3.SA,8.75,8.760000228881836,8.729999542236328,8.739999771118164,79800
2026-04-06 16:25:00+00:00,MGLU3.SA,8.739999771118164,8.760000228881836,8.729999542236328,8.760000228881836,33600
2026-04-06 16:30:00+00:00,MGLU3.SA,8.760000228881836,8.760000228881836,8.729999542236328,8.75,31900
2026-04-06 16:35:00+00:00,MGLU3.SA,8.75,8.770000457763672,8.739999771118164,8.75,33800
2026-04-06 16:40:00+00:00,MGLU3.SA,8.760000228881836,8.770000457763672,8.75,8.760000228881836,43000
2026-04-06 16:45:00+00:00,MGLU3.SA,8.770000457763672,8.770000457763672,8.75,8.760000228881836,25200
2026-04-06 16:50:00+00:00,MGLU3.SA,8.770000457763672,8.789999961853027,8.760000228881836,8.770000457763672,106300
2026-04-06 16:55:00+00:00,MGLU3.SA,8.770000457763672,8.770000457763672,8.760000228881836,8.770000457763672,29600
2026-04-06 17:00:00+00:00,MGLU3.SA,8.770000457763672,8.770000457763672,8.729999542236328,8.760000228881836,91300
2026-04-06 17:05:00+00:00,MGLU3.SA,8.75,8.760000228881836,8.729999542236328,8.739999771118164,89800
2026-04-06 17:10:00+00:00,MGLU3.SA,8.729999542236328,8.739999771118164,8.710000038146973,8.720000267028809,115200
2026-04-06 17:15:00+00:00,MGLU3.SA,8.720000267028809,8.739999771118164,8.720000267028809,8.729999542236328,11000
2026-04-06 17:20:00+00:00,MGLU3.SA,8.729999542236328,8.75,8.729999542236328,8.739999771118164,75200
2026-04-06 17:25:00+00:00,MGLU3.SA,8.75,8.75,8.729999542236328,8.739999771118164,7400
2026-04-06 17:30:00+00:00,MGLU3.SA,8.739999771118164,8.75,8.720000267028809,8.739999771118164,77600
2026-04-06 17:35:00+00:00,MGLU3.SA,8.729999542236328,8.75,8.729999542236328,8.729999542236328,31200
2026-04-06 17:40:00+00:00,MGLU3.SA,8.739999771118164,8.739999771118164,8.680000305175781,8.6899995803833,232500
2026-04-06 17:45:00+00:00,MGLU3.SA,8.680000305175781,8.6899995803833,8.670000076293945,8.670000076293945,123600
2026-04-06 17:50:00+00:00,MGLU3.SA,8.680000305175781,8.699999809265137,8.680000305175781,8.6899995803833,57700
2026-04-06 17:55:00+00:00,MGLU3.SA,8.699999809265137,8.710000038146973,8.6899995803833,8.699999809265137,88400
2026-04-06 18:00:00+00:00,MGLU3.SA,8.699999809265137,8.699999809265137,8.65999984741211,8.680000305175781,252800
2026-04-06 18:05:00+00:00,MGLU3.SA,8.680000305175781,8.720000267028809,8.670000076293945,8.710000038146973,196900
2026-04-06 18:10:00+00:00,MGLU3.SA,8.710000038146973,8.760000228881836,8.710000038146973,8.739999771118164,126800
2026-04-06 18:15:00+00:00,MGLU3.SA,8.75,8.760000228881836,8.739999771118164,8.75,134700
2026-04-06 18:20:00+00:00,MGLU3.SA,8.75,8.779999732971191,8.75,8.770000457763672,168000
2026-04-06 18:25:00+00:00,MGLU3.SA,8.760000228881836,8.779999732971191,8.760000228881836,8.760000228881836,59000
2026-04-06 18:30:00+00:00,MGLU3.SA,8.770000457763672,8.779999732971191,8.739999771118164,8.75,84400
2026-04-06 18:35:00+00:00,MGLU3.SA,8.760000228881836,8.779999732971191,8.75,8.75,102100
2026-04-06 18:40:00+00:00,MGLU3.SA,8.75,8.770000457763672,8.739999771118164,8.75,66000
2026-04-06 18:45:00+00:00,MGLU3.SA,8.760000228881836,8.760000228881836,8.739999771118164,8.760000228881836,40200
2026-04-06 18:50:00+00:00,MGLU3.SA,8.75,8.760000228881836,8.75,8.75,22700
2026-04-06 18:55:00+00:00,MGLU3.SA,8.75,8.779999732971191,8.75,8.779999732971191,50700
2026-04-06 19:00:00+00:00,MGLU3.SA,8.779999732971191,8.789999961853027,8.770000457763672,8.770000457763672,84300
2026-04-06 19:05:00+00:00,MGLU3.SA,8.770000457763672,8.789999961853027,8.760000228881836,8.760000228881836,85000
2026-04-06 19:10:00+00:00,MGLU3.SA,8.760000228881836,8.779999732971191,8.760000228881836,8.760000228881836,21600
2026-04-06 19:15:00+00:00,MGLU3.SA,8.760000228881836,8.770000457763672,8.75,8.75,89100
2026-04-06 19:20:00+00:00,MGLU3.SA,8.75,8.75,8.739999771118164,8.739999771118164,52400
2026-04-06 19:25:00+00:00,MGLU3.SA,8.739999771118164,8.779999732971191,8.739999771118164,8.770000457763672,224200
2026-04-06 19:30:00+00:00,MGLU3.SA,8.770000457763672,8.789999961853027,8.760000228881836,8.770000457763672,175100
2026-04-06 19:35:00+00:00,MGLU3.SA,8.770000457763672,8.800000190734863,8.770000457763672,8.789999961853027,231400
2026-04-06 19:40:00+00:00,MGLU3.SA,8.779999732971191,8.789999961853027,8.770000457763672,8.770000457763672,178800
2026-04-06 19:45:00+00:00,MGLU3.SA,8.779999732971191,8.819999694824219,8.770000457763672,8.789999961853027,417900
2026-04-06 19:50:00+00:00,MGLU3.SA,8.789999961853027,8.859999656677246,8.789999961853027,8.789999961853027,322500
2026-04-07 13:05:00+00:00,MGLU3.SA,8.739999771118164,8.850000381469727,8.729999542236328,8.829999923706055,274500
2026-04-07 13:10:00+00:00,MGLU3.SA,8.829999923706055,8.9399995803833,8.829999923706055,8.869999885559082,480700
2026-04-07 13:15:00+00:00,MGLU3.SA,8.869999885559082,8.890000343322754,8.819999694824219,8.84000015258789,204500
2026-04-07 13:20:00+00:00,MGLU3.SA,8.829999923706055,8.850000381469727,8.8100004196167,8.84000015258789,185000
2026-04-07 13:25:00+00:00,MGLU3.SA,8.829999923706055,8.859999656677246,8.819999694824219,8.84000015258789,86100
2026-04-07 13:30:00+00:00,MGLU3.SA,8.84000015258789,8.859999656677246,8.770000457763672,8.800000190734863,234200
2026-04-07 13:35:00+00:00,MGLU3.SA,8.789999961853027,8.800000190734863,8.75,8.75,393100
2026-04-07 13:40:00+00:00,MGLU3.SA,8.760000228881836,8.760000228881836,8.6899995803833,8.699999809265137,463700
2026-04-07 13:45:00+00:00,MGLU3.SA,8.699999809265137,8.699999809265137,8.649999618530273,8.670000076293945,392900
2026-04-07 13:50:00+00:00,MGLU3.SA,8.680000305175781,8.710000038146973,8.65999984741211,8.699999809265137,191500
2026-04-07 13:55:00+00:00,MGLU3.SA,8.699999809265137,8.710000038146973,8.680000305175781,8.699999809265137,78500
2026-04-07 14:00:00+00:00,MGLU3.SA,8.699999809265137,8.710000038146973,8.670000076293945,8.680000305175781,139500
2026-04-07 14:05:00+00:00,MGLU3.SA,8.670000076293945,8.6899995803833,8.649999618530273,8.680000305175781,128200
2026-04-07 14:10:00+00:00,MGLU3.SA,8.6899995803833,8.720000267028809,8.680000305175781,8.710000038146973,196000
2026-04-07 14:15:00+00:00,MGLU3.SA,8.699999809265137,8.739999771118164,8.670000076293945,8.6899995803833,221800
2026-04-07 14:20:00+00:00,MGLU3.SA,8.6899995803833,8.710000038146973,8.670000076293945,8.699999809265137,145800
2026-04-07 14:25:00+00:00,MGLU3.SA,8.6899995803833,8.710000038146973,8.680000305175781,8.6899995803833,77000
2026-04-07 14:30:00+00:00,MGLU3.SA,8.699999809265137,8.710000038146973,8.680000305175781,8.710000038146973,118300
2026-04-07 14:35:00+00:00,MGLU3.SA,8.710000038146973,8.720000267028809,8.6899995803833,8.699999809265137,151300
2026-04-07 14:40:00+00:00,MGLU3.SA,8.699999809265137,8.699999809265137,8.6899995803833,8.699999809265137,33300
2026-04-07 14:45:00+00:00,MGLU3.SA,8.6899995803833,8.720000267028809,8.680000305175781,8.680000305175781,78200
2026-04-07 14:50:00+00:00,MGLU3.SA,8.680000305175781,8.680000305175781,8.649999618530273,8.670000076293945,160600
2026-04-07 14:55:00+00:00,MGLU3.SA,8.670000076293945,8.670000076293945,8.630000114440918,8.630000114440918,199300
2026-04-07 15:00:00+00:00,MGLU3.SA,8.630000114440918,8.640000343322754,8.619999885559082,8.619999885559082,206900
2026-04-07 15:05:00+00:00,MGLU3.SA,8.619999885559082,8.630000114440918,8.579999923706055,8.59000015258789,212400
2026-04-07 15:10:00+00:00,MGLU3.SA,8.59000015258789,8.680000305175781,8.59000015258789,8.680000305175781,397400
2026-04-07 15:15:00+00:00,MGLU3.SA,8.670000076293945,8.699999809265137,8.640000343322754,8.649999618530273,153200
2026-04-07 15:20:00+00:00,MGLU3.SA,8.65999984741211,8.670000076293945,8.640000343322754,8.649999618530273,56400
2026-04-07 15:25:00+00:00,MGLU3.SA,8.649999618530273,8.670000076293945,8.649999618530273,8.65999984741211,39300
2026-04-07 15:30:00+00:00,MGLU3.SA,8.670000076293945,8.670000076293945,8.649999618530273,8.670000076293945,22700
2026-04-07 15:35:00+00:00,MGLU3.SA,8.65999984741211,8.680000305175781,8.640000343322754,8.640000343322754,68400
2026-04-07 15:40:00+00:00,MGLU3.SA,8.649999618530273,8.65999984741211,8.640000343322754,8.649999618530273,21300
2026-04-07 15:45:00+00:00,MGLU3.SA,8.649999618530273,8.680000305175781,8.649999618530273,8.670000076293945,98400
2026-04-07 15:50:00+00:00,MGLU3.SA,8.680000305175781,8.6899995803833,8.670000076293945,8.670000076293945,151100
2026-04-07 15:55:00+00:00,MGLU3.SA,8.680000305175781,8.699999809265137,8.670000076293945,8.6899995803833,77100
2026-04-07 16:00:00+00:00,MGLU3.SA,8.6899995803833,8.729999542236328,8.670000076293945,8.6899995803833,211900
2026-04-07 16:05:00+00:00,MGLU3.SA,8.699999809265137,8.699999809265137,8.6899995803833,8.6899995803833,44700
2026-04-07 16:10:00+00:00,MGLU3.SA,8.699999809265137,8.729999542236328,8.699999809265137,8.720000267028809,74700
2026-04-07 16:15:00+00:00,MGLU3.SA,8.710000038146973,8.720000267028809,8.699999809265137,8.710000038146973,67000
2026-04-07 16:20:00+00:00,MGLU3.SA,8.710000038146973,8.75,8.710000038146973,8.729999542236328,131600
2026-04-07 16:25:00+00:00,MGLU3.SA,8.729999542236328,8.75,8.729999542236328,8.739999771118164,43200
2026-04-07 16:30:00+00:00,MGLU3.SA,8.739999771118164,8.760000228881836,8.729999542236328,8.760000228881836,77000
2026-04-07 16:35:00+00:00,MGLU3.SA,8.760000228881836,8.760000228881836,8.739999771118164,8.75,89900
2026-04-07 16:40:00+00:00,MGLU3.SA,8.739999771118164,8.760000228881836,8.729999542236328,8.739999771118164,72700
2026-04-07 16:45:00+00:00,MGLU3.SA,8.739999771118164,8.760000228881836,8.739999771118164,8.760000228881836,143300
2026-04-07 16:50:00+00:00,MGLU3.SA,8.760000228881836,8.760000228881836,8.720000267028809,8.720000267028809,158800
2026-04-07 16:55:00+00:00,MGLU3.SA,8.720000267028809,8.729999542236328,8.710000038146973,8.720000267028809,78600
2026-04-07 17:00:00+00:00,MGLU3.SA,8.720000267028809,8.75,8.710000038146973,8.739999771118164,60700
2026-04-07 17:05:00+00:00,MGLU3.SA,8.739999771118164,8.75,8.729999542236328,8.729999542236328,36700
2026-04-07 17:10:00+00:00,MGLU3.SA,8.739999771118164,8.739999771118164,8.729999542236328,8.739999771118164,14800
2026-04-07 17:15:00+00:00,MGLU3.SA,8.739999771118164,8.739999771118164,8.710000038146973,8.729999542236328,24600
2026-04-07 17:20:00+00:00,MGLU3.SA,8.729999542236328,8.729999542236328,8.699999809265137,8.729999542236328,56100
2026-04-07 17:25:00+00:00,MGLU3.SA,8.720000267028809,8.739999771118164,8.710000038146973,8.729999542236328,29200
2026-04-07 17:30:00+00:00,MGLU3.SA,8.720000267028809,8.75,8.720000267028809,8.75,45500
2026-04-07 17:35:00+00:00,MGLU3.SA,8.75,8.779999732971191,8.75,8.760000228881836,221900
2026-04-07 17:40:00+00:00,MGLU3.SA,8.760000228881836,8.779999732971191,8.729999542236328,8.760000228881836,90300
2026-04-07 17:45:00+00:00,MGLU3.SA,8.75,8.760000228881836,8.739999771118164,8.760000228881836,25700
2026-04-07 17:50:00+00:00,MGLU3.SA,8.75,8.760000228881836,8.75,8.75,34500
2026-04-07 17:55:00+00:00,MGLU3.SA,8.75,8.760000228881836,8.739999771118164,8.75,33700
2026-04-07 18:00:00+00:00,MGLU3.SA,8.75,8.760000228881836,8.739999771118164,8.739999771118164,25200
2026-04-07 18:05:00+00:00,MGLU3.SA,8.729999542236328,8.729999542236328,8.720000267028809,8.729999542236328,133500
2026-04-07 18:10:00+00:00,MGLU3.SA,8.720000267028809,8.729999542236328,8.680000305175781,8.680000305175781,112500
2026-04-07 18:15:00+00:00,MGLU3.SA,8.680000305175781,8.699999809265137,8.670000076293945,8.6899995803833,226500
2026-04-07 18:20:00+00:00,MGLU3.SA,8.699999809265137,8.699999809265137,8.670000076293945,8.680000305175781,246700
2026-04-07 18:25:00+00:00,MGLU3.SA,8.6899995803833,8.699999809265137,8.670000076293945,8.699999809265137,31100
2026-04-07 18:30:00+00:00,MGLU3.SA,8.699999809265137,8.699999809265137,8.6899995803833,8.699999809265137,23700
2026-04-07 18:35:00+00:00,MGLU3.SA,8.6899995803833,8.699999809265137,8.65999984741211,8.670000076293945,40500
2026-04-07 18:40:00+00:00,MGLU3.SA,8.670000076293945,8.680000305175781,8.65999984741211,8.670000076293945,71900
2026-04-07 18:45:00+00:00,MGLU3.SA,8.65999984741211,8.670000076293945,8.649999618530273,8.65999984741211,87600
2026-04-07 18:50:00+00:00,MGLU3.SA,8.649999618530273,8.65999984741211,8.619999885559082,8.630000114440918,115500
2026-04-07 18:55:00+00:00,MGLU3.SA,8.619999885559082,8.630000114440918,8.600000381469727,8.600000381469727,297900
2026-04-07 19:00:00+00:00,MGLU3.SA,8.609999656677246,8.619999885559082,8.600000381469727,8.609999656677246,117300
2026-04-07 19:05:00+00:00,MGLU3.SA,8.609999656677246,8.630000114440918,8.59000015258789,8.630000114440918,145700
2026-04-07 19:10:00+00:00,MGLU3.SA,8.619999885559082,8.630000114440918,8.609999656677246,8.630000114440918,95000
2026-04-07 19:15:00+00:00,MGLU3.SA,8.619999885559082,8.710000038146973,8.619999885559082,8.6899995803833,269000
2026-04-07 19:20:00+00:00,MGLU3.SA,8.6899995803833,8.699999809265137,8.65999984741211,8.670000076293945,160800
2026-04-07 19:25:00+00:00,MGLU3.SA,8.670000076293945,8.680000305175781,8.65999984741211,8.670000076293945,42900
2026-04-07 19:30:00+00:00,MGLU3.SA,8.680000305175781,8.6899995803833,8.65999984741211,8.65999984741211,75100
2026-04-07 19:35:00+00:00,MGLU3.SA,8.670000076293945,8.680000305175781,8.630000114440918,8.630000114440918,123700
2026-04-07 19:40:00+00:00,MGLU3.SA,8.649999618530273,8.680000305175781,8.630000114440918,8.670000076293945,94000
2026-04-07 19:45:00+00:00,MGLU3.SA,8.670000076293945,8.720000267028809,8.65999984741211,8.699999809265137,369500
2026-04-07 19:50:00+00:00,MGLU3.SA,8.699999809265137,8.720000267028809,8.6899995803833,8.699999809265137,249400
2026-04-08 13:05:00+00:00,MGLU3.SA,9.34000015258789,9.520000457763672,9.34000015258789,9.520000457763672,0
2026-04-08 13:20:00+00:00,MGLU3.SA,9.3100004196167,9.489999771118164,9.3100004196167,9.460000038146973,459500
2026-04-08 13:25:00+00:00,MGLU3.SA,9.390000343322754,9.520000457763672,9.34000015258789,9.40999984741211,837400
2026-04-08 13:30:00+00:00,MGLU3.SA,9.40999984741211,9.420000076293945,9.300000190734863,9.369999885559082,680100
2026-04-08 13:35:00+00:00,MGLU3.SA,9.369999885559082,9.380000114440918,9.3100004196167,9.350000381469727,344600
2026-04-08 13:40:00+00:00,MGLU3.SA,9.350000381469727,9.369999885559082,9.319999694824219,9.350000381469727,236800
2026-04-08 13:45:00+00:00,MGLU3.SA,9.350000381469727,9.430000305175781,9.329999923706055,9.40999984741211,511100
2026-04-08 13:50:00+00:00,MGLU3.SA,9.420000076293945,9.420000076293945,9.350000381469727,9.350000381469727,197500
2026-04-08 13:55:00+00:00,MGLU3.SA,9.359999656677246,9.390000343322754,9.289999961853027,9.34000015258789,704400
2026-04-08 14:00:00+00:00,MGLU3.SA,9.34000015258789,9.369999885559082,9.3100004196167,9.319999694824219,256200
2026-04-08 14:05:00+00:00,MGLU3.SA,9.329999923706055,9.329999923706055,9.279999732971191,9.329999923706055,342200
2026-04-08 14:10:00+00:00,MGLU3.SA,9.329999923706055,9.34000015258789,9.3100004196167,9.3100004196167,106800
2026-04-08 14:15:00+00:00,MGLU3.SA,9.319999694824219,9.34000015258789,9.300000190734863,9.319999694824219,196500
2026-04-08 14:20:00+00:00,MGLU3.SA,9.319999694824219,9.329999923706055,9.3100004196167,9.319999694824219,69000
2026-04-08 14:25:00+00:00,MGLU3.SA,9.319999694824219,9.329999923706055,9.270000457763672,9.279999732971191,292800
2026-04-08 14:30:00+00:00,MGLU3.SA,9.270000457763672,9.300000190734863,9.270000457763672,9.289999961853027,135000
2026-04-08 14:35:00+00:00,MGLU3.SA,9.289999961853027,9.289999961853027,9.239999771118164,9.25,266300
2026-04-08 14:40:00+00:00,MGLU3.SA,9.25,9.300000190734863,9.25,9.260000228881836,199700
2026-04-08 14:45:00+00:00,MGLU3.SA,9.270000457763672,9.300000190734863,9.25,9.279999732971191,117000
2026-04-08 14:50:00+00:00,MGLU3.SA,9.279999732971191,9.279999732971191,9.25,9.270000457763672,89900
2026-04-08 14:55:00+00:00,MGLU3.SA,9.260000228881836,9.279999732971191,9.239999771118164,9.279999732971191,160800
2026-04-08 15:00:00+00:00,MGLU3.SA,9.279999732971191,9.300000190734863,9.270000457763672,9.289999961853027,98200
2026-04-08 15:05:00+00:00,MGLU3.SA,9.289999961853027,9.319999694824219,9.279999732971191,9.289999961853027,228200
2026-04-08 15:10:00+00:00,MGLU3.SA,9.289999961853027,9.319999694824219,9.279999732971191,9.319999694824219,109600
2026-04-08 15:15:00+00:00,MGLU3.SA,9.319999694824219,9.319999694824219,9.279999732971191,9.300000190734863,168900
2026-04-08 15:20:00+00:00,MGLU3.SA,9.300000190734863,9.319999694824219,9.289999961853027,9.300000190734863,92300
2026-04-08 15:25:00+00:00,MGLU3.SA,9.300000190734863,9.3100004196167,9.25,9.260000228881836,250200
2026-04-08 15:30:00+00:00,MGLU3.SA,9.260000228881836,9.279999732971191,9.260000228881836,9.270000457763672,104100
2026-04-08 15:35:00+00:00,MGLU3.SA,9.270000457763672,9.289999961853027,9.260000228881836,9.270000457763672,134000
2026-04-08 15:40:00+00:00,MGLU3.SA,9.270000457763672,9.279999732971191,9.25,9.270000457763672,96600
2026-04-08 15:45:00+00:00,MGLU3.SA,9.270000457763672,9.279999732971191,9.260000228881836,9.270000457763672,46600
2026-04-08 15:50:00+00:00,MGLU3.SA,9.270000457763672,9.279999732971191,9.260000228881836,9.270000457763672,48100
2026-04-08 15:55:00+00:00,MGLU3.SA,9.279999732971191,9.289999961853027,9.270000457763672,9.279999732971191,181500
2026-04-08 16:00:00+00:00,MGLU3.SA,9.279999732971191,9.279999732971191,9.260000228881836,9.270000457763672,50400
2026-04-08 16:05:00+00:00,MGLU3.SA,9.270000457763672,9.279999732971191,9.260000228881836,9.260000228881836,110500
2026-04-08 16:10:00+00:00,MGLU3.SA,9.270000457763672,9.270000457763672,9.260000228881836,9.270000457763672,51700
2026-04-08 16:15:00+00:00,MGLU3.SA,9.270000457763672,9.270000457763672,9.260000228881836,9.270000457763672,31700
2026-04-08 16:20:00+00:00,MGLU3.SA,9.270000457763672,9.270000457763672,9.260000228881836,9.260000228881836,66400
2026-04-08 16:25:00+00:00,MGLU3.SA,9.270000457763672,9.279999732971191,9.260000228881836,9.270000457763672,33800
2026-04-08 16:30:00+00:00,MGLU3.SA,9.270000457763672,9.289999961853027,9.260000228881836,9.279999732971191,89400
2026-04-08 16:35:00+00:00,MGLU3.SA,9.279999732971191,9.289999961853027,9.270000457763672,9.270000457763672,54200
2026-04-08 16:40:00+00:00,MGLU3.SA,9.279999732971191,9.289999961853027,9.270000457763672,9.289999961853027,52300
2026-04-08 16:45:00+00:00,MGLU3.SA,9.289999961853027,9.3100004196167,9.270000457763672,9.289999961853027,198800
2026-04-08 16:50:00+00:00,MGLU3.SA,9.289999961853027,9.300000190734863,9.279999732971191,9.289999961853027,84500
2026-04-08 16:55:00+00:00,MGLU3.SA,9.289999961853027,9.3100004196167,9.289999961853027,9.3100004196167,83600
2026-04-08 17:00:00+00:00,MGLU3.SA,9.3100004196167,9.329999923706055,9.300000190734863,9.300000190734863,145700
2026-04-08 17:05:00+00:00,MGLU3.SA,9.3100004196167,9.3100004196167,9.279999732971191,9.279999732971191,59200
2026-04-08 17:10:00+00:00,MGLU3.SA,9.289999961853027,9.300000190734863,9.279999732971191,9.289999961853027,58200
2026-04-08 17:15:00+00:00,MGLU3.SA,9.289999961853027,9.300000190734863,9.270000457763672,9.279999732971191,274000
2026-04-08 17:20:00+00:00,MGLU3.SA,9.289999961853027,9.289999961853027,9.25,9.260000228881836,321100
2026-04-08 17:25:00+00:00,MGLU3.SA,9.270000457763672,9.279999732971191,9.260000228881836,9.260000228881836,89900
2026-04-08 17:30:00+00:00,MGLU3.SA,9.270000457763672,9.270000457763672,9.220000267028809,9.239999771118164,166700
2026-04-08 17:35:00+00:00,MGLU3.SA,9.229999542236328,9.25,9.199999809265137,9.229999542236328,282300
2026-04-08 17:40:00+00:00,MGLU3.SA,9.239999771118164,9.25,9.229999542236328,9.239999771118164,49700
2026-04-08 17:45:00+00:00,MGLU3.SA,9.239999771118164,9.25,9.229999542236328,9.25,83700
2026-04-08 17:50:00+00:00,MGLU3.SA,9.25,9.270000457763672,9.25,9.260000228881836,58500
2026-04-08 17:55:00+00:00,MGLU3.SA,9.270000457763672,9.279999732971191,9.260000228881836,9.270000457763672,68400
2026-04-08 18:00:00+00:00,MGLU3.SA,9.270000457763672,9.279999732971191,9.260000228881836,9.270000457763672,48300
2026-04-08 18:05:00+00:00,MGLU3.SA,9.279999732971191,9.3100004196167,9.270000457763672,9.300000190734863,145000
2026-04-08 18:10:00+00:00,MGLU3.SA,9.300000190734863,9.300000190734863,9.279999732971191,9.279999732971191,59700
2026-04-08 18:15:00+00:00,MGLU3.SA,9.289999961853027,9.289999961853027,9.229999542236328,9.229999542236328,161100
2026-04-08 18:20:00+00:00,MGLU3.SA,9.229999542236328,9.270000457763672,9.229999542236328,9.25,52400
2026-04-08 18:25:00+00:00,MGLU3.SA,9.260000228881836,9.279999732971191,9.25,9.260000228881836,378000
2026-04-08 18:30:00+00:00,MGLU3.SA,9.270000457763672,9.279999732971191,9.260000228881836,9.270000457763672,44300
2026-04-08 18:35:00+00:00,MGLU3.SA,9.270000457763672,9.279999732971191,9.239999771118164,9.25,37900
2026-04-08 18:40:00+00:00,MGLU3.SA,9.25,9.25,9.170000076293945,9.199999809265137,1020100
2026-04-08 18:45:00+00:00,MGLU3.SA,9.199999809265137,9.220000267028809,9.1899995803833,9.199999809265137,588400
2026-04-08 18:50:00+00:00,MGLU3.SA,9.199999809265137,9.199999809265137,9.170000076293945,9.170000076293945,119800
2026-04-08 18:55:00+00:00,MGLU3.SA,9.180000305175781,9.180000305175781,9.119999885559082,9.130000114440918,255500
2026-04-08 19:00:00+00:00,MGLU3.SA,9.130000114440918,9.130000114440918,9.069999694824219,9.09000015258789,627100
2026-04-08 19:05:00+00:00,MGLU3.SA,9.09000015258789,9.09000015258789,9.050000190734863,9.0600004196167,249800
2026-04-08 19:10:00+00:00,MGLU3.SA,9.0600004196167,9.079999923706055,9.039999961853027,9.0600004196167,227400
2026-04-08 19:15:00+00:00,MGLU3.SA,9.0600004196167,9.069999694824219,8.989999771118164,9.0,622600
2026-04-08 19:20:00+00:00,MGLU3.SA,9.0,9.010000228881836,8.989999771118164,9.010000228881836,243800
2026-04-08 19:25:00+00:00,MGLU3.SA,9.010000228881836,9.039999961853027,9.0,9.020000457763672,255600
2026-04-08 19:30:00+00:00,MGLU3.SA,9.020000457763672,9.079999923706055,9.020000457763672,9.069999694824219,325500
2026-04-08 19:35:00+00:00,MGLU3.SA,9.069999694824219,9.069999694824219,9.020000457763672,9.029999732971191,200400
2026-04-08 19:40:00+00:00,MGLU3.SA,9.029999732971191,9.029999732971191,8.989999771118164,9.0,363900
2026-04-08 19:45:00+00:00,MGLU3.SA,9.0,9.020000457763672,8.979999542236328,9.020000457763672,278100
2026-04-08 19:50:00+00:00,MGLU3.SA,9.020000457763672,9.020000457763672,8.989999771118164,8.989999771118164,160900
2026-04-09 13:00:00+00:00,MGLU3.SA,9.029999732971191,9.09000015258789,9.020000457763672,9.09000015258789,0
2026-04-09 13:05:00+00:00,MGLU3.SA,9.09000015258789,9.100000381469727,8.970000267028809,8.989999771118164,433100
2026-04-09 13:10:00+00:00,MGLU3.SA,8.979999542236328,8.989999771118164,8.949999809265137,8.960000038146973,255300
2026-04-09 13:15:00+00:00,MGLU3.SA,8.960000038146973,8.989999771118164,8.949999809265137,8.960000038146973,135700
2026-04-09 13:20:00+00:00,MGLU3.SA,8.970000267028809,9.0600004196167,8.970000267028809,9.050000190734863,534400
2026-04-09 13:25:00+00:00,MGLU3.SA,9.0600004196167,9.09000015258789,9.020000457763672,9.09000015258789,470900
2026-04-09 13:30:00+00:00,MGLU3.SA,9.09000015258789,9.130000114440918,9.050000190734863,9.109999656677246,661600
2026-04-09 13:35:00+00:00,MGLU3.SA,9.109999656677246,9.149999618530273,9.09000015258789,9.109999656677246,407000
2026-04-09 13:40:00+00:00,MGLU3.SA,9.119999885559082,9.149999618530273,9.079999923706055,9.130000114440918,418800
2026-04-09 13:45:00+00:00,MGLU3.SA,9.140000343322754,9.170000076293945,9.119999885559082,9.140000343322754,290800
2026-04-09 13:50:00+00:00,MGLU3.SA,9.149999618530273,9.149999618530273,9.100000381469727,9.109999656677246,175600
2026-04-09 13:55:00+00:00,MGLU3.SA,9.130000114440918,9.130000114440918,9.09000015258789,9.109999656677246,158000
2026-04-09 14:00:00+00:00,MGLU3.SA,9.109999656677246,9.130000114440918,9.100000381469727,9.119999885559082,106500
2026-04-09 14:05:00+00:00,MGLU3.SA,9.109999656677246,9.130000114440918,9.09000015258789,9.09000015258789,130700
2026-04-09 14:10:00+00:00,MGLU3.SA,9.100000381469727,9.109999656677246,9.0600004196167,9.09000015258789,225000
2026-04-09 14:15:00+00:00,MGLU3.SA,9.09000015258789,9.100000381469727,9.050000190734863,9.0600004196167,263500
2026-04-09 14:20:00+00:00,MGLU3.SA,9.069999694824219,9.100000381469727,9.0600004196167,9.069999694824219,120200
2026-04-09 14:25:00+00:00,MGLU3.SA,9.079999923706055,9.09000015258789,9.039999961853027,9.050000190734863,217800
2026-04-09 14:30:00+00:00,MGLU3.SA,9.039999961853027,9.09000015258789,9.039999961853027,9.039999961853027,268200
2026-04-09 14:35:00+00:00,MGLU3.SA,9.050000190734863,9.0600004196167,9.029999732971191,9.050000190734863,128000
2026-04-09 14:40:00+00:00,MGLU3.SA,9.050000190734863,9.0600004196167,9.029999732971191,9.050000190734863,139400
2026-04-09 14:45:00+00:00,MGLU3.SA,9.050000190734863,9.079999923706055,9.050000190734863,9.079999923706055,94600
2026-04-09 14:50:00+00:00,MGLU3.SA,9.079999923706055,9.079999923706055,9.0600004196167,9.0600004196167,66800
2026-04-09 14:55:00+00:00,MGLU3.SA,9.069999694824219,9.09000015258789,9.039999961853027,9.039999961853027,111400
2026-04-09 15:00:00+00:00,MGLU3.SA,9.050000190734863,9.050000190734863,9.029999732971191,9.029999732971191,118700
2026-04-09 15:05:00+00:00,MGLU3.SA,9.029999732971191,9.039999961853027,9.020000457763672,9.029999732971191,78600
2026-04-09 15:10:00+00:00,MGLU3.SA,9.039999961853027,9.050000190734863,9.029999732971191,9.039999961853027,85400
2026-04-09 15:15:00+00:00,MGLU3.SA,9.050000190734863,9.100000381469727,9.050000190734863,9.100000381469727,176300
2026-04-09 15:20:00+00:00,MGLU3.SA,9.100000381469727,9.100000381469727,9.0600004196167,9.069999694824219,134200
2026-04-09 15:25:00+00:00,MGLU3.SA,9.069999694824219,9.079999923706055,9.050000190734863,9.0600004196167,101600
2026-04-09 15:30:00+00:00,MGLU3.SA,9.050000190734863,9.09000015258789,9.029999732971191,9.0600004196167,228400
2026-04-09 15:35:00+00:00,MGLU3.SA,9.069999694824219,9.069999694824219,9.039999961853027,9.050000190734863,133200
2026-04-09 15:40:00+00:00,MGLU3.SA,9.050000190734863,9.069999694824219,9.039999961853027,9.050000190734863,101900
2026-04-09 15:45:00+00:00,MGLU3.SA,9.050000190734863,9.050000190734863,9.029999732971191,9.039999961853027,83900
2026-04-09 15:50:00+00:00,MGLU3.SA,9.039999961853027,9.050000190734863,9.020000457763672,9.029999732971191,89700
2026-04-09 15:55:00+00:00,MGLU3.SA,9.029999732971191,9.050000190734863,9.029999732971191,9.050000190734863,100300
2026-04-09 16:00:00+00:00,MGLU3.SA,9.050000190734863,9.069999694824219,9.039999961853027,9.069999694824219,99400
2026-04-09 16:05:00+00:00,MGLU3.SA,9.0600004196167,9.079999923706055,9.050000190734863,9.0600004196167,107500
2026-04-09 16:10:00+00:00,MGLU3.SA,9.0600004196167,9.079999923706055,9.050000190734863,9.079999923706055,77600
2026-04-09 16:15:00+00:00,MGLU3.SA,9.079999923706055,9.079999923706055,9.0600004196167,9.079999923706055,67400
2026-04-09 16:20:00+00:00,MGLU3.SA,9.079999923706055,9.079999923706055,9.050000190734863,9.0600004196167,75800
2026-04-09 16:25:00+00:00,MGLU3.SA,9.069999694824219,9.079999923706055,9.0600004196167,9.079999923706055,58600
2026-04-09 16:30:00+00:00,MGLU3.SA,9.069999694824219,9.069999694824219,9.050000190734863,9.069999694824219,110600
2026-04-09 16:35:00+00:00,MGLU3.SA,9.0600004196167,9.069999694824219,9.0600004196167,9.0600004196167,53000
2026-04-09 16:40:00+00:00,MGLU3.SA,9.0600004196167,9.069999694824219,9.050000190734863,9.0600004196167,70400
2026-04-09 16:45:00+00:00,MGLU3.SA,9.0600004196167,9.069999694824219,9.050000190734863,9.0600004196167,58900
2026-04-09 16:50:00+00:00,MGLU3.SA,9.069999694824219,9.09000015258789,9.069999694824219,9.069999694824219,134200
2026-04-09 16:55:00+00:00,MGLU3.SA,9.079999923706055,9.079999923706055,9.0600004196167,9.069999694824219,64500
2026-04-09 17:00:00+00:00,MGLU3.SA,9.079999923706055,9.079999923706055,9.0600004196167,9.0600004196167,43100
2026-04-09 17:05:00+00:00,MGLU3.SA,9.069999694824219,9.079999923706055,9.0600004196167,9.079999923706055,66000
2026-04-09 17:10:00+00:00,MGLU3.SA,9.079999923706055,9.09000015258789,9.069999694824219,9.079999923706055,63500
2026-04-09 17:15:00+00:00,MGLU3.SA,9.09000015258789,9.109999656677246,9.079999923706055,9.100000381469727,174500
2026-04-09 17:20:00+00:00,MGLU3.SA,9.109999656677246,9.130000114440918,9.100000381469727,9.109999656677246,157700
2026-04-09 17:25:00+00:00,MGLU3.SA,9.119999885559082,9.170000076293945,9.109999656677246,9.15999984741211,354000
2026-04-09 17:30:00+00:00,MGLU3.SA,9.15999984741211,9.180000305175781,9.140000343322754,9.170000076293945,335100
2026-04-09 17:35:00+00:00,MGLU3.SA,9.180000305175781,9.180000305175781,9.149999618530273,9.170000076293945,190000
2026-04-09 17:40:00+00:00,MGLU3.SA,9.170000076293945,9.1899995803833,9.140000343322754,9.1899995803833,185400
2026-04-09 17:45:00+00:00,MGLU3.SA,9.1899995803833,9.210000038146973,9.180000305175781,9.210000038146973,340700
2026-04-09 17:50:00+00:00,MGLU3.SA,9.210000038146973,9.210000038146973,9.1899995803833,9.1899995803833,109100
2026-04-09 17:55:00+00:00,MGLU3.SA,9.199999809265137,9.210000038146973,9.1899995803833,9.210000038146973,69800
2026-04-09 18:00:00+00:00,MGLU3.SA,9.210000038146973,9.210000038146973,9.170000076293945,9.1899995803833,151900
2026-04-09 18:05:00+00:00,MGLU3.SA,9.199999809265137,9.199999809265137,9.180000305175781,9.199999809265137,103000
2026-04-09 18:10:00+00:00,MGLU3.SA,9.199999809265137,9.210000038146973,9.180000305175781,9.199999809265137,132900
2026-04-09 18:15:00+00:00,MGLU3.SA,9.1899995803833,9.229999542236328,9.1899995803833,9.199999809265137,438600
2026-04-09 18:20:00+00:00,MGLU3.SA,9.199999809265137,9.210000038146973,9.180000305175781,9.1899995803833,109500
2026-04-09 18:25:00+00:00,MGLU3.SA,9.1899995803833,9.199999809265137,9.180000305175781,9.199999809265137,60800
2026-04-09 18:30:00+00:00,MGLU3.SA,9.199999809265137,9.199999809265137,9.15999984741211,9.180000305175781,167600
2026-04-09 18:35:00+00:00,MGLU3.SA,9.180000305175781,9.199999809265137,9.170000076293945,9.1899995803833,119100
2026-04-09 18:40:00+00:00,MGLU3.SA,9.1899995803833,9.210000038146973,9.1899995803833,9.210000038146973,78200
2026-04-09 18:45:00+00:00,MGLU3.SA,9.199999809265137,9.220000267028809,9.199999809265137,9.220000267028809,78800
2026-04-09 18:50:00+00:00,MGLU3.SA,9.199999809265137,9.210000038146973,9.180000305175781,9.1899995803833,108800
2026-04-09 18:55:00+00:00,MGLU3.SA,9.1899995803833,9.199999809265137,9.180000305175781,9.199999809265137,67800
2026-04-09 19:00:00+00:00,MGLU3.SA,9.199999809265137,9.210000038146973,9.180000305175781,9.1899995803833,113200
2026-04-09 19:05:00+00:00,MGLU3.SA,9.1899995803833,9.199999809265137,9.180000305175781,9.199999809265137,62800
2026-04-09 19:10:00+00:00,MGLU3.SA,9.1899995803833,9.210000038146973,9.180000305175781,9.1899995803833,84200
2026-04-09 19:15:00+00:00,MGLU3.SA,9.1899995803833,9.220000267028809,9.180000305175781,9.199999809265137,203600
2026-04-09 19:20:00+00:00,MGLU3.SA,9.210000038146973,9.229999542236328,9.199999809265137,9.210000038146973,243200
2026-04-09 19:25:00+00:00,MGLU3.SA,9.220000267028809,9.220000267028809,9.1899995803833,9.199999809265137,153000
2026-04-09 19:30:00+00:00,MGLU3.SA,9.199999809265137,9.210000038146973,9.1899995803833,9.199999809265137,71900
2026-04-09 19:35:00+00:00,MGLU3.SA,9.199999809265137,9.229999542236328,9.1899995803833,9.220000267028809,268500
2026-04-09 19:40:00+00:00,MGLU3.SA,9.220000267028809,9.239999771118164,9.210000038146973,9.239999771118164,414700
2026-04-09 19:45:00+00:00,MGLU3.SA,9.239999771118164,9.25,9.210000038146973,9.229999542236328,352900
2026-04-09 19:50:00+00:00,MGLU3.SA,9.229999542236328,9.25,9.210000038146973,9.220000267028809,271100
2026-04-10 13:05:00+00:00,MGLU3.SA,9.350000381469727,9.380000114440918,9.289999961853027,9.289999961853027,93700
2026-04-10 13:10:00+00:00,MGLU3.SA,9.289999961853027,9.3100004196167,9.220000267028809,9.220000267028809,358000
2026-04-10 13:15:00+00:00,MGLU3.SA,9.210000038146973,9.279999732971191,9.199999809265137,9.25,177000
2026-04-10 13:20:00+00:00,MGLU3.SA,9.25,9.34000015258789,9.210000038146973,9.34000015258789,347300
2026-04-10 13:25:00+00:00,MGLU3.SA,9.329999923706055,9.390000343322754,9.319999694824219,9.380000114440918,432200
2026-04-10 13:30:00+00:00,MGLU3.SA,9.390000343322754,9.390000343322754,9.319999694824219,9.359999656677246,232400
2026-04-10 13:35:00+00:00,MGLU3.SA,9.359999656677246,9.399999618530273,9.350000381469727,9.380000114440918,305400
2026-04-10 13:40:00+00:00,MGLU3.SA,9.390000343322754,9.470000267028809,9.380000114440918,9.4399995803833,574100
2026-04-10 13:45:00+00:00,MGLU3.SA,9.4399995803833,9.4399995803833,9.359999656677246,9.380000114440918,225100
2026-04-10 13:50:00+00:00,MGLU3.SA,9.380000114440918,9.390000343322754,9.34000015258789,9.369999885559082,231300
2026-04-10 13:55:00+00:00,MGLU3.SA,9.369999885559082,9.380000114440918,9.359999656677246,9.369999885559082,61900
2026-04-10 14:00:00+00:00,MGLU3.SA,9.369999885559082,9.369999885559082,9.279999732971191,9.3100004196167,377300
2026-04-10 14:05:00+00:00,MGLU3.SA,9.300000190734863,9.319999694824219,9.260000228881836,9.270000457763672,218900
2026-04-10 14:10:00+00:00,MGLU3.SA,9.260000228881836,9.279999732971191,9.239999771118164,9.270000457763672,373300
2026-04-10 14:15:00+00:00,MGLU3.SA,9.270000457763672,9.279999732971191,9.25,9.260000228881836,107800
2026-04-10 14:20:00+00:00,MGLU3.SA,9.260000228881836,9.270000457763672,9.229999542236328,9.25,200800
2026-04-10 14:25:00+00:00,MGLU3.SA,9.25,9.25,9.1899995803833,9.199999809265137,377300
2026-04-10 14:30:00+00:00,MGLU3.SA,9.199999809265137,9.220000267028809,9.15999984741211,9.180000305175781,344800
2026-04-10 14:35:00+00:00,MGLU3.SA,9.180000305175781,9.199999809265137,9.170000076293945,9.180000305175781,232800
2026-04-10 14:40:00+00:00,MGLU3.SA,9.180000305175781,9.1899995803833,9.130000114440918,9.149999618530273,261800
2026-04-10 14:45:00+00:00,MGLU3.SA,9.149999618530273,9.149999618530273,9.130000114440918,9.130000114440918,117300
2026-04-10 14:50:00+00:00,MGLU3.SA,9.130000114440918,9.140000343322754,9.109999656677246,9.119999885559082,212400
2026-04-10 14:55:00+00:00,MGLU3.SA,9.119999885559082,9.140000343322754,9.09000015258789,9.109999656677246,340700
2026-04-10 15:00:00+00:00,MGLU3.SA,9.109999656677246,9.119999885559082,9.100000381469727,9.100000381469727,70100
2026-04-10 15:05:00+00:00,MGLU3.SA,9.100000381469727,9.15999984741211,9.09000015258789,9.15999984741211,185700
2026-04-10 15:10:00+00:00,MGLU3.SA,9.15999984741211,9.170000076293945,9.130000114440918,9.149999618530273,194000
2026-04-10 15:15:00+00:00,MGLU3.SA,9.15999984741211,9.180000305175781,9.130000114440918,9.140000343322754,103900
2026-04-10 15:20:00+00:00,MGLU3.SA,9.130000114440918,9.170000076293945,9.130000114440918,9.15999984741211,99100
2026-04-10 15:25:00+00:00,MGLU3.SA,9.15999984741211,9.15999984741211,9.119999885559082,9.140000343322754,63600
2026-04-10 15:30:00+00:00,MGLU3.SA,9.140000343322754,9.15999984741211,9.119999885559082,9.130000114440918,145600
2026-04-10 15:35:00+00:00,MGLU3.SA,9.119999885559082,9.140000343322754,9.119999885559082,9.140000343322754,86600
2026-04-10 15:40:00+00:00,MGLU3.SA,9.130000114440918,9.140000343322754,9.119999885559082,9.140000343322754,27000
2026-04-10 15:45:00+00:00,MGLU3.SA,9.130000114440918,9.15999984741211,9.119999885559082,9.119999885559082,70600
2026-04-10 15:50:00+00:00,MGLU3.SA,9.119999885559082,9.130000114440918,9.069999694824219,9.079999923706055,414000
2026-04-10 15:55:00+00:00,MGLU3.SA,9.069999694824219,9.09000015258789,9.029999732971191,9.050000190734863,355800
2026-04-10 16:00:00+00:00,MGLU3.SA,9.050000190734863,9.050000190734863,9.029999732971191,9.039999961853027,184200
2026-04-10 16:05:00+00:00,MGLU3.SA,9.039999961853027,9.050000190734863,9.039999961853027,9.050000190734863,55600
2026-04-10 16:10:00+00:00,MGLU3.SA,9.050000190734863,9.069999694824219,9.039999961853027,9.069999694824219,245900
2026-04-10 16:15:00+00:00,MGLU3.SA,9.079999923706055,9.09000015258789,9.079999923706055,9.079999923706055,108900
2026-04-10 16:20:00+00:00,MGLU3.SA,9.079999923706055,9.100000381469727,9.069999694824219,9.100000381469727,65100
2026-04-10 16:25:00+00:00,MGLU3.SA,9.100000381469727,9.109999656677246,9.09000015258789,9.109999656677246,78600
2026-04-10 16:30:00+00:00,MGLU3.SA,9.100000381469727,9.119999885559082,9.100000381469727,9.109999656677246,39000
2026-04-10 16:35:00+00:00,MGLU3.SA,9.100000381469727,9.109999656677246,9.100000381469727,9.109999656677246,45500
2026-04-10 16:40:00+00:00,MGLU3.SA,9.109999656677246,9.109999656677246,9.09000015258789,9.09000015258789,59700
2026-04-10 16:45:00+00:00,MGLU3.SA,9.079999923706055,9.09000015258789,9.0600004196167,9.069999694824219,99700
2026-04-10 16:50:00+00:00,MGLU3.SA,9.069999694824219,9.100000381469727,9.069999694824219,9.100000381469727,56500
2026-04-10 16:55:00+00:00,MGLU3.SA,9.09000015258789,9.100000381469727,9.09000015258789,9.09000015258789,35100
2026-04-10 17:00:00+00:00,MGLU3.SA,9.100000381469727,9.100000381469727,9.069999694824219,9.079999923706055,50000
2026-04-10 17:05:00+00:00,MGLU3.SA,9.079999923706055,9.09000015258789,9.0600004196167,9.09000015258789,65700
2026-04-10 17:10:00+00:00,MGLU3.SA,9.09000015258789,9.100000381469727,9.079999923706055,9.09000015258789,28500
2026-04-10 17:15:00+00:00,MGLU3.SA,9.100000381469727,9.100000381469727,9.079999923706055,9.09000015258789,30600
2026-04-10 17:20:00+00:00,MGLU3.SA,9.09000015258789,9.09000015258789,9.069999694824219,9.079999923706055,51500
2026-04-10 17:25:00+00:00,MGLU3.SA,9.09000015258789,9.09000015258789,9.069999694824219,9.069999694824219,35500
2026-04-10 17:30:00+00:00,MGLU3.SA,9.069999694824219,9.079999923706055,9.0600004196167,9.079999923706055,45700
2026-04-10 17:35:00+00:00,MGLU3.SA,9.079999923706055,9.079999923706055,9.069999694824219,9.079999923706055,76800
2026-04-10 17:40:00+00:00,MGLU3.SA,9.079999923706055,9.079999923706055,9.069999694824219,9.079999923706055,44000
2026-04-10 17:45:00+00:00,MGLU3.SA,9.079999923706055,9.100000381469727,9.079999923706055,9.09000015258789,89600
2026-04-10 17:50:00+00:00,MGLU3.SA,9.100000381469727,9.119999885559082,9.09000015258789,9.119999885559082,90700
2026-04-10 17:55:00+00:00,MGLU3.SA,9.119999885559082,9.119999885559082,9.100000381469727,9.100000381469727,46000
2026-04-10 18:00:00+00:00,MGLU3.SA,9.100000381469727,9.100000381469727,9.09000015258789,9.09000015258789,32900
2026-04-10 18:05:00+00:00,MGLU3.SA,9.100000381469727,9.100000381469727,9.079999923706055,9.079999923706055,52400
2026-04-10 18:10:00+00:00,MGLU3.SA,9.09000015258789,9.100000381469727,9.079999923706055,9.100000381469727,65000
2026-04-10 18:15:00+00:00,MGLU3.SA,9.100000381469727,9.109999656677246,9.079999923706055,9.109999656677246,248100
2026-04-10 18:20:00+00:00,MGLU3.SA,9.119999885559082,9.140000343322754,9.109999656677246,9.119999885559082,149600
2026-04-10 18:25:00+00:00,MGLU3.SA,9.119999885559082,9.130000114440918,9.109999656677246,9.119999885559082,26200
2026-04-10 18:30:00+00:00,MGLU3.SA,9.119999885559082,9.140000343322754,9.119999885559082,9.140000343322754,77700
2026-04-10 18:35:00+00:00,MGLU3.SA,9.130000114440918,9.149999618530273,9.119999885559082,9.130000114440918,174000
2026-04-10 18:40:00+00:00,MGLU3.SA,9.130000114440918,9.140000343322754,9.109999656677246,9.119999885559082,92200
2026-04-10 18:45:00+00:00,MGLU3.SA,9.109999656677246,9.119999885559082,9.09000015258789,9.100000381469727,145200
2026-04-10 18:50:00+00:00,MGLU3.SA,9.100000381469727,9.119999885559082,9.09000015258789,9.109999656677246,54800
2026-04-10 18:55:00+00:00,MGLU3.SA,9.109999656677246,9.109999656677246,9.09000015258789,9.109999656677246,32600
2026-04-10 19:00:00+00:00,MGLU3.SA,9.100000381469727,9.109999656677246,9.09000015258789,9.09000015258789,40600
2026-04-10 19:05:00+00:00,MGLU3.SA,9.100000381469727,9.109999656677246,9.09000015258789,9.109999656677246,43300
2026-04-10 19:10:00+00:00,MGLU3.SA,9.109999656677246,9.119999885559082,9.100000381469727,9.109999656677246,56600
2026-04-10 19:15:00+00:00,MGLU3.SA,9.109999656677246,9.119999885559082,9.100000381469727,9.100000381469727,91600
2026-04-10 19:20:00+00:00,MGLU3.SA,9.109999656677246,9.109999656677246,9.069999694824219,9.109999656677246,334200
2026-04-10 19:25:00+00:00,MGLU3.SA,9.119999885559082,9.130000114440918,9.109999656677246,9.119999885559082,88200
2026-04-10 19:30:00+00:00,MGLU3.SA,9.119999885559082,9.140000343322754,9.119999885559082,9.119999885559082,150200
2026-04-10 19:35:00+00:00,MGLU3.SA,9.130000114440918,9.140000343322754,9.130000114440918,9.130000114440918,102000
2026-04-10 19:40:00+00:00,MGLU3.SA,9.130000114440918,9.140000343322754,9.119999885559082,9.130000114440918,147100
2026-04-10 19:45:00+00:00,MGLU3.SA,9.140000343322754,9.140000343322754,9.119999885559082,9.130000114440918,221100
2026-04-10 19:50:00+00:00,MGLU3.SA,9.130000114440918,9.1899995803833,9.119999885559082,9.180000305175781,521200
2026-04-13 13:05:00+00:00,MGLU3.SA,8.949999809265137,9.0,8.920000076293945,9.0,209100
2026-04-13 13:10:00+00:00,MGLU3.SA,9.0,9.039999961853027,8.949999809265137,8.960000038146973,405900
2026-04-13 13:15:00+00:00,MGLU3.SA,8.979999542236328,9.029999732971191,8.979999542236328,9.020000457763672,204600
2026-04-13 13:20:00+00:00,MGLU3.SA,9.020000457763672,9.039999961853027,9.0,9.039999961853027,79600
2026-04-13 13:25:00+00:00,MGLU3.SA,9.029999732971191,9.079999923706055,9.020000457763672,9.079999923706055,186400
2026-04-13 13:30:00+00:00,MGLU3.SA,9.079999923706055,9.079999923706055,9.039999961853027,9.050000190734863,113700
2026-04-13 13:35:00+00:00,MGLU3.SA,9.039999961853027,9.050000190734863,9.010000228881836,9.020000457763672,90900
2026-04-13 13:40:00+00:00,MGLU3.SA,9.020000457763672,9.050000190734863,9.010000228881836,9.010000228881836,121300
2026-04-13 13:45:00+00:00,MGLU3.SA,9.020000457763672,9.039999961853027,8.979999542236328,9.039999961853027,227200
2026-04-13 13:50:00+00:00,MGLU3.SA,9.039999961853027,9.130000114440918,9.039999961853027,9.119999885559082,386200
2026-04-13 13:55:00+00:00,MGLU3.SA,9.119999885559082,9.1899995803833,9.119999885559082,9.1899995803833,478500
2026-04-13 14:00:00+00:00,MGLU3.SA,9.170000076293945,9.199999809265137,9.130000114440918,9.170000076293945,238200
2026-04-13 14:05:00+00:00,MGLU3.SA,9.15999984741211,9.170000076293945,9.140000343322754,9.15999984741211,104900
2026-04-13 14:10:00+00:00,MGLU3.SA,9.149999618530273,9.1899995803833,9.130000114440918,9.170000076293945,166800
2026-04-13 14:15:00+00:00,MGLU3.SA,9.170000076293945,9.170000076293945,9.109999656677246,9.140000343322754,136100
2026-04-13 14:20:00+00:00,MGLU3.SA,9.130000114440918,9.149999618530273,9.109999656677246,9.130000114440918,226800
2026-04-13 14:25:00+00:00,MGLU3.SA,9.130000114440918,9.130000114440918,9.09000015258789,9.09000015258789,222200
2026-04-13 14:30:00+00:00,MGLU3.SA,9.100000381469727,9.130000114440918,9.079999923706055,9.119999885559082,140400
2026-04-13 14:35:00+00:00,MGLU3.SA,9.109999656677246,9.130000114440918,9.100000381469727,9.100000381469727,62000
2026-04-13 14:40:00+00:00,MGLU3.SA,9.100000381469727,9.109999656677246,9.0600004196167,9.069999694824219,270900
2026-04-13 14:45:00+00:00,MGLU3.SA,9.069999694824219,9.079999923706055,9.050000190734863,9.0600004196167,83200
2026-04-13 14:50:00+00:00,MGLU3.SA,9.0600004196167,9.100000381469727,9.050000190734863,9.069999694824219,80200
2026-04-13 14:55:00+00:00,MGLU3.SA,9.069999694824219,9.079999923706055,9.050000190734863,9.0600004196167,87000
2026-04-13 15:00:00+00:00,MGLU3.SA,9.050000190734863,9.069999694824219,9.029999732971191,9.029999732971191,294600
2026-04-13 15:05:00+00:00,MGLU3.SA,9.029999732971191,9.050000190734863,9.029999732971191,9.029999732971191,48600
2026-04-13 15:10:00+00:00,MGLU3.SA,9.029999732971191,9.050000190734863,8.949999809265137,8.949999809265137,633400
2026-04-13 15:15:00+00:00,MGLU3.SA,8.949999809265137,8.979999542236328,8.949999809265137,8.960000038146973,296600
2026-04-13 15:20:00+00:00,MGLU3.SA,8.960000038146973,8.989999771118164,8.960000038146973,8.979999542236328,85900
2026-04-13 15:25:00+00:00,MGLU3.SA,8.979999542236328,9.010000228881836,8.979999542236328,9.010000228881836,125900
2026-04-13 15:30:00+00:00,MGLU3.SA,9.0,9.010000228881836,8.979999542236328,8.989999771118164,81600
2026-04-13 15:35:00+00:00,MGLU3.SA,8.989999771118164,9.039999961853027,8.989999771118164,9.029999732971191,170100
2026-04-13 15:40:00+00:00,MGLU3.SA,9.029999732971191,9.050000190734863,9.029999732971191,9.050000190734863,61400
2026-04-13 15:45:00+00:00,MGLU3.SA,9.0600004196167,9.109999656677246,9.0600004196167,9.09000015258789,146900
2026-04-13 15:50:00+00:00,MGLU3.SA,9.09000015258789,9.100000381469727,9.069999694824219,9.079999923706055,139500
2026-04-13 15:55:00+00:00,MGLU3.SA,9.079999923706055,9.09000015258789,9.069999694824219,9.09000015258789,42400
2026-04-13 16:00:00+00:00,MGLU3.SA,9.09000015258789,9.100000381469727,9.079999923706055,9.09000015258789,41100
2026-04-13 16:05:00+00:00,MGLU3.SA,9.100000381469727,9.130000114440918,9.100000381469727,9.119999885559082,246700
2026-04-13 16:10:00+00:00,MGLU3.SA,9.109999656677246,9.119999885559082,9.100000381469727,9.119999885559082,51800
2026-04-13 16:15:00+00:00,MGLU3.SA,9.119999885559082,9.140000343322754,9.109999656677246,9.130000114440918,93100
2026-04-13 16:20:00+00:00,MGLU3.SA,9.130000114440918,9.15999984741211,9.130000114440918,9.149999618530273,330000
2026-04-13 16:25:00+00:00,MGLU3.SA,9.149999618530273,9.220000267028809,9.130000114440918,9.210000038146973,627600
2026-04-13 16:30:00+00:00,MGLU3.SA,9.210000038146973,9.220000267028809,9.1899995803833,9.199999809265137,225700
2026-04-13 16:35:00+00:00,MGLU3.SA,9.210000038146973,9.239999771118164,9.170000076293945,9.180000305175781,266900
2026-04-13 16:40:00+00:00,MGLU3.SA,9.170000076293945,9.199999809265137,9.170000076293945,9.180000305175781,180800
2026-04-13 16:45:00+00:00,MGLU3.SA,9.1899995803833,9.210000038146973,9.180000305175781,9.199999809265137,50800
2026-04-13 16:50:00+00:00,MGLU3.SA,9.199999809265137,9.220000267028809,9.180000305175781,9.180000305175781,160500
2026-04-13 16:55:00+00:00,MGLU3.SA,9.180000305175781,9.1899995803833,9.15999984741211,9.180000305175781,184700
2026-04-13 17:00:00+00:00,MGLU3.SA,9.170000076293945,9.1899995803833,9.170000076293945,9.1899995803833,74600
2026-04-13 17:05:00+00:00,MGLU3.SA,9.1899995803833,9.1899995803833,9.170000076293945,9.1899995803833,53100
2026-04-13 17:10:00+00:00,MGLU3.SA,9.1899995803833,9.270000457763672,9.180000305175781,9.260000228881836,406700
2026-04-13 17:15:00+00:00,MGLU3.SA,9.260000228881836,9.289999961853027,9.239999771118164,9.279999732971191,168400
2026-04-13 17:20:00+00:00,MGLU3.SA,9.279999732971191,9.300000190734863,9.270000457763672,9.300000190734863,183400
2026-04-13 17:25:00+00:00,MGLU3.SA,9.289999961853027,9.3100004196167,9.279999732971191,9.3100004196167,189600
2026-04-13 17:30:00+00:00,MGLU3.SA,9.300000190734863,9.319999694824219,9.300000190734863,9.319999694824219,212700
2026-04-13 17:35:00+00:00,MGLU3.SA,9.319999694824219,9.34000015258789,9.3100004196167,9.319999694824219,191000
2026-04-13 17:40:00+00:00,MGLU3.SA,9.319999694824219,9.350000381469727,9.3100004196167,9.329999923706055,139100
2026-04-13 17:45:00+00:00,MGLU3.SA,9.3100004196167,9.329999923706055,9.300000190734863,9.319999694824219,147000
2026-04-13 17:50:00+00:00,MGLU3.SA,9.319999694824219,9.350000381469727,9.3100004196167,9.350000381469727,295000
2026-04-13 17:55:00+00:00,MGLU3.SA,9.350000381469727,9.369999885559082,9.34000015258789,9.34000015258789,83900
2026-04-13 18:00:00+00:00,MGLU3.SA,9.329999923706055,9.359999656677246,9.329999923706055,9.34000015258789,97700
2026-04-13 18:05:00+00:00,MGLU3.SA,9.350000381469727,9.359999656677246,9.34000015258789,9.350000381469727,67300
2026-04-13 18:10:00+00:00,MGLU3.SA,9.34000015258789,9.359999656677246,9.34000015258789,9.34000015258789,150800
2026-04-13 18:15:00+00:00,MGLU3.SA,9.34000015258789,9.34000015258789,9.3100004196167,9.3100004196167,107900
2026-04-13 18:20:00+00:00,MGLU3.SA,9.3100004196167,9.319999694824219,9.289999961853027,9.289999961853027,139200
2026-04-13 18:25:00+00:00,MGLU3.SA,9.300000190734863,9.300000190734863,9.260000228881836,9.279999732971191,185600
2026-04-13 18:30:00+00:00,MGLU3.SA,9.270000457763672,9.279999732971191,9.260000228881836,9.270000457763672,42800
2026-04-13 18:35:00+00:00,MGLU3.SA,9.270000457763672,9.289999961853027,9.260000228881836,9.260000228881836,102800
2026-04-13 18:40:00+00:00,MGLU3.SA,9.270000457763672,9.279999732971191,9.260000228881836,9.270000457763672,75000
2026-04-13 18:45:00+00:00,MGLU3.SA,9.279999732971191,9.300000190734863,9.279999732971191,9.289999961853027,58700
2026-04-13 18:50:00+00:00,MGLU3.SA,9.289999961853027,9.329999923706055,9.289999961853027,9.329999923706055,182200
2026-04-13 18:55:00+00:00,MGLU3.SA,9.319999694824219,9.329999923706055,9.300000190734863,9.300000190734863,107300
2026-04-13 19:00:00+00:00,MGLU3.SA,9.300000190734863,9.329999923706055,9.289999961853027,9.300000190734863,105000
2026-04-13 19:05:00+00:00,MGLU3.SA,9.289999961853027,9.300000190734863,9.270000457763672,9.270000457763672,90300
2026-04-13 19:10:00+00:00,MGLU3.SA,9.279999732971191,9.289999961853027,9.270000457763672,9.289999961853027,36500
2026-04-13 19:15:00+00:00,MGLU3.SA,9.279999732971191,9.300000190734863,9.270000457763672,9.300000190734863,78600
2026-04-13 19:20:00+00:00,MGLU3.SA,9.300000190734863,9.300000190734863,9.289999961853027,9.300000190734863,60700
2026-04-13 19:25:00+00:00,MGLU3.SA,9.300000190734863,9.300000190734863,9.279999732971191,9.289999961853027,114400
2026-04-13 19:30:00+00:00,MGLU3.SA,9.300000190734863,9.300000190734863,9.279999732971191,9.289999961853027,83000
2026-04-13 19:35:00+00:00,MGLU3.SA,9.300000190734863,9.3100004196167,9.279999732971191,9.279999732971191,143500
2026-04-13 19:40:00+00:00,MGLU3.SA,9.279999732971191,9.289999961853027,9.260000228881836,9.270000457763672,224700
2026-04-13 19:45:00+00:00,MGLU3.SA,9.260000228881836,9.270000457763672,9.25,9.270000457763672,116900
2026-04-13 19:50:00+00:00,MGLU3.SA,9.270000457763672,9.279999732971191,9.25,9.270000457763672,137500
2026-04-13 19:55:00+00:00,MGLU3.SA,9.270000457763672,9.270000457763672,9.270000457763672,9.270000457763672,0
2026-04-14 13:00:00+00:00,MGLU3.SA,9.300000190734863,9.34000015258789,9.279999732971191,9.3100004196167,0
2026-04-14 13:05:00+00:00,MGLU3.SA,9.3100004196167,9.34000015258789,9.270000457763672,9.319999694824219,232500
2026-04-14 13:10:00+00:00,MGLU3.SA,9.329999923706055,9.329999923706055,9.270000457763672,9.3100004196167,230200
2026-04-14 13:15:00+00:00,MGLU3.SA,9.3100004196167,9.399999618530273,9.270000457763672,9.380000114440918,456100
2026-04-14 13:20:00+00:00,MGLU3.SA,9.390000343322754,9.399999618530273,9.329999923706055,9.34000015258789,299000
2026-04-14 13:25:00+00:00,MGLU3.SA,9.329999923706055,9.369999885559082,9.319999694824219,9.359999656677246,97700
2026-04-14 13:30:00+00:00,MGLU3.SA,9.369999885559082,9.380000114440918,9.329999923706055,9.380000114440918,128200
2026-04-14 13:35:00+00:00,MGLU3.SA,9.380000114440918,9.4399995803833,9.369999885559082,9.420000076293945,247700
2026-04-14 13:40:00+00:00,MGLU3.SA,9.430000305175781,9.470000267028809,9.40999984741211,9.460000038146973,320900
2026-04-14 13:45:00+00:00,MGLU3.SA,9.460000038146973,9.460000038146973,9.380000114440918,9.390000343322754,432100
2026-04-14 13:50:00+00:00,MGLU3.SA,9.380000114440918,9.399999618530273,9.380000114440918,9.399999618530273,171000
2026-04-14 13:55:00+00:00,MGLU3.SA,9.399999618530273,9.40999984741211,9.380000114440918,9.380000114440918,95800
2026-04-14 14:00:00+00:00,MGLU3.SA,9.390000343322754,9.399999618530273,9.380000114440918,9.380000114440918,50300
2026-04-14 14:05:00+00:00,MGLU3.SA,9.390000343322754,9.399999618530273,9.369999885559082,9.399999618530273,177000
2026-04-14 14:10:00+00:00,MGLU3.SA,9.399999618530273,9.399999618530273,9.380000114440918,9.390000343322754,69300
2026-04-14 14:15:00+00:00,MGLU3.SA,9.380000114440918,9.390000343322754,9.350000381469727,9.359999656677246,132300
2026-04-14 14:20:00+00:00,MGLU3.SA,9.359999656677246,9.380000114440918,9.350000381469727,9.369999885559082,75500
2026-04-14 14:25:00+00:00,MGLU3.SA,9.380000114440918,9.390000343322754,9.359999656677246,9.369999885559082,42900
2026-04-14 14:30:00+00:00,MGLU3.SA,9.380000114440918,9.380000114440918,9.350000381469727,9.359999656677246,82100
2026-04-14 14:35:00+00:00,MGLU3.SA,9.359999656677246,9.380000114440918,9.350000381469727,9.350000381469727,54200
2026-04-14 14:40:00+00:00,MGLU3.SA,9.359999656677246,9.369999885559082,9.350000381469727,9.350000381469727,43800
2026-04-14 14:45:00+00:00,MGLU3.SA,9.359999656677246,9.369999885559082,9.329999923706055,9.329999923706055,207800
2026-04-14 14:50:00+00:00,MGLU3.SA,9.329999923706055,9.350000381469727,9.319999694824219,9.329999923706055,206200
2026-04-14 14:55:00+00:00,MGLU3.SA,9.329999923706055,9.359999656677246,9.319999694824219,9.350000381469727,126500
2026-04-14 15:00:00+00:00,MGLU3.SA,9.359999656677246,9.359999656677246,9.289999961853027,9.3100004196167,279800
2026-04-14 15:05:00+00:00,MGLU3.SA,9.3100004196167,9.319999694824219,9.270000457763672,9.279999732971191,242800
2026-04-14 15:10:00+00:00,MGLU3.SA,9.279999732971191,9.289999961853027,9.229999542236328,9.239999771118164,275700
2026-04-14 15:15:00+00:00,MGLU3.SA,9.229999542236328,9.239999771118164,9.180000305175781,9.220000267028809,538100
2026-04-14 15:20:00+00:00,MGLU3.SA,9.220000267028809,9.260000228881836,9.210000038146973,9.239999771118164,267400
2026-04-14 15:25:00+00:00,MGLU3.SA,9.25,9.270000457763672,9.239999771118164,9.239999771118164,91800
2026-04-14 15:30:00+00:00,MGLU3.SA,9.25,9.260000228881836,9.239999771118164,9.260000228881836,37700
2026-04-14 15:35:00+00:00,MGLU3.SA,9.260000228881836,9.270000457763672,9.239999771118164,9.25,96700
2026-04-14 15:40:00+00:00,MGLU3.SA,9.260000228881836,9.260000228881836,9.220000267028809,9.229999542236328,315400
2026-04-14 15:45:00+00:00,MGLU3.SA,9.239999771118164,9.239999771118164,9.199999809265137,9.220000267028809,158800
2026-04-14 15:50:00+00:00,MGLU3.SA,9.210000038146973,9.239999771118164,9.210000038146973,9.229999542236328,67700
2026-04-14 15:55:00+00:00,MGLU3.SA,9.239999771118164,9.239999771118164,9.220000267028809,9.220000267028809,51000
2026-04-14 16:00:00+00:00,MGLU3.SA,9.220000267028809,9.260000228881836,9.220000267028809,9.25,83500
2026-04-14 16:05:00+00:00,MGLU3.SA,9.260000228881836,9.260000228881836,9.239999771118164,9.25,46000
2026-04-14 16:10:00+00:00,MGLU3.SA,9.25,9.260000228881836,9.229999542236328,9.239999771118164,142900
2026-04-14 16:15:00+00:00,MGLU3.SA,9.239999771118164,9.25,9.210000038146973,9.229999542236328,136600
2026-04-14 16:20:00+00:00,MGLU3.SA,9.220000267028809,9.229999542236328,9.199999809265137,9.199999809265137,75100
2026-04-14 16:25:00+00:00,MGLU3.SA,9.199999809265137,9.239999771118164,9.199999809265137,9.220000267028809,82700
2026-04-14 16:30:00+00:00,MGLU3.SA,9.220000267028809,9.229999542236328,9.210000038146973,9.210000038146973,59100
2026-04-14 16:35:00+00:00,MGLU3.SA,9.229999542236328,9.229999542236328,9.1899995803833,9.220000267028809,208900
2026-04-14 16:40:00+00:00,MGLU3.SA,9.220000267028809,9.220000267028809,9.210000038146973,9.210000038146973,46900
2026-04-14 16:45:00+00:00,MGLU3.SA,9.220000267028809,9.220000267028809,9.199999809265137,9.210000038146973,72300
2026-04-14 16:50:00+00:00,MGLU3.SA,9.210000038146973,9.210000038146973,9.180000305175781,9.199999809265137,111500
2026-04-14 16:55:00+00:00,MGLU3.SA,9.199999809265137,9.199999809265137,9.180000305175781,9.1899995803833,117800
2026-04-14 17:00:00+00:00,MGLU3.SA,9.199999809265137,9.199999809265137,9.15999984741211,9.180000305175781,332200
2026-04-14 17:05:00+00:00,MGLU3.SA,9.1899995803833,9.199999809265137,9.180000305175781,9.1899995803833,102100
2026-04-14 17:10:00+00:00,MGLU3.SA,9.1899995803833,9.220000267028809,9.1899995803833,9.220000267028809,113500
2026-04-14 17:15:00+00:00,MGLU3.SA,9.210000038146973,9.239999771118164,9.199999809265137,9.210000038146973,196300
2026-04-14 17:20:00+00:00,MGLU3.SA,9.210000038146973,9.220000267028809,9.1899995803833,9.210000038146973,82900
2026-04-14 17:25:00+00:00,MGLU3.SA,9.199999809265137,9.210000038146973,9.1899995803833,9.1899995803833,43700
2026-04-14 17:30:00+00:00,MGLU3.SA,9.199999809265137,9.199999809265137,9.180000305175781,9.199999809265137,79200
2026-04-14 17:35:00+00:00,MGLU3.SA,9.210000038146973,9.210000038146973,9.199999809265137,9.210000038146973,28800
2026-04-14 17:40:00+00:00,MGLU3.SA,9.199999809265137,9.220000267028809,9.199999809265137,9.210000038146973,57700
2026-04-14 17:45:00+00:00,MGLU3.SA,9.210000038146973,9.220000267028809,9.199999809265137,9.210000038146973,52900
2026-04-14 17:50:00+00:00,MGLU3.SA,9.220000267028809,9.220000267028809,9.210000038146973,9.220000267028809,34900
2026-04-14 17:55:00+00:00,MGLU3.SA,9.210000038146973,9.220000267028809,9.199999809265137,9.199999809265137,97100
2026-04-14 18:00:00+00:00,MGLU3.SA,9.210000038146973,9.210000038146973,9.199999809265137,9.210000038146973,44100
2026-04-14 18:05:00+00:00,MGLU3.SA,9.210000038146973,9.220000267028809,9.199999809265137,9.210000038146973,40700
2026-04-14 18:10:00+00:00,MGLU3.SA,9.220000267028809,9.220000267028809,9.199999809265137,9.199999809265137,74900
2026-04-14 18:15:00+00:00,MGLU3.SA,9.199999809265137,9.210000038146973,9.1899995803833,9.199999809265137,84700
2026-04-14 18:20:00+00:00,MGLU3.SA,9.199999809265137,9.199999809265137,9.180000305175781,9.180000305175781,65400
2026-04-14 18:25:00+00:00,MGLU3.SA,9.180000305175781,9.210000038146973,9.180000305175781,9.199999809265137,126400
2026-04-14 18:30:00+00:00,MGLU3.SA,9.210000038146973,9.210000038146973,9.170000076293945,9.180000305175781,197500
2026-04-14 18:35:00+00:00,MGLU3.SA,9.180000305175781,9.199999809265137,9.180000305175781,9.1899995803833,56900
2026-04-14 18:40:00+00:00,MGLU3.SA,9.1899995803833,9.199999809265137,9.180000305175781,9.180000305175781,95600
2026-04-14 18:45:00+00:00,MGLU3.SA,9.1899995803833,9.199999809265137,9.180000305175781,9.180000305175781,64200
2026-04-14 18:50:00+00:00,MGLU3.SA,9.180000305175781,9.239999771118164,9.180000305175781,9.239999771118164,256800
2026-04-14 18:55:00+00:00,MGLU3.SA,9.220000267028809,9.229999542236328,9.210000038146973,9.220000267028809,129600
2026-04-14 19:00:00+00:00,MGLU3.SA,9.229999542236328,9.260000228881836,9.220000267028809,9.239999771118164,393500
2026-04-14 19:05:00+00:00,MGLU3.SA,9.25,9.25,9.220000267028809,9.239999771118164,159900
2026-04-14 19:10:00+00:00,MGLU3.SA,9.229999542236328,9.260000228881836,9.229999542236328,9.25,217300
2026-04-14 19:15:00+00:00,MGLU3.SA,9.239999771118164,9.270000457763672,9.239999771118164,9.270000457763672,210500
2026-04-14 19:20:00+00:00,MGLU3.SA,9.270000457763672,9.3100004196167,9.260000228881836,9.270000457763672,512500
2026-04-14 19:25:00+00:00,MGLU3.SA,9.270000457763672,9.279999732971191,9.25,9.279999732971191,248600
2026-04-14 19:30:00+00:00,MGLU3.SA,9.270000457763672,9.289999961853027,9.25,9.270000457763672,172300
2026-04-14 19:35:00+00:00,MGLU3.SA,9.270000457763672,9.289999961853027,9.270000457763672,9.270000457763672,233100
2026-04-14 19:40:00+00:00,MGLU3.SA,9.270000457763672,9.289999961853027,9.270000457763672,9.279999732971191,151000
2026-04-14 19:45:00+00:00,MGLU3.SA,9.279999732971191,9.289999961853027,9.270000457763672,9.279999732971191,180800
2026-04-14 19:50:00+00:00,MGLU3.SA,9.289999961853027,9.300000190734863,9.270000457763672,9.279999732971191,159700
2026-04-15 13:00:00+00:00,MGLU3.SA,9.229999542236328,9.350000381469727,9.229999542236328,9.329999923706055,0
2026-04-15 13:05:00+00:00,MGLU3.SA,9.329999923706055,9.380000114440918,9.300000190734863,9.350000381469727,633800
2026-04-15 13:10:00+00:00,MGLU3.SA,9.350000381469727,9.399999618530273,9.34000015258789,9.390000343322754,408200
2026-04-15 13:15:00+00:00,MGLU3.SA,9.390000343322754,9.420000076293945,9.350000381469727,9.380000114440918,427800
2026-04-15 13:20:00+00:00,MGLU3.SA,9.359999656677246,9.390000343322754,9.350000381469727,9.380000114440918,141700
2026-04-15 13:25:00+00:00,MGLU3.SA,9.369999885559082,9.399999618530273,9.369999885559082,9.399999618530273,190800
2026-04-15 13:30:00+00:00,MGLU3.SA,9.390000343322754,9.399999618530273,9.369999885559082,9.390000343322754,241000
2026-04-15 13:35:00+00:00,MGLU3.SA,9.399999618530273,9.40999984741211,9.380000114440918,9.399999618530273,466000
2026-04-15 13:40:00+00:00,MGLU3.SA,9.399999618530273,9.399999618530273,9.369999885559082,9.369999885559082,121300
2026-04-15 13:45:00+00:00,MGLU3.SA,9.369999885559082,9.380000114440918,9.3100004196167,9.34000015258789,284700
2026-04-15 13:50:00+00:00,MGLU3.SA,9.350000381469727,9.350000381469727,9.319999694824219,9.319999694824219,281600
2026-04-15 13:55:00+00:00,MGLU3.SA,9.319999694824219,9.329999923706055,9.279999732971191,9.300000190734863,292700
2026-04-15 14:00:00+00:00,MGLU3.SA,9.3100004196167,9.3100004196167,9.25,9.25,208300
2026-04-15 14:05:00+00:00,MGLU3.SA,9.25,9.279999732971191,9.25,9.270000457763672,135200
2026-04-15 14:10:00+00:00,MGLU3.SA,9.270000457763672,9.279999732971191,9.25,9.270000457763672,100600
2026-04-15 14:15:00+00:00,MGLU3.SA,9.260000228881836,9.270000457763672,9.180000305175781,9.199999809265137,305400
2026-04-15 14:20:00+00:00,MGLU3.SA,9.1899995803833,9.229999542236328,9.180000305175781,9.220000267028809,384700
2026-04-15 14:25:00+00:00,MGLU3.SA,9.229999542236328,9.239999771118164,9.1899995803833,9.1899995803833,342300
2026-04-15 14:30:00+00:00,MGLU3.SA,9.1899995803833,9.210000038146973,9.180000305175781,9.210000038146973,86000
2026-04-15 14:35:00+00:00,MGLU3.SA,9.210000038146973,9.220000267028809,9.199999809265137,9.210000038146973,165900
2026-04-15 14:40:00+00:00,MGLU3.SA,9.199999809265137,9.210000038146973,9.1899995803833,9.210000038146973,72600
2026-04-15 14:45:00+00:00,MGLU3.SA,9.199999809265137,9.239999771118164,9.199999809265137,9.239999771118164,85100
2026-04-15 14:50:00+00:00,MGLU3.SA,9.239999771118164,9.260000228881836,9.220000267028809,9.220000267028809,134800
2026-04-15 14:55:00+00:00,MGLU3.SA,9.220000267028809,9.239999771118164,9.220000267028809,9.220000267028809,91100
2026-04-15 15:00:00+00:00,MGLU3.SA,9.210000038146973,9.220000267028809,9.199999809265137,9.199999809265137,35900
2026-04-15 15:05:00+00:00,MGLU3.SA,9.199999809265137,9.220000267028809,9.199999809265137,9.220000267028809,64600
2026-04-15 15:10:00+00:00,MGLU3.SA,9.220000267028809,9.239999771118164,9.210000038146973,9.229999542236328,79400
2026-04-15 15:15:00+00:00,MGLU3.SA,9.229999542236328,9.239999771118164,9.229999542236328,9.239999771118164,24800
2026-04-15 15:20:00+00:00,MGLU3.SA,9.229999542236328,9.25,9.229999542236328,9.25,41500
2026-04-15 15:25:00+00:00,MGLU3.SA,9.25,9.260000228881836,9.239999771118164,9.25,111600
2026-04-15 15:30:00+00:00,MGLU3.SA,9.239999771118164,9.25,9.220000267028809,9.220000267028809,52700
2026-04-15 15:35:00+00:00,MGLU3.SA,9.220000267028809,9.25,9.210000038146973,9.239999771118164,105800
2026-04-15 15:40:00+00:00,MGLU3.SA,9.239999771118164,9.25,9.239999771118164,9.239999771118164,40500
2026-04-15 15:45:00+00:00,MGLU3.SA,9.239999771118164,9.25,9.229999542236328,9.239999771118164,44000
2026-04-15 15:50:00+00:00,MGLU3.SA,9.25,9.260000228881836,9.239999771118164,9.260000228881836,73000
2026-04-15 15:55:00+00:00,MGLU3.SA,9.25,9.270000457763672,9.25,9.270000457763672,70300
2026-04-15 16:00:00+00:00,MGLU3.SA,9.260000228881836,9.289999961853027,9.260000228881836,9.270000457763672,134900
2026-04-15 16:05:00+00:00,MGLU3.SA,9.260000228881836,9.279999732971191,9.260000228881836,9.279999732971191,46700
2026-04-15 16:10:00+00:00,MGLU3.SA,9.279999732971191,9.279999732971191,9.270000457763672,9.279999732971191,24300
2026-04-15 16:15:00+00:00,MGLU3.SA,9.279999732971191,9.279999732971191,9.260000228881836,9.270000457763672,54600
2026-04-15 16:20:00+00:00,MGLU3.SA,9.279999732971191,9.279999732971191,9.260000228881836,9.260000228881836,73900
2026-04-15 16:25:00+00:00,MGLU3.SA,9.260000228881836,9.260000228881836,9.25,9.260000228881836,36300
2026-04-15 16:30:00+00:00,MGLU3.SA,9.260000228881836,9.260000228881836,9.239999771118164,9.239999771118164,25200
2026-04-15 16:35:00+00:00,MGLU3.SA,9.239999771118164,9.25,9.220000267028809,9.220000267028809,100500
2026-04-15 16:40:00+00:00,MGLU3.SA,9.220000267028809,9.220000267028809,9.199999809265137,9.210000038146973,137700
2026-04-15 16:45:00+00:00,MGLU3.SA,9.210000038146973,9.220000267028809,9.199999809265137,9.210000038146973,112500
2026-04-15 16:50:00+00:00,MGLU3.SA,9.220000267028809,9.220000267028809,9.199999809265137,9.199999809265137,87700
2026-04-15 16:55:00+00:00,MGLU3.SA,9.199999809265137,9.220000267028809,9.199999809265137,9.210000038146973,89800
2026-04-15 17:00:00+00:00,MGLU3.SA,9.199999809265137,9.229999542236328,9.199999809265137,9.229999542236328,53000
2026-04-15 17:05:00+00:00,MGLU3.SA,9.220000267028809,9.239999771118164,9.220000267028809,9.239999771118164,62700
2026-04-15 17:10:00+00:00,MGLU3.SA,9.229999542236328,9.25,9.220000267028809,9.220000267028809,54700
2026-04-15 17:15:00+00:00,MGLU3.SA,9.220000267028809,9.229999542236328,9.220000267028809,9.229999542236328,22300
2026-04-15 17:20:00+00:00,MGLU3.SA,9.220000267028809,9.25,9.220000267028809,9.239999771118164,24900
2026-04-15 17:25:00+00:00,MGLU3.SA,9.239999771118164,9.260000228881836,9.239999771118164,9.260000228881836,57800
2026-04-15 17:30:00+00:00,MGLU3.SA,9.25,9.270000457763672,9.239999771118164,9.25,87500
2026-04-15 17:35:00+00:00,MGLU3.SA,9.25,9.260000228881836,9.25,9.25,19500
2026-04-15 17:40:00+00:00,MGLU3.SA,9.25,9.270000457763672,9.25,9.270000457763672,53100
2026-04-15 17:45:00+00:00,MGLU3.SA,9.260000228881836,9.270000457763672,9.25,9.25,49200
2026-04-15 17:50:00+00:00,MGLU3.SA,9.25,9.279999732971191,9.25,9.270000457763672,108900
2026-04-15 17:55:00+00:00,MGLU3.SA,9.270000457763672,9.34000015258789,9.270000457763672,9.3100004196167,462900
2026-04-15 18:00:00+00:00,MGLU3.SA,9.300000190734863,9.319999694824219,9.279999732971191,9.289999961853027,101600
2026-04-15 18:05:00+00:00,MGLU3.SA,9.289999961853027,9.329999923706055,9.279999732971191,9.329999923706055,167400
2026-04-15 18:10:00+00:00,MGLU3.SA,9.319999694824219,9.350000381469727,9.3100004196167,9.350000381469727,190100
2026-04-15 18:15:00+00:00,MGLU3.SA,9.34000015258789,9.359999656677246,9.329999923706055,9.350000381469727,155200
2026-04-15 18:20:00+00:00,MGLU3.SA,9.359999656677246,9.369999885559082,9.350000381469727,9.359999656677246,108600
2026-04-15 18:25:00+00:00,MGLU3.SA,9.369999885559082,9.380000114440918,9.359999656677246,9.369999885559082,130800
2026-04-15 18:30:00+00:00,MGLU3.SA,9.380000114440918,9.380000114440918,9.34000015258789,9.34000015258789,136600
2026-04-15 18:35:00+00:00,MGLU3.SA,9.350000381469727,9.369999885559082,9.34000015258789,9.359999656677246,137500
2026-04-15 18:40:00+00:00,MGLU3.SA,9.359999656677246,9.399999618530273,9.350000381469727,9.390000343322754,341200
2026-04-15 18:45:00+00:00,MGLU3.SA,9.390000343322754,9.40999984741211,9.390000343322754,9.399999618530273,393600
2026-04-15 18:50:00+00:00,MGLU3.SA,9.390000343322754,9.40999984741211,9.390000343322754,9.399999618530273,75900
2026-04-15 18:55:00+00:00,MGLU3.SA,9.399999618530273,9.40999984741211,9.390000343322754,9.390000343322754,118600
2026-04-15 19:00:00+00:00,MGLU3.SA,9.390000343322754,9.40999984741211,9.390000343322754,9.40999984741211,152500
2026-04-15 19:05:00+00:00,MGLU3.SA,9.399999618530273,9.40999984741211,9.399999618530273,9.399999618530273,73400
2026-04-15 19:10:00+00:00,MGLU3.SA,9.399999618530273,9.40999984741211,9.380000114440918,9.380000114440918,140100
2026-04-15 19:15:00+00:00,MGLU3.SA,9.380000114440918,9.399999618530273,9.369999885559082,9.399999618530273,205000
2026-04-15 19:20:00+00:00,MGLU3.SA,9.390000343322754,9.399999618530273,9.369999885559082,9.369999885559082,102000
2026-04-15 19:25:00+00:00,MGLU3.SA,9.369999885559082,9.380000114440918,9.369999885559082,9.380000114440918,49200
2026-04-15 19:30:00+00:00,MGLU3.SA,9.369999885559082,9.390000343322754,9.350000381469727,9.359999656677246,176200
2026-04-15 19:35:00+00:00,MGLU3.SA,9.359999656677246,9.380000114440918,9.359999656677246,9.380000114440918,116100
2026-04-15 19:40:00+00:00,MGLU3.SA,9.369999885559082,9.380000114440918,9.359999656677246,9.369999885559082,90700
2026-04-15 19:45:00+00:00,MGLU3.SA,9.359999656677246,9.380000114440918,9.350000381469727,9.359999656677246,335200
2026-04-15 19:50:00+00:00,MGLU3.SA,9.359999656677246,9.390000343322754,9.359999656677246,9.390000343322754,346300
2026-04-16 13:05:00+00:00,MGLU3.SA,9.4399995803833,9.4399995803833,9.319999694824219,9.350000381469727,267600
2026-04-16 13:10:00+00:00,MGLU3.SA,9.359999656677246,9.430000305175781,9.359999656677246,9.430000305175781,239100
2026-04-16 13:15:00+00:00,MGLU3.SA,9.430000305175781,9.4399995803833,9.40999984741211,9.40999984741211,160500
2026-04-16 13:20:00+00:00,MGLU3.SA,9.420000076293945,9.430000305175781,9.390000343322754,9.390000343322754,124100
2026-04-16 13:25:00+00:00,MGLU3.SA,9.390000343322754,9.40999984741211,9.369999885559082,9.380000114440918,91500
2026-04-16 13:30:00+00:00,MGLU3.SA,9.380000114440918,9.390000343322754,9.34000015258789,9.359999656677246,190000
2026-04-16 13:35:00+00:00,MGLU3.SA,9.359999656677246,9.380000114440918,9.350000381469727,9.350000381469727,60100
2026-04-16 13:40:00+00:00,MGLU3.SA,9.359999656677246,9.359999656677246,9.279999732971191,9.3100004196167,347200
2026-04-16 13:45:00+00:00,MGLU3.SA,9.3100004196167,9.329999923706055,9.289999961853027,9.319999694824219,242400
2026-04-16 13:50:00+00:00,MGLU3.SA,9.329999923706055,9.34000015258789,9.279999732971191,9.279999732971191,188800
2026-04-16 13:55:00+00:00,MGLU3.SA,9.279999732971191,9.300000190734863,9.260000228881836,9.279999732971191,313400
2026-04-16 14:00:00+00:00,MGLU3.SA,9.279999732971191,9.289999961853027,9.260000228881836,9.270000457763672,191800
2026-04-16 14:05:00+00:00,MGLU3.SA,9.270000457763672,9.279999732971191,9.260000228881836,9.260000228881836,79500
2026-04-16 14:10:00+00:00,MGLU3.SA,9.260000228881836,9.279999732971191,9.239999771118164,9.25,222500
2026-04-16 14:15:00+00:00,MGLU3.SA,9.25,9.300000190734863,9.229999542236328,9.229999542236328,363500
2026-04-16 14:20:00+00:00,MGLU3.SA,9.229999542236328,9.25,9.220000267028809,9.229999542236328,332500
2026-04-16 14:25:00+00:00,MGLU3.SA,9.239999771118164,9.260000228881836,9.229999542236328,9.25,97300
2026-04-16 14:30:00+00:00,MGLU3.SA,9.25,9.25,9.229999542236328,9.239999771118164,94100
2026-04-16 14:35:00+00:00,MGLU3.SA,9.229999542236328,9.229999542236328,9.199999809265137,9.210000038146973,214800
2026-04-16 14:40:00+00:00,MGLU3.SA,9.199999809265137,9.210000038146973,9.180000305175781,9.180000305175781,288700
2026-04-16 14:45:00+00:00,MGLU3.SA,9.1899995803833,9.220000267028809,9.180000305175781,9.210000038146973,233400
2026-04-16 14:50:00+00:00,MGLU3.SA,9.210000038146973,9.25,9.199999809265137,9.25,139400
2026-04-16 14:55:00+00:00,MGLU3.SA,9.25,9.25,9.220000267028809,9.229999542236328,54800
2026-04-16 15:00:00+00:00,MGLU3.SA,9.239999771118164,9.270000457763672,9.239999771118164,9.270000457763672,368900
2026-04-16 15:05:00+00:00,MGLU3.SA,9.270000457763672,9.289999961853027,9.25,9.289999961853027,150000
2026-04-16 15:10:00+00:00,MGLU3.SA,9.289999961853027,9.3100004196167,9.279999732971191,9.289999961853027,144900
2026-04-16 15:15:00+00:00,MGLU3.SA,9.300000190734863,9.3100004196167,9.279999732971191,9.289999961853027,126900
2026-04-16 15:20:00+00:00,MGLU3.SA,9.279999732971191,9.300000190734863,9.270000457763672,9.289999961853027,73100
2026-04-16 15:25:00+00:00,MGLU3.SA,9.289999961853027,9.289999961853027,9.270000457763672,9.270000457763672,29400
2026-04-16 15:30:00+00:00,MGLU3.SA,9.270000457763672,9.279999732971191,9.25,9.25,110400
2026-04-16 15:35:00+00:00,MGLU3.SA,9.25,9.260000228881836,9.239999771118164,9.25,108100
2026-04-16 15:40:00+00:00,MGLU3.SA,9.25,9.25,9.210000038146973,9.229999542236328,379100
2026-04-16 15:45:00+00:00,MGLU3.SA,9.229999542236328,9.239999771118164,9.199999809265137,9.210000038146973,399200
2026-04-16 15:50:00+00:00,MGLU3.SA,9.210000038146973,9.229999542236328,9.199999809265137,9.220000267028809,104400
2026-04-16 15:55:00+00:00,MGLU3.SA,9.220000267028809,9.300000190734863,9.220000267028809,9.260000228881836,508200
2026-04-16 16:00:00+00:00,MGLU3.SA,9.270000457763672,9.289999961853027,9.260000228881836,9.270000457763672,162400
2026-04-16 16:05:00+00:00,MGLU3.SA,9.270000457763672,9.279999732971191,9.260000228881836,9.270000457763672,17500
2026-04-16 16:10:00+00:00,MGLU3.SA,9.270000457763672,9.279999732971191,9.260000228881836,9.270000457763672,70400
2026-04-16 16:15:00+00:00,MGLU3.SA,9.260000228881836,9.289999961853027,9.260000228881836,9.279999732971191,111800
2026-04-16 16:20:00+00:00,MGLU3.SA,9.279999732971191,9.329999923706055,9.270000457763672,9.3100004196167,286300
2026-04-16 16:25:00+00:00,MGLU3.SA,9.3100004196167,9.329999923706055,9.3100004196167,9.319999694824219,81700
2026-04-16 16:30:00+00:00,MGLU3.SA,9.319999694824219,9.329999923706055,9.270000457763672,9.289999961853027,211000
2026-04-16 16:35:00+00:00,MGLU3.SA,9.289999961853027,9.300000190734863,9.289999961853027,9.289999961853027,29700
2026-04-16 16:40:00+00:00,MGLU3.SA,9.289999961853027,9.300000190734863,9.279999732971191,9.279999732971191,52300
2026-04-16 16:45:00+00:00,MGLU3.SA,9.289999961853027,9.289999961853027,9.210000038146973,9.25,568000
2026-04-16 16:50:00+00:00,MGLU3.SA,9.239999771118164,9.25,9.220000267028809,9.25,161900
2026-04-16 16:55:00+00:00,MGLU3.SA,9.25,9.260000228881836,9.239999771118164,9.25,55600
2026-04-16 17:00:00+00:00,MGLU3.SA,9.260000228881836,9.270000457763672,9.25,9.270000457763672,51600
2026-04-16 17:05:00+00:00,MGLU3.SA,9.270000457763672,9.270000457763672,9.25,9.270000457763672,37700
2026-04-16 17:10:00+00:00,MGLU3.SA,9.260000228881836,9.279999732971191,9.239999771118164,9.239999771118164,148700
2026-04-16 17:15:00+00:00,MGLU3.SA,9.239999771118164,9.25,9.220000267028809,9.229999542236328,142500
2026-04-16 17:20:00+00:00,MGLU3.SA,9.229999542236328,9.229999542236328,9.210000038146973,9.220000267028809,68500
2026-04-16 17:25:00+00:00,MGLU3.SA,9.229999542236328,9.239999771118164,9.220000267028809,9.220000267028809,53300
2026-04-16 17:30:00+00:00,MGLU3.SA,9.229999542236328,9.239999771118164,9.220000267028809,9.239999771118164,30600
2026-04-16 17:35:00+00:00,MGLU3.SA,9.229999542236328,9.239999771118164,9.220000267028809,9.229999542236328,83000
2026-04-16 17:40:00+00:00,MGLU3.SA,9.229999542236328,9.239999771118164,9.220000267028809,9.239999771118164,27100
2026-04-16 17:45:00+00:00,MGLU3.SA,9.229999542236328,9.239999771118164,9.220000267028809,9.229999542236328,46600
2026-04-16 17:50:00+00:00,MGLU3.SA,9.239999771118164,9.239999771118164,9.229999542236328,9.239999771118164,17000
2026-04-16 17:55:00+00:00,MGLU3.SA,9.239999771118164,9.239999771118164,9.220000267028809,9.220000267028809,65400
2026-04-16 18:00:00+00:00,MGLU3.SA,9.229999542236328,9.25,9.220000267028809,9.239999771118164,43800
2026-04-16 18:05:00+00:00,MGLU3.SA,9.239999771118164,9.260000228881836,9.229999542236328,9.239999771118164,95300
2026-04-16 18:10:00+00:00,MGLU3.SA,9.239999771118164,9.25,9.229999542236328,9.25,35400
2026-04-16 18:15:00+00:00,MGLU3.SA,9.239999771118164,9.260000228881836,9.239999771118164,9.260000228881836,34400
2026-04-16 18:20:00+00:00,MGLU3.SA,9.260000228881836,9.260000228881836,9.239999771118164,9.239999771118164,68700
2026-04-16 18:25:00+00:00,MGLU3.SA,9.239999771118164,9.270000457763672,9.239999771118164,9.260000228881836,47300
2026-04-16 18:30:00+00:00,MGLU3.SA,9.260000228881836,9.279999732971191,9.260000228881836,9.260000228881836,332600
2026-04-16 18:35:00+00:00,MGLU3.SA,9.270000457763672,9.279999732971191,9.260000228881836,9.260000228881836,44000
2026-04-16 18:40:00+00:00,MGLU3.SA,9.270000457763672,9.270000457763672,9.25,9.25,31500
2026-04-16 18:45:00+00:00,MGLU3.SA,9.25,9.260000228881836,9.239999771118164,9.239999771118164,53700
2026-04-16 18:50:00+00:00,MGLU3.SA,9.25,9.25,9.239999771118164,9.239999771118164,53700
2026-04-16 18:55:00+00:00,MGLU3.SA,9.239999771118164,9.25,9.229999542236328,9.239999771118164,89200
2026-04-16 19:00:00+00:00,MGLU3.SA,9.25,9.260000228881836,9.239999771118164,9.260000228881836,39900
2026-04-16 19:05:00+00:00,MGLU3.SA,9.260000228881836,9.279999732971191,9.25,9.270000457763672,134800
2026-04-16 19:10:00+00:00,MGLU3.SA,9.270000457763672,9.270000457763672,9.260000228881836,9.270000457763672,83700
2026-04-16 19:15:00+00:00,MGLU3.SA,9.260000228881836,9.289999961853027,9.260000228881836,9.289999961853027,130800
2026-04-16 19:20:00+00:00,MGLU3.SA,9.289999961853027,9.289999961853027,9.260000228881836,9.260000228881836,108100
2026-04-16 19:25:00+00:00,MGLU3.SA,9.260000228881836,9.270000457763672,9.260000228881836,9.270000457763672,87100
2026-04-16 19:30:00+00:00,MGLU3.SA,9.260000228881836,9.270000457763672,9.229999542236328,9.229999542236328,162900
2026-04-16 19:35:00+00:00,MGLU3.SA,9.239999771118164,9.25,9.239999771118164,9.239999771118164,88300
2026-04-16 19:40:00+00:00,MGLU3.SA,9.239999771118164,9.25,9.229999542236328,9.239999771118164,127500
2026-04-16 19:45:00+00:00,MGLU3.SA,9.229999542236328,9.239999771118164,9.220000267028809,9.239999771118164,508100
2026-04-16 19:50:00+00:00,MGLU3.SA,9.25,9.25,9.229999542236328,9.239999771118164,143400
2026-04-17 13:00:00+00:00,MGLU3.SA,9.380000114440918,9.510000228881836,9.380000114440918,9.479999542236328,0
2026-04-17 13:05:00+00:00,MGLU3.SA,9.470000267028809,9.760000228881836,9.4399995803833,9.680000305175781,2383100
2026-04-17 13:10:00+00:00,MGLU3.SA,9.680000305175781,9.760000228881836,9.649999618530273,9.65999984741211,605200
2026-04-17 13:15:00+00:00,MGLU3.SA,9.670000076293945,9.670000076293945,9.609999656677246,9.640000343322754,531800
2026-04-17 13:20:00+00:00,MGLU3.SA,9.640000343322754,9.720000267028809,9.630000114440918,9.710000038146973,427600
2026-04-17 13:25:00+00:00,MGLU3.SA,9.6899995803833,9.699999809265137,9.640000343322754,9.65999984741211,191500
2026-04-17 13:30:00+00:00,MGLU3.SA,9.670000076293945,9.670000076293945,9.630000114440918,9.649999618530273,199700
2026-04-17 13:35:00+00:00,MGLU3.SA,9.649999618530273,9.670000076293945,9.630000114440918,9.670000076293945,320400
2026-04-17 13:40:00+00:00,MGLU3.SA,9.65999984741211,9.65999984741211,9.600000381469727,9.649999618530273,318000
2026-04-17 13:45:00+00:00,MGLU3.SA,9.649999618530273,9.699999809265137,9.630000114440918,9.670000076293945,340200
2026-04-17 13:50:00+00:00,MGLU3.SA,9.670000076293945,9.6899995803833,9.65999984741211,9.680000305175781,479700
2026-04-17 13:55:00+00:00,MGLU3.SA,9.670000076293945,9.710000038146973,9.65999984741211,9.699999809265137,631600
2026-04-17 14:00:00+00:00,MGLU3.SA,9.699999809265137,9.710000038146973,9.640000343322754,9.649999618530273,118500
2026-04-17 14:05:00+00:00,MGLU3.SA,9.649999618530273,9.65999984741211,9.619999885559082,9.619999885559082,232800
2026-04-17 14:10:00+00:00,MGLU3.SA,9.619999885559082,9.640000343322754,9.59000015258789,9.600000381469727,330200
2026-04-17 14:15:00+00:00,MGLU3.SA,9.59000015258789,9.630000114440918,9.579999923706055,9.630000114440918,259800
2026-04-17 14:20:00+00:00,MGLU3.SA,9.630000114440918,9.640000343322754,9.600000381469727,9.640000343322754,155100
2026-04-17 14:25:00+00:00,MGLU3.SA,9.640000343322754,9.640000343322754,9.609999656677246,9.609999656677246,102900
2026-04-17 14:30:00+00:00,MGLU3.SA,9.609999656677246,9.619999885559082,9.5600004196167,9.579999923706055,196200
2026-04-17 14:35:00+00:00,MGLU3.SA,9.569999694824219,9.579999923706055,9.539999961853027,9.539999961853027,327400
2026-04-17 14:40:00+00:00,MGLU3.SA,9.539999961853027,9.569999694824219,9.539999961853027,9.569999694824219,375900
2026-04-17 14:45:00+00:00,MGLU3.SA,9.569999694824219,9.579999923706055,9.550000190734863,9.579999923706055,68500
2026-04-17 14:50:00+00:00,MGLU3.SA,9.569999694824219,9.569999694824219,9.390000343322754,9.460000038146973,919000
2026-04-17 14:55:00+00:00,MGLU3.SA,9.460000038146973,9.489999771118164,9.449999809265137,9.489999771118164,130300
2026-04-17 15:00:00+00:00,MGLU3.SA,9.479999542236328,9.5,9.420000076293945,9.420000076293945,252500
2026-04-17 15:05:00+00:00,MGLU3.SA,9.420000076293945,9.420000076293945,9.350000381469727,9.40999984741211,473600
2026-04-17 15:10:00+00:00,MGLU3.SA,9.40999984741211,9.40999984741211,9.359999656677246,9.369999885559082,200800
2026-04-17 15:15:00+00:00,MGLU3.SA,9.359999656677246,9.399999618530273,9.350000381469727,9.369999885559082,208000
2026-04-17 15:20:00+00:00,MGLU3.SA,9.369999885559082,9.420000076293945,9.369999885559082,9.420000076293945,233200
2026-04-17 15:25:00+00:00,MGLU3.SA,9.420000076293945,9.420000076293945,9.369999885559082,9.40999984741211,248900
2026-04-17 15:30:00+00:00,MGLU3.SA,9.420000076293945,9.4399995803833,9.40999984741211,9.430000305175781,126300
2026-04-17 15:35:00+00:00,MGLU3.SA,9.430000305175781,9.430000305175781,9.399999618530273,9.420000076293945,38000
2026-04-17 15:40:00+00:00,MGLU3.SA,9.420000076293945,9.420000076293945,9.390000343322754,9.399999618530273,66500
2026-04-17 15:45:00+00:00,MGLU3.SA,9.390000343322754,9.40999984741211,9.390000343322754,9.40999984741211,57700
2026-04-17 15:50:00+00:00,MGLU3.SA,9.399999618530273,9.40999984741211,9.399999618530273,9.40999984741211,25200
2026-04-17 15:55:00+00:00,MGLU3.SA,9.40999984741211,9.420000076293945,9.399999618530273,9.40999984741211,29300
2026-04-17 16:00:00+00:00,MGLU3.SA,9.40999984741211,9.40999984741211,9.369999885559082,9.369999885559082,144500
2026-04-17 16:05:00+00:00,MGLU3.SA,9.380000114440918,9.40999984741211,9.369999885559082,9.399999618530273,84200
2026-04-17 16:10:00+00:00,MGLU3.SA,9.40999984741211,9.40999984741211,9.380000114440918,9.390000343322754,45300
2026-04-17 16:15:00+00:00,MGLU3.SA,9.399999618530273,9.40999984741211,9.380000114440918,9.399999618530273,32500
2026-04-17 16:20:00+00:00,MGLU3.SA,9.399999618530273,9.420000076293945,9.390000343322754,9.40999984741211,52900
2026-04-17 16:25:00+00:00,MGLU3.SA,9.40999984741211,9.420000076293945,9.399999618530273,9.40999984741211,48900
2026-04-17 16:30:00+00:00,MGLU3.SA,9.40999984741211,9.40999984741211,9.390000343322754,9.399999618530273,113700
2026-04-17 16:35:00+00:00,MGLU3.SA,9.399999618530273,9.40999984741211,9.390000343322754,9.40999984741211,39300
2026-04-17 16:40:00+00:00,MGLU3.SA,9.40999984741211,9.40999984741211,9.369999885559082,9.380000114440918,163000
2026-04-17 16:45:00+00:00,MGLU3.SA,9.369999885559082,9.380000114440918,9.369999885559082,9.380000114440918,41800
2026-04-17 16:50:00+00:00,MGLU3.SA,9.380000114440918,9.390000343322754,9.350000381469727,9.359999656677246,146000
2026-04-17 16:55:00+00:00,MGLU3.SA,9.359999656677246,9.359999656677246,9.350000381469727,9.359999656677246,30000
2026-04-17 17:00:00+00:00,MGLU3.SA,9.350000381469727,9.369999885559082,9.34000015258789,9.359999656677246,132000
2026-04-17 17:05:00+00:00,MGLU3.SA,9.369999885559082,9.369999885559082,9.300000190734863,9.319999694824219,214500
2026-04-17 17:10:00+00:00,MGLU3.SA,9.319999694824219,9.329999923706055,9.3100004196167,9.319999694824219,88600
2026-04-17 17:15:00+00:00,MGLU3.SA,9.329999923706055,9.350000381469727,9.319999694824219,9.34000015258789,79700
2026-04-17 17:20:00+00:00,MGLU3.SA,9.34000015258789,9.34000015258789,9.279999732971191,9.300000190734863,207400
2026-04-17 17:25:00+00:00,MGLU3.SA,9.300000190734863,9.329999923706055,9.279999732971191,9.319999694824219,136500
2026-04-17 17:30:00+00:00,MGLU3.SA,9.319999694824219,9.319999694824219,9.300000190734863,9.319999694824219,29000
2026-04-17 17:35:00+00:00,MGLU3.SA,9.319999694824219,9.34000015258789,9.300000190734863,9.329999923706055,63800
2026-04-17 17:40:00+00:00,MGLU3.SA,9.329999923706055,9.359999656677246,9.319999694824219,9.359999656677246,98200
2026-04-17 17:45:00+00:00,MGLU3.SA,9.359999656677246,9.380000114440918,9.350000381469727,9.359999656677246,200300
2026-04-17 17:50:00+00:00,MGLU3.SA,9.369999885559082,9.380000114440918,9.359999656677246,9.359999656677246,65400
2026-04-17 17:55:00+00:00,MGLU3.SA,9.359999656677246,9.369999885559082,9.329999923706055,9.34000015258789,92800
2026-04-17 18:00:00+00:00,MGLU3.SA,9.34000015258789,9.34000015258789,9.300000190734863,9.319999694824219,156000
2026-04-17 18:05:00+00:00,MGLU3.SA,9.319999694824219,9.319999694824219,9.300000190734863,9.319999694824219,94800
2026-04-17 18:10:00+00:00,MGLU3.SA,9.319999694824219,9.319999694824219,9.300000190734863,9.300000190734863,50200
2026-04-17 18:15:00+00:00,MGLU3.SA,9.3100004196167,9.3100004196167,9.289999961853027,9.300000190734863,421600
2026-04-17 18:20:00+00:00,MGLU3.SA,9.300000190734863,9.319999694824219,9.289999961853027,9.319999694824219,44600
2026-04-17 18:25:00+00:00,MGLU3.SA,9.319999694824219,9.319999694824219,9.300000190734863,9.3100004196167,96700
2026-04-17 18:30:00+00:00,MGLU3.SA,9.3100004196167,9.319999694824219,9.279999732971191,9.300000190734863,91900
2026-04-17 18:35:00+00:00,MGLU3.SA,9.300000190734863,9.300000190734863,9.279999732971191,9.279999732971191,92900
2026-04-17 18:40:00+00:00,MGLU3.SA,9.289999961853027,9.319999694824219,9.279999732971191,9.289999961853027,122200
2026-04-17 18:45:00+00:00,MGLU3.SA,9.289999961853027,9.289999961853027,9.279999732971191,9.289999961853027,46900
2026-04-17 18:50:00+00:00,MGLU3.SA,9.289999961853027,9.300000190734863,9.210000038146973,9.220000267028809,331900
2026-04-17 18:55:00+00:00,MGLU3.SA,9.220000267028809,9.270000457763672,9.210000038146973,9.270000457763672,222600
2026-04-17 19:00:00+00:00,MGLU3.SA,9.270000457763672,9.279999732971191,9.25,9.270000457763672,99000
2026-04-17 19:05:00+00:00,MGLU3.SA,9.279999732971191,9.279999732971191,9.260000228881836,9.279999732971191,60900
2026-04-17 19:10:00+00:00,MGLU3.SA,9.279999732971191,9.279999732971191,9.260000228881836,9.260000228881836,58100
2026-04-17 19:15:00+00:00,MGLU3.SA,9.270000457763672,9.270000457763672,9.260000228881836,9.260000228881836,84800
2026-04-17 19:20:00+00:00,MGLU3.SA,9.270000457763672,9.279999732971191,9.260000228881836,9.270000457763672,42500
2026-04-17 19:25:00+00:00,MGLU3.SA,9.270000457763672,9.279999732971191,9.270000457763672,9.279999732971191,55600
2026-04-17 19:30:00+00:00,MGLU3.SA,9.279999732971191,9.289999961853027,9.270000457763672,9.279999732971191,77800
2026-04-17 19:35:00+00:00,MGLU3.SA,9.279999732971191,9.300000190734863,9.260000228881836,9.260000228881836,154200
2026-04-17 19:40:00+00:00,MGLU3.SA,9.270000457763672,9.279999732971191,9.260000228881836,9.270000457763672,107400
2026-04-17 19:45:00+00:00,MGLU3.SA,9.260000228881836,9.289999961853027,9.260000228881836,9.279999732971191,226400
2026-04-17 19:50:00+00:00,MGLU3.SA,9.289999961853027,9.359999656677246,9.270000457763672,9.319999694824219,539000
2026-04-20 13:05:00+00:00,MGLU3.SA,9.270000457763672,9.270000457763672,9.130000114440918,9.220000267028809,222100
2026-04-20 13:10:00+00:00,MGLU3.SA,9.210000038146973,9.3100004196167,9.210000038146973,9.25,416600
2026-04-20 13:15:00+00:00,MGLU3.SA,9.25,9.350000381469727,9.239999771118164,9.329999923706055,402900
2026-04-20 13:20:00+00:00,MGLU3.SA,9.329999923706055,9.329999923706055,9.289999961853027,9.289999961853027,96500
2026-04-20 13:25:00+00:00,MGLU3.SA,9.279999732971191,9.3100004196167,9.25,9.289999961853027,182800
2026-04-20 13:30:00+00:00,MGLU3.SA,9.300000190734863,9.319999694824219,9.270000457763672,9.279999732971191,83000
2026-04-20 13:35:00+00:00,MGLU3.SA,9.289999961853027,9.300000190734863,9.25,9.260000228881836,142300
2026-04-20 13:40:00+00:00,MGLU3.SA,9.25,9.25,9.210000038146973,9.220000267028809,195600
2026-04-20 13:45:00+00:00,MGLU3.SA,9.229999542236328,9.229999542236328,9.180000305175781,9.180000305175781,529800
2026-04-20 13:50:00+00:00,MGLU3.SA,9.180000305175781,9.210000038146973,9.149999618530273,9.199999809265137,277300
2026-04-20 13:55:00+00:00,MGLU3.SA,9.1899995803833,9.220000267028809,9.180000305175781,9.1899995803833,171700
2026-04-20 14:00:00+00:00,MGLU3.SA,9.1899995803833,9.1899995803833,9.119999885559082,9.149999618530273,355500
2026-04-20 14:05:00+00:00,MGLU3.SA,9.15999984741211,9.1899995803833,9.15999984741211,9.170000076293945,104500
2026-04-20 14:10:00+00:00,MGLU3.SA,9.170000076293945,9.210000038146973,9.15999984741211,9.1899995803833,166900
2026-04-20 14:15:00+00:00,MGLU3.SA,9.199999809265137,9.210000038146973,9.1899995803833,9.199999809265137,99400
2026-04-20 14:20:00+00:00,MGLU3.SA,9.199999809265137,9.220000267028809,9.1899995803833,9.220000267028809,64600
2026-04-20 14:25:00+00:00,MGLU3.SA,9.220000267028809,9.25,9.210000038146973,9.239999771118164,182100
2026-04-20 14:30:00+00:00,MGLU3.SA,9.239999771118164,9.25,9.220000267028809,9.220000267028809,118800
2026-04-20 14:35:00+00:00,MGLU3.SA,9.229999542236328,9.229999542236328,9.1899995803833,9.1899995803833,106100
2026-04-20 14:40:00+00:00,MGLU3.SA,9.199999809265137,9.199999809265137,9.1899995803833,9.199999809265137,87600
2026-04-20 14:45:00+00:00,MGLU3.SA,9.199999809265137,9.229999542236328,9.199999809265137,9.229999542236328,24300
2026-04-20 14:50:00+00:00,MGLU3.SA,9.229999542236328,9.229999542236328,9.15999984741211,9.199999809265137,167900
2026-04-20 14:55:00+00:00,MGLU3.SA,9.199999809265137,9.199999809265137,9.1899995803833,9.1899995803833,21900
2026-04-20 15:00:00+00:00,MGLU3.SA,9.199999809265137,9.199999809265137,9.15999984741211,9.170000076293945,260300
2026-04-20 15:05:00+00:00,MGLU3.SA,9.180000305175781,9.199999809265137,9.180000305175781,9.1899995803833,51400
2026-04-20 15:10:00+00:00,MGLU3.SA,9.180000305175781,9.199999809265137,9.180000305175781,9.1899995803833,36800
2026-04-20 15:15:00+00:00,MGLU3.SA,9.1899995803833,9.210000038146973,9.1899995803833,9.199999809265137,21600
2026-04-20 15:20:00+00:00,MGLU3.SA,9.199999809265137,9.229999542236328,9.199999809265137,9.229999542236328,88200
2026-04-20 15:25:00+00:00,MGLU3.SA,9.229999542236328,9.239999771118164,9.210000038146973,9.239999771118164,59100
2026-04-20 15:30:00+00:00,MGLU3.SA,9.229999542236328,9.239999771118164,9.220000267028809,9.229999542236328,63000
2026-04-20 15:35:00+00:00,MGLU3.SA,9.220000267028809,9.229999542236328,9.220000267028809,9.229999542236328,29500
2026-04-20 15:40:00+00:00,MGLU3.SA,9.229999542236328,9.239999771118164,9.220000267028809,9.229999542236328,57500
2026-04-20 15:45:00+00:00,MGLU3.SA,9.220000267028809,9.25,9.220000267028809,9.239999771118164,50300
2026-04-20 15:50:00+00:00,MGLU3.SA,9.239999771118164,9.239999771118164,9.220000267028809,9.220000267028809,64500
2026-04-20 15:55:00+00:00,MGLU3.SA,9.220000267028809,9.239999771118164,9.210000038146973,9.239999771118164,64000
2026-04-20 16:00:00+00:00,MGLU3.SA,9.229999542236328,9.260000228881836,9.229999542236328,9.239999771118164,301300
2026-04-20 16:05:00+00:00,MGLU3.SA,9.229999542236328,9.25,9.229999542236328,9.25,41100
2026-04-20 16:10:00+00:00,MGLU3.SA,9.239999771118164,9.25,9.229999542236328,9.229999542236328,26500
2026-04-20 16:15:00+00:00,MGLU3.SA,9.229999542236328,9.25,9.229999542236328,9.239999771118164,54900
2026-04-20 16:20:00+00:00,MGLU3.SA,9.25,9.25,9.239999771118164,9.25,21400
2026-04-20 16:25:00+00:00,MGLU3.SA,9.239999771118164,9.25,9.229999542236328,9.239999771118164,29100
2026-04-20 16:30:00+00:00,MGLU3.SA,9.239999771118164,9.25,9.229999542236328,9.229999542236328,26700
2026-04-20 16:35:00+00:00,MGLU3.SA,9.229999542236328,9.229999542236328,9.210000038146973,9.210000038146973,203900
2026-04-20 16:40:00+00:00,MGLU3.SA,9.220000267028809,9.229999542236328,9.210000038146973,9.229999542236328,32800
2026-04-20 16:45:00+00:00,MGLU3.SA,9.229999542236328,9.229999542236328,9.210000038146973,9.210000038146973,51400
2026-04-20 16:50:00+00:00,MGLU3.SA,9.220000267028809,9.229999542236328,9.210000038146973,9.229999542236328,16700
2026-04-20 16:55:00+00:00,MGLU3.SA,9.229999542236328,9.229999542236328,9.199999809265137,9.210000038146973,112600
2026-04-20 17:00:00+00:00,MGLU3.SA,9.210000038146973,9.229999542236328,9.199999809265137,9.220000267028809,23400
2026-04-20 17:05:00+00:00,MGLU3.SA,9.210000038146973,9.229999542236328,9.210000038146973,9.210000038146973,66100
2026-04-20 17:10:00+00:00,MGLU3.SA,9.210000038146973,9.229999542236328,9.210000038146973,9.220000267028809,10900
2026-04-20 17:15:00+00:00,MGLU3.SA,9.229999542236328,9.229999542236328,9.199999809265137,9.210000038146973,40300
2026-04-20 17:20:00+00:00,MGLU3.SA,9.199999809265137,9.220000267028809,9.199999809265137,9.210000038146973,35300
2026-04-20 17:25:00+00:00,MGLU3.SA,9.210000038146973,9.220000267028809,9.199999809265137,9.199999809265137,42100
2026-04-20 17:30:00+00:00,MGLU3.SA,9.199999809265137,9.220000267028809,9.199999809265137,9.210000038146973,57600
2026-04-20 17:35:00+00:00,MGLU3.SA,9.220000267028809,9.229999542236328,9.210000038146973,9.210000038146973,55200
2026-04-20 17:40:00+00:00,MGLU3.SA,9.220000267028809,9.229999542236328,9.210000038146973,9.220000267028809,40500
2026-04-20 17:45:00+00:00,MGLU3.SA,9.229999542236328,9.229999542236328,9.220000267028809,9.220000267028809,23900
2026-04-20 17:50:00+00:00,MGLU3.SA,9.229999542236328,9.229999542236328,9.210000038146973,9.229999542236328,74100
2026-04-20 17:55:00+00:00,MGLU3.SA,9.220000267028809,9.229999542236328,9.220000267028809,9.229999542236328,13200
2026-04-20 18:00:00+00:00,MGLU3.SA,9.229999542236328,9.25,9.220000267028809,9.25,93800
2026-04-20 18:05:00+00:00,MGLU3.SA,9.25,9.300000190734863,9.239999771118164,9.279999732971191,296700
2026-04-20 18:10:00+00:00,MGLU3.SA,9.279999732971191,9.3100004196167,9.270000457763672,9.289999961853027,579500
2026-04-20 18:15:00+00:00,MGLU3.SA,9.279999732971191,9.3100004196167,9.279999732971191,9.3100004196167,152400
2026-04-20 18:20:00+00:00,MGLU3.SA,9.300000190734863,9.319999694824219,9.300000190734863,9.300000190734863,176200
2026-04-20 18:25:00+00:00,MGLU3.SA,9.3100004196167,9.319999694824219,9.300000190734863,9.319999694824219,77000
2026-04-20 18:30:00+00:00,MGLU3.SA,9.319999694824219,9.329999923706055,9.319999694824219,9.329999923706055,64600
2026-04-20 18:35:00+00:00,MGLU3.SA,9.329999923706055,9.350000381469727,9.319999694824219,9.350000381469727,170500
2026-04-20 18:40:00+00:00,MGLU3.SA,9.34000015258789,9.350000381469727,9.3100004196167,9.3100004196167,141500
2026-04-20 18:45:00+00:00,MGLU3.SA,9.3100004196167,9.329999923706055,9.3100004196167,9.329999923706055,94200
2026-04-20 18:50:00+00:00,MGLU3.SA,9.329999923706055,9.34000015258789,9.319999694824219,9.329999923706055,99600
2026-04-20 18:55:00+00:00,MGLU3.SA,9.34000015258789,9.34000015258789,9.329999923706055,9.34000015258789,88900
2026-04-20 19:00:00+00:00,MGLU3.SA,9.34000015258789,9.350000381469727,9.329999923706055,9.329999923706055,128600
2026-04-20 19:05:00+00:00,MGLU3.SA,9.329999923706055,9.34000015258789,9.319999694824219,9.329999923706055,43700
2026-04-20 19:10:00+00:00,MGLU3.SA,9.319999694824219,9.359999656677246,9.319999694824219,9.359999656677246,245800
2026-04-20 19:15:00+00:00,MGLU3.SA,9.359999656677246,9.359999656677246,9.350000381469727,9.359999656677246,62700
2026-04-20 19:20:00+00:00,MGLU3.SA,9.359999656677246,9.399999618530273,9.350000381469727,9.350000381469727,3543200
2026-04-20 19:25:00+00:00,MGLU3.SA,9.350000381469727,9.359999656677246,9.350000381469727,9.350000381469727,24400
2026-04-20 19:30:00+00:00,MGLU3.SA,9.359999656677246,9.399999618530273,9.350000381469727,9.380000114440918,211800
2026-04-20 19:35:00+00:00,MGLU3.SA,9.390000343322754,9.40999984741211,9.380000114440918,9.399999618530273,316300
2026-04-20 19:40:00+00:00,MGLU3.SA,9.40999984741211,9.40999984741211,9.399999618530273,9.399999618530273,125800
2026-04-20 19:45:00+00:00,MGLU3.SA,9.40999984741211,9.40999984741211,9.380000114440918,9.40999984741211,228600
2026-04-20 19:50:00+00:00,MGLU3.SA,9.40999984741211,9.40999984741211,9.380000114440918,9.380000114440918,86100
2026-04-22 13:00:00+00:00,MGLU3.SA,9.279999732971191,9.289999961853027,9.220000267028809,9.289999961853027,185200
2026-04-22 13:05:00+00:00,MGLU3.SA,9.289999961853027,9.3100004196167,9.220000267028809,9.270000457763672,385200
2026-04-22 13:10:00+00:00,MGLU3.SA,9.270000457763672,9.289999961853027,9.239999771118164,9.260000228881836,332300
2026-04-22 13:15:00+00:00,MGLU3.SA,9.25,9.300000190734863,9.25,9.300000190734863,72000
2026-04-22 13:20:00+00:00,MGLU3.SA,9.300000190734863,9.319999694824219,9.279999732971191,9.279999732971191,128300
2026-04-22 13:25:00+00:00,MGLU3.SA,9.279999732971191,9.289999961853027,9.270000457763672,9.270000457763672,87700
2026-04-22 13:30:00+00:00,MGLU3.SA,9.279999732971191,9.279999732971191,9.15999984741211,9.199999809265137,1030500
2026-04-22 13:35:00+00:00,MGLU3.SA,9.199999809265137,9.210000038146973,9.15999984741211,9.170000076293945,286500
2026-04-22 13:40:00+00:00,MGLU3.SA,9.170000076293945,9.220000267028809,9.149999618530273,9.220000267028809,286700
2026-04-22 13:45:00+00:00,MGLU3.SA,9.220000267028809,9.25,9.210000038146973,9.25,202200
2026-04-22 13:50:00+00:00,MGLU3.SA,9.25,9.25,9.210000038146973,9.239999771118164,211400
2026-04-22 13:55:00+00:00,MGLU3.SA,9.239999771118164,9.239999771118164,9.220000267028809,9.229999542236328,25900
2026-04-22 14:00:00+00:00,MGLU3.SA,9.239999771118164,9.260000228881836,9.210000038146973,9.220000267028809,229700
2026-04-22 14:05:00+00:00,MGLU3.SA,9.220000267028809,9.229999542236328,9.210000038146973,9.210000038146973,87100
2026-04-22 14:10:00+00:00,MGLU3.SA,9.210000038146973,9.220000267028809,9.199999809265137,9.210000038146973,53100
2026-04-22 14:15:00+00:00,MGLU3.SA,9.220000267028809,9.239999771118164,9.199999809265137,9.210000038146973,100600
2026-04-22 14:20:00+00:00,MGLU3.SA,9.210000038146973,9.210000038146973,9.180000305175781,9.210000038146973,219100
2026-04-22 14:25:00+00:00,MGLU3.SA,9.199999809265137,9.220000267028809,9.1899995803833,9.199999809265137,94500
2026-04-22 14:30:00+00:00,MGLU3.SA,9.199999809265137,9.199999809265137,9.100000381469727,9.130000114440918,709500
2026-04-22 14:35:00+00:00,MGLU3.SA,9.119999885559082,9.119999885559082,9.079999923706055,9.100000381469727,415000
2026-04-22 14:40:00+00:00,MGLU3.SA,9.109999656677246,9.119999885559082,9.09000015258789,9.09000015258789,199000
2026-04-22 14:45:00+00:00,MGLU3.SA,9.09000015258789,9.119999885559082,9.079999923706055,9.100000381469727,92700
2026-04-22 14:50:00+00:00,MGLU3.SA,9.119999885559082,9.119999885559082,9.079999923706055,9.100000381469727,113000
2026-04-22 14:55:00+00:00,MGLU3.SA,9.100000381469727,9.100000381469727,9.069999694824219,9.09000015258789,167400
2026-04-22 15:00:00+00:00,MGLU3.SA,9.09000015258789,9.09000015258789,9.050000190734863,9.079999923706055,227800
2026-04-22 15:05:00+00:00,MGLU3.SA,9.09000015258789,9.100000381469727,9.069999694824219,9.09000015258789,102600
2026-04-22 15:10:00+00:00,MGLU3.SA,9.09000015258789,9.100000381469727,9.069999694824219,9.09000015258789,54300
2026-04-22 15:15:00+00:00,MGLU3.SA,9.09000015258789,9.09000015258789,9.079999923706055,9.079999923706055,19100
2026-04-22 15:20:00+00:00,MGLU3.SA,9.09000015258789,9.09000015258789,9.0600004196167,9.0600004196167,142500
2026-04-22 15:25:00+00:00,MGLU3.SA,9.0600004196167,9.069999694824219,9.050000190734863,9.069999694824219,143500
2026-04-22 15:30:00+00:00,MGLU3.SA,9.050000190734863,9.0600004196167,9.020000457763672,9.020000457763672,333200
2026-04-22 15:35:00+00:00,MGLU3.SA,9.029999732971191,9.050000190734863,9.020000457763672,9.029999732971191,115500
2026-04-22 15:40:00+00:00,MGLU3.SA,9.029999732971191,9.039999961853027,9.020000457763672,9.029999732971191,72500
2026-04-22 15:45:00+00:00,MGLU3.SA,9.029999732971191,9.050000190734863,9.020000457763672,9.050000190734863,88600
2026-04-22 15:50:00+00:00,MGLU3.SA,9.050000190734863,9.0600004196167,9.039999961853027,9.050000190734863,131700
2026-04-22 15:55:00+00:00,MGLU3.SA,9.0600004196167,9.069999694824219,9.039999961853027,9.050000190734863,77100
2026-04-22 16:00:00+00:00,MGLU3.SA,9.050000190734863,9.050000190734863,9.020000457763672,9.039999961853027,106300
2026-04-22 16:05:00+00:00,MGLU3.SA,9.029999732971191,9.050000190734863,9.029999732971191,9.050000190734863,65100
2026-04-22 16:10:00+00:00,MGLU3.SA,9.039999961853027,9.050000190734863,9.029999732971191,9.029999732971191,82000
2026-04-22 16:15:00+00:00,MGLU3.SA,9.039999961853027,9.050000190734863,9.010000228881836,9.020000457763672,239700
2026-04-22 16:20:00+00:00,MGLU3.SA,9.020000457763672,9.029999732971191,9.010000228881836,9.010000228881836,73700
2026-04-22 16:25:00+00:00,MGLU3.SA,9.020000457763672,9.020000457763672,9.0,9.010000228881836,191200
2026-04-22 16:30:00+00:00,MGLU3.SA,9.010000228881836,9.020000457763672,8.989999771118164,9.0,414500
2026-04-22 16:35:00+00:00,MGLU3.SA,9.0,9.020000457763672,9.0,9.0,84200
2026-04-22 16:40:00+00:00,MGLU3.SA,9.010000228881836,9.029999732971191,9.010000228881836,9.010000228881836,45000
2026-04-22 16:45:00+00:00,MGLU3.SA,9.020000457763672,9.039999961853027,9.010000228881836,9.039999961853027,34100
2026-04-22 16:50:00+00:00,MGLU3.SA,9.039999961853027,9.039999961853027,9.029999732971191,9.029999732971191,43800
2026-04-22 16:55:00+00:00,MGLU3.SA,9.029999732971191,9.039999961853027,9.020000457763672,9.029999732971191,25900
2026-04-22 17:00:00+00:00,MGLU3.SA,9.029999732971191,9.029999732971191,9.010000228881836,9.010000228881836,67600
2026-04-22 17:05:00+00:00,MGLU3.SA,9.010000228881836,9.029999732971191,9.010000228881836,9.029999732971191,19900
2026-04-22 17:10:00+00:00,MGLU3.SA,9.029999732971191,9.039999961853027,9.020000457763672,9.029999732971191,31500
2026-04-22 17:15:00+00:00,MGLU3.SA,9.039999961853027,9.039999961853027,9.010000228881836,9.010000228881836,91500
2026-04-22 17:20:00+00:00,MGLU3.SA,9.010000228881836,9.020000457763672,9.0,9.010000228881836,143900
2026-04-22 17:25:00+00:00,MGLU3.SA,9.010000228881836,9.020000457763672,9.0,9.010000228881836,42200
2026-04-22 17:30:00+00:00,MGLU3.SA,9.010000228881836,9.010000228881836,8.979999542236328,8.979999542236328,141100
2026-04-22 17:35:00+00:00,MGLU3.SA,8.989999771118164,9.0,8.979999542236328,8.979999542236328,40900
2026-04-22 17:40:00+00:00,MGLU3.SA,8.979999542236328,8.989999771118164,8.979999542236328,8.979999542236328,32800
2026-04-22 17:45:00+00:00,MGLU3.SA,8.979999542236328,9.020000457763672,8.979999542236328,9.010000228881836,81000
2026-04-22 17:50:00+00:00,MGLU3.SA,9.010000228881836,9.029999732971191,9.010000228881836,9.010000228881836,18800
2026-04-22 17:55:00+00:00,MGLU3.SA,9.010000228881836,9.039999961853027,9.010000228881836,9.020000457763672,195300
2026-04-22 18:00:00+00:00,MGLU3.SA,9.020000457763672,9.029999732971191,9.010000228881836,9.029999732971191,11300
2026-04-22 18:05:00+00:00,MGLU3.SA,9.029999732971191,9.050000190734863,9.020000457763672,9.020000457763672,105800
2026-04-22 18:10:00+00:00,MGLU3.SA,9.020000457763672,9.0600004196167,9.020000457763672,9.0600004196167,150300
2026-04-22 18:15:00+00:00,MGLU3.SA,9.0600004196167,9.0600004196167,9.050000190734863,9.0600004196167,66200
2026-04-22 18:20:00+00:00,MGLU3.SA,9.050000190734863,9.069999694824219,9.050000190734863,9.0600004196167,124400
2026-04-22 18:25:00+00:00,MGLU3.SA,9.069999694824219,9.069999694824219,9.039999961853027,9.039999961853027,97600
2026-04-22 18:30:00+00:00,MGLU3.SA,9.039999961853027,9.050000190734863,9.029999732971191,9.039999961853027,66000
2026-04-22 18:35:00+00:00,MGLU3.SA,9.029999732971191,9.039999961853027,9.029999732971191,9.039999961853027,73300
2026-04-22 18:40:00+00:00,MGLU3.SA,9.039999961853027,9.039999961853027,9.029999732971191,9.029999732971191,21900
2026-04-22 18:45:00+00:00,MGLU3.SA,9.039999961853027,9.039999961853027,9.010000228881836,9.020000457763672,77900
2026-04-22 18:50:00+00:00,MGLU3.SA,9.010000228881836,9.029999732971191,9.010000228881836,9.020000457763672,40400
2026-04-22 18:55:00+00:00,MGLU3.SA,9.020000457763672,9.029999732971191,9.010000228881836,9.020000457763672,13600
2026-04-22 19:00:00+00:00,MGLU3.SA,9.010000228881836,9.010000228881836,9.0,9.010000228881836,45500
2026-04-22 19:05:00+00:00,MGLU3.SA,9.010000228881836,9.010000228881836,8.989999771118164,9.010000228881836,121500
2026-04-22 19:10:00+00:00,MGLU3.SA,9.0,9.010000228881836,9.0,9.0,14100
2026-04-22 19:15:00+00:00,MGLU3.SA,9.010000228881836,9.010000228881836,8.989999771118164,9.010000228881836,158400
2026-04-22 19:20:00+00:00,MGLU3.SA,9.010000228881836,9.010000228881836,9.0,9.010000228881836,95200
2026-04-22 19:25:00+00:00,MGLU3.SA,9.0,9.010000228881836,9.0,9.0,51300
2026-04-22 19:30:00+00:00,MGLU3.SA,9.010000228881836,9.010000228881836,8.989999771118164,9.0,60900
2026-04-22 19:35:00+00:00,MGLU3.SA,9.010000228881836,9.020000457763672,8.960000038146973,8.979999542236328,499600
2026-04-22 19:40:00+00:00,MGLU3.SA,8.979999542236328,8.979999542236328,8.949999809265137,8.960000038146973,229900
2026-04-22 19:45:00+00:00,MGLU3.SA,8.970000267028809,8.989999771118164,8.960000038146973,8.979999542236328,259100
2026-04-22 19:50:00+00:00,MGLU3.SA,8.979999542236328,9.029999732971191,8.970000267028809,8.979999542236328,285200
2026-04-23 13:00:00+00:00,MGLU3.SA,8.979999542236328,9.020000457763672,8.930000305175781,8.949999809265137,0
2026-04-23 13:05:00+00:00,MGLU3.SA,8.960000038146973,9.0,8.930000305175781,9.0,189000
2026-04-23 13:10:00+00:00,MGLU3.SA,9.0,9.0,8.9399995803833,8.9399995803833,258100
2026-04-23 13:15:00+00:00,MGLU3.SA,8.960000038146973,8.979999542236328,8.930000305175781,8.960000038146973,120300
2026-04-23 13:20:00+00:00,MGLU3.SA,8.979999542236328,9.0,8.960000038146973,8.979999542236328,133300
2026-04-23 13:25:00+00:00,MGLU3.SA,8.989999771118164,9.020000457763672,8.970000267028809,8.970000267028809,116800
2026-04-23 13:30:00+00:00,MGLU3.SA,8.970000267028809,8.989999771118164,8.960000038146973,8.970000267028809,87400
2026-04-23 13:35:00+00:00,MGLU3.SA,8.970000267028809,8.979999542236328,8.90999984741211,8.920000076293945,210800
2026-04-23 13:40:00+00:00,MGLU3.SA,8.920000076293945,8.9399995803833,8.880000114440918,8.920000076293945,190600
2026-04-23 13:45:00+00:00,MGLU3.SA,8.90999984741211,8.960000038146973,8.890000343322754,8.960000038146973,191600
2026-04-23 13:50:00+00:00,MGLU3.SA,8.960000038146973,8.989999771118164,8.9399995803833,8.9399995803833,180000
2026-04-23 13:55:00+00:00,MGLU3.SA,8.9399995803833,8.960000038146973,8.930000305175781,8.9399995803833,52100
2026-04-23 14:00:00+00:00,MGLU3.SA,8.930000305175781,8.930000305175781,8.90999984741211,8.930000305175781,61500
2026-04-23 14:05:00+00:00,MGLU3.SA,8.920000076293945,8.9399995803833,8.90999984741211,8.930000305175781,115500
2026-04-23 14:10:00+00:00,MGLU3.SA,8.9399995803833,8.949999809265137,8.920000076293945,8.930000305175781,63300
2026-04-23 14:15:00+00:00,MGLU3.SA,8.930000305175781,8.949999809265137,8.920000076293945,8.920000076293945,82700
2026-04-23 14:20:00+00:00,MGLU3.SA,8.930000305175781,8.930000305175781,8.90999984741211,8.920000076293945,70800
2026-04-23 14:25:00+00:00,MGLU3.SA,8.930000305175781,8.949999809265137,8.899999618530273,8.899999618530273,74100
2026-04-23 14:30:00+00:00,MGLU3.SA,8.90999984741211,8.90999984741211,8.800000190734863,8.829999923706055,737300
2026-04-23 14:35:00+00:00,MGLU3.SA,8.829999923706055,8.829999923706055,8.770000457763672,8.789999961853027,507000
2026-04-23 14:40:00+00:00,MGLU3.SA,8.800000190734863,8.84000015258789,8.789999961853027,8.8100004196167,107300
2026-04-23 14:45:00+00:00,MGLU3.SA,8.8100004196167,8.819999694824219,8.789999961853027,8.8100004196167,95600
2026-04-23 14:50:00+00:00,MGLU3.SA,8.819999694824219,8.819999694824219,8.789999961853027,8.800000190734863,124400
2026-04-23 14:55:00+00:00,MGLU3.SA,8.8100004196167,8.8100004196167,8.789999961853027,8.789999961853027,49700
2026-04-23 15:00:00+00:00,MGLU3.SA,8.800000190734863,8.800000190734863,8.760000228881836,8.770000457763672,176100
2026-04-23 15:05:00+00:00,MGLU3.SA,8.770000457763672,8.8100004196167,8.760000228881836,8.779999732971191,89600
2026-04-23 15:10:00+00:00,MGLU3.SA,8.789999961853027,8.8100004196167,8.789999961853027,8.800000190734863,59300
2026-04-23 15:15:00+00:00,MGLU3.SA,8.789999961853027,8.8100004196167,8.779999732971191,8.8100004196167,92000
2026-04-23 15:20:00+00:00,MGLU3.SA,8.800000190734863,8.800000190734863,8.779999732971191,8.789999961853027,73200
2026-04-23 15:25:00+00:00,MGLU3.SA,8.789999961853027,8.800000190734863,8.789999961853027,8.789999961853027,35300
2026-04-23 15:30:00+00:00,MGLU3.SA,8.789999961853027,8.789999961853027,8.770000457763672,8.789999961853027,102400
2026-04-23 15:35:00+00:00,MGLU3.SA,8.789999961853027,8.800000190734863,8.760000228881836,8.770000457763672,85800
2026-04-23 15:40:00+00:00,MGLU3.SA,8.770000457763672,8.770000457763672,8.75,8.760000228881836,124300
2026-04-23 15:45:00+00:00,MGLU3.SA,8.760000228881836,8.760000228881836,8.729999542236328,8.739999771118164,143800
2026-04-23 15:50:00+00:00,MGLU3.SA,8.739999771118164,8.75,8.720000267028809,8.720000267028809,80300
2026-04-23 15:55:00+00:00,MGLU3.SA,8.729999542236328,8.739999771118164,8.699999809265137,8.720000267028809,293800
2026-04-23 16:00:00+00:00,MGLU3.SA,8.720000267028809,8.729999542236328,8.710000038146973,8.710000038146973,71700
2026-04-23 16:05:00+00:00,MGLU3.SA,8.710000038146973,8.729999542236328,8.699999809265137,8.699999809265137,93500
2026-04-23 16:10:00+00:00,MGLU3.SA,8.710000038146973,8.720000267028809,8.699999809265137,8.710000038146973,46400
2026-04-23 16:15:00+00:00,MGLU3.SA,8.720000267028809,8.729999542236328,8.710000038146973,8.729999542236328,41500
2026-04-23 16:20:00+00:00,MGLU3.SA,8.720000267028809,8.739999771118164,8.720000267028809,8.720000267028809,136100
2026-04-23 16:25:00+00:00,MGLU3.SA,8.720000267028809,8.739999771118164,8.720000267028809,8.720000267028809,61100
2026-04-23 16:30:00+00:00,MGLU3.SA,8.720000267028809,8.739999771118164,8.710000038146973,8.720000267028809,124600
2026-04-23 16:35:00+00:00,MGLU3.SA,8.739999771118164,8.739999771118164,8.710000038146973,8.720000267028809,83100
2026-04-23 16:40:00+00:00,MGLU3.SA,8.720000267028809,8.75,8.720000267028809,8.75,70400
2026-04-23 16:45:00+00:00,MGLU3.SA,8.75,8.75,8.720000267028809,8.720000267028809,40200
2026-04-23 16:50:00+00:00,MGLU3.SA,8.729999542236328,8.739999771118164,8.720000267028809,8.720000267028809,46900
2026-04-23 16:55:00+00:00,MGLU3.SA,8.729999542236328,8.729999542236328,8.720000267028809,8.720000267028809,22800
2026-04-23 17:00:00+00:00,MGLU3.SA,8.720000267028809,8.729999542236328,8.670000076293945,8.699999809265137,310100
2026-04-23 17:05:00+00:00,MGLU3.SA,8.699999809265137,8.720000267028809,8.65999984741211,8.670000076293945,250000
2026-04-23 17:10:00+00:00,MGLU3.SA,8.670000076293945,8.680000305175781,8.65999984741211,8.670000076293945,200300
2026-04-23 17:15:00+00:00,MGLU3.SA,8.670000076293945,8.680000305175781,8.649999618530273,8.649999618530273,109200
2026-04-23 17:20:00+00:00,MGLU3.SA,8.649999618530273,8.680000305175781,8.630000114440918,8.670000076293945,580700
2026-04-23 17:25:00+00:00,MGLU3.SA,8.65999984741211,8.710000038146973,8.65999984741211,8.680000305175781,86900
2026-04-23 17:30:00+00:00,MGLU3.SA,8.680000305175781,8.710000038146973,8.680000305175781,8.710000038146973,66000
2026-04-23 17:35:00+00:00,MGLU3.SA,8.710000038146973,8.710000038146973,8.670000076293945,8.670000076293945,63900
2026-04-23 17:40:00+00:00,MGLU3.SA,8.680000305175781,8.680000305175781,8.640000343322754,8.649999618530273,148600
2026-04-23 17:45:00+00:00,MGLU3.SA,8.640000343322754,8.670000076293945,8.630000114440918,8.649999618530273,214000
2026-04-23 17:50:00+00:00,MGLU3.SA,8.640000343322754,8.710000038146973,8.640000343322754,8.6899995803833,172500
2026-04-23 17:55:00+00:00,MGLU3.SA,8.6899995803833,8.710000038146973,8.680000305175781,8.699999809265137,72900
2026-04-23 18:00:00+00:00,MGLU3.SA,8.699999809265137,8.729999542236328,8.699999809265137,8.720000267028809,137300
2026-04-23 18:05:00+00:00,MGLU3.SA,8.720000267028809,8.729999542236328,8.710000038146973,8.710000038146973,35000
2026-04-23 18:10:00+00:00,MGLU3.SA,8.710000038146973,8.739999771118164,8.710000038146973,8.720000267028809,97900
2026-04-23 18:15:00+00:00,MGLU3.SA,8.720000267028809,8.720000267028809,8.6899995803833,8.710000038146973,77700
2026-04-23 18:20:00+00:00,MGLU3.SA,8.699999809265137,8.710000038146973,8.6899995803833,8.699999809265137,51200
2026-04-23 18:25:00+00:00,MGLU3.SA,8.6899995803833,8.699999809265137,8.6899995803833,8.699999809265137,24100
2026-04-23 18:30:00+00:00,MGLU3.SA,8.699999809265137,8.729999542236328,8.6899995803833,8.710000038146973,83800
2026-04-23 18:35:00+00:00,MGLU3.SA,8.720000267028809,8.729999542236328,8.710000038146973,8.720000267028809,117800
2026-04-23 18:40:00+00:00,MGLU3.SA,8.729999542236328,8.729999542236328,8.720000267028809,8.729999542236328,54000
2026-04-23 18:45:00+00:00,MGLU3.SA,8.720000267028809,8.729999542236328,8.720000267028809,8.729999542236328,49800
2026-04-23 18:50:00+00:00,MGLU3.SA,8.720000267028809,8.760000228881836,8.720000267028809,8.75,212700
2026-04-23 18:55:00+00:00,MGLU3.SA,8.760000228881836,8.760000228881836,8.729999542236328,8.739999771118164,56100
2026-04-23 19:00:00+00:00,MGLU3.SA,8.729999542236328,8.739999771118164,8.720000267028809,8.720000267028809,48100
2026-04-23 19:05:00+00:00,MGLU3.SA,8.720000267028809,8.75,8.720000267028809,8.729999542236328,56500
2026-04-23 19:10:00+00:00,MGLU3.SA,8.729999542236328,8.739999771118164,8.710000038146973,8.720000267028809,88100
2026-04-23 19:15:00+00:00,MGLU3.SA,8.720000267028809,8.729999542236328,8.720000267028809,8.720000267028809,12600
2026-04-23 19:20:00+00:00,MGLU3.SA,8.720000267028809,8.729999542236328,8.720000267028809,8.720000267028809,259800
2026-04-23 19:25:00+00:00,MGLU3.SA,8.720000267028809,8.75,8.720000267028809,8.739999771118164,73800
2026-04-23 19:30:00+00:00,MGLU3.SA,8.739999771118164,8.75,8.6899995803833,8.710000038146973,298900
2026-04-23 19:35:00+00:00,MGLU3.SA,8.720000267028809,8.729999542236328,8.6899995803833,8.6899995803833,83800
2026-04-23 19:40:00+00:00,MGLU3.SA,8.680000305175781,8.699999809265137,8.670000076293945,8.670000076293945,182800
2026-04-23 19:45:00+00:00,MGLU3.SA,8.670000076293945,8.6899995803833,8.649999618530273,8.65999984741211,378800
2026-04-23 19:50:00+00:00,MGLU3.SA,8.65999984741211,8.6899995803833,8.649999618530273,8.670000076293945,446400
2026-04-24 13:00:00+00:00,MGLU3.SA,8.710000038146973,8.720000267028809,8.579999923706055,8.619999885559082,0
2026-04-24 13:05:00+00:00,MGLU3.SA,8.609999656677246,8.699999809265137,8.609999656677246,8.699999809265137,184000
2026-04-24 13:10:00+00:00,MGLU3.SA,8.699999809265137,8.729999542236328,8.630000114440918,8.649999618530273,363100
2026-04-24 13:15:00+00:00,MGLU3.SA,8.640000343322754,8.640000343322754,8.579999923706055,8.59000015258789,525400
2026-04-24 13:20:00+00:00,MGLU3.SA,8.600000381469727,8.619999885559082,8.579999923706055,8.59000015258789,135900
2026-04-24 13:25:00+00:00,MGLU3.SA,8.59000015258789,8.609999656677246,8.5600004196167,8.5600004196167,318600
2026-04-24 13:30:00+00:00,MGLU3.SA,8.569999694824219,8.59000015258789,8.529999732971191,8.5600004196167,313200
2026-04-24 13:35:00+00:00,MGLU3.SA,8.569999694824219,8.600000381469727,8.5600004196167,8.600000381469727,147500
2026-04-24 13:40:00+00:00,MGLU3.SA,8.59000015258789,8.600000381469727,8.569999694824219,8.59000015258789,92300
2026-04-24 13:45:00+00:00,MGLU3.SA,8.59000015258789,8.65999984741211,8.59000015258789,8.649999618530273,232700
2026-04-24 13:50:00+00:00,MGLU3.SA,8.640000343322754,8.670000076293945,8.630000114440918,8.649999618530273,172000
2026-04-24 13:55:00+00:00,MGLU3.SA,8.649999618530273,8.670000076293945,8.649999618530273,8.649999618530273,90600
2026-04-24 14:00:00+00:00,MGLU3.SA,8.649999618530273,8.65999984741211,8.630000114440918,8.649999618530273,164800
2026-04-24 14:05:00+00:00,MGLU3.SA,8.640000343322754,8.649999618530273,8.630000114440918,8.649999618530273,51900
2026-04-24 14:10:00+00:00,MGLU3.SA,8.65999984741211,8.680000305175781,8.640000343322754,8.640000343322754,163900
2026-04-24 14:15:00+00:00,MGLU3.SA,8.640000343322754,8.670000076293945,8.630000114440918,8.65999984741211,125400
2026-04-24 14:20:00+00:00,MGLU3.SA,8.65999984741211,8.65999984741211,8.640000343322754,8.640000343322754,40300
2026-04-24 14:25:00+00:00,MGLU3.SA,8.640000343322754,8.65999984741211,8.630000114440918,8.649999618530273,51400
2026-04-24 14:30:00+00:00,MGLU3.SA,8.65999984741211,8.65999984741211,8.640000343322754,8.649999618530273,34800
2026-04-24 14:35:00+00:00,MGLU3.SA,8.649999618530273,8.65999984741211,8.640000343322754,8.649999618530273,87800
2026-04-24 14:40:00+00:00,MGLU3.SA,8.65999984741211,8.65999984741211,8.640000343322754,8.640000343322754,43000
2026-04-24 14:45:00+00:00,MGLU3.SA,8.640000343322754,8.65999984741211,8.630000114440918,8.640000343322754,71300
2026-04-24 14:50:00+00:00,MGLU3.SA,8.640000343322754,8.640000343322754,8.609999656677246,8.630000114440918,150600
2026-04-24 14:55:00+00:00,MGLU3.SA,8.630000114440918,8.640000343322754,8.619999885559082,8.630000114440918,56500
2026-04-24 15:00:00+00:00,MGLU3.SA,8.630000114440918,8.649999618530273,8.630000114440918,8.640000343322754,131900
2026-04-24 15:05:00+00:00,MGLU3.SA,8.640000343322754,8.640000343322754,8.609999656677246,8.609999656677246,62700
2026-04-24 15:10:00+00:00,MGLU3.SA,8.609999656677246,8.630000114440918,8.609999656677246,8.609999656677246,83600
2026-04-24 15:15:00+00:00,MGLU3.SA,8.609999656677246,8.619999885559082,8.600000381469727,8.600000381469727,109900
2026-04-24 15:20:00+00:00,MGLU3.SA,8.600000381469727,8.630000114440918,8.600000381469727,8.619999885559082,42800
2026-04-24 15:25:00+00:00,MGLU3.SA,8.619999885559082,8.630000114440918,8.609999656677246,8.619999885559082,23700
2026-04-24 15:30:00+00:00,MGLU3.SA,8.630000114440918,8.630000114440918,8.600000381469727,8.600000381469727,62100
2026-04-24 15:35:00+00:00,MGLU3.SA,8.600000381469727,8.609999656677246,8.579999923706055,8.579999923706055,119700
2026-04-24 15:40:00+00:00,MGLU3.SA,8.579999923706055,8.630000114440918,8.569999694824219,8.619999885559082,137600
2026-04-24 15:45:00+00:00,MGLU3.SA,8.640000343322754,8.640000343322754,8.600000381469727,8.609999656677246,133000
2026-04-24 15:50:00+00:00,MGLU3.SA,8.609999656677246,8.630000114440918,8.600000381469727,8.619999885559082,55900
2026-04-24 15:55:00+00:00,MGLU3.SA,8.619999885559082,8.630000114440918,8.609999656677246,8.619999885559082,36700
2026-04-24 16:00:00+00:00,MGLU3.SA,8.619999885559082,8.619999885559082,8.609999656677246,8.609999656677246,57700
2026-04-24 16:05:00+00:00,MGLU3.SA,8.609999656677246,8.630000114440918,8.600000381469727,8.609999656677246,92900
2026-04-24 16:10:00+00:00,MGLU3.SA,8.609999656677246,8.619999885559082,8.59000015258789,8.600000381469727,55700
2026-04-24 16:15:00+00:00,MGLU3.SA,8.600000381469727,8.609999656677246,8.579999923706055,8.579999923706055,59900
2026-04-24 16:20:00+00:00,MGLU3.SA,8.579999923706055,8.619999885559082,8.579999923706055,8.600000381469727,30900
2026-04-24 16:25:00+00:00,MGLU3.SA,8.600000381469727,8.609999656677246,8.600000381469727,8.609999656677246,13000
2026-04-24 16:30:00+00:00,MGLU3.SA,8.609999656677246,8.619999885559082,8.59000015258789,8.59000015258789,93700
2026-04-24 16:35:00+00:00,MGLU3.SA,8.59000015258789,8.609999656677246,8.579999923706055,8.600000381469727,35900
2026-04-24 16:40:00+00:00,MGLU3.SA,8.600000381469727,8.609999656677246,8.59000015258789,8.59000015258789,81400
2026-04-24 16:45:00+00:00,MGLU3.SA,8.59000015258789,8.609999656677246,8.59000015258789,8.59000015258789,25200
2026-04-24 16:50:00+00:00,MGLU3.SA,8.600000381469727,8.619999885559082,8.600000381469727,8.609999656677246,21200
2026-04-24 16:55:00+00:00,MGLU3.SA,8.609999656677246,8.619999885559082,8.600000381469727,8.609999656677246,102600
2026-04-24 17:00:00+00:00,MGLU3.SA,8.609999656677246,8.619999885559082,8.609999656677246,8.609999656677246,20200
2026-04-24 17:05:00+00:00,MGLU3.SA,8.609999656677246,8.619999885559082,8.609999656677246,8.609999656677246,14300
2026-04-24 17:10:00+00:00,MGLU3.SA,8.609999656677246,8.619999885559082,8.609999656677246,8.609999656677246,14600
2026-04-24 17:15:00+00:00,MGLU3.SA,8.609999656677246,8.619999885559082,8.600000381469727,8.609999656677246,48700
2026-04-24 17:20:00+00:00,MGLU3.SA,8.609999656677246,8.619999885559082,8.600000381469727,8.600000381469727,17700
2026-04-24 17:25:00+00:00,MGLU3.SA,8.609999656677246,8.640000343322754,8.600000381469727,8.630000114440918,203200
2026-04-24 17:30:00+00:00,MGLU3.SA,8.630000114440918,8.640000343322754,8.619999885559082,8.619999885559082,46400
2026-04-24 17:35:00+00:00,MGLU3.SA,8.619999885559082,8.649999618530273,8.619999885559082,8.630000114440918,113300
2026-04-24 17:40:00+00:00,MGLU3.SA,8.630000114440918,8.649999618530273,8.630000114440918,8.649999618530273,23200
2026-04-24 17:45:00+00:00,MGLU3.SA,8.640000343322754,8.65999984741211,8.640000343322754,8.649999618530273,52300
2026-04-24 17:50:00+00:00,MGLU3.SA,8.649999618530273,8.65999984741211,8.640000343322754,8.65999984741211,18900
2026-04-24 17:55:00+00:00,MGLU3.SA,8.649999618530273,8.649999618530273,8.630000114440918,8.630000114440918,39600
2026-04-24 18:00:00+00:00,MGLU3.SA,8.630000114440918,8.640000343322754,8.619999885559082,8.630000114440918,28500
2026-04-24 18:05:00+00:00,MGLU3.SA,8.630000114440918,8.640000343322754,8.619999885559082,8.619999885559082,40600
2026-04-24 18:10:00+00:00,MGLU3.SA,8.619999885559082,8.640000343322754,8.609999656677246,8.640000343322754,214100
2026-04-24 18:15:00+00:00,MGLU3.SA,8.640000343322754,8.649999618530273,8.619999885559082,8.619999885559082,153600
2026-04-24 18:20:00+00:00,MGLU3.SA,8.619999885559082,8.640000343322754,8.609999656677246,8.640000343322754,104400
2026-04-24 18:25:00+00:00,MGLU3.SA,8.630000114440918,8.65999984741211,8.630000114440918,8.65999984741211,78000
2026-04-24 18:30:00+00:00,MGLU3.SA,8.649999618530273,8.699999809265137,8.640000343322754,8.6899995803833,217800
2026-04-24 18:35:00+00:00,MGLU3.SA,8.6899995803833,8.710000038146973,8.6899995803833,8.710000038146973,100100
2026-04-24 18:40:00+00:00,MGLU3.SA,8.699999809265137,8.720000267028809,8.699999809265137,8.710000038146973,103900
2026-04-24 18:45:00+00:00,MGLU3.SA,8.720000267028809,8.729999542236328,8.710000038146973,8.729999542236328,66200
2026-04-24 18:50:00+00:00,MGLU3.SA,8.720000267028809,8.729999542236328,8.699999809265137,8.699999809265137,89700
2026-04-24 18:55:00+00:00,MGLU3.SA,8.699999809265137,8.710000038146973,8.6899995803833,8.699999809265137,75300
2026-04-24 19:00:00+00:00,MGLU3.SA,8.710000038146973,8.729999542236328,8.710000038146973,8.710000038146973,87100
2026-04-24 19:05:00+00:00,MGLU3.SA,8.710000038146973,8.710000038146973,8.680000305175781,8.6899995803833,84100
2026-04-24 19:10:00+00:00,MGLU3.SA,8.680000305175781,8.720000267028809,8.680000305175781,8.720000267028809,131900
2026-04-24 19:15:00+00:00,MGLU3.SA,8.710000038146973,8.739999771118164,8.6899995803833,8.729999542236328,170800
2026-04-24 19:20:00+00:00,MGLU3.SA,8.729999542236328,8.760000228881836,8.729999542236328,8.739999771118164,151300
2026-04-24 19:25:00+00:00,MGLU3.SA,8.729999542236328,8.739999771118164,8.720000267028809,8.729999542236328,88500
2026-04-24 19:30:00+00:00,MGLU3.SA,8.720000267028809,8.729999542236328,8.720000267028809,8.720000267028809,58700
2026-04-24 19:35:00+00:00,MGLU3.SA,8.720000267028809,8.729999542236328,8.6899995803833,8.720000267028809,430900
2026-04-24 19:40:00+00:00,MGLU3.SA,8.710000038146973,8.739999771118164,8.710000038146973,8.739999771118164,171200
2026-04-24 19:45:00+00:00,MGLU3.SA,8.739999771118164,8.760000228881836,8.729999542236328,8.739999771118164,320600
2026-04-24 19:50:00+00:00,MGLU3.SA,8.75,8.760000228881836,8.729999542236328,8.739999771118164,181700
2026-04-27 13:05:00+00:00,MGLU3.SA,8.6899995803833,8.770000457763672,8.649999618530273,8.670000076293945,308900
2026-04-27 13:10:00+00:00,MGLU3.SA,8.670000076293945,8.720000267028809,8.65999984741211,8.65999984741211,132400
2026-04-27 13:15:00+00:00,MGLU3.SA,8.670000076293945,8.720000267028809,8.670000076293945,8.710000038146973,175200
2026-04-27 13:20:00+00:00,MGLU3.SA,8.710000038146973,8.720000267028809,8.6899995803833,8.6899995803833,133600
2026-04-27 13:25:00+00:00,MGLU3.SA,8.6899995803833,8.6899995803833,8.65999984741211,8.670000076293945,85500
2026-04-27 13:30:00+00:00,MGLU3.SA,8.65999984741211,8.710000038146973,8.630000114440918,8.670000076293945,202200
2026-04-27 13:35:00+00:00,MGLU3.SA,8.670000076293945,8.680000305175781,8.65999984741211,8.670000076293945,46800
2026-04-27 13:40:00+00:00,MGLU3.SA,8.680000305175781,8.75,8.680000305175781,8.729999542236328,360000
2026-04-27 13:45:00+00:00,MGLU3.SA,8.729999542236328,8.75,8.720000267028809,8.729999542236328,117800
2026-04-27 13:50:00+00:00,MGLU3.SA,8.720000267028809,8.739999771118164,8.699999809265137,8.729999542236328,154800
2026-04-27 13:55:00+00:00,MGLU3.SA,8.739999771118164,8.75,8.710000038146973,8.720000267028809,107700
2026-04-27 14:00:00+00:00,MGLU3.SA,8.720000267028809,8.720000267028809,8.670000076293945,8.670000076293945,83200
2026-04-27 14:05:00+00:00,MGLU3.SA,8.670000076293945,8.6899995803833,8.65999984741211,8.670000076293945,95200
2026-04-27 14:10:00+00:00,MGLU3.SA,8.670000076293945,8.670000076293945,8.640000343322754,8.65999984741211,122600
2026-04-27 14:15:00+00:00,MGLU3.SA,8.65999984741211,8.65999984741211,8.649999618530273,8.649999618530273,27300
2026-04-27 14:20:00+00:00,MGLU3.SA,8.649999618530273,8.670000076293945,8.649999618530273,8.670000076293945,15400
2026-04-27 14:25:00+00:00,MGLU3.SA,8.670000076293945,8.680000305175781,8.670000076293945,8.670000076293945,15900
2026-04-27 14:30:00+00:00,MGLU3.SA,8.670000076293945,8.670000076293945,8.640000343322754,8.640000343322754,87100
2026-04-27 14:35:00+00:00,MGLU3.SA,8.649999618530273,8.65999984741211,8.640000343322754,8.65999984741211,85600
2026-04-27 14:40:00+00:00,MGLU3.SA,8.65999984741211,8.65999984741211,8.630000114440918,8.640000343322754,145900
2026-04-27 14:45:00+00:00,MGLU3.SA,8.630000114440918,8.630000114440918,8.609999656677246,8.619999885559082,134600
2026-04-27 14:50:00+00:00,MGLU3.SA,8.619999885559082,8.649999618530273,8.609999656677246,8.649999618530273,137400
2026-04-27 14:55:00+00:00,MGLU3.SA,8.640000343322754,8.649999618530273,8.619999885559082,8.630000114440918,93900
2026-04-27 15:00:00+00:00,MGLU3.SA,8.630000114440918,8.630000114440918,8.5600004196167,8.5600004196167,305900
2026-04-27 15:05:00+00:00,MGLU3.SA,8.569999694824219,8.569999694824219,8.529999732971191,8.5600004196167,224900
2026-04-27 15:10:00+00:00,MGLU3.SA,8.5600004196167,8.5600004196167,8.529999732971191,8.550000190734863,106800
2026-04-27 15:15:00+00:00,MGLU3.SA,8.550000190734863,8.5600004196167,8.539999961853027,8.5600004196167,77900
2026-04-27 15:20:00+00:00,MGLU3.SA,8.5600004196167,8.5600004196167,8.520000457763672,8.529999732971191,143600
2026-04-27 15:25:00+00:00,MGLU3.SA,8.520000457763672,8.529999732971191,8.5,8.510000228881836,136500
2026-04-27 15:30:00+00:00,MGLU3.SA,8.5,8.520000457763672,8.5,8.510000228881836,65100
2026-04-27 15:35:00+00:00,MGLU3.SA,8.520000457763672,8.539999961853027,8.510000228881836,8.539999961853027,40900
2026-04-27 15:40:00+00:00,MGLU3.SA,8.539999961853027,8.539999961853027,8.520000457763672,8.520000457763672,32400
2026-04-27 15:45:00+00:00,MGLU3.SA,8.529999732971191,8.529999732971191,8.5,8.510000228881836,116300
2026-04-27 15:50:00+00:00,MGLU3.SA,8.510000228881836,8.529999732971191,8.510000228881836,8.520000457763672,28200
2026-04-27 15:55:00+00:00,MGLU3.SA,8.529999732971191,8.539999961853027,8.520000457763672,8.529999732971191,39500
2026-04-27 16:00:00+00:00,MGLU3.SA,8.529999732971191,8.539999961853027,8.529999732971191,8.529999732971191,23500
2026-04-27 16:05:00+00:00,MGLU3.SA,8.529999732971191,8.539999961853027,8.510000228881836,8.520000457763672,95900
2026-04-27 16:10:00+00:00,MGLU3.SA,8.520000457763672,8.529999732971191,8.5,8.510000228881836,93800
2026-04-27 16:15:00+00:00,MGLU3.SA,8.5,8.520000457763672,8.5,8.5,48800
2026-04-27 16:20:00+00:00,MGLU3.SA,8.5,8.510000228881836,8.5,8.510000228881836,45000
2026-04-27 16:25:00+00:00,MGLU3.SA,8.5,8.529999732971191,8.5,8.520000457763672,28500
2026-04-27 16:30:00+00:00,MGLU3.SA,8.529999732971191,8.529999732971191,8.520000457763672,8.520000457763672,25100
2026-04-27 16:35:00+00:00,MGLU3.SA,8.520000457763672,8.529999732971191,8.5,8.5,34900
2026-04-27 16:40:00+00:00,MGLU3.SA,8.5,8.510000228881836,8.5,8.510000228881836,27700
2026-04-27 16:45:00+00:00,MGLU3.SA,8.510000228881836,8.520000457763672,8.489999771118164,8.5,88700
2026-04-27 16:50:00+00:00,MGLU3.SA,8.5,8.510000228881836,8.479999542236328,8.489999771118164,53900
2026-04-27 16:55:00+00:00,MGLU3.SA,8.479999542236328,8.510000228881836,8.479999542236328,8.489999771118164,38200
2026-04-27 17:00:00+00:00,MGLU3.SA,8.489999771118164,8.5,8.489999771118164,8.489999771118164,32900
2026-04-27 17:05:00+00:00,MGLU3.SA,8.489999771118164,8.5,8.470000267028809,8.479999542236328,98000
2026-04-27 17:10:00+00:00,MGLU3.SA,8.470000267028809,8.510000228881836,8.470000267028809,8.5,103500
2026-04-27 17:15:00+00:00,MGLU3.SA,8.5,8.510000228881836,8.489999771118164,8.5,82800
2026-04-27 17:20:00+00:00,MGLU3.SA,8.5,8.529999732971191,8.5,8.529999732971191,107400
2026-04-27 17:25:00+00:00,MGLU3.SA,8.529999732971191,8.539999961853027,8.520000457763672,8.529999732971191,57600
2026-04-27 17:30:00+00:00,MGLU3.SA,8.539999961853027,8.550000190734863,8.520000457763672,8.539999961853027,110500
2026-04-27 17:35:00+00:00,MGLU3.SA,8.550000190734863,8.550000190734863,8.529999732971191,8.539999961853027,84500
2026-04-27 17:40:00+00:00,MGLU3.SA,8.529999732971191,8.539999961853027,8.529999732971191,8.529999732971191,25900
2026-04-27 17:45:00+00:00,MGLU3.SA,8.529999732971191,8.550000190734863,8.529999732971191,8.539999961853027,41700
2026-04-27 17:50:00+00:00,MGLU3.SA,8.539999961853027,8.5600004196167,8.529999732971191,8.539999961853027,143400
2026-04-27 17:55:00+00:00,MGLU3.SA,8.529999732971191,8.550000190734863,8.529999732971191,8.539999961853027,17500
2026-04-27 18:00:00+00:00,MGLU3.SA,8.539999961853027,8.550000190734863,8.529999732971191,8.539999961853027,61400
2026-04-27 18:05:00+00:00,MGLU3.SA,8.529999732971191,8.59000015258789,8.529999732971191,8.59000015258789,292500
2026-04-27 18:10:00+00:00,MGLU3.SA,8.59000015258789,8.59000015258789,8.5600004196167,8.569999694824219,51800
2026-04-27 18:15:00+00:00,MGLU3.SA,8.579999923706055,8.579999923706055,8.5600004196167,8.5600004196167,20600
2026-04-27 18:20:00+00:00,MGLU3.SA,8.5600004196167,8.569999694824219,8.550000190734863,8.550000190734863,21000
2026-04-27 18:25:00+00:00,MGLU3.SA,8.550000190734863,8.569999694824219,8.550000190734863,8.550000190734863,39900
2026-04-27 18:30:00+00:00,MGLU3.SA,8.550000190734863,8.5600004196167,8.529999732971191,8.529999732971191,61300
2026-04-27 18:35:00+00:00,MGLU3.SA,8.529999732971191,8.550000190734863,8.529999732971191,8.539999961853027,47800
2026-04-27 18:40:00+00:00,MGLU3.SA,8.550000190734863,8.5600004196167,8.529999732971191,8.550000190734863,68900
2026-04-27 18:45:00+00:00,MGLU3.SA,8.5600004196167,8.569999694824219,8.550000190734863,8.5600004196167,64100
2026-04-27 18:50:00+00:00,MGLU3.SA,8.569999694824219,8.569999694824219,8.550000190734863,8.550000190734863,36200
2026-04-27 18:55:00+00:00,MGLU3.SA,8.550000190734863,8.569999694824219,8.550000190734863,8.550000190734863,47400
2026-04-27 19:00:00+00:00,MGLU3.SA,8.5600004196167,8.5600004196167,8.529999732971191,8.539999961853027,73200
2026-04-27 19:05:00+00:00,MGLU3.SA,8.529999732971191,8.5600004196167,8.529999732971191,8.5600004196167,84800
2026-04-27 19:10:00+00:00,MGLU3.SA,8.550000190734863,8.550000190734863,8.529999732971191,8.529999732971191,23400
2026-04-27 19:15:00+00:00,MGLU3.SA,8.529999732971191,8.539999961853027,8.520000457763672,8.539999961853027,64700
2026-04-27 19:20:00+00:00,MGLU3.SA,8.550000190734863,8.550000190734863,8.520000457763672,8.529999732971191,55000
2026-04-27 19:25:00+00:00,MGLU3.SA,8.529999732971191,8.5600004196167,8.520000457763672,8.539999961853027,168500
2026-04-27 19:30:00+00:00,MGLU3.SA,8.539999961853027,8.550000190734863,8.529999732971191,8.539999961853027,48900
2026-04-27 19:35:00+00:00,MGLU3.SA,8.539999961853027,8.539999961853027,8.520000457763672,8.529999732971191,211000
2026-04-27 19:40:00+00:00,MGLU3.SA,8.539999961853027,8.539999961853027,8.520000457763672,8.529999732971191,136700
2026-04-27 19:45:00+00:00,MGLU3.SA,8.539999961853027,8.550000190734863,8.529999732971191,8.529999732971191,135800
2026-04-27 19:50:00+00:00,MGLU3.SA,8.529999732971191,8.550000190734863,8.529999732971191,8.550000190734863,189000
2026-04-28 13:00:00+00:00,MGLU3.SA,8.5,8.529999732971191,8.430000305175781,8.4399995803833,0
2026-04-28 13:05:00+00:00,MGLU3.SA,8.4399995803833,8.460000038146973,8.399999618530273,8.460000038146973,320000
2026-04-28 13:10:00+00:00,MGLU3.SA,8.449999809265137,8.5,8.4399995803833,8.479999542236328,403100
2026-04-28 13:15:00+00:00,MGLU3.SA,8.470000267028809,8.510000228881836,8.470000267028809,8.5,124500
2026-04-28 13:20:00+00:00,MGLU3.SA,8.5,8.510000228881836,8.430000305175781,8.4399995803833,427700
2026-04-28 13:25:00+00:00,MGLU3.SA,8.449999809265137,8.470000267028809,8.430000305175781,8.460000038146973,63200
2026-04-28 13:30:00+00:00,MGLU3.SA,8.460000038146973,8.489999771118164,8.430000305175781,8.470000267028809,144600
2026-04-28 13:35:00+00:00,MGLU3.SA,8.470000267028809,8.479999542236328,8.449999809265137,8.479999542236328,98500
2026-04-28 13:40:00+00:00,MGLU3.SA,8.479999542236328,8.550000190734863,8.479999542236328,8.529999732971191,507100
2026-04-28 13:45:00+00:00,MGLU3.SA,8.529999732971191,8.529999732971191,8.489999771118164,8.5,124500
2026-04-28 13:50:00+00:00,MGLU3.SA,8.5,8.529999732971191,8.489999771118164,8.529999732971191,264700
2026-04-28 13:55:00+00:00,MGLU3.SA,8.529999732971191,8.529999732971191,8.510000228881836,8.529999732971191,123400
2026-04-28 14:00:00+00:00,MGLU3.SA,8.520000457763672,8.600000381469727,8.520000457763672,8.600000381469727,402400
2026-04-28 14:05:00+00:00,MGLU3.SA,8.600000381469727,8.609999656677246,8.5600004196167,8.569999694824219,184900
2026-04-28 14:10:00+00:00,MGLU3.SA,8.569999694824219,8.59000015258789,8.5600004196167,8.579999923706055,82800
2026-04-28 14:15:00+00:00,MGLU3.SA,8.59000015258789,8.59000015258789,8.550000190734863,8.569999694824219,122100
2026-04-28 14:20:00+00:00,MGLU3.SA,8.5600004196167,8.569999694824219,8.529999732971191,8.529999732971191,130700
2026-04-28 14:25:00+00:00,MGLU3.SA,8.529999732971191,8.539999961853027,8.5,8.529999732971191,302100
2026-04-28 14:30:00+00:00,MGLU3.SA,8.529999732971191,8.5600004196167,8.520000457763672,8.539999961853027,79800
2026-04-28 14:35:00+00:00,MGLU3.SA,8.539999961853027,8.550000190734863,8.520000457763672,8.529999732971191,102500
2026-04-28 14:40:00+00:00,MGLU3.SA,8.539999961853027,8.539999961853027,8.470000267028809,8.470000267028809,349100
2026-04-28 14:45:00+00:00,MGLU3.SA,8.479999542236328,8.5,8.470000267028809,8.479999542236328,70200
2026-04-28 14:50:00+00:00,MGLU3.SA,8.479999542236328,8.479999542236328,8.449999809265137,8.470000267028809,151900
2026-04-28 14:55:00+00:00,MGLU3.SA,8.470000267028809,8.479999542236328,8.449999809265137,8.470000267028809,52300
2026-04-28 15:00:00+00:00,MGLU3.SA,8.479999542236328,8.529999732971191,8.479999542236328,8.520000457763672,135400
2026-04-28 15:05:00+00:00,MGLU3.SA,8.510000228881836,8.520000457763672,8.479999542236328,8.479999542236328,24600
2026-04-28 15:10:00+00:00,MGLU3.SA,8.489999771118164,8.5,8.479999542236328,8.5,73900
2026-04-28 15:15:00+00:00,MGLU3.SA,8.489999771118164,8.520000457763672,8.489999771118164,8.510000228881836,51700
2026-04-28 15:20:00+00:00,MGLU3.SA,8.510000228881836,8.520000457763672,8.5,8.520000457763672,40100
2026-04-28 15:25:00+00:00,MGLU3.SA,8.510000228881836,8.529999732971191,8.5,8.5,99200
2026-04-28 15:30:00+00:00,MGLU3.SA,8.5,8.520000457763672,8.5,8.5,16300
2026-04-28 15:35:00+00:00,MGLU3.SA,8.510000228881836,8.539999961853027,8.5,8.539999961853027,57500
2026-04-28 15:40:00+00:00,MGLU3.SA,8.529999732971191,8.550000190734863,8.520000457763672,8.550000190734863,125700
2026-04-28 15:45:00+00:00,MGLU3.SA,8.539999961853027,8.550000190734863,8.529999732971191,8.529999732971191,20700
2026-04-28 15:50:00+00:00,MGLU3.SA,8.529999732971191,8.550000190734863,8.529999732971191,8.539999961853027,17500
2026-04-28 15:55:00+00:00,MGLU3.SA,8.550000190734863,8.5600004196167,8.539999961853027,8.550000190734863,102600
2026-04-28 16:00:00+00:00,MGLU3.SA,8.5600004196167,8.579999923706055,8.5600004196167,8.5600004196167,83700
2026-04-28 16:05:00+00:00,MGLU3.SA,8.569999694824219,8.569999694824219,8.539999961853027,8.550000190734863,70100
2026-04-28 16:10:00+00:00,MGLU3.SA,8.5600004196167,8.5600004196167,8.539999961853027,8.539999961853027,60900
2026-04-28 16:15:00+00:00,MGLU3.SA,8.539999961853027,8.5600004196167,8.539999961853027,8.539999961853027,45500
2026-04-28 16:20:00+00:00,MGLU3.SA,8.539999961853027,8.569999694824219,8.539999961853027,8.5600004196167,177700
2026-04-28 16:25:00+00:00,MGLU3.SA,8.5600004196167,8.569999694824219,8.5600004196167,8.5600004196167,65700
2026-04-28 16:30:00+00:00,MGLU3.SA,8.5600004196167,8.569999694824219,8.550000190734863,8.550000190734863,62200
2026-04-28 16:35:00+00:00,MGLU3.SA,8.550000190734863,8.5600004196167,8.510000228881836,8.520000457763672,347500
2026-04-28 16:40:00+00:00,MGLU3.SA,8.520000457763672,8.529999732971191,8.510000228881836,8.510000228881836,28600
2026-04-28 16:45:00+00:00,MGLU3.SA,8.520000457763672,8.539999961853027,8.510000228881836,8.529999732971191,45700
2026-04-28 16:50:00+00:00,MGLU3.SA,8.529999732971191,8.569999694824219,8.529999732971191,8.5600004196167,202400
2026-04-28 16:55:00+00:00,MGLU3.SA,8.569999694824219,8.579999923706055,8.5600004196167,8.579999923706055,80800
2026-04-28 17:00:00+00:00,MGLU3.SA,8.579999923706055,8.579999923706055,8.5600004196167,8.569999694824219,80600
2026-04-28 17:05:00+00:00,MGLU3.SA,8.569999694824219,8.59000015258789,8.569999694824219,8.579999923706055,150600
2026-04-28 17:10:00+00:00,MGLU3.SA,8.59000015258789,8.59000015258789,8.569999694824219,8.569999694824219,98500
2026-04-28 17:15:00+00:00,MGLU3.SA,8.569999694824219,8.579999923706055,8.5600004196167,8.569999694824219,8800
2026-04-28 17:20:00+00:00,MGLU3.SA,8.569999694824219,8.569999694824219,8.550000190734863,8.569999694824219,62300
2026-04-28 17:25:00+00:00,MGLU3.SA,8.5600004196167,8.579999923706055,8.5600004196167,8.569999694824219,53200
2026-04-28 17:30:00+00:00,MGLU3.SA,8.579999923706055,8.579999923706055,8.569999694824219,8.569999694824219,9100
2026-04-28 17:35:00+00:00,MGLU3.SA,8.579999923706055,8.609999656677246,8.569999694824219,8.600000381469727,238600
2026-04-28 17:40:00+00:00,MGLU3.SA,8.59000015258789,8.59000015258789,8.569999694824219,8.579999923706055,83000
2026-04-28 17:45:00+00:00,MGLU3.SA,8.569999694824219,8.59000015258789,8.569999694824219,8.579999923706055,15000
2026-04-28 17:50:00+00:00,MGLU3.SA,8.579999923706055,8.59000015258789,8.579999923706055,8.59000015258789,8300
2026-04-28 17:55:00+00:00,MGLU3.SA,8.579999923706055,8.600000381469727,8.579999923706055,8.59000015258789,58900
2026-04-28 18:00:00+00:00,MGLU3.SA,8.59000015258789,8.59000015258789,8.579999923706055,8.579999923706055,66200
2026-04-28 18:05:00+00:00,MGLU3.SA,8.579999923706055,8.59000015258789,8.550000190734863,8.579999923706055,158600
2026-04-28 18:10:00+00:00,MGLU3.SA,8.579999923706055,8.579999923706055,8.5600004196167,8.5600004196167,63500
2026-04-28 18:15:00+00:00,MGLU3.SA,8.569999694824219,8.579999923706055,8.5600004196167,8.579999923706055,58500
2026-04-28 18:20:00+00:00,MGLU3.SA,8.579999923706055,8.59000015258789,8.569999694824219,8.579999923706055,32900
2026-04-28 18:25:00+00:00,MGLU3.SA,8.579999923706055,8.579999923706055,8.5600004196167,8.569999694824219,75200
2026-04-28 18:30:00+00:00,MGLU3.SA,8.569999694824219,8.569999694824219,8.5600004196167,8.5600004196167,44500
2026-04-28 18:35:00+00:00,MGLU3.SA,8.550000190734863,8.5600004196167,8.539999961853027,8.539999961853027,130100
2026-04-28 18:40:00+00:00,MGLU3.SA,8.539999961853027,8.550000190734863,8.529999732971191,8.539999961853027,76000
2026-04-28 18:45:00+00:00,MGLU3.SA,8.539999961853027,8.539999961853027,8.529999732971191,8.539999961853027,6700
2026-04-28 18:50:00+00:00,MGLU3.SA,8.539999961853027,8.539999961853027,8.529999732971191,8.539999961853027,29800
2026-04-28 18:55:00+00:00,MGLU3.SA,8.529999732971191,8.539999961853027,8.520000457763672,8.520000457763672,135900
2026-04-28 19:00:00+00:00,MGLU3.SA,8.520000457763672,8.529999732971191,8.510000228881836,8.529999732971191,87800
2026-04-28 19:05:00+00:00,MGLU3.SA,8.529999732971191,8.539999961853027,8.520000457763672,8.520000457763672,17100
2026-04-28 19:10:00+00:00,MGLU3.SA,8.520000457763672,8.539999961853027,8.520000457763672,8.520000457763672,41800
2026-04-28 19:15:00+00:00,MGLU3.SA,8.520000457763672,8.550000190734863,8.520000457763672,8.550000190734863,58900
2026-04-28 19:20:00+00:00,MGLU3.SA,8.539999961853027,8.5600004196167,8.539999961853027,8.550000190734863,44800
2026-04-28 19:25:00+00:00,MGLU3.SA,8.5600004196167,8.569999694824219,8.550000190734863,8.5600004196167,87400
2026-04-28 19:30:00+00:00,MGLU3.SA,8.5600004196167,8.579999923706055,8.5600004196167,8.569999694824219,167500
2026-04-28 19:35:00+00:00,MGLU3.SA,8.579999923706055,8.59000015258789,8.5600004196167,8.5600004196167,188500
2026-04-28 19:40:00+00:00,MGLU3.SA,8.5600004196167,8.579999923706055,8.539999961853027,8.550000190734863,147500
2026-04-28 19:45:00+00:00,MGLU3.SA,8.539999961853027,8.5600004196167,8.539999961853027,8.5600004196167,114800
2026-04-28 19:50:00+00:00,MGLU3.SA,8.5600004196167,8.569999694824219,8.550000190734863,8.569999694824219,117700
2026-04-29 13:00:00+00:00,MGLU3.SA,8.529999732971191,8.529999732971191,8.489999771118164,8.529999732971191,0
2026-04-29 13:05:00+00:00,MGLU3.SA,8.539999961853027,8.579999923706055,8.510000228881836,8.5600004196167,198300
2026-04-29 13:10:00+00:00,MGLU3.SA,8.5600004196167,8.569999694824219,8.520000457763672,8.550000190734863,103700
2026-04-29 13:15:00+00:00,MGLU3.SA,8.550000190734863,8.5600004196167,8.520000457763672,8.520000457763672,106100
2026-04-29 13:20:00+00:00,MGLU3.SA,8.520000457763672,8.529999732971191,8.5,8.510000228881836,122200
2026-04-29 13:25:00+00:00,MGLU3.SA,8.510000228881836,8.520000457763672,8.479999542236328,8.489999771118164,163900
2026-04-29 13:30:00+00:00,MGLU3.SA,8.489999771118164,8.520000457763672,8.470000267028809,8.5,111900
2026-04-29 13:35:00+00:00,MGLU3.SA,8.489999771118164,8.510000228881836,8.470000267028809,8.489999771118164,169200
2026-04-29 13:40:00+00:00,MGLU3.SA,8.489999771118164,8.5,8.470000267028809,8.470000267028809,190800
2026-04-29 13:45:00+00:00,MGLU3.SA,8.470000267028809,8.479999542236328,8.4399995803833,8.460000038146973,243500
2026-04-29 13:50:00+00:00,MGLU3.SA,8.460000038146973,8.489999771118164,8.449999809265137,8.470000267028809,230500
2026-04-29 13:55:00+00:00,MGLU3.SA,8.470000267028809,8.479999542236328,8.430000305175781,8.4399995803833,185600
2026-04-29 14:00:00+00:00,MGLU3.SA,8.430000305175781,8.4399995803833,8.40999984741211,8.420000076293945,181000
2026-04-29 14:05:00+00:00,MGLU3.SA,8.420000076293945,8.4399995803833,8.40999984741211,8.4399995803833,92800
2026-04-29 14:10:00+00:00,MGLU3.SA,8.4399995803833,8.449999809265137,8.430000305175781,8.4399995803833,177900
2026-04-29 14:15:00+00:00,MGLU3.SA,8.430000305175781,8.449999809265137,8.430000305175781,8.449999809265137,50400
2026-04-29 14:20:00+00:00,MGLU3.SA,8.449999809265137,8.460000038146973,8.430000305175781,8.430000305175781,81200
2026-04-29 14:25:00+00:00,MGLU3.SA,8.430000305175781,8.4399995803833,8.420000076293945,8.430000305175781,108500
2026-04-29 14:30:00+00:00,MGLU3.SA,8.430000305175781,8.430000305175781,8.40999984741211,8.420000076293945,91100
2026-04-29 14:35:00+00:00,MGLU3.SA,8.40999984741211,8.430000305175781,8.40999984741211,8.420000076293945,62500
2026-04-29 14:40:00+00:00,MGLU3.SA,8.420000076293945,8.430000305175781,8.40999984741211,8.420000076293945,101900
2026-04-29 14:45:00+00:00,MGLU3.SA,8.430000305175781,8.430000305175781,8.420000076293945,8.420000076293945,49900
2026-04-29 14:50:00+00:00,MGLU3.SA,8.420000076293945,8.4399995803833,8.420000076293945,8.420000076293945,46600
2026-04-29 14:55:00+00:00,MGLU3.SA,8.420000076293945,8.430000305175781,8.359999656677246,8.380000114440918,643900
2026-04-29 15:00:00+00:00,MGLU3.SA,8.380000114440918,8.390000343322754,8.34000015258789,8.359999656677246,327200
2026-04-29 15:05:00+00:00,MGLU3.SA,8.359999656677246,8.369999885559082,8.3100004196167,8.319999694824219,255900
2026-04-29 15:10:00+00:00,MGLU3.SA,8.3100004196167,8.329999923706055,8.300000190734863,8.319999694824219,80200
2026-04-29 15:15:00+00:00,MGLU3.SA,8.329999923706055,8.350000381469727,8.329999923706055,8.329999923706055,135500
2026-04-29 15:20:00+00:00,MGLU3.SA,8.34000015258789,8.350000381469727,8.329999923706055,8.329999923706055,69700
2026-04-29 15:25:00+00:00,MGLU3.SA,8.329999923706055,8.34000015258789,8.3100004196167,8.319999694824219,87800
2026-04-29 15:30:00+00:00,MGLU3.SA,8.329999923706055,8.329999923706055,8.319999694824219,8.329999923706055,38200
2026-04-29 15:35:00+00:00,MGLU3.SA,8.319999694824219,8.329999923706055,8.300000190734863,8.300000190734863,155400
2026-04-29 15:40:00+00:00,MGLU3.SA,8.300000190734863,8.319999694824219,8.289999961853027,8.3100004196167,165100
2026-04-29 15:45:00+00:00,MGLU3.SA,8.319999694824219,8.319999694824219,8.300000190734863,8.300000190734863,138200
2026-04-29 15:50:00+00:00,MGLU3.SA,8.300000190734863,8.319999694824219,8.25,8.260000228881836,351400
2026-04-29 15:55:00+00:00,MGLU3.SA,8.260000228881836,8.270000457763672,8.229999542236328,8.25,284700
2026-04-29 16:00:00+00:00,MGLU3.SA,8.25,8.279999732971191,8.239999771118164,8.279999732971191,150200
2026-04-29 16:05:00+00:00,MGLU3.SA,8.270000457763672,8.289999961853027,8.270000457763672,8.279999732971191,84900
2026-04-29 16:10:00+00:00,MGLU3.SA,8.289999961853027,8.300000190734863,8.279999732971191,8.300000190734863,96400
2026-04-29 16:15:00+00:00,MGLU3.SA,8.289999961853027,8.3100004196167,8.289999961853027,8.289999961853027,87900
2026-04-29 16:20:00+00:00,MGLU3.SA,8.279999732971191,8.289999961853027,8.279999732971191,8.289999961853027,32700
2026-04-29 16:25:00+00:00,MGLU3.SA,8.289999961853027,8.300000190734863,8.289999961853027,8.289999961853027,42400
2026-04-29 16:30:00+00:00,MGLU3.SA,8.289999961853027,8.289999961853027,8.25,8.260000228881836,183300
2026-04-29 16:35:00+00:00,MGLU3.SA,8.25,8.270000457763672,8.239999771118164,8.260000228881836,309800
2026-04-29 16:40:00+00:00,MGLU3.SA,8.270000457763672,8.279999732971191,8.260000228881836,8.270000457763672,79300
2026-04-29 16:45:00+00:00,MGLU3.SA,8.279999732971191,8.279999732971191,8.260000228881836,8.260000228881836,29800
2026-04-29 16:50:00+00:00,MGLU3.SA,8.260000228881836,8.260000228881836,8.239999771118164,8.260000228881836,153300
2026-04-29 16:55:00+00:00,MGLU3.SA,8.25,8.270000457763672,8.25,8.25,49100
2026-04-29 17:00:00+00:00,MGLU3.SA,8.25,8.270000457763672,8.239999771118164,8.239999771118164,59700
2026-04-29 17:05:00+00:00,MGLU3.SA,8.239999771118164,8.260000228881836,8.239999771118164,8.25,67000
2026-04-29 17:10:00+00:00,MGLU3.SA,8.260000228881836,8.260000228881836,8.239999771118164,8.239999771118164,95300
2026-04-29 17:15:00+00:00,MGLU3.SA,8.25,8.260000228881836,8.239999771118164,8.260000228881836,47100
2026-04-29 17:20:00+00:00,MGLU3.SA,8.260000228881836,8.260000228881836,8.239999771118164,8.239999771118164,48500
2026-04-29 17:25:00+00:00,MGLU3.SA,8.239999771118164,8.25,8.210000038146973,8.210000038146973,220800
2026-04-29 17:30:00+00:00,MGLU3.SA,8.210000038146973,8.239999771118164,8.199999809265137,8.220000267028809,223400
2026-04-29 17:35:00+00:00,MGLU3.SA,8.220000267028809,8.220000267028809,8.1899995803833,8.199999809265137,153000
2026-04-29 17:40:00+00:00,MGLU3.SA,8.199999809265137,8.220000267028809,8.199999809265137,8.199999809265137,79200
2026-04-29 17:45:00+00:00,MGLU3.SA,8.210000038146973,8.239999771118164,8.199999809265137,8.220000267028809,116000
2026-04-29 17:50:00+00:00,MGLU3.SA,8.220000267028809,8.239999771118164,8.220000267028809,8.229999542236328,112000
2026-04-29 17:55:00+00:00,MGLU3.SA,8.229999542236328,8.239999771118164,8.220000267028809,8.229999542236328,62500
2026-04-29 18:00:00+00:00,MGLU3.SA,8.229999542236328,8.229999542236328,8.15999984741211,8.170000076293945,326000
2026-04-29 18:05:00+00:00,MGLU3.SA,8.170000076293945,8.1899995803833,8.15999984741211,8.15999984741211,150800
2026-04-29 18:10:00+00:00,MGLU3.SA,8.15999984741211,8.180000305175781,8.140000343322754,8.170000076293945,270800
2026-04-29 18:15:00+00:00,MGLU3.SA,8.170000076293945,8.199999809265137,8.170000076293945,8.1899995803833,197900
2026-04-29 18:20:00+00:00,MGLU3.SA,8.1899995803833,8.210000038146973,8.15999984741211,8.170000076293945,171900
2026-04-29 18:25:00+00:00,MGLU3.SA,8.180000305175781,8.180000305175781,8.15999984741211,8.15999984741211,52600
2026-04-29 18:30:00+00:00,MGLU3.SA,8.170000076293945,8.170000076293945,8.130000114440918,8.149999618530273,241400
2026-04-29 18:35:00+00:00,MGLU3.SA,8.15999984741211,8.180000305175781,8.149999618530273,8.170000076293945,109800
2026-04-29 18:40:00+00:00,MGLU3.SA,8.15999984741211,8.15999984741211,8.130000114440918,8.140000343322754,108400
2026-04-29 18:45:00+00:00,MGLU3.SA,8.130000114440918,8.149999618530273,8.130000114440918,8.140000343322754,92800
2026-04-29 18:50:00+00:00,MGLU3.SA,8.140000343322754,8.15999984741211,8.140000343322754,8.140000343322754,123100
2026-04-29 18:55:00+00:00,MGLU3.SA,8.149999618530273,8.15999984741211,8.140000343322754,8.140000343322754,57000
2026-04-29 19:00:00+00:00,MGLU3.SA,8.140000343322754,8.149999618530273,8.130000114440918,8.149999618530273,96900
2026-04-29 19:05:00+00:00,MGLU3.SA,8.140000343322754,8.149999618530273,8.130000114440918,8.140000343322754,85900
2026-04-29 19:10:00+00:00,MGLU3.SA,8.140000343322754,8.149999618530273,8.130000114440918,8.149999618530273,63800
2026-04-29 19:15:00+00:00,MGLU3.SA,8.140000343322754,8.149999618530273,8.130000114440918,8.130000114440918,125600
2026-04-29 19:20:00+00:00,MGLU3.SA,8.140000343322754,8.140000343322754,8.119999885559082,8.119999885559082,143500
2026-04-29 19:25:00+00:00,MGLU3.SA,8.130000114440918,8.130000114440918,8.109999656677246,8.109999656677246,145900
2026-04-29 19:30:00+00:00,MGLU3.SA,8.109999656677246,8.119999885559082,8.100000381469727,8.100000381469727,269800
2026-04-29 19:35:00+00:00,MGLU3.SA,8.109999656677246,8.119999885559082,8.100000381469727,8.109999656677246,142700
2026-04-29 19:40:00+00:00,MGLU3.SA,8.109999656677246,8.130000114440918,8.100000381469727,8.119999885559082,242300
2026-04-29 19:45:00+00:00,MGLU3.SA,8.130000114440918,8.130000114440918,8.100000381469727,8.119999885559082,594400
2026-04-29 19:50:00+00:00,MGLU3.SA,8.109999656677246,8.119999885559082,8.100000381469727,8.119999885559082,315700
2026-04-30 13:05:00+00:00,MGLU3.SA,8.289999961853027,8.300000190734863,8.149999618530273,8.15999984741211,274000
2026-04-30 13:10:00+00:00,MGLU3.SA,8.149999618530273,8.170000076293945,8.109999656677246,8.140000343322754,716500
2026-04-30 13:15:00+00:00,MGLU3.SA,8.140000343322754,8.15999984741211,8.109999656677246,8.149999618530273,411400
2026-04-30 13:20:00+00:00,MGLU3.SA,8.140000343322754,8.180000305175781,8.130000114440918,8.15999984741211,464400
2026-04-30 13:25:00+00:00,MGLU3.SA,8.15999984741211,8.170000076293945,8.130000114440918,8.149999618530273,178200
2026-04-30 13:30:00+00:00,MGLU3.SA,8.149999618530273,8.170000076293945,8.130000114440918,8.149999618530273,217000
2026-04-30 13:35:00+00:00,MGLU3.SA,8.140000343322754,8.149999618530273,8.109999656677246,8.130000114440918,479300
2026-04-30 13:40:00+00:00,MGLU3.SA,8.119999885559082,8.130000114440918,8.079999923706055,8.119999885559082,478300
2026-04-30 13:45:00+00:00,MGLU3.SA,8.109999656677246,8.119999885559082,8.09000015258789,8.119999885559082,98000
2026-04-30 13:50:00+00:00,MGLU3.SA,8.119999885559082,8.140000343322754,8.119999885559082,8.130000114440918,149800
2026-04-30 13:55:00+00:00,MGLU3.SA,8.130000114440918,8.180000305175781,8.109999656677246,8.170000076293945,519300
2026-04-30 14:00:00+00:00,MGLU3.SA,8.170000076293945,8.1899995803833,8.149999618530273,8.180000305175781,241700
2026-04-30 14:05:00+00:00,MGLU3.SA,8.170000076293945,8.199999809265137,8.15999984741211,8.180000305175781,446900
2026-04-30 14:10:00+00:00,MGLU3.SA,8.180000305175781,8.210000038146973,8.170000076293945,8.199999809265137,253400
2026-04-30 14:15:00+00:00,MGLU3.SA,8.199999809265137,8.210000038146973,8.170000076293945,8.170000076293945,272800
2026-04-30 14:20:00+00:00,MGLU3.SA,8.170000076293945,8.199999809265137,8.170000076293945,8.199999809265137,199800
2026-04-30 14:25:00+00:00,MGLU3.SA,8.199999809265137,8.210000038146973,8.180000305175781,8.180000305175781,195700
2026-04-30 14:30:00+00:00,MGLU3.SA,8.180000305175781,8.180000305175781,8.170000076293945,8.170000076293945,70400
2026-04-30 14:35:00+00:00,MGLU3.SA,8.170000076293945,8.180000305175781,8.15999984741211,8.180000305175781,382500
2026-04-30 14:40:00+00:00,MGLU3.SA,8.1899995803833,8.199999809265137,8.15999984741211,8.1899995803833,396200
2026-04-30 14:45:00+00:00,MGLU3.SA,8.199999809265137,8.220000267028809,8.1899995803833,8.1899995803833,661600
2026-04-30 14:50:00+00:00,MGLU3.SA,8.1899995803833,8.199999809265137,8.170000076293945,8.170000076293945,109900
2026-04-30 14:55:00+00:00,MGLU3.SA,8.170000076293945,8.180000305175781,8.15999984741211,8.170000076293945,68800
2026-04-30 15:00:00+00:00,MGLU3.SA,8.170000076293945,8.1899995803833,8.170000076293945,8.180000305175781,77000
2026-04-30 15:05:00+00:00,MGLU3.SA,8.180000305175781,8.1899995803833,8.170000076293945,8.180000305175781,70700
2026-04-30 15:10:00+00:00,MGLU3.SA,8.180000305175781,8.199999809265137,8.180000305175781,8.1899995803833,111400
2026-04-30 15:15:00+00:00,MGLU3.SA,8.180000305175781,8.1899995803833,8.180000305175781,8.1899995803833,65500
2026-04-30 15:20:00+00:00,MGLU3.SA,8.180000305175781,8.199999809265137,8.180000305175781,8.199999809265137,39100
2026-04-30 15:25:00+00:00,MGLU3.SA,8.1899995803833,8.199999809265137,8.1899995803833,8.1899995803833,67300
2026-04-30 15:30:00+00:00,MGLU3.SA,8.1899995803833,8.199999809265137,8.1899995803833,8.1899995803833,23700
2026-04-30 15:35:00+00:00,MGLU3.SA,8.1899995803833,8.199999809265137,8.180000305175781,8.180000305175781,53100
2026-04-30 15:40:00+00:00,MGLU3.SA,8.180000305175781,8.1899995803833,8.170000076293945,8.180000305175781,52900
2026-04-30 15:45:00+00:00,MGLU3.SA,8.180000305175781,8.1899995803833,8.170000076293945,8.170000076293945,86000
2026-04-30 15:50:00+00:00,MGLU3.SA,8.180000305175781,8.1899995803833,8.170000076293945,8.180000305175781,30000
2026-04-30 15:55:00+00:00,MGLU3.SA,8.1899995803833,8.1899995803833,8.170000076293945,8.180000305175781,25300
2026-04-30 16:00:00+00:00,MGLU3.SA,8.180000305175781,8.1899995803833,8.149999618530273,8.180000305175781,176100
2026-04-30 16:05:00+00:00,MGLU3.SA,8.180000305175781,8.1899995803833,8.180000305175781,8.180000305175781,67200
2026-04-30 16:10:00+00:00,MGLU3.SA,8.1899995803833,8.1899995803833,8.170000076293945,8.170000076293945,44100
2026-04-30 16:15:00+00:00,MGLU3.SA,8.170000076293945,8.180000305175781,8.149999618530273,8.149999618530273,103900
2026-04-30 16:20:00+00:00,MGLU3.SA,8.15999984741211,8.15999984741211,8.149999618530273,8.149999618530273,29000
2026-04-30 16:25:00+00:00,MGLU3.SA,8.149999618530273,8.1899995803833,8.149999618530273,8.180000305175781,181500
2026-04-30 16:30:00+00:00,MGLU3.SA,8.1899995803833,8.199999809265137,8.180000305175781,8.199999809265137,76700
2026-04-30 16:35:00+00:00,MGLU3.SA,8.1899995803833,8.220000267028809,8.180000305175781,8.180000305175781,707200
2026-04-30 16:40:00+00:00,MGLU3.SA,8.180000305175781,8.1899995803833,8.170000076293945,8.180000305175781,58600
2026-04-30 16:45:00+00:00,MGLU3.SA,8.180000305175781,8.199999809265137,8.149999618530273,8.199999809265137,354100
2026-04-30 16:50:00+00:00,MGLU3.SA,8.1899995803833,8.199999809265137,8.180000305175781,8.180000305175781,31100
2026-04-30 16:55:00+00:00,MGLU3.SA,8.180000305175781,8.199999809265137,8.170000076293945,8.1899995803833,74700
2026-04-30 17:00:00+00:00,MGLU3.SA,8.1899995803833,8.199999809265137,8.180000305175781,8.1899995803833,83400
2026-04-30 17:05:00+00:00,MGLU3.SA,8.1899995803833,8.199999809265137,8.1899995803833,8.199999809265137,33700
2026-04-30 17:10:00+00:00,MGLU3.SA,8.1899995803833,8.199999809265137,8.1899995803833,8.1899995803833,24500
2026-04-30 17:15:00+00:00,MGLU3.SA,8.199999809265137,8.199999809265137,8.1899995803833,8.1899995803833,22500
2026-04-30 17:20:00+00:00,MGLU3.SA,8.1899995803833,8.199999809265137,8.1899995803833,8.199999809265137,77000
2026-04-30 17:25:00+00:00,MGLU3.SA,8.1899995803833,8.199999809265137,8.1899995803833,8.1899995803833,25600
2026-04-30 17:30:00+00:00,MGLU3.SA,8.1899995803833,8.289999961853027,8.180000305175781,8.289999961853027,740900
2026-04-30 17:35:00+00:00,MGLU3.SA,8.289999961853027,8.350000381469727,8.229999542236328,8.239999771118164,1330600
2026-04-30 17:40:00+00:00,MGLU3.SA,8.239999771118164,8.239999771118164,8.210000038146973,8.210000038146973,123100
2026-04-30 17:45:00+00:00,MGLU3.SA,8.210000038146973,8.220000267028809,8.199999809265137,8.210000038146973,108700
2026-04-30 17:50:00+00:00,MGLU3.SA,8.210000038146973,8.220000267028809,8.199999809265137,8.199999809265137,68300
2026-04-30 17:55:00+00:00,MGLU3.SA,8.199999809265137,8.210000038146973,8.199999809265137,8.199999809265137,39900
2026-04-30 18:00:00+00:00,MGLU3.SA,8.210000038146973,8.25,8.199999809265137,8.239999771118164,76000
2026-04-30 18:05:00+00:00,MGLU3.SA,8.239999771118164,8.239999771118164,8.229999542236328,8.239999771118164,16500
2026-04-30 18:10:00+00:00,MGLU3.SA,8.229999542236328,8.25,8.229999542236328,8.239999771118164,55600
2026-04-30 18:15:00+00:00,MGLU3.SA,8.239999771118164,8.25,8.229999542236328,8.239999771118164,49500
2026-04-30 18:20:00+00:00,MGLU3.SA,8.239999771118164,8.239999771118164,8.229999542236328,8.229999542236328,21000
2026-04-30 18:25:00+00:00,MGLU3.SA,8.239999771118164,8.239999771118164,8.220000267028809,8.220000267028809,41000
2026-04-30 18:30:00+00:00,MGLU3.SA,8.220000267028809,8.239999771118164,8.220000267028809,8.239999771118164,51000
2026-04-30 18:35:00+00:00,MGLU3.SA,8.239999771118164,8.25,8.239999771118164,8.239999771118164,36400
2026-04-30 18:40:00+00:00,MGLU3.SA,8.239999771118164,8.279999732971191,8.239999771118164,8.270000457763672,358600
2026-04-30 18:45:00+00:00,MGLU3.SA,8.279999732971191,8.350000381469727,8.270000457763672,8.319999694824219,859400
2026-04-30 18:50:00+00:00,MGLU3.SA,8.3100004196167,8.319999694824219,8.289999961853027,8.289999961853027,149000
2026-04-30 18:55:00+00:00,MGLU3.SA,8.289999961853027,8.3100004196167,8.289999961853027,8.300000190734863,117600
2026-04-30 19:00:00+00:00,MGLU3.SA,8.300000190734863,8.3100004196167,8.300000190734863,8.300000190734863,42600
2026-04-30 19:05:00+00:00,MGLU3.SA,8.300000190734863,8.3100004196167,8.279999732971191,8.300000190734863,106700
2026-04-30 19:10:00+00:00,MGLU3.SA,8.300000190734863,8.300000190734863,8.289999961853027,8.300000190734863,75200
2026-04-30 19:15:00+00:00,MGLU3.SA,8.289999961853027,8.3100004196167,8.279999732971191,8.300000190734863,169800
2026-04-30 19:20:00+00:00,MGLU3.SA,8.300000190734863,8.329999923706055,8.300000190734863,8.329999923706055,149400
2026-04-30 19:25:00+00:00,MGLU3.SA,8.329999923706055,8.329999923706055,8.3100004196167,8.3100004196167,68700
2026-04-30 19:30:00+00:00,MGLU3.SA,8.319999694824219,8.329999923706055,8.300000190734863,8.300000190734863,272100
2026-04-30 19:35:00+00:00,MGLU3.SA,8.300000190734863,8.319999694824219,8.300000190734863,8.3100004196167,95900
2026-04-30 19:40:00+00:00,MGLU3.SA,8.3100004196167,8.319999694824219,8.279999732971191,8.289999961853027,326500
2026-04-30 19:45:00+00:00,MGLU3.SA,8.289999961853027,8.300000190734863,8.279999732971191,8.289999961853027,117800
2026-05-04 13:05:00+00:00,MGLU3.SA,8.25,8.270000457763672,8.199999809265137,8.229999542236328,293900
2026-05-04 13:10:00+00:00,MGLU3.SA,8.220000267028809,8.25,8.1899995803833,8.210000038146973,169500
2026-05-04 13:15:00+00:00,MGLU3.SA,8.220000267028809,8.220000267028809,8.170000076293945,8.199999809265137,180100
2026-05-04 13:20:00+00:00,MGLU3.SA,8.199999809265137,8.199999809265137,8.180000305175781,8.199999809265137,84400
2026-05-04 13:25:00+00:00,MGLU3.SA,8.1899995803833,8.199999809265137,8.15999984741211,8.1899995803833,201400
2026-05-04 13:30:00+00:00,MGLU3.SA,8.1899995803833,8.239999771118164,8.170000076293945,8.229999542236328,146900
2026-05-04 13:35:00+00:00,MGLU3.SA,8.229999542236328,8.289999961853027,8.220000267028809,8.279999732971191,291800
2026-05-04 13:40:00+00:00,MGLU3.SA,8.279999732971191,8.3100004196167,8.270000457763672,8.270000457763672,162100
2026-05-04 13:45:00+00:00,MGLU3.SA,8.270000457763672,8.34000015258789,8.270000457763672,8.3100004196167,273400
2026-05-04 13:50:00+00:00,MGLU3.SA,8.300000190734863,8.3100004196167,8.239999771118164,8.260000228881836,124700
2026-05-04 13:55:00+00:00,MGLU3.SA,8.260000228881836,8.270000457763672,8.239999771118164,8.239999771118164,56500
2026-05-04 14:00:00+00:00,MGLU3.SA,8.25,8.25,8.220000267028809,8.25,114600
2026-05-04 14:05:00+00:00,MGLU3.SA,8.25,8.270000457763672,8.239999771118164,8.239999771118164,105700
2026-05-04 14:10:00+00:00,MGLU3.SA,8.239999771118164,8.25,8.229999542236328,8.25,35200
2026-05-04 14:15:00+00:00,MGLU3.SA,8.260000228881836,8.289999961853027,8.239999771118164,8.279999732971191,75900
2026-05-04 14:20:00+00:00,MGLU3.SA,8.279999732971191,8.289999961853027,8.270000457763672,8.289999961853027,72500
2026-05-04 14:25:00+00:00,MGLU3.SA,8.289999961853027,8.289999961853027,8.260000228881836,8.270000457763672,48900
2026-05-04 14:30:00+00:00,MGLU3.SA,8.270000457763672,8.279999732971191,8.170000076293945,8.170000076293945,853300
2026-05-04 14:35:00+00:00,MGLU3.SA,8.180000305175781,8.220000267028809,8.15999984741211,8.210000038146973,664100
2026-05-04 14:40:00+00:00,MGLU3.SA,8.199999809265137,8.220000267028809,8.1899995803833,8.1899995803833,140500
2026-05-04 14:45:00+00:00,MGLU3.SA,8.180000305175781,8.1899995803833,8.140000343322754,8.149999618530273,434100
2026-05-04 14:50:00+00:00,MGLU3.SA,8.140000343322754,8.170000076293945,8.140000343322754,8.15999984741211,62000
2026-05-04 14:55:00+00:00,MGLU3.SA,8.15999984741211,8.170000076293945,8.130000114440918,8.130000114440918,197100
2026-05-04 15:00:00+00:00,MGLU3.SA,8.119999885559082,8.130000114440918,8.100000381469727,8.119999885559082,424300
2026-05-04 15:05:00+00:00,MGLU3.SA,8.130000114440918,8.140000343322754,8.100000381469727,8.140000343322754,62200
2026-05-04 15:10:00+00:00,MGLU3.SA,8.140000343322754,8.149999618530273,8.119999885559082,8.140000343322754,121600
2026-05-04 15:15:00+00:00,MGLU3.SA,8.140000343322754,8.149999618530273,8.100000381469727,8.100000381469727,100300
2026-05-04 15:20:00+00:00,MGLU3.SA,8.100000381469727,8.119999885559082,8.069999694824219,8.079999923706055,481500
2026-05-04 15:25:00+00:00,MGLU3.SA,8.079999923706055,8.109999656677246,8.079999923706055,8.09000015258789,89700
2026-05-04 15:30:00+00:00,MGLU3.SA,8.09000015258789,8.100000381469727,8.079999923706055,8.09000015258789,39900
2026-05-04 15:35:00+00:00,MGLU3.SA,8.09000015258789,8.109999656677246,8.079999923706055,8.100000381469727,136200
2026-05-04 15:40:00+00:00,MGLU3.SA,8.09000015258789,8.100000381469727,8.09000015258789,8.09000015258789,22700
2026-05-04 15:45:00+00:00,MGLU3.SA,8.09000015258789,8.109999656677246,8.079999923706055,8.09000015258789,149400
2026-05-04 15:50:00+00:00,MGLU3.SA,8.09000015258789,8.100000381469727,8.079999923706055,8.09000015258789,125200
2026-05-04 15:55:00+00:00,MGLU3.SA,8.09000015258789,8.100000381469727,8.079999923706055,8.09000015258789,61400
2026-05-04 16:00:00+00:00,MGLU3.SA,8.09000015258789,8.100000381469727,8.079999923706055,8.09000015258789,61300
2026-05-04 16:05:00+00:00,MGLU3.SA,8.09000015258789,8.100000381469727,8.050000190734863,8.069999694824219,158700
2026-05-04 16:10:00+00:00,MGLU3.SA,8.069999694824219,8.079999923706055,8.0600004196167,8.0600004196167,49500
2026-05-04 16:15:00+00:00,MGLU3.SA,8.0600004196167,8.09000015258789,8.0600004196167,8.069999694824219,84800
2026-05-04 16:20:00+00:00,MGLU3.SA,8.069999694824219,8.079999923706055,8.069999694824219,8.069999694824219,24800
2026-05-04 16:25:00+00:00,MGLU3.SA,8.069999694824219,8.079999923706055,8.050000190734863,8.050000190734863,164100
2026-05-04 16:30:00+00:00,MGLU3.SA,8.050000190734863,8.069999694824219,8.039999961853027,8.039999961853027,177700
2026-05-04 16:35:00+00:00,MGLU3.SA,8.050000190734863,8.050000190734863,8.020000457763672,8.020000457763672,118900
2026-05-04 16:40:00+00:00,MGLU3.SA,8.029999732971191,8.039999961853027,8.029999732971191,8.029999732971191,39000
2026-05-04 16:45:00+00:00,MGLU3.SA,8.039999961853027,8.050000190734863,8.029999732971191,8.039999961853027,17200
2026-05-04 16:50:00+00:00,MGLU3.SA,8.039999961853027,8.050000190734863,8.020000457763672,8.029999732971191,113200
2026-05-04 16:55:00+00:00,MGLU3.SA,8.020000457763672,8.039999961853027,8.010000228881836,8.029999732971191,149000
2026-05-04 17:00:00+00:00,MGLU3.SA,8.029999732971191,8.039999961853027,8.020000457763672,8.029999732971191,56000
2026-05-04 17:05:00+00:00,MGLU3.SA,8.029999732971191,8.069999694824219,8.029999732971191,8.069999694824219,84600
2026-05-04 17:10:00+00:00,MGLU3.SA,8.069999694824219,8.079999923706055,8.0600004196167,8.069999694824219,88700
2026-05-04 17:15:00+00:00,MGLU3.SA,8.069999694824219,8.100000381469727,8.0600004196167,8.079999923706055,114400
2026-05-04 17:20:00+00:00,MGLU3.SA,8.079999923706055,8.09000015258789,8.079999923706055,8.079999923706055,22500
2026-05-04 17:25:00+00:00,MGLU3.SA,8.079999923706055,8.100000381469727,8.079999923706055,8.079999923706055,135300
2026-05-04 17:30:00+00:00,MGLU3.SA,8.079999923706055,8.09000015258789,8.0600004196167,8.0600004196167,65800
2026-05-04 17:35:00+00:00,MGLU3.SA,8.0600004196167,8.069999694824219,8.050000190734863,8.069999694824219,65100
2026-05-04 17:40:00+00:00,MGLU3.SA,8.0600004196167,8.069999694824219,8.050000190734863,8.0600004196167,19000
2026-05-04 17:45:00+00:00,MGLU3.SA,8.0600004196167,8.069999694824219,8.0600004196167,8.0600004196167,17600
2026-05-04 17:50:00+00:00,MGLU3.SA,8.0600004196167,8.09000015258789,8.0600004196167,8.069999694824219,52800
2026-05-04 17:55:00+00:00,MGLU3.SA,8.079999923706055,8.09000015258789,8.069999694824219,8.079999923706055,21600
2026-05-04 18:00:00+00:00,MGLU3.SA,8.09000015258789,8.109999656677246,8.079999923706055,8.109999656677246,160700
2026-05-04 18:05:00+00:00,MGLU3.SA,8.109999656677246,8.109999656677246,8.09000015258789,8.100000381469727,103800
2026-05-04 18:10:00+00:00,MGLU3.SA,8.109999656677246,8.109999656677246,8.0600004196167,8.069999694824219,115400
2026-05-04 18:15:00+00:00,MGLU3.SA,8.0600004196167,8.069999694824219,8.029999732971191,8.029999732971191,241400
2026-05-04 18:20:00+00:00,MGLU3.SA,8.039999961853027,8.039999961853027,8.029999732971191,8.029999732971191,99900
2026-05-04 18:25:00+00:00,MGLU3.SA,8.039999961853027,8.039999961853027,8.020000457763672,8.029999732971191,137900
2026-05-04 18:30:00+00:00,MGLU3.SA,8.029999732971191,8.050000190734863,8.029999732971191,8.050000190734863,121700
2026-05-04 18:35:00+00:00,MGLU3.SA,8.050000190734863,8.050000190734863,8.029999732971191,8.050000190734863,73100
2026-05-04 18:40:00+00:00,MGLU3.SA,8.050000190734863,8.050000190734863,8.029999732971191,8.039999961853027,59500
2026-05-04 18:45:00+00:00,MGLU3.SA,8.029999732971191,8.039999961853027,8.029999732971191,8.039999961853027,55400
2026-05-04 18:50:00+00:00,MGLU3.SA,8.029999732971191,8.039999961853027,8.020000457763672,8.039999961853027,125100
2026-05-04 18:55:00+00:00,MGLU3.SA,8.029999732971191,8.039999961853027,8.029999732971191,8.029999732971191,61900
2026-05-04 19:00:00+00:00,MGLU3.SA,8.039999961853027,8.039999961853027,8.029999732971191,8.029999732971191,83200
2026-05-04 19:05:00+00:00,MGLU3.SA,8.029999732971191,8.050000190734863,8.029999732971191,8.039999961853027,95200
2026-05-04 19:10:00+00:00,MGLU3.SA,8.050000190734863,8.050000190734863,8.029999732971191,8.029999732971191,157500
2026-05-04 19:15:00+00:00,MGLU3.SA,8.039999961853027,8.050000190734863,8.020000457763672,8.020000457763672,154800
2026-05-04 19:20:00+00:00,MGLU3.SA,8.029999732971191,8.029999732971191,8.020000457763672,8.020000457763672,91900
2026-05-04 19:25:00+00:00,MGLU3.SA,8.029999732971191,8.039999961853027,8.0,8.020000457763672,372800
2026-05-04 19:30:00+00:00,MGLU3.SA,8.020000457763672,8.020000457763672,7.989999771118164,8.010000228881836,425100
2026-05-04 19:35:00+00:00,MGLU3.SA,8.010000228881836,8.029999732971191,8.0,8.020000457763672,354300
2026-05-04 19:40:00+00:00,MGLU3.SA,8.029999732971191,8.029999732971191,8.010000228881836,8.020000457763672,202300
2026-05-04 19:45:00+00:00,MGLU3.SA,8.010000228881836,8.020000457763672,8.0,8.0,266400
2026-05-04 19:50:00+00:00,MGLU3.SA,8.0,8.029999732971191,7.989999771118164,8.0,477500
2026-05-05 13:00:00+00:00,MGLU3.SA,8.050000190734863,8.09000015258789,8.020000457763672,8.0600004196167,0
2026-05-05 13:05:00+00:00,MGLU3.SA,8.050000190734863,8.100000381469727,8.050000190734863,8.069999694824219,366700
2026-05-05 13:10:00+00:00,MGLU3.SA,8.069999694824219,8.140000343322754,8.0600004196167,8.119999885559082,334700
2026-05-05 13:15:00+00:00,MGLU3.SA,8.119999885559082,8.170000076293945,8.119999885559082,8.140000343322754,386100
2026-05-05 13:20:00+00:00,MGLU3.SA,8.140000343322754,8.149999618530273,8.100000381469727,8.119999885559082,189000
2026-05-05 13:25:00+00:00,MGLU3.SA,8.109999656677246,8.140000343322754,8.109999656677246,8.119999885559082,121200
2026-05-05 13:30:00+00:00,MGLU3.SA,8.109999656677246,8.109999656677246,8.069999694824219,8.100000381469727,168700
2026-05-05 13:35:00+00:00,MGLU3.SA,8.09000015258789,8.100000381469727,8.050000190734863,8.050000190734863,240200
2026-05-05 13:40:00+00:00,MGLU3.SA,8.0600004196167,8.09000015258789,8.050000190734863,8.069999694824219,160000
2026-05-05 13:45:00+00:00,MGLU3.SA,8.079999923706055,8.09000015258789,8.069999694824219,8.069999694824219,96500
2026-05-05 13:50:00+00:00,MGLU3.SA,8.069999694824219,8.079999923706055,8.0600004196167,8.0600004196167,82100
2026-05-05 13:55:00+00:00,MGLU3.SA,8.050000190734863,8.069999694824219,8.029999732971191,8.069999694824219,498000
2026-05-05 14:00:00+00:00,MGLU3.SA,8.0600004196167,8.079999923706055,8.050000190734863,8.0600004196167,115800
2026-05-05 14:05:00+00:00,MGLU3.SA,8.0600004196167,8.069999694824219,8.050000190734863,8.069999694824219,47300
2026-05-05 14:10:00+00:00,MGLU3.SA,8.0600004196167,8.069999694824219,8.029999732971191,8.029999732971191,190800
2026-05-05 14:15:00+00:00,MGLU3.SA,8.029999732971191,8.039999961853027,8.010000228881836,8.020000457763672,169000
2026-05-05 14:20:00+00:00,MGLU3.SA,8.029999732971191,8.0600004196167,8.020000457763672,8.050000190734863,67100
2026-05-05 14:25:00+00:00,MGLU3.SA,8.050000190734863,8.069999694824219,8.050000190734863,8.050000190734863,76700
2026-05-05 14:30:00+00:00,MGLU3.SA,8.0600004196167,8.079999923706055,8.050000190734863,8.069999694824219,146800
2026-05-05 14:35:00+00:00,MGLU3.SA,8.079999923706055,8.09000015258789,8.0600004196167,8.0600004196167,38700
2026-05-05 14:40:00+00:00,MGLU3.SA,8.0600004196167,8.100000381469727,8.0600004196167,8.09000015258789,172200
2026-05-05 14:45:00+00:00,MGLU3.SA,8.09000015258789,8.100000381469727,8.069999694824219,8.069999694824219,66200
2026-05-05 14:50:00+00:00,MGLU3.SA,8.069999694824219,8.09000015258789,8.069999694824219,8.079999923706055,48000
2026-05-05 14:55:00+00:00,MGLU3.SA,8.079999923706055,8.09000015258789,8.069999694824219,8.069999694824219,42600
2026-05-05 15:00:00+00:00,MGLU3.SA,8.069999694824219,8.09000015258789,8.069999694824219,8.079999923706055,37700
2026-05-05 15:05:00+00:00,MGLU3.SA,8.079999923706055,8.079999923706055,8.050000190734863,8.0600004196167,112500
2026-05-05 15:10:00+00:00,MGLU3.SA,8.0600004196167,8.09000015258789,8.0600004196167,8.09000015258789,35700
2026-05-05 15:15:00+00:00,MGLU3.SA,8.079999923706055,8.100000381469727,8.079999923706055,8.079999923706055,146000
2026-05-05 15:20:00+00:00,MGLU3.SA,8.079999923706055,8.100000381469727,8.069999694824219,8.079999923706055,87900
2026-05-05 15:25:00+00:00,MGLU3.SA,8.09000015258789,8.09000015258789,8.069999694824219,8.069999694824219,15200
2026-05-05 15:30:00+00:00,MGLU3.SA,8.079999923706055,8.09000015258789,8.069999694824219,8.09000015258789,46900
2026-05-05 15:35:00+00:00,MGLU3.SA,8.09000015258789,8.100000381469727,8.079999923706055,8.09000015258789,84300
2026-05-05 15:40:00+00:00,MGLU3.SA,8.09000015258789,8.119999885559082,8.079999923706055,8.109999656677246,444800
2026-05-05 15:45:00+00:00,MGLU3.SA,8.109999656677246,8.109999656677246,8.09000015258789,8.100000381469727,90900
2026-05-05 15:50:00+00:00,MGLU3.SA,8.09000015258789,8.100000381469727,8.09000015258789,8.09000015258789,27300
2026-05-05 15:55:00+00:00,MGLU3.SA,8.100000381469727,8.149999618530273,8.09000015258789,8.109999656677246,3453000
2026-05-05 16:00:00+00:00,MGLU3.SA,8.119999885559082,8.149999618530273,8.109999656677246,8.130000114440918,1516700
2026-05-05 16:05:00+00:00,MGLU3.SA,8.130000114440918,8.140000343322754,8.119999885559082,8.140000343322754,54900
2026-05-05 16:10:00+00:00,MGLU3.SA,8.140000343322754,8.170000076293945,8.140000343322754,8.149999618530273,239100
2026-05-05 16:15:00+00:00,MGLU3.SA,8.149999618530273,8.15999984741211,8.149999618530273,8.15999984741211,77200
2026-05-05 16:20:00+00:00,MGLU3.SA,8.15999984741211,8.15999984741211,8.130000114440918,8.140000343322754,174800
2026-05-05 16:25:00+00:00,MGLU3.SA,8.140000343322754,8.140000343322754,8.130000114440918,8.130000114440918,33300
2026-05-05 16:30:00+00:00,MGLU3.SA,8.130000114440918,8.140000343322754,8.119999885559082,8.119999885559082,30900
2026-05-05 16:35:00+00:00,MGLU3.SA,8.119999885559082,8.130000114440918,8.079999923706055,8.09000015258789,126800
2026-05-05 16:40:00+00:00,MGLU3.SA,8.079999923706055,8.09000015258789,8.069999694824219,8.079999923706055,101600
2026-05-05 16:45:00+00:00,MGLU3.SA,8.069999694824219,8.079999923706055,8.0600004196167,8.079999923706055,166100
2026-05-05 16:50:00+00:00,MGLU3.SA,8.09000015258789,8.09000015258789,8.069999694824219,8.079999923706055,28500
2026-05-05 16:55:00+00:00,MGLU3.SA,8.069999694824219,8.079999923706055,8.0600004196167,8.079999923706055,122800
2026-05-05 17:00:00+00:00,MGLU3.SA,8.069999694824219,8.079999923706055,8.069999694824219,8.069999694824219,16700
2026-05-05 17:05:00+00:00,MGLU3.SA,8.079999923706055,8.079999923706055,8.069999694824219,8.079999923706055,38100
2026-05-05 17:10:00+00:00,MGLU3.SA,8.069999694824219,8.079999923706055,8.039999961853027,8.050000190734863,306200
2026-05-05 17:15:00+00:00,MGLU3.SA,8.050000190734863,8.079999923706055,8.039999961853027,8.069999694824219,149100
2026-05-05 17:20:00+00:00,MGLU3.SA,8.079999923706055,8.079999923706055,8.050000190734863,8.050000190734863,70400
2026-05-05 17:25:00+00:00,MGLU3.SA,8.050000190734863,8.069999694824219,8.050000190734863,8.050000190734863,38900
2026-05-05 17:30:00+00:00,MGLU3.SA,8.050000190734863,8.0600004196167,8.039999961853027,8.039999961853027,92300
2026-05-05 17:35:00+00:00,MGLU3.SA,8.039999961853027,8.050000190734863,8.039999961853027,8.050000190734863,38700
2026-05-05 17:40:00+00:00,MGLU3.SA,8.050000190734863,8.0600004196167,8.039999961853027,8.050000190734863,37500
2026-05-05 17:45:00+00:00,MGLU3.SA,8.0600004196167,8.09000015258789,8.050000190734863,8.079999923706055,172600
2026-05-05 17:50:00+00:00,MGLU3.SA,8.079999923706055,8.09000015258789,8.069999694824219,8.069999694824219,29200
2026-05-05 17:55:00+00:00,MGLU3.SA,8.069999694824219,8.069999694824219,8.0600004196167,8.0600004196167,38700
2026-05-05 18:00:00+00:00,MGLU3.SA,8.0600004196167,8.069999694824219,8.0600004196167,8.0600004196167,11000
2026-05-05 18:05:00+00:00,MGLU3.SA,8.069999694824219,8.069999694824219,8.050000190734863,8.0600004196167,81600
2026-05-05 18:10:00+00:00,MGLU3.SA,8.0600004196167,8.079999923706055,8.0600004196167,8.069999694824219,43000
2026-05-05 18:15:00+00:00,MGLU3.SA,8.069999694824219,8.079999923706055,8.069999694824219,8.069999694824219,29800
2026-05-05 18:20:00+00:00,MGLU3.SA,8.079999923706055,8.09000015258789,8.079999923706055,8.079999923706055,75900
2026-05-05 18:25:00+00:00,MGLU3.SA,8.079999923706055,8.100000381469727,8.069999694824219,8.079999923706055,85900
2026-05-05 18:30:00+00:00,MGLU3.SA,8.069999694824219,8.079999923706055,8.069999694824219,8.069999694824219,22700
2026-05-05 18:35:00+00:00,MGLU3.SA,8.079999923706055,8.079999923706055,8.069999694824219,8.069999694824219,20000
2026-05-05 18:40:00+00:00,MGLU3.SA,8.079999923706055,8.079999923706055,8.069999694824219,8.079999923706055,15700
2026-05-05 18:45:00+00:00,MGLU3.SA,8.079999923706055,8.079999923706055,8.0600004196167,8.0600004196167,90700
2026-05-05 18:50:00+00:00,MGLU3.SA,8.069999694824219,8.079999923706055,8.0600004196167,8.069999694824219,44500
2026-05-05 18:55:00+00:00,MGLU3.SA,8.0600004196167,8.069999694824219,8.0600004196167,8.0600004196167,34700
2026-05-05 19:00:00+00:00,MGLU3.SA,8.069999694824219,8.069999694824219,8.0600004196167,8.0600004196167,53100
2026-05-05 19:05:00+00:00,MGLU3.SA,8.0600004196167,8.069999694824219,8.039999961853027,8.039999961853027,148000
2026-05-05 19:10:00+00:00,MGLU3.SA,8.039999961853027,8.050000190734863,8.029999732971191,8.039999961853027,113000
2026-05-05 19:15:00+00:00,MGLU3.SA,8.039999961853027,8.050000190734863,8.029999732971191,8.050000190734863,92000
2026-05-05 19:20:00+00:00,MGLU3.SA,8.039999961853027,8.050000190734863,8.029999732971191,8.029999732971191,37400
2026-05-05 19:25:00+00:00,MGLU3.SA,8.029999732971191,8.050000190734863,8.029999732971191,8.029999732971191,106000
2026-05-05 19:30:00+00:00,MGLU3.SA,8.029999732971191,8.039999961853027,8.020000457763672,8.039999961853027,170500
2026-05-05 19:35:00+00:00,MGLU3.SA,8.029999732971191,8.039999961853027,8.020000457763672,8.020000457763672,138900
2026-05-05 19:40:00+00:00,MGLU3.SA,8.020000457763672,8.039999961853027,8.020000457763672,8.029999732971191,186600
2026-05-05 19:45:00+00:00,MGLU3.SA,8.029999732971191,8.029999732971191,8.020000457763672,8.020000457763672,141500
2026-05-05 19:50:00+00:00,MGLU3.SA,8.010000228881836,8.029999732971191,8.010000228881836,8.029999732971191,452200
2026-05-06 13:05:00+00:00,MGLU3.SA,8.220000267028809,8.25,8.220000267028809,8.229999542236328,0
2026-05-06 13:10:00+00:00,MGLU3.SA,8.239999771118164,8.260000228881836,8.210000038146973,8.239999771118164,745800
2026-05-06 13:15:00+00:00,MGLU3.SA,8.25,8.319999694824219,8.239999771118164,8.270000457763672,724700
2026-05-06 13:20:00+00:00,MGLU3.SA,8.260000228881836,8.270000457763672,8.25,8.260000228881836,186600
2026-05-06 13:25:00+00:00,MGLU3.SA,8.270000457763672,8.289999961853027,8.260000228881836,8.260000228881836,260700
2026-05-06 13:30:00+00:00,MGLU3.SA,8.260000228881836,8.260000228881836,8.220000267028809,8.239999771118164,438200
2026-05-06 13:35:00+00:00,MGLU3.SA,8.229999542236328,8.25,8.229999542236328,8.239999771118164,45800
2026-05-06 13:40:00+00:00,MGLU3.SA,8.229999542236328,8.25,8.210000038146973,8.220000267028809,106100
2026-05-06 13:45:00+00:00,MGLU3.SA,8.220000267028809,8.25,8.210000038146973,8.25,182300
2026-05-06 13:50:00+00:00,MGLU3.SA,8.229999542236328,8.239999771118164,8.199999809265137,8.220000267028809,256000
2026-05-06 13:55:00+00:00,MGLU3.SA,8.220000267028809,8.220000267028809,8.170000076293945,8.170000076293945,265800
2026-05-06 14:00:00+00:00,MGLU3.SA,8.180000305175781,8.1899995803833,8.149999618530273,8.15999984741211,100200
2026-05-06 14:05:00+00:00,MGLU3.SA,8.15999984741211,8.15999984741211,8.130000114440918,8.149999618530273,189800
2026-05-06 14:10:00+00:00,MGLU3.SA,8.15999984741211,8.15999984741211,8.130000114440918,8.140000343322754,158600
2026-05-06 14:15:00+00:00,MGLU3.SA,8.140000343322754,8.149999618530273,8.130000114440918,8.140000343322754,182100
2026-05-06 14:20:00+00:00,MGLU3.SA,8.140000343322754,8.149999618530273,8.119999885559082,8.130000114440918,143600
2026-05-06 14:25:00+00:00,MGLU3.SA,8.130000114440918,8.15999984741211,8.119999885559082,8.140000343322754,129800
2026-05-06 14:30:00+00:00,MGLU3.SA,8.140000343322754,8.15999984741211,8.130000114440918,8.15999984741211,183200
2026-05-06 14:35:00+00:00,MGLU3.SA,8.15999984741211,8.210000038146973,8.149999618530273,8.199999809265137,174200
2026-05-06 14:40:00+00:00,MGLU3.SA,8.199999809265137,8.210000038146973,8.1899995803833,8.199999809265137,196900
2026-05-06 14:45:00+00:00,MGLU3.SA,8.210000038146973,8.229999542236328,8.180000305175781,8.180000305175781,271000
2026-05-06 14:50:00+00:00,MGLU3.SA,8.1899995803833,8.1899995803833,8.15999984741211,8.15999984741211,91500
2026-05-06 14:55:00+00:00,MGLU3.SA,8.170000076293945,8.180000305175781,8.15999984741211,8.170000076293945,72900
2026-05-06 15:00:00+00:00,MGLU3.SA,8.170000076293945,8.180000305175781,8.15999984741211,8.15999984741211,187200
2026-05-06 15:05:00+00:00,MGLU3.SA,8.170000076293945,8.170000076293945,8.119999885559082,8.130000114440918,467600
2026-05-06 15:10:00+00:00,MGLU3.SA,8.130000114440918,8.149999618530273,8.119999885559082,8.149999618530273,119100
2026-05-06 15:15:00+00:00,MGLU3.SA,8.149999618530273,8.15999984741211,8.140000343322754,8.15999984741211,30100
2026-05-06 15:20:00+00:00,MGLU3.SA,8.149999618530273,8.15999984741211,8.140000343322754,8.149999618530273,71100
2026-05-06 15:25:00+00:00,MGLU3.SA,8.140000343322754,8.149999618530273,8.140000343322754,8.140000343322754,40300
2026-05-06 15:30:00+00:00,MGLU3.SA,8.149999618530273,8.149999618530273,8.130000114440918,8.149999618530273,53900
2026-05-06 15:35:00+00:00,MGLU3.SA,8.140000343322754,8.149999618530273,8.130000114440918,8.140000343322754,19200
2026-05-06 15:40:00+00:00,MGLU3.SA,8.140000343322754,8.149999618530273,8.130000114440918,8.140000343322754,153900
2026-05-06 15:45:00+00:00,MGLU3.SA,8.140000343322754,8.149999618530273,8.130000114440918,8.149999618530273,23000
2026-05-06 15:50:00+00:00,MGLU3.SA,8.149999618530273,8.149999618530273,8.130000114440918,8.140000343322754,32000
2026-05-06 15:55:00+00:00,MGLU3.SA,8.140000343322754,8.149999618530273,8.130000114440918,8.140000343322754,29500
2026-05-06 16:00:00+00:00,MGLU3.SA,8.140000343322754,8.140000343322754,8.119999885559082,8.130000114440918,44900
2026-05-06 16:05:00+00:00,MGLU3.SA,8.140000343322754,8.140000343322754,8.119999885559082,8.140000343322754,68400
2026-05-06 16:10:00+00:00,MGLU3.SA,8.140000343322754,8.140000343322754,8.130000114440918,8.140000343322754,48400
2026-05-06 16:15:00+00:00,MGLU3.SA,8.140000343322754,8.149999618530273,8.130000114440918,8.149999618530273,47100
2026-05-06 16:20:00+00:00,MGLU3.SA,8.149999618530273,8.15999984741211,8.140000343322754,8.149999618530273,72800
2026-05-06 16:25:00+00:00,MGLU3.SA,8.149999618530273,8.149999618530273,8.140000343322754,8.149999618530273,38800
2026-05-06 16:30:00+00:00,MGLU3.SA,8.149999618530273,8.15999984741211,8.140000343322754,8.149999618530273,56000
2026-05-06 16:35:00+00:00,MGLU3.SA,8.140000343322754,8.15999984741211,8.140000343322754,8.15999984741211,76900
2026-05-06 16:40:00+00:00,MGLU3.SA,8.149999618530273,8.15999984741211,8.140000343322754,8.149999618530273,31000
2026-05-06 16:45:00+00:00,MGLU3.SA,8.140000343322754,8.149999618530273,8.140000343322754,8.149999618530273,11300
2026-05-06 16:50:00+00:00,MGLU3.SA,8.140000343322754,8.149999618530273,8.119999885559082,8.119999885559082,151800
2026-05-06 16:55:00+00:00,MGLU3.SA,8.130000114440918,8.149999618530273,8.119999885559082,8.140000343322754,70100
2026-05-06 17:00:00+00:00,MGLU3.SA,8.140000343322754,8.149999618530273,8.119999885559082,8.149999618530273,26900
2026-05-06 17:05:00+00:00,MGLU3.SA,8.149999618530273,8.15999984741211,8.140000343322754,8.15999984741211,61600
2026-05-06 17:10:00+00:00,MGLU3.SA,8.149999618530273,8.15999984741211,8.140000343322754,8.149999618530273,76100
2026-05-06 17:15:00+00:00,MGLU3.SA,8.140000343322754,8.149999618530273,8.119999885559082,8.130000114440918,59900
2026-05-06 17:20:00+00:00,MGLU3.SA,8.130000114440918,8.140000343322754,8.119999885559082,8.130000114440918,27500
2026-05-06 17:25:00+00:00,MGLU3.SA,8.119999885559082,8.130000114440918,8.109999656677246,8.130000114440918,108900
2026-05-06 17:30:00+00:00,MGLU3.SA,8.119999885559082,8.130000114440918,8.109999656677246,8.119999885559082,27200
2026-05-06 17:35:00+00:00,MGLU3.SA,8.109999656677246,8.130000114440918,8.100000381469727,8.119999885559082,95800
2026-05-06 17:40:00+00:00,MGLU3.SA,8.119999885559082,8.119999885559082,8.109999656677246,8.119999885559082,107000
2026-05-06 17:45:00+00:00,MGLU3.SA,8.119999885559082,8.119999885559082,8.100000381469727,8.109999656677246,41200
2026-05-06 17:50:00+00:00,MGLU3.SA,8.109999656677246,8.119999885559082,8.100000381469727,8.109999656677246,66000
2026-05-06 17:55:00+00:00,MGLU3.SA,8.100000381469727,8.119999885559082,8.100000381469727,8.109999656677246,55900
2026-05-06 18:00:00+00:00,MGLU3.SA,8.109999656677246,8.119999885559082,8.09000015258789,8.100000381469727,70900
2026-05-06 18:05:00+00:00,MGLU3.SA,8.09000015258789,8.100000381469727,8.09000015258789,8.09000015258789,17800
2026-05-06 18:10:00+00:00,MGLU3.SA,8.09000015258789,8.100000381469727,8.079999923706055,8.100000381469727,33600
2026-05-06 18:15:00+00:00,MGLU3.SA,8.09000015258789,8.100000381469727,8.09000015258789,8.100000381469727,20300
2026-05-06 18:20:00+00:00,MGLU3.SA,8.09000015258789,8.100000381469727,8.079999923706055,8.09000015258789,38500
2026-05-06 18:25:00+00:00,MGLU3.SA,8.09000015258789,8.09000015258789,8.079999923706055,8.079999923706055,31900
2026-05-06 18:30:00+00:00,MGLU3.SA,8.09000015258789,8.109999656677246,8.079999923706055,8.09000015258789,97100
2026-05-06 18:35:00+00:00,MGLU3.SA,8.100000381469727,8.119999885559082,8.100000381469727,8.109999656677246,67500
2026-05-06 18:40:00+00:00,MGLU3.SA,8.109999656677246,8.130000114440918,8.109999656677246,8.130000114440918,78000
2026-05-06 18:45:00+00:00,MGLU3.SA,8.130000114440918,8.130000114440918,8.119999885559082,8.130000114440918,46700
2026-05-06 18:50:00+00:00,MGLU3.SA,8.119999885559082,8.130000114440918,8.100000381469727,8.100000381469727,36500
2026-05-06 18:55:00+00:00,MGLU3.SA,8.109999656677246,8.119999885559082,8.100000381469727,8.119999885559082,43900
2026-05-06 19:00:00+00:00,MGLU3.SA,8.109999656677246,8.119999885559082,8.100000381469727,8.119999885559082,23800
2026-05-06 19:05:00+00:00,MGLU3.SA,8.119999885559082,8.119999885559082,8.109999656677246,8.119999885559082,19000
2026-05-06 19:10:00+00:00,MGLU3.SA,8.109999656677246,8.119999885559082,8.109999656677246,8.119999885559082,37400
2026-05-06 19:15:00+00:00,MGLU3.SA,8.109999656677246,8.119999885559082,8.100000381469727,8.109999656677246,66100
2026-05-06 19:20:00+00:00,MGLU3.SA,8.109999656677246,8.119999885559082,8.09000015258789,8.100000381469727,83800
2026-05-06 19:25:00+00:00,MGLU3.SA,8.100000381469727,8.100000381469727,8.039999961853027,8.039999961853027,413200
2026-05-06 19:30:00+00:00,MGLU3.SA,8.050000190734863,8.069999694824219,8.020000457763672,8.0600004196167,382200
2026-05-06 19:35:00+00:00,MGLU3.SA,8.069999694824219,8.079999923706055,8.0600004196167,8.069999694824219,98600
2026-05-06 19:40:00+00:00,MGLU3.SA,8.069999694824219,8.069999694824219,8.039999961853027,8.0600004196167,330900
2026-05-06 19:45:00+00:00,MGLU3.SA,8.0600004196167,8.069999694824219,8.050000190734863,8.069999694824219,80800
2026-05-06 19:50:00+00:00,MGLU3.SA,8.069999694824219,8.100000381469727,8.050000190734863,8.0600004196167,396700
2026-05-07 13:00:00+00:00,MGLU3.SA,8.050000190734863,8.100000381469727,8.010000228881836,8.0600004196167,0
2026-05-07 13:05:00+00:00,MGLU3.SA,8.0600004196167,8.079999923706055,7.949999809265137,8.079999923706055,829300
2026-05-07 13:10:00+00:00,MGLU3.SA,8.09000015258789,8.100000381469727,8.0600004196167,8.100000381469727,390100
2026-05-07 13:15:00+00:00,MGLU3.SA,8.100000381469727,8.130000114440918,8.09000015258789,8.130000114440918,307400
2026-05-07 13:20:00+00:00,MGLU3.SA,8.119999885559082,8.119999885559082,8.0600004196167,8.069999694824219,258300
2026-05-07 13:25:00+00:00,MGLU3.SA,8.0600004196167,8.069999694824219,8.029999732971191,8.039999961853027,279100
2026-05-07 13:30:00+00:00,MGLU3.SA,8.039999961853027,8.079999923706055,8.039999961853027,8.079999923706055,141300
2026-05-07 13:35:00+00:00,MGLU3.SA,8.079999923706055,8.079999923706055,8.0600004196167,8.069999694824219,47500
2026-05-07 13:40:00+00:00,MGLU3.SA,8.069999694824219,8.079999923706055,8.0600004196167,8.069999694824219,74500
2026-05-07 13:45:00+00:00,MGLU3.SA,8.0600004196167,8.109999656677246,8.0600004196167,8.109999656677246,348900
2026-05-07 13:50:00+00:00,MGLU3.SA,8.109999656677246,8.170000076293945,8.109999656677246,8.140000343322754,470200
2026-05-07 13:55:00+00:00,MGLU3.SA,8.130000114440918,8.140000343322754,8.100000381469727,8.109999656677246,117800
2026-05-07 14:00:00+00:00,MGLU3.SA,8.109999656677246,8.15999984741211,8.100000381469727,8.15999984741211,208200
2026-05-07 14:05:00+00:00,MGLU3.SA,8.149999618530273,8.15999984741211,8.119999885559082,8.140000343322754,218400
2026-05-07 14:10:00+00:00,MGLU3.SA,8.140000343322754,8.140000343322754,8.109999656677246,8.119999885559082,33700
2026-05-07 14:15:00+00:00,MGLU3.SA,8.109999656677246,8.119999885559082,8.100000381469727,8.109999656677246,48500
2026-05-07 14:20:00+00:00,MGLU3.SA,8.100000381469727,8.140000343322754,8.100000381469727,8.130000114440918,119600
2026-05-07 14:25:00+00:00,MGLU3.SA,8.130000114440918,8.149999618530273,8.119999885559082,8.130000114440918,87000
2026-05-07 14:30:00+00:00,MGLU3.SA,8.130000114440918,8.140000343322754,8.119999885559082,8.119999885559082,52700
2026-05-07 14:35:00+00:00,MGLU3.SA,8.119999885559082,8.140000343322754,8.119999885559082,8.130000114440918,15800
2026-05-07 14:40:00+00:00,MGLU3.SA,8.119999885559082,8.130000114440918,8.100000381469727,8.119999885559082,114800
2026-05-07 14:45:00+00:00,MGLU3.SA,8.119999885559082,8.130000114440918,8.100000381469727,8.119999885559082,121100
2026-05-07 14:50:00+00:00,MGLU3.SA,8.119999885559082,8.140000343322754,8.119999885559082,8.130000114440918,108600
2026-05-07 14:55:00+00:00,MGLU3.SA,8.140000343322754,8.15999984741211,8.130000114440918,8.149999618530273,158100
2026-05-07 15:00:00+00:00,MGLU3.SA,8.149999618530273,8.149999618530273,8.119999885559082,8.130000114440918,23100
2026-05-07 15:05:00+00:00,MGLU3.SA,8.119999885559082,8.140000343322754,8.119999885559082,8.140000343322754,60600
2026-05-07 15:10:00+00:00,MGLU3.SA,8.149999618530273,8.149999618530273,8.130000114440918,8.149999618530273,98000
2026-05-07 15:15:00+00:00,MGLU3.SA,8.140000343322754,8.149999618530273,8.029999732971191,8.140000343322754,49200
2026-05-07 15:20:00+00:00,MGLU3.SA,8.140000343322754,8.140000343322754,8.119999885559082,8.119999885559082,67100
2026-05-07 15:25:00+00:00,MGLU3.SA,8.130000114440918,8.130000114440918,8.100000381469727,8.119999885559082,90300
2026-05-07 15:30:00+00:00,MGLU3.SA,8.130000114440918,8.130000114440918,8.109999656677246,8.119999885559082,11900
2026-05-07 15:35:00+00:00,MGLU3.SA,8.119999885559082,8.119999885559082,8.100000381469727,8.100000381469727,41300
2026-05-07 15:40:00+00:00,MGLU3.SA,8.100000381469727,8.119999885559082,8.100000381469727,8.119999885559082,53800
2026-05-07 15:45:00+00:00,MGLU3.SA,8.109999656677246,8.109999656677246,8.09000015258789,8.100000381469727,79500
2026-05-07 15:50:00+00:00,MGLU3.SA,8.100000381469727,8.130000114440918,8.09000015258789,8.119999885559082,105900
2026-05-07 15:55:00+00:00,MGLU3.SA,8.109999656677246,8.130000114440918,8.109999656677246,8.109999656677246,34300
2026-05-07 16:00:00+00:00,MGLU3.SA,8.109999656677246,8.109999656677246,8.0600004196167,8.100000381469727,407100
2026-05-07 16:05:00+00:00,MGLU3.SA,8.100000381469727,8.109999656677246,8.09000015258789,8.109999656677246,40900
2026-05-07 16:10:00+00:00,MGLU3.SA,8.100000381469727,8.109999656677246,8.09000015258789,8.100000381469727,45700
2026-05-07 16:15:00+00:00,MGLU3.SA,8.100000381469727,8.109999656677246,8.0600004196167,8.069999694824219,166900
2026-05-07 16:20:00+00:00,MGLU3.SA,8.079999923706055,8.100000381469727,8.069999694824219,8.079999923706055,69100
2026-05-07 16:25:00+00:00,MGLU3.SA,8.079999923706055,8.09000015258789,8.079999923706055,8.09000015258789,10700
2026-05-07 16:30:00+00:00,MGLU3.SA,8.09000015258789,8.09000015258789,8.069999694824219,8.069999694824219,42100
2026-05-07 16:35:00+00:00,MGLU3.SA,8.079999923706055,8.09000015258789,8.069999694824219,8.09000015258789,55700
2026-05-07 16:40:00+00:00,MGLU3.SA,8.09000015258789,8.09000015258789,8.079999923706055,8.079999923706055,19800
2026-05-07 16:45:00+00:00,MGLU3.SA,8.09000015258789,8.09000015258789,8.079999923706055,8.079999923706055,15700
2026-05-07 16:50:00+00:00,MGLU3.SA,8.09000015258789,8.09000015258789,8.0600004196167,8.0600004196167,116100
2026-05-07 16:55:00+00:00,MGLU3.SA,8.069999694824219,8.069999694824219,8.029999732971191,8.050000190734863,237600
2026-05-07 17:00:00+00:00,MGLU3.SA,8.0600004196167,8.0600004196167,8.029999732971191,8.050000190734863,83600
2026-05-07 17:05:00+00:00,MGLU3.SA,8.050000190734863,8.069999694824219,8.039999961853027,8.050000190734863,77400
2026-05-07 17:10:00+00:00,MGLU3.SA,8.050000190734863,8.050000190734863,8.029999732971191,8.039999961853027,44100
2026-05-07 17:15:00+00:00,MGLU3.SA,8.029999732971191,8.050000190734863,8.029999732971191,8.039999961853027,74200
2026-05-07 17:20:00+00:00,MGLU3.SA,8.029999732971191,8.050000190734863,8.029999732971191,8.039999961853027,31100
2026-05-07 17:25:00+00:00,MGLU3.SA,8.039999961853027,8.0600004196167,8.0,8.010000228881836,0
2026-05-07 17:30:00+00:00,MGLU3.SA,8.020000457763672,8.029999732971191,7.989999771118164,8.010000228881836,7741600
2026-05-07 17:35:00+00:00,MGLU3.SA,8.010000228881836,8.029999732971191,8.0,8.020000457763672,61000
2026-05-07 17:40:00+00:00,MGLU3.SA,8.020000457763672,8.029999732971191,8.0,8.010000228881836,72700
2026-05-07 17:45:00+00:00,MGLU3.SA,8.010000228881836,8.020000457763672,7.989999771118164,8.0,150100
2026-05-07 17:50:00+00:00,MGLU3.SA,8.0,8.0,7.980000019073486,7.989999771118164,117200
2026-05-07 17:55:00+00:00,MGLU3.SA,8.0,8.09000015258789,7.980000019073486,8.069999694824219,702200
2026-05-07 18:00:00+00:00,MGLU3.SA,8.069999694824219,8.09000015258789,8.069999694824219,8.079999923706055,224500
2026-05-07 18:05:00+00:00,MGLU3.SA,8.079999923706055,8.09000015258789,8.069999694824219,8.079999923706055,42900
2026-05-07 18:10:00+00:00,MGLU3.SA,8.069999694824219,8.100000381469727,8.069999694824219,8.069999694824219,158300
2026-05-07 18:15:00+00:00,MGLU3.SA,8.079999923706055,8.100000381469727,8.069999694824219,8.09000015258789,159800
2026-05-07 18:20:00+00:00,MGLU3.SA,8.09000015258789,8.109999656677246,8.09000015258789,8.09000015258789,174500
2026-05-07 18:25:00+00:00,MGLU3.SA,8.09000015258789,8.100000381469727,8.079999923706055,8.09000015258789,88400
2026-05-07 18:30:00+00:00,MGLU3.SA,8.09000015258789,8.09000015258789,8.069999694824219,8.069999694824219,56400
2026-05-07 18:35:00+00:00,MGLU3.SA,8.069999694824219,8.079999923706055,8.0600004196167,8.079999923706055,89200
2026-05-07 18:40:00+00:00,MGLU3.SA,8.069999694824219,8.079999923706055,8.0600004196167,8.0600004196167,56100
2026-05-07 18:45:00+00:00,MGLU3.SA,8.0600004196167,8.079999923706055,8.050000190734863,8.050000190734863,49400
2026-05-07 18:50:00+00:00,MGLU3.SA,8.0600004196167,8.0600004196167,8.029999732971191,8.029999732971191,217500
2026-05-07 18:55:00+00:00,MGLU3.SA,8.039999961853027,8.039999961853027,7.929999828338623,7.96999979019165,1373500
2026-05-07 19:00:00+00:00,MGLU3.SA,7.96999979019165,7.980000019073486,7.940000057220459,7.949999809265137,289800
2026-05-07 19:05:00+00:00,MGLU3.SA,7.949999809265137,7.96999979019165,7.940000057220459,7.96999979019165,113900
2026-05-07 19:10:00+00:00,MGLU3.SA,7.96999979019165,7.96999979019165,7.949999809265137,7.960000038146973,62300
2026-05-07 19:15:00+00:00,MGLU3.SA,7.949999809265137,7.960000038146973,7.929999828338623,7.940000057220459,347800
2026-05-07 19:20:00+00:00,MGLU3.SA,7.940000057220459,7.940000057220459,7.909999847412109,7.929999828338623,359700
2026-05-07 19:25:00+00:00,MGLU3.SA,7.940000057220459,7.949999809265137,7.920000076293945,7.949999809265137,183800
2026-05-07 19:30:00+00:00,MGLU3.SA,7.940000057220459,7.960000038146973,7.940000057220459,7.960000038146973,146300
2026-05-07 19:35:00+00:00,MGLU3.SA,7.949999809265137,7.980000019073486,7.949999809265137,7.980000019073486,189900
2026-05-07 19:40:00+00:00,MGLU3.SA,7.96999979019165,7.980000019073486,7.960000038146973,7.96999979019165,138800
2026-05-07 19:45:00+00:00,MGLU3.SA,7.96999979019165,7.980000019073486,7.920000076293945,7.920000076293945,571500
2026-05-07 19:50:00+00:00,MGLU3.SA,7.929999828338623,7.949999809265137,7.900000095367432,7.940000057220459,497300
2026-05-08 13:05:00+00:00,MGLU3.SA,7.599999904632568,7.739999771118164,7.599999904632568,7.71999979019165,464200
2026-05-08 13:10:00+00:00,MGLU3.SA,7.730000019073486,7.849999904632568,7.679999828338623,7.730000019073486,930300
2026-05-08 13:15:00+00:00,MGLU3.SA,7.739999771118164,7.78000020980835,7.650000095367432,7.670000076293945,957200
2026-05-08 13:20:00+00:00,MGLU3.SA,7.690000057220459,7.75,7.679999828338623,7.739999771118164,600800
2026-05-08 13:25:00+00:00,MGLU3.SA,7.730000019073486,7.739999771118164,7.619999885559082,7.690000057220459,912000
2026-05-08 13:30:00+00:00,MGLU3.SA,7.679999828338623,7.710000038146973,7.639999866485596,7.699999809265137,384800
2026-05-08 13:35:00+00:00,MGLU3.SA,7.690000057220459,7.699999809265137,7.670000076293945,7.690000057220459,152700
2026-05-08 13:40:00+00:00,MGLU3.SA,7.690000057220459,7.710000038146973,7.679999828338623,7.699999809265137,442500
2026-05-08 13:45:00+00:00,MGLU3.SA,7.699999809265137,7.71999979019165,7.650000095367432,7.659999847412109,474300
2026-05-08 13:50:00+00:00,MGLU3.SA,7.659999847412109,7.690000057220459,7.559999942779541,7.570000171661377,1183600
2026-05-08 13:55:00+00:00,MGLU3.SA,7.559999942779541,7.579999923706055,7.380000114440918,7.449999809265137,3482300
2026-05-08 14:00:00+00:00,MGLU3.SA,7.449999809265137,7.449999809265137,7.289999961853027,7.389999866485596,1389400
2026-05-08 14:05:00+00:00,MGLU3.SA,7.389999866485596,7.409999847412109,7.360000133514404,7.369999885559082,482800
2026-05-08 14:10:00+00:00,MGLU3.SA,7.369999885559082,7.389999866485596,7.360000133514404,7.380000114440918,205900
2026-05-08 14:15:00+00:00,MGLU3.SA,7.380000114440918,7.400000095367432,7.349999904632568,7.400000095367432,207100
2026-05-08 14:20:00+00:00,MGLU3.SA,7.400000095367432,7.400000095367432,7.380000114440918,7.389999866485596,116000
2026-05-08 14:25:00+00:00,MGLU3.SA,7.389999866485596,7.429999828338623,7.389999866485596,7.389999866485596,330600
2026-05-08 14:30:00+00:00,MGLU3.SA,7.389999866485596,7.389999866485596,7.21999979019165,7.25,1438000
2026-05-08 14:35:00+00:00,MGLU3.SA,7.25,7.289999961853027,7.230000019073486,7.28000020980835,349200
2026-05-08 14:40:00+00:00,MGLU3.SA,7.260000228881836,7.309999942779541,7.260000228881836,7.300000190734863,362000
2026-05-08 14:45:00+00:00,MGLU3.SA,7.300000190734863,7.329999923706055,7.289999961853027,7.300000190734863,235800
2026-05-08 14:50:00+00:00,MGLU3.SA,7.309999942779541,7.360000133514404,7.289999961853027,7.360000133514404,309100
2026-05-08 14:55:00+00:00,MGLU3.SA,7.360000133514404,7.360000133514404,7.320000171661377,7.329999923706055,152200
2026-05-08 15:00:00+00:00,MGLU3.SA,7.329999923706055,7.340000152587891,7.320000171661377,7.320000171661377,136600
2026-05-08 15:05:00+00:00,MGLU3.SA,7.320000171661377,7.340000152587891,7.320000171661377,7.329999923706055,101500
2026-05-08 15:10:00+00:00,MGLU3.SA,7.329999923706055,7.340000152587891,7.300000190734863,7.340000152587891,156200
2026-05-08 15:15:00+00:00,MGLU3.SA,7.340000152587891,7.340000152587891,7.300000190734863,7.300000190734863,108000
2026-05-08 15:20:00+00:00,MGLU3.SA,7.309999942779541,7.329999923706055,7.289999961853027,7.320000171661377,569800
2026-05-08 15:25:00+00:00,MGLU3.SA,7.320000171661377,7.340000152587891,7.309999942779541,7.320000171661377,129400
2026-05-08 15:30:00+00:00,MGLU3.SA,7.329999923706055,7.329999923706055,7.309999942779541,7.320000171661377,264700
2026-05-08 15:35:00+00:00,MGLU3.SA,7.320000171661377,7.329999923706055,7.300000190734863,7.300000190734863,129900
2026-05-08 15:40:00+00:00,MGLU3.SA,7.300000190734863,7.309999942779541,7.260000228881836,7.269999980926514,567200
2026-05-08 15:45:00+00:00,MGLU3.SA,7.28000020980835,7.300000190734863,7.269999980926514,7.300000190734863,90300
2026-05-08 15:50:00+00:00,MGLU3.SA,7.300000190734863,7.309999942779541,7.289999961853027,7.300000190734863,83800
2026-05-08 15:55:00+00:00,MGLU3.SA,7.300000190734863,7.309999942779541,7.28000020980835,7.289999961853027,273600
2026-05-08 16:00:00+00:00,MGLU3.SA,7.300000190734863,7.300000190734863,7.289999961853027,7.289999961853027,138500
2026-05-08 16:05:00+00:00,MGLU3.SA,7.289999961853027,7.300000190734863,7.28000020980835,7.28000020980835,270600
2026-05-08 16:10:00+00:00,MGLU3.SA,7.28000020980835,7.300000190734863,7.28000020980835,7.28000020980835,151300
2026-05-08 16:15:00+00:00,MGLU3.SA,7.28000020980835,7.289999961853027,7.28000020980835,7.28000020980835,68500
2026-05-08 16:20:00+00:00,MGLU3.SA,7.289999961853027,7.300000190734863,7.28000020980835,7.289999961853027,94900
2026-05-08 16:25:00+00:00,MGLU3.SA,7.289999961853027,7.300000190734863,7.269999980926514,7.289999961853027,447200
2026-05-08 16:30:00+00:00,MGLU3.SA,7.28000020980835,7.300000190734863,7.28000020980835,7.300000190734863,289500
2026-05-08 16:35:00+00:00,MGLU3.SA,7.289999961853027,7.300000190734863,7.289999961853027,7.289999961853027,72800
2026-05-08 16:40:00+00:00,MGLU3.SA,7.289999961853027,7.300000190734863,7.230000019073486,7.289999961853027,965900
2026-05-08 16:45:00+00:00,MGLU3.SA,7.289999961853027,7.300000190734863,7.269999980926514,7.28000020980835,188200
2026-05-08 16:50:00+00:00,MGLU3.SA,7.28000020980835,7.289999961853027,7.269999980926514,7.28000020980835,76000
2026-05-08 16:55:00+00:00,MGLU3.SA,7.269999980926514,7.28000020980835,7.239999771118164,7.25,196400
2026-05-08 17:00:00+00:00,MGLU3.SA,7.25,7.260000228881836,7.190000057220459,7.199999809265137,858600
2026-05-08 17:05:00+00:00,MGLU3.SA,7.210000038146973,7.21999979019165,7.170000076293945,7.179999828338623,532100
2026-05-08 17:10:00+00:00,MGLU3.SA,7.179999828338623,7.179999828338623,7.150000095367432,7.179999828338623,370600
2026-05-08 17:15:00+00:00,MGLU3.SA,7.179999828338623,7.190000057220459,7.159999847412109,7.170000076293945,191700
2026-05-08 17:20:00+00:00,MGLU3.SA,7.179999828338623,7.190000057220459,7.159999847412109,7.159999847412109,234700
2026-05-08 17:25:00+00:00,MGLU3.SA,7.159999847412109,7.210000038146973,7.150000095367432,7.199999809265137,368500
2026-05-08 17:30:00+00:00,MGLU3.SA,7.210000038146973,7.230000019073486,7.199999809265137,7.21999979019165,371800
2026-05-08 17:35:00+00:00,MGLU3.SA,7.21999979019165,7.269999980926514,7.210000038146973,7.25,723300
2026-05-08 17:40:00+00:00,MGLU3.SA,7.25,7.320000171661377,7.25,7.309999942779541,831800
2026-05-08 17:45:00+00:00,MGLU3.SA,7.320000171661377,7.369999885559082,7.309999942779541,7.349999904632568,736200
2026-05-08 17:50:00+00:00,MGLU3.SA,7.360000133514404,7.389999866485596,7.360000133514404,7.360000133514404,281600
2026-05-08 17:55:00+00:00,MGLU3.SA,7.360000133514404,7.380000114440918,7.349999904632568,7.360000133514404,234900
2026-05-08 18:00:00+00:00,MGLU3.SA,7.369999885559082,7.369999885559082,7.300000190734863,7.300000190734863,578400
2026-05-08 18:05:00+00:00,MGLU3.SA,7.300000190734863,7.329999923706055,7.289999961853027,7.300000190734863,187400
2026-05-08 18:10:00+00:00,MGLU3.SA,7.300000190734863,7.320000171661377,7.289999961853027,7.300000190734863,112100
2026-05-08 18:15:00+00:00,MGLU3.SA,7.309999942779541,7.329999923706055,7.300000190734863,7.309999942779541,109200
2026-05-08 18:20:00+00:00,MGLU3.SA,7.309999942779541,7.309999942779541,7.28000020980835,7.28000020980835,212800
2026-05-08 18:25:00+00:00,MGLU3.SA,7.289999961853027,7.300000190734863,7.269999980926514,7.28000020980835,136800
2026-05-08 18:30:00+00:00,MGLU3.SA,7.28000020980835,7.300000190734863,7.28000020980835,7.300000190734863,101100
2026-05-08 18:35:00+00:00,MGLU3.SA,7.289999961853027,7.300000190734863,7.28000020980835,7.289999961853027,115800
2026-05-08 18:40:00+00:00,MGLU3.SA,7.28000020980835,7.289999961853027,7.269999980926514,7.289999961853027,135800
2026-05-08 18:45:00+00:00,MGLU3.SA,7.28000020980835,7.289999961853027,7.21999979019165,7.230000019073486,289400
2026-05-08 18:50:00+00:00,MGLU3.SA,7.230000019073486,7.230000019073486,7.210000038146973,7.21999979019165,168900
2026-05-08 18:55:00+00:00,MGLU3.SA,7.21999979019165,7.21999979019165,7.190000057220459,7.210000038146973,598900
2026-05-08 19:00:00+00:00,MGLU3.SA,7.21999979019165,7.230000019073486,7.210000038146973,7.21999979019165,114900
2026-05-08 19:05:00+00:00,MGLU3.SA,7.230000019073486,7.230000019073486,7.199999809265137,7.199999809265137,263400
2026-05-08 19:10:00+00:00,MGLU3.SA,7.210000038146973,7.21999979019165,7.190000057220459,7.21999979019165,308600
2026-05-08 19:15:00+00:00,MGLU3.SA,7.210000038146973,7.230000019073486,7.199999809265137,7.199999809265137,169800
2026-05-08 19:20:00+00:00,MGLU3.SA,7.210000038146973,7.210000038146973,7.170000076293945,7.179999828338623,388800
2026-05-08 19:25:00+00:00,MGLU3.SA,7.170000076293945,7.199999809265137,7.170000076293945,7.179999828338623,296900
2026-05-08 19:30:00+00:00,MGLU3.SA,7.170000076293945,7.179999828338623,7.159999847412109,7.179999828338623,287700
2026-05-08 19:35:00+00:00,MGLU3.SA,7.179999828338623,7.190000057220459,7.159999847412109,7.170000076293945,345800
2026-05-08 19:40:00+00:00,MGLU3.SA,7.170000076293945,7.170000076293945,7.150000095367432,7.159999847412109,520400
2026-05-08 19:45:00+00:00,MGLU3.SA,7.170000076293945,7.199999809265137,7.159999847412109,7.199999809265137,484400
2026-05-08 19:50:00+00:00,MGLU3.SA,7.190000057220459,7.210000038146973,7.170000076293945,7.190000057220459,376300
2026-05-11 13:05:00+00:00,MGLU3.SA,7.119999885559082,7.130000114440918,7.059999942779541,7.099999904632568,391400
2026-05-11 13:10:00+00:00,MGLU3.SA,7.090000152587891,7.179999828338623,7.070000171661377,7.150000095367432,505700
2026-05-11 13:15:00+00:00,MGLU3.SA,7.150000095367432,7.210000038146973,7.119999885559082,7.179999828338623,313600
2026-05-11 13:20:00+00:00,MGLU3.SA,7.179999828338623,7.179999828338623,7.099999904632568,7.110000133514404,289100
2026-05-11 13:25:00+00:00,MGLU3.SA,7.099999904632568,7.099999904632568,7.03000020980835,7.03000020980835,849200
2026-05-11 13:30:00+00:00,MGLU3.SA,7.039999961853027,7.059999942779541,7.019999980926514,7.050000190734863,251300
2026-05-11 13:35:00+00:00,MGLU3.SA,7.039999961853027,7.079999923706055,7.03000020980835,7.039999961853027,367200
2026-05-11 13:40:00+00:00,MGLU3.SA,7.039999961853027,7.119999885559082,7.010000228881836,7.110000133514404,720400
2026-05-11 13:45:00+00:00,MGLU3.SA,7.110000133514404,7.119999885559082,7.079999923706055,7.090000152587891,124200
2026-05-11 13:50:00+00:00,MGLU3.SA,7.090000152587891,7.139999866485596,7.070000171661377,7.119999885559082,245600
2026-05-11 13:55:00+00:00,MGLU3.SA,7.139999866485596,7.139999866485596,7.110000133514404,7.119999885559082,131700
2026-05-11 14:00:00+00:00,MGLU3.SA,7.119999885559082,7.119999885559082,7.059999942779541,7.070000171661377,228900
2026-05-11 14:05:00+00:00,MGLU3.SA,7.059999942779541,7.090000152587891,7.059999942779541,7.070000171661377,109000
2026-05-11 14:10:00+00:00,MGLU3.SA,7.070000171661377,7.090000152587891,7.070000171661377,7.079999923706055,60200
2026-05-11 14:15:00+00:00,MGLU3.SA,7.079999923706055,7.090000152587891,7.070000171661377,7.090000152587891,42600
2026-05-11 14:20:00+00:00,MGLU3.SA,7.079999923706055,7.079999923706055,7.010000228881836,7.019999980926514,429900
2026-05-11 14:25:00+00:00,MGLU3.SA,7.019999980926514,7.050000190734863,7.019999980926514,7.039999961853027,229600
2026-05-11 14:30:00+00:00,MGLU3.SA,7.039999961853027,7.070000171661377,7.019999980926514,7.03000020980835,353400
2026-05-11 14:35:00+00:00,MGLU3.SA,7.03000020980835,7.039999961853027,7.019999980926514,7.039999961853027,62600
2026-05-11 14:40:00+00:00,MGLU3.SA,7.039999961853027,7.070000171661377,7.039999961853027,7.070000171661377,71400
2026-05-11 14:45:00+00:00,MGLU3.SA,7.059999942779541,7.070000171661377,7.050000190734863,7.050000190734863,74600
2026-05-11 14:50:00+00:00,MGLU3.SA,7.050000190734863,7.059999942779541,7.039999961853027,7.039999961853027,43900
2026-05-11 14:55:00+00:00,MGLU3.SA,7.050000190734863,7.070000171661377,7.039999961853027,7.050000190734863,172500
2026-05-11 15:00:00+00:00,MGLU3.SA,7.039999961853027,7.050000190734863,7.0,7.010000228881836,324700
2026-05-11 15:05:00+00:00,MGLU3.SA,7.010000228881836,7.079999923706055,7.0,7.070000171661377,493500
2026-05-11 15:10:00+00:00,MGLU3.SA,7.059999942779541,7.070000171661377,7.059999942779541,7.059999942779541,21100
2026-05-11 15:15:00+00:00,MGLU3.SA,7.059999942779541,7.079999923706055,7.059999942779541,7.079999923706055,144800
2026-05-11 15:20:00+00:00,MGLU3.SA,7.070000171661377,7.079999923706055,7.059999942779541,7.070000171661377,129700
2026-05-11 15:25:00+00:00,MGLU3.SA,7.059999942779541,7.070000171661377,7.050000190734863,7.059999942779541,38300
2026-05-11 15:30:00+00:00,MGLU3.SA,7.050000190734863,7.059999942779541,7.050000190734863,7.050000190734863,50700
2026-05-11 15:35:00+00:00,MGLU3.SA,7.050000190734863,7.070000171661377,7.050000190734863,7.050000190734863,195800
2026-05-11 15:40:00+00:00,MGLU3.SA,7.050000190734863,7.070000171661377,7.050000190734863,7.059999942779541,46900
2026-05-11 15:45:00+00:00,MGLU3.SA,7.059999942779541,7.090000152587891,7.050000190734863,7.090000152587891,165500
2026-05-11 15:50:00+00:00,MGLU3.SA,7.090000152587891,7.099999904632568,7.070000171661377,7.079999923706055,134200
2026-05-11 15:55:00+00:00,MGLU3.SA,7.070000171661377,7.090000152587891,7.070000171661377,7.079999923706055,127700
2026-05-11 16:00:00+00:00,MGLU3.SA,7.079999923706055,7.119999885559082,7.079999923706055,7.090000152587891,234600
2026-05-11 16:05:00+00:00,MGLU3.SA,7.090000152587891,7.110000133514404,7.090000152587891,7.090000152587891,102900
2026-05-11 16:10:00+00:00,MGLU3.SA,7.090000152587891,7.099999904632568,7.079999923706055,7.079999923706055,33300
2026-05-11 16:15:00+00:00,MGLU3.SA,7.079999923706055,7.090000152587891,7.059999942779541,7.079999923706055,252600
2026-05-11 16:20:00+00:00,MGLU3.SA,7.070000171661377,7.079999923706055,7.059999942779541,7.070000171661377,116400
2026-05-11 16:25:00+00:00,MGLU3.SA,7.070000171661377,7.079999923706055,7.050000190734863,7.059999942779541,124900
2026-05-11 16:30:00+00:00,MGLU3.SA,7.059999942779541,7.070000171661377,7.050000190734863,7.059999942779541,93200
2026-05-11 16:35:00+00:00,MGLU3.SA,7.059999942779541,7.070000171661377,7.050000190734863,7.059999942779541,77000
2026-05-11 16:40:00+00:00,MGLU3.SA,7.059999942779541,7.079999923706055,7.050000190734863,7.059999942779541,97000
2026-05-11 16:45:00+00:00,MGLU3.SA,7.059999942779541,7.079999923706055,7.050000190734863,7.070000171661377,92500
2026-05-11 16:50:00+00:00,MGLU3.SA,7.070000171661377,7.079999923706055,7.039999961853027,7.050000190734863,480300
2026-05-11 16:55:00+00:00,MGLU3.SA,7.050000190734863,7.050000190734863,7.039999961853027,7.039999961853027,125800
2026-05-11 17:00:00+00:00,MGLU3.SA,7.039999961853027,7.050000190734863,7.03000020980835,7.03000020980835,180900
2026-05-11 17:05:00+00:00,MGLU3.SA,7.03000020980835,7.050000190734863,7.03000020980835,7.039999961853027,111800
2026-05-11 17:10:00+00:00,MGLU3.SA,7.039999961853027,7.039999961853027,7.019999980926514,7.019999980926514,157100
2026-05-11 17:15:00+00:00,MGLU3.SA,7.019999980926514,7.03000020980835,7.019999980926514,7.03000020980835,106400
2026-05-11 17:20:00+00:00,MGLU3.SA,7.019999980926514,7.039999961853027,7.019999980926514,7.03000020980835,100700
2026-05-11 17:25:00+00:00,MGLU3.SA,7.03000020980835,7.050000190734863,7.03000020980835,7.039999961853027,143900
2026-05-11 17:30:00+00:00,MGLU3.SA,7.039999961853027,7.050000190734863,7.039999961853027,7.039999961853027,72500
2026-05-11 17:35:00+00:00,MGLU3.SA,7.039999961853027,7.050000190734863,7.03000020980835,7.03000020980835,62200
2026-05-11 17:40:00+00:00,MGLU3.SA,7.03000020980835,7.039999961853027,7.0,7.039999961853027,566000
2026-05-11 17:45:00+00:00,MGLU3.SA,7.03000020980835,7.039999961853027,7.019999980926514,7.03000020980835,84400
2026-05-11 17:50:00+00:00,MGLU3.SA,7.03000020980835,7.039999961853027,7.03000020980835,7.03000020980835,49000
2026-05-11 17:55:00+00:00,MGLU3.SA,7.03000020980835,7.050000190734863,7.03000020980835,7.050000190734863,313100
2026-05-11 18:00:00+00:00,MGLU3.SA,7.050000190734863,7.079999923706055,7.050000190734863,7.059999942779541,324900
2026-05-11 18:05:00+00:00,MGLU3.SA,7.059999942779541,7.070000171661377,7.050000190734863,7.050000190734863,43500
2026-05-11 18:10:00+00:00,MGLU3.SA,7.050000190734863,7.059999942779541,7.050000190734863,7.050000190734863,125400
2026-05-11 18:15:00+00:00,MGLU3.SA,7.050000190734863,7.050000190734863,6.989999771118164,7.010000228881836,705300
2026-05-11 18:20:00+00:00,MGLU3.SA,7.010000228881836,7.019999980926514,6.989999771118164,7.0,511800
2026-05-11 18:25:00+00:00,MGLU3.SA,7.0,7.010000228881836,7.0,7.0,62300
2026-05-11 18:30:00+00:00,MGLU3.SA,7.0,7.019999980926514,7.0,7.010000228881836,93900
2026-05-11 18:35:00+00:00,MGLU3.SA,7.010000228881836,7.019999980926514,7.010000228881836,7.010000228881836,39000
2026-05-11 18:40:00+00:00,MGLU3.SA,7.010000228881836,7.019999980926514,7.010000228881836,7.010000228881836,31000
2026-05-11 18:45:00+00:00,MGLU3.SA,7.010000228881836,7.019999980926514,7.0,7.010000228881836,92300
2026-05-11 18:50:00+00:00,MGLU3.SA,7.010000228881836,7.019999980926514,7.010000228881836,7.010000228881836,26800
2026-05-11 18:55:00+00:00,MGLU3.SA,7.010000228881836,7.019999980926514,7.0,7.0,89400
2026-05-11 19:00:00+00:00,MGLU3.SA,7.0,7.010000228881836,6.96999979019165,6.96999979019165,292700
2026-05-11 19:05:00+00:00,MGLU3.SA,6.96999979019165,6.980000019073486,6.960000038146973,6.960000038146973,137100
2026-05-11 19:10:00+00:00,MGLU3.SA,6.960000038146973,6.960000038146973,6.940000057220459,6.940000057220459,194900
2026-05-11 19:15:00+00:00,MGLU3.SA,6.949999809265137,6.96999979019165,6.929999828338623,6.929999828338623,277200
2026-05-11 19:20:00+00:00,MGLU3.SA,6.929999828338623,6.949999809265137,6.929999828338623,6.940000057220459,95300
2026-05-11 19:25:00+00:00,MGLU3.SA,6.940000057220459,6.949999809265137,6.929999828338623,6.940000057220459,218200
2026-05-11 19:30:00+00:00,MGLU3.SA,6.940000057220459,6.960000038146973,6.920000076293945,6.949999809265137,306700
2026-05-11 19:35:00+00:00,MGLU3.SA,6.960000038146973,6.960000038146973,6.940000057220459,6.940000057220459,289600
2026-05-11 19:40:00+00:00,MGLU3.SA,6.940000057220459,6.949999809265137,6.929999828338623,6.940000057220459,343200
2026-05-11 19:45:00+00:00,MGLU3.SA,6.940000057220459,6.96999979019165,6.940000057220459,6.940000057220459,533900
2026-05-11 19:50:00+00:00,MGLU3.SA,6.940000057220459,6.949999809265137,6.900000095367432,6.920000076293945,557100
2026-05-12 13:00:00+00:00,MGLU3.SA,6.929999828338623,6.949999809265137,6.909999847412109,6.929999828338623,0
2026-05-12 13:05:00+00:00,MGLU3.SA,6.920000076293945,7.0,6.920000076293945,6.989999771118164,481200
2026-05-12 13:10:00+00:00,MGLU3.SA,6.989999771118164,6.989999771118164,6.920000076293945,6.920000076293945,351600
2026-05-12 13:15:00+00:00,MGLU3.SA,6.920000076293945,6.920000076293945,6.849999904632568,6.860000133514404,513900
2026-05-12 13:20:00+00:00,MGLU3.SA,6.860000133514404,6.920000076293945,6.840000152587891,6.840000152587891,485200
2026-05-12 13:25:00+00:00,MGLU3.SA,6.860000133514404,6.880000114440918,6.800000190734863,6.880000114440918,417900
2026-05-12 13:30:00+00:00,MGLU3.SA,6.889999866485596,6.949999809265137,6.880000114440918,6.940000057220459,540300
2026-05-12 13:35:00+00:00,MGLU3.SA,6.940000057220459,6.960000038146973,6.920000076293945,6.949999809265137,184000
2026-05-12 13:40:00+00:00,MGLU3.SA,6.949999809265137,6.989999771118164,6.940000057220459,6.980000019073486,600300
2026-05-12 13:45:00+00:00,MGLU3.SA,6.980000019073486,7.019999980926514,6.980000019073486,7.0,1042400
2026-05-12 13:50:00+00:00,MGLU3.SA,7.0,7.019999980926514,6.96999979019165,6.980000019073486,527800
2026-05-12 13:55:00+00:00,MGLU3.SA,6.980000019073486,7.010000228881836,6.980000019073486,6.980000019073486,144000
2026-05-12 14:00:00+00:00,MGLU3.SA,6.980000019073486,7.010000228881836,6.980000019073486,6.980000019073486,126100
2026-05-12 14:05:00+00:00,MGLU3.SA,6.989999771118164,7.079999923706055,6.989999771118164,7.019999980926514,605100
2026-05-12 14:10:00+00:00,MGLU3.SA,7.019999980926514,7.039999961853027,6.980000019073486,7.019999980926514,274600
2026-05-12 14:15:00+00:00,MGLU3.SA,7.010000228881836,7.019999980926514,6.960000038146973,6.96999979019165,277400
2026-05-12 14:20:00+00:00,MGLU3.SA,6.96999979019165,7.019999980926514,6.96999979019165,7.019999980926514,155100
2026-05-12 14:25:00+00:00,MGLU3.SA,7.019999980926514,7.019999980926514,6.989999771118164,7.019999980926514,100200
2026-05-12 14:30:00+00:00,MGLU3.SA,7.010000228881836,7.019999980926514,6.980000019073486,6.989999771118164,203200
2026-05-12 14:35:00+00:00,MGLU3.SA,6.989999771118164,7.050000190734863,6.989999771118164,7.050000190734863,410400
2026-05-12 14:40:00+00:00,MGLU3.SA,7.050000190734863,7.070000171661377,7.050000190734863,7.050000190734863,340300
2026-05-12 14:45:00+00:00,MGLU3.SA,7.059999942779541,7.070000171661377,7.039999961853027,7.059999942779541,222900
2026-05-12 14:50:00+00:00,MGLU3.SA,7.059999942779541,7.079999923706055,7.039999961853027,7.079999923706055,268000
2026-05-12 14:55:00+00:00,MGLU3.SA,7.079999923706055,7.099999904632568,7.010000228881836,7.019999980926514,740500
2026-05-12 15:00:00+00:00,MGLU3.SA,7.019999980926514,7.039999961853027,7.010000228881836,7.039999961853027,74500
2026-05-12 15:05:00+00:00,MGLU3.SA,7.03000020980835,7.059999942779541,7.019999980926514,7.050000190734863,130600
2026-05-12 15:10:00+00:00,MGLU3.SA,7.050000190734863,7.050000190734863,7.03000020980835,7.039999961853027,58900
2026-05-12 15:15:00+00:00,MGLU3.SA,7.039999961853027,7.039999961853027,7.010000228881836,7.010000228881836,66800
2026-05-12 15:20:00+00:00,MGLU3.SA,7.019999980926514,7.019999980926514,6.989999771118164,7.0,234400
2026-05-12 15:25:00+00:00,MGLU3.SA,7.0,7.0,6.989999771118164,6.989999771118164,93200
2026-05-12 15:30:00+00:00,MGLU3.SA,6.989999771118164,7.019999980926514,6.989999771118164,7.010000228881836,82000
2026-05-12 15:35:00+00:00,MGLU3.SA,7.019999980926514,7.019999980926514,7.0,7.0,14400
2026-05-12 15:40:00+00:00,MGLU3.SA,7.0,7.010000228881836,7.0,7.0,18900
2026-05-12 15:45:00+00:00,MGLU3.SA,7.010000228881836,7.010000228881836,7.0,7.010000228881836,55700
2026-05-12 15:50:00+00:00,MGLU3.SA,7.019999980926514,7.039999961853027,6.980000019073486,6.980000019073486,497900
2026-05-12 15:55:00+00:00,MGLU3.SA,6.989999771118164,6.989999771118164,6.96999979019165,6.980000019073486,228500
2026-05-12 16:00:00+00:00,MGLU3.SA,6.989999771118164,6.989999771118164,6.96999979019165,6.980000019073486,59300
2026-05-12 16:05:00+00:00,MGLU3.SA,6.989999771118164,6.989999771118164,6.980000019073486,6.980000019073486,19600
2026-05-12 16:10:00+00:00,MGLU3.SA,6.980000019073486,6.989999771118164,6.980000019073486,6.989999771118164,111800
2026-05-12 16:15:00+00:00,MGLU3.SA,6.989999771118164,7.0,6.980000019073486,6.989999771118164,42100
2026-05-12 16:20:00+00:00,MGLU3.SA,6.989999771118164,7.010000228881836,6.989999771118164,7.010000228881836,44400
2026-05-12 16:25:00+00:00,MGLU3.SA,7.0,7.010000228881836,6.989999771118164,7.0,110100
2026-05-12 16:30:00+00:00,MGLU3.SA,7.0,7.0,6.96999979019165,6.980000019073486,254200
2026-05-12 16:35:00+00:00,MGLU3.SA,6.980000019073486,6.980000019073486,6.96999979019165,6.980000019073486,15400
2026-05-12 16:40:00+00:00,MGLU3.SA,6.980000019073486,6.980000019073486,6.960000038146973,6.96999979019165,85600
2026-05-12 16:45:00+00:00,MGLU3.SA,6.980000019073486,6.980000019073486,6.960000038146973,6.96999979019165,81500
2026-05-12 16:50:00+00:00,MGLU3.SA,6.980000019073486,6.980000019073486,6.960000038146973,6.96999979019165,24800
2026-05-12 16:55:00+00:00,MGLU3.SA,6.980000019073486,6.989999771118164,6.96999979019165,6.980000019073486,65100
2026-05-12 17:00:00+00:00,MGLU3.SA,6.989999771118164,7.010000228881836,6.980000019073486,7.0,75700
2026-05-12 17:05:00+00:00,MGLU3.SA,7.0,7.0,6.980000019073486,6.989999771118164,30300
2026-05-12 17:10:00+00:00,MGLU3.SA,6.989999771118164,6.989999771118164,6.980000019073486,6.980000019073486,56200
2026-05-12 17:15:00+00:00,MGLU3.SA,6.96999979019165,7.010000228881836,6.96999979019165,7.010000228881836,128200
2026-05-12 17:20:00+00:00,MGLU3.SA,7.019999980926514,7.039999961853027,7.010000228881836,7.010000228881836,136600
2026-05-12 17:25:00+00:00,MGLU3.SA,7.019999980926514,7.039999961853027,7.010000228881836,7.019999980926514,145700
2026-05-12 17:30:00+00:00,MGLU3.SA,7.03000020980835,7.03000020980835,7.0,7.010000228881836,81100
2026-05-12 17:35:00+00:00,MGLU3.SA,7.010000228881836,7.010000228881836,7.0,7.0,17500
2026-05-12 17:40:00+00:00,MGLU3.SA,7.010000228881836,7.010000228881836,6.989999771118164,6.989999771118164,84600
2026-05-12 17:45:00+00:00,MGLU3.SA,7.0,7.0,6.980000019073486,7.0,60800
2026-05-12 17:50:00+00:00,MGLU3.SA,7.0,7.0,6.980000019073486,6.989999771118164,42200
2026-05-12 17:55:00+00:00,MGLU3.SA,7.0,7.010000228881836,6.989999771118164,7.0,140400
2026-05-12 18:00:00+00:00,MGLU3.SA,7.0,7.0,6.960000038146973,6.960000038146973,222700
2026-05-12 18:05:00+00:00,MGLU3.SA,6.960000038146973,6.960000038146973,6.949999809265137,6.960000038146973,68400
2026-05-12 18:10:00+00:00,MGLU3.SA,6.960000038146973,6.960000038146973,6.940000057220459,6.949999809265137,276600
2026-05-12 18:15:00+00:00,MGLU3.SA,6.949999809265137,6.96999979019165,6.949999809265137,6.960000038146973,89700
2026-05-12 18:20:00+00:00,MGLU3.SA,6.96999979019165,6.989999771118164,6.960000038146973,6.980000019073486,44100
2026-05-12 18:25:00+00:00,MGLU3.SA,6.989999771118164,7.019999980926514,6.980000019073486,7.019999980926514,196100
2026-05-12 18:30:00+00:00,MGLU3.SA,7.010000228881836,7.039999961853027,7.010000228881836,7.019999980926514,307200
2026-05-12 18:35:00+00:00,MGLU3.SA,7.019999980926514,7.03000020980835,7.010000228881836,7.03000020980835,54700
2026-05-12 18:40:00+00:00,MGLU3.SA,7.03000020980835,7.03000020980835,7.010000228881836,7.03000020980835,95200
2026-05-12 18:45:00+00:00,MGLU3.SA,7.03000020980835,7.03000020980835,7.010000228881836,7.019999980926514,50300
2026-05-12 18:50:00+00:00,MGLU3.SA,7.03000020980835,7.03000020980835,7.019999980926514,7.019999980926514,37700
2026-05-12 18:55:00+00:00,MGLU3.SA,7.03000020980835,7.03000020980835,7.010000228881836,7.010000228881836,30000
2026-05-12 19:00:00+00:00,MGLU3.SA,7.019999980926514,7.03000020980835,7.019999980926514,7.019999980926514,20300
2026-05-12 19:05:00+00:00,MGLU3.SA,7.019999980926514,7.03000020980835,7.010000228881836,7.019999980926514,91100
2026-05-12 19:10:00+00:00,MGLU3.SA,7.03000020980835,7.050000190734863,7.019999980926514,7.039999961853027,174300
2026-05-12 19:15:00+00:00,MGLU3.SA,7.039999961853027,7.059999942779541,7.039999961853027,7.039999961853027,262200
2026-05-12 19:20:00+00:00,MGLU3.SA,7.050000190734863,7.050000190734863,7.019999980926514,7.03000020980835,73800
2026-05-12 19:25:00+00:00,MGLU3.SA,7.039999961853027,7.119999885559082,7.039999961853027,7.110000133514404,669100
2026-05-12 19:30:00+00:00,MGLU3.SA,7.099999904632568,7.170000076293945,7.099999904632568,7.159999847412109,449600
2026-05-12 19:35:00+00:00,MGLU3.SA,7.170000076293945,7.199999809265137,7.139999866485596,7.139999866485596,398400
2026-05-12 19:40:00+00:00,MGLU3.SA,7.150000095367432,7.179999828338623,7.130000114440918,7.159999847412109,382200
2026-05-12 19:45:00+00:00,MGLU3.SA,7.170000076293945,7.170000076293945,7.150000095367432,7.159999847412109,52200
2026-05-12 19:50:00+00:00,MGLU3.SA,7.159999847412109,7.170000076293945,7.150000095367432,7.159999847412109,93700
2026-05-13 13:05:00+00:00,MGLU3.SA,7.119999885559082,7.119999885559082,7.03000020980835,7.050000190734863,163000
2026-05-13 13:10:00+00:00,MGLU3.SA,7.059999942779541,7.119999885559082,7.039999961853027,7.119999885559082,343500
2026-05-13 13:15:00+00:00,MGLU3.SA,7.110000133514404,7.199999809265137,7.090000152587891,7.170000076293945,641900
2026-05-13 13:20:00+00:00,MGLU3.SA,7.170000076293945,7.239999771118164,7.150000095367432,7.210000038146973,598600
2026-05-13 13:25:00+00:00,MGLU3.SA,7.21999979019165,7.25,7.159999847412109,7.159999847412109,503600
2026-05-13 13:30:00+00:00,MGLU3.SA,7.159999847412109,7.190000057220459,7.150000095367432,7.170000076293945,185500
2026-05-13 13:35:00+00:00,MGLU3.SA,7.170000076293945,7.230000019073486,7.170000076293945,7.230000019073486,341000
2026-05-13 13:40:00+00:00,MGLU3.SA,7.21999979019165,7.25,7.21999979019165,7.239999771118164,288700
2026-05-13 13:45:00+00:00,MGLU3.SA,7.230000019073486,7.25,7.21999979019165,7.230000019073486,258800
2026-05-13 13:50:00+00:00,MGLU3.SA,7.230000019073486,7.269999980926514,7.230000019073486,7.269999980926514,387800
2026-05-13 13:55:00+00:00,MGLU3.SA,7.269999980926514,7.329999923706055,7.260000228881836,7.289999961853027,626300
2026-05-13 14:00:00+00:00,MGLU3.SA,7.300000190734863,7.320000171661377,7.230000019073486,7.230000019073486,719100
2026-05-13 14:05:00+00:00,MGLU3.SA,7.239999771118164,7.269999980926514,7.230000019073486,7.260000228881836,155700
2026-05-13 14:10:00+00:00,MGLU3.SA,7.25,7.260000228881836,7.21999979019165,7.230000019073486,183100
2026-05-13 14:15:00+00:00,MGLU3.SA,7.21999979019165,7.25,7.21999979019165,7.25,115800
2026-05-13 14:20:00+00:00,MGLU3.SA,7.25,7.300000190734863,7.239999771118164,7.289999961853027,182600
2026-05-13 14:25:00+00:00,MGLU3.SA,7.289999961853027,7.289999961853027,7.260000228881836,7.28000020980835,133300
2026-05-13 14:30:00+00:00,MGLU3.SA,7.28000020980835,7.289999961853027,7.269999980926514,7.289999961853027,127700
2026-05-13 14:35:00+00:00,MGLU3.SA,7.289999961853027,7.320000171661377,7.289999961853027,7.320000171661377,379000
2026-05-13 14:40:00+00:00,MGLU3.SA,7.329999923706055,7.340000152587891,7.309999942779541,7.340000152587891,254400
2026-05-13 14:45:00+00:00,MGLU3.SA,7.329999923706055,7.340000152587891,7.300000190734863,7.309999942779541,130800
2026-05-13 14:50:00+00:00,MGLU3.SA,7.309999942779541,7.309999942779541,7.289999961853027,7.309999942779541,73500
2026-05-13 14:55:00+00:00,MGLU3.SA,7.309999942779541,7.320000171661377,7.300000190734863,7.309999942779541,69200
2026-05-13 15:00:00+00:00,MGLU3.SA,7.320000171661377,7.320000171661377,7.260000228881836,7.269999980926514,286000
2026-05-13 15:05:00+00:00,MGLU3.SA,7.28000020980835,7.289999961853027,7.269999980926514,7.289999961853027,49200
2026-05-13 15:10:00+00:00,MGLU3.SA,7.28000020980835,7.289999961853027,7.269999980926514,7.289999961853027,140800
2026-05-13 15:15:00+00:00,MGLU3.SA,7.289999961853027,7.289999961853027,7.269999980926514,7.28000020980835,60600
2026-05-13 15:20:00+00:00,MGLU3.SA,7.28000020980835,7.289999961853027,7.269999980926514,7.289999961853027,100900
2026-05-13 15:25:00+00:00,MGLU3.SA,7.289999961853027,7.309999942779541,7.289999961853027,7.300000190734863,81600
2026-05-13 15:30:00+00:00,MGLU3.SA,7.309999942779541,7.309999942779541,7.289999961853027,7.309999942779541,109800
2026-05-13 15:35:00+00:00,MGLU3.SA,7.309999942779541,7.329999923706055,7.300000190734863,7.329999923706055,114100
2026-05-13 15:40:00+00:00,MGLU3.SA,7.320000171661377,7.349999904632568,7.320000171661377,7.340000152587891,227600
2026-05-13 15:45:00+00:00,MGLU3.SA,7.349999904632568,7.369999885559082,7.340000152587891,7.369999885559082,178000
2026-05-13 15:50:00+00:00,MGLU3.SA,7.369999885559082,7.369999885559082,7.340000152587891,7.340000152587891,213700
2026-05-13 15:55:00+00:00,MGLU3.SA,7.340000152587891,7.369999885559082,7.340000152587891,7.360000133514404,118700
2026-05-13 16:00:00+00:00,MGLU3.SA,7.360000133514404,7.369999885559082,7.349999904632568,7.369999885559082,103500
2026-05-13 16:05:00+00:00,MGLU3.SA,7.369999885559082,7.369999885559082,7.349999904632568,7.349999904632568,158900
2026-05-13 16:10:00+00:00,MGLU3.SA,7.349999904632568,7.369999885559082,7.349999904632568,7.360000133514404,140300
2026-05-13 16:15:00+00:00,MGLU3.SA,7.360000133514404,7.380000114440918,7.360000133514404,7.380000114440918,61300
2026-05-13 16:20:00+00:00,MGLU3.SA,7.369999885559082,7.389999866485596,7.360000133514404,7.380000114440918,168000
2026-05-13 16:25:00+00:00,MGLU3.SA,7.380000114440918,7.389999866485596,7.380000114440918,7.389999866485596,44800
2026-05-13 16:30:00+00:00,MGLU3.SA,7.380000114440918,7.389999866485596,7.369999885559082,7.389999866485596,133000
2026-05-13 16:35:00+00:00,MGLU3.SA,7.380000114440918,7.400000095367432,7.380000114440918,7.389999866485596,133400
2026-05-13 16:40:00+00:00,MGLU3.SA,7.400000095367432,7.400000095367432,7.360000133514404,7.360000133514404,163400
2026-05-13 16:45:00+00:00,MGLU3.SA,7.360000133514404,7.369999885559082,7.349999904632568,7.349999904632568,89700
2026-05-13 16:50:00+00:00,MGLU3.SA,7.349999904632568,7.369999885559082,7.349999904632568,7.369999885559082,62000
2026-05-13 16:55:00+00:00,MGLU3.SA,7.360000133514404,7.369999885559082,7.349999904632568,7.349999904632568,101100
2026-05-13 17:00:00+00:00,MGLU3.SA,7.349999904632568,7.380000114440918,7.349999904632568,7.369999885559082,132900
2026-05-13 17:05:00+00:00,MGLU3.SA,7.360000133514404,7.369999885559082,7.340000152587891,7.360000133514404,103900
2026-05-13 17:10:00+00:00,MGLU3.SA,7.349999904632568,7.360000133514404,7.340000152587891,7.360000133514404,149000
2026-05-13 17:15:00+00:00,MGLU3.SA,7.340000152587891,7.380000114440918,7.340000152587891,7.369999885559082,107300
2026-05-13 17:20:00+00:00,MGLU3.SA,7.369999885559082,7.380000114440918,7.369999885559082,7.380000114440918,83200
2026-05-13 17:25:00+00:00,MGLU3.SA,7.369999885559082,7.389999866485596,7.369999885559082,7.380000114440918,146200
2026-05-13 17:30:00+00:00,MGLU3.SA,7.369999885559082,7.380000114440918,7.340000152587891,7.360000133514404,185700
2026-05-13 17:35:00+00:00,MGLU3.SA,7.349999904632568,7.360000133514404,7.340000152587891,7.349999904632568,148500
2026-05-13 17:40:00+00:00,MGLU3.SA,7.349999904632568,7.360000133514404,7.349999904632568,7.349999904632568,55500
2026-05-13 17:45:00+00:00,MGLU3.SA,7.349999904632568,7.360000133514404,7.289999961853027,7.300000190734863,500200
2026-05-13 17:50:00+00:00,MGLU3.SA,7.309999942779541,7.360000133514404,7.289999961853027,7.329999923706055,286800
2026-05-13 17:55:00+00:00,MGLU3.SA,7.340000152587891,7.340000152587891,7.269999980926514,7.28000020980835,323500
2026-05-13 18:00:00+00:00,MGLU3.SA,7.28000020980835,7.300000190734863,7.230000019073486,7.25,463600
2026-05-13 18:05:00+00:00,MGLU3.SA,7.260000228881836,7.269999980926514,7.230000019073486,7.239999771118164,211800
2026-05-13 18:10:00+00:00,MGLU3.SA,7.25,7.269999980926514,7.230000019073486,7.230000019073486,220300
2026-05-13 18:15:00+00:00,MGLU3.SA,7.230000019073486,7.25,7.21999979019165,7.25,187900
2026-05-13 18:20:00+00:00,MGLU3.SA,7.239999771118164,7.309999942779541,7.190000057220459,7.199999809265137,1234300
2026-05-13 18:25:00+00:00,MGLU3.SA,7.190000057220459,7.199999809265137,7.159999847412109,7.199999809265137,305700
2026-05-13 18:30:00+00:00,MGLU3.SA,7.190000057220459,7.199999809265137,7.159999847412109,7.159999847412109,215900
2026-05-13 18:35:00+00:00,MGLU3.SA,7.159999847412109,7.170000076293945,7.099999904632568,7.099999904632568,479600
2026-05-13 18:40:00+00:00,MGLU3.SA,7.099999904632568,7.130000114440918,7.070000171661377,7.090000152587891,489200
2026-05-13 18:45:00+00:00,MGLU3.SA,7.090000152587891,7.130000114440918,7.079999923706055,7.099999904632568,257400
2026-05-13 18:50:00+00:00,MGLU3.SA,7.099999904632568,7.139999866485596,7.099999904632568,7.130000114440918,214000
2026-05-13 18:55:00+00:00,MGLU3.SA,7.130000114440918,7.150000095367432,7.119999885559082,7.130000114440918,110500
2026-05-13 19:00:00+00:00,MGLU3.SA,7.130000114440918,7.139999866485596,7.110000133514404,7.110000133514404,69600
2026-05-13 19:05:00+00:00,MGLU3.SA,7.119999885559082,7.119999885559082,7.090000152587891,7.099999904632568,77700
2026-05-13 19:10:00+00:00,MGLU3.SA,7.099999904632568,7.110000133514404,7.070000171661377,7.070000171661377,189900
2026-05-13 19:15:00+00:00,MGLU3.SA,7.070000171661377,7.079999923706055,7.050000190734863,7.070000171661377,228300
2026-05-13 19:20:00+00:00,MGLU3.SA,7.070000171661377,7.079999923706055,7.059999942779541,7.059999942779541,86700
2026-05-13 19:25:00+00:00,MGLU3.SA,7.070000171661377,7.070000171661377,7.039999961853027,7.059999942779541,439900
2026-05-13 19:30:00+00:00,MGLU3.SA,7.059999942779541,7.059999942779541,7.03000020980835,7.03000020980835,320400
2026-05-13 19:35:00+00:00,MGLU3.SA,7.03000020980835,7.050000190734863,7.019999980926514,7.019999980926514,711700
2026-05-13 19:40:00+00:00,MGLU3.SA,7.019999980926514,7.03000020980835,7.0,7.019999980926514,307900
2026-05-13 19:45:00+00:00,MGLU3.SA,7.019999980926514,7.03000020980835,7.010000228881836,7.010000228881836,162700
2026-05-13 19:50:00+00:00,MGLU3.SA,7.010000228881836,7.03000020980835,7.0,7.0,1950400
2026-05-13 19:55:00+00:00,MGLU3.SA,7.0,7.0,7.0,7.0,0
2026-05-14 13:05:00+00:00,MGLU3.SA,7.090000152587891,7.130000114440918,7.03000020980835,7.03000020980835,0
2026-05-14 13:10:00+00:00,MGLU3.SA,7.050000190734863,7.050000190734863,6.949999809265137,6.949999809265137,429300
2026-05-14 13:15:00+00:00,MGLU3.SA,7.070000171661377,7.070000171661377,6.929999828338623,6.949999809265137,769800
2026-05-14 13:20:00+00:00,MGLU3.SA,6.949999809265137,6.980000019073486,6.909999847412109,6.940000057220459,580900
2026-05-14 13:25:00+00:00,MGLU3.SA,6.929999828338623,6.949999809265137,6.849999904632568,6.849999904632568,637000
2026-05-14 13:30:00+00:00,MGLU3.SA,6.849999904632568,6.889999866485596,6.829999923706055,6.889999866485596,584200
2026-05-14 13:35:00+00:00,MGLU3.SA,6.889999866485596,6.909999847412109,6.840000152587891,6.869999885559082,315600
2026-05-14 13:40:00+00:00,MGLU3.SA,6.869999885559082,6.889999866485596,6.860000133514404,6.889999866485596,220600
2026-05-14 13:45:00+00:00,MGLU3.SA,6.880000114440918,6.889999866485596,6.860000133514404,6.880000114440918,241400
2026-05-14 13:50:00+00:00,MGLU3.SA,6.889999866485596,6.900000095367432,6.860000133514404,6.880000114440918,134700
2026-05-14 13:55:00+00:00,MGLU3.SA,6.889999866485596,6.889999866485596,6.849999904632568,6.869999885559082,185000
2026-05-14 14:00:00+00:00,MGLU3.SA,6.860000133514404,6.869999885559082,6.849999904632568,6.860000133514404,149200
2026-05-14 14:05:00+00:00,MGLU3.SA,6.860000133514404,6.880000114440918,6.860000133514404,6.880000114440918,130500
2026-05-14 14:10:00+00:00,MGLU3.SA,6.880000114440918,6.909999847412109,6.869999885559082,6.880000114440918,321100
2026-05-14 14:15:00+00:00,MGLU3.SA,6.869999885559082,6.869999885559082,6.840000152587891,6.869999885559082,298200
2026-05-14 14:20:00+00:00,MGLU3.SA,6.869999885559082,6.989999771118164,6.860000133514404,6.989999771118164,627500
2026-05-14 14:25:00+00:00,MGLU3.SA,6.989999771118164,7.059999942779541,6.980000019073486,7.050000190734863,948200
2026-05-14 14:30:00+00:00,MGLU3.SA,7.059999942779541,7.059999942779541,7.03000020980835,7.03000020980835,326300
2026-05-14 14:35:00+00:00,MGLU3.SA,7.039999961853027,7.059999942779541,7.010000228881836,7.03000020980835,366700
2026-05-14 14:40:00+00:00,MGLU3.SA,7.03000020980835,7.039999961853027,7.010000228881836,7.03000020980835,119600
2026-05-14 14:45:00+00:00,MGLU3.SA,7.019999980926514,7.050000190734863,7.010000228881836,7.050000190734863,237600
2026-05-14 14:50:00+00:00,MGLU3.SA,7.050000190734863,7.059999942779541,7.03000020980835,7.050000190734863,250400
2026-05-14 14:55:00+00:00,MGLU3.SA,7.050000190734863,7.050000190734863,6.989999771118164,7.010000228881836,305800
2026-05-14 15:00:00+00:00,MGLU3.SA,7.0,7.03000020980835,7.0,7.019999980926514,92700
2026-05-14 15:05:00+00:00,MGLU3.SA,7.019999980926514,7.070000171661377,6.980000019073486,7.0,531100
2026-05-14 15:10:00+00:00,MGLU3.SA,7.0,7.050000190734863,6.989999771118164,7.019999980926514,243500
2026-05-14 15:15:00+00:00,MGLU3.SA,7.019999980926514,7.039999961853027,7.010000228881836,7.019999980926514,63700
2026-05-14 15:20:00+00:00,MGLU3.SA,7.03000020980835,7.03000020980835,7.010000228881836,7.03000020980835,41400
2026-05-14 15:25:00+00:00,MGLU3.SA,7.03000020980835,7.03000020980835,7.019999980926514,7.019999980926514,44100
2026-05-14 15:30:00+00:00,MGLU3.SA,7.03000020980835,7.03000020980835,7.010000228881836,7.03000020980835,36000
2026-05-14 15:35:00+00:00,MGLU3.SA,7.03000020980835,7.03000020980835,7.010000228881836,7.03000020980835,39600
2026-05-14 15:40:00+00:00,MGLU3.SA,7.03000020980835,7.039999961853027,7.019999980926514,7.03000020980835,61300
2026-05-14 15:45:00+00:00,MGLU3.SA,7.03000020980835,7.03000020980835,7.019999980926514,7.03000020980835,21700
2026-05-14 15:50:00+00:00,MGLU3.SA,7.03000020980835,7.03000020980835,6.989999771118164,7.0,104100
2026-05-14 15:55:00+00:00,MGLU3.SA,6.989999771118164,7.010000228881836,6.989999771118164,7.0,119900
2026-05-14 16:00:00+00:00,MGLU3.SA,7.0,7.0,6.989999771118164,7.0,28300
2026-05-14 16:05:00+00:00,MGLU3.SA,7.0,7.0,6.989999771118164,7.0,29900
2026-05-14 16:10:00+00:00,MGLU3.SA,6.989999771118164,7.0,6.960000038146973,6.96999979019165,186500
2026-05-14 16:15:00+00:00,MGLU3.SA,6.960000038146973,7.0,6.960000038146973,7.0,84900
2026-05-14 16:20:00+00:00,MGLU3.SA,7.0,7.0,6.980000019073486,6.989999771118164,74600
2026-05-14 16:25:00+00:00,MGLU3.SA,6.989999771118164,6.989999771118164,6.960000038146973,6.980000019073486,163500
2026-05-14 16:30:00+00:00,MGLU3.SA,6.96999979019165,6.980000019073486,6.960000038146973,6.980000019073486,74500
2026-05-14 16:35:00+00:00,MGLU3.SA,6.980000019073486,6.989999771118164,6.96999979019165,6.989999771118164,58400
2026-05-14 16:40:00+00:00,MGLU3.SA,6.989999771118164,7.010000228881836,6.980000019073486,7.0,77000
2026-05-14 16:45:00+00:00,MGLU3.SA,7.0,7.0,6.980000019073486,6.989999771118164,92100
2026-05-14 16:50:00+00:00,MGLU3.SA,6.989999771118164,6.989999771118164,6.980000019073486,6.989999771118164,23500
2026-05-14 16:55:00+00:00,MGLU3.SA,6.989999771118164,7.019999980926514,6.980000019073486,7.0,218200
2026-05-14 17:00:00+00:00,MGLU3.SA,7.0,7.0,6.980000019073486,7.0,61100
2026-05-14 17:05:00+00:00,MGLU3.SA,6.989999771118164,7.019999980926514,6.989999771118164,7.0,216000
2026-05-14 17:10:00+00:00,MGLU3.SA,7.0,7.0,6.96999979019165,6.980000019073486,160300
2026-05-14 17:15:00+00:00,MGLU3.SA,6.980000019073486,7.0,6.96999979019165,6.980000019073486,65300
2026-05-14 17:20:00+00:00,MGLU3.SA,6.980000019073486,6.980000019073486,6.960000038146973,6.980000019073486,146400
2026-05-14 17:25:00+00:00,MGLU3.SA,6.96999979019165,6.980000019073486,6.960000038146973,6.960000038146973,83600
2026-05-14 17:30:00+00:00,MGLU3.SA,6.96999979019165,7.010000228881836,6.960000038146973,7.010000228881836,176500
2026-05-14 17:35:00+00:00,MGLU3.SA,7.010000228881836,7.010000228881836,7.0,7.010000228881836,54500
2026-05-14 17:40:00+00:00,MGLU3.SA,7.010000228881836,7.050000190734863,7.0,7.03000020980835,374700
2026-05-14 17:45:00+00:00,MGLU3.SA,7.03000020980835,7.050000190734863,7.019999980926514,7.019999980926514,184100
2026-05-14 17:50:00+00:00,MGLU3.SA,7.03000020980835,7.03000020980835,7.010000228881836,7.03000020980835,41900
2026-05-14 17:55:00+00:00,MGLU3.SA,7.03000020980835,7.03000020980835,6.989999771118164,7.0,91300
2026-05-14 18:00:00+00:00,MGLU3.SA,6.989999771118164,7.0,6.980000019073486,6.989999771118164,62300
2026-05-14 18:05:00+00:00,MGLU3.SA,6.989999771118164,6.989999771118164,6.96999979019165,6.989999771118164,183100
2026-05-14 18:10:00+00:00,MGLU3.SA,6.989999771118164,7.0,6.980000019073486,7.0,58500
2026-05-14 18:15:00+00:00,MGLU3.SA,6.989999771118164,7.0,6.949999809265137,6.960000038146973,399300
2026-05-14 18:20:00+00:00,MGLU3.SA,6.949999809265137,6.960000038146973,6.949999809265137,6.960000038146973,76900
2026-05-14 18:25:00+00:00,MGLU3.SA,6.949999809265137,6.960000038146973,6.929999828338623,6.940000057220459,205300
2026-05-14 18:30:00+00:00,MGLU3.SA,6.940000057220459,6.940000057220459,6.909999847412109,6.920000076293945,307100
2026-05-14 18:35:00+00:00,MGLU3.SA,6.909999847412109,6.929999828338623,6.900000095367432,6.929999828338623,192600
2026-05-14 18:40:00+00:00,MGLU3.SA,6.929999828338623,6.929999828338623,6.900000095367432,6.909999847412109,95400
2026-05-14 18:45:00+00:00,MGLU3.SA,6.900000095367432,6.920000076293945,6.900000095367432,6.909999847412109,54700
2026-05-14 18:50:00+00:00,MGLU3.SA,6.909999847412109,6.920000076293945,6.909999847412109,6.909999847412109,36800
2026-05-14 18:55:00+00:00,MGLU3.SA,6.920000076293945,6.920000076293945,6.889999866485596,6.900000095367432,196000
2026-05-14 19:00:00+00:00,MGLU3.SA,6.889999866485596,6.900000095367432,6.860000133514404,6.860000133514404,268000
2026-05-14 19:05:00+00:00,MGLU3.SA,6.860000133514404,6.880000114440918,6.849999904632568,6.880000114440918,305200
2026-05-14 19:10:00+00:00,MGLU3.SA,6.880000114440918,6.880000114440918,6.860000133514404,6.869999885559082,114500
2026-05-14 19:15:00+00:00,MGLU3.SA,6.869999885559082,6.880000114440918,6.860000133514404,6.880000114440918,221100
2026-05-14 19:20:00+00:00,MGLU3.SA,6.869999885559082,6.880000114440918,6.849999904632568,6.869999885559082,242500
2026-05-14 19:25:00+00:00,MGLU3.SA,6.869999885559082,6.869999885559082,6.829999923706055,6.840000152587891,384900
2026-05-14 19:30:00+00:00,MGLU3.SA,6.849999904632568,6.889999866485596,6.840000152587891,6.880000114440918,482800
2026-05-14 19:35:00+00:00,MGLU3.SA,6.880000114440918,6.949999809265137,6.880000114440918,6.929999828338623,1050300
2026-05-14 19:40:00+00:00,MGLU3.SA,6.929999828338623,6.960000038146973,6.920000076293945,6.949999809265137,625800
2026-05-14 19:45:00+00:00,MGLU3.SA,6.949999809265137,6.960000038146973,6.920000076293945,6.960000038146973,412000
2026-05-14 19:50:00+00:00,MGLU3.SA,6.940000057220459,6.960000038146973,6.920000076293945,6.920000076293945,663000
2026-05-15 13:00:00+00:00,MGLU3.SA,6.820000171661377,6.829999923706055,6.710000038146973,6.730000019073486,0
2026-05-15 13:05:00+00:00,MGLU3.SA,6.71999979019165,6.730000019073486,6.619999885559082,6.639999866485596,1129200
2026-05-15 13:10:00+00:00,MGLU3.SA,6.639999866485596,6.670000076293945,6.630000114440918,6.650000095367432,468700
2026-05-15 13:15:00+00:00,MGLU3.SA,6.659999847412109,6.679999828338623,6.639999866485596,6.679999828338623,410800
2026-05-15 13:20:00+00:00,MGLU3.SA,6.679999828338623,6.679999828338623,6.650000095367432,6.659999847412109,353600
2026-05-15 13:25:00+00:00,MGLU3.SA,6.659999847412109,6.670000076293945,6.639999866485596,6.639999866485596,257000
2026-05-15 13:30:00+00:00,MGLU3.SA,6.639999866485596,6.670000076293945,6.630000114440918,6.659999847412109,278300
2026-05-15 13:35:00+00:00,MGLU3.SA,6.639999866485596,6.659999847412109,6.639999866485596,6.650000095367432,153600
2026-05-15 13:40:00+00:00,MGLU3.SA,6.650000095367432,6.659999847412109,6.619999885559082,6.619999885559082,116900
2026-05-15 13:45:00+00:00,MGLU3.SA,6.619999885559082,6.639999866485596,6.619999885559082,6.630000114440918,151200
2026-05-15 13:50:00+00:00,MGLU3.SA,6.630000114440918,6.650000095367432,6.599999904632568,6.639999866485596,585500
2026-05-15 13:55:00+00:00,MGLU3.SA,6.650000095367432,6.71999979019165,6.639999866485596,6.690000057220459,767100
2026-05-15 14:00:00+00:00,MGLU3.SA,6.690000057220459,6.710000038146973,6.670000076293945,6.699999809265137,574300
2026-05-15 14:05:00+00:00,MGLU3.SA,6.699999809265137,6.730000019073486,6.690000057220459,6.71999979019165,172800
2026-05-15 14:10:00+00:00,MGLU3.SA,6.71999979019165,6.78000020980835,6.71999979019165,6.769999980926514,557700
2026-05-15 14:15:00+00:00,MGLU3.SA,6.760000228881836,6.789999961853027,6.75,6.75,276800
2026-05-15 14:20:00+00:00,MGLU3.SA,6.760000228881836,6.78000020980835,6.75,6.769999980926514,98200
2026-05-15 14:25:00+00:00,MGLU3.SA,6.769999980926514,6.789999961853027,6.760000228881836,6.769999980926514,240400
2026-05-15 14:30:00+00:00,MGLU3.SA,6.78000020980835,6.78000020980835,6.760000228881836,6.769999980926514,161500
2026-05-15 14:35:00+00:00,MGLU3.SA,6.769999980926514,6.789999961853027,6.769999980926514,6.78000020980835,99100
2026-05-15 14:40:00+00:00,MGLU3.SA,6.78000020980835,6.840000152587891,6.769999980926514,6.789999961853027,799300
2026-05-15 14:45:00+00:00,MGLU3.SA,6.78000020980835,6.789999961853027,6.760000228881836,6.760000228881836,90900
2026-05-15 14:50:00+00:00,MGLU3.SA,6.760000228881836,6.760000228881836,6.739999771118164,6.739999771118164,90700
2026-05-15 14:55:00+00:00,MGLU3.SA,6.75,6.75,6.730000019073486,6.730000019073486,130200
2026-05-15 15:00:00+00:00,MGLU3.SA,6.730000019073486,6.739999771118164,6.71999979019165,6.71999979019165,112200
2026-05-15 15:05:00+00:00,MGLU3.SA,6.71999979019165,6.75,6.71999979019165,6.739999771118164,78600
2026-05-15 15:10:00+00:00,MGLU3.SA,6.739999771118164,6.75,6.730000019073486,6.739999771118164,53000
2026-05-15 15:15:00+00:00,MGLU3.SA,6.739999771118164,6.75,6.710000038146973,6.710000038146973,227400
2026-05-15 15:20:00+00:00,MGLU3.SA,6.710000038146973,6.71999979019165,6.679999828338623,6.679999828338623,177600
2026-05-15 15:25:00+00:00,MGLU3.SA,6.679999828338623,6.71999979019165,6.679999828338623,6.710000038146973,112200
2026-05-15 15:30:00+00:00,MGLU3.SA,6.71999979019165,6.730000019073486,6.71999979019165,6.71999979019165,102900
2026-05-15 15:35:00+00:00,MGLU3.SA,6.71999979019165,6.730000019073486,6.699999809265137,6.699999809265137,74300
2026-05-15 15:40:00+00:00,MGLU3.SA,6.699999809265137,6.710000038146973,6.690000057220459,6.690000057220459,138700
2026-05-15 15:45:00+00:00,MGLU3.SA,6.690000057220459,6.710000038146973,6.679999828338623,6.699999809265137,339800
2026-05-15 15:50:00+00:00,MGLU3.SA,6.699999809265137,6.710000038146973,6.699999809265137,6.699999809265137,51700
2026-05-15 15:55:00+00:00,MGLU3.SA,6.699999809265137,6.71999979019165,6.699999809265137,6.710000038146973,119400
2026-05-15 16:00:00+00:00,MGLU3.SA,6.710000038146973,6.730000019073486,6.710000038146973,6.710000038146973,191300
2026-05-15 16:05:00+00:00,MGLU3.SA,6.71999979019165,6.71999979019165,6.699999809265137,6.710000038146973,49900
2026-05-15 16:10:00+00:00,MGLU3.SA,6.71999979019165,6.71999979019165,6.699999809265137,6.710000038146973,37900
2026-05-15 16:15:00+00:00,MGLU3.SA,6.710000038146973,6.71999979019165,6.710000038146973,6.710000038146973,96100
2026-05-15 16:20:00+00:00,MGLU3.SA,6.710000038146973,6.75,6.710000038146973,6.730000019073486,237800
2026-05-15 16:25:00+00:00,MGLU3.SA,6.739999771118164,6.739999771118164,6.71999979019165,6.71999979019165,21800
2026-05-15 16:30:00+00:00,MGLU3.SA,6.71999979019165,6.730000019073486,6.690000057220459,6.699999809265137,207700
2026-05-15 16:35:00+00:00,MGLU3.SA,6.710000038146973,6.710000038146973,6.699999809265137,6.699999809265137,15900
2026-05-15 16:40:00+00:00,MGLU3.SA,6.710000038146973,6.71999979019165,6.690000057220459,6.699999809265137,99200
2026-05-15 16:45:00+00:00,MGLU3.SA,6.699999809265137,6.71999979019165,6.699999809265137,6.71999979019165,29500
2026-05-15 16:50:00+00:00,MGLU3.SA,6.71999979019165,6.71999979019165,6.690000057220459,6.690000057220459,183400
2026-05-15 16:55:00+00:00,MGLU3.SA,6.699999809265137,6.699999809265137,6.690000057220459,6.690000057220459,35700
2026-05-15 17:00:00+00:00,MGLU3.SA,6.690000057220459,6.710000038146973,6.690000057220459,6.699999809265137,40100
2026-05-15 17:05:00+00:00,MGLU3.SA,6.699999809265137,6.71999979019165,6.699999809265137,6.71999979019165,35500
2026-05-15 17:10:00+00:00,MGLU3.SA,6.710000038146973,6.730000019073486,6.710000038146973,6.710000038146973,89700
2026-05-15 17:15:00+00:00,MGLU3.SA,6.710000038146973,6.739999771118164,6.699999809265137,6.730000019073486,176800
2026-05-15 17:20:00+00:00,MGLU3.SA,6.730000019073486,6.75,6.71999979019165,6.739999771118164,227200
2026-05-15 17:25:00+00:00,MGLU3.SA,6.730000019073486,6.75,6.730000019073486,6.730000019073486,264800
2026-05-15 17:30:00+00:00,MGLU3.SA,6.730000019073486,6.75,6.730000019073486,6.739999771118164,61900
2026-05-15 17:35:00+00:00,MGLU3.SA,6.739999771118164,6.75,6.730000019073486,6.730000019073486,51800
2026-05-15 17:40:00+00:00,MGLU3.SA,6.739999771118164,6.739999771118164,6.71999979019165,6.730000019073486,136100
2026-05-15 17:45:00+00:00,MGLU3.SA,6.739999771118164,6.760000228881836,6.730000019073486,6.739999771118164,90000
2026-05-15 17:50:00+00:00,MGLU3.SA,6.739999771118164,6.769999980926514,6.739999771118164,6.760000228881836,251700
2026-05-15 17:55:00+00:00,MGLU3.SA,6.78000020980835,6.789999961853027,6.760000228881836,6.78000020980835,261300
2026-05-15 18:00:00+00:00,MGLU3.SA,6.78000020980835,6.789999961853027,6.769999980926514,6.789999961853027,131500
2026-05-15 18:05:00+00:00,MGLU3.SA,6.789999961853027,6.789999961853027,6.760000228881836,6.760000228881836,124100
2026-05-15 18:10:00+00:00,MGLU3.SA,6.769999980926514,6.769999980926514,6.75,6.769999980926514,152000
2026-05-15 18:15:00+00:00,MGLU3.SA,6.760000228881836,6.769999980926514,6.75,6.75,54500
2026-05-15 18:20:00+00:00,MGLU3.SA,6.75,6.78000020980835,6.75,6.78000020980835,169100
2026-05-15 18:25:00+00:00,MGLU3.SA,6.769999980926514,6.78000020980835,6.760000228881836,6.769999980926514,21700
2026-05-15 18:30:00+00:00,MGLU3.SA,6.760000228881836,6.769999980926514,6.71999979019165,6.739999771118164,382900
2026-05-15 18:35:00+00:00,MGLU3.SA,6.730000019073486,6.739999771118164,6.71999979019165,6.730000019073486,40500
2026-05-15 18:40:00+00:00,MGLU3.SA,6.730000019073486,6.739999771118164,6.71999979019165,6.730000019073486,104700
2026-05-15 18:45:00+00:00,MGLU3.SA,6.739999771118164,6.739999771118164,6.730000019073486,6.730000019073486,33200
2026-05-15 18:50:00+00:00,MGLU3.SA,6.739999771118164,6.75,6.730000019073486,6.75,39300
2026-05-15 18:55:00+00:00,MGLU3.SA,6.75,6.75,6.71999979019165,6.739999771118164,84800
2026-05-15 19:00:00+00:00,MGLU3.SA,6.730000019073486,6.739999771118164,6.71999979019165,6.71999979019165,37000
2026-05-15 19:05:00+00:00,MGLU3.SA,6.71999979019165,6.730000019073486,6.71999979019165,6.71999979019165,49900
2026-05-15 19:10:00+00:00,MGLU3.SA,6.71999979019165,6.730000019073486,6.71999979019165,6.71999979019165,17500
2026-05-15 19:15:00+00:00,MGLU3.SA,6.71999979019165,6.730000019073486,6.710000038146973,6.71999979019165,164600
2026-05-15 19:20:00+00:00,MGLU3.SA,6.71999979019165,6.739999771118164,6.71999979019165,6.730000019073486,173600
2026-05-15 19:25:00+00:00,MGLU3.SA,6.730000019073486,6.75,6.71999979019165,6.739999771118164,139400
2026-05-15 19:30:00+00:00,MGLU3.SA,6.739999771118164,6.75,6.730000019073486,6.730000019073486,257900
2026-05-15 19:35:00+00:00,MGLU3.SA,6.739999771118164,6.760000228881836,6.71999979019165,6.75,225400
2026-05-15 19:40:00+00:00,MGLU3.SA,6.75,6.769999980926514,6.75,6.75,243300
2026-05-15 19:45:00+00:00,MGLU3.SA,6.75,6.800000190734863,6.75,6.789999961853027,459800
2026-05-15 19:50:00+00:00,MGLU3.SA,6.789999961853027,6.820000171661377,6.78000020980835,6.789999961853027,473300
2026-05-18 13:05:00+00:00,MGLU3.SA,6.829999923706055,6.900000095367432,6.829999923706055,6.869999885559082,82800
2026-05-18 13:10:00+00:00,MGLU3.SA,6.869999885559082,6.940000057220459,6.860000133514404,6.909999847412109,606600
2026-05-18 13:15:00+00:00,MGLU3.SA,6.900000095367432,6.949999809265137,6.889999866485596,6.929999828338623,370200
2026-05-18 13:20:00+00:00,MGLU3.SA,6.929999828338623,6.980000019073486,6.920000076293945,6.960000038146973,696400
2026-05-18 13:25:00+00:00,MGLU3.SA,6.960000038146973,6.96999979019165,6.929999828338623,6.929999828338623,159900
2026-05-18 13:30:00+00:00,MGLU3.SA,6.929999828338623,6.96999979019165,6.920000076293945,6.949999809265137,328100
2026-05-18 13:35:00+00:00,MGLU3.SA,6.949999809265137,6.96999979019165,6.929999828338623,6.929999828338623,198500
2026-05-18 13:40:00+00:00,MGLU3.SA,6.940000057220459,6.960000038146973,6.929999828338623,6.949999809265137,385700
2026-05-18 13:45:00+00:00,MGLU3.SA,6.940000057220459,6.980000019073486,6.940000057220459,6.980000019073486,311400
2026-05-18 13:50:00+00:00,MGLU3.SA,6.980000019073486,6.980000019073486,6.940000057220459,6.940000057220459,250400
2026-05-18 13:55:00+00:00,MGLU3.SA,6.949999809265137,6.960000038146973,6.940000057220459,6.940000057220459,104200
2026-05-18 14:00:00+00:00,MGLU3.SA,6.940000057220459,6.949999809265137,6.900000095367432,6.909999847412109,251400
2026-05-18 14:05:00+00:00,MGLU3.SA,6.900000095367432,6.909999847412109,6.889999866485596,6.900000095367432,225700
2026-05-18 14:10:00+00:00,MGLU3.SA,6.900000095367432,6.900000095367432,6.889999866485596,6.889999866485596,77400
2026-05-18 14:15:00+00:00,MGLU3.SA,6.900000095367432,6.929999828338623,6.889999866485596,6.909999847412109,168000
2026-05-18 14:20:00+00:00,MGLU3.SA,6.920000076293945,6.940000057220459,6.909999847412109,6.909999847412109,95500
2026-05-18 14:25:00+00:00,MGLU3.SA,6.909999847412109,6.940000057220459,6.909999847412109,6.909999847412109,105600
2026-05-18 14:30:00+00:00,MGLU3.SA,6.909999847412109,6.909999847412109,6.900000095367432,6.900000095367432,54100
2026-05-18 14:35:00+00:00,MGLU3.SA,6.909999847412109,6.909999847412109,6.889999866485596,6.900000095367432,141000
2026-05-18 14:40:00+00:00,MGLU3.SA,6.900000095367432,6.900000095367432,6.889999866485596,6.900000095367432,11500
2026-05-18 14:45:00+00:00,MGLU3.SA,6.889999866485596,6.900000095367432,6.880000114440918,6.900000095367432,101700
2026-05-18 14:50:00+00:00,MGLU3.SA,6.900000095367432,6.909999847412109,6.889999866485596,6.900000095367432,55500
2026-05-18 14:55:00+00:00,MGLU3.SA,6.900000095367432,6.960000038146973,6.889999866485596,6.949999809265137,528900
2026-05-18 15:00:00+00:00,MGLU3.SA,6.949999809265137,6.989999771118164,6.909999847412109,6.920000076293945,602200
2026-05-18 15:05:00+00:00,MGLU3.SA,6.920000076293945,6.929999828338623,6.909999847412109,6.920000076293945,54300
2026-05-18 15:10:00+00:00,MGLU3.SA,6.909999847412109,6.940000057220459,6.909999847412109,6.940000057220459,94400
2026-05-18 15:15:00+00:00,MGLU3.SA,6.929999828338623,6.940000057220459,6.920000076293945,6.920000076293945,16400
2026-05-18 15:20:00+00:00,MGLU3.SA,6.920000076293945,6.929999828338623,6.920000076293945,6.920000076293945,31700
2026-05-18 15:25:00+00:00,MGLU3.SA,6.929999828338623,6.940000057220459,6.920000076293945,6.929999828338623,42700
2026-05-18 15:30:00+00:00,MGLU3.SA,6.929999828338623,6.940000057220459,6.920000076293945,6.940000057220459,55400
2026-05-18 15:35:00+00:00,MGLU3.SA,6.940000057220459,6.949999809265137,6.940000057220459,6.940000057220459,6500
2026-05-18 15:40:00+00:00,MGLU3.SA,6.940000057220459,6.949999809265137,6.920000076293945,6.940000057220459,161700
2026-05-18 15:45:00+00:00,MGLU3.SA,6.929999828338623,6.940000057220459,6.929999828338623,6.929999828338623,3400
2026-05-18 15:50:00+00:00,MGLU3.SA,6.929999828338623,6.940000057220459,6.920000076293945,6.920000076293945,42400
2026-05-18 15:55:00+00:00,MGLU3.SA,6.929999828338623,6.929999828338623,6.920000076293945,6.929999828338623,8700
2026-05-18 16:00:00+00:00,MGLU3.SA,6.929999828338623,6.929999828338623,6.920000076293945,6.929999828338623,10800
2026-05-18 16:05:00+00:00,MGLU3.SA,6.929999828338623,6.929999828338623,6.900000095367432,6.900000095367432,137600
2026-05-18 16:10:00+00:00,MGLU3.SA,6.900000095367432,6.909999847412109,6.889999866485596,6.889999866485596,186000
2026-05-18 16:15:00+00:00,MGLU3.SA,6.889999866485596,6.900000095367432,6.880000114440918,6.880000114440918,229300
2026-05-18 16:20:00+00:00,MGLU3.SA,6.880000114440918,6.889999866485596,6.869999885559082,6.880000114440918,141500
2026-05-18 16:25:00+00:00,MGLU3.SA,6.869999885559082,6.880000114440918,6.849999904632568,6.869999885559082,211500
2026-05-18 16:30:00+00:00,MGLU3.SA,6.860000133514404,6.860000133514404,6.840000152587891,6.849999904632568,315000
2026-05-18 16:35:00+00:00,MGLU3.SA,6.860000133514404,6.860000133514404,6.849999904632568,6.849999904632568,22100
2026-05-18 16:40:00+00:00,MGLU3.SA,6.849999904632568,6.849999904632568,6.840000152587891,6.849999904632568,82600
2026-05-18 16:45:00+00:00,MGLU3.SA,6.849999904632568,6.860000133514404,6.840000152587891,6.849999904632568,77000
2026-05-18 16:50:00+00:00,MGLU3.SA,6.860000133514404,6.869999885559082,6.849999904632568,6.869999885559082,82000
2026-05-18 16:55:00+00:00,MGLU3.SA,6.860000133514404,6.869999885559082,6.849999904632568,6.849999904632568,43200
2026-05-18 17:00:00+00:00,MGLU3.SA,6.849999904632568,6.849999904632568,6.829999923706055,6.849999904632568,134700
2026-05-18 17:05:00+00:00,MGLU3.SA,6.840000152587891,6.860000133514404,6.840000152587891,6.849999904632568,68000
2026-05-18 17:10:00+00:00,MGLU3.SA,6.849999904632568,6.849999904632568,6.829999923706055,6.829999923706055,135900
2026-05-18 17:15:00+00:00,MGLU3.SA,6.840000152587891,6.849999904632568,6.840000152587891,6.840000152587891,44100
2026-05-18 17:20:00+00:00,MGLU3.SA,6.849999904632568,6.849999904632568,6.829999923706055,6.840000152587891,49700
2026-05-18 17:25:00+00:00,MGLU3.SA,6.829999923706055,6.849999904632568,6.829999923706055,6.829999923706055,45700
2026-05-18 17:30:00+00:00,MGLU3.SA,6.840000152587891,6.840000152587891,6.829999923706055,6.829999923706055,39300
2026-05-18 17:35:00+00:00,MGLU3.SA,6.829999923706055,6.840000152587891,6.820000171661377,6.840000152587891,111500
2026-05-18 17:40:00+00:00,MGLU3.SA,6.829999923706055,6.849999904632568,6.829999923706055,6.829999923706055,2060200
2026-05-18 17:45:00+00:00,MGLU3.SA,6.829999923706055,6.840000152587891,6.800000190734863,6.820000171661377,306100
2026-05-18 17:50:00+00:00,MGLU3.SA,6.809999942779541,6.820000171661377,6.809999942779541,6.809999942779541,12700
2026-05-18 17:55:00+00:00,MGLU3.SA,6.809999942779541,6.820000171661377,6.800000190734863,6.800000190734863,171400
2026-05-18 18:00:00+00:00,MGLU3.SA,6.800000190734863,6.809999942779541,6.760000228881836,6.769999980926514,373900
2026-05-18 18:05:00+00:00,MGLU3.SA,6.769999980926514,6.78000020980835,6.760000228881836,6.760000228881836,195300
2026-05-18 18:10:00+00:00,MGLU3.SA,6.760000228881836,6.769999980926514,6.75,6.760000228881836,37800
2026-05-18 18:15:00+00:00,MGLU3.SA,6.760000228881836,6.769999980926514,6.739999771118164,6.75,176300
2026-05-18 18:20:00+00:00,MGLU3.SA,6.739999771118164,6.75,6.739999771118164,6.739999771118164,83800
2026-05-18 18:25:00+00:00,MGLU3.SA,6.75,6.760000228881836,6.730000019073486,6.760000228881836,186400
2026-05-18 18:30:00+00:00,MGLU3.SA,6.75,6.769999980926514,6.75,6.75,140800
2026-05-18 18:35:00+00:00,MGLU3.SA,6.75,6.760000228881836,6.739999771118164,6.739999771118164,60800
2026-05-18 18:40:00+00:00,MGLU3.SA,6.75,6.75,6.730000019073486,6.730000019073486,41500
2026-05-18 18:45:00+00:00,MGLU3.SA,6.739999771118164,6.75,6.730000019073486,6.730000019073486,102500
2026-05-18 18:50:00+00:00,MGLU3.SA,6.730000019073486,6.739999771118164,6.730000019073486,6.730000019073486,25000
2026-05-18 18:55:00+00:00,MGLU3.SA,6.730000019073486,6.730000019073486,6.710000038146973,6.710000038146973,105500
2026-05-18 19:00:00+00:00,MGLU3.SA,6.710000038146973,6.769999980926514,6.710000038146973,6.75,298500
2026-05-18 19:05:00+00:00,MGLU3.SA,6.75,6.760000228881836,6.690000057220459,6.699999809265137,591200
2026-05-18 19:10:00+00:00,MGLU3.SA,6.71999979019165,6.71999979019165,6.670000076293945,6.690000057220459,275700
2026-05-18 19:15:00+00:00,MGLU3.SA,6.690000057220459,6.699999809265137,6.679999828338623,6.679999828338623,96300
2026-05-18 19:20:00+00:00,MGLU3.SA,6.679999828338623,6.690000057220459,6.670000076293945,6.690000057220459,211000
2026-05-18 19:25:00+00:00,MGLU3.SA,6.690000057220459,6.690000057220459,6.679999828338623,6.679999828338623,40400
2026-05-18 19:30:00+00:00,MGLU3.SA,6.679999828338623,6.699999809265137,6.679999828338623,6.690000057220459,194000
2026-05-18 19:35:00+00:00,MGLU3.SA,6.690000057220459,6.699999809265137,6.630000114440918,6.639999866485596,671900
2026-05-18 19:40:00+00:00,MGLU3.SA,6.630000114440918,6.670000076293945,6.619999885559082,6.639999866485596,858900
2026-05-18 19:45:00+00:00,MGLU3.SA,6.630000114440918,6.639999866485596,6.610000133514404,6.639999866485596,414100
2026-05-18 19:50:00+00:00,MGLU3.SA,6.639999866485596,6.650000095367432,6.619999885559082,6.639999866485596,321600
2026-05-19 13:05:00+00:00,MGLU3.SA,6.510000228881836,6.519999980926514,6.46999979019165,6.519999980926514,0
2026-05-19 13:10:00+00:00,MGLU3.SA,6.519999980926514,6.53000020980835,6.449999809265137,6.46999979019165,596400
2026-05-19 13:15:00+00:00,MGLU3.SA,6.46999979019165,6.480000019073486,6.389999866485596,6.389999866485596,497700
2026-05-19 13:20:00+00:00,MGLU3.SA,6.400000095367432,6.400000095367432,6.349999904632568,6.360000133514404,594600
2026-05-19 13:25:00+00:00,MGLU3.SA,6.360000133514404,6.369999885559082,6.340000152587891,6.349999904632568,269500
2026-05-19 13:30:00+00:00,MGLU3.SA,6.349999904632568,6.409999847412109,6.349999904632568,6.400000095367432,387400
2026-05-19 13:35:00+00:00,MGLU3.SA,6.400000095367432,6.420000076293945,6.389999866485596,6.409999847412109,339300
2026-05-19 13:40:00+00:00,MGLU3.SA,6.409999847412109,6.420000076293945,6.389999866485596,6.409999847412109,235100
2026-05-19 13:45:00+00:00,MGLU3.SA,6.409999847412109,6.5,6.409999847412109,6.489999771118164,454200
2026-05-19 13:50:00+00:00,MGLU3.SA,6.489999771118164,6.610000133514404,6.489999771118164,6.590000152587891,751400
2026-05-19 13:55:00+00:00,MGLU3.SA,6.590000152587891,6.630000114440918,6.579999923706055,6.619999885559082,712700
2026-05-19 14:00:00+00:00,MGLU3.SA,6.610000133514404,6.630000114440918,6.570000171661377,6.630000114440918,461800
2026-05-19 14:05:00+00:00,MGLU3.SA,6.630000114440918,6.639999866485596,6.590000152587891,6.590000152587891,217200
2026-05-19 14:10:00+00:00,MGLU3.SA,6.599999904632568,6.630000114440918,6.570000171661377,6.619999885559082,354400
2026-05-19 14:15:00+00:00,MGLU3.SA,6.619999885559082,6.619999885559082,6.590000152587891,6.599999904632568,110600
2026-05-19 14:20:00+00:00,MGLU3.SA,6.610000133514404,6.610000133514404,6.550000190734863,6.559999942779541,335800
2026-05-19 14:25:00+00:00,MGLU3.SA,6.570000171661377,6.579999923706055,6.550000190734863,6.570000171661377,233000
2026-05-19 14:30:00+00:00,MGLU3.SA,6.570000171661377,6.679999828338623,6.559999942779541,6.630000114440918,781400
2026-05-19 14:35:00+00:00,MGLU3.SA,6.630000114440918,6.659999847412109,6.610000133514404,6.610000133514404,281100
2026-05-19 14:40:00+00:00,MGLU3.SA,6.610000133514404,6.610000133514404,6.579999923706055,6.590000152587891,328400
2026-05-19 14:45:00+00:00,MGLU3.SA,6.590000152587891,6.599999904632568,6.559999942779541,6.570000171661377,183400
2026-05-19 14:50:00+00:00,MGLU3.SA,6.579999923706055,6.579999923706055,6.53000020980835,6.570000171661377,485300
2026-05-19 14:55:00+00:00,MGLU3.SA,6.570000171661377,6.599999904632568,6.570000171661377,6.590000152587891,153200
2026-05-19 15:00:00+00:00,MGLU3.SA,6.599999904632568,6.610000133514404,6.590000152587891,6.610000133514404,177200
2026-05-19 15:05:00+00:00,MGLU3.SA,6.610000133514404,6.619999885559082,6.590000152587891,6.599999904632568,113700
2026-05-19 15:10:00+00:00,MGLU3.SA,6.610000133514404,6.610000133514404,6.579999923706055,6.590000152587891,41600
2026-05-19 15:15:00+00:00,MGLU3.SA,6.579999923706055,6.590000152587891,6.570000171661377,6.579999923706055,29500
2026-05-19 15:20:00+00:00,MGLU3.SA,6.579999923706055,6.590000152587891,6.53000020980835,6.539999961853027,112500
2026-05-19 15:25:00+00:00,MGLU3.SA,6.539999961853027,6.550000190734863,6.489999771118164,6.539999961853027,348000
2026-05-19 15:30:00+00:00,MGLU3.SA,6.53000020980835,6.550000190734863,6.53000020980835,6.539999961853027,44700
2026-05-19 15:35:00+00:00,MGLU3.SA,6.550000190734863,6.559999942779541,6.53000020980835,6.53000020980835,229700
2026-05-19 15:40:00+00:00,MGLU3.SA,6.53000020980835,6.539999961853027,6.510000228881836,6.53000020980835,153500
2026-05-19 15:45:00+00:00,MGLU3.SA,6.539999961853027,6.539999961853027,6.53000020980835,6.539999961853027,15400
2026-05-19 15:50:00+00:00,MGLU3.SA,6.53000020980835,6.539999961853027,6.5,6.5,81200
2026-05-19 15:55:00+00:00,MGLU3.SA,6.5,6.510000228881836,6.489999771118164,6.5,117000
2026-05-19 16:00:00+00:00,MGLU3.SA,6.5,6.570000171661377,6.5,6.550000190734863,251300
2026-05-19 16:05:00+00:00,MGLU3.SA,6.539999961853027,6.559999942779541,6.5,6.550000190734863,353100
2026-05-19 16:10:00+00:00,MGLU3.SA,6.539999961853027,6.550000190734863,6.53000020980835,6.550000190734863,17200
2026-05-19 16:15:00+00:00,MGLU3.SA,6.539999961853027,6.559999942779541,6.53000020980835,6.539999961853027,105400
2026-05-19 16:20:00+00:00,MGLU3.SA,6.539999961853027,6.559999942779541,6.53000020980835,6.559999942779541,70500
2026-05-19 16:25:00+00:00,MGLU3.SA,6.550000190734863,6.599999904632568,6.550000190734863,6.590000152587891,291800
2026-05-19 16:30:00+00:00,MGLU3.SA,6.590000152587891,6.590000152587891,6.570000171661377,6.570000171661377,98600
2026-05-19 16:35:00+00:00,MGLU3.SA,6.559999942779541,6.559999942779541,6.539999961853027,6.539999961853027,39500
2026-05-19 16:40:00+00:00,MGLU3.SA,6.550000190734863,6.579999923706055,6.550000190734863,6.559999942779541,197400
2026-05-19 16:45:00+00:00,MGLU3.SA,6.570000171661377,6.570000171661377,6.559999942779541,6.559999942779541,28800
2026-05-19 16:50:00+00:00,MGLU3.SA,6.559999942779541,6.610000133514404,6.559999942779541,6.599999904632568,205200
2026-05-19 16:55:00+00:00,MGLU3.SA,6.590000152587891,6.619999885559082,6.579999923706055,6.590000152587891,426500
2026-05-19 17:00:00+00:00,MGLU3.SA,6.579999923706055,6.579999923706055,6.570000171661377,6.570000171661377,96400
2026-05-19 17:05:00+00:00,MGLU3.SA,6.579999923706055,6.579999923706055,6.539999961853027,6.539999961853027,88200
2026-05-19 17:10:00+00:00,MGLU3.SA,6.539999961853027,6.630000114440918,6.539999961853027,6.599999904632568,318300
2026-05-19 17:15:00+00:00,MGLU3.SA,6.599999904632568,6.610000133514404,6.599999904632568,6.599999904632568,83600
2026-05-19 17:20:00+00:00,MGLU3.SA,6.599999904632568,6.619999885559082,6.599999904632568,6.619999885559082,94000
2026-05-19 17:25:00+00:00,MGLU3.SA,6.610000133514404,6.619999885559082,6.610000133514404,6.619999885559082,39700
2026-05-19 17:30:00+00:00,MGLU3.SA,6.610000133514404,6.619999885559082,6.610000133514404,6.619999885559082,93000
2026-05-19 17:35:00+00:00,MGLU3.SA,6.619999885559082,6.619999885559082,6.599999904632568,6.610000133514404,97500
2026-05-19 17:40:00+00:00,MGLU3.SA,6.610000133514404,6.630000114440918,6.610000133514404,6.619999885559082,53100
2026-05-19 17:45:00+00:00,MGLU3.SA,6.619999885559082,6.630000114440918,6.599999904632568,6.599999904632568,77700
2026-05-19 17:50:00+00:00,MGLU3.SA,6.610000133514404,6.610000133514404,6.570000171661377,6.570000171661377,109800
2026-05-19 17:55:00+00:00,MGLU3.SA,6.579999923706055,6.579999923706055,6.559999942779541,6.559999942779541,201300
2026-05-19 18:00:00+00:00,MGLU3.SA,6.559999942779541,6.570000171661377,6.539999961853027,6.539999961853027,157500
2026-05-19 18:05:00+00:00,MGLU3.SA,6.550000190734863,6.559999942779541,6.53000020980835,6.550000190734863,121500
2026-05-19 18:10:00+00:00,MGLU3.SA,6.559999942779541,6.559999942779541,6.539999961853027,6.539999961853027,27200
2026-05-19 18:15:00+00:00,MGLU3.SA,6.539999961853027,6.539999961853027,6.519999980926514,6.519999980926514,62100
2026-05-19 18:20:00+00:00,MGLU3.SA,6.519999980926514,6.53000020980835,6.510000228881836,6.53000020980835,73600
2026-05-19 18:25:00+00:00,MGLU3.SA,6.53000020980835,6.599999904632568,6.519999980926514,6.579999923706055,560600
2026-05-19 18:30:00+00:00,MGLU3.SA,6.579999923706055,6.579999923706055,6.559999942779541,6.570000171661377,45600
2026-05-19 18:35:00+00:00,MGLU3.SA,6.559999942779541,6.579999923706055,6.559999942779541,6.570000171661377,33200
2026-05-19 18:40:00+00:00,MGLU3.SA,6.559999942779541,6.590000152587891,6.550000190734863,6.579999923706055,94200
2026-05-19 18:45:00+00:00,MGLU3.SA,6.570000171661377,6.579999923706055,6.559999942779541,6.570000171661377,32300
2026-05-19 18:50:00+00:00,MGLU3.SA,6.570000171661377,6.579999923706055,6.559999942779541,6.559999942779541,32400
2026-05-19 18:55:00+00:00,MGLU3.SA,6.559999942779541,6.570000171661377,6.550000190734863,6.570000171661377,84400
2026-05-19 19:00:00+00:00,MGLU3.SA,6.559999942779541,6.570000171661377,6.559999942779541,6.570000171661377,22100
2026-05-19 19:05:00+00:00,MGLU3.SA,6.559999942779541,6.579999923706055,6.559999942779541,6.570000171661377,56900
2026-05-19 19:10:00+00:00,MGLU3.SA,6.570000171661377,6.579999923706055,6.559999942779541,6.559999942779541,61100
2026-05-19 19:15:00+00:00,MGLU3.SA,6.559999942779541,6.590000152587891,6.539999961853027,6.539999961853027,254700
2026-05-19 19:20:00+00:00,MGLU3.SA,6.539999961853027,6.550000190734863,6.53000020980835,6.53000020980835,87700
2026-05-19 19:25:00+00:00,MGLU3.SA,6.53000020980835,6.539999961853027,6.519999980926514,6.519999980926514,135200
2026-05-19 19:30:00+00:00,MGLU3.SA,6.519999980926514,6.539999961853027,6.5,6.53000020980835,550400
2026-05-19 19:35:00+00:00,MGLU3.SA,6.53000020980835,6.539999961853027,6.519999980926514,6.519999980926514,122700
2026-05-19 19:40:00+00:00,MGLU3.SA,6.53000020980835,6.550000190734863,6.519999980926514,6.53000020980835,259000
2026-05-19 19:45:00+00:00,MGLU3.SA,6.539999961853027,6.550000190734863,6.53000020980835,6.53000020980835,145400
2026-05-19 19:50:00+00:00,MGLU3.SA,6.539999961853027,6.539999961853027,6.510000228881836,6.510000228881836,237000
2026-05-20 13:00:00+00:00,MGLU3.SA,6.53000020980835,6.570000171661377,6.5,6.559999942779541,0
2026-05-20 13:05:00+00:00,MGLU3.SA,6.570000171661377,6.610000133514404,6.539999961853027,6.579999923706055,948700
2026-05-20 13:10:00+00:00,MGLU3.SA,6.590000152587891,6.590000152587891,6.510000228881836,6.53000020980835,652800
2026-05-20 13:15:00+00:00,MGLU3.SA,6.53000020980835,6.599999904632568,6.510000228881836,6.579999923706055,672400
2026-05-20 13:20:00+00:00,MGLU3.SA,6.579999923706055,6.599999904632568,6.570000171661377,6.590000152587891,223500
2026-05-20 13:25:00+00:00,MGLU3.SA,6.590000152587891,6.630000114440918,6.590000152587891,6.610000133514404,262700
2026-05-20 13:30:00+00:00,MGLU3.SA,6.610000133514404,6.630000114440918,6.550000190734863,6.559999942779541,531700
2026-05-20 13:35:00+00:00,MGLU3.SA,6.550000190734863,6.590000152587891,6.550000190734863,6.590000152587891,119800
2026-05-20 13:40:00+00:00,MGLU3.SA,6.579999923706055,6.590000152587891,6.550000190734863,6.559999942779541,248600
2026-05-20 13:45:00+00:00,MGLU3.SA,6.570000171661377,6.579999923706055,6.550000190734863,6.559999942779541,119700
2026-05-20 13:50:00+00:00,MGLU3.SA,6.559999942779541,6.559999942779541,6.519999980926514,6.539999961853027,430000
2026-05-20 13:55:00+00:00,MGLU3.SA,6.53000020980835,6.550000190734863,6.53000020980835,6.550000190734863,149300
2026-05-20 14:00:00+00:00,MGLU3.SA,6.550000190734863,6.550000190734863,6.489999771118164,6.53000020980835,488600
2026-05-20 14:05:00+00:00,MGLU3.SA,6.53000020980835,6.539999961853027,6.510000228881836,6.510000228881836,257300
2026-05-20 14:10:00+00:00,MGLU3.SA,6.510000228881836,6.539999961853027,6.489999771118164,6.53000020980835,455100
2026-05-20 14:15:00+00:00,MGLU3.SA,6.519999980926514,6.599999904632568,6.519999980926514,6.590000152587891,661800
2026-05-20 14:20:00+00:00,MGLU3.SA,6.590000152587891,6.599999904632568,6.550000190734863,6.559999942779541,345400
2026-05-20 14:25:00+00:00,MGLU3.SA,6.559999942779541,6.590000152587891,6.550000190734863,6.559999942779541,192800
2026-05-20 14:30:00+00:00,MGLU3.SA,6.559999942779541,6.579999923706055,6.550000190734863,6.559999942779541,102500
2026-05-20 14:35:00+00:00,MGLU3.SA,6.559999942779541,6.559999942779541,6.539999961853027,6.539999961853027,94400
2026-05-20 14:40:00+00:00,MGLU3.SA,6.550000190734863,6.559999942779541,6.539999961853027,6.550000190734863,94700
2026-05-20 14:45:00+00:00,MGLU3.SA,6.550000190734863,6.570000171661377,6.539999961853027,6.570000171661377,65800
2026-05-20 14:50:00+00:00,MGLU3.SA,6.550000190734863,6.559999942779541,6.53000020980835,6.559999942779541,127000
2026-05-20 14:55:00+00:00,MGLU3.SA,6.559999942779541,6.570000171661377,6.550000190734863,6.550000190734863,282300
2026-05-20 15:00:00+00:00,MGLU3.SA,6.550000190734863,6.570000171661377,6.550000190734863,6.559999942779541,74700
2026-05-20 15:05:00+00:00,MGLU3.SA,6.559999942779541,6.559999942779541,6.539999961853027,6.559999942779541,80000
2026-05-20 15:10:00+00:00,MGLU3.SA,6.550000190734863,6.559999942779541,6.539999961853027,6.559999942779541,95800
2026-05-20 15:15:00+00:00,MGLU3.SA,6.550000190734863,6.630000114440918,6.550000190734863,6.599999904632568,1376100
2026-05-20 15:20:00+00:00,MGLU3.SA,6.599999904632568,6.619999885559082,6.579999923706055,6.590000152587891,205200
2026-05-20 15:25:00+00:00,MGLU3.SA,6.579999923706055,6.590000152587891,6.559999942779541,6.579999923706055,87600
2026-05-20 15:30:00+00:00,MGLU3.SA,6.579999923706055,6.599999904632568,6.579999923706055,6.599999904632568,62400
2026-05-20 15:35:00+00:00,MGLU3.SA,6.599999904632568,6.599999904632568,6.579999923706055,6.590000152587891,84000
2026-05-20 15:40:00+00:00,MGLU3.SA,6.590000152587891,6.650000095367432,6.579999923706055,6.639999866485596,654600
2026-05-20 15:45:00+00:00,MGLU3.SA,6.639999866485596,6.670000076293945,6.639999866485596,6.670000076293945,420700
2026-05-20 15:50:00+00:00,MGLU3.SA,6.659999847412109,6.670000076293945,6.639999866485596,6.639999866485596,226200
2026-05-20 15:55:00+00:00,MGLU3.SA,6.650000095367432,6.650000095367432,6.599999904632568,6.610000133514404,431500
2026-05-20 16:00:00+00:00,MGLU3.SA,6.610000133514404,6.619999885559082,6.599999904632568,6.610000133514404,265500
2026-05-20 16:05:00+00:00,MGLU3.SA,6.619999885559082,6.630000114440918,6.599999904632568,6.610000133514404,54000
2026-05-20 16:10:00+00:00,MGLU3.SA,6.619999885559082,6.639999866485596,6.610000133514404,6.630000114440918,107800
2026-05-20 16:15:00+00:00,MGLU3.SA,6.619999885559082,6.630000114440918,6.610000133514404,6.610000133514404,139000
2026-05-20 16:20:00+00:00,MGLU3.SA,6.619999885559082,6.619999885559082,6.590000152587891,6.590000152587891,167000
2026-05-20 16:25:00+00:00,MGLU3.SA,6.599999904632568,6.599999904632568,6.579999923706055,6.590000152587891,135300
2026-05-20 16:30:00+00:00,MGLU3.SA,6.579999923706055,6.610000133514404,6.579999923706055,6.610000133514404,115200
2026-05-20 16:35:00+00:00,MGLU3.SA,6.610000133514404,6.619999885559082,6.599999904632568,6.610000133514404,16800
2026-05-20 16:40:00+00:00,MGLU3.SA,6.610000133514404,6.630000114440918,6.610000133514404,6.619999885559082,216100
2026-05-20 16:45:00+00:00,MGLU3.SA,6.619999885559082,6.630000114440918,6.610000133514404,6.619999885559082,154000
2026-05-20 16:50:00+00:00,MGLU3.SA,6.619999885559082,6.639999866485596,6.619999885559082,6.639999866485596,110800
2026-05-20 16:55:00+00:00,MGLU3.SA,6.639999866485596,6.639999866485596,6.619999885559082,6.630000114440918,62200
2026-05-20 17:00:00+00:00,MGLU3.SA,6.639999866485596,6.639999866485596,6.619999885559082,6.639999866485596,76000
2026-05-20 17:05:00+00:00,MGLU3.SA,6.639999866485596,6.71999979019165,6.619999885559082,6.710000038146973,1281000
2026-05-20 17:10:00+00:00,MGLU3.SA,6.710000038146973,6.710000038146973,6.690000057220459,6.690000057220459,332000
2026-05-20 17:15:00+00:00,MGLU3.SA,6.690000057220459,6.739999771118164,6.679999828338623,6.730000019073486,276700
2026-05-20 17:20:00+00:00,MGLU3.SA,6.730000019073486,6.739999771118164,6.710000038146973,6.71999979019165,105800
2026-05-20 17:25:00+00:00,MGLU3.SA,6.71999979019165,6.739999771118164,6.710000038146973,6.730000019073486,105900
2026-05-20 17:30:00+00:00,MGLU3.SA,6.730000019073486,6.739999771118164,6.71999979019165,6.730000019073486,68300
2026-05-20 17:35:00+00:00,MGLU3.SA,6.71999979019165,6.739999771118164,6.710000038146973,6.730000019073486,228600
2026-05-20 17:40:00+00:00,MGLU3.SA,6.730000019073486,6.739999771118164,6.71999979019165,6.71999979019165,110600
2026-05-20 17:45:00+00:00,MGLU3.SA,6.71999979019165,6.71999979019165,6.699999809265137,6.710000038146973,183700
2026-05-20 17:50:00+00:00,MGLU3.SA,6.710000038146973,6.71999979019165,6.699999809265137,6.699999809265137,81700
2026-05-20 17:55:00+00:00,MGLU3.SA,6.699999809265137,6.730000019073486,6.679999828338623,6.71999979019165,396700
2026-05-20 18:00:00+00:00,MGLU3.SA,6.71999979019165,6.760000228881836,6.71999979019165,6.75,220000
2026-05-20 18:05:00+00:00,MGLU3.SA,6.760000228881836,6.769999980926514,6.760000228881836,6.760000228881836,77800
2026-05-20 18:10:00+00:00,MGLU3.SA,6.760000228881836,6.769999980926514,6.730000019073486,6.75,103700
2026-05-20 18:15:00+00:00,MGLU3.SA,6.75,6.789999961853027,6.75,6.769999980926514,234900
2026-05-20 18:20:00+00:00,MGLU3.SA,6.769999980926514,6.78000020980835,6.760000228881836,6.769999980926514,121300
2026-05-20 18:25:00+00:00,MGLU3.SA,6.769999980926514,6.78000020980835,6.769999980926514,6.769999980926514,140100
2026-05-20 18:30:00+00:00,MGLU3.SA,6.769999980926514,6.789999961853027,6.769999980926514,6.78000020980835,133300
2026-05-20 18:35:00+00:00,MGLU3.SA,6.78000020980835,6.789999961853027,6.769999980926514,6.769999980926514,243400
2026-05-20 18:40:00+00:00,MGLU3.SA,6.78000020980835,6.800000190734863,6.75,6.760000228881836,289200
2026-05-20 18:45:00+00:00,MGLU3.SA,6.760000228881836,6.78000020980835,6.75,6.769999980926514,68300
2026-05-20 18:50:00+00:00,MGLU3.SA,6.769999980926514,6.789999961853027,6.760000228881836,6.78000020980835,97600
2026-05-20 18:55:00+00:00,MGLU3.SA,6.78000020980835,6.800000190734863,6.78000020980835,6.78000020980835,96500
2026-05-20 19:00:00+00:00,MGLU3.SA,6.789999961853027,6.789999961853027,6.769999980926514,6.769999980926514,73400
2026-05-20 19:05:00+00:00,MGLU3.SA,6.769999980926514,6.789999961853027,6.769999980926514,6.78000020980835,115600
2026-05-20 19:10:00+00:00,MGLU3.SA,6.78000020980835,6.789999961853027,6.78000020980835,6.78000020980835,90500
2026-05-20 19:15:00+00:00,MGLU3.SA,6.78000020980835,6.789999961853027,6.78000020980835,6.78000020980835,89700
2026-05-20 19:20:00+00:00,MGLU3.SA,6.78000020980835,6.789999961853027,6.760000228881836,6.760000228881836,153700
2026-05-20 19:25:00+00:00,MGLU3.SA,6.760000228881836,6.769999980926514,6.75,6.760000228881836,149100
2026-05-20 19:30:00+00:00,MGLU3.SA,6.760000228881836,6.769999980926514,6.75,6.769999980926514,198800
2026-05-20 19:35:00+00:00,MGLU3.SA,6.769999980926514,6.78000020980835,6.75,6.75,217500
2026-05-20 19:40:00+00:00,MGLU3.SA,6.760000228881836,6.769999980926514,6.75,6.75,256800
2026-05-20 19:45:00+00:00,MGLU3.SA,6.75,6.769999980926514,6.739999771118164,6.75,199100
2026-05-20 19:50:00+00:00,MGLU3.SA,6.75,6.769999980926514,6.739999771118164,6.75,243600
2026-05-21 13:00:00+00:00,MGLU3.SA,6.659999847412109,6.659999847412109,6.619999885559082,6.639999866485596,0
2026-05-21 13:05:00+00:00,MGLU3.SA,6.639999866485596,6.650000095367432,6.570000171661377,6.579999923706055,973000
2026-05-21 13:10:00+00:00,MGLU3.SA,6.579999923706055,6.599999904632568,6.579999923706055,6.590000152587891,438200
2026-05-21 13:15:00+00:00,MGLU3.SA,6.590000152587891,6.590000152587891,6.53000020980835,6.539999961853027,487900
2026-05-21 13:20:00+00:00,MGLU3.SA,6.539999961853027,6.559999942779541,6.519999980926514,6.550000190734863,179100
2026-05-21 13:25:00+00:00,MGLU3.SA,6.550000190734863,6.559999942779541,6.510000228881836,6.519999980926514,313400
2026-05-21 13:30:00+00:00,MGLU3.SA,6.519999980926514,6.53000020980835,6.480000019073486,6.489999771118164,750200
2026-05-21 13:35:00+00:00,MGLU3.SA,6.489999771118164,6.5,6.46999979019165,6.489999771118164,263500
2026-05-21 13:40:00+00:00,MGLU3.SA,6.480000019073486,6.519999980926514,6.480000019073486,6.510000228881836,195900
2026-05-21 13:45:00+00:00,MGLU3.SA,6.510000228881836,6.53000020980835,6.5,6.5,201300
2026-05-21 13:50:00+00:00,MGLU3.SA,6.5,6.550000190734863,6.5,6.550000190734863,310500
2026-05-21 13:55:00+00:00,MGLU3.SA,6.539999961853027,6.550000190734863,6.519999980926514,6.519999980926514,229700
2026-05-21 14:00:00+00:00,MGLU3.SA,6.53000020980835,6.539999961853027,6.5,6.519999980926514,192300
2026-05-21 14:05:00+00:00,MGLU3.SA,6.53000020980835,6.53000020980835,6.5,6.519999980926514,178000
2026-05-21 14:10:00+00:00,MGLU3.SA,6.53000020980835,6.539999961853027,6.519999980926514,6.53000020980835,129600
2026-05-21 14:15:00+00:00,MGLU3.SA,6.539999961853027,6.539999961853027,6.510000228881836,6.519999980926514,72400
2026-05-21 14:20:00+00:00,MGLU3.SA,6.510000228881836,6.53000020980835,6.5,6.53000020980835,122000
2026-05-21 14:25:00+00:00,MGLU3.SA,6.53000020980835,6.539999961853027,6.519999980926514,6.53000020980835,133200
2026-05-21 14:30:00+00:00,MGLU3.SA,6.53000020980835,6.550000190734863,6.519999980926514,6.53000020980835,114000
2026-05-21 14:35:00+00:00,MGLU3.SA,6.53000020980835,6.539999961853027,6.519999980926514,6.519999980926514,108300
2026-05-21 14:40:00+00:00,MGLU3.SA,6.53000020980835,6.53000020980835,6.510000228881836,6.510000228881836,101800
2026-05-21 14:45:00+00:00,MGLU3.SA,6.510000228881836,6.539999961853027,6.510000228881836,6.53000020980835,128600
2026-05-21 14:50:00+00:00,MGLU3.SA,6.519999980926514,6.550000190734863,6.519999980926514,6.550000190734863,119800
2026-05-21 14:55:00+00:00,MGLU3.SA,6.550000190734863,6.550000190734863,6.539999961853027,6.550000190734863,18800
2026-05-21 15:00:00+00:00,MGLU3.SA,6.539999961853027,6.550000190734863,6.53000020980835,6.539999961853027,58500
2026-05-21 15:05:00+00:00,MGLU3.SA,6.550000190734863,6.550000190734863,6.53000020980835,6.539999961853027,103600
2026-05-21 15:10:00+00:00,MGLU3.SA,6.53000020980835,6.559999942779541,6.53000020980835,6.559999942779541,106800
2026-05-21 15:15:00+00:00,MGLU3.SA,6.559999942779541,6.559999942779541,6.550000190734863,6.550000190734863,67000
2026-05-21 15:20:00+00:00,MGLU3.SA,6.550000190734863,6.559999942779541,6.539999961853027,6.550000190734863,11500
2026-05-21 15:25:00+00:00,MGLU3.SA,6.550000190734863,6.550000190734863,6.53000020980835,6.539999961853027,67000
2026-05-21 15:30:00+00:00,MGLU3.SA,6.550000190734863,6.579999923706055,6.53000020980835,6.53000020980835,371900
2026-05-21 15:35:00+00:00,MGLU3.SA,6.539999961853027,6.550000190734863,6.53000020980835,6.539999961853027,25800
2026-05-21 15:40:00+00:00,MGLU3.SA,6.539999961853027,6.550000190734863,6.539999961853027,6.539999961853027,5100
2026-05-21 15:45:00+00:00,MGLU3.SA,6.539999961853027,6.559999942779541,6.539999961853027,6.550000190734863,55700
2026-05-21 15:50:00+00:00,MGLU3.SA,6.559999942779541,6.579999923706055,6.550000190734863,6.570000171661377,211300
2026-05-21 15:55:00+00:00,MGLU3.SA,6.579999923706055,6.590000152587891,6.570000171661377,6.590000152587891,117100
2026-05-21 16:00:00+00:00,MGLU3.SA,6.590000152587891,6.679999828338623,6.579999923706055,6.650000095367432,1049200
2026-05-21 16:05:00+00:00,MGLU3.SA,6.659999847412109,6.670000076293945,6.639999866485596,6.670000076293945,211200
2026-05-21 16:10:00+00:00,MGLU3.SA,6.670000076293945,6.670000076293945,6.639999866485596,6.639999866485596,126700
2026-05-21 16:15:00+00:00,MGLU3.SA,6.639999866485596,6.659999847412109,6.630000114440918,6.659999847412109,96900
2026-05-21 16:20:00+00:00,MGLU3.SA,6.659999847412109,6.670000076293945,6.639999866485596,6.650000095367432,96100
2026-05-21 16:25:00+00:00,MGLU3.SA,6.650000095367432,6.650000095367432,6.630000114440918,6.630000114440918,100500
2026-05-21 16:30:00+00:00,MGLU3.SA,6.630000114440918,6.650000095367432,6.630000114440918,6.630000114440918,107700
2026-05-21 16:35:00+00:00,MGLU3.SA,6.619999885559082,6.630000114440918,6.610000133514404,6.619999885559082,169300
2026-05-21 16:40:00+00:00,MGLU3.SA,6.630000114440918,6.630000114440918,6.610000133514404,6.610000133514404,21000
2026-05-21 16:45:00+00:00,MGLU3.SA,6.610000133514404,6.619999885559082,6.579999923706055,6.579999923706055,114600
2026-05-21 16:50:00+00:00,MGLU3.SA,6.579999923706055,6.610000133514404,6.579999923706055,6.610000133514404,144700
2026-05-21 16:55:00+00:00,MGLU3.SA,6.599999904632568,6.619999885559082,6.599999904632568,6.610000133514404,54300
2026-05-21 17:00:00+00:00,MGLU3.SA,6.610000133514404,6.619999885559082,6.610000133514404,6.610000133514404,48800
2026-05-21 17:05:00+00:00,MGLU3.SA,6.619999885559082,6.619999885559082,6.599999904632568,6.610000133514404,32700
2026-05-21 17:10:00+00:00,MGLU3.SA,6.610000133514404,6.679999828338623,6.610000133514404,6.659999847412109,319400
2026-05-21 17:15:00+00:00,MGLU3.SA,6.670000076293945,6.760000228881836,6.670000076293945,6.739999771118164,1197100
2026-05-21 17:20:00+00:00,MGLU3.SA,6.739999771118164,6.769999980926514,6.710000038146973,6.710000038146973,282000
2026-05-21 17:25:00+00:00,MGLU3.SA,6.730000019073486,6.730000019073486,6.690000057220459,6.690000057220459,359400
2026-05-21 17:30:00+00:00,MGLU3.SA,6.690000057220459,6.71999979019165,6.690000057220459,6.699999809265137,162200
2026-05-21 17:35:00+00:00,MGLU3.SA,6.710000038146973,6.71999979019165,6.699999809265137,6.710000038146973,73500
2026-05-21 17:40:00+00:00,MGLU3.SA,6.71999979019165,6.71999979019165,6.710000038146973,6.71999979019165,96800
2026-05-21 17:45:00+00:00,MGLU3.SA,6.71999979019165,6.75,6.699999809265137,6.75,492100
2026-05-21 17:50:00+00:00,MGLU3.SA,6.75,6.760000228881836,6.730000019073486,6.75,184300
2026-05-21 17:55:00+00:00,MGLU3.SA,6.75,6.78000020980835,6.75,6.760000228881836,302800
2026-05-21 18:00:00+00:00,MGLU3.SA,6.760000228881836,6.78000020980835,6.739999771118164,6.75,142600
2026-05-21 18:05:00+00:00,MGLU3.SA,6.75,6.78000020980835,6.75,6.769999980926514,141200
2026-05-21 18:10:00+00:00,MGLU3.SA,6.760000228881836,6.769999980926514,6.75,6.760000228881836,171700
2026-05-21 18:15:00+00:00,MGLU3.SA,6.760000228881836,6.78000020980835,6.760000228881836,6.78000020980835,168900
2026-05-21 18:20:00+00:00,MGLU3.SA,6.769999980926514,6.78000020980835,6.760000228881836,6.78000020980835,207300
2026-05-21 18:25:00+00:00,MGLU3.SA,6.78000020980835,6.789999961853027,6.769999980926514,6.78000020980835,77900
2026-05-21 18:30:00+00:00,MGLU3.SA,6.78000020980835,6.789999961853027,6.760000228881836,6.78000020980835,79300
2026-05-21 18:35:00+00:00,MGLU3.SA,6.78000020980835,6.78000020980835,6.75,6.760000228881836,88600
2026-05-21 18:40:00+00:00,MGLU3.SA,6.760000228881836,6.760000228881836,6.75,6.760000228881836,11500
2026-05-21 18:45:00+00:00,MGLU3.SA,6.760000228881836,6.760000228881836,6.710000038146973,6.710000038146973,410200
2026-05-21 18:50:00+00:00,MGLU3.SA,6.710000038146973,6.760000228881836,6.710000038146973,6.710000038146973,247800
2026-05-21 18:55:00+00:00,MGLU3.SA,6.710000038146973,6.71999979019165,6.699999809265137,6.71999979019165,183400
2026-05-21 19:00:00+00:00,MGLU3.SA,6.710000038146973,6.730000019073486,6.710000038146973,6.730000019073486,75900
2026-05-21 19:05:00+00:00,MGLU3.SA,6.71999979019165,6.730000019073486,6.710000038146973,6.730000019073486,65600
2026-05-21 19:10:00+00:00,MGLU3.SA,6.71999979019165,6.739999771118164,6.71999979019165,6.730000019073486,89000
2026-05-21 19:15:00+00:00,MGLU3.SA,6.739999771118164,6.739999771118164,6.710000038146973,6.710000038146973,63700
2026-05-21 19:20:00+00:00,MGLU3.SA,6.710000038146973,6.739999771118164,6.710000038146973,6.739999771118164,116000
2026-05-21 19:25:00+00:00,MGLU3.SA,6.730000019073486,6.75,6.71999979019165,6.739999771118164,207300
2026-05-21 19:30:00+00:00,MGLU3.SA,6.75,6.760000228881836,6.739999771118164,6.75,127800
2026-05-21 19:35:00+00:00,MGLU3.SA,6.75,6.760000228881836,6.739999771118164,6.760000228881836,127300
2026-05-21 19:40:00+00:00,MGLU3.SA,6.760000228881836,6.760000228881836,6.739999771118164,6.75,81200
2026-05-21 19:45:00+00:00,MGLU3.SA,6.760000228881836,6.78000020980835,6.75,6.78000020980835,492000
2026-05-21 19:50:00+00:00,MGLU3.SA,6.78000020980835,6.789999961853027,6.75,6.760000228881836,319700
2026-05-22 13:05:00+00:00,MGLU3.SA,6.699999809265137,6.760000228881836,6.670000076293945,6.760000228881836,210600
2026-05-22 13:10:00+00:00,MGLU3.SA,6.769999980926514,6.78000020980835,6.739999771118164,6.760000228881836,170700
2026-05-22 13:15:00+00:00,MGLU3.SA,6.760000228881836,6.760000228881836,6.730000019073486,6.760000228881836,133600
2026-05-22 13:20:00+00:00,MGLU3.SA,6.760000228881836,6.789999961853027,6.760000228881836,6.769999980926514,235400
2026-05-22 13:25:00+00:00,MGLU3.SA,6.769999980926514,6.789999961853027,6.760000228881836,6.769999980926514,307300
2026-05-22 13:30:00+00:00,MGLU3.SA,6.760000228881836,6.78000020980835,6.75,6.75,163900
2026-05-22 13:35:00+00:00,MGLU3.SA,6.75,6.809999942779541,6.75,6.800000190734863,374300
2026-05-22 13:40:00+00:00,MGLU3.SA,6.809999942779541,6.880000114440918,6.78000020980835,6.789999961853027,936700
2026-05-22 13:45:00+00:00,MGLU3.SA,6.78000020980835,6.820000171661377,6.78000020980835,6.789999961853027,213700
2026-05-22 13:50:00+00:00,MGLU3.SA,6.78000020980835,6.809999942779541,6.769999980926514,6.789999961853027,254600
2026-05-22 13:55:00+00:00,MGLU3.SA,6.789999961853027,6.800000190734863,6.75,6.760000228881836,350300
2026-05-22 14:00:00+00:00,MGLU3.SA,6.760000228881836,6.769999980926514,6.710000038146973,6.730000019073486,366300
2026-05-22 14:05:00+00:00,MGLU3.SA,6.730000019073486,6.739999771118164,6.71999979019165,6.730000019073486,126400
2026-05-22 14:10:00+00:00,MGLU3.SA,6.730000019073486,6.730000019073486,6.670000076293945,6.690000057220459,458900
2026-05-22 14:15:00+00:00,MGLU3.SA,6.679999828338623,6.690000057220459,6.659999847412109,6.670000076293945,259400
2026-05-22 14:20:00+00:00,MGLU3.SA,6.659999847412109,6.679999828338623,6.650000095367432,6.670000076293945,268100
2026-05-22 14:25:00+00:00,MGLU3.SA,6.659999847412109,6.670000076293945,6.639999866485596,6.650000095367432,278000
2026-05-22 14:30:00+00:00,MGLU3.SA,6.639999866485596,6.659999847412109,6.630000114440918,6.659999847412109,251200
2026-05-22 14:35:00+00:00,MGLU3.SA,6.650000095367432,6.690000057220459,6.639999866485596,6.679999828338623,252000
2026-05-22 14:40:00+00:00,MGLU3.SA,6.679999828338623,6.690000057220459,6.670000076293945,6.670000076293945,67400
2026-05-22 14:45:00+00:00,MGLU3.SA,6.670000076293945,6.679999828338623,6.659999847412109,6.670000076293945,58100
2026-05-22 14:50:00+00:00,MGLU3.SA,6.670000076293945,6.679999828338623,6.650000095367432,6.650000095367432,79000
2026-05-22 14:55:00+00:00,MGLU3.SA,6.650000095367432,6.659999847412109,6.639999866485596,6.639999866485596,187800
2026-05-22 15:00:00+00:00,MGLU3.SA,6.639999866485596,6.659999847412109,6.630000114440918,6.650000095367432,115200
2026-05-22 15:05:00+00:00,MGLU3.SA,6.650000095367432,6.659999847412109,6.639999866485596,6.639999866485596,65500
2026-05-22 15:10:00+00:00,MGLU3.SA,6.639999866485596,6.650000095367432,6.630000114440918,6.630000114440918,84400
2026-05-22 15:15:00+00:00,MGLU3.SA,6.630000114440918,6.679999828338623,6.630000114440918,6.670000076293945,95100
2026-05-22 15:20:00+00:00,MGLU3.SA,6.670000076293945,6.679999828338623,6.659999847412109,6.670000076293945,152400
2026-05-22 15:25:00+00:00,MGLU3.SA,6.670000076293945,6.71999979019165,6.670000076293945,6.710000038146973,380300
2026-05-22 15:30:00+00:00,MGLU3.SA,6.710000038146973,6.710000038146973,6.679999828338623,6.679999828338623,105800
2026-05-22 15:35:00+00:00,MGLU3.SA,6.679999828338623,6.690000057220459,6.659999847412109,6.659999847412109,73100
2026-05-22 15:40:00+00:00,MGLU3.SA,6.659999847412109,6.679999828338623,6.659999847412109,6.670000076293945,47300
2026-05-22 15:45:00+00:00,MGLU3.SA,6.670000076293945,6.690000057220459,6.670000076293945,6.670000076293945,34200
2026-05-22 15:50:00+00:00,MGLU3.SA,6.670000076293945,6.690000057220459,6.670000076293945,6.670000076293945,13000
2026-05-22 15:55:00+00:00,MGLU3.SA,6.670000076293945,6.679999828338623,6.659999847412109,6.670000076293945,42900
2026-05-22 16:00:00+00:00,MGLU3.SA,6.670000076293945,6.699999809265137,6.670000076293945,6.679999828338623,35800
2026-05-22 16:05:00+00:00,MGLU3.SA,6.679999828338623,6.690000057220459,6.679999828338623,6.690000057220459,3800
2026-05-22 16:10:00+00:00,MGLU3.SA,6.690000057220459,6.690000057220459,6.690000057220459,6.690000057220459,42300
2026-05-22 16:15:00+00:00,MGLU3.SA,6.690000057220459,6.690000057220459,6.679999828338623,6.690000057220459,31400
2026-05-22 16:20:00+00:00,MGLU3.SA,6.679999828338623,6.699999809265137,6.650000095367432,6.679999828338623,249400
2026-05-22 16:25:00+00:00,MGLU3.SA,6.679999828338623,6.679999828338623,6.670000076293945,6.670000076293945,25600
2026-05-22 16:30:00+00:00,MGLU3.SA,6.679999828338623,6.690000057220459,6.659999847412109,6.659999847412109,36700
2026-05-22 16:35:00+00:00,MGLU3.SA,6.670000076293945,6.670000076293945,6.659999847412109,6.659999847412109,61400
2026-05-22 16:40:00+00:00,MGLU3.SA,6.659999847412109,6.679999828338623,6.659999847412109,6.670000076293945,4300
2026-05-22 16:45:00+00:00,MGLU3.SA,6.670000076293945,6.679999828338623,6.670000076293945,6.670000076293945,47200
2026-05-22 16:50:00+00:00,MGLU3.SA,6.679999828338623,6.679999828338623,6.670000076293945,6.670000076293945,11800
2026-05-22 16:55:00+00:00,MGLU3.SA,6.679999828338623,6.679999828338623,6.670000076293945,6.679999828338623,19800
2026-05-22 17:00:00+00:00,MGLU3.SA,6.679999828338623,6.679999828338623,6.670000076293945,6.679999828338623,8100
2026-05-22 17:05:00+00:00,MGLU3.SA,6.679999828338623,6.679999828338623,6.670000076293945,6.670000076293945,28100
2026-05-22 17:10:00+00:00,MGLU3.SA,6.679999828338623,6.690000057220459,6.679999828338623,6.679999828338623,51600
2026-05-22 17:15:00+00:00,MGLU3.SA,6.690000057220459,6.690000057220459,6.659999847412109,6.659999847412109,136400
2026-05-22 17:20:00+00:00,MGLU3.SA,6.659999847412109,6.679999828338623,6.659999847412109,6.679999828338623,46000
2026-05-22 17:25:00+00:00,MGLU3.SA,6.679999828338623,6.71999979019165,6.670000076293945,6.71999979019165,217400
2026-05-22 17:30:00+00:00,MGLU3.SA,6.71999979019165,6.730000019073486,6.699999809265137,6.710000038146973,434200
2026-05-22 17:35:00+00:00,MGLU3.SA,6.710000038146973,6.71999979019165,6.699999809265137,6.699999809265137,35300
2026-05-22 17:40:00+00:00,MGLU3.SA,6.699999809265137,6.710000038146973,6.699999809265137,6.699999809265137,16400
2026-05-22 17:45:00+00:00,MGLU3.SA,6.699999809265137,6.699999809265137,6.690000057220459,6.690000057220459,31600
2026-05-22 17:50:00+00:00,MGLU3.SA,6.690000057220459,6.699999809265137,6.679999828338623,6.679999828338623,107100
2026-05-22 17:55:00+00:00,MGLU3.SA,6.679999828338623,6.690000057220459,6.679999828338623,6.690000057220459,29400
2026-05-22 18:00:00+00:00,MGLU3.SA,6.690000057220459,6.699999809265137,6.670000076293945,6.679999828338623,34000
2026-05-22 18:05:00+00:00,MGLU3.SA,6.670000076293945,6.690000057220459,6.670000076293945,6.670000076293945,73300
2026-05-22 18:10:00+00:00,MGLU3.SA,6.659999847412109,6.670000076293945,6.650000095367432,6.659999847412109,120500
2026-05-22 18:15:00+00:00,MGLU3.SA,6.650000095367432,6.679999828338623,6.650000095367432,6.670000076293945,27800
2026-05-22 18:20:00+00:00,MGLU3.SA,6.659999847412109,6.670000076293945,6.659999847412109,6.659999847412109,20600
2026-05-22 18:25:00+00:00,MGLU3.SA,6.659999847412109,6.670000076293945,6.650000095367432,6.650000095367432,111500
2026-05-22 18:30:00+00:00,MGLU3.SA,6.650000095367432,6.659999847412109,6.639999866485596,6.639999866485596,152900
2026-05-22 18:35:00+00:00,MGLU3.SA,6.639999866485596,6.650000095367432,6.630000114440918,6.639999866485596,187100
2026-05-22 18:40:00+00:00,MGLU3.SA,6.639999866485596,6.650000095367432,6.630000114440918,6.639999866485596,68500
2026-05-22 18:45:00+00:00,MGLU3.SA,6.639999866485596,6.659999847412109,6.639999866485596,6.650000095367432,98500
2026-05-22 18:50:00+00:00,MGLU3.SA,6.650000095367432,6.659999847412109,6.639999866485596,6.650000095367432,52300
2026-05-22 18:55:00+00:00,MGLU3.SA,6.650000095367432,6.659999847412109,6.650000095367432,6.650000095367432,93600
2026-05-22 19:00:00+00:00,MGLU3.SA,6.650000095367432,6.659999847412109,6.630000114440918,6.630000114440918,203400
2026-05-22 19:05:00+00:00,MGLU3.SA,6.630000114440918,6.639999866485596,6.610000133514404,6.619999885559082,253600
2026-05-22 19:10:00+00:00,MGLU3.SA,6.619999885559082,6.630000114440918,6.619999885559082,6.619999885559082,27300
2026-05-22 19:15:00+00:00,MGLU3.SA,6.630000114440918,6.630000114440918,6.619999885559082,6.630000114440918,25000
2026-05-22 19:20:00+00:00,MGLU3.SA,6.630000114440918,6.650000095367432,6.619999885559082,6.639999866485596,90000
2026-05-22 19:25:00+00:00,MGLU3.SA,6.639999866485596,6.650000095367432,6.630000114440918,6.639999866485596,47300
2026-05-22 19:30:00+00:00,MGLU3.SA,6.639999866485596,6.650000095367432,6.630000114440918,6.630000114440918,158800
2026-05-22 19:35:00+00:00,MGLU3.SA,6.639999866485596,6.650000095367432,6.630000114440918,6.639999866485596,263500
2026-05-22 19:40:00+00:00,MGLU3.SA,6.630000114440918,6.639999866485596,6.630000114440918,6.630000114440918,216400
2026-05-22 19:45:00+00:00,MGLU3.SA,6.630000114440918,6.650000095367432,6.619999885559082,6.650000095367432,879300
2026-05-22 19:50:00+00:00,MGLU3.SA,6.650000095367432,6.650000095367432,6.630000114440918,6.639999866485596,238100
2026-05-25 13:05:00+00:00,MGLU3.SA,6.739999771118164,6.78000020980835,6.739999771118164,6.78000020980835,0
2026-05-25 13:10:00+00:00,MGLU3.SA,6.78000020980835,6.829999923706055,6.760000228881836,6.789999961853027,704400
2026-05-25 13:15:00+00:00,MGLU3.SA,6.789999961853027,6.829999923706055,6.760000228881836,6.760000228881836,296200
2026-05-25 13:20:00+00:00,MGLU3.SA,6.769999980926514,6.809999942779541,6.769999980926514,6.789999961853027,219700
2026-05-25 13:25:00+00:00,MGLU3.SA,6.800000190734863,6.800000190734863,6.769999980926514,6.789999961853027,65100
2026-05-25 13:30:00+00:00,MGLU3.SA,6.800000190734863,6.809999942779541,6.78000020980835,6.800000190734863,229600
2026-05-25 13:35:00+00:00,MGLU3.SA,6.800000190734863,6.829999923706055,6.800000190734863,6.820000171661377,370200
2026-05-25 13:40:00+00:00,MGLU3.SA,6.809999942779541,6.820000171661377,6.78000020980835,6.789999961853027,82800
2026-05-25 13:45:00+00:00,MGLU3.SA,6.789999961853027,6.789999961853027,6.75,6.760000228881836,197600
2026-05-25 13:50:00+00:00,MGLU3.SA,6.760000228881836,6.760000228881836,6.739999771118164,6.75,136700
2026-05-25 13:55:00+00:00,MGLU3.SA,6.75,6.75,6.730000019073486,6.75,99400
2026-05-25 14:00:00+00:00,MGLU3.SA,6.75,6.760000228881836,6.710000038146973,6.71999979019165,351300
2026-05-25 14:05:00+00:00,MGLU3.SA,6.71999979019165,6.730000019073486,6.699999809265137,6.730000019073486,137300
2026-05-25 14:10:00+00:00,MGLU3.SA,6.730000019073486,6.739999771118164,6.710000038146973,6.739999771118164,187500
2026-05-25 14:15:00+00:00,MGLU3.SA,6.739999771118164,6.739999771118164,6.710000038146973,6.730000019073486,73900
2026-05-25 14:20:00+00:00,MGLU3.SA,6.730000019073486,6.730000019073486,6.710000038146973,6.71999979019165,92100
2026-05-25 14:25:00+00:00,MGLU3.SA,6.710000038146973,6.710000038146973,6.699999809265137,6.699999809265137,60200
2026-05-25 14:30:00+00:00,MGLU3.SA,6.699999809265137,6.71999979019165,6.699999809265137,6.699999809265137,95000
2026-05-25 14:35:00+00:00,MGLU3.SA,6.710000038146973,6.71999979019165,6.699999809265137,6.71999979019165,48900
2026-05-25 14:40:00+00:00,MGLU3.SA,6.71999979019165,6.71999979019165,6.679999828338623,6.679999828338623,326700
2026-05-25 14:45:00+00:00,MGLU3.SA,6.679999828338623,6.690000057220459,6.679999828338623,6.690000057220459,35900
2026-05-25 14:50:00+00:00,MGLU3.SA,6.690000057220459,6.690000057220459,6.670000076293945,6.679999828338623,84800
2026-05-25 14:55:00+00:00,MGLU3.SA,6.690000057220459,6.699999809265137,6.690000057220459,6.699999809265137,49300
2026-05-25 15:00:00+00:00,MGLU3.SA,6.690000057220459,6.699999809265137,6.679999828338623,6.699999809265137,65400
2026-05-25 15:05:00+00:00,MGLU3.SA,6.699999809265137,6.699999809265137,6.679999828338623,6.699999809265137,36400
2026-05-25 15:10:00+00:00,MGLU3.SA,6.699999809265137,6.730000019073486,6.699999809265137,6.710000038146973,170500
2026-05-25 15:15:00+00:00,MGLU3.SA,6.71999979019165,6.71999979019165,6.710000038146973,6.71999979019165,25800
2026-05-25 15:20:00+00:00,MGLU3.SA,6.71999979019165,6.71999979019165,6.699999809265137,6.710000038146973,22000
2026-05-25 15:25:00+00:00,MGLU3.SA,6.710000038146973,6.71999979019165,6.710000038146973,6.71999979019165,4400
2026-05-25 15:30:00+00:00,MGLU3.SA,6.71999979019165,6.739999771118164,6.710000038146973,6.730000019073486,146700
2026-05-25 15:35:00+00:00,MGLU3.SA,6.730000019073486,6.739999771118164,6.730000019073486,6.739999771118164,47200
2026-05-25 15:40:00+00:00,MGLU3.SA,6.730000019073486,6.75,6.730000019073486,6.75,143900
2026-05-25 15:45:00+00:00,MGLU3.SA,6.75,6.769999980926514,6.75,6.760000228881836,180000
2026-05-25 15:50:00+00:00,MGLU3.SA,6.75,6.769999980926514,6.739999771118164,6.75,117700
2026-05-25 15:55:00+00:00,MGLU3.SA,6.760000228881836,6.760000228881836,6.739999771118164,6.75,27800
2026-05-25 16:00:00+00:00,MGLU3.SA,6.75,6.760000228881836,6.739999771118164,6.739999771118164,62500
2026-05-25 16:05:00+00:00,MGLU3.SA,6.739999771118164,6.75,6.730000019073486,6.739999771118164,77900
2026-05-25 16:10:00+00:00,MGLU3.SA,6.75,6.760000228881836,6.730000019073486,6.75,143100
2026-05-25 16:15:00+00:00,MGLU3.SA,6.75,6.75,6.739999771118164,6.75,4700
2026-05-25 16:20:00+00:00,MGLU3.SA,6.75,6.75,6.739999771118164,6.75,20100
2026-05-25 16:25:00+00:00,MGLU3.SA,6.739999771118164,6.75,6.739999771118164,6.739999771118164,34500
2026-05-25 16:30:00+00:00,MGLU3.SA,6.739999771118164,6.739999771118164,6.71999979019165,6.730000019073486,85800
2026-05-25 16:35:00+00:00,MGLU3.SA,6.730000019073486,6.730000019073486,6.71999979019165,6.71999979019165,145300
2026-05-25 16:40:00+00:00,MGLU3.SA,6.730000019073486,6.739999771118164,6.71999979019165,6.730000019073486,68500
2026-05-25 16:45:00+00:00,MGLU3.SA,6.739999771118164,6.75,6.730000019073486,6.739999771118164,98000
2026-05-25 16:50:00+00:00,MGLU3.SA,6.739999771118164,6.75,6.710000038146973,6.71999979019165,169500
2026-05-25 16:55:00+00:00,MGLU3.SA,6.71999979019165,6.71999979019165,6.699999809265137,6.71999979019165,38000
2026-05-25 17:00:00+00:00,MGLU3.SA,6.710000038146973,6.71999979019165,6.699999809265137,6.710000038146973,66700
2026-05-25 17:05:00+00:00,MGLU3.SA,6.710000038146973,6.75,6.699999809265137,6.739999771118164,149400
2026-05-25 17:10:00+00:00,MGLU3.SA,6.739999771118164,6.75,6.739999771118164,6.739999771118164,72900
2026-05-25 17:15:00+00:00,MGLU3.SA,6.75,6.75,6.730000019073486,6.730000019073486,26500
2026-05-25 17:20:00+00:00,MGLU3.SA,6.730000019073486,6.75,6.730000019073486,6.75,28800
2026-05-25 17:25:00+00:00,MGLU3.SA,6.739999771118164,6.75,6.739999771118164,6.75,25400
2026-05-25 17:30:00+00:00,MGLU3.SA,6.75,6.789999961853027,6.739999771118164,6.78000020980835,327900
2026-05-25 17:35:00+00:00,MGLU3.SA,6.769999980926514,6.78000020980835,6.75,6.760000228881836,201100
2026-05-25 17:40:00+00:00,MGLU3.SA,6.760000228881836,6.769999980926514,6.75,6.75,9600
2026-05-25 17:45:00+00:00,MGLU3.SA,6.760000228881836,6.78000020980835,6.75,6.769999980926514,64000
2026-05-25 17:50:00+00:00,MGLU3.SA,6.760000228881836,6.760000228881836,6.75,6.75,69700
2026-05-25 17:55:00+00:00,MGLU3.SA,6.75,6.760000228881836,6.75,6.760000228881836,17200
2026-05-25 18:00:00+00:00,MGLU3.SA,6.75,6.760000228881836,6.739999771118164,6.739999771118164,21900
2026-05-25 18:05:00+00:00,MGLU3.SA,6.739999771118164,6.75,6.730000019073486,6.739999771118164,58300
2026-05-25 18:10:00+00:00,MGLU3.SA,6.739999771118164,6.75,6.739999771118164,6.75,5300
2026-05-25 18:15:00+00:00,MGLU3.SA,6.739999771118164,6.75,6.739999771118164,6.739999771118164,29500
2026-05-25 18:20:00+00:00,MGLU3.SA,6.75,6.760000228881836,6.739999771118164,6.75,51900
2026-05-25 18:25:00+00:00,MGLU3.SA,6.760000228881836,6.760000228881836,6.75,6.75,28500
2026-05-25 18:30:00+00:00,MGLU3.SA,6.75,6.760000228881836,6.739999771118164,6.75,54500
2026-05-25 18:35:00+00:00,MGLU3.SA,6.739999771118164,6.75,6.739999771118164,6.739999771118164,15300
2026-05-25 18:40:00+00:00,MGLU3.SA,6.75,6.75,6.739999771118164,6.739999771118164,21200
2026-05-25 18:45:00+00:00,MGLU3.SA,6.739999771118164,6.75,6.739999771118164,6.739999771118164,53500
2026-05-25 18:50:00+00:00,MGLU3.SA,6.739999771118164,6.760000228881836,6.739999771118164,6.75,162700
2026-05-25 18:55:00+00:00,MGLU3.SA,6.75,6.760000228881836,6.75,6.75,74700
2026-05-25 19:00:00+00:00,MGLU3.SA,6.760000228881836,6.760000228881836,6.739999771118164,6.75,100000
2026-05-25 19:05:00+00:00,MGLU3.SA,6.75,6.75,6.730000019073486,6.739999771118164,17800
2026-05-25 19:10:00+00:00,MGLU3.SA,6.739999771118164,6.739999771118164,6.71999979019165,6.730000019073486,35700
2026-05-25 19:15:00+00:00,MGLU3.SA,6.730000019073486,6.730000019073486,6.710000038146973,6.730000019073486,209100
2026-05-25 19:20:00+00:00,MGLU3.SA,6.730000019073486,6.75,6.730000019073486,6.75,146800
2026-05-25 19:25:00+00:00,MGLU3.SA,6.75,6.760000228881836,6.730000019073486,6.760000228881836,104600
2026-05-25 19:30:00+00:00,MGLU3.SA,6.760000228881836,6.760000228881836,6.739999771118164,6.75,115100
2026-05-25 19:35:00+00:00,MGLU3.SA,6.75,6.78000020980835,6.730000019073486,6.760000228881836,512500
2026-05-25 19:40:00+00:00,MGLU3.SA,6.78000020980835,6.78000020980835,6.760000228881836,6.769999980926514,93500
2026-05-25 19:45:00+00:00,MGLU3.SA,6.78000020980835,6.789999961853027,6.769999980926514,6.769999980926514,256100
2026-05-25 19:50:00+00:00,MGLU3.SA,6.78000020980835,6.789999961853027,6.760000228881836,6.78000020980835,197500
2026-05-26 13:00:00+00:00,MGLU3.SA,6.769999980926514,6.78000020980835,6.71999979019165,6.730000019073486,0
2026-05-26 13:05:00+00:00,MGLU3.SA,6.730000019073486,6.730000019073486,6.630000114440918,6.659999847412109,820800
2026-05-26 13:10:00+00:00,MGLU3.SA,6.639999866485596,6.690000057220459,6.610000133514404,6.690000057220459,453300
2026-05-26 13:15:00+00:00,MGLU3.SA,6.679999828338623,6.699999809265137,6.659999847412109,6.670000076293945,316600
2026-05-26 13:20:00+00:00,MGLU3.SA,6.670000076293945,6.710000038146973,6.659999847412109,6.710000038146973,121200
2026-05-26 13:25:00+00:00,MGLU3.SA,6.699999809265137,6.71999979019165,6.690000057220459,6.699999809265137,186000
2026-05-26 13:30:00+00:00,MGLU3.SA,6.690000057220459,6.710000038146973,6.670000076293945,6.699999809265137,299400
2026-05-26 13:35:00+00:00,MGLU3.SA,6.710000038146973,6.739999771118164,6.699999809265137,6.71999979019165,193100
2026-05-26 13:40:00+00:00,MGLU3.SA,6.71999979019165,6.71999979019165,6.690000057220459,6.690000057220459,33500
2026-05-26 13:45:00+00:00,MGLU3.SA,6.690000057220459,6.699999809265137,6.670000076293945,6.679999828338623,189400
2026-05-26 13:50:00+00:00,MGLU3.SA,6.670000076293945,6.679999828338623,6.619999885559082,6.619999885559082,442100
2026-05-26 13:55:00+00:00,MGLU3.SA,6.619999885559082,6.639999866485596,6.619999885559082,6.630000114440918,239000
2026-05-26 14:00:00+00:00,MGLU3.SA,6.630000114440918,6.630000114440918,6.590000152587891,6.610000133514404,333000
2026-05-26 14:05:00+00:00,MGLU3.SA,6.610000133514404,6.630000114440918,6.599999904632568,6.630000114440918,107200
2026-05-26 14:10:00+00:00,MGLU3.SA,6.630000114440918,6.630000114440918,6.610000133514404,6.619999885559082,59800
2026-05-26 14:15:00+00:00,MGLU3.SA,6.619999885559082,6.639999866485596,6.619999885559082,6.630000114440918,122900
2026-05-26 14:20:00+00:00,MGLU3.SA,6.630000114440918,6.630000114440918,6.610000133514404,6.610000133514404,36100
2026-05-26 14:25:00+00:00,MGLU3.SA,6.619999885559082,6.630000114440918,6.610000133514404,6.619999885559082,58500
2026-05-26 14:30:00+00:00,MGLU3.SA,6.610000133514404,6.619999885559082,6.590000152587891,6.599999904632568,202500
2026-05-26 14:35:00+00:00,MGLU3.SA,6.599999904632568,6.599999904632568,6.570000171661377,6.599999904632568,296100
2026-05-26 14:40:00+00:00,MGLU3.SA,6.599999904632568,6.639999866485596,6.599999904632568,6.630000114440918,173500
2026-05-26 14:45:00+00:00,MGLU3.SA,6.630000114440918,6.650000095367432,6.630000114440918,6.650000095367432,73900
2026-05-26 14:50:00+00:00,MGLU3.SA,6.639999866485596,6.639999866485596,6.610000133514404,6.619999885559082,79600
2026-05-26 14:55:00+00:00,MGLU3.SA,6.610000133514404,6.630000114440918,6.610000133514404,6.619999885559082,19800
2026-05-26 15:00:00+00:00,MGLU3.SA,6.619999885559082,6.619999885559082,6.610000133514404,6.619999885559082,40300
2026-05-26 15:05:00+00:00,MGLU3.SA,6.610000133514404,6.619999885559082,6.599999904632568,6.619999885559082,55000
2026-05-26 15:10:00+00:00,MGLU3.SA,6.610000133514404,6.610000133514404,6.599999904632568,6.610000133514404,40500
2026-05-26 15:15:00+00:00,MGLU3.SA,6.610000133514404,6.610000133514404,6.590000152587891,6.599999904632568,111000
2026-05-26 15:20:00+00:00,MGLU3.SA,6.599999904632568,6.599999904632568,6.579999923706055,6.590000152587891,103300
2026-05-26 15:25:00+00:00,MGLU3.SA,6.590000152587891,6.599999904632568,6.579999923706055,6.590000152587891,55300
2026-05-26 15:30:00+00:00,MGLU3.SA,6.590000152587891,6.599999904632568,6.590000152587891,6.590000152587891,39600
2026-05-26 15:35:00+00:00,MGLU3.SA,6.590000152587891,6.590000152587891,6.579999923706055,6.590000152587891,43500
2026-05-26 15:40:00+00:00,MGLU3.SA,6.590000152587891,6.610000133514404,6.590000152587891,6.610000133514404,34500
2026-05-26 15:45:00+00:00,MGLU3.SA,6.599999904632568,6.610000133514404,6.599999904632568,6.599999904632568,4100
2026-05-26 15:50:00+00:00,MGLU3.SA,6.599999904632568,6.610000133514404,6.599999904632568,6.599999904632568,32200
2026-05-26 15:55:00+00:00,MGLU3.SA,6.599999904632568,6.599999904632568,6.590000152587891,6.590000152587891,79700
2026-05-26 16:00:00+00:00,MGLU3.SA,6.590000152587891,6.599999904632568,6.579999923706055,6.599999904632568,59900
2026-05-26 16:05:00+00:00,MGLU3.SA,6.599999904632568,6.599999904632568,6.579999923706055,6.590000152587891,41900
2026-05-26 16:10:00+00:00,MGLU3.SA,6.599999904632568,6.599999904632568,6.590000152587891,6.590000152587891,50300
2026-05-26 16:15:00+00:00,MGLU3.SA,6.590000152587891,6.590000152587891,6.579999923706055,6.590000152587891,38100
2026-05-26 16:20:00+00:00,MGLU3.SA,6.590000152587891,6.599999904632568,6.579999923706055,6.590000152587891,36200
2026-05-26 16:25:00+00:00,MGLU3.SA,6.590000152587891,6.590000152587891,6.579999923706055,6.590000152587891,21500
2026-05-26 16:30:00+00:00,MGLU3.SA,6.590000152587891,6.590000152587891,6.570000171661377,6.570000171661377,113000
2026-05-26 16:35:00+00:00,MGLU3.SA,6.570000171661377,6.570000171661377,6.550000190734863,6.559999942779541,211300
2026-05-26 16:40:00+00:00,MGLU3.SA,6.570000171661377,6.570000171661377,6.550000190734863,6.570000171661377,71400
2026-05-26 16:45:00+00:00,MGLU3.SA,6.579999923706055,6.579999923706055,6.570000171661377,6.570000171661377,66200
2026-05-26 16:50:00+00:00,MGLU3.SA,6.570000171661377,6.579999923706055,6.570000171661377,6.579999923706055,18000
2026-05-26 16:55:00+00:00,MGLU3.SA,6.579999923706055,6.590000152587891,6.570000171661377,6.570000171661377,67200
2026-05-26 17:00:00+00:00,MGLU3.SA,6.570000171661377,6.579999923706055,6.559999942779541,6.559999942779541,83300
2026-05-26 17:05:00+00:00,MGLU3.SA,6.570000171661377,6.579999923706055,6.559999942779541,6.570000171661377,17700
2026-05-26 17:10:00+00:00,MGLU3.SA,6.579999923706055,6.579999923706055,6.559999942779541,6.570000171661377,32600
2026-05-26 17:15:00+00:00,MGLU3.SA,6.570000171661377,6.579999923706055,6.570000171661377,6.570000171661377,10500
2026-05-26 17:20:00+00:00,MGLU3.SA,6.570000171661377,6.579999923706055,6.559999942779541,6.570000171661377,43600
2026-05-26 17:25:00+00:00,MGLU3.SA,6.570000171661377,6.590000152587891,6.570000171661377,6.579999923706055,48300
2026-05-26 17:30:00+00:00,MGLU3.SA,6.590000152587891,6.590000152587891,6.579999923706055,6.579999923706055,104800
2026-05-26 17:35:00+00:00,MGLU3.SA,6.579999923706055,6.599999904632568,6.579999923706055,6.599999904632568,76400
2026-05-26 17:40:00+00:00,MGLU3.SA,6.599999904632568,6.599999904632568,6.590000152587891,6.590000152587891,18200
2026-05-26 17:45:00+00:00,MGLU3.SA,6.590000152587891,6.599999904632568,6.579999923706055,6.590000152587891,35400
2026-05-26 17:50:00+00:00,MGLU3.SA,6.590000152587891,6.610000133514404,6.590000152587891,6.599999904632568,123700
2026-05-26 17:55:00+00:00,MGLU3.SA,6.599999904632568,6.610000133514404,6.590000152587891,6.590000152587891,40000
2026-05-26 18:00:00+00:00,MGLU3.SA,6.590000152587891,6.599999904632568,6.579999923706055,6.579999923706055,30000
2026-05-26 18:05:00+00:00,MGLU3.SA,6.579999923706055,6.599999904632568,6.579999923706055,6.590000152587891,51600
2026-05-26 18:10:00+00:00,MGLU3.SA,6.599999904632568,6.610000133514404,6.590000152587891,6.590000152587891,28000
2026-05-26 18:15:00+00:00,MGLU3.SA,6.599999904632568,6.599999904632568,6.579999923706055,6.590000152587891,34100
2026-05-26 18:20:00+00:00,MGLU3.SA,6.579999923706055,6.590000152587891,6.579999923706055,6.579999923706055,14900
2026-05-26 18:25:00+00:00,MGLU3.SA,6.579999923706055,6.590000152587891,6.570000171661377,6.570000171661377,41600
2026-05-26 18:30:00+00:00,MGLU3.SA,6.579999923706055,6.590000152587891,6.579999923706055,6.590000152587891,93100
2026-05-26 18:35:00+00:00,MGLU3.SA,6.579999923706055,6.590000152587891,6.570000171661377,6.590000152587891,120000
2026-05-26 18:40:00+00:00,MGLU3.SA,6.590000152587891,6.590000152587891,6.579999923706055,6.579999923706055,55500
2026-05-26 18:45:00+00:00,MGLU3.SA,6.579999923706055,6.590000152587891,6.579999923706055,6.590000152587891,20400
2026-05-26 18:50:00+00:00,MGLU3.SA,6.590000152587891,6.590000152587891,6.579999923706055,6.579999923706055,19500
2026-05-26 18:55:00+00:00,MGLU3.SA,6.579999923706055,6.590000152587891,6.579999923706055,6.579999923706055,9600
2026-05-26 19:00:00+00:00,MGLU3.SA,6.579999923706055,6.619999885559082,6.579999923706055,6.610000133514404,171700
2026-05-26 19:05:00+00:00,MGLU3.SA,6.610000133514404,6.650000095367432,6.610000133514404,6.650000095367432,524200
2026-05-26 19:10:00+00:00,MGLU3.SA,6.650000095367432,6.679999828338623,6.639999866485596,6.650000095367432,510800
2026-05-26 19:15:00+00:00,MGLU3.SA,6.650000095367432,6.650000095367432,6.630000114440918,6.639999866485596,102000
2026-05-26 19:20:00+00:00,MGLU3.SA,6.639999866485596,6.650000095367432,6.630000114440918,6.639999866485596,54700
2026-05-26 19:25:00+00:00,MGLU3.SA,6.639999866485596,6.650000095367432,6.639999866485596,6.639999866485596,24900
2026-05-26 19:30:00+00:00,MGLU3.SA,6.650000095367432,6.650000095367432,6.639999866485596,6.650000095367432,169100
2026-05-26 19:35:00+00:00,MGLU3.SA,6.650000095367432,6.690000057220459,6.650000095367432,6.650000095367432,407500
2026-05-26 19:40:00+00:00,MGLU3.SA,6.650000095367432,6.659999847412109,6.630000114440918,6.639999866485596,109400
2026-05-26 19:45:00+00:00,MGLU3.SA,6.639999866485596,6.650000095367432,6.630000114440918,6.639999866485596,151300
2026-05-26 19:50:00+00:00,MGLU3.SA,6.650000095367432,6.659999847412109,6.630000114440918,6.639999866485596,234000
2026-05-27 13:00:00+00:00,MGLU3.SA,6.739999771118164,6.809999942779541,6.739999771118164,6.769999980926514,0
2026-05-27 13:05:00+00:00,MGLU3.SA,6.78000020980835,6.809999942779541,6.75,6.78000020980835,585300
2026-05-27 13:10:00+00:00,MGLU3.SA,6.78000020980835,6.829999923706055,6.769999980926514,6.78000020980835,355400
2026-05-27 13:15:00+00:00,MGLU3.SA,6.78000020980835,6.78000020980835,6.760000228881836,6.769999980926514,183300
2026-05-27 13:20:00+00:00,MGLU3.SA,6.760000228881836,6.769999980926514,6.730000019073486,6.739999771118164,275000
2026-05-27 13:25:00+00:00,MGLU3.SA,6.739999771118164,6.75,6.71999979019165,6.730000019073486,281600
2026-05-27 13:30:00+00:00,MGLU3.SA,6.75,6.820000171661377,6.75,6.800000190734863,545200
2026-05-27 13:35:00+00:00,MGLU3.SA,6.789999961853027,6.829999923706055,6.789999961853027,6.800000190734863,624700
2026-05-27 13:40:00+00:00,MGLU3.SA,6.800000190734863,6.820000171661377,6.789999961853027,6.800000190734863,252200
2026-05-27 13:45:00+00:00,MGLU3.SA,6.800000190734863,6.809999942779541,6.789999961853027,6.800000190734863,116500
2026-05-27 13:50:00+00:00,MGLU3.SA,6.800000190734863,6.809999942779541,6.769999980926514,6.789999961853027,221500
2026-05-27 13:55:00+00:00,MGLU3.SA,6.789999961853027,6.789999961853027,6.760000228881836,6.78000020980835,147200
2026-05-27 14:00:00+00:00,MGLU3.SA,6.78000020980835,6.78000020980835,6.739999771118164,6.78000020980835,245000
2026-05-27 14:05:00+00:00,MGLU3.SA,6.78000020980835,6.820000171661377,6.760000228881836,6.820000171661377,682500
2026-05-27 14:10:00+00:00,MGLU3.SA,6.820000171661377,6.820000171661377,6.760000228881836,6.769999980926514,264200
2026-05-27 14:15:00+00:00,MGLU3.SA,6.769999980926514,6.800000190734863,6.769999980926514,6.789999961853027,35700
2026-05-27 14:20:00+00:00,MGLU3.SA,6.789999961853027,6.800000190734863,6.769999980926514,6.789999961853027,113700
2026-05-27 14:25:00+00:00,MGLU3.SA,6.789999961853027,6.789999961853027,6.769999980926514,6.789999961853027,121000
2026-05-27 14:30:00+00:00,MGLU3.SA,6.789999961853027,6.789999961853027,6.75,6.769999980926514,269000
2026-05-27 14:35:00+00:00,MGLU3.SA,6.769999980926514,6.789999961853027,6.760000228881836,6.769999980926514,80000
2026-05-27 14:40:00+00:00,MGLU3.SA,6.769999980926514,6.769999980926514,6.75,6.769999980926514,108100
2026-05-27 14:45:00+00:00,MGLU3.SA,6.769999980926514,6.789999961853027,6.769999980926514,6.769999980926514,183500
2026-05-27 14:50:00+00:00,MGLU3.SA,6.769999980926514,6.78000020980835,6.760000228881836,6.78000020980835,77600
2026-05-27 14:55:00+00:00,MGLU3.SA,6.769999980926514,6.78000020980835,6.760000228881836,6.78000020980835,99700
2026-05-27 15:00:00+00:00,MGLU3.SA,6.78000020980835,6.78000020980835,6.760000228881836,6.769999980926514,112900
2026-05-27 15:05:00+00:00,MGLU3.SA,6.769999980926514,6.78000020980835,6.760000228881836,6.78000020980835,167900
2026-05-27 15:10:00+00:00,MGLU3.SA,6.769999980926514,6.78000020980835,6.760000228881836,6.769999980926514,88100
2026-05-27 15:15:00+00:00,MGLU3.SA,6.760000228881836,6.769999980926514,6.75,6.760000228881836,173800
2026-05-27 15:20:00+00:00,MGLU3.SA,6.769999980926514,6.769999980926514,6.75,6.760000228881836,24600
2026-05-27 15:25:00+00:00,MGLU3.SA,6.760000228881836,6.769999980926514,6.760000228881836,6.769999980926514,4400
2026-05-27 15:30:00+00:00,MGLU3.SA,6.769999980926514,6.789999961853027,6.769999980926514,6.78000020980835,195100
2026-05-27 15:35:00+00:00,MGLU3.SA,6.78000020980835,6.78000020980835,6.760000228881836,6.769999980926514,54500
2026-05-27 15:40:00+00:00,MGLU3.SA,6.760000228881836,6.769999980926514,6.75,6.760000228881836,50600
2026-05-27 15:45:00+00:00,MGLU3.SA,6.75,6.769999980926514,6.75,6.760000228881836,30700
2026-05-27 15:50:00+00:00,MGLU3.SA,6.760000228881836,6.760000228881836,6.730000019073486,6.739999771118164,243900
2026-05-27 15:55:00+00:00,MGLU3.SA,6.739999771118164,6.769999980926514,6.739999771118164,6.760000228881836,18200
2026-05-27 16:00:00+00:00,MGLU3.SA,6.760000228881836,6.769999980926514,6.739999771118164,6.739999771118164,37000
2026-05-27 16:05:00+00:00,MGLU3.SA,6.739999771118164,6.75,6.730000019073486,6.739999771118164,272300
2026-05-27 16:10:00+00:00,MGLU3.SA,6.739999771118164,6.75,6.730000019073486,6.75,28800
2026-05-27 16:15:00+00:00,MGLU3.SA,6.75,6.75,6.730000019073486,6.75,52200
2026-05-27 16:20:00+00:00,MGLU3.SA,6.75,6.75,6.739999771118164,6.75,12400
2026-05-27 16:25:00+00:00,MGLU3.SA,6.739999771118164,6.760000228881836,6.739999771118164,6.75,21500
2026-05-27 16:30:00+00:00,MGLU3.SA,6.760000228881836,6.760000228881836,6.739999771118164,6.75,28800
2026-05-27 16:35:00+00:00,MGLU3.SA,6.75,6.75,6.739999771118164,6.75,30100
2026-05-27 16:40:00+00:00,MGLU3.SA,6.75,6.760000228881836,6.739999771118164,6.760000228881836,24600
2026-05-27 16:45:00+00:00,MGLU3.SA,6.760000228881836,6.760000228881836,6.75,6.760000228881836,14200
2026-05-27 16:50:00+00:00,MGLU3.SA,6.75,6.760000228881836,6.739999771118164,6.739999771118164,33600
2026-05-27 16:55:00+00:00,MGLU3.SA,6.75,6.75,6.739999771118164,6.739999771118164,14300
2026-05-27 17:00:00+00:00,MGLU3.SA,6.75,6.75,6.71999979019165,6.730000019073486,174300
2026-05-27 17:05:00+00:00,MGLU3.SA,6.730000019073486,6.730000019073486,6.71999979019165,6.71999979019165,114400
2026-05-27 17:10:00+00:00,MGLU3.SA,6.710000038146973,6.730000019073486,6.710000038146973,6.71999979019165,68900
2026-05-27 17:15:00+00:00,MGLU3.SA,6.730000019073486,6.739999771118164,6.71999979019165,6.71999979019165,44000
2026-05-27 17:20:00+00:00,MGLU3.SA,6.730000019073486,6.739999771118164,6.71999979019165,6.71999979019165,19600
2026-05-27 17:25:00+00:00,MGLU3.SA,6.730000019073486,6.730000019073486,6.710000038146973,6.71999979019165,120000
2026-05-27 17:30:00+00:00,MGLU3.SA,6.730000019073486,6.739999771118164,6.71999979019165,6.739999771118164,90000
2026-05-27 17:35:00+00:00,MGLU3.SA,6.730000019073486,6.75,6.730000019073486,6.730000019073486,118400
2026-05-27 17:40:00+00:00,MGLU3.SA,6.730000019073486,6.760000228881836,6.730000019073486,6.75,108800
2026-05-27 17:45:00+00:00,MGLU3.SA,6.760000228881836,6.760000228881836,6.739999771118164,6.75,64300
2026-05-27 17:50:00+00:00,MGLU3.SA,6.760000228881836,6.760000228881836,6.75,6.760000228881836,54900
2026-05-27 17:55:00+00:00,MGLU3.SA,6.75,6.760000228881836,6.75,6.760000228881836,11100
2026-05-27 18:00:00+00:00,MGLU3.SA,6.760000228881836,6.760000228881836,6.730000019073486,6.75,17200
2026-05-27 18:05:00+00:00,MGLU3.SA,6.739999771118164,6.75,6.730000019073486,6.739999771118164,33200
2026-05-27 18:10:00+00:00,MGLU3.SA,6.739999771118164,6.75,6.739999771118164,6.75,40700
2026-05-27 18:15:00+00:00,MGLU3.SA,6.739999771118164,6.75,6.739999771118164,6.75,6600
2026-05-27 18:20:00+00:00,MGLU3.SA,6.739999771118164,6.760000228881836,6.739999771118164,6.739999771118164,44200
2026-05-27 18:25:00+00:00,MGLU3.SA,6.75,6.75,6.739999771118164,6.739999771118164,11100
2026-05-27 18:30:00+00:00,MGLU3.SA,6.75,6.75,6.739999771118164,6.75,10800
2026-05-27 18:35:00+00:00,MGLU3.SA,6.739999771118164,6.75,6.730000019073486,6.739999771118164,53600
2026-05-27 18:40:00+00:00,MGLU3.SA,6.739999771118164,6.739999771118164,6.71999979019165,6.730000019073486,60900
2026-05-27 18:45:00+00:00,MGLU3.SA,6.71999979019165,6.71999979019165,6.670000076293945,6.670000076293945,407800
2026-05-27 18:50:00+00:00,MGLU3.SA,6.679999828338623,6.679999828338623,6.650000095367432,6.650000095367432,231300
2026-05-27 18:55:00+00:00,MGLU3.SA,6.650000095367432,6.690000057220459,6.650000095367432,6.670000076293945,134800
2026-05-27 19:00:00+00:00,MGLU3.SA,6.670000076293945,6.679999828338623,6.659999847412109,6.659999847412109,48000
2026-05-27 19:05:00+00:00,MGLU3.SA,6.670000076293945,6.670000076293945,6.650000095367432,6.650000095367432,71600
2026-05-27 19:10:00+00:00,MGLU3.SA,6.659999847412109,6.670000076293945,6.639999866485596,6.659999847412109,173300
2026-05-27 19:15:00+00:00,MGLU3.SA,6.650000095367432,6.659999847412109,6.639999866485596,6.650000095367432,21900
2026-05-27 19:20:00+00:00,MGLU3.SA,6.639999866485596,6.670000076293945,6.639999866485596,6.650000095367432,200200
2026-05-27 19:25:00+00:00,MGLU3.SA,6.650000095367432,6.650000095367432,6.639999866485596,6.650000095367432,95500
2026-05-27 19:30:00+00:00,MGLU3.SA,6.650000095367432,6.650000095367432,6.639999866485596,6.639999866485596,0
2026-05-27 19:35:00+00:00,MGLU3.SA,6.639999866485596,6.650000095367432,6.619999885559082,6.639999866485596,331300
2026-05-27 19:40:00+00:00,MGLU3.SA,6.630000114440918,6.639999866485596,6.619999885559082,6.619999885559082,177100
2026-05-27 19:45:00+00:00,MGLU3.SA,6.619999885559082,6.650000095367432,6.619999885559082,6.639999866485596,245200
2026-05-27 19:50:00+00:00,MGLU3.SA,6.650000095367432,6.650000095367432,6.590000152587891,6.619999885559082,363800
2026-05-28 13:00:00+00:00,MGLU3.SA,6.650000095367432,6.679999828338623,6.630000114440918,6.650000095367432,0
2026-05-28 13:05:00+00:00,MGLU3.SA,6.650000095367432,6.659999847412109,6.590000152587891,6.630000114440918,781000
2026-05-28 13:10:00+00:00,MGLU3.SA,6.630000114440918,6.639999866485596,6.619999885559082,6.639999866485596,199800
2026-05-28 13:15:00+00:00,MGLU3.SA,6.639999866485596,6.639999866485596,6.599999904632568,6.619999885559082,177200
2026-05-28 13:20:00+00:00,MGLU3.SA,6.619999885559082,6.619999885559082,6.570000171661377,6.579999923706055,279000
2026-05-28 13:25:00+00:00,MGLU3.SA,6.570000171661377,6.639999866485596,6.570000171661377,6.610000133514404,334200
2026-05-28 13:30:00+00:00,MGLU3.SA,6.599999904632568,6.610000133514404,6.539999961853027,6.550000190734863,368000
2026-05-28 13:35:00+00:00,MGLU3.SA,6.550000190734863,6.570000171661377,6.519999980926514,6.559999942779541,393000
2026-05-28 13:40:00+00:00,MGLU3.SA,6.550000190734863,6.590000152587891,6.550000190734863,6.579999923706055,88600
2026-05-28 13:45:00+00:00,MGLU3.SA,6.590000152587891,6.650000095367432,6.590000152587891,6.639999866485596,458000
2026-05-28 13:50:00+00:00,MGLU3.SA,6.639999866485596,6.659999847412109,6.630000114440918,6.650000095367432,421200
2026-05-28 13:55:00+00:00,MGLU3.SA,6.650000095367432,6.650000095367432,6.610000133514404,6.630000114440918,72200
2026-05-28 14:00:00+00:00,MGLU3.SA,6.630000114440918,6.630000114440918,6.599999904632568,6.610000133514404,102200
2026-05-28 14:05:00+00:00,MGLU3.SA,6.599999904632568,6.619999885559082,6.590000152587891,6.610000133514404,198700
2026-05-28 14:10:00+00:00,MGLU3.SA,6.610000133514404,6.710000038146973,6.599999904632568,6.679999828338623,922900
2026-05-28 14:15:00+00:00,MGLU3.SA,6.679999828338623,6.690000057220459,6.630000114440918,6.639999866485596,248400
2026-05-28 14:20:00+00:00,MGLU3.SA,6.639999866485596,6.639999866485596,6.610000133514404,6.630000114440918,102700
2026-05-28 14:25:00+00:00,MGLU3.SA,6.630000114440918,6.639999866485596,6.619999885559082,6.630000114440918,92100
2026-05-28 14:30:00+00:00,MGLU3.SA,6.630000114440918,6.639999866485596,6.619999885559082,6.630000114440918,56400
2026-05-28 14:35:00+00:00,MGLU3.SA,6.630000114440918,6.630000114440918,6.610000133514404,6.619999885559082,203100
2026-05-28 14:40:00+00:00,MGLU3.SA,6.630000114440918,6.639999866485596,6.619999885559082,6.619999885559082,30400
2026-05-28 14:45:00+00:00,MGLU3.SA,6.630000114440918,6.639999866485596,6.610000133514404,6.619999885559082,144600
2026-05-28 14:50:00+00:00,MGLU3.SA,6.619999885559082,6.630000114440918,6.610000133514404,6.610000133514404,53600
2026-05-28 14:55:00+00:00,MGLU3.SA,6.619999885559082,6.619999885559082,6.590000152587891,6.599999904632568,123200
2026-05-28 15:00:00+00:00,MGLU3.SA,6.610000133514404,6.610000133514404,6.590000152587891,6.590000152587891,52900
2026-05-28 15:05:00+00:00,MGLU3.SA,6.599999904632568,6.599999904632568,6.579999923706055,6.590000152587891,116100
2026-05-28 15:10:00+00:00,MGLU3.SA,6.579999923706055,6.590000152587891,6.559999942779541,6.570000171661377,245400
2026-05-28 15:15:00+00:00,MGLU3.SA,6.570000171661377,6.570000171661377,6.550000190734863,6.550000190734863,73600
2026-05-28 15:20:00+00:00,MGLU3.SA,6.550000190734863,6.579999923706055,6.550000190734863,6.579999923706055,53300
2026-05-28 15:25:00+00:00,MGLU3.SA,6.579999923706055,6.579999923706055,6.550000190734863,6.559999942779541,189100
2026-05-28 15:30:00+00:00,MGLU3.SA,6.559999942779541,6.570000171661377,6.550000190734863,6.559999942779541,143800
2026-05-28 15:35:00+00:00,MGLU3.SA,6.570000171661377,6.579999923706055,6.559999942779541,6.570000171661377,62700
2026-05-28 15:40:00+00:00,MGLU3.SA,6.579999923706055,6.590000152587891,6.570000171661377,6.590000152587891,54900
2026-05-28 15:45:00+00:00,MGLU3.SA,6.590000152587891,6.590000152587891,6.570000171661377,6.579999923706055,78300
2026-05-28 15:50:00+00:00,MGLU3.SA,6.579999923706055,6.579999923706055,6.559999942779541,6.570000171661377,207800
2026-05-28 15:55:00+00:00,MGLU3.SA,6.570000171661377,6.570000171661377,6.539999961853027,6.550000190734863,142600
2026-05-28 16:00:00+00:00,MGLU3.SA,6.539999961853027,6.550000190734863,6.53000020980835,6.539999961853027,132900
2026-05-28 16:05:00+00:00,MGLU3.SA,6.539999961853027,6.559999942779541,6.539999961853027,6.559999942779541,66200
2026-05-28 16:10:00+00:00,MGLU3.SA,6.559999942779541,6.559999942779541,6.550000190734863,6.559999942779541,13400
2026-05-28 16:15:00+00:00,MGLU3.SA,6.559999942779541,6.570000171661377,6.550000190734863,6.559999942779541,56500
2026-05-28 16:20:00+00:00,MGLU3.SA,6.559999942779541,6.570000171661377,6.559999942779541,6.559999942779541,25100
2026-05-28 16:25:00+00:00,MGLU3.SA,6.570000171661377,6.570000171661377,6.53000020980835,6.53000020980835,272200
2026-05-28 16:30:00+00:00,MGLU3.SA,6.53000020980835,6.539999961853027,6.53000020980835,6.53000020980835,21700
2026-05-28 16:35:00+00:00,MGLU3.SA,6.539999961853027,6.539999961853027,6.53000020980835,6.53000020980835,34400
2026-05-28 16:40:00+00:00,MGLU3.SA,6.53000020980835,6.539999961853027,6.53000020980835,6.539999961853027,71200
2026-05-28 16:45:00+00:00,MGLU3.SA,6.53000020980835,6.539999961853027,6.53000020980835,6.53000020980835,62600
2026-05-28 16:50:00+00:00,MGLU3.SA,6.539999961853027,6.539999961853027,6.519999980926514,6.53000020980835,47700
2026-05-28 16:55:00+00:00,MGLU3.SA,6.53000020980835,6.539999961853027,6.53000020980835,6.539999961853027,13500
2026-05-28 17:00:00+00:00,MGLU3.SA,6.539999961853027,6.539999961853027,6.519999980926514,6.539999961853027,91000
2026-05-28 17:05:00+00:00,MGLU3.SA,6.53000020980835,6.539999961853027,6.53000020980835,6.53000020980835,28100
2026-05-28 17:10:00+00:00,MGLU3.SA,6.53000020980835,6.53000020980835,6.519999980926514,6.519999980926514,99600
2026-05-28 17:15:00+00:00,MGLU3.SA,6.519999980926514,6.53000020980835,6.519999980926514,6.53000020980835,185100
2026-05-28 17:20:00+00:00,MGLU3.SA,6.53000020980835,6.53000020980835,6.489999771118164,6.5,473200
2026-05-28 17:25:00+00:00,MGLU3.SA,6.489999771118164,6.510000228881836,6.489999771118164,6.510000228881836,109500
2026-05-28 17:30:00+00:00,MGLU3.SA,6.510000228881836,6.53000020980835,6.510000228881836,6.519999980926514,51200
2026-05-28 17:35:00+00:00,MGLU3.SA,6.519999980926514,6.53000020980835,6.510000228881836,6.510000228881836,88500
2026-05-28 17:40:00+00:00,MGLU3.SA,6.510000228881836,6.559999942779541,6.510000228881836,6.550000190734863,671900
2026-05-28 17:45:00+00:00,MGLU3.SA,6.550000190734863,6.570000171661377,6.539999961853027,6.559999942779541,121700
2026-05-28 17:50:00+00:00,MGLU3.SA,6.559999942779541,6.579999923706055,6.559999942779541,6.570000171661377,172700
2026-05-28 17:55:00+00:00,MGLU3.SA,6.570000171661377,6.590000152587891,6.570000171661377,6.570000171661377,136500
2026-05-28 18:00:00+00:00,MGLU3.SA,6.579999923706055,6.579999923706055,6.559999942779541,6.559999942779541,68600
2026-05-28 18:05:00+00:00,MGLU3.SA,6.559999942779541,6.579999923706055,6.559999942779541,6.559999942779541,139600
2026-05-28 18:10:00+00:00,MGLU3.SA,6.559999942779541,6.559999942779541,6.539999961853027,6.559999942779541,104100
2026-05-28 18:15:00+00:00,MGLU3.SA,6.550000190734863,6.559999942779541,6.53000020980835,6.53000020980835,163700
2026-05-28 18:20:00+00:00,MGLU3.SA,6.53000020980835,6.539999961853027,6.519999980926514,6.519999980926514,82900
2026-05-28 18:25:00+00:00,MGLU3.SA,6.519999980926514,6.53000020980835,6.510000228881836,6.510000228881836,134300
2026-05-28 18:30:00+00:00,MGLU3.SA,6.510000228881836,6.519999980926514,6.489999771118164,6.489999771118164,501900
2026-05-28 18:35:00+00:00,MGLU3.SA,6.489999771118164,6.5,6.480000019073486,6.480000019073486,187400
2026-05-28 18:40:00+00:00,MGLU3.SA,6.480000019073486,6.489999771118164,6.46999979019165,6.46999979019165,99900
2026-05-28 18:45:00+00:00,MGLU3.SA,6.46999979019165,6.5,6.46999979019165,6.480000019073486,216400
2026-05-28 18:50:00+00:00,MGLU3.SA,6.480000019073486,6.489999771118164,6.480000019073486,6.489999771118164,72900
2026-05-28 18:55:00+00:00,MGLU3.SA,6.480000019073486,6.489999771118164,6.46999979019165,6.46999979019165,153400
2026-05-28 19:00:00+00:00,MGLU3.SA,6.480000019073486,6.480000019073486,6.449999809265137,6.460000038146973,161800
2026-05-28 19:05:00+00:00,MGLU3.SA,6.460000038146973,6.46999979019165,6.440000057220459,6.449999809265137,394100
2026-05-28 19:10:00+00:00,MGLU3.SA,6.460000038146973,6.460000038146973,6.409999847412109,6.429999828338623,282100
2026-05-28 19:15:00+00:00,MGLU3.SA,6.429999828338623,6.440000057220459,6.420000076293945,6.429999828338623,142200
2026-05-28 19:20:00+00:00,MGLU3.SA,6.440000057220459,6.440000057220459,6.400000095367432,6.400000095367432,491600
2026-05-28 19:25:00+00:00,MGLU3.SA,6.400000095367432,6.409999847412109,6.380000114440918,6.389999866485596,286300
2026-05-28 19:30:00+00:00,MGLU3.SA,6.380000114440918,6.389999866485596,6.360000133514404,6.369999885559082,383700
2026-05-28 19:35:00+00:00,MGLU3.SA,6.380000114440918,6.389999866485596,6.369999885559082,6.389999866485596,352700
2026-05-28 19:40:00+00:00,MGLU3.SA,6.380000114440918,6.400000095367432,6.369999885559082,6.380000114440918,162400
2026-05-28 19:45:00+00:00,MGLU3.SA,6.389999866485596,6.389999866485596,6.369999885559082,6.380000114440918,284900
2026-05-28 19:50:00+00:00,MGLU3.SA,6.380000114440918,6.400000095367432,6.360000133514404,6.389999866485596,694300
2026-05-29 13:00:00+00:00,MGLU3.SA,6.380000114440918,6.429999828338623,6.360000133514404,6.409999847412109,0
2026-05-29 13:05:00+00:00,MGLU3.SA,6.409999847412109,6.420000076293945,6.329999923706055,6.360000133514404,509100
2026-05-29 13:10:00+00:00,MGLU3.SA,6.349999904632568,6.349999904632568,6.309999942779541,6.340000152587891,259300
2026-05-29 13:15:00+00:00,MGLU3.SA,6.340000152587891,6.349999904632568,6.309999942779541,6.309999942779541,141200
2026-05-29 13:20:00+00:00,MGLU3.SA,6.309999942779541,6.309999942779541,6.28000020980835,6.28000020980835,483700
2026-05-29 13:25:00+00:00,MGLU3.SA,6.28000020980835,6.28000020980835,6.260000228881836,6.269999980926514,225300
2026-05-29 13:30:00+00:00,MGLU3.SA,6.269999980926514,6.269999980926514,6.230000019073486,6.25,277500
2026-05-29 13:35:00+00:00,MGLU3.SA,6.25,6.28000020980835,6.25,6.28000020980835,365900
2026-05-29 13:40:00+00:00,MGLU3.SA,6.289999961853027,6.289999961853027,6.260000228881836,6.28000020980835,224300
2026-05-29 13:45:00+00:00,MGLU3.SA,6.28000020980835,6.289999961853027,6.260000228881836,6.260000228881836,170100
2026-05-29 13:50:00+00:00,MGLU3.SA,6.260000228881836,6.269999980926514,6.239999771118164,6.25,175800
2026-05-29 13:55:00+00:00,MGLU3.SA,6.25,6.260000228881836,6.199999809265137,6.21999979019165,436100
2026-05-29 14:00:00+00:00,MGLU3.SA,6.230000019073486,6.239999771118164,6.210000038146973,6.230000019073486,131300
2026-05-29 14:05:00+00:00,MGLU3.SA,6.230000019073486,6.230000019073486,6.190000057220459,6.199999809265137,225000
2026-05-29 14:10:00+00:00,MGLU3.SA,6.199999809265137,6.210000038146973,6.170000076293945,6.179999828338623,246400
2026-05-29 14:15:00+00:00,MGLU3.SA,6.190000057220459,6.210000038146973,6.179999828338623,6.190000057220459,180200
2026-05-29 14:20:00+00:00,MGLU3.SA,6.190000057220459,6.199999809265137,6.170000076293945,6.179999828338623,134200
2026-05-29 14:25:00+00:00,MGLU3.SA,6.190000057220459,6.199999809265137,6.170000076293945,6.190000057220459,120600
2026-05-29 14:30:00+00:00,MGLU3.SA,6.199999809265137,6.21999979019165,6.190000057220459,6.210000038146973,127300
2026-05-29 14:35:00+00:00,MGLU3.SA,6.210000038146973,6.21999979019165,6.130000114440918,6.150000095367432,452200
2026-05-29 14:40:00+00:00,MGLU3.SA,6.150000095367432,6.159999847412109,6.119999885559082,6.119999885559082,421300
2026-05-29 14:45:00+00:00,MGLU3.SA,6.130000114440918,6.130000114440918,6.099999904632568,6.119999885559082,410100
2026-05-29 14:50:00+00:00,MGLU3.SA,6.110000133514404,6.150000095367432,6.090000152587891,6.130000114440918,501200
2026-05-29 14:55:00+00:00,MGLU3.SA,6.130000114440918,6.150000095367432,6.130000114440918,6.130000114440918,178800
2026-05-29 15:00:00+00:00,MGLU3.SA,6.139999866485596,6.150000095367432,6.119999885559082,6.150000095367432,145900
2026-05-29 15:05:00+00:00,MGLU3.SA,6.139999866485596,6.150000095367432,6.130000114440918,6.139999866485596,165400
2026-05-29 15:10:00+00:00,MGLU3.SA,6.139999866485596,6.150000095367432,6.110000133514404,6.119999885559082,224600
2026-05-29 15:15:00+00:00,MGLU3.SA,6.119999885559082,6.119999885559082,6.099999904632568,6.099999904632568,127400
2026-05-29 15:20:00+00:00,MGLU3.SA,6.099999904632568,6.110000133514404,6.090000152587891,6.090000152587891,195600
2026-05-29 15:25:00+00:00,MGLU3.SA,6.099999904632568,6.110000133514404,6.090000152587891,6.090000152587891,99300
2026-05-29 15:30:00+00:00,MGLU3.SA,6.090000152587891,6.139999866485596,6.079999923706055,6.130000114440918,325500
2026-05-29 15:35:00+00:00,MGLU3.SA,6.139999866485596,6.150000095367432,6.130000114440918,6.150000095367432,202000
2026-05-29 15:40:00+00:00,MGLU3.SA,6.150000095367432,6.150000095367432,6.099999904632568,6.110000133514404,180500
2026-05-29 15:45:00+00:00,MGLU3.SA,6.099999904632568,6.110000133514404,6.099999904632568,6.099999904632568,123200
2026-05-29 15:50:00+00:00,MGLU3.SA,6.099999904632568,6.119999885559082,6.090000152587891,6.099999904632568,179500
2026-05-29 15:55:00+00:00,MGLU3.SA,6.099999904632568,6.099999904632568,6.070000171661377,6.079999923706055,352400
2026-05-29 16:00:00+00:00,MGLU3.SA,6.070000171661377,6.079999923706055,6.059999942779541,6.079999923706055,176100
2026-05-29 16:05:00+00:00,MGLU3.SA,6.070000171661377,6.079999923706055,6.059999942779541,6.079999923706055,122600
2026-05-29 16:10:00+00:00,MGLU3.SA,6.070000171661377,6.090000152587891,6.070000171661377,6.070000171661377,61500
2026-05-29 16:15:00+00:00,MGLU3.SA,6.070000171661377,6.079999923706055,6.070000171661377,6.079999923706055,70300
2026-05-29 16:20:00+00:00,MGLU3.SA,6.079999923706055,6.079999923706055,6.059999942779541,6.070000171661377,66900
2026-05-29 16:25:00+00:00,MGLU3.SA,6.070000171661377,6.079999923706055,6.070000171661377,6.070000171661377,50700
2026-05-29 16:30:00+00:00,MGLU3.SA,6.070000171661377,6.079999923706055,6.050000190734863,6.070000171661377,222200
2026-05-29 16:35:00+00:00,MGLU3.SA,6.059999942779541,6.070000171661377,6.050000190734863,6.070000171661377,99200
2026-05-29 16:40:00+00:00,MGLU3.SA,6.059999942779541,6.070000171661377,6.059999942779541,6.059999942779541,22200
2026-05-29 16:45:00+00:00,MGLU3.SA,6.070000171661377,6.070000171661377,6.050000190734863,6.050000190734863,135400
2026-05-29 16:50:00+00:00,MGLU3.SA,6.059999942779541,6.070000171661377,6.050000190734863,6.070000171661377,87400
2026-05-29 16:55:00+00:00,MGLU3.SA,6.070000171661377,6.070000171661377,6.059999942779541,6.059999942779541,69600
2026-05-29 17:00:00+00:00,MGLU3.SA,6.059999942779541,6.070000171661377,6.059999942779541,6.059999942779541,67100
2026-05-29 17:05:00+00:00,MGLU3.SA,6.070000171661377,6.079999923706055,6.059999942779541,6.070000171661377,190800
2026-05-29 17:10:00+00:00,MGLU3.SA,6.059999942779541,6.070000171661377,6.050000190734863,6.050000190734863,133800
2026-05-29 17:15:00+00:00,MGLU3.SA,6.059999942779541,6.059999942779541,6.050000190734863,6.059999942779541,90900
2026-05-29 17:20:00+00:00,MGLU3.SA,6.059999942779541,6.059999942779541,6.03000020980835,6.050000190734863,435300
2026-05-29 17:25:00+00:00,MGLU3.SA,6.039999961853027,6.050000190734863,6.019999980926514,6.03000020980835,409600
2026-05-29 17:30:00+00:00,MGLU3.SA,6.019999980926514,6.03000020980835,6.019999980926514,6.019999980926514,131100
2026-05-29 17:35:00+00:00,MGLU3.SA,6.03000020980835,6.039999961853027,6.019999980926514,6.019999980926514,184800
2026-05-29 17:40:00+00:00,MGLU3.SA,6.03000020980835,6.03000020980835,6.019999980926514,6.019999980926514,46600
2026-05-29 17:45:00+00:00,MGLU3.SA,6.03000020980835,6.050000190734863,6.019999980926514,6.03000020980835,313500
2026-05-29 17:50:00+00:00,MGLU3.SA,6.03000020980835,6.039999961853027,6.010000228881836,6.010000228881836,289400
2026-05-29 17:55:00+00:00,MGLU3.SA,6.010000228881836,6.079999923706055,6.010000228881836,6.070000171661377,766800
2026-05-29 18:00:00+00:00,MGLU3.SA,6.079999923706055,6.119999885559082,6.059999942779541,6.099999904632568,402100
2026-05-29 18:05:00+00:00,MGLU3.SA,6.099999904632568,6.110000133514404,6.090000152587891,6.090000152587891,178400
2026-05-29 18:10:00+00:00,MGLU3.SA,6.090000152587891,6.099999904632568,6.079999923706055,6.079999923706055,49600
2026-05-29 18:15:00+00:00,MGLU3.SA,6.079999923706055,6.119999885559082,6.079999923706055,6.090000152587891,437500
2026-05-29 18:20:00+00:00,MGLU3.SA,6.090000152587891,6.099999904632568,6.090000152587891,6.099999904632568,29500
2026-05-29 18:25:00+00:00,MGLU3.SA,6.090000152587891,6.099999904632568,6.070000171661377,6.070000171661377,108900
2026-05-29 18:30:00+00:00,MGLU3.SA,6.070000171661377,6.090000152587891,6.070000171661377,6.079999923706055,79100
2026-05-29 18:35:00+00:00,MGLU3.SA,6.070000171661377,6.079999923706055,6.059999942779541,6.059999942779541,57400
2026-05-29 18:40:00+00:00,MGLU3.SA,6.059999942779541,6.070000171661377,6.03000020980835,6.03000020980835,375300
2026-05-29 18:45:00+00:00,MGLU3.SA,6.03000020980835,6.039999961853027,6.03000020980835,6.03000020980835,200500
2026-05-29 18:50:00+00:00,MGLU3.SA,6.03000020980835,6.039999961853027,6.03000020980835,6.03000020980835,60800
2026-05-29 18:55:00+00:00,MGLU3.SA,6.039999961853027,6.039999961853027,6.03000020980835,6.03000020980835,142100
2026-05-29 19:00:00+00:00,MGLU3.SA,6.03000020980835,6.039999961853027,6.019999980926514,6.019999980926514,216600
2026-05-29 19:05:00+00:00,MGLU3.SA,6.03000020980835,6.070000171661377,6.019999980926514,6.059999942779541,429800
2026-05-29 19:10:00+00:00,MGLU3.SA,6.059999942779541,6.059999942779541,6.039999961853027,6.050000190734863,181000
2026-05-29 19:15:00+00:00,MGLU3.SA,6.059999942779541,6.059999942779541,6.039999961853027,6.050000190734863,86800
2026-05-29 19:20:00+00:00,MGLU3.SA,6.059999942779541,6.059999942779541,6.039999961853027,6.039999961853027,147900
2026-05-29 19:25:00+00:00,MGLU3.SA,6.050000190734863,6.050000190734863,6.0,6.010000228881836,401500
2026-05-29 19:30:00+00:00,MGLU3.SA,6.010000228881836,6.019999980926514,6.0,6.010000228881836,304500
2026-05-29 19:35:00+00:00,MGLU3.SA,6.0,6.019999980926514,5.989999771118164,6.010000228881836,669100
2026-05-29 19:40:00+00:00,MGLU3.SA,6.010000228881836,6.019999980926514,6.0,6.010000228881836,400100
2026-05-29 19:45:00+00:00,MGLU3.SA,6.019999980926514,6.03000020980835,6.0,6.03000020980835,429400
2026-06-01 13:00:00+00:00,MGLU3.SA,5.980000019073486,6.070000171661377,5.980000019073486,6.059999942779541,0
2026-06-01 13:05:00+00:00,MGLU3.SA,6.059999942779541,6.059999942779541,6.010000228881836,6.059999942779541,586200
2026-06-01 13:10:00+00:00,MGLU3.SA,6.050000190734863,6.059999942779541,5.960000038146973,6.0,558700
2026-06-01 13:15:00+00:00,MGLU3.SA,6.010000228881836,6.010000228881836,5.949999809265137,5.949999809265137,458400
2026-06-01 13:20:00+00:00,MGLU3.SA,5.949999809265137,5.96999979019165,5.940000057220459,5.960000038146973,164200
2026-06-01 13:25:00+00:00,MGLU3.SA,5.949999809265137,5.960000038146973,5.929999828338623,5.940000057220459,209000
2026-06-01 13:30:00+00:00,MGLU3.SA,5.929999828338623,5.949999809265137,5.920000076293945,5.929999828338623,233800
2026-06-01 13:35:00+00:00,MGLU3.SA,5.929999828338623,5.940000057220459,5.869999885559082,5.909999847412109,916800
2026-06-01 13:40:00+00:00,MGLU3.SA,5.920000076293945,5.949999809265137,5.869999885559082,5.929999828338623,608900
2026-06-01 13:45:00+00:00,MGLU3.SA,5.929999828338623,5.929999828338623,5.909999847412109,5.920000076293945,71000
2026-06-01 13:50:00+00:00,MGLU3.SA,5.909999847412109,5.980000019073486,5.909999847412109,5.949999809265137,440100
2026-06-01 13:55:00+00:00,MGLU3.SA,5.940000057220459,5.949999809265137,5.900000095367432,5.909999847412109,239100
2026-06-01 14:00:00+00:00,MGLU3.SA,5.909999847412109,5.909999847412109,5.869999885559082,5.909999847412109,280900
2026-06-01 14:05:00+00:00,MGLU3.SA,5.909999847412109,5.920000076293945,5.889999866485596,5.920000076293945,122000
2026-06-01 14:10:00+00:00,MGLU3.SA,5.909999847412109,5.920000076293945,5.880000114440918,5.909999847412109,217100
2026-06-01 14:15:00+00:00,MGLU3.SA,5.909999847412109,5.929999828338623,5.889999866485596,5.909999847412109,175800
2026-06-01 14:20:00+00:00,MGLU3.SA,5.909999847412109,5.909999847412109,5.849999904632568,5.860000133514404,406100
2026-06-01 14:25:00+00:00,MGLU3.SA,5.860000133514404,5.860000133514404,5.829999923706055,5.849999904632568,282000
2026-06-01 14:30:00+00:00,MGLU3.SA,5.849999904632568,5.869999885559082,5.840000152587891,5.860000133514404,133200
2026-06-01 14:35:00+00:00,MGLU3.SA,5.849999904632568,5.869999885559082,5.849999904632568,5.860000133514404,98800
2026-06-01 14:40:00+00:00,MGLU3.SA,5.860000133514404,5.860000133514404,5.809999942779541,5.809999942779541,252400
2026-06-01 14:45:00+00:00,MGLU3.SA,5.820000171661377,5.829999923706055,5.789999961853027,5.820000171661377,294100
2026-06-01 14:50:00+00:00,MGLU3.SA,5.820000171661377,5.820000171661377,5.800000190734863,5.809999942779541,76100
2026-06-01 14:55:00+00:00,MGLU3.SA,5.800000190734863,5.809999942779541,5.789999961853027,5.809999942779541,111600
2026-06-01 15:00:00+00:00,MGLU3.SA,5.809999942779541,5.869999885559082,5.789999961853027,5.860000133514404,311300
2026-06-01 15:05:00+00:00,MGLU3.SA,5.849999904632568,5.869999885559082,5.849999904632568,5.869999885559082,183500
2026-06-01 15:10:00+00:00,MGLU3.SA,5.869999885559082,5.880000114440918,5.860000133514404,5.869999885559082,125100
2026-06-01 15:15:00+00:00,MGLU3.SA,5.869999885559082,5.889999866485596,5.849999904632568,5.860000133514404,147600
2026-06-01 15:20:00+00:00,MGLU3.SA,5.849999904632568,5.869999885559082,5.849999904632568,5.849999904632568,115500
2026-06-01 15:25:00+00:00,MGLU3.SA,5.849999904632568,5.849999904632568,5.840000152587891,5.849999904632568,38200
2026-06-01 15:30:00+00:00,MGLU3.SA,5.849999904632568,5.869999885559082,5.840000152587891,5.849999904632568,115000
2026-06-01 15:35:00+00:00,MGLU3.SA,5.860000133514404,5.869999885559082,5.840000152587891,5.849999904632568,44700
2026-06-01 15:40:00+00:00,MGLU3.SA,5.860000133514404,5.869999885559082,5.849999904632568,5.869999885559082,15800
2026-06-01 15:45:00+00:00,MGLU3.SA,5.869999885559082,5.869999885559082,5.849999904632568,5.860000133514404,61900
2026-06-01 15:50:00+00:00,MGLU3.SA,5.860000133514404,5.860000133514404,5.840000152587891,5.849999904632568,26900
2026-06-01 15:55:00+00:00,MGLU3.SA,5.849999904632568,5.849999904632568,5.840000152587891,5.849999904632568,17700
2026-06-01 16:00:00+00:00,MGLU3.SA,5.849999904632568,5.869999885559082,5.840000152587891,5.849999904632568,81500
2026-06-01 16:05:00+00:00,MGLU3.SA,5.849999904632568,5.860000133514404,5.840000152587891,5.849999904632568,24800
2026-06-01 16:10:00+00:00,MGLU3.SA,5.849999904632568,5.849999904632568,5.829999923706055,5.840000152587891,168400
2026-06-01 16:15:00+00:00,MGLU3.SA,5.849999904632568,5.849999904632568,5.829999923706055,5.840000152587891,27300
2026-06-01 16:20:00+00:00,MGLU3.SA,5.829999923706055,5.849999904632568,5.829999923706055,5.849999904632568,47900
2026-06-01 16:25:00+00:00,MGLU3.SA,5.840000152587891,5.849999904632568,5.829999923706055,5.829999923706055,40800
2026-06-01 16:30:00+00:00,MGLU3.SA,5.829999923706055,5.840000152587891,5.809999942779541,5.829999923706055,342500
2026-06-01 16:35:00+00:00,MGLU3.SA,5.829999923706055,5.840000152587891,5.829999923706055,5.840000152587891,19700
2026-06-01 16:40:00+00:00,MGLU3.SA,5.840000152587891,5.840000152587891,5.829999923706055,5.840000152587891,33200
2026-06-01 16:45:00+00:00,MGLU3.SA,5.829999923706055,5.849999904632568,5.829999923706055,5.840000152587891,68000
2026-06-01 16:50:00+00:00,MGLU3.SA,5.849999904632568,5.860000133514404,5.840000152587891,5.849999904632568,108200
2026-06-01 16:55:00+00:00,MGLU3.SA,5.860000133514404,5.869999885559082,5.849999904632568,5.860000133514404,202400
2026-06-01 17:00:00+00:00,MGLU3.SA,5.869999885559082,5.869999885559082,5.829999923706055,5.840000152587891,169000
2026-06-01 17:05:00+00:00,MGLU3.SA,5.849999904632568,5.849999904632568,5.800000190734863,5.800000190734863,259800
2026-06-01 17:10:00+00:00,MGLU3.SA,5.800000190734863,5.809999942779541,5.78000020980835,5.78000020980835,435200
2026-06-01 17:15:00+00:00,MGLU3.SA,5.789999961853027,5.789999961853027,5.760000228881836,5.769999980926514,181400
2026-06-01 17:20:00+00:00,MGLU3.SA,5.769999980926514,5.78000020980835,5.760000228881836,5.769999980926514,227900
2026-06-01 17:25:00+00:00,MGLU3.SA,5.760000228881836,5.800000190734863,5.760000228881836,5.789999961853027,182400
2026-06-01 17:30:00+00:00,MGLU3.SA,5.800000190734863,5.820000171661377,5.769999980926514,5.769999980926514,164900
2026-06-01 17:35:00+00:00,MGLU3.SA,5.769999980926514,5.78000020980835,5.760000228881836,5.760000228881836,112500
2026-06-01 17:40:00+00:00,MGLU3.SA,5.769999980926514,5.800000190734863,5.760000228881836,5.800000190734863,274600
2026-06-01 17:45:00+00:00,MGLU3.SA,5.800000190734863,5.800000190734863,5.78000020980835,5.78000020980835,242300
2026-06-01 17:50:00+00:00,MGLU3.SA,5.78000020980835,5.789999961853027,5.769999980926514,5.769999980926514,240100
2026-06-01 17:55:00+00:00,MGLU3.SA,5.769999980926514,5.78000020980835,5.769999980926514,5.769999980926514,67600
2026-06-01 18:00:00+00:00,MGLU3.SA,5.769999980926514,5.78000020980835,5.760000228881836,5.760000228881836,236500
2026-06-01 18:05:00+00:00,MGLU3.SA,5.760000228881836,5.789999961853027,5.760000228881836,5.769999980926514,215800
2026-06-01 18:10:00+00:00,MGLU3.SA,5.769999980926514,5.78000020980835,5.760000228881836,5.760000228881836,243500
2026-06-01 18:15:00+00:00,MGLU3.SA,5.769999980926514,5.78000020980835,5.760000228881836,5.769999980926514,82700
2026-06-01 18:20:00+00:00,MGLU3.SA,5.769999980926514,5.78000020980835,5.760000228881836,5.769999980926514,97800
2026-06-01 18:25:00+00:00,MGLU3.SA,5.769999980926514,5.78000020980835,5.769999980926514,5.769999980926514,33900
2026-06-01 18:30:00+00:00,MGLU3.SA,5.769999980926514,5.820000171661377,5.769999980926514,5.769999980926514,493900
2026-06-01 18:35:00+00:00,MGLU3.SA,5.78000020980835,5.78000020980835,5.769999980926514,5.78000020980835,39000
2026-06-01 18:40:00+00:00,MGLU3.SA,5.769999980926514,5.789999961853027,5.769999980926514,5.769999980926514,337600
2026-06-01 18:45:00+00:00,MGLU3.SA,5.769999980926514,5.809999942779541,5.769999980926514,5.789999961853027,657100
2026-06-01 18:50:00+00:00,MGLU3.SA,5.789999961853027,5.809999942779541,5.789999961853027,5.800000190734863,128300
2026-06-01 18:55:00+00:00,MGLU3.SA,5.800000190734863,5.809999942779541,5.789999961853027,5.800000190734863,89000
2026-06-01 19:00:00+00:00,MGLU3.SA,5.800000190734863,5.809999942779541,5.78000020980835,5.789999961853027,254700
2026-06-01 19:05:00+00:00,MGLU3.SA,5.789999961853027,5.800000190734863,5.769999980926514,5.789999961853027,285300
2026-06-01 19:10:00+00:00,MGLU3.SA,5.789999961853027,5.820000171661377,5.789999961853027,5.809999942779541,372900
2026-06-01 19:15:00+00:00,MGLU3.SA,5.809999942779541,5.820000171661377,5.800000190734863,5.820000171661377,92800
2026-06-01 19:20:00+00:00,MGLU3.SA,5.809999942779541,5.820000171661377,5.800000190734863,5.809999942779541,285800
2026-06-01 19:25:00+00:00,MGLU3.SA,5.800000190734863,5.849999904632568,5.800000190734863,5.820000171661377,540700
2026-06-01 19:30:00+00:00,MGLU3.SA,5.820000171661377,5.869999885559082,5.820000171661377,5.860000133514404,598900
2026-06-01 19:35:00+00:00,MGLU3.SA,5.860000133514404,5.889999866485596,5.829999923706055,5.829999923706055,592500
2026-06-01 19:40:00+00:00,MGLU3.SA,5.829999923706055,5.840000152587891,5.820000171661377,5.820000171661377,158400
2026-06-01 19:45:00+00:00,MGLU3.SA,5.829999923706055,5.840000152587891,5.809999942779541,5.829999923706055,344100
2026-06-01 19:50:00+00:00,MGLU3.SA,5.829999923706055,5.840000152587891,5.820000171661377,5.820000171661377,393000
2026-06-02 13:00:00+00:00,MGLU3.SA,5.849999904632568,5.889999866485596,5.840000152587891,5.869999885559082,0
2026-06-02 13:05:00+00:00,MGLU3.SA,5.869999885559082,5.900000095367432,5.860000133514404,5.860000133514404,769000
2026-06-02 13:10:00+00:00,MGLU3.SA,5.860000133514404,5.889999866485596,5.860000133514404,5.880000114440918,213700
2026-06-02 13:15:00+00:00,MGLU3.SA,5.880000114440918,5.880000114440918,5.849999904632568,5.869999885559082,233500
2026-06-02 13:20:00+00:00,MGLU3.SA,5.860000133514404,5.869999885559082,5.849999904632568,5.860000133514404,63500
2026-06-02 13:25:00+00:00,MGLU3.SA,5.860000133514404,5.900000095367432,5.860000133514404,5.880000114440918,183100
2026-06-02 13:30:00+00:00,MGLU3.SA,5.869999885559082,5.920000076293945,5.869999885559082,5.909999847412109,223300
2026-06-02 13:35:00+00:00,MGLU3.SA,5.909999847412109,5.929999828338623,5.869999885559082,5.880000114440918,202200
2026-06-02 13:40:00+00:00,MGLU3.SA,5.880000114440918,5.900000095367432,5.869999885559082,5.880000114440918,172200
2026-06-02 13:45:00+00:00,MGLU3.SA,5.880000114440918,5.889999866485596,5.869999885559082,5.880000114440918,134300
2026-06-02 13:50:00+00:00,MGLU3.SA,5.869999885559082,5.880000114440918,5.840000152587891,5.849999904632568,270200
2026-06-02 13:55:00+00:00,MGLU3.SA,5.849999904632568,5.849999904632568,5.800000190734863,5.849999904632568,524600
2026-06-02 14:00:00+00:00,MGLU3.SA,5.849999904632568,5.860000133514404,5.789999961853027,5.789999961853027,389900
2026-06-02 14:05:00+00:00,MGLU3.SA,5.800000190734863,5.820000171661377,5.800000190734863,5.809999942779541,91800
2026-06-02 14:10:00+00:00,MGLU3.SA,5.809999942779541,5.849999904632568,5.809999942779541,5.840000152587891,213000
2026-06-02 14:15:00+00:00,MGLU3.SA,5.840000152587891,5.849999904632568,5.820000171661377,5.840000152587891,404600
2026-06-02 14:20:00+00:00,MGLU3.SA,5.840000152587891,5.860000133514404,5.829999923706055,5.849999904632568,246500
2026-06-02 14:25:00+00:00,MGLU3.SA,5.860000133514404,5.869999885559082,5.840000152587891,5.860000133514404,205000
2026-06-02 14:30:00+00:00,MGLU3.SA,5.860000133514404,5.860000133514404,5.829999923706055,5.849999904632568,239800
2026-06-02 14:35:00+00:00,MGLU3.SA,5.840000152587891,5.869999885559082,5.840000152587891,5.849999904632568,79500
2026-06-02 14:40:00+00:00,MGLU3.SA,5.860000133514404,5.880000114440918,5.849999904632568,5.849999904632568,211900
2026-06-02 14:45:00+00:00,MGLU3.SA,5.849999904632568,5.860000133514404,5.840000152587891,5.860000133514404,87900
2026-06-02 14:50:00+00:00,MGLU3.SA,5.860000133514404,5.860000133514404,5.849999904632568,5.849999904632568,32300
2026-06-02 14:55:00+00:00,MGLU3.SA,5.860000133514404,5.860000133514404,5.829999923706055,5.840000152587891,65200
2026-06-02 15:00:00+00:00,MGLU3.SA,5.840000152587891,5.869999885559082,5.809999942779541,5.860000133514404,495200
2026-06-02 15:05:00+00:00,MGLU3.SA,5.849999904632568,5.900000095367432,5.840000152587891,5.860000133514404,506200
2026-06-02 15:10:00+00:00,MGLU3.SA,5.869999885559082,5.880000114440918,5.860000133514404,5.880000114440918,28900
2026-06-02 15:15:00+00:00,MGLU3.SA,5.869999885559082,5.880000114440918,5.860000133514404,5.869999885559082,40400
2026-06-02 15:20:00+00:00,MGLU3.SA,5.869999885559082,5.880000114440918,5.869999885559082,5.869999885559082,82900
2026-06-02 15:25:00+00:00,MGLU3.SA,5.869999885559082,5.880000114440918,5.869999885559082,5.869999885559082,26000
2026-06-02 15:30:00+00:00,MGLU3.SA,5.880000114440918,5.889999866485596,5.860000133514404,5.860000133514404,194200
2026-06-02 15:35:00+00:00,MGLU3.SA,5.860000133514404,5.869999885559082,5.860000133514404,5.860000133514404,37900
2026-06-02 15:40:00+00:00,MGLU3.SA,5.869999885559082,5.869999885559082,5.860000133514404,5.869999885559082,15300
2026-06-02 15:45:00+00:00,MGLU3.SA,5.860000133514404,5.880000114440918,5.860000133514404,5.880000114440918,52100
2026-06-02 15:50:00+00:00,MGLU3.SA,5.880000114440918,5.880000114440918,5.869999885559082,5.880000114440918,151700
2026-06-02 15:55:00+00:00,MGLU3.SA,5.880000114440918,5.900000095367432,5.860000133514404,5.880000114440918,410800
2026-06-02 16:00:00+00:00,MGLU3.SA,5.880000114440918,5.880000114440918,5.869999885559082,5.880000114440918,22200
2026-06-02 16:05:00+00:00,MGLU3.SA,5.869999885559082,5.889999866485596,5.860000133514404,5.889999866485596,74700
2026-06-02 16:10:00+00:00,MGLU3.SA,5.880000114440918,5.889999866485596,5.880000114440918,5.880000114440918,56900
2026-06-02 16:15:00+00:00,MGLU3.SA,5.889999866485596,5.889999866485596,5.869999885559082,5.869999885559082,330100
2026-06-02 16:20:00+00:00,MGLU3.SA,5.869999885559082,5.880000114440918,5.840000152587891,5.840000152587891,267400
2026-06-02 16:25:00+00:00,MGLU3.SA,5.849999904632568,5.849999904632568,5.840000152587891,5.840000152587891,31900
2026-06-02 16:30:00+00:00,MGLU3.SA,5.840000152587891,5.849999904632568,5.829999923706055,5.829999923706055,79500
2026-06-02 16:35:00+00:00,MGLU3.SA,5.829999923706055,5.840000152587891,5.820000171661377,5.820000171661377,129300
2026-06-02 16:40:00+00:00,MGLU3.SA,5.829999923706055,5.829999923706055,5.769999980926514,5.800000190734863,617600
2026-06-02 16:45:00+00:00,MGLU3.SA,5.809999942779541,5.809999942779541,5.800000190734863,5.800000190734863,79100
2026-06-02 16:50:00+00:00,MGLU3.SA,5.800000190734863,5.809999942779541,5.769999980926514,5.789999961853027,417100
2026-06-02 16:55:00+00:00,MGLU3.SA,5.789999961853027,5.789999961853027,5.769999980926514,5.789999961853027,196000
2026-06-02 17:00:00+00:00,MGLU3.SA,5.78000020980835,5.789999961853027,5.760000228881836,5.769999980926514,195000
2026-06-02 17:05:00+00:00,MGLU3.SA,5.78000020980835,5.78000020980835,5.769999980926514,5.78000020980835,62900
2026-06-02 17:10:00+00:00,MGLU3.SA,5.769999980926514,5.78000020980835,5.760000228881836,5.769999980926514,176400
2026-06-02 17:15:00+00:00,MGLU3.SA,5.78000020980835,5.78000020980835,5.75,5.760000228881836,253400
2026-06-02 17:20:00+00:00,MGLU3.SA,5.75,5.760000228881836,5.75,5.760000228881836,143100
2026-06-02 17:25:00+00:00,MGLU3.SA,5.760000228881836,5.760000228881836,5.730000019073486,5.75,541800
2026-06-02 17:30:00+00:00,MGLU3.SA,5.739999771118164,5.75,5.730000019073486,5.75,205500
2026-06-02 17:35:00+00:00,MGLU3.SA,5.739999771118164,5.760000228881836,5.739999771118164,5.739999771118164,198000
2026-06-02 17:40:00+00:00,MGLU3.SA,5.75,5.75,5.730000019073486,5.75,126300
2026-06-02 17:45:00+00:00,MGLU3.SA,5.75,5.75,5.739999771118164,5.739999771118164,99100
2026-06-02 17:50:00+00:00,MGLU3.SA,5.739999771118164,5.739999771118164,5.730000019073486,5.739999771118164,56300
2026-06-02 17:55:00+00:00,MGLU3.SA,5.730000019073486,5.739999771118164,5.730000019073486,5.739999771118164,127900
2026-06-02 18:00:00+00:00,MGLU3.SA,5.739999771118164,5.75,5.730000019073486,5.739999771118164,29600
2026-06-02 18:05:00+00:00,MGLU3.SA,5.75,5.75,5.739999771118164,5.75,136100
2026-06-02 18:10:00+00:00,MGLU3.SA,5.75,5.760000228881836,5.739999771118164,5.75,158100
2026-06-02 18:15:00+00:00,MGLU3.SA,5.760000228881836,5.760000228881836,5.75,5.75,302400
2026-06-02 18:20:00+00:00,MGLU3.SA,5.75,5.75,5.71999979019165,5.71999979019165,310600
2026-06-02 18:25:00+00:00,MGLU3.SA,5.730000019073486,5.739999771118164,5.71999979019165,5.739999771118164,153700
2026-06-02 18:30:00+00:00,MGLU3.SA,5.739999771118164,5.75,5.730000019073486,5.739999771118164,198600
2026-06-02 18:35:00+00:00,MGLU3.SA,5.730000019073486,5.75,5.730000019073486,5.730000019073486,136100
2026-06-02 18:40:00+00:00,MGLU3.SA,5.730000019073486,5.739999771118164,5.71999979019165,5.730000019073486,159500
2026-06-02 18:45:00+00:00,MGLU3.SA,5.730000019073486,5.730000019073486,5.710000038146973,5.710000038146973,318700
2026-06-02 18:50:00+00:00,MGLU3.SA,5.71999979019165,5.71999979019165,5.699999809265137,5.699999809265137,185500
2026-06-02 18:55:00+00:00,MGLU3.SA,5.699999809265137,5.710000038146973,5.690000057220459,5.699999809265137,331900
2026-06-02 19:00:00+00:00,MGLU3.SA,5.710000038146973,5.71999979019165,5.699999809265137,5.710000038146973,59900
2026-06-02 19:05:00+00:00,MGLU3.SA,5.710000038146973,5.71999979019165,5.710000038146973,5.710000038146973,30500
2026-06-02 19:10:00+00:00,MGLU3.SA,5.710000038146973,5.710000038146973,5.699999809265137,5.710000038146973,97000
2026-06-02 19:15:00+00:00,MGLU3.SA,5.699999809265137,5.710000038146973,5.699999809265137,5.699999809265137,47700
2026-06-02 19:20:00+00:00,MGLU3.SA,5.710000038146973,5.710000038146973,5.699999809265137,5.710000038146973,71300
2026-06-02 19:25:00+00:00,MGLU3.SA,5.710000038146973,5.71999979019165,5.699999809265137,5.71999979019165,175400
2026-06-02 19:30:00+00:00,MGLU3.SA,5.71999979019165,5.75,5.710000038146973,5.730000019073486,551600
2026-06-02 19:35:00+00:00,MGLU3.SA,5.730000019073486,5.730000019073486,5.710000038146973,5.730000019073486,272100
2026-06-02 19:40:00+00:00,MGLU3.SA,5.730000019073486,5.730000019073486,5.710000038146973,5.730000019073486,154600
2026-06-02 19:45:00+00:00,MGLU3.SA,5.730000019073486,5.730000019073486,5.710000038146973,5.710000038146973,489300
2026-06-02 19:50:00+00:00,MGLU3.SA,5.710000038146973,5.71999979019165,5.690000057220459,5.710000038146973,877700
2026-06-03 13:05:00+00:00,MGLU3.SA,5.550000190734863,5.550000190734863,5.489999771118164,5.519999980926514,0
2026-06-03 13:10:00+00:00,MGLU3.SA,5.519999980926514,5.550000190734863,5.489999771118164,5.510000228881836,851900
2026-06-03 13:15:00+00:00,MGLU3.SA,5.5,5.519999980926514,5.46999979019165,5.46999979019165,675200
2026-06-03 13:20:00+00:00,MGLU3.SA,5.46999979019165,5.480000019073486,5.440000057220459,5.449999809265137,631100
2026-06-03 13:25:00+00:00,MGLU3.SA,5.449999809265137,5.46999979019165,5.440000057220459,5.449999809265137,568600
2026-06-03 13:30:00+00:00,MGLU3.SA,5.449999809265137,5.510000228881836,5.440000057220459,5.5,434300
2026-06-03 13:35:00+00:00,MGLU3.SA,5.510000228881836,5.53000020980835,5.46999979019165,5.5,476600
2026-06-03 13:40:00+00:00,MGLU3.SA,5.5,5.510000228881836,5.480000019073486,5.489999771118164,195300
2026-06-03 13:45:00+00:00,MGLU3.SA,5.5,5.510000228881836,5.480000019073486,5.5,259600
2026-06-03 13:50:00+00:00,MGLU3.SA,5.5,5.5,5.480000019073486,5.489999771118164,104200
2026-06-03 13:55:00+00:00,MGLU3.SA,5.5,5.519999980926514,5.440000057220459,5.449999809265137,805800
2026-06-03 14:00:00+00:00,MGLU3.SA,5.460000038146973,5.460000038146973,5.440000057220459,5.460000038146973,166100
2026-06-03 14:05:00+00:00,MGLU3.SA,5.449999809265137,5.480000019073486,5.449999809265137,5.449999809265137,203000
2026-06-03 14:10:00+00:00,MGLU3.SA,5.449999809265137,5.46999979019165,5.449999809265137,5.460000038146973,123100
2026-06-03 14:15:00+00:00,MGLU3.SA,5.46999979019165,5.480000019073486,5.429999828338623,5.440000057220459,526600
2026-06-03 14:20:00+00:00,MGLU3.SA,5.440000057220459,5.449999809265137,5.429999828338623,5.429999828338623,198400
2026-06-03 14:25:00+00:00,MGLU3.SA,5.429999828338623,5.46999979019165,5.429999828338623,5.449999809265137,297500
2026-06-03 14:30:00+00:00,MGLU3.SA,5.460000038146973,5.46999979019165,5.440000057220459,5.460000038146973,253500
2026-06-03 14:35:00+00:00,MGLU3.SA,5.460000038146973,5.519999980926514,5.449999809265137,5.489999771118164,886900
2026-06-03 14:40:00+00:00,MGLU3.SA,5.5,5.5,5.46999979019165,5.480000019073486,139300
2026-06-03 14:45:00+00:00,MGLU3.SA,5.480000019073486,5.480000019073486,5.460000038146973,5.460000038146973,136800
2026-06-03 14:50:00+00:00,MGLU3.SA,5.460000038146973,5.489999771118164,5.460000038146973,5.46999979019165,182600
2026-06-03 14:55:00+00:00,MGLU3.SA,5.46999979019165,5.489999771118164,5.46999979019165,5.489999771118164,88000
2026-06-03 15:00:00+00:00,MGLU3.SA,5.489999771118164,5.5,5.46999979019165,5.46999979019165,120200
2026-06-03 15:05:00+00:00,MGLU3.SA,5.46999979019165,5.480000019073486,5.449999809265137,5.449999809265137,206300
2026-06-03 15:10:00+00:00,MGLU3.SA,5.449999809265137,5.460000038146973,5.449999809265137,5.449999809265137,144300
2026-06-03 15:15:00+00:00,MGLU3.SA,5.460000038146973,5.46999979019165,5.449999809265137,5.460000038146973,95100
2026-06-03 15:20:00+00:00,MGLU3.SA,5.460000038146973,5.460000038146973,5.449999809265137,5.449999809265137,72900
2026-06-03 15:25:00+00:00,MGLU3.SA,5.460000038146973,5.46999979019165,5.449999809265137,5.460000038146973,70900
2026-06-03 15:30:00+00:00,MGLU3.SA,5.46999979019165,5.46999979019165,5.449999809265137,5.460000038146973,72400
2026-06-03 15:35:00+00:00,MGLU3.SA,5.449999809265137,5.460000038146973,5.440000057220459,5.449999809265137,163000
2026-06-03 15:40:00+00:00,MGLU3.SA,5.449999809265137,5.460000038146973,5.440000057220459,5.460000038146973,218200
2026-06-03 15:45:00+00:00,MGLU3.SA,5.460000038146973,5.460000038146973,5.449999809265137,5.449999809265137,24000
2026-06-03 15:50:00+00:00,MGLU3.SA,5.449999809265137,5.449999809265137,5.420000076293945,5.420000076293945,303200
2026-06-03 15:55:00+00:00,MGLU3.SA,5.420000076293945,5.429999828338623,5.420000076293945,5.420000076293945,212900
2026-06-03 16:00:00+00:00,MGLU3.SA,5.429999828338623,5.449999809265137,5.420000076293945,5.429999828338623,142300
2026-06-03 16:05:00+00:00,MGLU3.SA,5.440000057220459,5.440000057220459,5.420000076293945,5.420000076293945,112100
2026-06-03 16:10:00+00:00,MGLU3.SA,5.429999828338623,5.429999828338623,5.409999847412109,5.420000076293945,171500
2026-06-03 16:15:00+00:00,MGLU3.SA,5.409999847412109,5.429999828338623,5.400000095367432,5.429999828338623,311300
2026-06-03 16:20:00+00:00,MGLU3.SA,5.429999828338623,5.429999828338623,5.389999866485596,5.389999866485596,376000
2026-06-03 16:25:00+00:00,MGLU3.SA,5.389999866485596,5.409999847412109,5.389999866485596,5.389999866485596,81600
2026-06-03 16:30:00+00:00,MGLU3.SA,5.389999866485596,5.400000095367432,5.380000114440918,5.380000114440918,456900
2026-06-03 16:35:00+00:00,MGLU3.SA,5.380000114440918,5.400000095367432,5.380000114440918,5.389999866485596,142700
2026-06-03 16:40:00+00:00,MGLU3.SA,5.400000095367432,5.409999847412109,5.380000114440918,5.409999847412109,275100
2026-06-03 16:45:00+00:00,MGLU3.SA,5.409999847412109,5.409999847412109,5.389999866485596,5.389999866485596,131000
2026-06-03 16:50:00+00:00,MGLU3.SA,5.400000095367432,5.400000095367432,5.389999866485596,5.389999866485596,70300
2026-06-03 16:55:00+00:00,MGLU3.SA,5.389999866485596,5.400000095367432,5.389999866485596,5.400000095367432,152500
2026-06-03 17:00:00+00:00,MGLU3.SA,5.400000095367432,5.400000095367432,5.389999866485596,5.400000095367432,74600
2026-06-03 17:05:00+00:00,MGLU3.SA,5.389999866485596,5.400000095367432,5.380000114440918,5.400000095367432,128800
2026-06-03 17:10:00+00:00,MGLU3.SA,5.389999866485596,5.400000095367432,5.380000114440918,5.380000114440918,156500
2026-06-03 17:15:00+00:00,MGLU3.SA,5.380000114440918,5.389999866485596,5.380000114440918,5.380000114440918,114700
2026-06-03 17:20:00+00:00,MGLU3.SA,5.380000114440918,5.389999866485596,5.369999885559082,5.380000114440918,128800
2026-06-03 17:25:00+00:00,MGLU3.SA,5.380000114440918,5.389999866485596,5.349999904632568,5.349999904632568,646300
2026-06-03 17:30:00+00:00,MGLU3.SA,5.349999904632568,5.369999885559082,5.349999904632568,5.349999904632568,251200
2026-06-03 17:35:00+00:00,MGLU3.SA,5.360000133514404,5.369999885559082,5.349999904632568,5.360000133514404,191700
2026-06-03 17:40:00+00:00,MGLU3.SA,5.369999885559082,5.369999885559082,5.340000152587891,5.349999904632568,187800
2026-06-03 17:45:00+00:00,MGLU3.SA,5.349999904632568,5.349999904632568,5.340000152587891,5.340000152587891,115800
2026-06-03 17:50:00+00:00,MGLU3.SA,5.340000152587891,5.360000133514404,5.340000152587891,5.349999904632568,199100
2026-06-03 17:55:00+00:00,MGLU3.SA,5.360000133514404,5.360000133514404,5.340000152587891,5.340000152587891,50300
2026-06-03 18:00:00+00:00,MGLU3.SA,5.349999904632568,5.400000095367432,5.340000152587891,5.369999885559082,510500
2026-06-03 18:05:00+00:00,MGLU3.SA,5.380000114440918,5.409999847412109,5.380000114440918,5.400000095367432,492400
2026-06-03 18:10:00+00:00,MGLU3.SA,5.389999866485596,5.389999866485596,5.360000133514404,5.369999885559082,124900
2026-06-03 18:15:00+00:00,MGLU3.SA,5.360000133514404,5.369999885559082,5.349999904632568,5.360000133514404,205400
2026-06-03 18:20:00+00:00,MGLU3.SA,5.360000133514404,5.369999885559082,5.349999904632568,5.369999885559082,81600
2026-06-03 18:25:00+00:00,MGLU3.SA,5.360000133514404,5.369999885559082,5.349999904632568,5.360000133514404,73600
2026-06-03 18:30:00+00:00,MGLU3.SA,5.360000133514404,5.360000133514404,5.340000152587891,5.340000152587891,100800
2026-06-03 18:35:00+00:00,MGLU3.SA,5.340000152587891,5.360000133514404,5.329999923706055,5.340000152587891,251900
2026-06-03 18:40:00+00:00,MGLU3.SA,5.349999904632568,5.360000133514404,5.329999923706055,5.349999904632568,300600
2026-06-03 18:45:00+00:00,MGLU3.SA,5.340000152587891,5.349999904632568,5.329999923706055,5.349999904632568,304300
2026-06-03 18:50:00+00:00,MGLU3.SA,5.340000152587891,5.360000133514404,5.340000152587891,5.360000133514404,194300
2026-06-03 18:55:00+00:00,MGLU3.SA,5.349999904632568,5.360000133514404,5.340000152587891,5.360000133514404,135500
2026-06-03 19:00:00+00:00,MGLU3.SA,5.360000133514404,5.380000114440918,5.349999904632568,5.360000133514404,293700
2026-06-03 19:05:00+00:00,MGLU3.SA,5.349999904632568,5.369999885559082,5.349999904632568,5.369999885559082,79300
2026-06-03 19:10:00+00:00,MGLU3.SA,5.360000133514404,5.369999885559082,5.349999904632568,5.360000133514404,181300
2026-06-03 19:15:00+00:00,MGLU3.SA,5.349999904632568,5.380000114440918,5.349999904632568,5.369999885559082,231100
2026-06-03 19:20:00+00:00,MGLU3.SA,5.380000114440918,5.380000114440918,5.349999904632568,5.360000133514404,270600
2026-06-03 19:25:00+00:00,MGLU3.SA,5.360000133514404,5.360000133514404,5.340000152587891,5.349999904632568,247000
2026-06-03 19:30:00+00:00,MGLU3.SA,5.360000133514404,5.369999885559082,5.349999904632568,5.349999904632568,200900
2026-06-03 19:35:00+00:00,MGLU3.SA,5.360000133514404,5.369999885559082,5.349999904632568,5.360000133514404,408100
2026-06-03 19:40:00+00:00,MGLU3.SA,5.369999885559082,5.369999885559082,5.349999904632568,5.360000133514404,496700
2026-06-03 19:45:00+00:00,MGLU3.SA,5.360000133514404,5.360000133514404,5.320000171661377,5.340000152587891,769100
2026-06-03 19:50:00+00:00,MGLU3.SA,5.329999923706055,5.340000152587891,5.320000171661377,5.329999923706055,604900
2026-06-05 13:05:00+00:00,MGLU3.SA,5.440000057220459,5.440000057220459,5.380000114440918,5.409999847412109,305200
2026-06-05 13:10:00+00:00,MGLU3.SA,5.409999847412109,5.519999980926514,5.409999847412109,5.489999771118164,1338400
2026-06-05 13:15:00+00:00,MGLU3.SA,5.489999771118164,5.610000133514404,5.480000019073486,5.610000133514404,1408000
2026-06-05 13:20:00+00:00,MGLU3.SA,5.610000133514404,5.639999866485596,5.570000171661377,5.579999923706055,679100
2026-06-05 13:25:00+00:00,MGLU3.SA,5.579999923706055,5.670000076293945,5.570000171661377,5.570000171661377,1062900
2026-06-05 13:30:00+00:00,MGLU3.SA,5.579999923706055,5.619999885559082,5.539999961853027,5.579999923706055,1170400
2026-06-05 13:35:00+00:00,MGLU3.SA,5.579999923706055,5.619999885559082,5.570000171661377,5.579999923706055,404900
2026-06-05 13:40:00+00:00,MGLU3.SA,5.590000152587891,5.610000133514404,5.570000171661377,5.579999923706055,292600
2026-06-05 13:45:00+00:00,MGLU3.SA,5.579999923706055,5.590000152587891,5.559999942779541,5.559999942779541,170800
2026-06-05 13:50:00+00:00,MGLU3.SA,5.570000171661377,5.599999904632568,5.559999942779541,5.590000152587891,259500
2026-06-05 13:55:00+00:00,MGLU3.SA,5.579999923706055,5.590000152587891,5.539999961853027,5.539999961853027,181000
2026-06-05 14:00:00+00:00,MGLU3.SA,5.539999961853027,5.590000152587891,5.510000228881836,5.590000152587891,488300
2026-06-05 14:05:00+00:00,MGLU3.SA,5.590000152587891,5.599999904632568,5.570000171661377,5.579999923706055,182900
2026-06-05 14:10:00+00:00,MGLU3.SA,5.590000152587891,5.590000152587891,5.550000190734863,5.559999942779541,192900
2026-06-05 14:15:00+00:00,MGLU3.SA,5.559999942779541,5.559999942779541,5.539999961853027,5.559999942779541,103500
2026-06-05 14:20:00+00:00,MGLU3.SA,5.550000190734863,5.559999942779541,5.510000228881836,5.53000020980835,274100
2026-06-05 14:25:00+00:00,MGLU3.SA,5.53000020980835,5.53000020980835,5.510000228881836,5.510000228881836,241000
2026-06-05 14:30:00+00:00,MGLU3.SA,5.510000228881836,5.539999961853027,5.5,5.53000020980835,192200
2026-06-05 14:35:00+00:00,MGLU3.SA,5.53000020980835,5.550000190734863,5.510000228881836,5.510000228881836,178700
2026-06-05 14:40:00+00:00,MGLU3.SA,5.519999980926514,5.519999980926514,5.5,5.510000228881836,159600
2026-06-05 14:45:00+00:00,MGLU3.SA,5.510000228881836,5.53000020980835,5.510000228881836,5.510000228881836,102100
2026-06-05 14:50:00+00:00,MGLU3.SA,5.510000228881836,5.53000020980835,5.510000228881836,5.510000228881836,51800
2026-06-05 14:55:00+00:00,MGLU3.SA,5.510000228881836,5.519999980926514,5.489999771118164,5.489999771118164,231500
2026-06-05 15:00:00+00:00,MGLU3.SA,5.489999771118164,5.5,5.489999771118164,5.489999771118164,62700
2026-06-05 15:05:00+00:00,MGLU3.SA,5.489999771118164,5.5,5.460000038146973,5.46999979019165,187100
2026-06-05 15:10:00+00:00,MGLU3.SA,5.460000038146973,5.46999979019165,5.440000057220459,5.440000057220459,348900
2026-06-05 15:15:00+00:00,MGLU3.SA,5.440000057220459,5.480000019073486,5.440000057220459,5.460000038146973,306600
2026-06-05 15:20:00+00:00,MGLU3.SA,5.46999979019165,5.46999979019165,5.449999809265137,5.46999979019165,145600
2026-06-05 15:25:00+00:00,MGLU3.SA,5.460000038146973,5.46999979019165,5.440000057220459,5.440000057220459,216300
2026-06-05 15:30:00+00:00,MGLU3.SA,5.440000057220459,5.449999809265137,5.429999828338623,5.429999828338623,160100
2026-06-05 15:35:00+00:00,MGLU3.SA,5.440000057220459,5.440000057220459,5.409999847412109,5.420000076293945,116200
2026-06-05 15:40:00+00:00,MGLU3.SA,5.420000076293945,5.429999828338623,5.409999847412109,5.409999847412109,120800
2026-06-05 15:45:00+00:00,MGLU3.SA,5.420000076293945,5.420000076293945,5.400000095367432,5.400000095367432,162200
2026-06-05 15:50:00+00:00,MGLU3.SA,5.400000095367432,5.409999847412109,5.400000095367432,5.400000095367432,111700
2026-06-05 15:55:00+00:00,MGLU3.SA,5.400000095367432,5.400000095367432,5.380000114440918,5.389999866485596,184700
2026-06-05 16:00:00+00:00,MGLU3.SA,5.400000095367432,5.409999847412109,5.389999866485596,5.389999866485596,115200
2026-06-05 16:05:00+00:00,MGLU3.SA,5.389999866485596,5.400000095367432,5.389999866485596,5.389999866485596,90700
2026-06-05 16:10:00+00:00,MGLU3.SA,5.389999866485596,5.400000095367432,5.380000114440918,5.389999866485596,107300
2026-06-05 16:15:00+00:00,MGLU3.SA,5.389999866485596,5.409999847412109,5.380000114440918,5.409999847412109,136900
2026-06-05 16:20:00+00:00,MGLU3.SA,5.420000076293945,5.420000076293945,5.409999847412109,5.409999847412109,86000
2026-06-05 16:25:00+00:00,MGLU3.SA,5.409999847412109,5.420000076293945,5.400000095367432,5.409999847412109,42800
2026-06-05 16:30:00+00:00,MGLU3.SA,5.409999847412109,5.420000076293945,5.389999866485596,5.409999847412109,146800
2026-06-05 16:35:00+00:00,MGLU3.SA,5.409999847412109,5.409999847412109,5.400000095367432,5.400000095367432,31400
2026-06-05 16:40:00+00:00,MGLU3.SA,5.400000095367432,5.409999847412109,5.400000095367432,5.400000095367432,92800
2026-06-05 16:45:00+00:00,MGLU3.SA,5.400000095367432,5.440000057220459,5.400000095367432,5.400000095367432,185400
2026-06-05 16:50:00+00:00,MGLU3.SA,5.400000095367432,5.409999847412109,5.389999866485596,5.400000095367432,101800
2026-06-05 16:55:00+00:00,MGLU3.SA,5.400000095367432,5.400000095367432,5.389999866485596,5.400000095367432,29600
2026-06-05 17:00:00+00:00,MGLU3.SA,5.400000095367432,5.400000095367432,5.369999885559082,5.380000114440918,170000
2026-06-05 17:05:00+00:00,MGLU3.SA,5.380000114440918,5.389999866485596,5.360000133514404,5.369999885559082,162200
2026-06-05 17:10:00+00:00,MGLU3.SA,5.360000133514404,5.369999885559082,5.329999923706055,5.340000152587891,619200
2026-06-05 17:15:00+00:00,MGLU3.SA,5.329999923706055,5.340000152587891,5.309999942779541,5.309999942779541,437100
2026-06-05 17:20:00+00:00,MGLU3.SA,5.320000171661377,5.329999923706055,5.309999942779541,5.329999923706055,215400
2026-06-05 17:25:00+00:00,MGLU3.SA,5.320000171661377,5.329999923706055,5.309999942779541,5.309999942779541,92700
2026-06-05 17:30:00+00:00,MGLU3.SA,5.320000171661377,5.340000152587891,5.300000190734863,5.329999923706055,373300
2026-06-05 17:35:00+00:00,MGLU3.SA,5.340000152587891,5.340000152587891,5.329999923706055,5.329999923706055,43500
2026-06-05 17:40:00+00:00,MGLU3.SA,5.340000152587891,5.349999904632568,5.309999942779541,5.309999942779541,322300
2026-06-05 17:45:00+00:00,MGLU3.SA,5.309999942779541,5.320000171661377,5.300000190734863,5.300000190734863,196700
2026-06-05 17:50:00+00:00,MGLU3.SA,5.300000190734863,5.320000171661377,5.300000190734863,5.309999942779541,142600
2026-06-05 17:55:00+00:00,MGLU3.SA,5.300000190734863,5.340000152587891,5.289999961853027,5.329999923706055,600400
2026-06-05 18:00:00+00:00,MGLU3.SA,5.340000152587891,5.440000057220459,5.329999923706055,5.429999828338623,1557600
2026-06-05 18:05:00+00:00,MGLU3.SA,5.420000076293945,5.460000038146973,5.400000095367432,5.460000038146973,577800
2026-06-05 18:10:00+00:00,MGLU3.SA,5.449999809265137,5.480000019073486,5.449999809265137,5.449999809265137,406000
2026-06-05 18:15:00+00:00,MGLU3.SA,5.449999809265137,5.449999809265137,5.420000076293945,5.429999828338623,303200
2026-06-05 18:20:00+00:00,MGLU3.SA,5.429999828338623,5.449999809265137,5.429999828338623,5.429999828338623,181000
2026-06-05 18:25:00+00:00,MGLU3.SA,5.429999828338623,5.449999809265137,5.429999828338623,5.449999809265137,99000
2026-06-05 18:30:00+00:00,MGLU3.SA,5.440000057220459,5.53000020980835,5.429999828338623,5.519999980926514,811300
2026-06-05 18:35:00+00:00,MGLU3.SA,5.519999980926514,5.53000020980835,5.480000019073486,5.5,509200
2026-06-05 18:40:00+00:00,MGLU3.SA,5.5,5.519999980926514,5.480000019073486,5.510000228881836,251000
2026-06-05 18:45:00+00:00,MGLU3.SA,5.510000228881836,5.559999942779541,5.5,5.559999942779541,550200
2026-06-05 18:50:00+00:00,MGLU3.SA,5.559999942779541,5.559999942779541,5.489999771118164,5.489999771118164,302900
2026-06-05 18:55:00+00:00,MGLU3.SA,5.489999771118164,5.5,5.449999809265137,5.449999809265137,337400
2026-06-05 19:00:00+00:00,MGLU3.SA,5.460000038146973,5.460000038146973,5.429999828338623,5.440000057220459,177500
2026-06-05 19:05:00+00:00,MGLU3.SA,5.429999828338623,5.440000057220459,5.409999847412109,5.409999847412109,220200
2026-06-05 19:10:00+00:00,MGLU3.SA,5.409999847412109,5.510000228881836,5.400000095367432,5.5,570500
2026-06-05 19:15:00+00:00,MGLU3.SA,5.5,5.510000228881836,5.46999979019165,5.480000019073486,177300
2026-06-05 19:20:00+00:00,MGLU3.SA,5.480000019073486,5.480000019073486,5.429999828338623,5.440000057220459,381200
2026-06-05 19:25:00+00:00,MGLU3.SA,5.429999828338623,5.449999809265137,5.429999828338623,5.440000057220459,120300
2026-06-05 19:30:00+00:00,MGLU3.SA,5.440000057220459,5.449999809265137,5.420000076293945,5.429999828338623,247700
2026-06-05 19:35:00+00:00,MGLU3.SA,5.440000057220459,5.480000019073486,5.440000057220459,5.46999979019165,693700
2026-06-05 19:40:00+00:00,MGLU3.SA,5.480000019073486,5.480000019073486,5.449999809265137,5.460000038146973,437300
2026-06-05 19:45:00+00:00,MGLU3.SA,5.460000038146973,5.489999771118164,5.440000057220459,5.460000038146973,528500
2026-06-05 19:50:00+00:00,MGLU3.SA,5.460000038146973,5.46999979019165,5.440000057220459,5.440000057220459,398600
2026-06-08 13:05:00+00:00,MGLU3.SA,5.449999809265137,5.5,5.380000114440918,5.489999771118164,372800
2026-06-08 13:10:00+00:00,MGLU3.SA,5.489999771118164,5.510000228881836,5.449999809265137,5.46999979019165,581200
2026-06-08 13:15:00+00:00,MGLU3.SA,5.460000038146973,5.489999771118164,5.449999809265137,5.460000038146973,192900
2026-06-08 13:20:00+00:00,MGLU3.SA,5.460000038146973,5.46999979019165,5.429999828338623,5.440000057220459,421300
2026-06-08 13:25:00+00:00,MGLU3.SA,5.449999809265137,5.460000038146973,5.440000057220459,5.460000038146973,330100
2026-06-08 13:30:00+00:00,MGLU3.SA,5.449999809265137,5.480000019073486,5.449999809265137,5.460000038146973,163600
2026-06-08 13:35:00+00:00,MGLU3.SA,5.449999809265137,5.460000038146973,5.429999828338623,5.449999809265137,209500
2026-06-08 13:40:00+00:00,MGLU3.SA,5.460000038146973,5.46999979019165,5.429999828338623,5.429999828338623,183800
2026-06-08 13:45:00+00:00,MGLU3.SA,5.440000057220459,5.440000057220459,5.420000076293945,5.420000076293945,176500
2026-06-08 13:50:00+00:00,MGLU3.SA,5.429999828338623,5.480000019073486,5.400000095367432,5.46999979019165,533400
2026-06-08 13:55:00+00:00,MGLU3.SA,5.46999979019165,5.46999979019165,5.429999828338623,5.440000057220459,151400
2026-06-08 14:00:00+00:00,MGLU3.SA,5.429999828338623,5.460000038146973,5.420000076293945,5.429999828338623,141400
2026-06-08 14:05:00+00:00,MGLU3.SA,5.429999828338623,5.46999979019165,5.429999828338623,5.449999809265137,137700
2026-06-08 14:10:00+00:00,MGLU3.SA,5.449999809265137,5.460000038146973,5.440000057220459,5.449999809265137,74600
2026-06-08 14:15:00+00:00,MGLU3.SA,5.460000038146973,5.480000019073486,5.449999809265137,5.46999979019165,166000
2026-06-08 14:20:00+00:00,MGLU3.SA,5.460000038146973,5.489999771118164,5.460000038146973,5.480000019073486,285600
2026-06-08 14:25:00+00:00,MGLU3.SA,5.480000019073486,5.510000228881836,5.46999979019165,5.510000228881836,538100
2026-06-08 14:30:00+00:00,MGLU3.SA,5.510000228881836,5.53000020980835,5.489999771118164,5.519999980926514,320500
2026-06-08 14:35:00+00:00,MGLU3.SA,5.519999980926514,5.539999961853027,5.510000228881836,5.519999980926514,235500
2026-06-08 14:40:00+00:00,MGLU3.SA,5.510000228881836,5.53000020980835,5.460000038146973,5.460000038146973,493800
2026-06-08 14:45:00+00:00,MGLU3.SA,5.460000038146973,5.46999979019165,5.440000057220459,5.449999809265137,383200
2026-06-08 14:50:00+00:00,MGLU3.SA,5.449999809265137,5.449999809265137,5.429999828338623,5.449999809265137,325800
2026-06-08 14:55:00+00:00,MGLU3.SA,5.449999809265137,5.449999809265137,5.409999847412109,5.429999828338623,548500
2026-06-08 15:00:00+00:00,MGLU3.SA,5.420000076293945,5.440000057220459,5.420000076293945,5.429999828338623,172500
2026-06-08 15:05:00+00:00,MGLU3.SA,5.420000076293945,5.440000057220459,5.409999847412109,5.420000076293945,217300
2026-06-08 15:10:00+00:00,MGLU3.SA,5.420000076293945,5.420000076293945,5.389999866485596,5.389999866485596,415600
2026-06-08 15:15:00+00:00,MGLU3.SA,5.389999866485596,5.409999847412109,5.389999866485596,5.400000095367432,272400
2026-06-08 15:20:00+00:00,MGLU3.SA,5.389999866485596,5.400000095367432,5.380000114440918,5.389999866485596,191000
2026-06-08 15:25:00+00:00,MGLU3.SA,5.389999866485596,5.420000076293945,5.369999885559082,5.380000114440918,455300
2026-06-08 15:30:00+00:00,MGLU3.SA,5.380000114440918,5.389999866485596,5.369999885559082,5.389999866485596,136200
2026-06-08 15:35:00+00:00,MGLU3.SA,5.380000114440918,5.400000095367432,5.380000114440918,5.389999866485596,44700
2026-06-08 15:40:00+00:00,MGLU3.SA,5.389999866485596,5.400000095367432,5.380000114440918,5.389999866485596,68700
2026-06-08 15:45:00+00:00,MGLU3.SA,5.389999866485596,5.400000095367432,5.389999866485596,5.400000095367432,32500
2026-06-08 15:50:00+00:00,MGLU3.SA,5.389999866485596,5.420000076293945,5.389999866485596,5.420000076293945,207600
2026-06-08 15:55:00+00:00,MGLU3.SA,5.420000076293945,5.420000076293945,5.409999847412109,5.409999847412109,113200
2026-06-08 16:00:00+00:00,MGLU3.SA,5.420000076293945,5.420000076293945,5.409999847412109,5.420000076293945,8200
2026-06-08 16:05:00+00:00,MGLU3.SA,5.420000076293945,5.420000076293945,5.409999847412109,5.409999847412109,13400
2026-06-08 16:10:00+00:00,MGLU3.SA,5.420000076293945,5.429999828338623,5.409999847412109,5.429999828338623,76800
2026-06-08 16:15:00+00:00,MGLU3.SA,5.420000076293945,5.440000057220459,5.420000076293945,5.440000057220459,162800
2026-06-08 16:20:00+00:00,MGLU3.SA,5.440000057220459,5.440000057220459,5.420000076293945,5.420000076293945,75300
2026-06-08 16:25:00+00:00,MGLU3.SA,5.429999828338623,5.429999828338623,5.420000076293945,5.420000076293945,38200
2026-06-08 16:30:00+00:00,MGLU3.SA,5.429999828338623,5.429999828338623,5.420000076293945,5.420000076293945,59500
2026-06-08 16:35:00+00:00,MGLU3.SA,5.420000076293945,5.440000057220459,5.420000076293945,5.420000076293945,73100
2026-06-08 16:40:00+00:00,MGLU3.SA,5.420000076293945,5.440000057220459,5.420000076293945,5.420000076293945,267500
2026-06-08 16:45:00+00:00,MGLU3.SA,5.429999828338623,5.429999828338623,5.420000076293945,5.429999828338623,38800
2026-06-08 16:50:00+00:00,MGLU3.SA,5.429999828338623,5.429999828338623,5.420000076293945,5.420000076293945,175900
2026-06-08 16:55:00+00:00,MGLU3.SA,5.420000076293945,5.420000076293945,5.400000095367432,5.400000095367432,123500
2026-06-08 17:00:00+00:00,MGLU3.SA,5.400000095367432,5.409999847412109,5.389999866485596,5.400000095367432,198700
2026-06-08 17:05:00+00:00,MGLU3.SA,5.400000095367432,5.420000076293945,5.400000095367432,5.400000095367432,45600
2026-06-08 17:10:00+00:00,MGLU3.SA,5.409999847412109,5.420000076293945,5.400000095367432,5.420000076293945,61200
2026-06-08 17:15:00+00:00,MGLU3.SA,5.420000076293945,5.440000057220459,5.409999847412109,5.420000076293945,266900
2026-06-08 17:20:00+00:00,MGLU3.SA,5.429999828338623,5.440000057220459,5.420000076293945,5.420000076293945,405100
2026-06-08 17:25:00+00:00,MGLU3.SA,5.420000076293945,5.440000057220459,5.420000076293945,5.429999828338623,45700
2026-06-08 17:30:00+00:00,MGLU3.SA,5.429999828338623,5.429999828338623,5.409999847412109,5.420000076293945,66200
2026-06-08 17:35:00+00:00,MGLU3.SA,5.420000076293945,5.449999809265137,5.420000076293945,5.449999809265137,456500
2026-06-08 17:40:00+00:00,MGLU3.SA,5.440000057220459,5.449999809265137,5.420000076293945,5.420000076293945,96900
2026-06-08 17:45:00+00:00,MGLU3.SA,5.429999828338623,5.440000057220459,5.420000076293945,5.429999828338623,87800
2026-06-08 17:50:00+00:00,MGLU3.SA,5.440000057220459,5.449999809265137,5.429999828338623,5.449999809265137,105700
2026-06-08 17:55:00+00:00,MGLU3.SA,5.449999809265137,5.449999809265137,5.440000057220459,5.449999809265137,83800
2026-06-08 18:00:00+00:00,MGLU3.SA,5.449999809265137,5.460000038146973,5.440000057220459,5.449999809265137,80500
2026-06-08 18:05:00+00:00,MGLU3.SA,5.449999809265137,5.449999809265137,5.440000057220459,5.440000057220459,39700
2026-06-08 18:10:00+00:00,MGLU3.SA,5.449999809265137,5.449999809265137,5.429999828338623,5.440000057220459,70700
2026-06-08 18:15:00+00:00,MGLU3.SA,5.440000057220459,5.440000057220459,5.429999828338623,5.440000057220459,60900
2026-06-08 18:20:00+00:00,MGLU3.SA,5.429999828338623,5.440000057220459,5.409999847412109,5.420000076293945,172800
2026-06-08 18:25:00+00:00,MGLU3.SA,5.420000076293945,5.429999828338623,5.409999847412109,5.429999828338623,78900
2026-06-08 18:30:00+00:00,MGLU3.SA,5.429999828338623,5.440000057220459,5.420000076293945,5.440000057220459,85900
2026-06-08 18:35:00+00:00,MGLU3.SA,5.440000057220459,5.440000057220459,5.429999828338623,5.429999828338623,65000
2026-06-08 18:40:00+00:00,MGLU3.SA,5.440000057220459,5.440000057220459,5.429999828338623,5.440000057220459,47900
2026-06-08 18:45:00+00:00,MGLU3.SA,5.429999828338623,5.440000057220459,5.389999866485596,5.400000095367432,411000
2026-06-08 18:50:00+00:00,MGLU3.SA,5.400000095367432,5.409999847412109,5.389999866485596,5.400000095367432,203100
2026-06-08 18:55:00+00:00,MGLU3.SA,5.409999847412109,5.409999847412109,5.400000095367432,5.409999847412109,178300
2026-06-08 19:00:00+00:00,MGLU3.SA,5.400000095367432,5.409999847412109,5.389999866485596,5.389999866485596,145400
2026-06-08 19:05:00+00:00,MGLU3.SA,5.400000095367432,5.400000095367432,5.389999866485596,5.400000095367432,48800
2026-06-08 19:10:00+00:00,MGLU3.SA,5.389999866485596,5.400000095367432,5.380000114440918,5.389999866485596,91500
2026-06-08 19:15:00+00:00,MGLU3.SA,5.389999866485596,5.389999866485596,5.360000133514404,5.360000133514404,403300
2026-06-08 19:20:00+00:00,MGLU3.SA,5.360000133514404,5.369999885559082,5.340000152587891,5.360000133514404,268900
2026-06-08 19:25:00+00:00,MGLU3.SA,5.360000133514404,5.380000114440918,5.349999904632568,5.369999885559082,137700
2026-06-08 19:30:00+00:00,MGLU3.SA,5.369999885559082,5.380000114440918,5.360000133514404,5.369999885559082,218700
2026-06-08 19:35:00+00:00,MGLU3.SA,5.369999885559082,5.369999885559082,5.340000152587891,5.349999904632568,293000
2026-06-08 19:40:00+00:00,MGLU3.SA,5.349999904632568,5.369999885559082,5.349999904632568,5.369999885559082,112300
2026-06-08 19:45:00+00:00,MGLU3.SA,5.360000133514404,5.369999885559082,5.349999904632568,5.369999885559082,270400
2026-06-08 19:50:00+00:00,MGLU3.SA,5.360000133514404,5.369999885559082,5.340000152587891,5.349999904632568,119700
2026-06-09 13:05:00+00:00,MGLU3.SA,5.46999979019165,5.570000171661377,5.46999979019165,5.559999942779541,861700
2026-06-09 13:10:00+00:00,MGLU3.SA,5.559999942779541,5.559999942779541,5.510000228881836,5.519999980926514,454100
2026-06-09 13:15:00+00:00,MGLU3.SA,5.519999980926514,5.519999980926514,5.46999979019165,5.46999979019165,405900
2026-06-09 13:20:00+00:00,MGLU3.SA,5.480000019073486,5.5,5.460000038146973,5.5,324000
2026-06-09 13:25:00+00:00,MGLU3.SA,5.5,5.5,5.460000038146973,5.489999771118164,259800
2026-06-09 13:30:00+00:00,MGLU3.SA,5.480000019073486,5.539999961853027,5.46999979019165,5.53000020980835,798500
2026-06-09 13:35:00+00:00,MGLU3.SA,5.53000020980835,5.539999961853027,5.489999771118164,5.539999961853027,729400
2026-06-09 13:40:00+00:00,MGLU3.SA,5.539999961853027,5.559999942779541,5.510000228881836,5.510000228881836,781700
2026-06-09 13:45:00+00:00,MGLU3.SA,5.510000228881836,5.539999961853027,5.510000228881836,5.539999961853027,352200
2026-06-09 13:50:00+00:00,MGLU3.SA,5.539999961853027,5.539999961853027,5.510000228881836,5.510000228881836,155000
2026-06-09 13:55:00+00:00,MGLU3.SA,5.510000228881836,5.519999980926514,5.5,5.510000228881836,227800
2026-06-09 14:00:00+00:00,MGLU3.SA,5.510000228881836,5.519999980926514,5.489999771118164,5.510000228881836,317200
2026-06-09 14:05:00+00:00,MGLU3.SA,5.510000228881836,5.53000020980835,5.5,5.53000020980835,207600
2026-06-09 14:10:00+00:00,MGLU3.SA,5.53000020980835,5.550000190734863,5.519999980926514,5.519999980926514,157400
2026-06-09 14:15:00+00:00,MGLU3.SA,5.519999980926514,5.53000020980835,5.510000228881836,5.510000228881836,74800
2026-06-09 14:20:00+00:00,MGLU3.SA,5.519999980926514,5.590000152587891,5.510000228881836,5.579999923706055,900300
2026-06-09 14:25:00+00:00,MGLU3.SA,5.579999923706055,5.590000152587891,5.550000190734863,5.550000190734863,404900
2026-06-09 14:30:00+00:00,MGLU3.SA,5.550000190734863,5.550000190734863,5.519999980926514,5.53000020980835,187300
2026-06-09 14:35:00+00:00,MGLU3.SA,5.53000020980835,5.550000190734863,5.519999980926514,5.53000020980835,224100
2026-06-09 14:40:00+00:00,MGLU3.SA,5.539999961853027,5.539999961853027,5.519999980926514,5.53000020980835,135700
2026-06-09 14:45:00+00:00,MGLU3.SA,5.53000020980835,5.53000020980835,5.5,5.510000228881836,237500
2026-06-09 14:50:00+00:00,MGLU3.SA,5.510000228881836,5.579999923706055,5.510000228881836,5.559999942779541,574000
2026-06-09 14:55:00+00:00,MGLU3.SA,5.559999942779541,5.579999923706055,5.539999961853027,5.539999961853027,430100
2026-06-09 15:00:00+00:00,MGLU3.SA,5.539999961853027,5.550000190734863,5.53000020980835,5.539999961853027,209300
2026-06-09 15:05:00+00:00,MGLU3.SA,5.550000190734863,5.550000190734863,5.53000020980835,5.539999961853027,93700
2026-06-09 15:10:00+00:00,MGLU3.SA,5.539999961853027,5.550000190734863,5.53000020980835,5.550000190734863,59300
2026-06-09 15:15:00+00:00,MGLU3.SA,5.550000190734863,5.550000190734863,5.53000020980835,5.539999961853027,130600
2026-06-09 15:20:00+00:00,MGLU3.SA,5.539999961853027,5.539999961853027,5.519999980926514,5.53000020980835,191100
2026-06-09 15:25:00+00:00,MGLU3.SA,5.53000020980835,5.539999961853027,5.510000228881836,5.510000228881836,279000
2026-06-09 15:30:00+00:00,MGLU3.SA,5.519999980926514,5.53000020980835,5.510000228881836,5.519999980926514,108300
2026-06-09 15:35:00+00:00,MGLU3.SA,5.519999980926514,5.519999980926514,5.5,5.519999980926514,299300
2026-06-09 15:40:00+00:00,MGLU3.SA,5.519999980926514,5.53000020980835,5.510000228881836,5.53000020980835,48600
2026-06-09 15:45:00+00:00,MGLU3.SA,5.53000020980835,5.53000020980835,5.510000228881836,5.53000020980835,119200
2026-06-09 15:50:00+00:00,MGLU3.SA,5.519999980926514,5.519999980926514,5.510000228881836,5.519999980926514,84000
2026-06-09 15:55:00+00:00,MGLU3.SA,5.519999980926514,5.550000190734863,5.510000228881836,5.519999980926514,447700
2026-06-09 16:00:00+00:00,MGLU3.SA,5.53000020980835,5.550000190734863,5.519999980926514,5.53000020980835,181000
2026-06-09 16:05:00+00:00,MGLU3.SA,5.53000020980835,5.570000171661377,5.53000020980835,5.559999942779541,218800
2026-06-09 16:10:00+00:00,MGLU3.SA,5.559999942779541,5.639999866485596,5.559999942779541,5.630000114440918,1274100
2026-06-09 16:15:00+00:00,MGLU3.SA,5.630000114440918,5.639999866485596,5.579999923706055,5.590000152587891,469200
2026-06-09 16:20:00+00:00,MGLU3.SA,5.579999923706055,5.599999904632568,5.579999923706055,5.590000152587891,118000
2026-06-09 16:25:00+00:00,MGLU3.SA,5.599999904632568,5.619999885559082,5.590000152587891,5.610000133514404,177500
2026-06-09 16:30:00+00:00,MGLU3.SA,5.610000133514404,5.619999885559082,5.590000152587891,5.590000152587891,95100
2026-06-09 16:35:00+00:00,MGLU3.SA,5.590000152587891,5.599999904632568,5.519999980926514,5.519999980926514,670800
2026-06-09 16:40:00+00:00,MGLU3.SA,5.519999980926514,5.53000020980835,5.489999771118164,5.53000020980835,1122100
2026-06-09 16:45:00+00:00,MGLU3.SA,5.53000020980835,5.550000190734863,5.519999980926514,5.539999961853027,153600
2026-06-09 16:50:00+00:00,MGLU3.SA,5.539999961853027,5.539999961853027,5.519999980926514,5.519999980926514,101800
2026-06-09 16:55:00+00:00,MGLU3.SA,5.519999980926514,5.559999942779541,5.519999980926514,5.559999942779541,134200
2026-06-09 17:00:00+00:00,MGLU3.SA,5.550000190734863,5.570000171661377,5.550000190734863,5.559999942779541,101300
2026-06-09 17:05:00+00:00,MGLU3.SA,5.559999942779541,5.579999923706055,5.559999942779541,5.559999942779541,199700
2026-06-09 17:10:00+00:00,MGLU3.SA,5.570000171661377,5.579999923706055,5.550000190734863,5.559999942779541,145000
2026-06-09 17:15:00+00:00,MGLU3.SA,5.559999942779541,5.590000152587891,5.559999942779541,5.570000171661377,270300
2026-06-09 17:20:00+00:00,MGLU3.SA,5.579999923706055,5.630000114440918,5.579999923706055,5.619999885559082,564300
2026-06-09 17:25:00+00:00,MGLU3.SA,5.610000133514404,5.619999885559082,5.599999904632568,5.610000133514404,166500
2026-06-09 17:30:00+00:00,MGLU3.SA,5.610000133514404,5.630000114440918,5.610000133514404,5.630000114440918,144100
2026-06-09 17:35:00+00:00,MGLU3.SA,5.630000114440918,5.630000114440918,5.610000133514404,5.630000114440918,232600
2026-06-09 17:40:00+00:00,MGLU3.SA,5.630000114440918,5.659999847412109,5.610000133514404,5.610000133514404,454800
2026-06-09 17:45:00+00:00,MGLU3.SA,5.610000133514404,5.619999885559082,5.590000152587891,5.599999904632568,153500
2026-06-09 17:50:00+00:00,MGLU3.SA,5.599999904632568,5.610000133514404,5.579999923706055,5.579999923706055,169800
2026-06-09 17:55:00+00:00,MGLU3.SA,5.579999923706055,5.590000152587891,5.579999923706055,5.579999923706055,81000
2026-06-09 18:00:00+00:00,MGLU3.SA,5.579999923706055,5.599999904632568,5.579999923706055,5.590000152587891,95000
2026-06-09 18:05:00+00:00,MGLU3.SA,5.590000152587891,5.599999904632568,5.590000152587891,5.599999904632568,56200
2026-06-09 18:10:00+00:00,MGLU3.SA,5.590000152587891,5.599999904632568,5.590000152587891,5.599999904632568,43400
2026-06-09 18:15:00+00:00,MGLU3.SA,5.599999904632568,5.610000133514404,5.590000152587891,5.610000133514404,44200
2026-06-09 18:20:00+00:00,MGLU3.SA,5.610000133514404,5.610000133514404,5.599999904632568,5.599999904632568,38500
2026-06-09 18:25:00+00:00,MGLU3.SA,5.610000133514404,5.610000133514404,5.599999904632568,5.610000133514404,27500
2026-06-09 18:30:00+00:00,MGLU3.SA,5.610000133514404,5.619999885559082,5.590000152587891,5.590000152587891,134100
2026-06-09 18:35:00+00:00,MGLU3.SA,5.590000152587891,5.599999904632568,5.590000152587891,5.590000152587891,16800
2026-06-09 18:40:00+00:00,MGLU3.SA,5.590000152587891,5.599999904632568,5.590000152587891,5.590000152587891,41000
2026-06-09 18:45:00+00:00,MGLU3.SA,5.599999904632568,5.599999904632568,5.579999923706055,5.579999923706055,118800
2026-06-09 18:50:00+00:00,MGLU3.SA,5.590000152587891,5.590000152587891,5.579999923706055,5.590000152587891,66900
2026-06-09 18:55:00+00:00,MGLU3.SA,5.590000152587891,5.599999904632568,5.579999923706055,5.590000152587891,232700
2026-06-09 19:00:00+00:00,MGLU3.SA,5.599999904632568,5.599999904632568,5.590000152587891,5.599999904632568,64000
2026-06-09 19:05:00+00:00,MGLU3.SA,5.599999904632568,5.599999904632568,5.579999923706055,5.590000152587891,102100
2026-06-09 19:10:00+00:00,MGLU3.SA,5.590000152587891,5.590000152587891,5.579999923706055,5.590000152587891,42500
2026-06-09 19:15:00+00:00,MGLU3.SA,5.590000152587891,5.590000152587891,5.539999961853027,5.559999942779541,580900
2026-06-09 19:20:00+00:00,MGLU3.SA,5.559999942779541,5.559999942779541,5.550000190734863,5.559999942779541,50000
2026-06-09 19:25:00+00:00,MGLU3.SA,5.550000190734863,5.559999942779541,5.539999961853027,5.539999961853027,163000
2026-06-09 19:30:00+00:00,MGLU3.SA,5.550000190734863,5.550000190734863,5.519999980926514,5.519999980926514,330500
2026-06-09 19:35:00+00:00,MGLU3.SA,5.53000020980835,5.53000020980835,5.519999980926514,5.53000020980835,482100
2026-06-09 19:40:00+00:00,MGLU3.SA,5.53000020980835,5.53000020980835,5.510000228881836,5.519999980926514,578000
2026-06-09 19:45:00+00:00,MGLU3.SA,5.519999980926514,5.53000020980835,5.510000228881836,5.53000020980835,267400
2026-06-09 19:50:00+00:00,MGLU3.SA,5.53000020980835,5.539999961853027,5.510000228881836,5.519999980926514,848800
2026-06-10 13:00:00+00:00,MGLU3.SA,5.460000038146973,5.460000038146973,5.409999847412109,5.429999828338623,0
2026-06-10 13:05:00+00:00,MGLU3.SA,5.429999828338623,5.46999979019165,5.409999847412109,5.429999828338623,554000
2026-06-10 13:10:00+00:00,MGLU3.SA,5.440000057220459,5.440000057220459,5.409999847412109,5.420000076293945,410100
2026-06-10 13:15:00+00:00,MGLU3.SA,5.420000076293945,5.420000076293945,5.360000133514404,5.369999885559082,798900
2026-06-10 13:20:00+00:00,MGLU3.SA,5.369999885559082,5.380000114440918,5.349999904632568,5.349999904632568,440800
2026-06-10 13:25:00+00:00,MGLU3.SA,5.349999904632568,5.369999885559082,5.309999942779541,5.320000171661377,646900
2026-06-10 13:30:00+00:00,MGLU3.SA,5.320000171661377,5.349999904632568,5.320000171661377,5.349999904632568,261000
2026-06-10 13:35:00+00:00,MGLU3.SA,5.340000152587891,5.349999904632568,5.320000171661377,5.329999923706055,676300
2026-06-10 13:40:00+00:00,MGLU3.SA,5.329999923706055,5.349999904632568,5.320000171661377,5.349999904632568,147200
2026-06-10 13:45:00+00:00,MGLU3.SA,5.349999904632568,5.360000133514404,5.340000152587891,5.349999904632568,344800
2026-06-10 13:50:00+00:00,MGLU3.SA,5.340000152587891,5.340000152587891,5.320000171661377,5.340000152587891,261900
2026-06-10 13:55:00+00:00,MGLU3.SA,5.340000152587891,5.340000152587891,5.320000171661377,5.329999923706055,110600
2026-06-10 14:00:00+00:00,MGLU3.SA,5.329999923706055,5.369999885559082,5.329999923706055,5.340000152587891,299100
2026-06-10 14:05:00+00:00,MGLU3.SA,5.349999904632568,5.369999885559082,5.340000152587891,5.360000133514404,139000
2026-06-10 14:10:00+00:00,MGLU3.SA,5.360000133514404,5.369999885559082,5.349999904632568,5.349999904632568,123000
2026-06-10 14:15:00+00:00,MGLU3.SA,5.349999904632568,5.360000133514404,5.329999923706055,5.340000152587891,121100
2026-06-10 14:20:00+00:00,MGLU3.SA,5.329999923706055,5.349999904632568,5.329999923706055,5.349999904632568,173000
2026-06-10 14:25:00+00:00,MGLU3.SA,5.349999904632568,5.349999904632568,5.340000152587891,5.349999904632568,55600
2026-06-10 14:30:00+00:00,MGLU3.SA,5.349999904632568,5.349999904632568,5.340000152587891,5.349999904632568,46800
2026-06-10 14:35:00+00:00,MGLU3.SA,5.349999904632568,5.349999904632568,5.329999923706055,5.329999923706055,81300
2026-06-10 14:40:00+00:00,MGLU3.SA,5.329999923706055,5.349999904632568,5.329999923706055,5.329999923706055,134600
2026-06-10 14:45:00+00:00,MGLU3.SA,5.329999923706055,5.349999904632568,5.329999923706055,5.340000152587891,281000
2026-06-10 14:50:00+00:00,MGLU3.SA,5.340000152587891,5.349999904632568,5.329999923706055,5.340000152587891,232500
2026-06-10 14:55:00+00:00,MGLU3.SA,5.329999923706055,5.340000152587891,5.309999942779541,5.320000171661377,355400
2026-06-10 15:00:00+00:00,MGLU3.SA,5.320000171661377,5.340000152587891,5.309999942779541,5.329999923706055,102100
2026-06-10 15:05:00+00:00,MGLU3.SA,5.329999923706055,5.340000152587891,5.329999923706055,5.329999923706055,20000
2026-06-10 15:10:00+00:00,MGLU3.SA,5.329999923706055,5.349999904632568,5.329999923706055,5.349999904632568,80100
2026-06-10 15:15:00+00:00,MGLU3.SA,5.340000152587891,5.349999904632568,5.340000152587891,5.349999904632568,56400
2026-06-10 15:20:00+00:00,MGLU3.SA,5.340000152587891,5.360000133514404,5.340000152587891,5.349999904632568,150900
2026-06-10 15:25:00+00:00,MGLU3.SA,5.340000152587891,5.380000114440918,5.329999923706055,5.349999904632568,565100
2026-06-10 15:30:00+00:00,MGLU3.SA,5.349999904632568,5.349999904632568,5.340000152587891,5.349999904632568,39500
2026-06-10 15:35:00+00:00,MGLU3.SA,5.349999904632568,5.349999904632568,5.329999923706055,5.329999923706055,135800
2026-06-10 15:40:00+00:00,MGLU3.SA,5.340000152587891,5.349999904632568,5.329999923706055,5.340000152587891,72600
2026-06-10 15:45:00+00:00,MGLU3.SA,5.329999923706055,5.340000152587891,5.28000020980835,5.309999942779541,1065600
2026-06-10 15:50:00+00:00,MGLU3.SA,5.309999942779541,5.329999923706055,5.300000190734863,5.320000171661377,130600
2026-06-10 15:55:00+00:00,MGLU3.SA,5.320000171661377,5.329999923706055,5.300000190734863,5.309999942779541,440700
2026-06-10 16:00:00+00:00,MGLU3.SA,5.320000171661377,5.320000171661377,5.309999942779541,5.309999942779541,228400
2026-06-10 16:05:00+00:00,MGLU3.SA,5.309999942779541,5.320000171661377,5.300000190734863,5.300000190734863,181900
2026-06-10 16:10:00+00:00,MGLU3.SA,5.309999942779541,5.309999942779541,5.300000190734863,5.300000190734863,262100
2026-06-10 16:15:00+00:00,MGLU3.SA,5.309999942779541,5.309999942779541,5.300000190734863,5.300000190734863,44100
2026-06-10 16:20:00+00:00,MGLU3.SA,5.309999942779541,5.320000171661377,5.300000190734863,5.309999942779541,68300
2026-06-10 16:25:00+00:00,MGLU3.SA,5.309999942779541,5.320000171661377,5.300000190734863,5.309999942779541,87400
2026-06-10 16:30:00+00:00,MGLU3.SA,5.320000171661377,5.320000171661377,5.309999942779541,5.309999942779541,41900
2026-06-10 16:35:00+00:00,MGLU3.SA,5.309999942779541,5.320000171661377,5.309999942779541,5.309999942779541,26400
2026-06-10 16:40:00+00:00,MGLU3.SA,5.320000171661377,5.320000171661377,5.309999942779541,5.309999942779541,36400
2026-06-10 16:45:00+00:00,MGLU3.SA,5.320000171661377,5.320000171661377,5.260000228881836,5.28000020980835,613200
2026-06-10 16:50:00+00:00,MGLU3.SA,5.28000020980835,5.28000020980835,5.260000228881836,5.269999980926514,253200
2026-06-10 16:55:00+00:00,MGLU3.SA,5.269999980926514,5.28000020980835,5.260000228881836,5.269999980926514,196000
2026-06-10 17:00:00+00:00,MGLU3.SA,5.28000020980835,5.28000020980835,5.269999980926514,5.269999980926514,51000
2026-06-10 17:05:00+00:00,MGLU3.SA,5.28000020980835,5.300000190734863,5.269999980926514,5.28000020980835,250700
2026-06-10 17:10:00+00:00,MGLU3.SA,5.269999980926514,5.28000020980835,5.239999771118164,5.25,733300
2026-06-10 17:15:00+00:00,MGLU3.SA,5.260000228881836,5.260000228881836,5.239999771118164,5.239999771118164,136800
2026-06-10 17:20:00+00:00,MGLU3.SA,5.239999771118164,5.260000228881836,5.239999771118164,5.239999771118164,80200
2026-06-10 17:25:00+00:00,MGLU3.SA,5.25,5.25,5.230000019073486,5.230000019073486,266900
2026-06-10 17:30:00+00:00,MGLU3.SA,5.239999771118164,5.260000228881836,5.230000019073486,5.260000228881836,220700
2026-06-10 17:35:00+00:00,MGLU3.SA,5.25,5.260000228881836,5.25,5.25,64900
2026-06-10 17:40:00+00:00,MGLU3.SA,5.25,5.269999980926514,5.25,5.260000228881836,178000
2026-06-10 17:45:00+00:00,MGLU3.SA,5.25,5.269999980926514,5.25,5.260000228881836,148600
2026-06-10 17:50:00+00:00,MGLU3.SA,5.269999980926514,5.269999980926514,5.25,5.260000228881836,212200
2026-06-10 17:55:00+00:00,MGLU3.SA,5.25,5.260000228881836,5.239999771118164,5.239999771118164,214100
2026-06-10 18:00:00+00:00,MGLU3.SA,5.25,5.25,5.21999979019165,5.230000019073486,312500
2026-06-10 18:05:00+00:00,MGLU3.SA,5.239999771118164,5.239999771118164,5.21999979019165,5.21999979019165,144800
2026-06-10 18:10:00+00:00,MGLU3.SA,5.230000019073486,5.230000019073486,5.210000038146973,5.21999979019165,392900
2026-06-10 18:15:00+00:00,MGLU3.SA,5.21999979019165,5.230000019073486,5.199999809265137,5.210000038146973,244200
2026-06-10 18:20:00+00:00,MGLU3.SA,5.210000038146973,5.21999979019165,5.199999809265137,5.210000038146973,396300
2026-06-10 18:25:00+00:00,MGLU3.SA,5.21999979019165,5.239999771118164,5.210000038146973,5.230000019073486,191800
2026-06-10 18:30:00+00:00,MGLU3.SA,5.230000019073486,5.239999771118164,5.230000019073486,5.230000019073486,61700
2026-06-10 18:35:00+00:00,MGLU3.SA,5.239999771118164,5.239999771118164,5.21999979019165,5.230000019073486,114200
2026-06-10 18:40:00+00:00,MGLU3.SA,5.239999771118164,5.25,5.230000019073486,5.239999771118164,207500
2026-06-10 18:45:00+00:00,MGLU3.SA,5.239999771118164,5.25,5.199999809265137,5.210000038146973,448000
2026-06-10 18:50:00+00:00,MGLU3.SA,5.210000038146973,5.21999979019165,5.190000057220459,5.210000038146973,369100
2026-06-10 18:55:00+00:00,MGLU3.SA,5.199999809265137,5.210000038146973,5.190000057220459,5.190000057220459,96000
2026-06-10 19:00:00+00:00,MGLU3.SA,5.199999809265137,5.210000038146973,5.179999828338623,5.210000038146973,322100
2026-06-10 19:05:00+00:00,MGLU3.SA,5.199999809265137,5.210000038146973,5.190000057220459,5.210000038146973,67700
2026-06-10 19:10:00+00:00,MGLU3.SA,5.199999809265137,5.21999979019165,5.199999809265137,5.21999979019165,162700
2026-06-10 19:15:00+00:00,MGLU3.SA,5.21999979019165,5.21999979019165,5.199999809265137,5.210000038146973,152300
2026-06-10 19:20:00+00:00,MGLU3.SA,5.210000038146973,5.210000038146973,5.199999809265137,5.199999809265137,41300
2026-06-10 19:25:00+00:00,MGLU3.SA,5.210000038146973,5.210000038146973,5.199999809265137,5.210000038146973,87500
2026-06-10 19:30:00+00:00,MGLU3.SA,5.210000038146973,5.210000038146973,5.190000057220459,5.199999809265137,169300
2026-06-10 19:35:00+00:00,MGLU3.SA,5.199999809265137,5.210000038146973,5.159999847412109,5.170000076293945,1248700
2026-06-10 19:40:00+00:00,MGLU3.SA,5.170000076293945,5.179999828338623,5.159999847412109,5.179999828338623,222800
2026-06-10 19:45:00+00:00,MGLU3.SA,5.170000076293945,5.179999828338623,5.139999866485596,5.139999866485596,774200
2026-06-10 19:50:00+00:00,MGLU3.SA,5.139999866485596,5.159999847412109,5.130000114440918,5.130000114440918,610700
2026-06-11 13:00:00+00:00,MGLU3.SA,5.159999847412109,5.170000076293945,5.130000114440918,5.130000114440918,0
2026-06-11 13:05:00+00:00,MGLU3.SA,5.130000114440918,5.159999847412109,5.110000133514404,5.139999866485596,949200
2026-06-11 13:10:00+00:00,MGLU3.SA,5.139999866485596,5.139999866485596,5.099999904632568,5.130000114440918,600800
2026-06-11 13:15:00+00:00,MGLU3.SA,5.130000114440918,5.170000076293945,5.119999885559082,5.159999847412109,597300
2026-06-11 13:20:00+00:00,MGLU3.SA,5.150000095367432,5.199999809265137,5.150000095367432,5.159999847412109,667900
2026-06-11 13:25:00+00:00,MGLU3.SA,5.159999847412109,5.170000076293945,5.150000095367432,5.170000076293945,107300
2026-06-11 13:30:00+00:00,MGLU3.SA,5.150000095367432,5.179999828338623,5.139999866485596,5.159999847412109,550600
2026-06-11 13:35:00+00:00,MGLU3.SA,5.170000076293945,5.179999828338623,5.150000095367432,5.170000076293945,288200
2026-06-11 13:40:00+00:00,MGLU3.SA,5.179999828338623,5.25,5.159999847412109,5.199999809265137,1155200
2026-06-11 13:45:00+00:00,MGLU3.SA,5.199999809265137,5.21999979019165,5.190000057220459,5.210000038146973,221500
2026-06-11 13:50:00+00:00,MGLU3.SA,5.210000038146973,5.25,5.199999809265137,5.230000019073486,291200
2026-06-11 13:55:00+00:00,MGLU3.SA,5.239999771118164,5.239999771118164,5.21999979019165,5.230000019073486,147200
2026-06-11 14:00:00+00:00,MGLU3.SA,5.21999979019165,5.269999980926514,5.21999979019165,5.260000228881836,606300
2026-06-11 14:05:00+00:00,MGLU3.SA,5.260000228881836,5.28000020980835,5.260000228881836,5.269999980926514,509500
2026-06-11 14:10:00+00:00,MGLU3.SA,5.28000020980835,5.28000020980835,5.210000038146973,5.210000038146973,625400
2026-06-11 14:15:00+00:00,MGLU3.SA,5.21999979019165,5.21999979019165,5.199999809265137,5.199999809265137,259000
2026-06-11 14:20:00+00:00,MGLU3.SA,5.199999809265137,5.230000019073486,5.199999809265137,5.210000038146973,229100
2026-06-11 14:25:00+00:00,MGLU3.SA,5.210000038146973,5.21999979019165,5.150000095367432,5.170000076293945,917300
2026-06-11 14:30:00+00:00,MGLU3.SA,5.170000076293945,5.170000076293945,5.150000095367432,5.170000076293945,243200
2026-06-11 14:35:00+00:00,MGLU3.SA,5.170000076293945,5.190000057220459,5.159999847412109,5.190000057220459,204700
2026-06-11 14:40:00+00:00,MGLU3.SA,5.190000057220459,5.190000057220459,5.159999847412109,5.170000076293945,236500
2026-06-11 14:45:00+00:00,MGLU3.SA,5.170000076293945,5.170000076293945,5.150000095367432,5.159999847412109,215300
2026-06-11 14:50:00+00:00,MGLU3.SA,5.150000095367432,5.159999847412109,5.139999866485596,5.150000095367432,404700
2026-06-11 14:55:00+00:00,MGLU3.SA,5.159999847412109,5.159999847412109,5.139999866485596,5.150000095367432,79000
2026-06-11 15:00:00+00:00,MGLU3.SA,5.150000095367432,5.159999847412109,5.139999866485596,5.159999847412109,93500
2026-06-11 15:05:00+00:00,MGLU3.SA,5.159999847412109,5.159999847412109,5.139999866485596,5.159999847412109,167700
2026-06-11 15:10:00+00:00,MGLU3.SA,5.159999847412109,5.21999979019165,5.159999847412109,5.170000076293945,804200
2026-06-11 15:15:00+00:00,MGLU3.SA,5.179999828338623,5.179999828338623,5.159999847412109,5.170000076293945,109000
2026-06-11 15:20:00+00:00,MGLU3.SA,5.170000076293945,5.199999809265137,5.159999847412109,5.179999828338623,209100
2026-06-11 15:25:00+00:00,MGLU3.SA,5.179999828338623,5.190000057220459,5.179999828338623,5.179999828338623,43900
2026-06-11 15:30:00+00:00,MGLU3.SA,5.179999828338623,5.190000057220459,5.179999828338623,5.190000057220459,128700
2026-06-11 15:35:00+00:00,MGLU3.SA,5.190000057220459,5.190000057220459,5.170000076293945,5.179999828338623,46600
2026-06-11 15:40:00+00:00,MGLU3.SA,5.179999828338623,5.179999828338623,5.170000076293945,5.179999828338623,25800
2026-06-11 15:45:00+00:00,MGLU3.SA,5.179999828338623,5.179999828338623,5.150000095367432,5.170000076293945,152000
2026-06-11 15:50:00+00:00,MGLU3.SA,5.159999847412109,5.179999828338623,5.150000095367432,5.159999847412109,288500
2026-06-11 15:55:00+00:00,MGLU3.SA,5.159999847412109,5.159999847412109,5.139999866485596,5.159999847412109,208000
2026-06-11 16:00:00+00:00,MGLU3.SA,5.150000095367432,5.159999847412109,5.139999866485596,5.139999866485596,92700
2026-06-11 16:05:00+00:00,MGLU3.SA,5.150000095367432,5.159999847412109,5.150000095367432,5.159999847412109,28600
2026-06-11 16:10:00+00:00,MGLU3.SA,5.150000095367432,5.159999847412109,5.150000095367432,5.159999847412109,21300
2026-06-11 16:15:00+00:00,MGLU3.SA,5.159999847412109,5.170000076293945,5.150000095367432,5.159999847412109,67400
2026-06-11 16:20:00+00:00,MGLU3.SA,5.150000095367432,5.159999847412109,5.139999866485596,5.150000095367432,129600
2026-06-11 16:25:00+00:00,MGLU3.SA,5.150000095367432,5.159999847412109,5.139999866485596,5.150000095367432,109100
2026-06-11 16:30:00+00:00,MGLU3.SA,5.150000095367432,5.150000095367432,5.130000114440918,5.130000114440918,275500
2026-06-11 16:35:00+00:00,MGLU3.SA,5.130000114440918,5.139999866485596,5.119999885559082,5.130000114440918,57900
2026-06-11 16:40:00+00:00,MGLU3.SA,5.119999885559082,5.139999866485596,5.119999885559082,5.139999866485596,101900
2026-06-11 16:45:00+00:00,MGLU3.SA,5.130000114440918,5.139999866485596,5.119999885559082,5.130000114440918,115500
2026-06-11 16:50:00+00:00,MGLU3.SA,5.119999885559082,5.130000114440918,5.110000133514404,5.119999885559082,186500
2026-06-11 16:55:00+00:00,MGLU3.SA,5.119999885559082,5.130000114440918,5.110000133514404,5.130000114440918,62800
2026-06-11 17:00:00+00:00,MGLU3.SA,5.130000114440918,5.130000114440918,5.110000133514404,5.130000114440918,241800
2026-06-11 17:05:00+00:00,MGLU3.SA,5.139999866485596,5.150000095367432,5.130000114440918,5.150000095367432,86400
2026-06-11 17:10:00+00:00,MGLU3.SA,5.150000095367432,5.150000095367432,5.099999904632568,5.119999885559082,241200
2026-06-11 17:15:00+00:00,MGLU3.SA,5.110000133514404,5.119999885559082,5.099999904632568,5.110000133514404,113100
2026-06-11 17:20:00+00:00,MGLU3.SA,5.099999904632568,5.130000114440918,5.099999904632568,5.130000114440918,142000
2026-06-11 17:25:00+00:00,MGLU3.SA,5.130000114440918,5.170000076293945,5.119999885559082,5.170000076293945,941300
2026-06-11 17:30:00+00:00,MGLU3.SA,5.179999828338623,5.21999979019165,5.170000076293945,5.199999809265137,1366300
2026-06-11 17:35:00+00:00,MGLU3.SA,5.199999809265137,5.25,5.199999809265137,5.25,767500
2026-06-11 17:40:00+00:00,MGLU3.SA,5.260000228881836,5.269999980926514,5.239999771118164,5.260000228881836,593100
2026-06-11 17:45:00+00:00,MGLU3.SA,5.25,5.260000228881836,5.239999771118164,5.260000228881836,587400
2026-06-11 17:50:00+00:00,MGLU3.SA,5.260000228881836,5.260000228881836,5.230000019073486,5.260000228881836,314800
2026-06-11 17:55:00+00:00,MGLU3.SA,5.260000228881836,5.269999980926514,5.239999771118164,5.25,375300
2026-06-11 18:00:00+00:00,MGLU3.SA,5.25,5.269999980926514,5.230000019073486,5.230000019073486,336900
2026-06-11 18:05:00+00:00,MGLU3.SA,5.230000019073486,5.239999771118164,5.199999809265137,5.199999809265137,183900
2026-06-11 18:10:00+00:00,MGLU3.SA,5.199999809265137,5.230000019073486,5.199999809265137,5.230000019073486,155800
2026-06-11 18:15:00+00:00,MGLU3.SA,5.230000019073486,5.25,5.21999979019165,5.25,87500
2026-06-11 18:20:00+00:00,MGLU3.SA,5.25,5.260000228881836,5.21999979019165,5.230000019073486,209600
2026-06-11 18:25:00+00:00,MGLU3.SA,5.230000019073486,5.25,5.210000038146973,5.210000038146973,293300
2026-06-11 18:30:00+00:00,MGLU3.SA,5.210000038146973,5.230000019073486,5.199999809265137,5.199999809265137,406500
2026-06-11 18:35:00+00:00,MGLU3.SA,5.199999809265137,5.21999979019165,5.199999809265137,5.199999809265137,392100
2026-06-11 18:40:00+00:00,MGLU3.SA,5.199999809265137,5.21999979019165,5.199999809265137,5.199999809265137,218300
2026-06-11 18:45:00+00:00,MGLU3.SA,5.210000038146973,5.21999979019165,5.199999809265137,5.210000038146973,191900
2026-06-11 18:50:00+00:00,MGLU3.SA,5.210000038146973,5.21999979019165,5.199999809265137,5.199999809265137,238100
2026-06-11 18:55:00+00:00,MGLU3.SA,5.210000038146973,5.210000038146973,5.199999809265137,5.210000038146973,56600
2026-06-11 19:00:00+00:00,MGLU3.SA,5.199999809265137,5.230000019073486,5.199999809265137,5.230000019073486,214800
2026-06-11 19:05:00+00:00,MGLU3.SA,5.230000019073486,5.260000228881836,5.210000038146973,5.260000228881836,402100
2026-06-11 19:10:00+00:00,MGLU3.SA,5.260000228881836,5.260000228881836,5.230000019073486,5.239999771118164,233600
2026-06-11 19:15:00+00:00,MGLU3.SA,5.239999771118164,5.25,5.239999771118164,5.239999771118164,151500
2026-06-11 19:20:00+00:00,MGLU3.SA,5.25,5.260000228881836,5.239999771118164,5.260000228881836,151400
2026-06-11 19:25:00+00:00,MGLU3.SA,5.260000228881836,5.300000190734863,5.25,5.289999961853027,654600
2026-06-11 19:30:00+00:00,MGLU3.SA,5.289999961853027,5.349999904632568,5.289999961853027,5.329999923706055,531800
2026-06-11 19:35:00+00:00,MGLU3.SA,5.329999923706055,5.349999904632568,5.320000171661377,5.329999923706055,636300
2026-06-11 19:40:00+00:00,MGLU3.SA,5.320000171661377,5.349999904632568,5.320000171661377,5.340000152587891,319900
2026-06-11 19:45:00+00:00,MGLU3.SA,5.340000152587891,5.380000114440918,5.340000152587891,5.369999885559082,669300
2026-06-11 19:50:00+00:00,MGLU3.SA,5.369999885559082,5.380000114440918,5.269999980926514,5.320000171661377,1281300
2026-06-12 13:05:00+00:00,MGLU3.SA,5.230000019073486,5.320000171661377,5.21999979019165,5.309999942779541,367300
2026-06-12 13:10:00+00:00,MGLU3.SA,5.309999942779541,5.349999904632568,5.289999961853027,5.340000152587891,534000
2026-06-12 13:15:00+00:00,MGLU3.SA,5.349999904632568,5.369999885559082,5.329999923706055,5.369999885559082,435200
2026-06-12 13:20:00+00:00,MGLU3.SA,5.369999885559082,5.420000076293945,5.369999885559082,5.409999847412109,597600
2026-06-12 13:25:00+00:00,MGLU3.SA,5.409999847412109,5.440000057220459,5.389999866485596,5.420000076293945,524200
2026-06-12 13:30:00+00:00,MGLU3.SA,5.420000076293945,5.420000076293945,5.369999885559082,5.369999885559082,379400
2026-06-12 13:35:00+00:00,MGLU3.SA,5.380000114440918,5.400000095367432,5.369999885559082,5.389999866485596,207000
2026-06-12 13:40:00+00:00,MGLU3.SA,5.400000095367432,5.400000095367432,5.329999923706055,5.340000152587891,474400
2026-06-12 13:45:00+00:00,MGLU3.SA,5.349999904632568,5.360000133514404,5.329999923706055,5.329999923706055,336700
2026-06-12 13:50:00+00:00,MGLU3.SA,5.340000152587891,5.340000152587891,5.309999942779541,5.320000171661377,421900
2026-06-12 13:55:00+00:00,MGLU3.SA,5.320000171661377,5.340000152587891,5.320000171661377,5.340000152587891,82000
2026-06-12 14:00:00+00:00,MGLU3.SA,5.340000152587891,5.340000152587891,5.320000171661377,5.329999923706055,225500
2026-06-12 14:05:00+00:00,MGLU3.SA,5.329999923706055,5.329999923706055,5.309999942779541,5.309999942779541,188700
2026-06-12 14:10:00+00:00,MGLU3.SA,5.309999942779541,5.309999942779541,5.260000228881836,5.28000020980835,819700
2026-06-12 14:15:00+00:00,MGLU3.SA,5.28000020980835,5.300000190734863,5.269999980926514,5.269999980926514,308700
2026-06-12 14:20:00+00:00,MGLU3.SA,5.260000228881836,5.269999980926514,5.260000228881836,5.269999980926514,114000
2026-06-12 14:25:00+00:00,MGLU3.SA,5.260000228881836,5.28000020980835,5.260000228881836,5.28000020980835,197300
2026-06-12 14:30:00+00:00,MGLU3.SA,5.269999980926514,5.289999961853027,5.260000228881836,5.269999980926514,140000
2026-06-12 14:35:00+00:00,MGLU3.SA,5.28000020980835,5.289999961853027,5.269999980926514,5.28000020980835,205800
2026-06-12 14:40:00+00:00,MGLU3.SA,5.28000020980835,5.28000020980835,5.239999771118164,5.260000228881836,377200
2026-06-12 14:45:00+00:00,MGLU3.SA,5.25,5.269999980926514,5.25,5.260000228881836,45300
2026-06-12 14:50:00+00:00,MGLU3.SA,5.25,5.309999942779541,5.25,5.300000190734863,368900
2026-06-12 14:55:00+00:00,MGLU3.SA,5.300000190734863,5.329999923706055,5.289999961853027,5.329999923706055,221000
2026-06-12 15:00:00+00:00,MGLU3.SA,5.329999923706055,5.329999923706055,5.309999942779541,5.320000171661377,207100
2026-06-12 15:05:00+00:00,MGLU3.SA,5.320000171661377,5.340000152587891,5.320000171661377,5.329999923706055,301300
2026-06-12 15:10:00+00:00,MGLU3.SA,5.340000152587891,5.349999904632568,5.329999923706055,5.329999923706055,155600
2026-06-12 15:15:00+00:00,MGLU3.SA,5.329999923706055,5.329999923706055,5.309999942779541,5.309999942779541,100200
2026-06-12 15:20:00+00:00,MGLU3.SA,5.320000171661377,5.329999923706055,5.300000190734863,5.329999923706055,91000
2026-06-12 15:25:00+00:00,MGLU3.SA,5.320000171661377,5.329999923706055,5.309999942779541,5.309999942779541,30800
2026-06-12 15:30:00+00:00,MGLU3.SA,5.309999942779541,5.309999942779541,5.300000190734863,5.300000190734863,120800
2026-06-12 15:35:00+00:00,MGLU3.SA,5.309999942779541,5.320000171661377,5.28000020980835,5.289999961853027,191000
2026-06-12 15:40:00+00:00,MGLU3.SA,5.300000190734863,5.300000190734863,5.289999961853027,5.289999961853027,5900
2026-06-12 15:45:00+00:00,MGLU3.SA,5.289999961853027,5.300000190734863,5.289999961853027,5.300000190734863,18100
2026-06-12 15:50:00+00:00,MGLU3.SA,5.300000190734863,5.309999942779541,5.289999961853027,5.300000190734863,39300
2026-06-12 15:55:00+00:00,MGLU3.SA,5.309999942779541,5.309999942779541,5.289999961853027,5.289999961853027,26500
2026-06-12 16:00:00+00:00,MGLU3.SA,5.300000190734863,5.300000190734863,5.28000020980835,5.289999961853027,65100
2026-06-12 16:05:00+00:00,MGLU3.SA,5.289999961853027,5.300000190734863,5.289999961853027,5.300000190734863,17300
2026-06-12 16:10:00+00:00,MGLU3.SA,5.300000190734863,5.320000171661377,5.289999961853027,5.300000190734863,105500
2026-06-12 16:15:00+00:00,MGLU3.SA,5.309999942779541,5.320000171661377,5.300000190734863,5.300000190734863,74300
2026-06-12 16:20:00+00:00,MGLU3.SA,5.309999942779541,5.309999942779541,5.289999961853027,5.289999961853027,23800
2026-06-12 16:25:00+00:00,MGLU3.SA,5.289999961853027,5.300000190734863,5.28000020980835,5.28000020980835,79300
2026-06-12 16:30:00+00:00,MGLU3.SA,5.289999961853027,5.289999961853027,5.269999980926514,5.269999980926514,121600
2026-06-12 16:35:00+00:00,MGLU3.SA,5.269999980926514,5.289999961853027,5.260000228881836,5.28000020980835,142700
2026-06-12 16:40:00+00:00,MGLU3.SA,5.28000020980835,5.289999961853027,5.269999980926514,5.269999980926514,132900
2026-06-12 16:45:00+00:00,MGLU3.SA,5.269999980926514,5.28000020980835,5.269999980926514,5.269999980926514,44400
2026-06-12 16:50:00+00:00,MGLU3.SA,5.269999980926514,5.28000020980835,5.269999980926514,5.269999980926514,27900
2026-06-12 16:55:00+00:00,MGLU3.SA,5.269999980926514,5.289999961853027,5.269999980926514,5.289999961853027,39900
2026-06-12 17:00:00+00:00,MGLU3.SA,5.28000020980835,5.289999961853027,5.28000020980835,5.28000020980835,14600
2026-06-12 17:05:00+00:00,MGLU3.SA,5.28000020980835,5.300000190734863,5.28000020980835,5.28000020980835,88400
2026-06-12 17:10:00+00:00,MGLU3.SA,5.28000020980835,5.300000190734863,5.28000020980835,5.300000190734863,42100
2026-06-12 17:15:00+00:00,MGLU3.SA,5.289999961853027,5.300000190734863,5.289999961853027,5.289999961853027,55200
2026-06-12 17:20:00+00:00,MGLU3.SA,5.28000020980835,5.289999961853027,5.28000020980835,5.28000020980835,7400
2026-06-12 17:25:00+00:00,MGLU3.SA,5.28000020980835,5.289999961853027,5.28000020980835,5.28000020980835,57600
2026-06-12 17:30:00+00:00,MGLU3.SA,5.28000020980835,5.289999961853027,5.269999980926514,5.269999980926514,48100
2026-06-12 17:35:00+00:00,MGLU3.SA,5.269999980926514,5.289999961853027,5.269999980926514,5.269999980926514,38500
2026-06-12 17:40:00+00:00,MGLU3.SA,5.269999980926514,5.28000020980835,5.269999980926514,5.269999980926514,32000
2026-06-12 17:45:00+00:00,MGLU3.SA,5.269999980926514,5.28000020980835,5.269999980926514,5.269999980926514,18600
2026-06-12 17:50:00+00:00,MGLU3.SA,5.269999980926514,5.28000020980835,5.260000228881836,5.260000228881836,124800
2026-06-12 17:55:00+00:00,MGLU3.SA,5.260000228881836,5.269999980926514,5.25,5.260000228881836,78300
2026-06-12 18:00:00+00:00,MGLU3.SA,5.269999980926514,5.269999980926514,5.25,5.25,52800
2026-06-12 18:05:00+00:00,MGLU3.SA,5.25,5.260000228881836,5.25,5.260000228881836,10800
2026-06-12 18:10:00+00:00,MGLU3.SA,5.25,5.260000228881836,5.239999771118164,5.239999771118164,94800
2026-06-12 18:15:00+00:00,MGLU3.SA,5.239999771118164,5.260000228881836,5.239999771118164,5.25,98600
2026-06-12 18:20:00+00:00,MGLU3.SA,5.260000228881836,5.260000228881836,5.25,5.260000228881836,27000
2026-06-12 18:25:00+00:00,MGLU3.SA,5.25,5.28000020980835,5.25,5.28000020980835,137100
2026-06-12 18:30:00+00:00,MGLU3.SA,5.269999980926514,5.28000020980835,5.25,5.25,94200
2026-06-12 18:35:00+00:00,MGLU3.SA,5.25,5.260000228881836,5.21999979019165,5.230000019073486,770500
2026-06-12 18:40:00+00:00,MGLU3.SA,5.230000019073486,5.230000019073486,5.199999809265137,5.199999809265137,370500
2026-06-12 18:45:00+00:00,MGLU3.SA,5.199999809265137,5.210000038146973,5.190000057220459,5.210000038146973,380100
2026-06-12 18:50:00+00:00,MGLU3.SA,5.210000038146973,5.210000038146973,5.199999809265137,5.210000038146973,29700
2026-06-12 18:55:00+00:00,MGLU3.SA,5.199999809265137,5.210000038146973,5.199999809265137,5.199999809265137,146100
2026-06-12 19:00:00+00:00,MGLU3.SA,5.210000038146973,5.21999979019165,5.199999809265137,5.210000038146973,84100
2026-06-12 19:05:00+00:00,MGLU3.SA,5.21999979019165,5.21999979019165,5.210000038146973,5.21999979019165,40000
2026-06-12 19:10:00+00:00,MGLU3.SA,5.210000038146973,5.230000019073486,5.210000038146973,5.230000019073486,133400
2026-06-12 19:15:00+00:00,MGLU3.SA,5.21999979019165,5.230000019073486,5.21999979019165,5.230000019073486,129100
2026-06-12 19:20:00+00:00,MGLU3.SA,5.230000019073486,5.239999771118164,5.210000038146973,5.210000038146973,294200
2026-06-12 19:25:00+00:00,MGLU3.SA,5.21999979019165,5.230000019073486,5.210000038146973,5.21999979019165,81100
2026-06-12 19:30:00+00:00,MGLU3.SA,5.21999979019165,5.21999979019165,5.210000038146973,5.210000038146973,94600
2026-06-12 19:35:00+00:00,MGLU3.SA,5.210000038146973,5.239999771118164,5.199999809265137,5.21999979019165,570000
2026-06-12 19:40:00+00:00,MGLU3.SA,5.210000038146973,5.21999979019165,5.199999809265137,5.210000038146973,233000
2026-06-12 19:45:00+00:00,MGLU3.SA,5.210000038146973,5.21999979019165,5.199999809265137,5.210000038146973,444400
2026-06-12 19:50:00+00:00,MGLU3.SA,5.21999979019165,5.21999979019165,5.190000057220459,5.210000038146973,573900
