datetime,ticker,open,high,low,close,volume
2026-03-17 13:00:00+00:00,TOTS3.SA,35.130001068115234,35.2599983215332,35.060001373291016,35.2599983215332,0
2026-03-17 13:05:00+00:00,TOTS3.SA,35.22999954223633,35.34000015258789,35.09000015258789,35.22999954223633,21300
2026-03-17 13:10:00+00:00,TOTS3.SA,35.18000030517578,35.310001373291016,35.060001373291016,35.290000915527344,19000
2026-03-17 13:15:00+00:00,TOTS3.SA,35.2400016784668,35.45000076293945,35.189998626708984,35.45000076293945,16200
2026-03-17 13:20:00+00:00,TOTS3.SA,35.40999984741211,35.5,35.27000045776367,35.349998474121094,24400
2026-03-17 13:25:00+00:00,TOTS3.SA,35.31999969482422,35.38999938964844,35.290000915527344,35.38999938964844,12300
2026-03-17 13:30:00+00:00,TOTS3.SA,35.38999938964844,35.459999084472656,35.279998779296875,35.36000061035156,43100
2026-03-17 13:35:00+00:00,TOTS3.SA,35.349998474121094,35.59000015258789,35.349998474121094,35.58000183105469,26800
2026-03-17 13:40:00+00:00,TOTS3.SA,35.56999969482422,35.59000015258789,35.38999938964844,35.54999923706055,82100
2026-03-17 13:45:00+00:00,TOTS3.SA,35.54999923706055,35.63999938964844,35.5099983215332,35.59000015258789,57000
2026-03-17 13:50:00+00:00,TOTS3.SA,35.59000015258789,35.619998931884766,35.45000076293945,35.4900016784668,27800
2026-03-17 13:55:00+00:00,TOTS3.SA,35.470001220703125,35.59000015258789,35.45000076293945,35.4900016784668,56300
2026-03-17 14:00:00+00:00,TOTS3.SA,35.459999084472656,35.4900016784668,35.209999084472656,35.22999954223633,158900
2026-03-17 14:05:00+00:00,TOTS3.SA,35.2599983215332,35.41999816894531,35.25,35.380001068115234,80200
2026-03-17 14:10:00+00:00,TOTS3.SA,35.36000061035156,35.380001068115234,35.18000030517578,35.209999084472656,47800
2026-03-17 14:15:00+00:00,TOTS3.SA,35.18000030517578,35.29999923706055,35.15999984741211,35.29999923706055,19800
2026-03-17 14:20:00+00:00,TOTS3.SA,35.279998779296875,35.380001068115234,35.25,35.27000045776367,22300
2026-03-17 14:25:00+00:00,TOTS3.SA,35.2599983215332,35.34000015258789,35.220001220703125,35.34000015258789,24300
2026-03-17 14:30:00+00:00,TOTS3.SA,35.310001373291016,35.34000015258789,35.2400016784668,35.31999969482422,16000
2026-03-17 14:35:00+00:00,TOTS3.SA,35.29999923706055,35.33000183105469,35.150001525878906,35.150001525878906,31600
2026-03-17 14:40:00+00:00,TOTS3.SA,35.150001525878906,35.25,35.119998931884766,35.22999954223633,16700
2026-03-17 14:45:00+00:00,TOTS3.SA,35.2400016784668,35.2599983215332,35.13999938964844,35.220001220703125,16900
2026-03-17 14:50:00+00:00,TOTS3.SA,35.220001220703125,35.27000045776367,35.20000076293945,35.209999084472656,13400
2026-03-17 14:55:00+00:00,TOTS3.SA,35.20000076293945,35.25,35.20000076293945,35.220001220703125,14200
2026-03-17 15:00:00+00:00,TOTS3.SA,35.22999954223633,35.22999954223633,35.04999923706055,35.09000015258789,62600
2026-03-17 15:05:00+00:00,TOTS3.SA,35.099998474121094,35.099998474121094,34.939998626708984,34.970001220703125,43500
2026-03-17 15:10:00+00:00,TOTS3.SA,34.939998626708984,34.97999954223633,34.880001068115234,34.900001525878906,44500
2026-03-17 15:15:00+00:00,TOTS3.SA,34.900001525878906,34.91999816894531,34.75,34.75,48100
2026-03-17 15:20:00+00:00,TOTS3.SA,34.75,34.79999923706055,34.66999816894531,34.75,44100
2026-03-17 15:25:00+00:00,TOTS3.SA,34.75,34.79999923706055,34.689998626708984,34.689998626708984,29300
2026-03-17 15:30:00+00:00,TOTS3.SA,34.709999084472656,34.779998779296875,34.70000076293945,34.720001220703125,33100
2026-03-17 15:35:00+00:00,TOTS3.SA,34.720001220703125,34.79999923706055,34.720001220703125,34.790000915527344,23500
2026-03-17 15:40:00+00:00,TOTS3.SA,34.77000045776367,34.86000061035156,34.72999954223633,34.849998474121094,28700
2026-03-17 15:45:00+00:00,TOTS3.SA,34.86000061035156,34.86000061035156,34.779998779296875,34.81999969482422,21300
2026-03-17 15:50:00+00:00,TOTS3.SA,34.79999923706055,34.869998931884766,34.79999923706055,34.86000061035156,17100
2026-03-17 15:55:00+00:00,TOTS3.SA,34.86000061035156,34.900001525878906,34.81999969482422,34.900001525878906,21900
2026-03-17 16:00:00+00:00,TOTS3.SA,34.900001525878906,34.93000030517578,34.86000061035156,34.90999984741211,21100
2026-03-17 16:05:00+00:00,TOTS3.SA,34.88999938964844,34.90999984741211,34.81999969482422,34.849998474121094,29900
2026-03-17 16:10:00+00:00,TOTS3.SA,34.86000061035156,34.91999816894531,34.849998474121094,34.880001068115234,18800
2026-03-17 16:15:00+00:00,TOTS3.SA,34.880001068115234,34.91999816894531,34.86000061035156,34.88999938964844,19600
2026-03-17 16:20:00+00:00,TOTS3.SA,34.880001068115234,35.040000915527344,34.869998931884766,35.02000045776367,28800
2026-03-17 16:25:00+00:00,TOTS3.SA,35.0099983215332,35.040000915527344,34.959999084472656,34.97999954223633,17400
2026-03-17 16:30:00+00:00,TOTS3.SA,34.959999084472656,35.0,34.93000030517578,34.959999084472656,16200
2026-03-17 16:35:00+00:00,TOTS3.SA,34.959999084472656,34.97999954223633,34.88999938964844,34.97999954223633,15200
2026-03-17 16:40:00+00:00,TOTS3.SA,34.97999954223633,35.0099983215332,34.93000030517578,34.9900016784668,11900
2026-03-17 16:45:00+00:00,TOTS3.SA,35.0,35.02000045776367,34.939998626708984,34.959999084472656,15100
2026-03-17 16:50:00+00:00,TOTS3.SA,34.959999084472656,34.97999954223633,34.91999816894531,34.93000030517578,15600
2026-03-17 16:55:00+00:00,TOTS3.SA,34.939998626708984,35.0099983215332,34.91999816894531,34.970001220703125,15200
2026-03-17 17:00:00+00:00,TOTS3.SA,34.97999954223633,35.0099983215332,34.939998626708984,34.97999954223633,15800
2026-03-17 17:05:00+00:00,TOTS3.SA,34.970001220703125,35.0,34.91999816894531,34.9900016784668,17700
2026-03-17 17:10:00+00:00,TOTS3.SA,34.97999954223633,35.02000045776367,34.93000030517578,35.0099983215332,30400
2026-03-17 17:15:00+00:00,TOTS3.SA,35.0,35.060001373291016,35.0,35.029998779296875,22400
2026-03-17 17:20:00+00:00,TOTS3.SA,35.029998779296875,35.08000183105469,34.9900016784668,35.0,17300
2026-03-17 17:25:00+00:00,TOTS3.SA,34.9900016784668,35.04999923706055,34.97999954223633,35.040000915527344,12700
2026-03-17 17:30:00+00:00,TOTS3.SA,35.02000045776367,35.08000183105469,35.02000045776367,35.04999923706055,14400
2026-03-17 17:35:00+00:00,TOTS3.SA,35.04999923706055,35.099998474121094,35.02000045776367,35.08000183105469,19300
2026-03-17 17:40:00+00:00,TOTS3.SA,35.08000183105469,35.099998474121094,35.0,35.02000045776367,18100
2026-03-17 17:45:00+00:00,TOTS3.SA,35.02000045776367,35.060001373291016,34.97999954223633,35.029998779296875,23400
2026-03-17 17:50:00+00:00,TOTS3.SA,35.0,35.06999969482422,34.9900016784668,35.04999923706055,16800
2026-03-17 17:55:00+00:00,TOTS3.SA,35.06999969482422,35.06999969482422,34.9900016784668,35.029998779296875,17100
2026-03-17 18:00:00+00:00,TOTS3.SA,35.0,35.16999816894531,35.0,35.150001525878906,50700
2026-03-17 18:05:00+00:00,TOTS3.SA,35.15999984741211,35.40999984741211,35.13999938964844,35.22999954223633,172100
2026-03-17 18:10:00+00:00,TOTS3.SA,35.2400016784668,35.2400016784668,35.119998931884766,35.13999938964844,18200
2026-03-17 18:15:00+00:00,TOTS3.SA,35.119998931884766,35.130001068115234,35.04999923706055,35.060001373291016,17800
2026-03-17 18:20:00+00:00,TOTS3.SA,35.06999969482422,35.11000061035156,35.040000915527344,35.06999969482422,19600
2026-03-17 18:25:00+00:00,TOTS3.SA,35.09000015258789,35.09000015258789,34.93000030517578,34.95000076293945,23500
2026-03-17 18:30:00+00:00,TOTS3.SA,34.939998626708984,34.9900016784668,34.900001525878906,34.90999984741211,23500
2026-03-17 18:35:00+00:00,TOTS3.SA,34.939998626708984,34.95000076293945,34.84000015258789,34.88999938964844,20800
2026-03-17 18:40:00+00:00,TOTS3.SA,34.869998931884766,34.88999938964844,34.72999954223633,34.7400016784668,35600
2026-03-17 18:45:00+00:00,TOTS3.SA,34.7400016784668,34.75,34.65999984741211,34.75,40000
2026-03-17 18:50:00+00:00,TOTS3.SA,34.7400016784668,34.81999969482422,34.7400016784668,34.810001373291016,20900
2026-03-17 18:55:00+00:00,TOTS3.SA,34.810001373291016,34.84000015258789,34.7400016784668,34.75,28600
2026-03-17 19:00:00+00:00,TOTS3.SA,34.75,34.790000915527344,34.7400016784668,34.75,17200
2026-03-17 19:05:00+00:00,TOTS3.SA,34.75,34.779998779296875,34.720001220703125,34.7599983215332,22700
2026-03-17 19:10:00+00:00,TOTS3.SA,34.7599983215332,34.86000061035156,34.7599983215332,34.86000061035156,20700
2026-03-17 19:15:00+00:00,TOTS3.SA,34.84000015258789,34.86000061035156,34.68000030517578,34.720001220703125,35000
2026-03-17 19:20:00+00:00,TOTS3.SA,34.720001220703125,34.79999923706055,34.66999816894531,34.790000915527344,24400
2026-03-17 19:25:00+00:00,TOTS3.SA,34.790000915527344,34.790000915527344,34.720001220703125,34.7599983215332,22600
2026-03-17 19:30:00+00:00,TOTS3.SA,34.7599983215332,34.77000045776367,34.689998626708984,34.70000076293945,20700
2026-03-17 19:35:00+00:00,TOTS3.SA,34.70000076293945,34.720001220703125,34.619998931884766,34.66999816894531,47200
2026-03-17 19:40:00+00:00,TOTS3.SA,34.65999984741211,34.709999084472656,34.63999938964844,34.66999816894531,22800
2026-03-17 19:45:00+00:00,TOTS3.SA,34.66999816894531,34.709999084472656,34.650001525878906,34.66999816894531,32200
2026-03-17 19:50:00+00:00,TOTS3.SA,34.689998626708984,34.720001220703125,34.59000015258789,34.619998931884766,49700
2026-03-18 13:00:00+00:00,TOTS3.SA,34.459999084472656,34.599998474121094,34.2599983215332,34.279998779296875,0
2026-03-18 13:05:00+00:00,TOTS3.SA,34.310001373291016,34.31999969482422,34.119998931884766,34.13999938964844,41800
2026-03-18 13:10:00+00:00,TOTS3.SA,34.130001068115234,34.41999816894531,34.099998474121094,34.38999938964844,42500
2026-03-18 13:15:00+00:00,TOTS3.SA,34.380001068115234,34.459999084472656,34.27000045776367,34.34000015258789,25000
2026-03-18 13:20:00+00:00,TOTS3.SA,34.34000015258789,34.4900016784668,34.290000915527344,34.369998931884766,17500
2026-03-18 13:25:00+00:00,TOTS3.SA,34.36000061035156,34.459999084472656,34.31999969482422,34.38999938964844,27900
2026-03-18 13:30:00+00:00,TOTS3.SA,34.40999984741211,34.540000915527344,34.33000183105469,34.47999954223633,60700
2026-03-18 13:35:00+00:00,TOTS3.SA,34.47999954223633,34.52000045776367,34.439998626708984,34.52000045776367,26700
2026-03-18 13:40:00+00:00,TOTS3.SA,34.52000045776367,34.58000183105469,34.45000076293945,34.54999923706055,25100
2026-03-18 13:45:00+00:00,TOTS3.SA,34.54999923706055,34.54999923706055,34.459999084472656,34.459999084472656,29000
2026-03-18 13:50:00+00:00,TOTS3.SA,34.459999084472656,34.5099983215332,34.45000076293945,34.4900016784668,23700
2026-03-18 13:55:00+00:00,TOTS3.SA,34.4900016784668,34.540000915527344,34.45000076293945,34.5099983215332,25500
2026-03-18 14:00:00+00:00,TOTS3.SA,34.540000915527344,34.630001068115234,34.470001220703125,34.5099983215332,73200
2026-03-18 14:05:00+00:00,TOTS3.SA,34.52000045776367,34.58000183105469,34.52000045776367,34.540000915527344,26600
2026-03-18 14:10:00+00:00,TOTS3.SA,34.529998779296875,34.529998779296875,34.40999984741211,34.40999984741211,27400
2026-03-18 14:15:00+00:00,TOTS3.SA,34.40999984741211,34.459999084472656,34.40999984741211,34.43000030517578,23400
2026-03-18 14:20:00+00:00,TOTS3.SA,34.45000076293945,34.459999084472656,34.40999984741211,34.40999984741211,20900
2026-03-18 14:25:00+00:00,TOTS3.SA,34.41999816894531,34.43000030517578,34.11000061035156,34.18000030517578,82000
2026-03-18 14:30:00+00:00,TOTS3.SA,34.16999816894531,34.290000915527344,34.16999816894531,34.279998779296875,24800
2026-03-18 14:35:00+00:00,TOTS3.SA,34.29999923706055,34.29999923706055,34.18000030517578,34.2599983215332,63300
2026-03-18 14:40:00+00:00,TOTS3.SA,34.27000045776367,34.27000045776367,34.130001068115234,34.16999816894531,32200
2026-03-18 14:45:00+00:00,TOTS3.SA,34.189998626708984,34.2599983215332,34.189998626708984,34.209999084472656,23500
2026-03-18 14:50:00+00:00,TOTS3.SA,34.209999084472656,34.2400016784668,34.16999816894531,34.189998626708984,19700
2026-03-18 14:55:00+00:00,TOTS3.SA,34.20000076293945,34.279998779296875,34.18000030517578,34.2599983215332,31400
2026-03-18 15:00:00+00:00,TOTS3.SA,34.27000045776367,34.400001525878906,34.27000045776367,34.369998931884766,32300
2026-03-18 15:05:00+00:00,TOTS3.SA,34.36000061035156,34.439998626708984,34.349998474121094,34.43000030517578,27000
2026-03-18 15:10:00+00:00,TOTS3.SA,34.41999816894531,34.439998626708984,34.36000061035156,34.369998931884766,31100
2026-03-18 15:15:00+00:00,TOTS3.SA,34.38999938964844,34.41999816894531,34.29999923706055,34.29999923706055,21800
2026-03-18 15:20:00+00:00,TOTS3.SA,34.290000915527344,34.369998931884766,34.27000045776367,34.36000061035156,30900
2026-03-18 15:25:00+00:00,TOTS3.SA,34.349998474121094,34.439998626708984,34.349998474121094,34.40999984741211,32300
2026-03-18 15:30:00+00:00,TOTS3.SA,34.40999984741211,34.4900016784668,34.38999938964844,34.43000030517578,24800
2026-03-18 15:35:00+00:00,TOTS3.SA,34.40999984741211,34.45000076293945,34.38999938964844,34.41999816894531,22200
2026-03-18 15:40:00+00:00,TOTS3.SA,34.41999816894531,34.470001220703125,34.41999816894531,34.45000076293945,41100
2026-03-18 15:45:00+00:00,TOTS3.SA,34.45000076293945,34.4900016784668,34.40999984741211,34.470001220703125,60500
2026-03-18 15:50:00+00:00,TOTS3.SA,34.459999084472656,34.56999969482422,34.43000030517578,34.560001373291016,89100
2026-03-18 15:55:00+00:00,TOTS3.SA,34.560001373291016,34.56999969482422,34.5,34.5,197900
2026-03-18 16:00:00+00:00,TOTS3.SA,34.5099983215332,34.5099983215332,34.290000915527344,34.33000183105469,96200
2026-03-18 16:05:00+00:00,TOTS3.SA,34.310001373291016,34.41999816894531,34.27000045776367,34.349998474121094,76000
2026-03-18 16:10:00+00:00,TOTS3.SA,34.349998474121094,34.5099983215332,34.34000015258789,34.5099983215332,131100
2026-03-18 16:15:00+00:00,TOTS3.SA,34.5099983215332,34.52000045776367,34.400001525878906,34.439998626708984,71500
2026-03-18 16:20:00+00:00,TOTS3.SA,34.439998626708984,34.459999084472656,34.369998931884766,34.400001525878906,74800
2026-03-18 16:25:00+00:00,TOTS3.SA,34.40999984741211,34.41999816894531,34.310001373291016,34.36000061035156,67200
2026-03-18 16:30:00+00:00,TOTS3.SA,34.369998931884766,34.40999984741211,34.27000045776367,34.27000045776367,85800
2026-03-18 16:35:00+00:00,TOTS3.SA,34.279998779296875,34.310001373291016,34.2400016784668,34.29999923706055,82300
2026-03-18 16:40:00+00:00,TOTS3.SA,34.29999923706055,34.439998626708984,34.25,34.33000183105469,97400
2026-03-18 16:45:00+00:00,TOTS3.SA,34.33000183105469,34.36000061035156,34.25,34.27000045776367,85500
2026-03-18 16:50:00+00:00,TOTS3.SA,34.290000915527344,34.380001068115234,34.27000045776367,34.349998474121094,74900
2026-03-18 16:55:00+00:00,TOTS3.SA,34.36000061035156,34.65999984741211,34.33000183105469,34.619998931884766,139000
2026-03-18 17:00:00+00:00,TOTS3.SA,34.63999938964844,34.720001220703125,34.56999969482422,34.599998474121094,80000
2026-03-18 17:05:00+00:00,TOTS3.SA,34.61000061035156,34.61000061035156,34.529998779296875,34.540000915527344,32800
2026-03-18 17:10:00+00:00,TOTS3.SA,34.540000915527344,34.540000915527344,34.470001220703125,34.4900016784668,30900
2026-03-18 17:15:00+00:00,TOTS3.SA,34.5099983215332,34.560001373291016,34.4900016784668,34.54999923706055,28500
2026-03-18 17:20:00+00:00,TOTS3.SA,34.540000915527344,34.56999969482422,34.470001220703125,34.5099983215332,34500
2026-03-18 17:25:00+00:00,TOTS3.SA,34.529998779296875,34.540000915527344,34.470001220703125,34.470001220703125,21900
2026-03-18 17:30:00+00:00,TOTS3.SA,34.47999954223633,34.4900016784668,34.349998474121094,34.400001525878906,35800
2026-03-18 17:35:00+00:00,TOTS3.SA,34.43000030517578,34.47999954223633,34.380001068115234,34.459999084472656,29300
2026-03-18 17:40:00+00:00,TOTS3.SA,34.459999084472656,34.47999954223633,34.400001525878906,34.439998626708984,23900
2026-03-18 17:45:00+00:00,TOTS3.SA,34.439998626708984,34.58000183105469,34.43000030517578,34.540000915527344,28900
2026-03-18 17:50:00+00:00,TOTS3.SA,34.540000915527344,34.58000183105469,34.470001220703125,34.56999969482422,30000
2026-03-18 17:55:00+00:00,TOTS3.SA,34.56999969482422,34.72999954223633,34.529998779296875,34.650001525878906,39700
2026-03-18 18:00:00+00:00,TOTS3.SA,34.66999816894531,34.72999954223633,34.47999954223633,34.54999923706055,42200
2026-03-18 18:05:00+00:00,TOTS3.SA,34.54999923706055,34.54999923706055,34.47999954223633,34.47999954223633,27700
2026-03-18 18:10:00+00:00,TOTS3.SA,34.4900016784668,34.540000915527344,34.40999984741211,34.45000076293945,66600
2026-03-18 18:15:00+00:00,TOTS3.SA,34.45000076293945,34.45000076293945,34.310001373291016,34.380001068115234,58200
2026-03-18 18:20:00+00:00,TOTS3.SA,34.380001068115234,34.400001525878906,34.29999923706055,34.369998931884766,39700
2026-03-18 18:25:00+00:00,TOTS3.SA,34.369998931884766,34.380001068115234,34.310001373291016,34.369998931884766,25300
2026-03-18 18:30:00+00:00,TOTS3.SA,34.369998931884766,34.38999938964844,34.11000061035156,34.11000061035156,52200
2026-03-18 18:35:00+00:00,TOTS3.SA,34.119998931884766,34.27000045776367,34.11000061035156,34.15999984741211,119200
2026-03-18 18:40:00+00:00,TOTS3.SA,34.15999984741211,34.25,34.130001068115234,34.16999816894531,41700
2026-03-18 18:45:00+00:00,TOTS3.SA,34.16999816894531,34.16999816894531,34.119998931884766,34.13999938964844,33400
2026-03-18 18:50:00+00:00,TOTS3.SA,34.13999938964844,34.13999938964844,34.0,34.02000045776367,54000
2026-03-18 18:55:00+00:00,TOTS3.SA,34.02000045776367,34.060001373291016,33.91999816894531,33.93000030517578,49200
2026-03-18 19:00:00+00:00,TOTS3.SA,33.95000076293945,34.06999969482422,33.88999938964844,34.04999923706055,75600
2026-03-18 19:05:00+00:00,TOTS3.SA,34.06999969482422,34.09000015258789,34.02000045776367,34.060001373291016,54700
2026-03-18 19:10:00+00:00,TOTS3.SA,34.060001373291016,34.060001373291016,33.959999084472656,34.029998779296875,33800
2026-03-18 19:15:00+00:00,TOTS3.SA,34.029998779296875,34.040000915527344,33.959999084472656,33.970001220703125,36800
2026-03-18 19:20:00+00:00,TOTS3.SA,33.970001220703125,33.97999954223633,33.88999938964844,33.90999984741211,44300
2026-03-18 19:25:00+00:00,TOTS3.SA,33.88999938964844,33.959999084472656,33.84000015258789,33.959999084472656,110600
2026-03-18 19:30:00+00:00,TOTS3.SA,33.959999084472656,33.97999954223633,33.810001373291016,33.83000183105469,202400
2026-03-18 19:35:00+00:00,TOTS3.SA,33.83000183105469,33.91999816894531,33.7599983215332,33.91999816894531,77600
2026-03-18 19:40:00+00:00,TOTS3.SA,33.91999816894531,33.91999816894531,33.779998779296875,33.79999923706055,121500
2026-03-18 19:45:00+00:00,TOTS3.SA,33.79999923706055,33.79999923706055,33.68000030517578,33.75,95800
2026-03-18 19:50:00+00:00,TOTS3.SA,33.75,33.75,33.66999816894531,33.68000030517578,83800
2026-03-19 13:00:00+00:00,TOTS3.SA,33.38999938964844,33.400001525878906,33.29999923706055,33.349998474121094,0
2026-03-19 13:05:00+00:00,TOTS3.SA,33.380001068115234,33.47999954223633,33.33000183105469,33.439998626708984,44900
2026-03-19 13:10:00+00:00,TOTS3.SA,33.439998626708984,33.45000076293945,33.02000045776367,33.15999984741211,63500
2026-03-19 13:15:00+00:00,TOTS3.SA,33.13999938964844,33.40999984741211,33.11000061035156,33.36000061035156,34900
2026-03-19 13:20:00+00:00,TOTS3.SA,33.36000061035156,33.459999084472656,33.29999923706055,33.29999923706055,40200
2026-03-19 13:25:00+00:00,TOTS3.SA,33.310001373291016,33.470001220703125,33.279998779296875,33.40999984741211,38100
2026-03-19 13:30:00+00:00,TOTS3.SA,33.40999984741211,33.470001220703125,33.27000045776367,33.470001220703125,23200
2026-03-19 13:35:00+00:00,TOTS3.SA,33.47999954223633,33.90999984741211,33.43000030517578,33.88999938964844,30500
2026-03-19 13:40:00+00:00,TOTS3.SA,33.869998931884766,33.91999816894531,33.68000030517578,33.68000030517578,54300
2026-03-19 13:45:00+00:00,TOTS3.SA,33.68000030517578,33.84000015258789,33.65999984741211,33.779998779296875,35700
2026-03-19 13:50:00+00:00,TOTS3.SA,33.779998779296875,33.970001220703125,33.77000045776367,33.849998474121094,24300
2026-03-19 13:55:00+00:00,TOTS3.SA,33.849998474121094,34.029998779296875,33.810001373291016,33.880001068115234,35500
2026-03-19 14:00:00+00:00,TOTS3.SA,33.88999938964844,34.02000045776367,33.66999816894531,33.66999816894531,55600
2026-03-19 14:05:00+00:00,TOTS3.SA,33.65999984741211,33.7599983215332,33.65999984741211,33.689998626708984,21600
2026-03-19 14:10:00+00:00,TOTS3.SA,33.68000030517578,33.790000915527344,33.630001068115234,33.72999954223633,28500
2026-03-19 14:15:00+00:00,TOTS3.SA,33.7400016784668,33.77000045776367,33.650001525878906,33.68000030517578,20200
2026-03-19 14:20:00+00:00,TOTS3.SA,33.66999816894531,33.689998626708984,33.61000061035156,33.630001068115234,20200
2026-03-19 14:25:00+00:00,TOTS3.SA,33.619998931884766,33.630001068115234,33.45000076293945,33.59000015258789,41400
2026-03-19 14:30:00+00:00,TOTS3.SA,33.59000015258789,33.7400016784668,33.59000015258789,33.7400016784668,8600
2026-03-19 14:35:00+00:00,TOTS3.SA,33.7599983215332,33.81999969482422,33.689998626708984,33.720001220703125,12700
2026-03-19 14:40:00+00:00,TOTS3.SA,33.72999954223633,33.77000045776367,33.72999954223633,33.72999954223633,8400
2026-03-19 14:45:00+00:00,TOTS3.SA,33.72999954223633,33.72999954223633,33.689998626708984,33.709999084472656,14800
2026-03-19 14:50:00+00:00,TOTS3.SA,33.709999084472656,33.779998779296875,33.66999816894531,33.77000045776367,9700
2026-03-19 14:55:00+00:00,TOTS3.SA,33.779998779296875,33.790000915527344,33.599998474121094,33.630001068115234,98800
2026-03-19 15:00:00+00:00,TOTS3.SA,33.630001068115234,33.63999938964844,33.529998779296875,33.63999938964844,67000
2026-03-19 15:05:00+00:00,TOTS3.SA,33.65999984741211,33.81999969482422,33.65999984741211,33.75,10000
2026-03-19 15:10:00+00:00,TOTS3.SA,33.7599983215332,33.7599983215332,33.70000076293945,33.7599983215332,8300
2026-03-19 15:15:00+00:00,TOTS3.SA,33.75,33.79999923706055,33.75,33.75,24200
2026-03-19 15:20:00+00:00,TOTS3.SA,33.7400016784668,33.75,33.65999984741211,33.68000030517578,31900
2026-03-19 15:25:00+00:00,TOTS3.SA,33.68000030517578,33.689998626708984,33.54999923706055,33.65999984741211,49000
2026-03-19 15:30:00+00:00,TOTS3.SA,33.65999984741211,33.66999816894531,33.599998474121094,33.599998474121094,27100
2026-03-19 15:35:00+00:00,TOTS3.SA,33.619998931884766,33.66999816894531,33.619998931884766,33.650001525878906,30400
2026-03-19 15:40:00+00:00,TOTS3.SA,33.65999984741211,33.65999984741211,33.54999923706055,33.560001373291016,35200
2026-03-19 15:45:00+00:00,TOTS3.SA,33.56999969482422,33.63999938964844,33.529998779296875,33.619998931884766,88900
2026-03-19 15:50:00+00:00,TOTS3.SA,33.619998931884766,33.66999816894531,33.599998474121094,33.650001525878906,26100
2026-03-19 15:55:00+00:00,TOTS3.SA,33.65999984741211,33.77000045776367,33.63999938964844,33.77000045776367,28600
2026-03-19 16:00:00+00:00,TOTS3.SA,33.779998779296875,33.86000061035156,33.77000045776367,33.790000915527344,16900
2026-03-19 16:05:00+00:00,TOTS3.SA,33.779998779296875,33.79999923706055,33.75,33.7599983215332,8100
2026-03-19 16:10:00+00:00,TOTS3.SA,33.7599983215332,33.7599983215332,33.720001220703125,33.7400016784668,6100
2026-03-19 16:15:00+00:00,TOTS3.SA,33.7400016784668,33.779998779296875,33.720001220703125,33.7599983215332,19000
2026-03-19 16:20:00+00:00,TOTS3.SA,33.75,33.77000045776367,33.70000076293945,33.720001220703125,154000
2026-03-19 16:25:00+00:00,TOTS3.SA,33.720001220703125,33.72999954223633,33.66999816894531,33.68000030517578,44600
2026-03-19 16:30:00+00:00,TOTS3.SA,33.66999816894531,33.68000030517578,33.650001525878906,33.65999984741211,50000
2026-03-19 16:35:00+00:00,TOTS3.SA,33.65999984741211,33.66999816894531,33.54999923706055,33.599998474121094,66200
2026-03-19 16:40:00+00:00,TOTS3.SA,33.599998474121094,33.70000076293945,33.56999969482422,33.70000076293945,46400
2026-03-19 16:45:00+00:00,TOTS3.SA,33.70000076293945,33.709999084472656,33.689998626708984,33.689998626708984,18700
2026-03-19 16:50:00+00:00,TOTS3.SA,33.689998626708984,33.7599983215332,33.630001068115234,33.7400016784668,92400
2026-03-19 16:55:00+00:00,TOTS3.SA,33.72999954223633,33.72999954223633,33.65999984741211,33.709999084472656,27900
2026-03-19 17:00:00+00:00,TOTS3.SA,33.709999084472656,33.709999084472656,33.61000061035156,33.61000061035156,79600
2026-03-19 17:05:00+00:00,TOTS3.SA,33.599998474121094,33.65999984741211,33.560001373291016,33.630001068115234,71500
2026-03-19 17:10:00+00:00,TOTS3.SA,33.63999938964844,33.68000030517578,33.630001068115234,33.66999816894531,18700
2026-03-19 17:15:00+00:00,TOTS3.SA,33.66999816894531,33.72999954223633,33.560001373291016,33.619998931884766,153900
2026-03-19 17:20:00+00:00,TOTS3.SA,33.619998931884766,33.689998626708984,33.560001373291016,33.61000061035156,479800
2026-03-19 17:25:00+00:00,TOTS3.SA,33.619998931884766,33.7599983215332,33.59000015258789,33.7599983215332,244900
2026-03-19 17:30:00+00:00,TOTS3.SA,33.77000045776367,33.779998779296875,33.66999816894531,33.7400016784668,169700
2026-03-19 17:35:00+00:00,TOTS3.SA,33.75,33.81999969482422,33.709999084472656,33.79999923706055,36800
2026-03-19 17:40:00+00:00,TOTS3.SA,33.790000915527344,33.84000015258789,33.7599983215332,33.84000015258789,109600
2026-03-19 17:45:00+00:00,TOTS3.SA,33.84000015258789,33.869998931884766,33.790000915527344,33.84000015258789,76300
2026-03-19 17:50:00+00:00,TOTS3.SA,33.81999969482422,33.849998474121094,33.79999923706055,33.79999923706055,21800
2026-03-19 17:55:00+00:00,TOTS3.SA,33.79999923706055,33.84000015258789,33.619998931884766,33.65999984741211,139400
2026-03-19 18:00:00+00:00,TOTS3.SA,33.650001525878906,33.68000030517578,33.63999938964844,33.65999984741211,39400
2026-03-19 18:05:00+00:00,TOTS3.SA,33.65999984741211,33.77000045776367,33.65999984741211,33.720001220703125,132500
2026-03-19 18:10:00+00:00,TOTS3.SA,33.75,33.790000915527344,33.7400016784668,33.77000045776367,38700
2026-03-19 18:15:00+00:00,TOTS3.SA,33.77000045776367,33.790000915527344,33.720001220703125,33.7400016784668,91400
2026-03-19 18:20:00+00:00,TOTS3.SA,33.7400016784668,33.849998474121094,33.7400016784668,33.84000015258789,96400
2026-03-19 18:25:00+00:00,TOTS3.SA,33.84000015258789,33.900001525878906,33.79999923706055,33.900001525878906,168500
2026-03-19 18:30:00+00:00,TOTS3.SA,33.88999938964844,33.93000030517578,33.61000061035156,33.689998626708984,104900
2026-03-19 18:35:00+00:00,TOTS3.SA,33.689998626708984,33.7400016784668,33.65999984741211,33.720001220703125,76700
2026-03-19 18:40:00+00:00,TOTS3.SA,33.720001220703125,33.77000045776367,33.56999969482422,33.56999969482422,49000
2026-03-19 18:45:00+00:00,TOTS3.SA,33.54999923706055,33.75,33.52000045776367,33.709999084472656,290800
2026-03-19 18:50:00+00:00,TOTS3.SA,33.709999084472656,33.75,33.65999984741211,33.75,61700
2026-03-19 18:55:00+00:00,TOTS3.SA,33.7400016784668,33.880001068115234,33.7400016784668,33.869998931884766,123800
2026-03-19 19:00:00+00:00,TOTS3.SA,33.880001068115234,34.29999923706055,33.880001068115234,34.279998779296875,89300
2026-03-19 19:05:00+00:00,TOTS3.SA,34.279998779296875,34.58000183105469,34.20000076293945,34.209999084472656,137800
2026-03-19 19:10:00+00:00,TOTS3.SA,34.20000076293945,34.290000915527344,34.150001525878906,34.22999954223633,71100
2026-03-19 19:15:00+00:00,TOTS3.SA,34.2400016784668,34.40999984741211,34.2400016784668,34.279998779296875,53300
2026-03-19 19:20:00+00:00,TOTS3.SA,34.2599983215332,34.279998779296875,34.150001525878906,34.189998626708984,37400
2026-03-19 19:25:00+00:00,TOTS3.SA,34.189998626708984,34.209999084472656,34.06999969482422,34.130001068115234,36800
2026-03-19 19:30:00+00:00,TOTS3.SA,34.130001068115234,34.27000045776367,34.099998474121094,34.220001220703125,66100
2026-03-19 19:35:00+00:00,TOTS3.SA,34.20000076293945,34.22999954223633,34.16999816894531,34.20000076293945,42300
2026-03-19 19:40:00+00:00,TOTS3.SA,34.20000076293945,34.209999084472656,34.130001068115234,34.130001068115234,48300
2026-03-19 19:45:00+00:00,TOTS3.SA,34.119998931884766,34.130001068115234,34.040000915527344,34.04999923706055,57900
2026-03-19 19:50:00+00:00,TOTS3.SA,34.060001373291016,34.16999816894531,34.060001373291016,34.15999984741211,41400
2026-03-20 13:05:00+00:00,TOTS3.SA,34.0,34.04999923706055,33.83000183105469,33.880001068115234,9500
2026-03-20 13:10:00+00:00,TOTS3.SA,33.88999938964844,33.93000030517578,33.7599983215332,33.880001068115234,15200
2026-03-20 13:15:00+00:00,TOTS3.SA,33.83000183105469,33.900001525878906,33.650001525878906,33.72999954223633,31800
2026-03-20 13:20:00+00:00,TOTS3.SA,33.72999954223633,33.880001068115234,33.709999084472656,33.86000061035156,16100
2026-03-20 13:25:00+00:00,TOTS3.SA,33.83000183105469,33.88999938964844,33.75,33.75,13000
2026-03-20 13:30:00+00:00,TOTS3.SA,33.7599983215332,33.779998779296875,33.630001068115234,33.68000030517578,44000
2026-03-20 13:35:00+00:00,TOTS3.SA,33.66999816894531,33.68000030517578,33.619998931884766,33.63999938964844,21100
2026-03-20 13:40:00+00:00,TOTS3.SA,33.63999938964844,33.79999923706055,33.619998931884766,33.77000045776367,12600
2026-03-20 13:45:00+00:00,TOTS3.SA,33.79999923706055,33.849998474121094,33.72999954223633,33.7599983215332,12100
2026-03-20 13:50:00+00:00,TOTS3.SA,33.75,33.75,33.59000015258789,33.63999938964844,52000
2026-03-20 13:55:00+00:00,TOTS3.SA,33.63999938964844,33.66999816894531,33.599998474121094,33.66999816894531,71900
2026-03-20 14:00:00+00:00,TOTS3.SA,33.66999816894531,33.72999954223633,33.63999938964844,33.709999084472656,26200
2026-03-20 14:05:00+00:00,TOTS3.SA,33.709999084472656,33.7400016784668,33.68000030517578,33.689998626708984,15800
2026-03-20 14:10:00+00:00,TOTS3.SA,33.689998626708984,33.720001220703125,33.619998931884766,33.65999984741211,39800
2026-03-20 14:15:00+00:00,TOTS3.SA,33.68000030517578,33.68000030517578,33.59000015258789,33.650001525878906,138200
2026-03-20 14:20:00+00:00,TOTS3.SA,33.630001068115234,33.81999969482422,33.619998931884766,33.79999923706055,44600
2026-03-20 14:25:00+00:00,TOTS3.SA,33.79999923706055,33.900001525878906,33.79999923706055,33.880001068115234,23000
2026-03-20 14:30:00+00:00,TOTS3.SA,33.86000061035156,33.90999984741211,33.810001373291016,33.88999938964844,26400
2026-03-20 14:35:00+00:00,TOTS3.SA,33.869998931884766,33.90999984741211,33.81999969482422,33.86000061035156,51100
2026-03-20 14:40:00+00:00,TOTS3.SA,33.84000015258789,33.880001068115234,33.77000045776367,33.779998779296875,57100
2026-03-20 14:45:00+00:00,TOTS3.SA,33.779998779296875,33.869998931884766,33.77000045776367,33.86000061035156,10000
2026-03-20 14:50:00+00:00,TOTS3.SA,33.849998474121094,33.97999954223633,33.849998474121094,33.880001068115234,19700
2026-03-20 14:55:00+00:00,TOTS3.SA,33.900001525878906,33.959999084472656,33.869998931884766,33.91999816894531,26000
2026-03-20 15:00:00+00:00,TOTS3.SA,33.959999084472656,34.0099983215332,33.93000030517578,33.970001220703125,11900
2026-03-20 15:05:00+00:00,TOTS3.SA,33.97999954223633,34.0,33.93000030517578,34.0,15900
2026-03-20 15:10:00+00:00,TOTS3.SA,34.0,34.029998779296875,33.9900016784668,34.02000045776367,9500
2026-03-20 15:15:00+00:00,TOTS3.SA,34.0,34.02000045776367,33.91999816894531,33.91999816894531,6800
2026-03-20 15:20:00+00:00,TOTS3.SA,33.90999984741211,34.06999969482422,33.90999984741211,33.970001220703125,11600
2026-03-20 15:25:00+00:00,TOTS3.SA,33.97999954223633,34.040000915527344,33.880001068115234,33.970001220703125,49600
2026-03-20 15:30:00+00:00,TOTS3.SA,33.959999084472656,34.06999969482422,33.939998626708984,34.06999969482422,9700
2026-03-20 15:35:00+00:00,TOTS3.SA,34.04999923706055,34.099998474121094,33.9900016784668,34.0,29200
2026-03-20 15:40:00+00:00,TOTS3.SA,33.97999954223633,34.02000045776367,33.93000030517578,33.939998626708984,51100
2026-03-20 15:45:00+00:00,TOTS3.SA,33.939998626708984,33.939998626708984,33.849998474121094,33.90999984741211,21200
2026-03-20 15:50:00+00:00,TOTS3.SA,33.900001525878906,33.90999984741211,33.88999938964844,33.900001525878906,11800
2026-03-20 15:55:00+00:00,TOTS3.SA,33.88999938964844,33.95000076293945,33.880001068115234,33.91999816894531,15200
2026-03-20 16:00:00+00:00,TOTS3.SA,33.90999984741211,34.099998474121094,33.880001068115234,34.09000015258789,68900
2026-03-20 16:05:00+00:00,TOTS3.SA,34.09000015258789,34.099998474121094,34.04999923706055,34.060001373291016,30700
2026-03-20 16:10:00+00:00,TOTS3.SA,34.060001373291016,34.099998474121094,34.04999923706055,34.08000183105469,8300
2026-03-20 16:15:00+00:00,TOTS3.SA,34.08000183105469,34.18000030517578,34.06999969482422,34.18000030517578,9500
2026-03-20 16:20:00+00:00,TOTS3.SA,34.150001525878906,34.18000030517578,34.130001068115234,34.130001068115234,11300
2026-03-20 16:25:00+00:00,TOTS3.SA,34.130001068115234,34.13999938964844,34.08000183105469,34.09000015258789,10100
2026-03-20 16:30:00+00:00,TOTS3.SA,34.09000015258789,34.099998474121094,34.02000045776367,34.06999969482422,16100
2026-03-20 16:35:00+00:00,TOTS3.SA,34.06999969482422,34.150001525878906,33.9900016784668,34.0,57700
2026-03-20 16:40:00+00:00,TOTS3.SA,34.0,34.189998626708984,33.97999954223633,34.130001068115234,112400
2026-03-20 16:45:00+00:00,TOTS3.SA,34.11000061035156,34.119998931884766,34.04999923706055,34.06999969482422,10800
2026-03-20 16:50:00+00:00,TOTS3.SA,34.060001373291016,34.22999954223633,34.060001373291016,34.130001068115234,99200
2026-03-20 16:55:00+00:00,TOTS3.SA,34.130001068115234,34.15999984741211,34.06999969482422,34.08000183105469,20400
2026-03-20 17:00:00+00:00,TOTS3.SA,34.09000015258789,34.119998931884766,34.08000183105469,34.09000015258789,22600
2026-03-20 17:05:00+00:00,TOTS3.SA,34.08000183105469,34.09000015258789,33.970001220703125,34.08000183105469,92100
2026-03-20 17:10:00+00:00,TOTS3.SA,34.08000183105469,34.08000183105469,34.04999923706055,34.060001373291016,20100
2026-03-20 17:15:00+00:00,TOTS3.SA,34.060001373291016,34.06999969482422,34.0099983215332,34.029998779296875,60800
2026-03-20 17:20:00+00:00,TOTS3.SA,34.029998779296875,34.04999923706055,33.9900016784668,34.0099983215332,62000
2026-03-20 17:25:00+00:00,TOTS3.SA,34.0,34.02000045776367,33.970001220703125,33.9900016784668,51800
2026-03-20 17:30:00+00:00,TOTS3.SA,33.9900016784668,34.02000045776367,33.970001220703125,34.0099983215332,37200
2026-03-20 17:35:00+00:00,TOTS3.SA,34.0099983215332,34.029998779296875,33.90999984741211,33.970001220703125,61200
2026-03-20 17:40:00+00:00,TOTS3.SA,33.970001220703125,34.0,33.88999938964844,34.0,32700
2026-03-20 17:45:00+00:00,TOTS3.SA,34.0,34.0,33.849998474121094,33.900001525878906,30700
2026-03-20 17:50:00+00:00,TOTS3.SA,33.88999938964844,33.95000076293945,33.880001068115234,33.95000076293945,13600
2026-03-20 17:55:00+00:00,TOTS3.SA,33.939998626708984,34.02000045776367,33.939998626708984,34.0,10400
2026-03-20 18:00:00+00:00,TOTS3.SA,33.97999954223633,34.0099983215332,33.97999954223633,33.97999954223633,8100
2026-03-20 18:05:00+00:00,TOTS3.SA,33.97999954223633,34.0,33.91999816894531,33.95000076293945,40700
2026-03-20 18:10:00+00:00,TOTS3.SA,33.93000030517578,33.939998626708984,33.849998474121094,33.849998474121094,31100
2026-03-20 18:15:00+00:00,TOTS3.SA,33.849998474121094,33.88999938964844,33.779998779296875,33.869998931884766,49700
2026-03-20 18:20:00+00:00,TOTS3.SA,33.869998931884766,33.90999984741211,33.75,33.79999923706055,113300
2026-03-20 18:25:00+00:00,TOTS3.SA,33.79999923706055,33.83000183105469,33.77000045776367,33.83000183105469,40300
2026-03-20 18:30:00+00:00,TOTS3.SA,33.81999969482422,33.84000015258789,33.7599983215332,33.7599983215332,27000
2026-03-20 18:35:00+00:00,TOTS3.SA,33.7599983215332,33.7599983215332,33.70000076293945,33.709999084472656,96100
2026-03-20 18:40:00+00:00,TOTS3.SA,33.70000076293945,33.790000915527344,33.689998626708984,33.77000045776367,77800
2026-03-20 18:45:00+00:00,TOTS3.SA,33.7599983215332,33.77000045776367,33.7400016784668,33.7599983215332,34400
2026-03-20 18:50:00+00:00,TOTS3.SA,33.7599983215332,33.790000915527344,33.7400016784668,33.779998779296875,25600
2026-03-20 18:55:00+00:00,TOTS3.SA,33.77000045776367,33.79999923706055,33.720001220703125,33.77000045776367,19900
2026-03-20 19:00:00+00:00,TOTS3.SA,33.779998779296875,33.810001373291016,33.7599983215332,33.779998779296875,29400
2026-03-20 19:05:00+00:00,TOTS3.SA,33.779998779296875,33.83000183105469,33.75,33.83000183105469,45500
2026-03-20 19:10:00+00:00,TOTS3.SA,33.83000183105469,33.91999816894531,33.79999923706055,33.91999816894531,77400
2026-03-20 19:15:00+00:00,TOTS3.SA,33.91999816894531,33.97999954223633,33.86000061035156,33.95000076293945,60100
2026-03-20 19:20:00+00:00,TOTS3.SA,33.939998626708984,34.02000045776367,33.93000030517578,33.95000076293945,110900
2026-03-20 19:25:00+00:00,TOTS3.SA,33.939998626708984,34.02000045776367,33.939998626708984,33.9900016784668,80500
2026-03-20 19:30:00+00:00,TOTS3.SA,33.9900016784668,34.040000915527344,33.95000076293945,34.0,135400
2026-03-20 19:35:00+00:00,TOTS3.SA,33.97999954223633,34.0,33.900001525878906,33.93000030517578,70400
2026-03-20 19:40:00+00:00,TOTS3.SA,33.93000030517578,34.02000045776367,33.90999984741211,34.0,96800
2026-03-20 19:45:00+00:00,TOTS3.SA,33.9900016784668,34.040000915527344,33.959999084472656,34.0099983215332,61100
2026-03-23 13:00:00+00:00,TOTS3.SA,34.45000076293945,35.0,34.45000076293945,35.0,0
2026-03-23 13:05:00+00:00,TOTS3.SA,34.939998626708984,34.939998626708984,34.560001373291016,34.650001525878906,21100
2026-03-23 13:10:00+00:00,TOTS3.SA,34.650001525878906,34.81999969482422,34.560001373291016,34.709999084472656,41300
2026-03-23 13:15:00+00:00,TOTS3.SA,34.7400016784668,34.869998931884766,34.720001220703125,34.810001373291016,24100
2026-03-23 13:20:00+00:00,TOTS3.SA,34.7599983215332,34.939998626708984,34.7599983215332,34.939998626708984,55000
2026-03-23 13:25:00+00:00,TOTS3.SA,34.95000076293945,35.04999923706055,34.88999938964844,34.97999954223633,105800
2026-03-23 13:30:00+00:00,TOTS3.SA,34.95000076293945,34.959999084472656,34.68000030517578,34.81999969482422,107500
2026-03-23 13:35:00+00:00,TOTS3.SA,34.84000015258789,34.939998626708984,34.79999923706055,34.849998474121094,60900
2026-03-23 13:40:00+00:00,TOTS3.SA,34.869998931884766,35.20000076293945,34.83000183105469,35.150001525878906,157800
2026-03-23 13:45:00+00:00,TOTS3.SA,35.119998931884766,35.36000061035156,35.119998931884766,35.27000045776367,117300
2026-03-23 13:50:00+00:00,TOTS3.SA,35.27000045776367,35.29999923706055,35.20000076293945,35.220001220703125,37200
2026-03-23 13:55:00+00:00,TOTS3.SA,35.220001220703125,35.459999084472656,35.15999984741211,35.41999816894531,40300
2026-03-23 14:00:00+00:00,TOTS3.SA,35.41999816894531,35.630001068115234,35.41999816894531,35.5,41300
2026-03-23 14:05:00+00:00,TOTS3.SA,35.5,35.75,35.459999084472656,35.650001525878906,61600
2026-03-23 14:10:00+00:00,TOTS3.SA,35.650001525878906,35.689998626708984,35.560001373291016,35.56999969482422,40000
2026-03-23 14:15:00+00:00,TOTS3.SA,35.58000183105469,35.650001525878906,35.529998779296875,35.630001068115234,45000
2026-03-23 14:20:00+00:00,TOTS3.SA,35.599998474121094,35.849998474121094,35.58000183105469,35.81999969482422,101700
2026-03-23 14:25:00+00:00,TOTS3.SA,35.79999923706055,35.86000061035156,35.689998626708984,35.81999969482422,70400
2026-03-23 14:30:00+00:00,TOTS3.SA,35.79999923706055,35.81999969482422,35.7400016784668,35.79999923706055,39300
2026-03-23 14:35:00+00:00,TOTS3.SA,35.810001373291016,35.84000015258789,35.77000045776367,35.84000015258789,71600
2026-03-23 14:40:00+00:00,TOTS3.SA,35.81999969482422,35.869998931884766,35.810001373291016,35.81999969482422,25200
2026-03-23 14:45:00+00:00,TOTS3.SA,35.81999969482422,35.939998626708984,35.77000045776367,35.91999816894531,50000
2026-03-23 14:50:00+00:00,TOTS3.SA,35.95000076293945,35.97999954223633,35.900001525878906,35.939998626708984,29200
2026-03-23 14:55:00+00:00,TOTS3.SA,35.939998626708984,36.099998474121094,35.88999938964844,36.08000183105469,38000
2026-03-23 15:00:00+00:00,TOTS3.SA,36.08000183105469,36.27000045776367,36.060001373291016,36.220001220703125,64200
2026-03-23 15:05:00+00:00,TOTS3.SA,36.22999954223633,36.31999969482422,36.22999954223633,36.29999923706055,32100
2026-03-23 15:10:00+00:00,TOTS3.SA,36.310001373291016,36.34000015258789,36.290000915527344,36.29999923706055,36000
2026-03-23 15:15:00+00:00,TOTS3.SA,36.290000915527344,36.29999923706055,35.939998626708984,35.97999954223633,72700
2026-03-23 15:20:00+00:00,TOTS3.SA,36.0,36.0,35.91999816894531,35.91999816894531,52300
2026-03-23 15:25:00+00:00,TOTS3.SA,35.90999984741211,35.970001220703125,35.869998931884766,35.970001220703125,29900
2026-03-23 15:30:00+00:00,TOTS3.SA,35.970001220703125,35.97999954223633,35.869998931884766,35.88999938964844,36000
2026-03-23 15:35:00+00:00,TOTS3.SA,35.880001068115234,35.900001525878906,35.77000045776367,35.779998779296875,96400
2026-03-23 15:40:00+00:00,TOTS3.SA,35.77000045776367,35.779998779296875,35.689998626708984,35.75,68500
2026-03-23 15:45:00+00:00,TOTS3.SA,35.72999954223633,35.75,35.56999969482422,35.56999969482422,85100
2026-03-23 15:50:00+00:00,TOTS3.SA,35.56999969482422,35.619998931884766,35.45000076293945,35.540000915527344,79000
2026-03-23 15:55:00+00:00,TOTS3.SA,35.529998779296875,35.599998474121094,35.459999084472656,35.54999923706055,61100
2026-03-23 16:00:00+00:00,TOTS3.SA,35.56999969482422,35.599998474121094,35.52000045776367,35.56999969482422,27500
2026-03-23 16:05:00+00:00,TOTS3.SA,35.560001373291016,35.61000061035156,35.540000915527344,35.54999923706055,31400
2026-03-23 16:10:00+00:00,TOTS3.SA,35.54999923706055,35.61000061035156,35.529998779296875,35.59000015258789,39100
2026-03-23 16:15:00+00:00,TOTS3.SA,35.59000015258789,35.59000015258789,35.52000045776367,35.529998779296875,47400
2026-03-23 16:20:00+00:00,TOTS3.SA,35.529998779296875,35.54999923706055,35.52000045776367,35.52000045776367,41800
2026-03-23 16:25:00+00:00,TOTS3.SA,35.52000045776367,35.560001373291016,35.52000045776367,35.52000045776367,94700
2026-03-23 16:30:00+00:00,TOTS3.SA,35.52000045776367,35.630001068115234,35.52000045776367,35.61000061035156,35400
2026-03-23 16:35:00+00:00,TOTS3.SA,35.61000061035156,35.709999084472656,35.61000061035156,35.689998626708984,32100
2026-03-23 16:40:00+00:00,TOTS3.SA,35.689998626708984,35.7400016784668,35.59000015258789,35.619998931884766,59400
2026-03-23 16:45:00+00:00,TOTS3.SA,35.619998931884766,35.66999816894531,35.56999969482422,35.56999969482422,60700
2026-03-23 16:50:00+00:00,TOTS3.SA,35.56999969482422,35.630001068115234,35.560001373291016,35.58000183105469,38100
2026-03-23 16:55:00+00:00,TOTS3.SA,35.599998474121094,35.61000061035156,35.529998779296875,35.529998779296875,34300
2026-03-23 17:00:00+00:00,TOTS3.SA,35.529998779296875,35.63999938964844,35.45000076293945,35.459999084472656,67800
2026-03-23 17:05:00+00:00,TOTS3.SA,35.459999084472656,35.599998474121094,35.439998626708984,35.58000183105469,40700
2026-03-23 17:10:00+00:00,TOTS3.SA,35.56999969482422,35.56999969482422,35.470001220703125,35.470001220703125,18500
2026-03-23 17:15:00+00:00,TOTS3.SA,35.470001220703125,35.540000915527344,35.470001220703125,35.52000045776367,40900
2026-03-23 17:20:00+00:00,TOTS3.SA,35.52000045776367,35.52000045776367,35.45000076293945,35.470001220703125,37700
2026-03-23 17:25:00+00:00,TOTS3.SA,35.45000076293945,35.5,35.45000076293945,35.4900016784668,33200
2026-03-23 17:30:00+00:00,TOTS3.SA,35.47999954223633,35.59000015258789,35.47999954223633,35.560001373291016,53900
2026-03-23 17:35:00+00:00,TOTS3.SA,35.59000015258789,35.63999938964844,35.529998779296875,35.529998779296875,30900
2026-03-23 17:40:00+00:00,TOTS3.SA,35.529998779296875,35.540000915527344,35.459999084472656,35.459999084472656,34100
2026-03-23 17:45:00+00:00,TOTS3.SA,35.470001220703125,35.5099983215332,35.459999084472656,35.5,40200
2026-03-23 17:50:00+00:00,TOTS3.SA,35.5,35.59000015258789,35.5,35.5099983215332,51600
2026-03-23 17:55:00+00:00,TOTS3.SA,35.5099983215332,35.54999923706055,35.47999954223633,35.47999954223633,40900
2026-03-23 18:00:00+00:00,TOTS3.SA,35.5,35.52000045776367,35.43000030517578,35.439998626708984,47700
2026-03-23 18:05:00+00:00,TOTS3.SA,35.439998626708984,35.439998626708984,35.29999923706055,35.369998931884766,67800
2026-03-23 18:10:00+00:00,TOTS3.SA,35.369998931884766,35.380001068115234,35.310001373291016,35.310001373291016,54500
2026-03-23 18:15:00+00:00,TOTS3.SA,35.310001373291016,35.31999969482422,35.220001220703125,35.2599983215332,44200
2026-03-23 18:20:00+00:00,TOTS3.SA,35.2599983215332,35.34000015258789,35.2599983215332,35.290000915527344,38800
2026-03-23 18:25:00+00:00,TOTS3.SA,35.290000915527344,35.36000061035156,35.290000915527344,35.34000015258789,40500
2026-03-23 18:30:00+00:00,TOTS3.SA,35.34000015258789,35.40999984741211,35.31999969482422,35.40999984741211,47400
2026-03-23 18:35:00+00:00,TOTS3.SA,35.40999984741211,35.540000915527344,35.36000061035156,35.47999954223633,84700
2026-03-23 18:40:00+00:00,TOTS3.SA,35.459999084472656,35.4900016784668,35.38999938964844,35.38999938964844,35700
2026-03-23 18:45:00+00:00,TOTS3.SA,35.38999938964844,35.47999954223633,35.38999938964844,35.47999954223633,42600
2026-03-23 18:50:00+00:00,TOTS3.SA,35.47999954223633,35.47999954223633,35.41999816894531,35.43000030517578,26600
2026-03-23 18:55:00+00:00,TOTS3.SA,35.43000030517578,35.459999084472656,35.38999938964844,35.40999984741211,49600
2026-03-23 19:00:00+00:00,TOTS3.SA,35.40999984741211,35.45000076293945,35.34000015258789,35.34000015258789,46100
2026-03-23 19:05:00+00:00,TOTS3.SA,35.36000061035156,35.43000030517578,35.34000015258789,35.43000030517578,67400
2026-03-23 19:10:00+00:00,TOTS3.SA,35.43000030517578,35.45000076293945,35.36000061035156,35.36000061035156,49000
2026-03-23 19:15:00+00:00,TOTS3.SA,35.38999938964844,35.41999816894531,35.34000015258789,35.36000061035156,47200
2026-03-23 19:20:00+00:00,TOTS3.SA,35.36000061035156,35.369998931884766,35.279998779296875,35.310001373291016,63100
2026-03-23 19:25:00+00:00,TOTS3.SA,35.31999969482422,35.400001525878906,35.310001373291016,35.369998931884766,67600
2026-03-23 19:30:00+00:00,TOTS3.SA,35.369998931884766,35.43000030517578,35.36000061035156,35.40999984741211,71500
2026-03-23 19:35:00+00:00,TOTS3.SA,35.41999816894531,35.43000030517578,35.369998931884766,35.41999816894531,67200
2026-03-23 19:40:00+00:00,TOTS3.SA,35.40999984741211,35.41999816894531,35.310001373291016,35.34000015258789,68200
2026-03-23 19:45:00+00:00,TOTS3.SA,35.36000061035156,35.470001220703125,35.34000015258789,35.439998626708984,90900
2026-03-23 19:50:00+00:00,TOTS3.SA,35.459999084472656,35.470001220703125,35.349998474121094,35.349998474121094,112800
2026-03-24 13:05:00+00:00,TOTS3.SA,34.900001525878906,34.97999954223633,34.86000061035156,34.95000076293945,1700
2026-03-24 13:10:00+00:00,TOTS3.SA,34.91999816894531,35.13999938964844,34.77000045776367,35.13999938964844,34800
2026-03-24 13:15:00+00:00,TOTS3.SA,35.11000061035156,35.119998931884766,34.959999084472656,34.959999084472656,13500
2026-03-24 13:20:00+00:00,TOTS3.SA,34.95000076293945,35.029998779296875,34.91999816894531,34.970001220703125,16800
2026-03-24 13:25:00+00:00,TOTS3.SA,34.97999954223633,34.9900016784668,34.88999938964844,34.90999984741211,16200
2026-03-24 13:30:00+00:00,TOTS3.SA,34.900001525878906,34.959999084472656,34.83000183105469,34.869998931884766,20100
2026-03-24 13:35:00+00:00,TOTS3.SA,34.86000061035156,34.880001068115234,34.58000183105469,34.599998474121094,29300
2026-03-24 13:40:00+00:00,TOTS3.SA,34.59000015258789,34.59000015258789,34.34000015258789,34.369998931884766,46800
2026-03-24 13:45:00+00:00,TOTS3.SA,34.349998474121094,34.599998474121094,34.33000183105469,34.369998931884766,50100
2026-03-24 13:50:00+00:00,TOTS3.SA,34.380001068115234,34.5,34.369998931884766,34.43000030517578,106200
2026-03-24 13:55:00+00:00,TOTS3.SA,34.41999816894531,34.459999084472656,34.33000183105469,34.380001068115234,86100
2026-03-24 14:00:00+00:00,TOTS3.SA,34.380001068115234,34.7400016784668,34.380001068115234,34.709999084472656,298400
2026-03-24 14:05:00+00:00,TOTS3.SA,34.709999084472656,34.970001220703125,34.689998626708984,34.970001220703125,66700
2026-03-24 14:10:00+00:00,TOTS3.SA,34.970001220703125,35.040000915527344,34.83000183105469,34.90999984741211,62000
2026-03-24 14:15:00+00:00,TOTS3.SA,34.869998931884766,34.95000076293945,34.83000183105469,34.90999984741211,32000
2026-03-24 14:20:00+00:00,TOTS3.SA,34.91999816894531,34.959999084472656,34.83000183105469,34.93000030517578,39400
2026-03-24 14:25:00+00:00,TOTS3.SA,34.900001525878906,34.959999084472656,34.849998474121094,34.88999938964844,27900
2026-03-24 14:30:00+00:00,TOTS3.SA,34.88999938964844,35.209999084472656,34.88999938964844,35.13999938964844,101900
2026-03-24 14:35:00+00:00,TOTS3.SA,35.130001068115234,35.150001525878906,35.029998779296875,35.150001525878906,151800
2026-03-24 14:40:00+00:00,TOTS3.SA,35.150001525878906,35.20000076293945,35.06999969482422,35.09000015258789,85500
2026-03-24 14:45:00+00:00,TOTS3.SA,35.08000183105469,35.189998626708984,35.060001373291016,35.09000015258789,64900
2026-03-24 14:50:00+00:00,TOTS3.SA,35.09000015258789,35.189998626708984,35.0,35.060001373291016,52500
2026-03-24 14:55:00+00:00,TOTS3.SA,35.029998779296875,35.130001068115234,34.91999816894531,34.970001220703125,19700
2026-03-24 15:00:00+00:00,TOTS3.SA,34.959999084472656,35.0,34.900001525878906,34.970001220703125,19500
2026-03-24 15:05:00+00:00,TOTS3.SA,34.959999084472656,35.0,34.810001373291016,34.95000076293945,42400
2026-03-24 15:10:00+00:00,TOTS3.SA,34.939998626708984,34.959999084472656,34.88999938964844,34.91999816894531,17000
2026-03-24 15:15:00+00:00,TOTS3.SA,34.91999816894531,35.0,34.91999816894531,34.970001220703125,36900
2026-03-24 15:20:00+00:00,TOTS3.SA,34.970001220703125,35.029998779296875,34.95000076293945,35.02000045776367,28700
2026-03-24 15:25:00+00:00,TOTS3.SA,35.0099983215332,35.040000915527344,34.959999084472656,34.9900016784668,25700
2026-03-24 15:30:00+00:00,TOTS3.SA,35.0,35.11000061035156,35.0,35.11000061035156,31500
2026-03-24 15:35:00+00:00,TOTS3.SA,35.099998474121094,35.11000061035156,35.0,35.0099983215332,28500
2026-03-24 15:40:00+00:00,TOTS3.SA,35.0,35.0,34.93000030517578,35.0,35900
2026-03-24 15:45:00+00:00,TOTS3.SA,35.0,35.0,34.959999084472656,34.959999084472656,34100
2026-03-24 15:50:00+00:00,TOTS3.SA,34.95000076293945,34.959999084472656,34.869998931884766,34.880001068115234,30300
2026-03-24 15:55:00+00:00,TOTS3.SA,34.88999938964844,34.9900016784668,34.869998931884766,34.97999954223633,62200
2026-03-24 16:00:00+00:00,TOTS3.SA,35.0,35.040000915527344,34.970001220703125,35.0099983215332,23200
2026-03-24 16:05:00+00:00,TOTS3.SA,35.0099983215332,35.02000045776367,34.95000076293945,34.970001220703125,24600
2026-03-24 16:10:00+00:00,TOTS3.SA,34.959999084472656,35.0099983215332,34.959999084472656,35.0,12900
2026-03-24 16:15:00+00:00,TOTS3.SA,35.0099983215332,35.08000183105469,35.0,35.06999969482422,11000
2026-03-24 16:20:00+00:00,TOTS3.SA,35.06999969482422,35.130001068115234,35.040000915527344,35.06999969482422,33200
2026-03-24 16:25:00+00:00,TOTS3.SA,35.06999969482422,35.13999938964844,35.06999969482422,35.13999938964844,11400
2026-03-24 16:30:00+00:00,TOTS3.SA,35.13999938964844,35.150001525878906,35.130001068115234,35.13999938964844,9600
2026-03-24 16:35:00+00:00,TOTS3.SA,35.13999938964844,35.13999938964844,35.02000045776367,35.04999923706055,22400
2026-03-24 16:40:00+00:00,TOTS3.SA,35.04999923706055,35.130001068115234,35.04999923706055,35.06999969482422,13900
2026-03-24 16:45:00+00:00,TOTS3.SA,35.09000015258789,35.130001068115234,35.08000183105469,35.11000061035156,13500
2026-03-24 16:50:00+00:00,TOTS3.SA,35.11000061035156,35.13999938964844,35.099998474121094,35.119998931884766,7000
2026-03-24 16:55:00+00:00,TOTS3.SA,35.099998474121094,35.15999984741211,35.08000183105469,35.099998474121094,26300
2026-03-24 17:00:00+00:00,TOTS3.SA,35.09000015258789,35.11000061035156,34.95000076293945,34.970001220703125,19000
2026-03-24 17:05:00+00:00,TOTS3.SA,34.95000076293945,34.9900016784668,34.849998474121094,34.91999816894531,27200
2026-03-24 17:10:00+00:00,TOTS3.SA,34.939998626708984,35.0099983215332,34.900001525878906,34.93000030517578,38400
2026-03-24 17:15:00+00:00,TOTS3.SA,34.93000030517578,34.939998626708984,34.880001068115234,34.91999816894531,18400
2026-03-24 17:20:00+00:00,TOTS3.SA,34.90999984741211,34.970001220703125,34.900001525878906,34.95000076293945,18500
2026-03-24 17:25:00+00:00,TOTS3.SA,34.95000076293945,34.959999084472656,34.869998931884766,34.90999984741211,14600
2026-03-24 17:30:00+00:00,TOTS3.SA,34.90999984741211,34.970001220703125,34.7599983215332,34.77000045776367,47800
2026-03-24 17:35:00+00:00,TOTS3.SA,34.77000045776367,34.900001525878906,34.7599983215332,34.849998474121094,23600
2026-03-24 17:40:00+00:00,TOTS3.SA,34.84000015258789,34.849998474121094,34.61000061035156,34.630001068115234,49200
2026-03-24 17:45:00+00:00,TOTS3.SA,34.63999938964844,34.720001220703125,34.59000015258789,34.59000015258789,41800
2026-03-24 17:50:00+00:00,TOTS3.SA,34.61000061035156,34.619998931884766,34.52000045776367,34.54999923706055,54000
2026-03-24 17:55:00+00:00,TOTS3.SA,34.54999923706055,34.77000045776367,34.5,34.77000045776367,62800
2026-03-24 18:00:00+00:00,TOTS3.SA,34.77000045776367,34.849998474121094,34.70000076293945,34.7400016784668,81500
2026-03-24 18:05:00+00:00,TOTS3.SA,34.720001220703125,34.77000045776367,34.70000076293945,34.720001220703125,24200
2026-03-24 18:10:00+00:00,TOTS3.SA,34.70000076293945,34.720001220703125,34.65999984741211,34.70000076293945,23300
2026-03-24 18:15:00+00:00,TOTS3.SA,34.70000076293945,34.720001220703125,34.63999938964844,34.709999084472656,28800
2026-03-24 18:20:00+00:00,TOTS3.SA,34.720001220703125,34.83000183105469,34.68000030517578,34.83000183105469,24800
2026-03-24 18:25:00+00:00,TOTS3.SA,34.81999969482422,34.880001068115234,34.790000915527344,34.849998474121094,37100
2026-03-24 18:30:00+00:00,TOTS3.SA,34.81999969482422,34.81999969482422,34.709999084472656,34.72999954223633,38300
2026-03-24 18:35:00+00:00,TOTS3.SA,34.720001220703125,34.79999923706055,34.650001525878906,34.79999923706055,49800
2026-03-24 18:40:00+00:00,TOTS3.SA,34.779998779296875,34.810001373291016,34.65999984741211,34.72999954223633,38600
2026-03-24 18:45:00+00:00,TOTS3.SA,34.72999954223633,34.790000915527344,34.68000030517578,34.77000045776367,58000
2026-03-24 18:50:00+00:00,TOTS3.SA,34.77000045776367,34.849998474121094,34.75,34.810001373291016,30600
2026-03-24 18:55:00+00:00,TOTS3.SA,34.779998779296875,34.81999969482422,34.689998626708984,34.709999084472656,36700
2026-03-24 19:00:00+00:00,TOTS3.SA,34.689998626708984,34.849998474121094,34.689998626708984,34.79999923706055,46400
2026-03-24 19:05:00+00:00,TOTS3.SA,34.779998779296875,34.86000061035156,34.77000045776367,34.849998474121094,66400
2026-03-24 19:10:00+00:00,TOTS3.SA,34.849998474121094,34.849998474121094,34.779998779296875,34.810001373291016,35300
2026-03-24 19:15:00+00:00,TOTS3.SA,34.79999923706055,34.88999938964844,34.79999923706055,34.86000061035156,41100
2026-03-24 19:20:00+00:00,TOTS3.SA,34.86000061035156,34.970001220703125,34.849998474121094,34.93000030517578,64600
2026-03-24 19:25:00+00:00,TOTS3.SA,34.95000076293945,34.95000076293945,34.790000915527344,34.83000183105469,45400
2026-03-24 19:30:00+00:00,TOTS3.SA,34.810001373291016,34.880001068115234,34.779998779296875,34.849998474121094,61600
2026-03-24 19:35:00+00:00,TOTS3.SA,34.84000015258789,34.86000061035156,34.790000915527344,34.86000061035156,60600
2026-03-24 19:40:00+00:00,TOTS3.SA,34.849998474121094,34.91999816894531,34.83000183105469,34.869998931884766,58700
2026-03-24 19:45:00+00:00,TOTS3.SA,34.86000061035156,34.88999938964844,34.81999969482422,34.849998474121094,49400
2026-03-24 19:50:00+00:00,TOTS3.SA,34.849998474121094,34.90999984741211,34.84000015258789,34.88999938964844,46900
2026-03-25 13:05:00+00:00,TOTS3.SA,35.33000183105469,35.58000183105469,35.20000076293945,35.27000045776367,400
2026-03-25 13:10:00+00:00,TOTS3.SA,35.2400016784668,35.36000061035156,35.02000045776367,35.09000015258789,31500
2026-03-25 13:15:00+00:00,TOTS3.SA,35.04999923706055,35.25,34.97999954223633,35.2400016784668,26600
2026-03-25 13:20:00+00:00,TOTS3.SA,35.25,35.38999938964844,35.20000076293945,35.38999938964844,22600
2026-03-25 13:25:00+00:00,TOTS3.SA,35.36000061035156,35.45000076293945,35.33000183105469,35.41999816894531,22700
2026-03-25 13:30:00+00:00,TOTS3.SA,35.41999816894531,35.47999954223633,35.2599983215332,35.400001525878906,37100
2026-03-25 13:35:00+00:00,TOTS3.SA,35.400001525878906,35.58000183105469,35.369998931884766,35.45000076293945,49400
2026-03-25 13:40:00+00:00,TOTS3.SA,35.459999084472656,35.540000915527344,35.43000030517578,35.5,19800
2026-03-25 13:45:00+00:00,TOTS3.SA,35.4900016784668,35.5,35.380001068115234,35.400001525878906,75300
2026-03-25 13:50:00+00:00,TOTS3.SA,35.400001525878906,35.529998779296875,35.36000061035156,35.529998779296875,20700
2026-03-25 13:55:00+00:00,TOTS3.SA,35.529998779296875,35.599998474121094,35.47999954223633,35.540000915527344,23100
2026-03-25 14:00:00+00:00,TOTS3.SA,35.560001373291016,35.58000183105469,35.5,35.52000045776367,21800
2026-03-25 14:05:00+00:00,TOTS3.SA,35.52000045776367,35.54999923706055,35.47999954223633,35.52000045776367,19100
2026-03-25 14:10:00+00:00,TOTS3.SA,35.5,35.54999923706055,35.439998626708984,35.459999084472656,36200
2026-03-25 14:15:00+00:00,TOTS3.SA,35.459999084472656,35.54999923706055,35.400001525878906,35.52000045776367,42100
2026-03-25 14:20:00+00:00,TOTS3.SA,35.52000045776367,35.79999923706055,35.52000045776367,35.70000076293945,75000
2026-03-25 14:25:00+00:00,TOTS3.SA,35.68000030517578,35.77000045776367,35.63999938964844,35.75,90900
2026-03-25 14:30:00+00:00,TOTS3.SA,35.7599983215332,35.95000076293945,35.75,35.90999984741211,40100
2026-03-25 14:35:00+00:00,TOTS3.SA,35.900001525878906,35.939998626708984,35.849998474121094,35.90999984741211,21500
2026-03-25 14:40:00+00:00,TOTS3.SA,35.880001068115234,35.95000076293945,35.849998474121094,35.880001068115234,34700
2026-03-25 14:45:00+00:00,TOTS3.SA,35.869998931884766,36.040000915527344,35.86000061035156,35.970001220703125,47000
2026-03-25 14:50:00+00:00,TOTS3.SA,36.0,36.09000015258789,35.91999816894531,35.970001220703125,38100
2026-03-25 14:55:00+00:00,TOTS3.SA,35.95000076293945,35.959999084472656,35.81999969482422,35.880001068115234,36400
2026-03-25 15:00:00+00:00,TOTS3.SA,35.86000061035156,35.939998626708984,35.79999923706055,35.900001525878906,27300
2026-03-25 15:05:00+00:00,TOTS3.SA,35.900001525878906,36.040000915527344,35.86000061035156,35.93000030517578,68800
2026-03-25 15:10:00+00:00,TOTS3.SA,35.90999984741211,35.959999084472656,35.849998474121094,35.900001525878906,193200
2026-03-25 15:15:00+00:00,TOTS3.SA,35.900001525878906,35.93000030517578,35.66999816894531,35.70000076293945,65300
2026-03-25 15:20:00+00:00,TOTS3.SA,35.720001220703125,35.77000045776367,35.709999084472656,35.7400016784668,21200
2026-03-25 15:25:00+00:00,TOTS3.SA,35.7400016784668,35.75,35.599998474121094,35.68000030517578,123800
2026-03-25 15:30:00+00:00,TOTS3.SA,35.68000030517578,35.709999084472656,35.630001068115234,35.68000030517578,26500
2026-03-25 15:35:00+00:00,TOTS3.SA,35.68000030517578,35.709999084472656,35.599998474121094,35.68000030517578,23800
2026-03-25 15:40:00+00:00,TOTS3.SA,35.650001525878906,35.68000030517578,35.529998779296875,35.58000183105469,36000
2026-03-25 15:45:00+00:00,TOTS3.SA,35.54999923706055,35.599998474121094,35.5099983215332,35.529998779296875,33200
2026-03-25 15:50:00+00:00,TOTS3.SA,35.54999923706055,35.68000030517578,35.529998779296875,35.63999938964844,39700
2026-03-25 15:55:00+00:00,TOTS3.SA,35.63999938964844,35.70000076293945,35.560001373291016,35.58000183105469,50700
2026-03-25 16:00:00+00:00,TOTS3.SA,35.58000183105469,35.619998931884766,35.529998779296875,35.58000183105469,30200
2026-03-25 16:05:00+00:00,TOTS3.SA,35.54999923706055,35.58000183105469,35.5099983215332,35.52000045776367,17500
2026-03-25 16:10:00+00:00,TOTS3.SA,35.52000045776367,35.54999923706055,35.41999816894531,35.5,40400
2026-03-25 16:15:00+00:00,TOTS3.SA,35.5,35.529998779296875,35.400001525878906,35.43000030517578,57100
2026-03-25 16:20:00+00:00,TOTS3.SA,35.45000076293945,35.5,35.40999984741211,35.459999084472656,53200
2026-03-25 16:25:00+00:00,TOTS3.SA,35.459999084472656,35.5,35.380001068115234,35.45000076293945,45800
2026-03-25 16:30:00+00:00,TOTS3.SA,35.45000076293945,35.5099983215332,35.369998931884766,35.47999954223633,81400
2026-03-25 16:35:00+00:00,TOTS3.SA,35.470001220703125,35.470001220703125,35.36000061035156,35.43000030517578,66000
2026-03-25 16:40:00+00:00,TOTS3.SA,35.43000030517578,35.5,35.40999984741211,35.4900016784668,75100
2026-03-25 16:45:00+00:00,TOTS3.SA,35.4900016784668,35.4900016784668,35.43000030517578,35.43000030517578,39700
2026-03-25 16:50:00+00:00,TOTS3.SA,35.43000030517578,35.45000076293945,35.36000061035156,35.439998626708984,49400
2026-03-25 16:55:00+00:00,TOTS3.SA,35.43000030517578,35.439998626708984,35.349998474121094,35.38999938964844,42800
2026-03-25 17:00:00+00:00,TOTS3.SA,35.38999938964844,35.439998626708984,35.380001068115234,35.41999816894531,55100
2026-03-25 17:05:00+00:00,TOTS3.SA,35.43000030517578,35.43000030517578,35.369998931884766,35.369998931884766,23500
2026-03-25 17:10:00+00:00,TOTS3.SA,35.369998931884766,35.43000030517578,35.36000061035156,35.40999984741211,29100
2026-03-25 17:15:00+00:00,TOTS3.SA,35.40999984741211,35.439998626708984,35.380001068115234,35.41999816894531,35200
2026-03-25 17:20:00+00:00,TOTS3.SA,35.400001525878906,35.459999084472656,35.18000030517578,35.27000045776367,187700
2026-03-25 17:25:00+00:00,TOTS3.SA,35.27000045776367,35.29999923706055,35.209999084472656,35.29999923706055,47300
2026-03-25 17:30:00+00:00,TOTS3.SA,35.29999923706055,35.29999923706055,35.189998626708984,35.20000076293945,44500
2026-03-25 17:35:00+00:00,TOTS3.SA,35.220001220703125,35.310001373291016,35.209999084472656,35.279998779296875,54200
2026-03-25 17:40:00+00:00,TOTS3.SA,35.290000915527344,35.400001525878906,35.2599983215332,35.38999938964844,45800
2026-03-25 17:45:00+00:00,TOTS3.SA,35.40999984741211,35.45000076293945,35.310001373291016,35.349998474121094,35300
2026-03-25 17:50:00+00:00,TOTS3.SA,35.349998474121094,35.459999084472656,35.34000015258789,35.43000030517578,36100
2026-03-25 17:55:00+00:00,TOTS3.SA,35.43000030517578,35.4900016784668,35.36000061035156,35.380001068115234,36700
2026-03-25 18:00:00+00:00,TOTS3.SA,35.369998931884766,35.459999084472656,35.34000015258789,35.36000061035156,30700
2026-03-25 18:05:00+00:00,TOTS3.SA,35.349998474121094,35.45000076293945,35.349998474121094,35.40999984741211,43300
2026-03-25 18:10:00+00:00,TOTS3.SA,35.439998626708984,35.459999084472656,35.380001068115234,35.43000030517578,37700
2026-03-25 18:15:00+00:00,TOTS3.SA,35.40999984741211,35.540000915527344,35.40999984741211,35.5,80900
2026-03-25 18:20:00+00:00,TOTS3.SA,35.52000045776367,35.58000183105469,35.45000076293945,35.47999954223633,45000
2026-03-25 18:25:00+00:00,TOTS3.SA,35.47999954223633,35.540000915527344,35.38999938964844,35.40999984741211,46900
2026-03-25 18:30:00+00:00,TOTS3.SA,35.43000030517578,35.470001220703125,35.29999923706055,35.33000183105469,88900
2026-03-25 18:35:00+00:00,TOTS3.SA,35.36000061035156,35.369998931884766,35.29999923706055,35.349998474121094,39600
2026-03-25 18:40:00+00:00,TOTS3.SA,35.349998474121094,35.380001068115234,35.2599983215332,35.29999923706055,55200
2026-03-25 18:45:00+00:00,TOTS3.SA,35.290000915527344,35.310001373291016,35.2400016784668,35.25,37100
2026-03-25 18:50:00+00:00,TOTS3.SA,35.25,35.290000915527344,35.2400016784668,35.2599983215332,40300
2026-03-25 18:55:00+00:00,TOTS3.SA,35.2599983215332,35.279998779296875,35.060001373291016,35.220001220703125,53100
2026-03-25 19:00:00+00:00,TOTS3.SA,35.209999084472656,35.209999084472656,35.11000061035156,35.16999816894531,38700
2026-03-25 19:05:00+00:00,TOTS3.SA,35.150001525878906,35.209999084472656,35.02000045776367,35.04999923706055,108700
2026-03-25 19:10:00+00:00,TOTS3.SA,35.04999923706055,35.13999938964844,35.029998779296875,35.130001068115234,37100
2026-03-25 19:15:00+00:00,TOTS3.SA,35.130001068115234,35.25,35.130001068115234,35.150001525878906,66100
2026-03-25 19:20:00+00:00,TOTS3.SA,35.15999984741211,35.290000915527344,35.15999984741211,35.25,45700
2026-03-25 19:25:00+00:00,TOTS3.SA,35.25,35.27000045776367,35.189998626708984,35.25,38300
2026-03-25 19:30:00+00:00,TOTS3.SA,35.25,35.27000045776367,35.18000030517578,35.220001220703125,47100
2026-03-25 19:35:00+00:00,TOTS3.SA,35.220001220703125,35.2599983215332,35.15999984741211,35.189998626708984,57200
2026-03-25 19:40:00+00:00,TOTS3.SA,35.18000030517578,35.22999954223633,35.15999984741211,35.15999984741211,44500
2026-03-25 19:45:00+00:00,TOTS3.SA,35.15999984741211,35.31999969482422,35.150001525878906,35.27000045776367,60900
2026-03-25 19:50:00+00:00,TOTS3.SA,35.290000915527344,35.310001373291016,35.18000030517578,35.18000030517578,68800
2026-03-26 13:05:00+00:00,TOTS3.SA,34.45000076293945,34.5099983215332,34.380001068115234,34.40999984741211,16500
2026-03-26 13:10:00+00:00,TOTS3.SA,34.40999984741211,34.65999984741211,34.349998474121094,34.65999984741211,17000
2026-03-26 13:15:00+00:00,TOTS3.SA,34.65999984741211,34.72999954223633,34.61000061035156,34.689998626708984,5900
2026-03-26 13:20:00+00:00,TOTS3.SA,34.650001525878906,34.779998779296875,34.650001525878906,34.779998779296875,10500
2026-03-26 13:25:00+00:00,TOTS3.SA,34.779998779296875,34.779998779296875,34.68000030517578,34.720001220703125,8000
2026-03-26 13:30:00+00:00,TOTS3.SA,34.720001220703125,34.790000915527344,34.689998626708984,34.77000045776367,17600
2026-03-26 13:35:00+00:00,TOTS3.SA,34.77000045776367,34.869998931884766,34.689998626708984,34.779998779296875,224700
2026-03-26 13:40:00+00:00,TOTS3.SA,34.77000045776367,34.970001220703125,34.77000045776367,34.970001220703125,23900
2026-03-26 13:45:00+00:00,TOTS3.SA,35.0,35.119998931884766,34.970001220703125,35.02000045776367,10600
2026-03-26 13:50:00+00:00,TOTS3.SA,35.0,35.099998474121094,34.9900016784668,35.06999969482422,8800
2026-03-26 13:55:00+00:00,TOTS3.SA,35.06999969482422,35.08000183105469,34.959999084472656,35.04999923706055,14500
2026-03-26 14:00:00+00:00,TOTS3.SA,35.04999923706055,35.29999923706055,35.040000915527344,35.27000045776367,78700
2026-03-26 14:05:00+00:00,TOTS3.SA,35.290000915527344,35.34000015258789,35.189998626708984,35.209999084472656,24700
2026-03-26 14:10:00+00:00,TOTS3.SA,35.209999084472656,35.220001220703125,35.09000015258789,35.220001220703125,19200
2026-03-26 14:15:00+00:00,TOTS3.SA,35.220001220703125,35.290000915527344,35.20000076293945,35.2599983215332,13300
2026-03-26 14:20:00+00:00,TOTS3.SA,35.27000045776367,35.29999923706055,35.220001220703125,35.2400016784668,11800
2026-03-26 14:25:00+00:00,TOTS3.SA,35.22999954223633,35.2599983215332,35.15999984741211,35.15999984741211,12200
2026-03-26 14:30:00+00:00,TOTS3.SA,35.150001525878906,35.25,35.150001525878906,35.2400016784668,11600
2026-03-26 14:35:00+00:00,TOTS3.SA,35.25,35.27000045776367,35.119998931884766,35.25,23500
2026-03-26 14:40:00+00:00,TOTS3.SA,35.2599983215332,35.29999923706055,35.13999938964844,35.150001525878906,28000
2026-03-26 14:45:00+00:00,TOTS3.SA,35.150001525878906,35.20000076293945,34.97999954223633,35.040000915527344,30600
2026-03-26 14:50:00+00:00,TOTS3.SA,35.029998779296875,35.15999984741211,35.029998779296875,35.099998474121094,18500
2026-03-26 14:55:00+00:00,TOTS3.SA,35.06999969482422,35.150001525878906,35.04999923706055,35.060001373291016,35200
2026-03-26 15:00:00+00:00,TOTS3.SA,35.060001373291016,35.119998931884766,35.02000045776367,35.06999969482422,24300
2026-03-26 15:05:00+00:00,TOTS3.SA,35.04999923706055,35.150001525878906,35.04999923706055,35.130001068115234,11300
2026-03-26 15:10:00+00:00,TOTS3.SA,35.130001068115234,35.13999938964844,35.0,35.02000045776367,15600
2026-03-26 15:15:00+00:00,TOTS3.SA,35.029998779296875,35.029998779296875,34.970001220703125,35.02000045776367,10600
2026-03-26 15:20:00+00:00,TOTS3.SA,35.02000045776367,35.060001373291016,34.970001220703125,35.060001373291016,46600
2026-03-26 15:25:00+00:00,TOTS3.SA,35.060001373291016,35.099998474121094,35.0099983215332,35.029998779296875,11400
2026-03-26 15:30:00+00:00,TOTS3.SA,35.0099983215332,35.029998779296875,34.939998626708984,35.0,15600
2026-03-26 15:35:00+00:00,TOTS3.SA,35.0,35.02000045776367,34.970001220703125,34.9900016784668,8600
2026-03-26 15:40:00+00:00,TOTS3.SA,34.9900016784668,35.0,34.93000030517578,34.95000076293945,13000
2026-03-26 15:45:00+00:00,TOTS3.SA,34.95000076293945,34.9900016784668,34.90999984741211,34.959999084472656,16800
2026-03-26 15:50:00+00:00,TOTS3.SA,34.970001220703125,34.9900016784668,34.90999984741211,34.970001220703125,12300
2026-03-26 15:55:00+00:00,TOTS3.SA,34.959999084472656,34.97999954223633,34.93000030517578,34.970001220703125,10200
2026-03-26 16:00:00+00:00,TOTS3.SA,34.97999954223633,34.97999954223633,34.90999984741211,34.93000030517578,13000
2026-03-26 16:05:00+00:00,TOTS3.SA,34.93000030517578,34.959999084472656,34.88999938964844,34.91999816894531,13100
2026-03-26 16:10:00+00:00,TOTS3.SA,34.91999816894531,34.95000076293945,34.880001068115234,34.95000076293945,12900
2026-03-26 16:15:00+00:00,TOTS3.SA,34.95000076293945,34.95000076293945,34.79999923706055,34.849998474121094,16900
2026-03-26 16:20:00+00:00,TOTS3.SA,34.849998474121094,34.86000061035156,34.77000045776367,34.790000915527344,15000
2026-03-26 16:25:00+00:00,TOTS3.SA,34.790000915527344,34.810001373291016,34.66999816894531,34.72999954223633,22500
2026-03-26 16:30:00+00:00,TOTS3.SA,34.70000076293945,34.72999954223633,34.66999816894531,34.720001220703125,24500
2026-03-26 16:35:00+00:00,TOTS3.SA,34.720001220703125,34.7400016784668,34.65999984741211,34.65999984741211,33900
2026-03-26 16:40:00+00:00,TOTS3.SA,34.65999984741211,34.75,34.650001525878906,34.709999084472656,29400
2026-03-26 16:45:00+00:00,TOTS3.SA,34.72999954223633,34.7400016784668,34.619998931884766,34.65999984741211,20900
2026-03-26 16:50:00+00:00,TOTS3.SA,34.650001525878906,34.66999816894531,34.619998931884766,34.650001525878906,9900
2026-03-26 16:55:00+00:00,TOTS3.SA,34.650001525878906,34.72999954223633,34.650001525878906,34.70000076293945,8600
2026-03-26 17:00:00+00:00,TOTS3.SA,34.70000076293945,34.709999084472656,34.66999816894531,34.66999816894531,6600
2026-03-26 17:05:00+00:00,TOTS3.SA,34.65999984741211,34.720001220703125,34.650001525878906,34.68000030517578,7000
2026-03-26 17:10:00+00:00,TOTS3.SA,34.650001525878906,34.66999816894531,34.59000015258789,34.619998931884766,10000
2026-03-26 17:15:00+00:00,TOTS3.SA,34.619998931884766,34.630001068115234,34.56999969482422,34.619998931884766,18800
2026-03-26 17:20:00+00:00,TOTS3.SA,34.619998931884766,34.619998931884766,34.56999969482422,34.59000015258789,7000
2026-03-26 17:25:00+00:00,TOTS3.SA,34.56999969482422,34.61000061035156,34.52000045776367,34.61000061035156,18200
2026-03-26 17:30:00+00:00,TOTS3.SA,34.61000061035156,34.619998931884766,34.56999969482422,34.61000061035156,8900
2026-03-26 17:35:00+00:00,TOTS3.SA,34.61000061035156,34.65999984741211,34.560001373291016,34.58000183105469,30800
2026-03-26 17:40:00+00:00,TOTS3.SA,34.560001373291016,34.61000061035156,34.52000045776367,34.560001373291016,21500
2026-03-26 17:45:00+00:00,TOTS3.SA,34.560001373291016,34.63999938964844,34.540000915527344,34.599998474121094,13900
2026-03-26 17:50:00+00:00,TOTS3.SA,34.619998931884766,34.619998931884766,34.529998779296875,34.54999923706055,15500
2026-03-26 17:55:00+00:00,TOTS3.SA,34.54999923706055,34.59000015258789,34.5099983215332,34.59000015258789,14300
2026-03-26 18:00:00+00:00,TOTS3.SA,34.59000015258789,34.599998474121094,34.540000915527344,34.560001373291016,10300
2026-03-26 18:05:00+00:00,TOTS3.SA,34.58000183105469,34.59000015258789,34.529998779296875,34.58000183105469,12800
2026-03-26 18:10:00+00:00,TOTS3.SA,34.58000183105469,34.619998931884766,34.56999969482422,34.599998474121094,7900
2026-03-26 18:15:00+00:00,TOTS3.SA,34.56999969482422,34.68000030517578,34.56999969482422,34.65999984741211,11900
2026-03-26 18:20:00+00:00,TOTS3.SA,34.68000030517578,34.720001220703125,34.630001068115234,34.689998626708984,14900
2026-03-26 18:25:00+00:00,TOTS3.SA,34.689998626708984,34.720001220703125,34.65999984741211,34.689998626708984,8500
2026-03-26 18:30:00+00:00,TOTS3.SA,34.66999816894531,34.689998626708984,34.63999938964844,34.63999938964844,7000
2026-03-26 18:35:00+00:00,TOTS3.SA,34.65999984741211,34.7400016784668,34.63999938964844,34.7400016784668,12500
2026-03-26 18:40:00+00:00,TOTS3.SA,34.7400016784668,34.810001373291016,34.720001220703125,34.79999923706055,27400
2026-03-26 18:45:00+00:00,TOTS3.SA,34.79999923706055,34.81999969482422,34.7599983215332,34.79999923706055,11000
2026-03-26 18:50:00+00:00,TOTS3.SA,34.810001373291016,34.81999969482422,34.75,34.81999969482422,13500
2026-03-26 18:55:00+00:00,TOTS3.SA,34.81999969482422,34.81999969482422,34.7599983215332,34.7599983215332,13100
2026-03-26 19:00:00+00:00,TOTS3.SA,34.77000045776367,34.779998779296875,34.709999084472656,34.72999954223633,11900
2026-03-26 19:05:00+00:00,TOTS3.SA,34.72999954223633,34.75,34.70000076293945,34.7400016784668,12400
2026-03-26 19:10:00+00:00,TOTS3.SA,34.75,34.75,34.68000030517578,34.709999084472656,7900
2026-03-26 19:15:00+00:00,TOTS3.SA,34.709999084472656,34.810001373291016,34.709999084472656,34.79999923706055,14200
2026-03-26 19:20:00+00:00,TOTS3.SA,34.79999923706055,34.810001373291016,34.720001220703125,34.720001220703125,12000
2026-03-26 19:25:00+00:00,TOTS3.SA,34.7400016784668,34.7400016784668,34.68000030517578,34.720001220703125,12200
2026-03-26 19:30:00+00:00,TOTS3.SA,34.70000076293945,34.720001220703125,34.61000061035156,34.650001525878906,34200
2026-03-26 19:35:00+00:00,TOTS3.SA,34.63999938964844,34.68000030517578,34.630001068115234,34.65999984741211,37200
2026-03-26 19:40:00+00:00,TOTS3.SA,34.63999938964844,34.720001220703125,34.61000061035156,34.689998626708984,43300
2026-03-26 19:45:00+00:00,TOTS3.SA,34.709999084472656,34.709999084472656,34.650001525878906,34.709999084472656,44800
2026-03-26 19:50:00+00:00,TOTS3.SA,34.689998626708984,34.7400016784668,34.560001373291016,34.599998474121094,42900
2026-03-27 13:00:00+00:00,TOTS3.SA,34.5099983215332,35.20000076293945,34.5099983215332,35.20000076293945,0
2026-03-27 13:10:00+00:00,TOTS3.SA,34.5099983215332,34.66999816894531,34.220001220703125,34.470001220703125,96600
2026-03-27 13:15:00+00:00,TOTS3.SA,34.47999954223633,34.63999938964844,34.400001525878906,34.439998626708984,43500
2026-03-27 13:20:00+00:00,TOTS3.SA,34.40999984741211,34.56999969482422,34.380001068115234,34.5099983215332,28600
2026-03-27 13:25:00+00:00,TOTS3.SA,34.52000045776367,34.709999084472656,34.470001220703125,34.619998931884766,32500
2026-03-27 13:30:00+00:00,TOTS3.SA,34.59000015258789,34.61000061035156,34.400001525878906,34.4900016784668,68000
2026-03-27 13:35:00+00:00,TOTS3.SA,34.47999954223633,34.5,34.29999923706055,34.40999984741211,57300
2026-03-27 13:40:00+00:00,TOTS3.SA,34.400001525878906,34.52000045776367,34.400001525878906,34.45000076293945,25900
2026-03-27 13:45:00+00:00,TOTS3.SA,34.459999084472656,34.52000045776367,34.41999816894531,34.43000030517578,38800
2026-03-27 13:50:00+00:00,TOTS3.SA,34.43000030517578,34.439998626708984,34.02000045776367,34.060001373291016,136500
2026-03-27 13:55:00+00:00,TOTS3.SA,34.04999923706055,34.20000076293945,34.0,34.189998626708984,62500
2026-03-27 14:00:00+00:00,TOTS3.SA,34.15999984741211,34.27000045776367,34.099998474121094,34.25,59200
2026-03-27 14:05:00+00:00,TOTS3.SA,34.25,34.290000915527344,34.150001525878906,34.22999954223633,44100
2026-03-27 14:10:00+00:00,TOTS3.SA,34.22999954223633,34.2400016784668,34.150001525878906,34.22999954223633,35400
2026-03-27 14:15:00+00:00,TOTS3.SA,34.22999954223633,34.29999923706055,34.189998626708984,34.279998779296875,24700
2026-03-27 14:20:00+00:00,TOTS3.SA,34.27000045776367,34.310001373291016,34.209999084472656,34.22999954223633,32700
2026-03-27 14:25:00+00:00,TOTS3.SA,34.220001220703125,34.34000015258789,34.16999816894531,34.22999954223633,102700
2026-03-27 14:30:00+00:00,TOTS3.SA,34.22999954223633,34.310001373291016,34.18000030517578,34.29999923706055,31300
2026-03-27 14:35:00+00:00,TOTS3.SA,34.29999923706055,34.310001373291016,34.220001220703125,34.22999954223633,29000
2026-03-27 14:40:00+00:00,TOTS3.SA,34.22999954223633,34.27000045776367,34.20000076293945,34.2599983215332,30600
2026-03-27 14:45:00+00:00,TOTS3.SA,34.2599983215332,34.349998474121094,34.2599983215332,34.34000015258789,22900
2026-03-27 14:50:00+00:00,TOTS3.SA,34.349998474121094,34.40999984741211,34.290000915527344,34.310001373291016,27300
2026-03-27 14:55:00+00:00,TOTS3.SA,34.29999923706055,34.38999938964844,34.29999923706055,34.380001068115234,22300
2026-03-27 15:00:00+00:00,TOTS3.SA,34.380001068115234,34.4900016784668,34.34000015258789,34.459999084472656,38400
2026-03-27 15:05:00+00:00,TOTS3.SA,34.470001220703125,34.540000915527344,34.459999084472656,34.5099983215332,26400
2026-03-27 15:10:00+00:00,TOTS3.SA,34.41999816894531,34.43000030517578,34.36000061035156,34.36000061035156,31100
2026-03-27 15:15:00+00:00,TOTS3.SA,34.36000061035156,34.400001525878906,34.33000183105469,34.380001068115234,22700
2026-03-27 15:20:00+00:00,TOTS3.SA,34.380001068115234,34.529998779296875,34.36000061035156,34.470001220703125,25100
2026-03-27 15:25:00+00:00,TOTS3.SA,34.4900016784668,34.5,34.40999984741211,34.45000076293945,22000
2026-03-27 15:30:00+00:00,TOTS3.SA,34.45000076293945,34.4900016784668,34.439998626708984,34.45000076293945,22000
2026-03-27 15:35:00+00:00,TOTS3.SA,34.459999084472656,34.47999954223633,34.33000183105469,34.34000015258789,35900
2026-03-27 15:40:00+00:00,TOTS3.SA,34.34000015258789,34.40999984741211,34.33000183105469,34.400001525878906,31700
2026-03-27 15:45:00+00:00,TOTS3.SA,34.380001068115234,34.43000030517578,34.349998474121094,34.36000061035156,33600
2026-03-27 15:50:00+00:00,TOTS3.SA,34.36000061035156,34.369998931884766,34.29999923706055,34.33000183105469,31300
2026-03-27 15:55:00+00:00,TOTS3.SA,34.33000183105469,34.34000015258789,34.29999923706055,34.29999923706055,22400
2026-03-27 16:00:00+00:00,TOTS3.SA,34.310001373291016,34.38999938964844,34.279998779296875,34.290000915527344,47900
2026-03-27 16:05:00+00:00,TOTS3.SA,34.290000915527344,34.439998626708984,34.279998779296875,34.38999938964844,36900
2026-03-27 16:10:00+00:00,TOTS3.SA,34.38999938964844,34.400001525878906,34.349998474121094,34.380001068115234,24100
2026-03-27 16:15:00+00:00,TOTS3.SA,34.380001068115234,34.38999938964844,34.349998474121094,34.369998931884766,27900
2026-03-27 16:20:00+00:00,TOTS3.SA,34.36000061035156,34.400001525878906,34.349998474121094,34.349998474121094,35500
2026-03-27 16:25:00+00:00,TOTS3.SA,34.349998474121094,34.40999984741211,34.29999923706055,34.38999938964844,42100
2026-03-27 16:30:00+00:00,TOTS3.SA,34.38999938964844,34.400001525878906,34.36000061035156,34.369998931884766,22400
2026-03-27 16:35:00+00:00,TOTS3.SA,34.369998931884766,34.380001068115234,34.349998474121094,34.369998931884766,20400
2026-03-27 16:40:00+00:00,TOTS3.SA,34.369998931884766,34.369998931884766,34.34000015258789,34.349998474121094,49700
2026-03-27 16:45:00+00:00,TOTS3.SA,34.349998474121094,34.439998626708984,34.349998474121094,34.43000030517578,26000
2026-03-27 16:50:00+00:00,TOTS3.SA,34.43000030517578,34.439998626708984,34.380001068115234,34.40999984741211,22300
2026-03-27 16:55:00+00:00,TOTS3.SA,34.40999984741211,34.41999816894531,34.34000015258789,34.369998931884766,24000
2026-03-27 17:00:00+00:00,TOTS3.SA,34.369998931884766,34.400001525878906,34.310001373291016,34.33000183105469,77300
2026-03-27 17:05:00+00:00,TOTS3.SA,34.33000183105469,34.43000030517578,34.27000045776367,34.33000183105469,39500
2026-03-27 17:10:00+00:00,TOTS3.SA,34.31999969482422,34.33000183105469,34.27000045776367,34.279998779296875,26800
2026-03-27 17:15:00+00:00,TOTS3.SA,34.290000915527344,34.33000183105469,34.2599983215332,34.29999923706055,29400
2026-03-27 17:20:00+00:00,TOTS3.SA,34.29999923706055,34.31999969482422,34.2599983215332,34.279998779296875,25500
2026-03-27 17:25:00+00:00,TOTS3.SA,34.27000045776367,34.290000915527344,34.22999954223633,34.2599983215332,64500
2026-03-27 17:30:00+00:00,TOTS3.SA,34.25,34.279998779296875,34.209999084472656,34.2599983215332,29800
2026-03-27 17:35:00+00:00,TOTS3.SA,34.25,34.279998779296875,34.22999954223633,34.22999954223633,24000
2026-03-27 17:40:00+00:00,TOTS3.SA,34.2400016784668,34.279998779296875,34.18000030517578,34.220001220703125,35500
2026-03-27 17:45:00+00:00,TOTS3.SA,34.209999084472656,34.2400016784668,34.16999816894531,34.16999816894531,42100
2026-03-27 17:50:00+00:00,TOTS3.SA,34.16999816894531,34.189998626708984,34.09000015258789,34.130001068115234,35300
2026-03-27 17:55:00+00:00,TOTS3.SA,34.130001068115234,34.13999938964844,34.06999969482422,34.119998931884766,36000
2026-03-27 18:00:00+00:00,TOTS3.SA,34.11000061035156,34.130001068115234,34.099998474121094,34.099998474121094,22700
2026-03-27 18:05:00+00:00,TOTS3.SA,34.11000061035156,34.119998931884766,33.97999954223633,34.06999969482422,67900
2026-03-27 18:10:00+00:00,TOTS3.SA,34.060001373291016,34.099998474121094,34.040000915527344,34.06999969482422,35800
2026-03-27 18:15:00+00:00,TOTS3.SA,34.06999969482422,34.119998931884766,34.04999923706055,34.099998474121094,40300
2026-03-27 18:20:00+00:00,TOTS3.SA,34.099998474121094,34.119998931884766,34.060001373291016,34.099998474121094,40400
2026-03-27 18:25:00+00:00,TOTS3.SA,34.099998474121094,34.11000061035156,34.04999923706055,34.06999969482422,35300
2026-03-27 18:30:00+00:00,TOTS3.SA,34.060001373291016,34.09000015258789,34.0099983215332,34.060001373291016,31200
2026-03-27 18:35:00+00:00,TOTS3.SA,34.040000915527344,34.08000183105469,34.029998779296875,34.040000915527344,30600
2026-03-27 18:40:00+00:00,TOTS3.SA,34.040000915527344,34.150001525878906,34.029998779296875,34.11000061035156,40000
2026-03-27 18:45:00+00:00,TOTS3.SA,34.11000061035156,34.15999984741211,34.099998474121094,34.13999938964844,33000
2026-03-27 18:50:00+00:00,TOTS3.SA,34.13999938964844,34.150001525878906,34.099998474121094,34.119998931884766,34900
2026-03-27 18:55:00+00:00,TOTS3.SA,34.119998931884766,34.150001525878906,34.09000015258789,34.13999938964844,39200
2026-03-27 19:00:00+00:00,TOTS3.SA,34.130001068115234,34.189998626708984,34.099998474121094,34.11000061035156,53500
2026-03-27 19:05:00+00:00,TOTS3.SA,34.09000015258789,34.11000061035156,34.040000915527344,34.06999969482422,32200
2026-03-27 19:10:00+00:00,TOTS3.SA,34.04999923706055,34.060001373291016,33.970001220703125,33.9900016784668,56900
2026-03-27 19:15:00+00:00,TOTS3.SA,33.9900016784668,34.04999923706055,33.97999954223633,34.029998779296875,52200
2026-03-27 19:20:00+00:00,TOTS3.SA,34.029998779296875,34.040000915527344,33.97999954223633,33.9900016784668,58200
2026-03-27 19:25:00+00:00,TOTS3.SA,33.9900016784668,34.08000183105469,33.97999954223633,34.02000045776367,52800
2026-03-27 19:30:00+00:00,TOTS3.SA,34.0099983215332,34.06999969482422,33.9900016784668,34.029998779296875,62600
2026-03-27 19:35:00+00:00,TOTS3.SA,34.040000915527344,34.08000183105469,34.0,34.029998779296875,72300
2026-03-27 19:40:00+00:00,TOTS3.SA,34.02000045776367,34.060001373291016,33.97999954223633,34.0,62300
2026-03-27 19:45:00+00:00,TOTS3.SA,34.0099983215332,34.08000183105469,33.97999954223633,34.06999969482422,64000
2026-03-27 19:50:00+00:00,TOTS3.SA,34.06999969482422,34.16999816894531,34.0,34.15999984741211,88600
2026-03-30 13:00:00+00:00,TOTS3.SA,34.540000915527344,34.709999084472656,34.529998779296875,34.619998931884766,0
2026-03-30 13:05:00+00:00,TOTS3.SA,34.599998474121094,34.599998474121094,34.20000076293945,34.2599983215332,28100
2026-03-30 13:10:00+00:00,TOTS3.SA,34.209999084472656,34.40999984741211,34.189998626708984,34.36000061035156,16500
2026-03-30 13:15:00+00:00,TOTS3.SA,34.33000183105469,34.369998931884766,34.22999954223633,34.33000183105469,89300
2026-03-30 13:20:00+00:00,TOTS3.SA,34.33000183105469,34.43000030517578,34.290000915527344,34.43000030517578,17100
2026-03-30 13:25:00+00:00,TOTS3.SA,34.38999938964844,34.5,34.209999084472656,34.2400016784668,122700
2026-03-30 13:30:00+00:00,TOTS3.SA,34.22999954223633,34.45000076293945,34.15999984741211,34.349998474121094,389800
2026-03-30 13:35:00+00:00,TOTS3.SA,34.36000061035156,34.459999084472656,34.29999923706055,34.439998626708984,66100
2026-03-30 13:40:00+00:00,TOTS3.SA,34.41999816894531,34.4900016784668,34.349998474121094,34.41999816894531,32000
2026-03-30 13:45:00+00:00,TOTS3.SA,34.43000030517578,34.459999084472656,34.27000045776367,34.27000045776367,17600
2026-03-30 13:50:00+00:00,TOTS3.SA,34.2599983215332,34.29999923706055,34.20000076293945,34.25,61500
2026-03-30 13:55:00+00:00,TOTS3.SA,34.25,34.2599983215332,34.08000183105469,34.130001068115234,53200
2026-03-30 14:00:00+00:00,TOTS3.SA,34.130001068115234,34.220001220703125,34.11000061035156,34.16999816894531,24700
2026-03-30 14:05:00+00:00,TOTS3.SA,34.18000030517578,34.18000030517578,34.060001373291016,34.099998474121094,18300
2026-03-30 14:10:00+00:00,TOTS3.SA,34.130001068115234,34.130001068115234,34.02000045776367,34.06999969482422,34600
2026-03-30 14:15:00+00:00,TOTS3.SA,34.09000015258789,34.11000061035156,33.959999084472656,34.040000915527344,49300
2026-03-30 14:20:00+00:00,TOTS3.SA,34.040000915527344,34.11000061035156,34.0,34.099998474121094,27100
2026-03-30 14:25:00+00:00,TOTS3.SA,34.099998474121094,34.119998931884766,34.040000915527344,34.09000015258789,12500
2026-03-30 14:30:00+00:00,TOTS3.SA,34.09000015258789,34.119998931884766,34.029998779296875,34.09000015258789,31000
2026-03-30 14:35:00+00:00,TOTS3.SA,34.11000061035156,34.18000030517578,34.040000915527344,34.13999938964844,46300
2026-03-30 14:40:00+00:00,TOTS3.SA,34.13999938964844,34.15999984741211,34.060001373291016,34.09000015258789,9700
2026-03-30 14:45:00+00:00,TOTS3.SA,34.09000015258789,34.400001525878906,34.06999969482422,34.310001373291016,33400
2026-03-30 14:50:00+00:00,TOTS3.SA,34.290000915527344,34.380001068115234,34.290000915527344,34.349998474121094,160700
2026-03-30 14:55:00+00:00,TOTS3.SA,34.349998474121094,34.43000030517578,34.25,34.36000061035156,83700
2026-03-30 15:00:00+00:00,TOTS3.SA,34.36000061035156,34.43000030517578,34.349998474121094,34.41999816894531,216100
2026-03-30 15:05:00+00:00,TOTS3.SA,34.439998626708984,34.45000076293945,34.29999923706055,34.34000015258789,0
2026-03-30 15:10:00+00:00,TOTS3.SA,34.34000015258789,34.38999938964844,34.310001373291016,34.34000015258789,11600
2026-03-30 15:15:00+00:00,TOTS3.SA,34.34000015258789,34.43000030517578,34.33000183105469,34.38999938964844,13100
2026-03-30 15:20:00+00:00,TOTS3.SA,34.380001068115234,34.400001525878906,34.34000015258789,34.380001068115234,13500
2026-03-30 15:25:00+00:00,TOTS3.SA,34.38999938964844,34.43000030517578,34.36000061035156,34.36000061035156,9100
2026-03-30 15:30:00+00:00,TOTS3.SA,34.349998474121094,34.45000076293945,34.33000183105469,34.45000076293945,15900
2026-03-30 15:35:00+00:00,TOTS3.SA,34.45000076293945,34.5,34.40999984741211,34.45000076293945,14200
2026-03-30 15:40:00+00:00,TOTS3.SA,34.45000076293945,34.619998931884766,34.45000076293945,34.59000015258789,40100
2026-03-30 15:45:00+00:00,TOTS3.SA,34.59000015258789,34.59000015258789,34.529998779296875,34.560001373291016,18400
2026-03-30 15:50:00+00:00,TOTS3.SA,34.58000183105469,34.59000015258789,34.47999954223633,34.5099983215332,17800
2026-03-30 15:55:00+00:00,TOTS3.SA,34.52000045776367,34.52000045776367,34.459999084472656,34.47999954223633,11200
2026-03-30 16:00:00+00:00,TOTS3.SA,34.4900016784668,34.5,34.40999984741211,34.45000076293945,16500
2026-03-30 16:05:00+00:00,TOTS3.SA,34.459999084472656,34.470001220703125,34.40999984741211,34.43000030517578,12200
2026-03-30 16:10:00+00:00,TOTS3.SA,34.41999816894531,34.43000030517578,34.38999938964844,34.43000030517578,9700
2026-03-30 16:15:00+00:00,TOTS3.SA,34.43000030517578,34.439998626708984,34.380001068115234,34.40999984741211,11100
2026-03-30 16:20:00+00:00,TOTS3.SA,34.41999816894531,34.45000076293945,34.36000061035156,34.400001525878906,35700
2026-03-30 16:25:00+00:00,TOTS3.SA,34.43000030517578,34.43000030517578,34.34000015258789,34.34000015258789,10400
2026-03-30 16:30:00+00:00,TOTS3.SA,34.34000015258789,34.38999938964844,34.33000183105469,34.34000015258789,11000
2026-03-30 16:35:00+00:00,TOTS3.SA,34.34000015258789,34.400001525878906,34.31999969482422,34.38999938964844,12100
2026-03-30 16:40:00+00:00,TOTS3.SA,34.38999938964844,34.400001525878906,34.34000015258789,34.349998474121094,11400
2026-03-30 16:45:00+00:00,TOTS3.SA,34.349998474121094,34.380001068115234,34.33000183105469,34.36000061035156,11300
2026-03-30 16:50:00+00:00,TOTS3.SA,34.349998474121094,34.369998931884766,34.34000015258789,34.36000061035156,10000
2026-03-30 16:55:00+00:00,TOTS3.SA,34.36000061035156,34.369998931884766,34.310001373291016,34.369998931884766,10600
2026-03-30 17:00:00+00:00,TOTS3.SA,34.369998931884766,34.38999938964844,34.349998474121094,34.349998474121094,14200
2026-03-30 17:05:00+00:00,TOTS3.SA,34.349998474121094,34.400001525878906,34.349998474121094,34.349998474121094,11200
2026-03-30 17:10:00+00:00,TOTS3.SA,34.349998474121094,34.36000061035156,34.25,34.25,13700
2026-03-30 17:15:00+00:00,TOTS3.SA,34.2599983215332,34.279998779296875,34.209999084472656,34.22999954223633,25100
2026-03-30 17:20:00+00:00,TOTS3.SA,34.25,34.2599983215332,34.16999816894531,34.22999954223633,20500
2026-03-30 17:25:00+00:00,TOTS3.SA,34.2400016784668,34.2599983215332,34.209999084472656,34.2599983215332,17300
2026-03-30 17:30:00+00:00,TOTS3.SA,34.279998779296875,34.310001373291016,34.2599983215332,34.27000045776367,18000
2026-03-30 17:35:00+00:00,TOTS3.SA,34.279998779296875,34.290000915527344,34.25,34.279998779296875,17800
2026-03-30 17:40:00+00:00,TOTS3.SA,34.279998779296875,34.31999969482422,34.27000045776367,34.27000045776367,16700
2026-03-30 17:45:00+00:00,TOTS3.SA,34.27000045776367,34.310001373291016,34.2599983215332,34.279998779296875,27300
2026-03-30 17:50:00+00:00,TOTS3.SA,34.279998779296875,34.29999923706055,34.18000030517578,34.189998626708984,32300
2026-03-30 17:55:00+00:00,TOTS3.SA,34.189998626708984,34.209999084472656,34.13999938964844,34.209999084472656,26200
2026-03-30 18:00:00+00:00,TOTS3.SA,34.20000076293945,34.25,34.189998626708984,34.22999954223633,41800
2026-03-30 18:05:00+00:00,TOTS3.SA,34.220001220703125,34.25,34.189998626708984,34.220001220703125,32100
2026-03-30 18:10:00+00:00,TOTS3.SA,34.209999084472656,34.209999084472656,34.06999969482422,34.11000061035156,34700
2026-03-30 18:15:00+00:00,TOTS3.SA,34.119998931884766,34.189998626708984,34.09000015258789,34.189998626708984,19900
2026-03-30 18:20:00+00:00,TOTS3.SA,34.189998626708984,34.20000076293945,34.08000183105469,34.09000015258789,22100
2026-03-30 18:25:00+00:00,TOTS3.SA,34.09000015258789,34.130001068115234,34.08000183105469,34.099998474121094,17300
2026-03-30 18:30:00+00:00,TOTS3.SA,34.119998931884766,34.130001068115234,34.060001373291016,34.06999969482422,18700
2026-03-30 18:35:00+00:00,TOTS3.SA,34.06999969482422,34.09000015258789,34.060001373291016,34.06999969482422,17800
2026-03-30 18:40:00+00:00,TOTS3.SA,34.06999969482422,34.08000183105469,34.0099983215332,34.029998779296875,18000
2026-03-30 18:45:00+00:00,TOTS3.SA,34.029998779296875,34.06999969482422,34.02000045776367,34.060001373291016,15800
2026-03-30 18:50:00+00:00,TOTS3.SA,34.06999969482422,34.06999969482422,33.959999084472656,33.97999954223633,24700
2026-03-30 18:55:00+00:00,TOTS3.SA,33.97999954223633,33.97999954223633,33.88999938964844,33.900001525878906,28300
2026-03-30 19:00:00+00:00,TOTS3.SA,33.88999938964844,33.97999954223633,33.88999938964844,33.95000076293945,21900
2026-03-30 19:05:00+00:00,TOTS3.SA,33.959999084472656,33.959999084472656,33.88999938964844,33.88999938964844,15100
2026-03-30 19:10:00+00:00,TOTS3.SA,33.88999938964844,33.900001525878906,33.81999969482422,33.84000015258789,29200
2026-03-30 19:15:00+00:00,TOTS3.SA,33.84000015258789,33.869998931884766,33.83000183105469,33.86000061035156,17900
2026-03-30 19:20:00+00:00,TOTS3.SA,33.869998931884766,33.869998931884766,33.79999923706055,33.81999969482422,17700
2026-03-30 19:25:00+00:00,TOTS3.SA,33.810001373291016,33.81999969482422,33.779998779296875,33.79999923706055,17100
2026-03-30 19:30:00+00:00,TOTS3.SA,33.79999923706055,33.849998474121094,33.79999923706055,33.83000183105469,24600
2026-03-30 19:35:00+00:00,TOTS3.SA,33.83000183105469,33.86000061035156,33.790000915527344,33.86000061035156,23300
2026-03-30 19:40:00+00:00,TOTS3.SA,33.86000061035156,33.900001525878906,33.84000015258789,33.900001525878906,18800
2026-03-30 19:45:00+00:00,TOTS3.SA,33.88999938964844,33.90999984741211,33.86000061035156,33.880001068115234,19200
2026-03-30 19:50:00+00:00,TOTS3.SA,33.88999938964844,33.959999084472656,33.88999938964844,33.939998626708984,33600
2026-03-31 13:05:00+00:00,TOTS3.SA,34.540000915527344,34.540000915527344,34.310001373291016,34.439998626708984,0
2026-03-31 13:10:00+00:00,TOTS3.SA,34.47999954223633,34.75,34.47999954223633,34.68000030517578,19100
2026-03-31 13:15:00+00:00,TOTS3.SA,34.650001525878906,34.83000183105469,34.630001068115234,34.79999923706055,19100
2026-03-31 13:20:00+00:00,TOTS3.SA,34.81999969482422,34.81999969482422,34.599998474121094,34.619998931884766,22800
2026-03-31 13:25:00+00:00,TOTS3.SA,34.630001068115234,34.65999984741211,34.540000915527344,34.56999969482422,6000
2026-03-31 13:30:00+00:00,TOTS3.SA,34.56999969482422,34.66999816894531,34.560001373291016,34.59000015258789,12100
2026-03-31 13:35:00+00:00,TOTS3.SA,34.56999969482422,34.61000061035156,34.5099983215332,34.61000061035156,14700
2026-03-31 13:40:00+00:00,TOTS3.SA,34.61000061035156,34.70000076293945,34.61000061035156,34.61000061035156,16000
2026-03-31 13:45:00+00:00,TOTS3.SA,34.61000061035156,34.7400016784668,34.61000061035156,34.709999084472656,28200
2026-03-31 13:50:00+00:00,TOTS3.SA,34.72999954223633,34.7599983215332,34.61000061035156,34.720001220703125,28100
2026-03-31 13:55:00+00:00,TOTS3.SA,34.75,34.7599983215332,34.619998931884766,34.650001525878906,42300
2026-03-31 14:00:00+00:00,TOTS3.SA,34.65999984741211,34.68000030517578,34.45000076293945,34.540000915527344,51300
2026-03-31 14:05:00+00:00,TOTS3.SA,34.540000915527344,34.54999923706055,34.459999084472656,34.540000915527344,52900
2026-03-31 14:10:00+00:00,TOTS3.SA,34.529998779296875,34.56999969482422,34.459999084472656,34.459999084472656,11200
2026-03-31 14:15:00+00:00,TOTS3.SA,34.47999954223633,34.47999954223633,34.36000061035156,34.36000061035156,25700
2026-03-31 14:20:00+00:00,TOTS3.SA,34.380001068115234,34.41999816894531,34.310001373291016,34.41999816894531,16600
2026-03-31 14:25:00+00:00,TOTS3.SA,34.400001525878906,34.40999984741211,34.31999969482422,34.349998474121094,12900
2026-03-31 14:30:00+00:00,TOTS3.SA,34.349998474121094,34.47999954223633,34.33000183105469,34.459999084472656,18700
2026-03-31 14:35:00+00:00,TOTS3.SA,34.459999084472656,34.459999084472656,34.310001373291016,34.33000183105469,25300
2026-03-31 14:40:00+00:00,TOTS3.SA,34.349998474121094,34.369998931884766,34.2599983215332,34.29999923706055,25000
2026-03-31 14:45:00+00:00,TOTS3.SA,34.31999969482422,34.31999969482422,34.209999084472656,34.2599983215332,42500
2026-03-31 14:50:00+00:00,TOTS3.SA,34.2599983215332,34.29999923706055,34.209999084472656,34.27000045776367,21400
2026-03-31 14:55:00+00:00,TOTS3.SA,34.27000045776367,34.279998779296875,34.22999954223633,34.2599983215332,15900
2026-03-31 15:00:00+00:00,TOTS3.SA,34.27000045776367,34.380001068115234,34.27000045776367,34.36000061035156,13700
2026-03-31 15:05:00+00:00,TOTS3.SA,34.36000061035156,34.45000076293945,34.36000061035156,34.40999984741211,8100
2026-03-31 15:10:00+00:00,TOTS3.SA,34.43000030517578,34.439998626708984,34.380001068115234,34.439998626708984,12600
2026-03-31 15:15:00+00:00,TOTS3.SA,34.439998626708984,34.470001220703125,34.40999984741211,34.45000076293945,14000
2026-03-31 15:20:00+00:00,TOTS3.SA,34.45000076293945,34.45000076293945,34.36000061035156,34.400001525878906,11500
2026-03-31 15:25:00+00:00,TOTS3.SA,34.400001525878906,34.41999816894531,34.369998931884766,34.380001068115234,12000
2026-03-31 15:30:00+00:00,TOTS3.SA,34.38999938964844,34.439998626708984,34.36000061035156,34.40999984741211,11300
2026-03-31 15:35:00+00:00,TOTS3.SA,34.41999816894531,34.45000076293945,34.380001068115234,34.400001525878906,18000
2026-03-31 15:40:00+00:00,TOTS3.SA,34.400001525878906,34.40999984741211,34.369998931884766,34.38999938964844,10700
2026-03-31 15:45:00+00:00,TOTS3.SA,34.380001068115234,34.470001220703125,34.349998474121094,34.470001220703125,22300
2026-03-31 15:50:00+00:00,TOTS3.SA,34.459999084472656,34.529998779296875,34.439998626708984,34.470001220703125,18900
2026-03-31 15:55:00+00:00,TOTS3.SA,34.47999954223633,34.47999954223633,34.43000030517578,34.45000076293945,6200
2026-03-31 16:00:00+00:00,TOTS3.SA,34.439998626708984,34.52000045776367,34.41999816894531,34.5099983215332,15000
2026-03-31 16:05:00+00:00,TOTS3.SA,34.5099983215332,34.5099983215332,34.459999084472656,34.459999084472656,9500
2026-03-31 16:10:00+00:00,TOTS3.SA,34.459999084472656,34.5099983215332,34.43000030517578,34.470001220703125,12300
2026-03-31 16:15:00+00:00,TOTS3.SA,34.470001220703125,34.5,34.43000030517578,34.439998626708984,12300
2026-03-31 16:20:00+00:00,TOTS3.SA,34.439998626708984,34.5,34.400001525878906,34.5,15100
2026-03-31 16:25:00+00:00,TOTS3.SA,34.5,34.5,34.43000030517578,34.43000030517578,17000
2026-03-31 16:30:00+00:00,TOTS3.SA,34.41999816894531,34.45000076293945,34.400001525878906,34.41999816894531,9400
2026-03-31 16:35:00+00:00,TOTS3.SA,34.439998626708984,34.70000076293945,34.40999984741211,34.70000076293945,25600
2026-03-31 16:40:00+00:00,TOTS3.SA,34.689998626708984,35.150001525878906,34.689998626708984,34.95000076293945,120600
2026-03-31 16:45:00+00:00,TOTS3.SA,34.939998626708984,34.970001220703125,34.779998779296875,34.90999984741211,26000
2026-03-31 16:50:00+00:00,TOTS3.SA,34.93000030517578,35.029998779296875,34.88999938964844,34.97999954223633,22600
2026-03-31 16:55:00+00:00,TOTS3.SA,34.9900016784668,35.09000015258789,34.959999084472656,35.09000015258789,18400
2026-03-31 17:00:00+00:00,TOTS3.SA,35.060001373291016,35.189998626708984,35.04999923706055,35.130001068115234,45500
2026-03-31 17:05:00+00:00,TOTS3.SA,35.130001068115234,35.15999984741211,35.04999923706055,35.04999923706055,25000
2026-03-31 17:10:00+00:00,TOTS3.SA,35.08000183105469,35.279998779296875,35.06999969482422,35.27000045776367,59400
2026-03-31 17:15:00+00:00,TOTS3.SA,35.2400016784668,35.36000061035156,35.22999954223633,35.36000061035156,38500
2026-03-31 17:20:00+00:00,TOTS3.SA,35.349998474121094,35.36000061035156,35.279998779296875,35.310001373291016,31300
2026-03-31 17:25:00+00:00,TOTS3.SA,35.34000015258789,35.349998474121094,35.279998779296875,35.29999923706055,36900
2026-03-31 17:30:00+00:00,TOTS3.SA,35.31999969482422,35.41999816894531,35.290000915527344,35.400001525878906,31100
2026-03-31 17:35:00+00:00,TOTS3.SA,35.400001525878906,35.40999984741211,35.18000030517578,35.22999954223633,41300
2026-03-31 17:40:00+00:00,TOTS3.SA,35.209999084472656,35.25,35.130001068115234,35.189998626708984,35300
2026-03-31 17:45:00+00:00,TOTS3.SA,35.18000030517578,35.31999969482422,35.15999984741211,35.29999923706055,26100
2026-03-31 17:50:00+00:00,TOTS3.SA,35.29999923706055,35.33000183105469,35.20000076293945,35.209999084472656,14300
2026-03-31 17:55:00+00:00,TOTS3.SA,35.189998626708984,35.220001220703125,34.97999954223633,35.0,73600
2026-03-31 18:00:00+00:00,TOTS3.SA,35.0,35.16999816894531,34.97999954223633,35.150001525878906,55400
2026-03-31 18:05:00+00:00,TOTS3.SA,35.150001525878906,35.279998779296875,35.150001525878906,35.279998779296875,30400
2026-03-31 18:10:00+00:00,TOTS3.SA,35.27000045776367,35.279998779296875,35.20000076293945,35.209999084472656,19200
2026-03-31 18:15:00+00:00,TOTS3.SA,35.209999084472656,35.2599983215332,35.189998626708984,35.189998626708984,23500
2026-03-31 18:20:00+00:00,TOTS3.SA,35.20000076293945,35.209999084472656,34.9900016784668,34.9900016784668,50700
2026-03-31 18:25:00+00:00,TOTS3.SA,35.0099983215332,35.060001373291016,34.93000030517578,35.029998779296875,19200
2026-03-31 18:30:00+00:00,TOTS3.SA,35.02000045776367,35.02000045776367,34.91999816894531,34.95000076293945,9700
2026-03-31 18:35:00+00:00,TOTS3.SA,34.95000076293945,35.0,34.90999984741211,35.0,17900
2026-03-31 18:40:00+00:00,TOTS3.SA,35.0,35.029998779296875,34.970001220703125,35.0099983215332,15100
2026-03-31 18:45:00+00:00,TOTS3.SA,35.0099983215332,35.150001525878906,35.0099983215332,35.11000061035156,38600
2026-03-31 18:50:00+00:00,TOTS3.SA,35.099998474121094,35.13999938964844,34.97999954223633,35.0099983215332,27300
2026-03-31 18:55:00+00:00,TOTS3.SA,35.0,35.040000915527344,35.0,35.0,11200
2026-03-31 19:00:00+00:00,TOTS3.SA,35.0099983215332,35.04999923706055,35.0,35.04999923706055,15600
2026-03-31 19:05:00+00:00,TOTS3.SA,35.04999923706055,35.04999923706055,34.970001220703125,34.9900016784668,9100
2026-03-31 19:10:00+00:00,TOTS3.SA,34.9900016784668,35.04999923706055,34.959999084472656,34.9900016784668,13600
2026-03-31 19:15:00+00:00,TOTS3.SA,34.9900016784668,35.040000915527344,34.91999816894531,34.939998626708984,15000
2026-03-31 19:20:00+00:00,TOTS3.SA,34.939998626708984,35.0099983215332,34.93000030517578,34.970001220703125,17700
2026-03-31 19:25:00+00:00,TOTS3.SA,34.939998626708984,35.02000045776367,34.939998626708984,35.0099983215332,37000
2026-03-31 19:30:00+00:00,TOTS3.SA,35.02000045776367,35.04999923706055,35.0,35.02000045776367,23200
2026-03-31 19:35:00+00:00,TOTS3.SA,35.029998779296875,35.09000015258789,35.029998779296875,35.04999923706055,24900
2026-03-31 19:40:00+00:00,TOTS3.SA,35.06999969482422,35.06999969482422,35.0,35.04999923706055,34500
2026-03-31 19:45:00+00:00,TOTS3.SA,35.060001373291016,35.11000061035156,35.04999923706055,35.11000061035156,39700
2026-03-31 19:50:00+00:00,TOTS3.SA,35.11000061035156,35.150001525878906,34.97999954223633,35.029998779296875,26900
2026-04-01 13:05:00+00:00,TOTS3.SA,35.16999816894531,35.630001068115234,35.150001525878906,35.56999969482422,9100
2026-04-01 13:10:00+00:00,TOTS3.SA,35.56999969482422,35.84000015258789,35.459999084472656,35.4900016784668,78000
2026-04-01 13:15:00+00:00,TOTS3.SA,35.4900016784668,35.4900016784668,35.27000045776367,35.41999816894531,42000
2026-04-01 13:20:00+00:00,TOTS3.SA,35.41999816894531,35.470001220703125,35.16999816894531,35.220001220703125,70700
2026-04-01 13:25:00+00:00,TOTS3.SA,35.18000030517578,35.369998931884766,35.18000030517578,35.33000183105469,78800
2026-04-01 13:30:00+00:00,TOTS3.SA,35.36000061035156,35.369998931884766,35.220001220703125,35.34000015258789,52400
2026-04-01 13:35:00+00:00,TOTS3.SA,35.34000015258789,35.560001373291016,35.34000015258789,35.5099983215332,11400
2026-04-01 13:40:00+00:00,TOTS3.SA,35.5,35.52000045776367,35.220001220703125,35.22999954223633,14000
2026-04-01 13:45:00+00:00,TOTS3.SA,35.22999954223633,35.27000045776367,35.130001068115234,35.22999954223633,31600
2026-04-01 13:50:00+00:00,TOTS3.SA,35.22999954223633,35.290000915527344,35.189998626708984,35.22999954223633,11900
2026-04-01 13:55:00+00:00,TOTS3.SA,35.22999954223633,35.22999954223633,35.119998931884766,35.15999984741211,23500
2026-04-01 14:00:00+00:00,TOTS3.SA,35.15999984741211,35.189998626708984,35.130001068115234,35.13999938964844,11100
2026-04-01 14:05:00+00:00,TOTS3.SA,35.15999984741211,35.220001220703125,35.13999938964844,35.150001525878906,12600
2026-04-01 14:10:00+00:00,TOTS3.SA,35.150001525878906,35.15999984741211,35.099998474121094,35.130001068115234,17400
2026-04-01 14:15:00+00:00,TOTS3.SA,35.13999938964844,35.20000076293945,35.099998474121094,35.16999816894531,15200
2026-04-01 14:20:00+00:00,TOTS3.SA,35.150001525878906,35.20000076293945,35.119998931884766,35.15999984741211,12300
2026-04-01 14:25:00+00:00,TOTS3.SA,35.150001525878906,35.20000076293945,35.119998931884766,35.15999984741211,10300
2026-04-01 14:30:00+00:00,TOTS3.SA,35.15999984741211,35.2599983215332,35.15999984741211,35.189998626708984,11600
2026-04-01 14:35:00+00:00,TOTS3.SA,35.189998626708984,35.290000915527344,35.18000030517578,35.25,11500
2026-04-01 14:40:00+00:00,TOTS3.SA,35.22999954223633,35.290000915527344,35.189998626708984,35.279998779296875,9200
2026-04-01 14:45:00+00:00,TOTS3.SA,35.25,35.279998779296875,35.119998931884766,35.27000045776367,15300
2026-04-01 14:50:00+00:00,TOTS3.SA,35.27000045776367,35.29999923706055,35.20000076293945,35.220001220703125,14300
2026-04-01 14:55:00+00:00,TOTS3.SA,35.2400016784668,35.31999969482422,35.220001220703125,35.310001373291016,13600
2026-04-01 15:00:00+00:00,TOTS3.SA,35.290000915527344,35.349998474121094,35.27000045776367,35.290000915527344,24100
2026-04-01 15:05:00+00:00,TOTS3.SA,35.279998779296875,35.33000183105469,35.2400016784668,35.310001373291016,11200
2026-04-01 15:10:00+00:00,TOTS3.SA,35.33000183105469,35.34000015258789,35.2400016784668,35.279998779296875,12800
2026-04-01 15:15:00+00:00,TOTS3.SA,35.290000915527344,35.380001068115234,35.279998779296875,35.33000183105469,19400
2026-04-01 15:20:00+00:00,TOTS3.SA,35.34000015258789,35.349998474121094,35.22999954223633,35.2599983215332,12100
2026-04-01 15:25:00+00:00,TOTS3.SA,35.2599983215332,35.310001373291016,35.220001220703125,35.22999954223633,8600
2026-04-01 15:30:00+00:00,TOTS3.SA,35.220001220703125,35.220001220703125,35.150001525878906,35.189998626708984,10900
2026-04-01 15:35:00+00:00,TOTS3.SA,35.189998626708984,35.20000076293945,35.150001525878906,35.189998626708984,7000
2026-04-01 15:40:00+00:00,TOTS3.SA,35.189998626708984,35.31999969482422,35.119998931884766,35.29999923706055,34700
2026-04-01 15:45:00+00:00,TOTS3.SA,35.29999923706055,35.33000183105469,35.27000045776367,35.279998779296875,9600
2026-04-01 15:50:00+00:00,TOTS3.SA,35.27000045776367,35.310001373291016,35.20000076293945,35.20000076293945,11800
2026-04-01 15:55:00+00:00,TOTS3.SA,35.220001220703125,35.279998779296875,35.20000076293945,35.22999954223633,15700
2026-04-01 16:00:00+00:00,TOTS3.SA,35.22999954223633,35.25,35.189998626708984,35.209999084472656,9100
2026-04-01 16:05:00+00:00,TOTS3.SA,35.220001220703125,35.2400016784668,35.20000076293945,35.209999084472656,8000
2026-04-01 16:10:00+00:00,TOTS3.SA,35.22999954223633,35.25,35.18000030517578,35.209999084472656,7400
2026-04-01 16:15:00+00:00,TOTS3.SA,35.20000076293945,35.20000076293945,35.150001525878906,35.18000030517578,6400
2026-04-01 16:20:00+00:00,TOTS3.SA,35.18000030517578,35.18000030517578,35.0,35.06999969482422,118900
2026-04-01 16:25:00+00:00,TOTS3.SA,35.06999969482422,35.13999938964844,35.06999969482422,35.06999969482422,27200
2026-04-01 16:30:00+00:00,TOTS3.SA,35.099998474121094,35.189998626708984,35.099998474121094,35.18000030517578,19600
2026-04-01 16:35:00+00:00,TOTS3.SA,35.16999816894531,35.279998779296875,35.16999816894531,35.25,12800
2026-04-01 16:40:00+00:00,TOTS3.SA,35.25,35.29999923706055,35.22999954223633,35.27000045776367,13200
2026-04-01 16:45:00+00:00,TOTS3.SA,35.2599983215332,35.290000915527344,35.220001220703125,35.220001220703125,12000
2026-04-01 16:50:00+00:00,TOTS3.SA,35.209999084472656,35.2400016784668,35.15999984741211,35.2400016784668,27500
2026-04-01 16:55:00+00:00,TOTS3.SA,35.2400016784668,35.27000045776367,35.20000076293945,35.22999954223633,12900
2026-04-01 17:00:00+00:00,TOTS3.SA,35.209999084472656,35.310001373291016,35.20000076293945,35.310001373291016,19000
2026-04-01 17:05:00+00:00,TOTS3.SA,35.33000183105469,35.439998626708984,35.310001373291016,35.369998931884766,30600
2026-04-01 17:10:00+00:00,TOTS3.SA,35.369998931884766,35.470001220703125,35.34000015258789,35.439998626708984,18600
2026-04-01 17:15:00+00:00,TOTS3.SA,35.439998626708984,35.470001220703125,35.380001068115234,35.400001525878906,20700
2026-04-01 17:20:00+00:00,TOTS3.SA,35.400001525878906,35.439998626708984,35.29999923706055,35.41999816894531,40000
2026-04-01 17:25:00+00:00,TOTS3.SA,35.400001525878906,35.43000030517578,35.369998931884766,35.380001068115234,14900
2026-04-01 17:30:00+00:00,TOTS3.SA,35.400001525878906,35.40999984741211,35.36000061035156,35.369998931884766,16300
2026-04-01 17:35:00+00:00,TOTS3.SA,35.34000015258789,35.38999938964844,35.29999923706055,35.31999969482422,20900
2026-04-01 17:40:00+00:00,TOTS3.SA,35.31999969482422,35.33000183105469,35.29999923706055,35.310001373291016,10200
2026-04-01 17:45:00+00:00,TOTS3.SA,35.310001373291016,35.31999969482422,35.279998779296875,35.279998779296875,15800
2026-04-01 17:50:00+00:00,TOTS3.SA,35.290000915527344,35.349998474121094,35.279998779296875,35.290000915527344,19000
2026-04-01 17:55:00+00:00,TOTS3.SA,35.290000915527344,35.29999923706055,35.20000076293945,35.22999954223633,13900
2026-04-01 18:00:00+00:00,TOTS3.SA,35.220001220703125,35.25,35.150001525878906,35.150001525878906,23500
2026-04-01 18:05:00+00:00,TOTS3.SA,35.16999816894531,35.189998626708984,35.150001525878906,35.16999816894531,17200
2026-04-01 18:10:00+00:00,TOTS3.SA,35.150001525878906,35.150001525878906,35.09000015258789,35.11000061035156,11800
2026-04-01 18:15:00+00:00,TOTS3.SA,35.11000061035156,35.130001068115234,35.08000183105469,35.099998474121094,11700
2026-04-01 18:20:00+00:00,TOTS3.SA,35.08000183105469,35.099998474121094,34.97999954223633,34.97999954223633,27200
2026-04-01 18:25:00+00:00,TOTS3.SA,34.97999954223633,35.04999923706055,34.97999954223633,34.97999954223633,12800
2026-04-01 18:30:00+00:00,TOTS3.SA,34.97999954223633,35.0,34.970001220703125,34.970001220703125,10200
2026-04-01 18:35:00+00:00,TOTS3.SA,34.959999084472656,34.9900016784668,34.93000030517578,34.97999954223633,15300
2026-04-01 18:40:00+00:00,TOTS3.SA,34.97999954223633,35.099998474121094,34.959999084472656,35.029998779296875,18900
2026-04-01 18:45:00+00:00,TOTS3.SA,35.04999923706055,35.04999923706055,34.959999084472656,34.970001220703125,12300
2026-04-01 18:50:00+00:00,TOTS3.SA,34.97999954223633,35.040000915527344,34.970001220703125,35.02000045776367,12300
2026-04-01 18:55:00+00:00,TOTS3.SA,35.02000045776367,35.040000915527344,34.970001220703125,35.0,30500
2026-04-01 19:00:00+00:00,TOTS3.SA,35.0,35.0,34.869998931884766,34.93000030517578,27500
2026-04-01 19:05:00+00:00,TOTS3.SA,34.939998626708984,35.040000915527344,34.93000030517578,35.0,14800
2026-04-01 19:10:00+00:00,TOTS3.SA,35.0,35.040000915527344,34.9900016784668,35.02000045776367,15400
2026-04-01 19:15:00+00:00,TOTS3.SA,35.029998779296875,35.099998474121094,35.02000045776367,35.02000045776367,20400
2026-04-01 19:20:00+00:00,TOTS3.SA,35.02000045776367,35.099998474121094,35.02000045776367,35.06999969482422,16300
2026-04-01 19:25:00+00:00,TOTS3.SA,35.06999969482422,35.16999816894531,35.06999969482422,35.150001525878906,24600
2026-04-01 19:30:00+00:00,TOTS3.SA,35.15999984741211,35.22999954223633,35.13999938964844,35.189998626708984,34200
2026-04-01 19:35:00+00:00,TOTS3.SA,35.16999816894531,35.20000076293945,35.130001068115234,35.189998626708984,35700
2026-04-01 19:40:00+00:00,TOTS3.SA,35.18000030517578,35.2400016784668,35.15999984741211,35.15999984741211,28900
2026-04-01 19:45:00+00:00,TOTS3.SA,35.16999816894531,35.189998626708984,35.060001373291016,35.060001373291016,29500
2026-04-01 19:50:00+00:00,TOTS3.SA,35.08000183105469,35.09000015258789,34.900001525878906,34.91999816894531,36700
2026-04-02 13:05:00+00:00,TOTS3.SA,33.529998779296875,33.72999954223633,33.529998779296875,33.72999954223633,0
2026-04-02 13:15:00+00:00,TOTS3.SA,33.65999984741211,34.02000045776367,33.5099983215332,33.790000915527344,53400
2026-04-02 13:20:00+00:00,TOTS3.SA,33.79999923706055,33.97999954223633,33.779998779296875,33.849998474121094,23000
2026-04-02 13:25:00+00:00,TOTS3.SA,33.880001068115234,33.97999954223633,33.84000015258789,33.84000015258789,15300
2026-04-02 13:30:00+00:00,TOTS3.SA,33.880001068115234,33.970001220703125,33.81999969482422,33.83000183105469,14300
2026-04-02 13:35:00+00:00,TOTS3.SA,33.83000183105469,33.83000183105469,33.70000076293945,33.70000076293945,22800
2026-04-02 13:40:00+00:00,TOTS3.SA,33.70000076293945,33.779998779296875,33.59000015258789,33.650001525878906,34700
2026-04-02 13:45:00+00:00,TOTS3.SA,33.63999938964844,33.83000183105469,33.63999938964844,33.83000183105469,9200
2026-04-02 13:50:00+00:00,TOTS3.SA,33.81999969482422,33.9900016784668,33.70000076293945,33.970001220703125,16500
2026-04-02 13:55:00+00:00,TOTS3.SA,33.959999084472656,34.02000045776367,33.900001525878906,33.959999084472656,8900
2026-04-02 14:00:00+00:00,TOTS3.SA,33.970001220703125,34.06999969482422,33.95000076293945,34.029998779296875,14800
2026-04-02 14:05:00+00:00,TOTS3.SA,34.0099983215332,34.09000015258789,34.0,34.040000915527344,15400
2026-04-02 14:10:00+00:00,TOTS3.SA,34.029998779296875,34.099998474121094,34.0099983215332,34.0099983215332,11800
2026-04-02 14:15:00+00:00,TOTS3.SA,34.02000045776367,34.15999984741211,33.9900016784668,34.150001525878906,26200
2026-04-02 14:20:00+00:00,TOTS3.SA,34.130001068115234,34.150001525878906,34.11000061035156,34.11000061035156,9500
2026-04-02 14:25:00+00:00,TOTS3.SA,34.08000183105469,34.130001068115234,34.06999969482422,34.08000183105469,7800
2026-04-02 14:30:00+00:00,TOTS3.SA,34.09000015258789,34.400001525878906,34.09000015258789,34.38999938964844,204100
2026-04-02 14:35:00+00:00,TOTS3.SA,34.369998931884766,34.810001373291016,34.369998931884766,34.72999954223633,55100
2026-04-02 14:40:00+00:00,TOTS3.SA,34.709999084472656,34.7599983215332,34.61000061035156,34.7599983215332,21600
2026-04-02 14:45:00+00:00,TOTS3.SA,34.7599983215332,34.7599983215332,34.38999938964844,34.38999938964844,29500
2026-04-02 14:50:00+00:00,TOTS3.SA,34.38999938964844,34.599998474121094,34.380001068115234,34.56999969482422,20600
2026-04-02 14:55:00+00:00,TOTS3.SA,34.56999969482422,34.63999938964844,34.560001373291016,34.59000015258789,17100
2026-04-02 15:00:00+00:00,TOTS3.SA,34.58000183105469,34.619998931884766,34.560001373291016,34.56999969482422,9600
2026-04-02 15:05:00+00:00,TOTS3.SA,34.59000015258789,34.83000183105469,34.58000183105469,34.83000183105469,16500
2026-04-02 15:10:00+00:00,TOTS3.SA,34.83000183105469,34.93000030517578,34.83000183105469,34.88999938964844,11500
2026-04-02 15:15:00+00:00,TOTS3.SA,34.90999984741211,35.04999923706055,34.900001525878906,35.0099983215332,30300
2026-04-02 15:20:00+00:00,TOTS3.SA,35.0,35.0,34.91999816894531,34.95000076293945,10600
2026-04-02 15:25:00+00:00,TOTS3.SA,34.95000076293945,35.029998779296875,34.869998931884766,35.0,14900
2026-04-02 15:30:00+00:00,TOTS3.SA,35.0099983215332,35.02000045776367,34.959999084472656,34.9900016784668,9100
2026-04-02 15:35:00+00:00,TOTS3.SA,35.0,35.08000183105469,35.0,35.06999969482422,14300
2026-04-02 15:40:00+00:00,TOTS3.SA,35.06999969482422,35.09000015258789,34.959999084472656,35.0,11100
2026-04-02 15:45:00+00:00,TOTS3.SA,35.0,35.0,34.88999938964844,34.88999938964844,13200
2026-04-02 15:50:00+00:00,TOTS3.SA,34.88999938964844,34.939998626708984,34.869998931884766,34.90999984741211,6300
2026-04-02 15:55:00+00:00,TOTS3.SA,34.93000030517578,34.959999084472656,34.84000015258789,34.900001525878906,40400
2026-04-02 16:00:00+00:00,TOTS3.SA,34.90999984741211,34.970001220703125,34.810001373291016,34.810001373291016,9200
2026-04-02 16:05:00+00:00,TOTS3.SA,34.810001373291016,34.86000061035156,34.79999923706055,34.84000015258789,4300
2026-04-02 16:10:00+00:00,TOTS3.SA,34.84000015258789,34.849998474121094,34.779998779296875,34.79999923706055,4800
2026-04-02 16:15:00+00:00,TOTS3.SA,34.79999923706055,34.81999969482422,34.709999084472656,34.72999954223633,7700
2026-04-02 16:20:00+00:00,TOTS3.SA,34.709999084472656,34.75,34.65999984741211,34.65999984741211,5600
2026-04-02 16:25:00+00:00,TOTS3.SA,34.65999984741211,34.70000076293945,34.65999984741211,34.66999816894531,6400
2026-04-02 16:30:00+00:00,TOTS3.SA,34.68000030517578,34.7400016784668,34.650001525878906,34.720001220703125,7000
2026-04-02 16:35:00+00:00,TOTS3.SA,34.720001220703125,34.720001220703125,34.630001068115234,34.650001525878906,7000
2026-04-02 16:40:00+00:00,TOTS3.SA,34.619998931884766,34.709999084472656,34.619998931884766,34.689998626708984,11300
2026-04-02 16:45:00+00:00,TOTS3.SA,34.689998626708984,34.689998626708984,34.619998931884766,34.619998931884766,3300
2026-04-02 16:50:00+00:00,TOTS3.SA,34.63999938964844,34.66999816894531,34.63999938964844,34.63999938964844,4800
2026-04-02 16:55:00+00:00,TOTS3.SA,34.63999938964844,34.63999938964844,34.619998931884766,34.619998931884766,2100
2026-04-02 17:00:00+00:00,TOTS3.SA,34.630001068115234,34.79999923706055,34.630001068115234,34.77000045776367,16100
2026-04-02 17:05:00+00:00,TOTS3.SA,34.77000045776367,34.81999969482422,34.7599983215332,34.77000045776367,18700
2026-04-02 17:10:00+00:00,TOTS3.SA,34.790000915527344,34.81999969482422,34.7599983215332,34.79999923706055,20000
2026-04-02 17:15:00+00:00,TOTS3.SA,34.790000915527344,34.83000183105469,34.77000045776367,34.83000183105469,23900
2026-04-02 17:20:00+00:00,TOTS3.SA,34.81999969482422,34.880001068115234,34.790000915527344,34.869998931884766,15000
2026-04-02 17:25:00+00:00,TOTS3.SA,34.880001068115234,35.0099983215332,34.880001068115234,34.97999954223633,24700
2026-04-02 17:30:00+00:00,TOTS3.SA,34.959999084472656,34.9900016784668,34.939998626708984,34.939998626708984,19900
2026-04-02 17:35:00+00:00,TOTS3.SA,34.939998626708984,34.95000076293945,34.849998474121094,34.900001525878906,31300
2026-04-02 17:40:00+00:00,TOTS3.SA,34.880001068115234,34.939998626708984,34.880001068115234,34.91999816894531,15200
2026-04-02 17:45:00+00:00,TOTS3.SA,34.91999816894531,34.95000076293945,34.849998474121094,34.849998474121094,40800
2026-04-02 17:50:00+00:00,TOTS3.SA,34.849998474121094,34.93000030517578,34.849998474121094,34.91999816894531,23000
2026-04-02 17:55:00+00:00,TOTS3.SA,34.91999816894531,34.93000030517578,34.81999969482422,34.86000061035156,21100
2026-04-02 18:00:00+00:00,TOTS3.SA,34.869998931884766,34.90999984741211,34.849998474121094,34.88999938964844,25600
2026-04-02 18:05:00+00:00,TOTS3.SA,34.90999984741211,34.970001220703125,34.900001525878906,34.93000030517578,23500
2026-04-02 18:10:00+00:00,TOTS3.SA,34.93000030517578,34.959999084472656,34.90999984741211,34.91999816894531,25300
2026-04-02 18:15:00+00:00,TOTS3.SA,34.93000030517578,34.95000076293945,34.900001525878906,34.90999984741211,17800
2026-04-02 18:20:00+00:00,TOTS3.SA,34.90999984741211,34.95000076293945,34.86000061035156,34.88999938964844,18900
2026-04-02 18:25:00+00:00,TOTS3.SA,34.86000061035156,34.90999984741211,34.86000061035156,34.869998931884766,16400
2026-04-02 18:30:00+00:00,TOTS3.SA,34.869998931884766,34.90999984741211,34.86000061035156,34.88999938964844,13900
2026-04-02 18:35:00+00:00,TOTS3.SA,34.90999984741211,34.90999984741211,34.84000015258789,34.86000061035156,21000
2026-04-02 18:40:00+00:00,TOTS3.SA,34.86000061035156,34.93000030517578,34.810001373291016,34.93000030517578,28400
2026-04-02 18:45:00+00:00,TOTS3.SA,34.91999816894531,35.08000183105469,34.91999816894531,35.060001373291016,36600
2026-04-02 18:50:00+00:00,TOTS3.SA,35.06999969482422,35.130001068115234,35.06999969482422,35.119998931884766,23200
2026-04-02 18:55:00+00:00,TOTS3.SA,35.119998931884766,35.13999938964844,35.02000045776367,35.029998779296875,27200
2026-04-02 19:00:00+00:00,TOTS3.SA,35.029998779296875,35.08000183105469,35.029998779296875,35.04999923706055,26700
2026-04-02 19:05:00+00:00,TOTS3.SA,35.04999923706055,35.060001373291016,35.029998779296875,35.060001373291016,15700
2026-04-02 19:10:00+00:00,TOTS3.SA,35.060001373291016,35.060001373291016,34.95000076293945,35.02000045776367,40800
2026-04-02 19:15:00+00:00,TOTS3.SA,35.02000045776367,35.060001373291016,34.9900016784668,35.060001373291016,37800
2026-04-02 19:20:00+00:00,TOTS3.SA,35.04999923706055,35.13999938964844,35.02000045776367,35.099998474121094,63500
2026-04-02 19:25:00+00:00,TOTS3.SA,35.099998474121094,35.11000061035156,35.02000045776367,35.060001373291016,36600
2026-04-02 19:30:00+00:00,TOTS3.SA,35.04999923706055,35.08000183105469,35.0,35.029998779296875,39900
2026-04-02 19:35:00+00:00,TOTS3.SA,35.02000045776367,35.099998474121094,35.02000045776367,35.099998474121094,53000
2026-04-02 19:40:00+00:00,TOTS3.SA,35.09000015258789,35.119998931884766,35.029998779296875,35.029998779296875,37400
2026-04-02 19:45:00+00:00,TOTS3.SA,35.029998779296875,35.040000915527344,34.970001220703125,34.9900016784668,28300
2026-04-02 19:50:00+00:00,TOTS3.SA,34.9900016784668,35.029998779296875,34.939998626708984,34.959999084472656,36700
2026-04-06 13:00:00+00:00,TOTS3.SA,35.16999816894531,35.16999816894531,35.0099983215332,35.09000015258789,0
2026-04-06 13:05:00+00:00,TOTS3.SA,35.02000045776367,35.11000061035156,34.9900016784668,35.060001373291016,5700
2026-04-06 13:10:00+00:00,TOTS3.SA,35.06999969482422,35.06999969482422,34.900001525878906,34.93000030517578,8100
2026-04-06 13:15:00+00:00,TOTS3.SA,34.93000030517578,34.93000030517578,34.7599983215332,34.779998779296875,9500
2026-04-06 13:20:00+00:00,TOTS3.SA,34.7400016784668,34.83000183105469,34.70000076293945,34.75,6300
2026-04-06 13:25:00+00:00,TOTS3.SA,34.7400016784668,34.869998931884766,34.7400016784668,34.869998931884766,2200
2026-04-06 13:30:00+00:00,TOTS3.SA,34.86000061035156,35.0,34.83000183105469,34.869998931884766,10500
2026-04-06 13:35:00+00:00,TOTS3.SA,34.880001068115234,34.900001525878906,34.790000915527344,34.869998931884766,8400
2026-04-06 13:40:00+00:00,TOTS3.SA,34.880001068115234,34.970001220703125,34.86000061035156,34.970001220703125,6400
2026-04-06 13:45:00+00:00,TOTS3.SA,34.970001220703125,35.04999923706055,34.72999954223633,34.880001068115234,81800
2026-04-06 13:50:00+00:00,TOTS3.SA,34.869998931884766,34.91999816894531,34.83000183105469,34.88999938964844,7900
2026-04-06 13:55:00+00:00,TOTS3.SA,34.91999816894531,35.0,34.869998931884766,34.970001220703125,5000
2026-04-06 14:00:00+00:00,TOTS3.SA,34.959999084472656,35.040000915527344,34.959999084472656,34.970001220703125,10000
2026-04-06 14:05:00+00:00,TOTS3.SA,34.970001220703125,35.0099983215332,34.93000030517578,34.970001220703125,5900
2026-04-06 14:10:00+00:00,TOTS3.SA,34.970001220703125,35.029998779296875,34.970001220703125,35.0099983215332,6400
2026-04-06 14:15:00+00:00,TOTS3.SA,35.0099983215332,35.040000915527344,34.9900016784668,35.0099983215332,3900
2026-04-06 14:20:00+00:00,TOTS3.SA,35.02000045776367,35.02000045776367,34.93000030517578,34.93000030517578,23300
2026-04-06 14:25:00+00:00,TOTS3.SA,34.939998626708984,35.02000045776367,34.880001068115234,34.93000030517578,9000
2026-04-06 14:30:00+00:00,TOTS3.SA,34.95000076293945,34.97999954223633,34.939998626708984,34.939998626708984,3600
2026-04-06 14:35:00+00:00,TOTS3.SA,34.939998626708984,35.0099983215332,34.900001525878906,34.900001525878906,7000
2026-04-06 14:40:00+00:00,TOTS3.SA,34.88999938964844,34.90999984741211,34.880001068115234,34.90999984741211,1200
2026-04-06 14:45:00+00:00,TOTS3.SA,34.88999938964844,34.90999984741211,34.849998474121094,34.900001525878906,5000
2026-04-06 14:50:00+00:00,TOTS3.SA,34.880001068115234,34.88999938964844,34.79999923706055,34.79999923706055,2700
2026-04-06 14:55:00+00:00,TOTS3.SA,34.81999969482422,34.880001068115234,34.79999923706055,34.83000183105469,3300
2026-04-06 15:00:00+00:00,TOTS3.SA,34.81999969482422,34.849998474121094,34.70000076293945,34.7400016784668,9900
2026-04-06 15:05:00+00:00,TOTS3.SA,34.7599983215332,34.84000015258789,34.709999084472656,34.779998779296875,5800
2026-04-06 15:10:00+00:00,TOTS3.SA,34.810001373291016,34.810001373291016,34.65999984741211,34.72999954223633,6000
2026-04-06 15:15:00+00:00,TOTS3.SA,34.75,34.810001373291016,34.72999954223633,34.790000915527344,5600
2026-04-06 15:20:00+00:00,TOTS3.SA,34.790000915527344,34.790000915527344,34.75,34.779998779296875,2600
2026-04-06 15:25:00+00:00,TOTS3.SA,34.7400016784668,34.79999923706055,34.72999954223633,34.77000045776367,5300
2026-04-06 15:30:00+00:00,TOTS3.SA,34.77000045776367,34.790000915527344,34.70000076293945,34.75,5200
2026-04-06 15:35:00+00:00,TOTS3.SA,34.7599983215332,34.7599983215332,34.720001220703125,34.75,5900
2026-04-06 15:40:00+00:00,TOTS3.SA,34.75,34.810001373291016,34.72999954223633,34.790000915527344,4600
2026-04-06 15:45:00+00:00,TOTS3.SA,34.790000915527344,34.790000915527344,34.7400016784668,34.77000045776367,4200
2026-04-06 15:50:00+00:00,TOTS3.SA,34.77000045776367,34.88999938964844,34.7400016784668,34.810001373291016,25800
2026-04-06 15:55:00+00:00,TOTS3.SA,34.79999923706055,34.81999969482422,34.7400016784668,34.779998779296875,5500
2026-04-06 16:00:00+00:00,TOTS3.SA,34.790000915527344,34.810001373291016,34.77000045776367,34.79999923706055,4900
2026-04-06 16:05:00+00:00,TOTS3.SA,34.77000045776367,34.83000183105469,34.77000045776367,34.779998779296875,3900
2026-04-06 16:10:00+00:00,TOTS3.SA,34.779998779296875,34.79999923706055,34.75,34.779998779296875,8100
2026-04-06 16:15:00+00:00,TOTS3.SA,34.79999923706055,34.84000015258789,34.77000045776367,34.79999923706055,5900
2026-04-06 16:20:00+00:00,TOTS3.SA,34.79999923706055,34.810001373291016,34.7599983215332,34.790000915527344,3300
2026-04-06 16:25:00+00:00,TOTS3.SA,34.790000915527344,34.849998474121094,34.75,34.83000183105469,10300
2026-04-06 16:30:00+00:00,TOTS3.SA,34.83000183105469,34.93000030517578,34.81999969482422,34.869998931884766,22700
2026-04-06 16:35:00+00:00,TOTS3.SA,34.869998931884766,34.939998626708984,34.86000061035156,34.880001068115234,6300
2026-04-06 16:40:00+00:00,TOTS3.SA,34.880001068115234,35.02000045776367,34.86000061035156,34.97999954223633,15100
2026-04-06 16:45:00+00:00,TOTS3.SA,34.97999954223633,34.9900016784668,34.97999954223633,34.9900016784668,1700
2026-04-06 16:50:00+00:00,TOTS3.SA,34.9900016784668,35.029998779296875,34.91999816894531,34.91999816894531,7900
2026-04-06 16:55:00+00:00,TOTS3.SA,34.939998626708984,34.95000076293945,34.869998931884766,34.880001068115234,18900
2026-04-06 17:00:00+00:00,TOTS3.SA,34.880001068115234,34.900001525878906,34.779998779296875,34.86000061035156,23700
2026-04-06 17:05:00+00:00,TOTS3.SA,34.86000061035156,34.880001068115234,34.83000183105469,34.83000183105469,8000
2026-04-06 17:10:00+00:00,TOTS3.SA,34.84000015258789,34.849998474121094,34.79999923706055,34.83000183105469,7400
2026-04-06 17:15:00+00:00,TOTS3.SA,34.810001373291016,34.880001068115234,34.810001373291016,34.869998931884766,5200
2026-04-06 17:20:00+00:00,TOTS3.SA,34.880001068115234,34.88999938964844,34.83000183105469,34.86000061035156,5100
2026-04-06 17:25:00+00:00,TOTS3.SA,34.86000061035156,34.88999938964844,34.84000015258789,34.86000061035156,4500
2026-04-06 17:30:00+00:00,TOTS3.SA,34.86000061035156,34.88999938964844,34.77000045776367,34.83000183105469,13500
2026-04-06 17:35:00+00:00,TOTS3.SA,34.84000015258789,34.86000061035156,34.79999923706055,34.810001373291016,66700
2026-04-06 17:40:00+00:00,TOTS3.SA,34.810001373291016,34.90999984741211,34.779998779296875,34.90999984741211,22800
2026-04-06 17:45:00+00:00,TOTS3.SA,34.90999984741211,34.93000030517578,34.86000061035156,34.86000061035156,9600
2026-04-06 17:50:00+00:00,TOTS3.SA,34.869998931884766,34.900001525878906,34.86000061035156,34.880001068115234,10900
2026-04-06 17:55:00+00:00,TOTS3.SA,34.88999938964844,34.97999954223633,34.849998474121094,34.95000076293945,14500
2026-04-06 18:00:00+00:00,TOTS3.SA,34.95000076293945,34.97999954223633,34.90999984741211,34.959999084472656,13300
2026-04-06 18:05:00+00:00,TOTS3.SA,34.95000076293945,35.04999923706055,34.95000076293945,35.0099983215332,23900
2026-04-06 18:10:00+00:00,TOTS3.SA,35.02000045776367,35.119998931884766,35.02000045776367,35.040000915527344,22800
2026-04-06 18:15:00+00:00,TOTS3.SA,35.060001373291016,35.06999969482422,35.02000045776367,35.029998779296875,11900
2026-04-06 18:20:00+00:00,TOTS3.SA,35.029998779296875,35.119998931884766,35.02000045776367,35.08000183105469,21500
2026-04-06 18:25:00+00:00,TOTS3.SA,35.06999969482422,35.08000183105469,35.04999923706055,35.06999969482422,9100
2026-04-06 18:30:00+00:00,TOTS3.SA,35.06999969482422,35.09000015258789,35.040000915527344,35.040000915527344,20600
2026-04-06 18:35:00+00:00,TOTS3.SA,35.040000915527344,35.099998474121094,35.040000915527344,35.060001373291016,10700
2026-04-06 18:40:00+00:00,TOTS3.SA,35.060001373291016,35.060001373291016,34.9900016784668,34.9900016784668,18200
2026-04-06 18:45:00+00:00,TOTS3.SA,34.9900016784668,35.04999923706055,34.9900016784668,35.029998779296875,10700
2026-04-06 18:50:00+00:00,TOTS3.SA,35.04999923706055,35.04999923706055,34.9900016784668,34.9900016784668,7300
2026-04-06 18:55:00+00:00,TOTS3.SA,34.9900016784668,35.060001373291016,34.9900016784668,35.029998779296875,11200
2026-04-06 19:00:00+00:00,TOTS3.SA,35.029998779296875,35.04999923706055,35.02000045776367,35.029998779296875,7400
2026-04-06 19:05:00+00:00,TOTS3.SA,35.02000045776367,35.060001373291016,35.0,35.0,21300
2026-04-06 19:10:00+00:00,TOTS3.SA,34.9900016784668,35.029998779296875,34.970001220703125,35.0,15500
2026-04-06 19:15:00+00:00,TOTS3.SA,35.0099983215332,35.0099983215332,34.970001220703125,34.97999954223633,7000
2026-04-06 19:20:00+00:00,TOTS3.SA,34.970001220703125,34.9900016784668,34.959999084472656,34.97999954223633,8000
2026-04-06 19:25:00+00:00,TOTS3.SA,34.9900016784668,34.9900016784668,34.959999084472656,34.959999084472656,10600
2026-04-06 19:30:00+00:00,TOTS3.SA,34.959999084472656,34.9900016784668,34.959999084472656,34.97999954223633,15200
2026-04-06 19:35:00+00:00,TOTS3.SA,34.97999954223633,35.0,34.970001220703125,34.970001220703125,16500
2026-04-06 19:40:00+00:00,TOTS3.SA,34.970001220703125,35.0,34.95000076293945,35.0,14300
2026-04-06 19:45:00+00:00,TOTS3.SA,35.0,35.060001373291016,35.0,35.029998779296875,35900
2026-04-06 19:50:00+00:00,TOTS3.SA,35.029998779296875,35.119998931884766,35.029998779296875,35.099998474121094,48900
2026-04-07 13:00:00+00:00,TOTS3.SA,34.959999084472656,34.959999084472656,34.619998931884766,34.66999816894531,0
2026-04-07 13:05:00+00:00,TOTS3.SA,34.68000030517578,34.75,34.540000915527344,34.70000076293945,15700
2026-04-07 13:10:00+00:00,TOTS3.SA,34.70000076293945,34.7599983215332,34.68000030517578,34.709999084472656,14300
2026-04-07 13:15:00+00:00,TOTS3.SA,34.720001220703125,34.72999954223633,34.59000015258789,34.59000015258789,11000
2026-04-07 13:20:00+00:00,TOTS3.SA,34.599998474121094,34.619998931884766,34.47999954223633,34.58000183105469,13000
2026-04-07 13:25:00+00:00,TOTS3.SA,34.58000183105469,34.63999938964844,34.52000045776367,34.560001373291016,9200
2026-04-07 13:30:00+00:00,TOTS3.SA,34.58000183105469,34.619998931884766,34.45000076293945,34.52000045776367,24500
2026-04-07 13:35:00+00:00,TOTS3.SA,34.5,34.52000045776367,34.400001525878906,34.400001525878906,15700
2026-04-07 13:40:00+00:00,TOTS3.SA,34.400001525878906,34.41999816894531,34.310001373291016,34.310001373291016,14600
2026-04-07 13:45:00+00:00,TOTS3.SA,34.29999923706055,34.29999923706055,34.099998474121094,34.13999938964844,22200
2026-04-07 13:50:00+00:00,TOTS3.SA,34.13999938964844,34.25,34.08000183105469,34.22999954223633,23200
2026-04-07 13:55:00+00:00,TOTS3.SA,34.2400016784668,34.2400016784668,34.13999938964844,34.16999816894531,17900
2026-04-07 14:00:00+00:00,TOTS3.SA,34.16999816894531,34.22999954223633,34.099998474121094,34.11000061035156,25300
2026-04-07 14:05:00+00:00,TOTS3.SA,34.11000061035156,34.150001525878906,34.0099983215332,34.130001068115234,33500
2026-04-07 14:10:00+00:00,TOTS3.SA,34.130001068115234,34.279998779296875,34.08000183105469,34.279998779296875,24800
2026-04-07 14:15:00+00:00,TOTS3.SA,34.279998779296875,34.349998474121094,34.220001220703125,34.2599983215332,22700
2026-04-07 14:20:00+00:00,TOTS3.SA,34.2599983215332,34.400001525878906,34.2599983215332,34.36000061035156,14500
2026-04-07 14:25:00+00:00,TOTS3.SA,34.36000061035156,34.380001068115234,34.279998779296875,34.34000015258789,11200
2026-04-07 14:30:00+00:00,TOTS3.SA,34.36000061035156,34.5,34.290000915527344,34.5,30100
2026-04-07 14:35:00+00:00,TOTS3.SA,34.47999954223633,34.56999969482422,34.47999954223633,34.56999969482422,12900
2026-04-07 14:40:00+00:00,TOTS3.SA,34.59000015258789,34.650001525878906,34.560001373291016,34.560001373291016,14900
2026-04-07 14:45:00+00:00,TOTS3.SA,34.54999923706055,34.630001068115234,34.52000045776367,34.540000915527344,16900
2026-04-07 14:50:00+00:00,TOTS3.SA,34.52000045776367,34.560001373291016,34.470001220703125,34.560001373291016,16300
2026-04-07 14:55:00+00:00,TOTS3.SA,34.54999923706055,34.560001373291016,34.470001220703125,34.470001220703125,10700
2026-04-07 15:00:00+00:00,TOTS3.SA,34.470001220703125,34.470001220703125,34.40999984741211,34.439998626708984,10400
2026-04-07 15:05:00+00:00,TOTS3.SA,34.43000030517578,34.459999084472656,34.290000915527344,34.290000915527344,16900
2026-04-07 15:10:00+00:00,TOTS3.SA,34.310001373291016,34.41999816894531,34.310001373291016,34.369998931884766,11000
2026-04-07 15:15:00+00:00,TOTS3.SA,34.380001068115234,34.529998779296875,34.380001068115234,34.47999954223633,13800
2026-04-07 15:20:00+00:00,TOTS3.SA,34.4900016784668,34.4900016784668,34.43000030517578,34.45000076293945,7600
2026-04-07 15:25:00+00:00,TOTS3.SA,34.45000076293945,34.5099983215332,34.45000076293945,34.5,10700
2026-04-07 15:30:00+00:00,TOTS3.SA,34.5,34.5,34.459999084472656,34.4900016784668,6300
2026-04-07 15:35:00+00:00,TOTS3.SA,34.4900016784668,34.4900016784668,34.439998626708984,34.439998626708984,7200
2026-04-07 15:40:00+00:00,TOTS3.SA,34.439998626708984,34.470001220703125,34.43000030517578,34.459999084472656,8500
2026-04-07 15:45:00+00:00,TOTS3.SA,34.459999084472656,34.540000915527344,34.459999084472656,34.5099983215332,7800
2026-04-07 15:50:00+00:00,TOTS3.SA,34.5,34.529998779296875,34.5,34.529998779296875,6900
2026-04-07 15:55:00+00:00,TOTS3.SA,34.540000915527344,34.58000183105469,34.5099983215332,34.56999969482422,8700
2026-04-07 16:00:00+00:00,TOTS3.SA,34.58000183105469,34.7599983215332,34.560001373291016,34.630001068115234,16400
2026-04-07 16:05:00+00:00,TOTS3.SA,34.619998931884766,34.650001525878906,34.56999969482422,34.58000183105469,5300
2026-04-07 16:10:00+00:00,TOTS3.SA,34.56999969482422,34.66999816894531,34.56999969482422,34.63999938964844,7000
2026-04-07 16:15:00+00:00,TOTS3.SA,34.650001525878906,34.66999816894531,34.599998474121094,34.63999938964844,14700
2026-04-07 16:20:00+00:00,TOTS3.SA,34.630001068115234,34.7400016784668,34.630001068115234,34.70000076293945,11000
2026-04-07 16:25:00+00:00,TOTS3.SA,34.709999084472656,34.7400016784668,34.689998626708984,34.7400016784668,5100
2026-04-07 16:30:00+00:00,TOTS3.SA,34.72999954223633,34.7599983215332,34.720001220703125,34.7400016784668,11400
2026-04-07 16:35:00+00:00,TOTS3.SA,34.720001220703125,34.7400016784668,34.689998626708984,34.709999084472656,5400
2026-04-07 16:40:00+00:00,TOTS3.SA,34.709999084472656,34.7400016784668,34.689998626708984,34.720001220703125,9900
2026-04-07 16:45:00+00:00,TOTS3.SA,34.72999954223633,34.869998931884766,34.72999954223633,34.77000045776367,49400
2026-04-07 16:50:00+00:00,TOTS3.SA,34.77000045776367,34.79999923706055,34.7599983215332,34.7599983215332,7400
2026-04-07 16:55:00+00:00,TOTS3.SA,34.75,34.77000045776367,34.709999084472656,34.709999084472656,7400
2026-04-07 17:00:00+00:00,TOTS3.SA,34.70000076293945,34.83000183105469,34.70000076293945,34.790000915527344,19000
2026-04-07 17:05:00+00:00,TOTS3.SA,34.79999923706055,34.79999923706055,34.709999084472656,34.72999954223633,8900
2026-04-07 17:10:00+00:00,TOTS3.SA,34.709999084472656,34.7400016784668,34.709999084472656,34.7400016784668,7400
2026-04-07 17:15:00+00:00,TOTS3.SA,34.720001220703125,34.720001220703125,34.65999984741211,34.720001220703125,10800
2026-04-07 17:20:00+00:00,TOTS3.SA,34.70000076293945,34.70000076293945,34.63999938964844,34.65999984741211,11900
2026-04-07 17:25:00+00:00,TOTS3.SA,34.66999816894531,34.68000030517578,34.63999938964844,34.63999938964844,6000
2026-04-07 17:30:00+00:00,TOTS3.SA,34.650001525878906,34.709999084472656,34.650001525878906,34.709999084472656,11700
2026-04-07 17:35:00+00:00,TOTS3.SA,34.709999084472656,34.849998474121094,34.709999084472656,34.75,18200
2026-04-07 17:40:00+00:00,TOTS3.SA,34.72999954223633,34.75,34.68000030517578,34.68000030517578,10700
2026-04-07 17:45:00+00:00,TOTS3.SA,34.66999816894531,34.70000076293945,34.650001525878906,34.68000030517578,8700
2026-04-07 17:50:00+00:00,TOTS3.SA,34.68000030517578,34.68000030517578,34.61000061035156,34.61000061035156,7800
2026-04-07 17:55:00+00:00,TOTS3.SA,34.61000061035156,34.63999938964844,34.599998474121094,34.63999938964844,11200
2026-04-07 18:00:00+00:00,TOTS3.SA,34.63999938964844,34.66999816894531,34.61000061035156,34.619998931884766,10300
2026-04-07 18:05:00+00:00,TOTS3.SA,34.599998474121094,34.630001068115234,34.599998474121094,34.630001068115234,8600
2026-04-07 18:10:00+00:00,TOTS3.SA,34.630001068115234,34.630001068115234,34.61000061035156,34.630001068115234,5300
2026-04-07 18:15:00+00:00,TOTS3.SA,34.619998931884766,34.630001068115234,34.59000015258789,34.619998931884766,8200
2026-04-07 18:20:00+00:00,TOTS3.SA,34.61000061035156,34.619998931884766,34.54999923706055,34.560001373291016,7600
2026-04-07 18:25:00+00:00,TOTS3.SA,34.54999923706055,34.59000015258789,34.529998779296875,34.59000015258789,9700
2026-04-07 18:30:00+00:00,TOTS3.SA,34.58000183105469,34.58000183105469,34.52000045776367,34.529998779296875,6600
2026-04-07 18:35:00+00:00,TOTS3.SA,34.52000045776367,34.529998779296875,34.470001220703125,34.4900016784668,14200
2026-04-07 18:40:00+00:00,TOTS3.SA,34.47999954223633,34.52000045776367,34.470001220703125,34.5,10100
2026-04-07 18:45:00+00:00,TOTS3.SA,34.4900016784668,34.5099983215332,34.470001220703125,34.4900016784668,7900
2026-04-07 18:50:00+00:00,TOTS3.SA,34.47999954223633,34.4900016784668,34.41999816894531,34.41999816894531,7900
2026-04-07 18:55:00+00:00,TOTS3.SA,34.40999984741211,34.41999816894531,34.29999923706055,34.36000061035156,14300
2026-04-07 19:00:00+00:00,TOTS3.SA,34.36000061035156,34.400001525878906,34.349998474121094,34.380001068115234,12800
2026-04-07 19:05:00+00:00,TOTS3.SA,34.36000061035156,34.43000030517578,34.36000061035156,34.369998931884766,22900
2026-04-07 19:10:00+00:00,TOTS3.SA,34.36000061035156,34.400001525878906,34.36000061035156,34.400001525878906,6700
2026-04-07 19:15:00+00:00,TOTS3.SA,34.38999938964844,34.650001525878906,34.38999938964844,34.59000015258789,20800
2026-04-07 19:20:00+00:00,TOTS3.SA,34.58000183105469,34.61000061035156,34.540000915527344,34.560001373291016,768400
2026-04-07 19:25:00+00:00,TOTS3.SA,34.58000183105469,34.59000015258789,34.540000915527344,34.54999923706055,12800
2026-04-07 19:30:00+00:00,TOTS3.SA,34.540000915527344,34.56999969482422,34.470001220703125,34.5,28900
2026-04-07 19:35:00+00:00,TOTS3.SA,34.4900016784668,34.4900016784668,34.439998626708984,34.439998626708984,21100
2026-04-07 19:40:00+00:00,TOTS3.SA,34.43000030517578,34.529998779296875,34.41999816894531,34.52000045776367,28500
2026-04-07 19:45:00+00:00,TOTS3.SA,34.52000045776367,34.77000045776367,34.5099983215332,34.709999084472656,68600
2026-04-07 19:50:00+00:00,TOTS3.SA,34.720001220703125,34.86000061035156,34.70000076293945,34.779998779296875,44000
2026-04-08 13:05:00+00:00,TOTS3.SA,36.29999923706055,36.790000915527344,36.20000076293945,36.709999084472656,58400
2026-04-08 13:10:00+00:00,TOTS3.SA,36.68000030517578,36.689998626708984,36.20000076293945,36.25,81900
2026-04-08 13:15:00+00:00,TOTS3.SA,36.25,36.41999816894531,36.18000030517578,36.41999816894531,69100
2026-04-08 13:20:00+00:00,TOTS3.SA,36.369998931884766,36.72999954223633,36.33000183105469,36.68000030517578,99700
2026-04-08 13:25:00+00:00,TOTS3.SA,36.720001220703125,37.16999816894531,36.720001220703125,36.83000183105469,158000
2026-04-08 13:30:00+00:00,TOTS3.SA,36.849998474121094,36.86000061035156,36.5099983215332,36.7599983215332,267100
2026-04-08 13:35:00+00:00,TOTS3.SA,36.779998779296875,37.029998779296875,36.70000076293945,36.9900016784668,116900
2026-04-08 13:40:00+00:00,TOTS3.SA,37.029998779296875,37.08000183105469,36.220001220703125,36.59000015258789,432200
2026-04-08 13:45:00+00:00,TOTS3.SA,36.59000015258789,36.970001220703125,36.52000045776367,36.91999816894531,83800
2026-04-08 13:50:00+00:00,TOTS3.SA,36.88999938964844,36.90999984741211,36.5099983215332,36.5099983215332,86500
2026-04-08 13:55:00+00:00,TOTS3.SA,36.540000915527344,36.77000045776367,36.52000045776367,36.720001220703125,95000
2026-04-08 14:00:00+00:00,TOTS3.SA,36.709999084472656,36.81999969482422,36.65999984741211,36.72999954223633,60200
2026-04-08 14:05:00+00:00,TOTS3.SA,36.75,36.77000045776367,36.439998626708984,36.630001068115234,70900
2026-04-08 14:10:00+00:00,TOTS3.SA,36.61000061035156,36.650001525878906,36.52000045776367,36.540000915527344,39100
2026-04-08 14:15:00+00:00,TOTS3.SA,36.540000915527344,36.650001525878906,36.4900016784668,36.630001068115234,58800
2026-04-08 14:20:00+00:00,TOTS3.SA,36.599998474121094,36.68000030517578,36.56999969482422,36.619998931884766,53300
2026-04-08 14:25:00+00:00,TOTS3.SA,36.650001525878906,36.65999984741211,36.56999969482422,36.599998474121094,65300
2026-04-08 14:30:00+00:00,TOTS3.SA,36.59000015258789,36.630001068115234,36.310001373291016,36.33000183105469,106300
2026-04-08 14:35:00+00:00,TOTS3.SA,36.34000015258789,36.529998779296875,36.33000183105469,36.5,65500
2026-04-08 14:40:00+00:00,TOTS3.SA,36.5,36.61000061035156,36.29999923706055,36.29999923706055,69800
2026-04-08 14:45:00+00:00,TOTS3.SA,36.33000183105469,36.400001525878906,36.2599983215332,36.33000183105469,40200
2026-04-08 14:50:00+00:00,TOTS3.SA,36.33000183105469,36.43000030517578,36.220001220703125,36.41999816894531,39300
2026-04-08 14:55:00+00:00,TOTS3.SA,36.41999816894531,36.47999954223633,36.33000183105469,36.36000061035156,46000
2026-04-08 15:00:00+00:00,TOTS3.SA,36.36000061035156,36.38999938964844,36.25,36.380001068115234,69300
2026-04-08 15:05:00+00:00,TOTS3.SA,36.38999938964844,36.439998626708984,36.34000015258789,36.38999938964844,34000
2026-04-08 15:10:00+00:00,TOTS3.SA,36.38999938964844,36.5,36.369998931884766,36.400001525878906,53800
2026-04-08 15:15:00+00:00,TOTS3.SA,36.380001068115234,36.41999816894531,36.33000183105469,36.380001068115234,30900
2026-04-08 15:20:00+00:00,TOTS3.SA,36.380001068115234,36.41999816894531,36.349998474121094,36.38999938964844,27700
2026-04-08 15:25:00+00:00,TOTS3.SA,36.38999938964844,36.40999984741211,36.34000015258789,36.349998474121094,25400
2026-04-08 15:30:00+00:00,TOTS3.SA,36.34000015258789,36.369998931884766,36.29999923706055,36.33000183105469,22900
2026-04-08 15:35:00+00:00,TOTS3.SA,36.33000183105469,36.380001068115234,36.29999923706055,36.349998474121094,19500
2026-04-08 15:40:00+00:00,TOTS3.SA,36.33000183105469,36.349998474121094,36.29999923706055,36.33000183105469,17700
2026-04-08 15:45:00+00:00,TOTS3.SA,36.31999969482422,36.349998474121094,36.2400016784668,36.290000915527344,26500
2026-04-08 15:50:00+00:00,TOTS3.SA,36.290000915527344,36.29999923706055,36.18000030517578,36.25,114400
2026-04-08 15:55:00+00:00,TOTS3.SA,36.25,36.29999923706055,36.209999084472656,36.2599983215332,32800
2026-04-08 16:00:00+00:00,TOTS3.SA,36.25,36.2599983215332,36.150001525878906,36.18000030517578,19000
2026-04-08 16:05:00+00:00,TOTS3.SA,36.18000030517578,36.220001220703125,36.18000030517578,36.20000076293945,15900
2026-04-08 16:10:00+00:00,TOTS3.SA,36.189998626708984,36.27000045776367,36.15999984741211,36.209999084472656,78200
2026-04-08 16:15:00+00:00,TOTS3.SA,36.189998626708984,36.209999084472656,36.150001525878906,36.16999816894531,18300
2026-04-08 16:20:00+00:00,TOTS3.SA,36.18000030517578,36.18000030517578,36.099998474121094,36.099998474121094,16200
2026-04-08 16:25:00+00:00,TOTS3.SA,36.099998474121094,36.130001068115234,36.099998474121094,36.11000061035156,13900
2026-04-08 16:30:00+00:00,TOTS3.SA,36.11000061035156,36.11000061035156,35.86000061035156,35.900001525878906,148000
2026-04-08 16:35:00+00:00,TOTS3.SA,35.88999938964844,35.970001220703125,35.84000015258789,35.91999816894531,86300
2026-04-08 16:40:00+00:00,TOTS3.SA,35.91999816894531,35.9900016784668,35.84000015258789,35.90999984741211,181100
2026-04-08 16:45:00+00:00,TOTS3.SA,35.900001525878906,35.91999816894531,35.77000045776367,35.83000183105469,78300
2026-04-08 16:50:00+00:00,TOTS3.SA,35.849998474121094,35.9900016784668,35.83000183105469,35.970001220703125,128900
2026-04-08 16:55:00+00:00,TOTS3.SA,35.970001220703125,36.029998779296875,35.95000076293945,35.97999954223633,29200
2026-04-08 17:00:00+00:00,TOTS3.SA,35.97999954223633,36.04999923706055,35.959999084472656,35.97999954223633,41100
2026-04-08 17:05:00+00:00,TOTS3.SA,35.97999954223633,36.0,35.95000076293945,35.95000076293945,16200
2026-04-08 17:10:00+00:00,TOTS3.SA,35.95000076293945,36.04999923706055,35.869998931884766,36.0,108400
2026-04-08 17:15:00+00:00,TOTS3.SA,35.97999954223633,36.099998474121094,35.939998626708984,36.029998779296875,205200
2026-04-08 17:20:00+00:00,TOTS3.SA,36.04999923706055,36.119998931884766,35.93000030517578,35.959999084472656,36300
2026-04-08 17:25:00+00:00,TOTS3.SA,35.97999954223633,35.97999954223633,35.70000076293945,35.81999969482422,127400
2026-04-08 17:30:00+00:00,TOTS3.SA,35.81999969482422,35.84000015258789,35.7599983215332,35.810001373291016,23500
2026-04-08 17:35:00+00:00,TOTS3.SA,35.790000915527344,35.86000061035156,35.77000045776367,35.83000183105469,34100
2026-04-08 17:40:00+00:00,TOTS3.SA,35.849998474121094,35.869998931884766,35.779998779296875,35.79999923706055,17800
2026-04-08 17:45:00+00:00,TOTS3.SA,35.79999923706055,35.79999923706055,35.529998779296875,35.54999923706055,325600
2026-04-08 17:50:00+00:00,TOTS3.SA,35.540000915527344,35.61000061035156,35.290000915527344,35.47999954223633,181400
2026-04-08 17:55:00+00:00,TOTS3.SA,35.4900016784668,35.540000915527344,35.43000030517578,35.439998626708984,65100
2026-04-08 18:00:00+00:00,TOTS3.SA,35.439998626708984,35.4900016784668,35.400001525878906,35.459999084472656,119000
2026-04-08 18:05:00+00:00,TOTS3.SA,35.459999084472656,35.63999938964844,35.43000030517578,35.560001373291016,63900
2026-04-08 18:10:00+00:00,TOTS3.SA,35.58000183105469,35.869998931884766,35.560001373291016,35.70000076293945,183900
2026-04-08 18:15:00+00:00,TOTS3.SA,35.70000076293945,35.86000061035156,35.599998474121094,35.63999938964844,51500
2026-04-08 18:20:00+00:00,TOTS3.SA,35.63999938964844,35.75,35.59000015258789,35.59000015258789,48000
2026-04-08 18:25:00+00:00,TOTS3.SA,35.61000061035156,35.70000076293945,35.54999923706055,35.689998626708984,55600
2026-04-08 18:30:00+00:00,TOTS3.SA,35.66999816894531,35.77000045776367,35.66999816894531,35.72999954223633,46600
2026-04-08 18:35:00+00:00,TOTS3.SA,35.75,35.75,35.61000061035156,35.61000061035156,36000
2026-04-08 18:40:00+00:00,TOTS3.SA,35.630001068115234,35.68000030517578,35.599998474121094,35.63999938964844,32800
2026-04-08 18:45:00+00:00,TOTS3.SA,35.63999938964844,35.72999954223633,35.630001068115234,35.709999084472656,28700
2026-04-08 18:50:00+00:00,TOTS3.SA,35.689998626708984,35.709999084472656,35.650001525878906,35.65999984741211,26800
2026-04-08 18:55:00+00:00,TOTS3.SA,35.66999816894531,35.66999816894531,35.599998474121094,35.61000061035156,30600
2026-04-08 19:00:00+00:00,TOTS3.SA,35.619998931884766,35.689998626708984,35.599998474121094,35.689998626708984,31200
2026-04-08 19:05:00+00:00,TOTS3.SA,35.689998626708984,35.709999084472656,35.65999984741211,35.70000076293945,25900
2026-04-08 19:10:00+00:00,TOTS3.SA,35.709999084472656,35.77000045776367,35.689998626708984,35.7400016784668,33200
2026-04-08 19:15:00+00:00,TOTS3.SA,35.7599983215332,35.79999923706055,35.68000030517578,35.709999084472656,53800
2026-04-08 19:20:00+00:00,TOTS3.SA,35.709999084472656,35.75,35.63999938964844,35.689998626708984,67400
2026-04-08 19:25:00+00:00,TOTS3.SA,35.689998626708984,35.720001220703125,35.61000061035156,35.650001525878906,32900
2026-04-08 19:30:00+00:00,TOTS3.SA,35.650001525878906,35.7400016784668,35.619998931884766,35.650001525878906,79600
2026-04-08 19:35:00+00:00,TOTS3.SA,35.66999816894531,35.790000915527344,35.66999816894531,35.75,58800
2026-04-08 19:40:00+00:00,TOTS3.SA,35.77000045776367,35.939998626708984,35.7400016784668,35.900001525878906,95200
2026-04-08 19:45:00+00:00,TOTS3.SA,35.88999938964844,35.90999984741211,35.84000015258789,35.869998931884766,45500
2026-04-08 19:50:00+00:00,TOTS3.SA,35.880001068115234,35.90999984741211,35.68000030517578,35.689998626708984,65700
2026-04-09 13:05:00+00:00,TOTS3.SA,35.959999084472656,36.130001068115234,35.63999938964844,35.63999938964844,0
2026-04-09 13:10:00+00:00,TOTS3.SA,35.65999984741211,35.79999923706055,35.599998474121094,35.7400016784668,18200
2026-04-09 13:15:00+00:00,TOTS3.SA,35.7599983215332,35.77000045776367,35.66999816894531,35.720001220703125,9500
2026-04-09 13:20:00+00:00,TOTS3.SA,35.72999954223633,35.81999969482422,35.720001220703125,35.75,14500
2026-04-09 13:25:00+00:00,TOTS3.SA,35.779998779296875,35.88999938964844,35.7400016784668,35.83000183105469,12500
2026-04-09 13:30:00+00:00,TOTS3.SA,35.83000183105469,35.88999938964844,35.75,35.7599983215332,12500
2026-04-09 13:35:00+00:00,TOTS3.SA,35.77000045776367,35.970001220703125,35.619998931884766,35.959999084472656,23700
2026-04-09 13:40:00+00:00,TOTS3.SA,35.939998626708984,35.970001220703125,35.869998931884766,35.91999816894531,23900
2026-04-09 13:45:00+00:00,TOTS3.SA,35.91999816894531,35.939998626708984,35.880001068115234,35.880001068115234,29900
2026-04-09 13:50:00+00:00,TOTS3.SA,35.869998931884766,35.869998931884766,35.599998474121094,35.599998474121094,32100
2026-04-09 13:55:00+00:00,TOTS3.SA,35.630001068115234,35.63999938964844,35.529998779296875,35.540000915527344,18000
2026-04-09 14:00:00+00:00,TOTS3.SA,35.54999923706055,35.619998931884766,35.5099983215332,35.599998474121094,20900
2026-04-09 14:05:00+00:00,TOTS3.SA,35.599998474121094,35.619998931884766,35.540000915527344,35.560001373291016,21700
2026-04-09 14:10:00+00:00,TOTS3.SA,35.56999969482422,35.619998931884766,35.52000045776367,35.599998474121094,16200
2026-04-09 14:15:00+00:00,TOTS3.SA,35.599998474121094,35.61000061035156,35.45000076293945,35.47999954223633,19600
2026-04-09 14:20:00+00:00,TOTS3.SA,35.4900016784668,35.58000183105469,35.47999954223633,35.529998779296875,29200
2026-04-09 14:25:00+00:00,TOTS3.SA,35.52000045776367,35.540000915527344,35.209999084472656,35.209999084472656,125700
2026-04-09 14:30:00+00:00,TOTS3.SA,35.20000076293945,35.20000076293945,35.060001373291016,35.09000015258789,37500
2026-04-09 14:35:00+00:00,TOTS3.SA,35.11000061035156,35.11000061035156,34.95000076293945,35.0099983215332,25100
2026-04-09 14:40:00+00:00,TOTS3.SA,35.02000045776367,35.09000015258789,34.97999954223633,35.06999969482422,26300
2026-04-09 14:45:00+00:00,TOTS3.SA,35.06999969482422,35.18000030517578,34.9900016784668,35.16999816894531,129200
2026-04-09 14:50:00+00:00,TOTS3.SA,35.150001525878906,35.15999984741211,35.0099983215332,35.0099983215332,22000
2026-04-09 14:55:00+00:00,TOTS3.SA,35.0099983215332,35.06999969482422,34.90999984741211,34.93000030517578,127200
2026-04-09 15:00:00+00:00,TOTS3.SA,34.95000076293945,34.95000076293945,34.72999954223633,34.72999954223633,219100
2026-04-09 15:05:00+00:00,TOTS3.SA,34.720001220703125,34.72999954223633,34.630001068115234,34.720001220703125,38100
2026-04-09 15:10:00+00:00,TOTS3.SA,34.720001220703125,34.810001373291016,34.650001525878906,34.650001525878906,46400
2026-04-09 15:15:00+00:00,TOTS3.SA,34.650001525878906,35.06999969482422,34.650001525878906,35.04999923706055,73700
2026-04-09 15:20:00+00:00,TOTS3.SA,35.06999969482422,35.18000030517578,35.040000915527344,35.119998931884766,41500
2026-04-09 15:25:00+00:00,TOTS3.SA,35.119998931884766,35.25,35.060001373291016,35.130001068115234,63200
2026-04-09 15:30:00+00:00,TOTS3.SA,35.119998931884766,35.40999984741211,35.08000183105469,35.279998779296875,72000
2026-04-09 15:35:00+00:00,TOTS3.SA,35.290000915527344,35.29999923706055,35.150001525878906,35.189998626708984,30500
2026-04-09 15:40:00+00:00,TOTS3.SA,35.189998626708984,35.369998931884766,35.189998626708984,35.36000061035156,99100
2026-04-09 15:45:00+00:00,TOTS3.SA,35.34000015258789,35.470001220703125,35.16999816894531,35.189998626708984,152800
2026-04-09 15:50:00+00:00,TOTS3.SA,35.209999084472656,35.2400016784668,35.02000045776367,35.06999969482422,43800
2026-04-09 15:55:00+00:00,TOTS3.SA,35.08000183105469,35.119998931884766,35.060001373291016,35.099998474121094,29100
2026-04-09 16:00:00+00:00,TOTS3.SA,35.09000015258789,35.13999938964844,35.060001373291016,35.060001373291016,28600
2026-04-09 16:05:00+00:00,TOTS3.SA,35.060001373291016,35.09000015258789,35.02000045776367,35.02000045776367,26600
2026-04-09 16:10:00+00:00,TOTS3.SA,35.0099983215332,35.13999938964844,35.0099983215332,35.04999923706055,59800
2026-04-09 16:15:00+00:00,TOTS3.SA,35.06999969482422,35.119998931884766,35.029998779296875,35.09000015258789,26800
2026-04-09 16:20:00+00:00,TOTS3.SA,35.11000061035156,35.15999984741211,35.09000015258789,35.099998474121094,23800
2026-04-09 16:25:00+00:00,TOTS3.SA,35.099998474121094,35.119998931884766,34.959999084472656,34.970001220703125,27000
2026-04-09 16:30:00+00:00,TOTS3.SA,34.970001220703125,34.9900016784668,34.900001525878906,34.91999816894531,26300
2026-04-09 16:35:00+00:00,TOTS3.SA,34.900001525878906,34.91999816894531,34.86000061035156,34.90999984741211,24700
2026-04-09 16:40:00+00:00,TOTS3.SA,34.900001525878906,34.970001220703125,34.900001525878906,34.93000030517578,21100
2026-04-09 16:45:00+00:00,TOTS3.SA,34.93000030517578,34.959999084472656,34.900001525878906,34.95000076293945,42800
2026-04-09 16:50:00+00:00,TOTS3.SA,34.97999954223633,35.06999969482422,34.959999084472656,35.0099983215332,23300
2026-04-09 16:55:00+00:00,TOTS3.SA,35.02000045776367,35.02000045776367,34.959999084472656,34.959999084472656,17300
2026-04-09 17:00:00+00:00,TOTS3.SA,34.970001220703125,34.97999954223633,34.900001525878906,34.97999954223633,31700
2026-04-09 17:05:00+00:00,TOTS3.SA,34.97999954223633,34.97999954223633,34.95000076293945,34.95000076293945,18900
2026-04-09 17:10:00+00:00,TOTS3.SA,34.970001220703125,35.0,34.95000076293945,34.95000076293945,25900
2026-04-09 17:15:00+00:00,TOTS3.SA,34.95000076293945,35.060001373291016,34.939998626708984,35.040000915527344,33000
2026-04-09 17:20:00+00:00,TOTS3.SA,35.060001373291016,35.09000015258789,35.0099983215332,35.04999923706055,47400
2026-04-09 17:25:00+00:00,TOTS3.SA,35.040000915527344,35.15999984741211,35.040000915527344,35.130001068115234,28100
2026-04-09 17:30:00+00:00,TOTS3.SA,35.150001525878906,35.150001525878906,35.08000183105469,35.119998931884766,32900
2026-04-09 17:35:00+00:00,TOTS3.SA,35.130001068115234,35.2400016784668,35.119998931884766,35.2400016784668,44700
2026-04-09 17:40:00+00:00,TOTS3.SA,35.2400016784668,35.2400016784668,35.130001068115234,35.130001068115234,50700
2026-04-09 17:45:00+00:00,TOTS3.SA,35.15999984741211,35.290000915527344,35.09000015258789,35.290000915527344,71600
2026-04-09 17:50:00+00:00,TOTS3.SA,35.29999923706055,35.31999969482422,35.2599983215332,35.290000915527344,29900
2026-04-09 17:55:00+00:00,TOTS3.SA,35.310001373291016,35.310001373291016,35.029998779296875,35.029998779296875,50200
2026-04-09 18:00:00+00:00,TOTS3.SA,35.060001373291016,35.15999984741211,35.029998779296875,35.09000015258789,35600
2026-04-09 18:05:00+00:00,TOTS3.SA,35.08000183105469,35.08000183105469,35.04999923706055,35.06999969482422,18800
2026-04-09 18:10:00+00:00,TOTS3.SA,35.06999969482422,35.099998474121094,35.040000915527344,35.06999969482422,20800
2026-04-09 18:15:00+00:00,TOTS3.SA,35.060001373291016,35.08000183105469,34.95000076293945,34.970001220703125,49600
2026-04-09 18:20:00+00:00,TOTS3.SA,34.95000076293945,34.970001220703125,34.81999969482422,34.91999816894531,70600
2026-04-09 18:25:00+00:00,TOTS3.SA,34.91999816894531,34.959999084472656,34.869998931884766,34.900001525878906,23300
2026-04-09 18:30:00+00:00,TOTS3.SA,34.88999938964844,34.93000030517578,34.81999969482422,34.880001068115234,42000
2026-04-09 18:35:00+00:00,TOTS3.SA,34.88999938964844,34.95000076293945,34.88999938964844,34.95000076293945,21200
2026-04-09 18:40:00+00:00,TOTS3.SA,34.95000076293945,34.95000076293945,34.900001525878906,34.91999816894531,22100
2026-04-09 18:45:00+00:00,TOTS3.SA,34.90999984741211,34.93000030517578,34.90999984741211,34.90999984741211,20100
2026-04-09 18:50:00+00:00,TOTS3.SA,34.91999816894531,34.93000030517578,34.900001525878906,34.90999984741211,22800
2026-04-09 18:55:00+00:00,TOTS3.SA,34.91999816894531,34.97999954223633,34.86000061035156,34.91999816894531,61800
2026-04-09 19:00:00+00:00,TOTS3.SA,34.91999816894531,34.95000076293945,34.880001068115234,34.939998626708984,42800
2026-04-09 19:05:00+00:00,TOTS3.SA,34.95000076293945,34.97999954223633,34.939998626708984,34.970001220703125,38100
2026-04-09 19:10:00+00:00,TOTS3.SA,34.97999954223633,34.97999954223633,34.869998931884766,34.880001068115234,26900
2026-04-09 19:15:00+00:00,TOTS3.SA,34.900001525878906,34.93000030517578,34.790000915527344,34.83000183105469,115700
2026-04-09 19:20:00+00:00,TOTS3.SA,34.84000015258789,34.880001068115234,34.720001220703125,34.7599983215332,143100
2026-04-09 19:25:00+00:00,TOTS3.SA,34.75,34.779998779296875,34.720001220703125,34.75,55400
2026-04-09 19:30:00+00:00,TOTS3.SA,34.75,34.83000183105469,34.66999816894531,34.709999084472656,141600
2026-04-09 19:35:00+00:00,TOTS3.SA,34.720001220703125,34.7599983215332,34.65999984741211,34.66999816894531,120000
2026-04-09 19:40:00+00:00,TOTS3.SA,34.689998626708984,34.689998626708984,34.63999938964844,34.63999938964844,86400
2026-04-09 19:45:00+00:00,TOTS3.SA,34.650001525878906,34.65999984741211,34.560001373291016,34.560001373291016,109100
2026-04-09 19:50:00+00:00,TOTS3.SA,34.560001373291016,34.619998931884766,34.54999923706055,34.599998474121094,61400
2026-04-10 13:00:00+00:00,TOTS3.SA,34.5099983215332,34.689998626708984,34.5099983215332,34.66999816894531,0
2026-04-10 13:05:00+00:00,TOTS3.SA,34.65999984741211,34.7599983215332,34.52000045776367,34.59000015258789,30400
2026-04-10 13:10:00+00:00,TOTS3.SA,34.58000183105469,34.599998474121094,34.25,34.27000045776367,31900
2026-04-10 13:15:00+00:00,TOTS3.SA,34.2599983215332,34.29999923706055,34.11000061035156,34.130001068115234,18200
2026-04-10 13:20:00+00:00,TOTS3.SA,34.13999938964844,34.33000183105469,34.11000061035156,34.33000183105469,11400
2026-04-10 13:25:00+00:00,TOTS3.SA,34.29999923706055,34.529998779296875,34.29999923706055,34.4900016784668,20100
2026-04-10 13:30:00+00:00,TOTS3.SA,34.529998779296875,34.529998779296875,34.31999969482422,34.34000015258789,34700
2026-04-10 13:35:00+00:00,TOTS3.SA,34.31999969482422,34.380001068115234,34.29999923706055,34.380001068115234,12900
2026-04-10 13:40:00+00:00,TOTS3.SA,34.36000061035156,34.439998626708984,34.189998626708984,34.310001373291016,45900
2026-04-10 13:45:00+00:00,TOTS3.SA,34.29999923706055,34.439998626708984,34.29999923706055,34.40999984741211,17000
2026-04-10 13:50:00+00:00,TOTS3.SA,34.439998626708984,34.439998626708984,34.09000015258789,34.20000076293945,69000
2026-04-10 13:55:00+00:00,TOTS3.SA,34.20000076293945,34.22999954223633,34.029998779296875,34.20000076293945,122600
2026-04-10 14:00:00+00:00,TOTS3.SA,34.20000076293945,34.25,34.0,34.220001220703125,136600
2026-04-10 14:05:00+00:00,TOTS3.SA,34.209999084472656,34.22999954223633,34.099998474121094,34.11000061035156,93500
2026-04-10 14:10:00+00:00,TOTS3.SA,34.119998931884766,34.150001525878906,33.97999954223633,34.099998474121094,106800
2026-04-10 14:15:00+00:00,TOTS3.SA,34.099998474121094,34.150001525878906,34.04999923706055,34.09000015258789,49500
2026-04-10 14:20:00+00:00,TOTS3.SA,34.099998474121094,34.13999938964844,34.0,34.06999969482422,63100
2026-04-10 14:25:00+00:00,TOTS3.SA,34.060001373291016,34.09000015258789,34.029998779296875,34.040000915527344,29500
2026-04-10 14:30:00+00:00,TOTS3.SA,34.040000915527344,34.06999969482422,33.95000076293945,34.0099983215332,127000
2026-04-10 14:35:00+00:00,TOTS3.SA,34.0099983215332,34.02000045776367,33.95000076293945,34.0099983215332,46200
2026-04-10 14:40:00+00:00,TOTS3.SA,33.9900016784668,34.0099983215332,33.81999969482422,33.869998931884766,58000
2026-04-10 14:45:00+00:00,TOTS3.SA,33.88999938964844,33.90999984741211,33.72999954223633,33.7400016784668,51300
2026-04-10 14:50:00+00:00,TOTS3.SA,33.72999954223633,33.75,33.68000030517578,33.70000076293945,34300
2026-04-10 14:55:00+00:00,TOTS3.SA,33.720001220703125,33.83000183105469,33.70000076293945,33.83000183105469,26800
2026-04-10 15:00:00+00:00,TOTS3.SA,33.83000183105469,33.84000015258789,33.77000045776367,33.810001373291016,26700
2026-04-10 15:05:00+00:00,TOTS3.SA,33.79999923706055,33.84000015258789,33.779998779296875,33.810001373291016,32100
2026-04-10 15:10:00+00:00,TOTS3.SA,33.83000183105469,33.900001525878906,33.810001373291016,33.900001525878906,37300
2026-04-10 15:15:00+00:00,TOTS3.SA,33.88999938964844,33.900001525878906,33.81999969482422,33.86000061035156,43800
2026-04-10 15:20:00+00:00,TOTS3.SA,33.849998474121094,33.939998626708984,33.83000183105469,33.900001525878906,28800
2026-04-10 15:25:00+00:00,TOTS3.SA,33.900001525878906,33.939998626708984,33.869998931884766,33.88999938964844,23100
2026-04-10 15:30:00+00:00,TOTS3.SA,33.900001525878906,33.93000030517578,33.849998474121094,33.869998931884766,20600
2026-04-10 15:35:00+00:00,TOTS3.SA,33.869998931884766,33.900001525878906,33.790000915527344,33.810001373291016,30200
2026-04-10 15:40:00+00:00,TOTS3.SA,33.810001373291016,33.849998474121094,33.790000915527344,33.810001373291016,21100
2026-04-10 15:45:00+00:00,TOTS3.SA,33.810001373291016,33.810001373291016,33.689998626708984,33.689998626708984,35100
2026-04-10 15:50:00+00:00,TOTS3.SA,33.70000076293945,33.83000183105469,33.689998626708984,33.72999954223633,86700
2026-04-10 15:55:00+00:00,TOTS3.SA,33.72999954223633,33.7400016784668,33.619998931884766,33.650001525878906,43900
2026-04-10 16:00:00+00:00,TOTS3.SA,33.650001525878906,33.70000076293945,33.619998931884766,33.68000030517578,23900
2026-04-10 16:05:00+00:00,TOTS3.SA,33.689998626708984,33.689998626708984,33.599998474121094,33.599998474121094,29300
2026-04-10 16:10:00+00:00,TOTS3.SA,33.599998474121094,33.66999816894531,33.599998474121094,33.66999816894531,24500
2026-04-10 16:15:00+00:00,TOTS3.SA,33.650001525878906,33.720001220703125,33.650001525878906,33.689998626708984,19600
2026-04-10 16:20:00+00:00,TOTS3.SA,33.68000030517578,33.75,33.650001525878906,33.72999954223633,24900
2026-04-10 16:25:00+00:00,TOTS3.SA,33.72999954223633,33.75,33.63999938964844,33.650001525878906,48600
2026-04-10 16:30:00+00:00,TOTS3.SA,33.65999984741211,33.689998626708984,33.599998474121094,33.68000030517578,31000
2026-04-10 16:35:00+00:00,TOTS3.SA,33.689998626708984,33.7400016784668,33.66999816894531,33.66999816894531,19000
2026-04-10 16:40:00+00:00,TOTS3.SA,33.689998626708984,33.70000076293945,33.61000061035156,33.619998931884766,31900
2026-04-10 16:45:00+00:00,TOTS3.SA,33.619998931884766,33.650001525878906,33.59000015258789,33.630001068115234,36000
2026-04-10 16:50:00+00:00,TOTS3.SA,33.650001525878906,33.70000076293945,33.630001068115234,33.70000076293945,20000
2026-04-10 16:55:00+00:00,TOTS3.SA,33.68000030517578,33.709999084472656,33.68000030517578,33.689998626708984,17500
2026-04-10 17:00:00+00:00,TOTS3.SA,33.70000076293945,33.70000076293945,33.650001525878906,33.65999984741211,16300
2026-04-10 17:05:00+00:00,TOTS3.SA,33.65999984741211,33.70000076293945,33.630001068115234,33.70000076293945,23900
2026-04-10 17:10:00+00:00,TOTS3.SA,33.70000076293945,33.72999954223633,33.68000030517578,33.709999084472656,18100
2026-04-10 17:15:00+00:00,TOTS3.SA,33.709999084472656,33.75,33.709999084472656,33.72999954223633,17600
2026-04-10 17:20:00+00:00,TOTS3.SA,33.72999954223633,33.75,33.68000030517578,33.68000030517578,25100
2026-04-10 17:25:00+00:00,TOTS3.SA,33.70000076293945,33.720001220703125,33.650001525878906,33.650001525878906,32200
2026-04-10 17:30:00+00:00,TOTS3.SA,33.66999816894531,33.68000030517578,33.529998779296875,33.540000915527344,70200
2026-04-10 17:35:00+00:00,TOTS3.SA,33.540000915527344,33.58000183105469,33.43000030517578,33.43000030517578,120300
2026-04-10 17:40:00+00:00,TOTS3.SA,33.439998626708984,33.459999084472656,33.29999923706055,33.380001068115234,58600
2026-04-10 17:45:00+00:00,TOTS3.SA,33.380001068115234,33.560001373291016,33.380001068115234,33.560001373291016,90000
2026-04-10 17:50:00+00:00,TOTS3.SA,33.56999969482422,33.630001068115234,33.4900016784668,33.59000015258789,84900
2026-04-10 17:55:00+00:00,TOTS3.SA,33.619998931884766,33.70000076293945,33.599998474121094,33.66999816894531,24300
2026-04-10 18:00:00+00:00,TOTS3.SA,33.70000076293945,33.70000076293945,33.619998931884766,33.63999938964844,27600
2026-04-10 18:05:00+00:00,TOTS3.SA,33.63999938964844,33.65999984741211,33.58000183105469,33.58000183105469,19500
2026-04-10 18:10:00+00:00,TOTS3.SA,33.599998474121094,33.599998474121094,33.54999923706055,33.59000015258789,23500
2026-04-10 18:15:00+00:00,TOTS3.SA,33.59000015258789,33.650001525878906,33.529998779296875,33.650001525878906,49800
2026-04-10 18:20:00+00:00,TOTS3.SA,33.63999938964844,33.70000076293945,33.630001068115234,33.65999984741211,42300
2026-04-10 18:25:00+00:00,TOTS3.SA,33.65999984741211,33.720001220703125,33.650001525878906,33.720001220703125,39500
2026-04-10 18:30:00+00:00,TOTS3.SA,33.720001220703125,33.83000183105469,33.709999084472656,33.83000183105469,56400
2026-04-10 18:35:00+00:00,TOTS3.SA,33.83000183105469,33.849998474121094,33.720001220703125,33.72999954223633,27800
2026-04-10 18:40:00+00:00,TOTS3.SA,33.72999954223633,33.72999954223633,33.65999984741211,33.70000076293945,16400
2026-04-10 18:45:00+00:00,TOTS3.SA,33.70000076293945,33.709999084472656,33.65999984741211,33.70000076293945,19800
2026-04-10 18:50:00+00:00,TOTS3.SA,33.709999084472656,33.720001220703125,33.66999816894531,33.66999816894531,14300
2026-04-10 18:55:00+00:00,TOTS3.SA,33.68000030517578,33.68000030517578,33.63999938964844,33.66999816894531,23100
2026-04-10 19:00:00+00:00,TOTS3.SA,33.66999816894531,33.689998626708984,33.630001068115234,33.65999984741211,38100
2026-04-10 19:05:00+00:00,TOTS3.SA,33.65999984741211,33.68000030517578,33.619998931884766,33.68000030517578,33100
2026-04-10 19:10:00+00:00,TOTS3.SA,33.65999984741211,33.720001220703125,33.63999938964844,33.70000076293945,28900
2026-04-10 19:15:00+00:00,TOTS3.SA,33.709999084472656,33.790000915527344,33.70000076293945,33.790000915527344,41200
2026-04-10 19:20:00+00:00,TOTS3.SA,33.77000045776367,33.810001373291016,33.75,33.779998779296875,42600
2026-04-10 19:25:00+00:00,TOTS3.SA,33.779998779296875,33.790000915527344,33.75,33.779998779296875,35500
2026-04-10 19:30:00+00:00,TOTS3.SA,33.779998779296875,33.81999969482422,33.77000045776367,33.79999923706055,42000
2026-04-10 19:35:00+00:00,TOTS3.SA,33.79999923706055,33.79999923706055,33.68000030517578,33.68000030517578,50800
2026-04-10 19:40:00+00:00,TOTS3.SA,33.689998626708984,33.709999084472656,33.61000061035156,33.709999084472656,93800
2026-04-10 19:45:00+00:00,TOTS3.SA,33.709999084472656,33.720001220703125,33.599998474121094,33.619998931884766,71600
2026-04-10 19:50:00+00:00,TOTS3.SA,33.63999938964844,33.689998626708984,33.599998474121094,33.599998474121094,66000
2026-04-13 13:00:00+00:00,TOTS3.SA,33.68000030517578,33.68000030517578,33.45000076293945,33.540000915527344,0
2026-04-13 13:05:00+00:00,TOTS3.SA,33.529998779296875,33.58000183105469,33.290000915527344,33.58000183105469,21700
2026-04-13 13:10:00+00:00,TOTS3.SA,33.560001373291016,33.709999084472656,33.560001373291016,33.689998626708984,22300
2026-04-13 13:15:00+00:00,TOTS3.SA,33.720001220703125,33.72999954223633,33.52000045776367,33.56999969482422,38100
2026-04-13 13:20:00+00:00,TOTS3.SA,33.54999923706055,33.61000061035156,33.52000045776367,33.61000061035156,8400
2026-04-13 13:25:00+00:00,TOTS3.SA,33.599998474121094,33.720001220703125,33.54999923706055,33.720001220703125,10400
2026-04-13 13:30:00+00:00,TOTS3.SA,33.72999954223633,33.75,33.599998474121094,33.63999938964844,24400
2026-04-13 13:35:00+00:00,TOTS3.SA,33.630001068115234,33.63999938964844,33.540000915527344,33.540000915527344,14000
2026-04-13 13:40:00+00:00,TOTS3.SA,33.540000915527344,33.72999954223633,33.529998779296875,33.63999938964844,25800
2026-04-13 13:45:00+00:00,TOTS3.SA,33.63999938964844,33.650001525878906,33.43000030517578,33.59000015258789,103700
2026-04-13 13:50:00+00:00,TOTS3.SA,33.619998931884766,33.68000030517578,33.47999954223633,33.52000045776367,214000
2026-04-13 13:55:00+00:00,TOTS3.SA,33.52000045776367,33.560001373291016,33.400001525878906,33.529998779296875,126200
2026-04-13 14:00:00+00:00,TOTS3.SA,33.529998779296875,33.630001068115234,33.459999084472656,33.470001220703125,103900
2026-04-13 14:05:00+00:00,TOTS3.SA,33.47999954223633,33.68000030517578,33.43000030517578,33.66999816894531,143300
2026-04-13 14:10:00+00:00,TOTS3.SA,33.650001525878906,33.650001525878906,33.5099983215332,33.599998474121094,109300
2026-04-13 14:15:00+00:00,TOTS3.SA,33.61000061035156,33.619998931884766,33.52000045776367,33.560001373291016,35100
2026-04-13 14:20:00+00:00,TOTS3.SA,33.56999969482422,33.65999984741211,33.54999923706055,33.630001068115234,22200
2026-04-13 14:25:00+00:00,TOTS3.SA,33.619998931884766,33.70000076293945,33.58000183105469,33.70000076293945,24400
2026-04-13 14:30:00+00:00,TOTS3.SA,33.720001220703125,33.95000076293945,33.709999084472656,33.900001525878906,66200
2026-04-13 14:35:00+00:00,TOTS3.SA,33.91999816894531,33.970001220703125,33.81999969482422,33.88999938964844,25500
2026-04-13 14:40:00+00:00,TOTS3.SA,33.88999938964844,34.0,33.88999938964844,34.0,31100
2026-04-13 14:45:00+00:00,TOTS3.SA,34.02000045776367,34.150001525878906,34.02000045776367,34.040000915527344,103400
2026-04-13 14:50:00+00:00,TOTS3.SA,34.04999923706055,34.06999969482422,34.0,34.02000045776367,19000
2026-04-13 14:55:00+00:00,TOTS3.SA,34.02000045776367,34.09000015258789,33.97999954223633,34.0,23300
2026-04-13 15:00:00+00:00,TOTS3.SA,34.02000045776367,34.040000915527344,33.959999084472656,33.9900016784668,20500
2026-04-13 15:05:00+00:00,TOTS3.SA,34.0,34.0099983215332,33.93000030517578,33.939998626708984,16700
2026-04-13 15:10:00+00:00,TOTS3.SA,33.95000076293945,33.970001220703125,33.880001068115234,33.970001220703125,23400
2026-04-13 15:15:00+00:00,TOTS3.SA,34.0,34.029998779296875,33.9900016784668,34.0099983215332,10900
2026-04-13 15:20:00+00:00,TOTS3.SA,34.0099983215332,34.02000045776367,33.939998626708984,34.0099983215332,16000
2026-04-13 15:25:00+00:00,TOTS3.SA,34.0099983215332,34.029998779296875,33.95000076293945,33.9900016784668,15300
2026-04-13 15:30:00+00:00,TOTS3.SA,33.9900016784668,34.029998779296875,33.93000030517578,34.029998779296875,11500
2026-04-13 15:35:00+00:00,TOTS3.SA,34.040000915527344,34.220001220703125,34.040000915527344,34.16999816894531,26700
2026-04-13 15:40:00+00:00,TOTS3.SA,34.16999816894531,34.290000915527344,34.16999816894531,34.25,24300
2026-04-13 15:45:00+00:00,TOTS3.SA,34.25,34.25,34.02000045776367,34.08000183105469,59700
2026-04-13 15:50:00+00:00,TOTS3.SA,34.08000183105469,34.189998626708984,34.029998779296875,34.119998931884766,39100
2026-04-13 15:55:00+00:00,TOTS3.SA,34.11000061035156,34.16999816894531,34.099998474121094,34.15999984741211,14500
2026-04-13 16:00:00+00:00,TOTS3.SA,34.15999984741211,34.20000076293945,34.11000061035156,34.130001068115234,35100
2026-04-13 16:05:00+00:00,TOTS3.SA,34.150001525878906,34.279998779296875,34.150001525878906,34.209999084472656,45600
2026-04-13 16:10:00+00:00,TOTS3.SA,34.20000076293945,34.25,34.16999816894531,34.16999816894531,50600
2026-04-13 16:15:00+00:00,TOTS3.SA,34.18000030517578,34.2400016784668,34.15999984741211,34.16999816894531,40700
2026-04-13 16:20:00+00:00,TOTS3.SA,34.18000030517578,34.290000915527344,34.18000030517578,34.2599983215332,37300
2026-04-13 16:25:00+00:00,TOTS3.SA,34.2599983215332,34.29999923706055,34.22999954223633,34.279998779296875,23200
2026-04-13 16:30:00+00:00,TOTS3.SA,34.279998779296875,34.34000015258789,34.2599983215332,34.29999923706055,53500
2026-04-13 16:35:00+00:00,TOTS3.SA,34.29999923706055,34.380001068115234,34.29999923706055,34.31999969482422,48200
2026-04-13 16:40:00+00:00,TOTS3.SA,34.31999969482422,34.36000061035156,34.29999923706055,34.29999923706055,31900
2026-04-13 16:45:00+00:00,TOTS3.SA,34.310001373291016,34.380001068115234,34.290000915527344,34.31999969482422,26700
2026-04-13 16:50:00+00:00,TOTS3.SA,34.310001373291016,34.38999938964844,34.22999954223633,34.2599983215332,38500
2026-04-13 16:55:00+00:00,TOTS3.SA,34.27000045776367,34.310001373291016,34.220001220703125,34.29999923706055,26700
2026-04-13 17:00:00+00:00,TOTS3.SA,34.29999923706055,34.349998474121094,34.279998779296875,34.33000183105469,27200
2026-04-13 17:05:00+00:00,TOTS3.SA,34.33000183105469,34.34000015258789,34.290000915527344,34.31999969482422,24700
2026-04-13 17:10:00+00:00,TOTS3.SA,34.31999969482422,34.38999938964844,34.310001373291016,34.36000061035156,24500
2026-04-13 17:15:00+00:00,TOTS3.SA,34.36000061035156,34.400001525878906,34.310001373291016,34.380001068115234,44400
2026-04-13 17:20:00+00:00,TOTS3.SA,34.369998931884766,34.439998626708984,34.349998474121094,34.43000030517578,37200
2026-04-13 17:25:00+00:00,TOTS3.SA,34.43000030517578,34.459999084472656,34.400001525878906,34.459999084472656,34300
2026-04-13 17:30:00+00:00,TOTS3.SA,34.45000076293945,34.47999954223633,34.43000030517578,34.439998626708984,30200
2026-04-13 17:35:00+00:00,TOTS3.SA,34.439998626708984,34.560001373291016,34.41999816894531,34.4900016784668,164000
2026-04-13 17:40:00+00:00,TOTS3.SA,34.47999954223633,34.540000915527344,34.47999954223633,34.4900016784668,52400
2026-04-13 17:45:00+00:00,TOTS3.SA,34.4900016784668,34.4900016784668,34.43000030517578,34.45000076293945,44300
2026-04-13 17:50:00+00:00,TOTS3.SA,34.45000076293945,34.45000076293945,34.369998931884766,34.43000030517578,29500
2026-04-13 17:55:00+00:00,TOTS3.SA,34.439998626708984,34.439998626708984,34.38999938964844,34.43000030517578,36700
2026-04-13 18:00:00+00:00,TOTS3.SA,34.40999984741211,34.5,34.380001068115234,34.4900016784668,50700
2026-04-13 18:05:00+00:00,TOTS3.SA,34.4900016784668,34.5,34.45000076293945,34.47999954223633,34900
2026-04-13 18:10:00+00:00,TOTS3.SA,34.4900016784668,34.599998474121094,34.47999954223633,34.560001373291016,50600
2026-04-13 18:15:00+00:00,TOTS3.SA,34.560001373291016,34.59000015258789,34.5,34.58000183105469,23500
2026-04-13 18:20:00+00:00,TOTS3.SA,34.56999969482422,34.58000183105469,34.5,34.5,41400
2026-04-13 18:25:00+00:00,TOTS3.SA,34.5,34.5,34.43000030517578,34.5,56900
2026-04-13 18:30:00+00:00,TOTS3.SA,34.5,34.529998779296875,34.47999954223633,34.529998779296875,20300
2026-04-13 18:35:00+00:00,TOTS3.SA,34.5,34.540000915527344,34.47999954223633,34.5,36000
2026-04-13 18:40:00+00:00,TOTS3.SA,34.5,34.52000045776367,34.439998626708984,34.5,32000
2026-04-13 18:45:00+00:00,TOTS3.SA,34.5099983215332,34.59000015258789,34.4900016784668,34.59000015258789,39900
2026-04-13 18:50:00+00:00,TOTS3.SA,34.59000015258789,34.599998474121094,34.54999923706055,34.59000015258789,32000
2026-04-13 18:55:00+00:00,TOTS3.SA,34.599998474121094,34.619998931884766,34.54999923706055,34.54999923706055,26400
2026-04-13 19:00:00+00:00,TOTS3.SA,34.560001373291016,34.58000183105469,34.459999084472656,34.52000045776367,54000
2026-04-13 19:05:00+00:00,TOTS3.SA,34.52000045776367,34.56999969482422,34.5,34.540000915527344,39200
2026-04-13 19:10:00+00:00,TOTS3.SA,34.540000915527344,34.599998474121094,34.529998779296875,34.540000915527344,35500
2026-04-13 19:15:00+00:00,TOTS3.SA,34.54999923706055,34.61000061035156,34.540000915527344,34.599998474121094,52600
2026-04-13 19:20:00+00:00,TOTS3.SA,34.599998474121094,34.619998931884766,34.560001373291016,34.56999969482422,41000
2026-04-13 19:25:00+00:00,TOTS3.SA,34.56999969482422,34.56999969482422,34.5,34.529998779296875,37300
2026-04-13 19:30:00+00:00,TOTS3.SA,34.54999923706055,34.560001373291016,34.5,34.54999923706055,50000
2026-04-13 19:35:00+00:00,TOTS3.SA,34.529998779296875,34.560001373291016,34.5099983215332,34.54999923706055,38000
2026-04-13 19:40:00+00:00,TOTS3.SA,34.540000915527344,34.54999923706055,34.5,34.5,49200
2026-04-13 19:45:00+00:00,TOTS3.SA,34.5,34.529998779296875,34.40999984741211,34.5099983215332,146300
2026-04-13 19:50:00+00:00,TOTS3.SA,34.5099983215332,34.58000183105469,34.5,34.540000915527344,68600
2026-04-14 13:00:00+00:00,TOTS3.SA,34.86000061035156,34.939998626708984,34.7400016784668,34.7400016784668,0
2026-04-14 13:05:00+00:00,TOTS3.SA,34.75,34.79999923706055,34.68000030517578,34.7400016784668,12000
2026-04-14 13:10:00+00:00,TOTS3.SA,34.68000030517578,34.779998779296875,34.630001068115234,34.68000030517578,25300
2026-04-14 13:15:00+00:00,TOTS3.SA,34.68000030517578,34.75,34.58000183105469,34.720001220703125,17700
2026-04-14 13:20:00+00:00,TOTS3.SA,34.75,34.810001373291016,34.70000076293945,34.810001373291016,10800
2026-04-14 13:25:00+00:00,TOTS3.SA,34.810001373291016,34.86000061035156,34.75,34.810001373291016,22300
2026-04-14 13:30:00+00:00,TOTS3.SA,34.849998474121094,34.869998931884766,34.689998626708984,34.81999969482422,22300
2026-04-14 13:35:00+00:00,TOTS3.SA,34.810001373291016,35.08000183105469,34.79999923706055,35.040000915527344,53100
2026-04-14 13:40:00+00:00,TOTS3.SA,35.060001373291016,35.099998474121094,34.9900016784668,35.02000045776367,54300
2026-04-14 13:45:00+00:00,TOTS3.SA,35.02000045776367,35.13999938964844,34.939998626708984,34.939998626708984,31700
2026-04-14 13:50:00+00:00,TOTS3.SA,34.939998626708984,35.11000061035156,34.880001068115234,35.06999969482422,63700
2026-04-14 13:55:00+00:00,TOTS3.SA,35.06999969482422,35.099998474121094,34.849998474121094,34.93000030517578,40400
2026-04-14 14:00:00+00:00,TOTS3.SA,34.90999984741211,34.970001220703125,34.900001525878906,34.939998626708984,15100
2026-04-14 14:05:00+00:00,TOTS3.SA,34.95000076293945,35.029998779296875,34.869998931884766,35.029998779296875,20800
2026-04-14 14:10:00+00:00,TOTS3.SA,35.029998779296875,35.06999969482422,34.95000076293945,34.970001220703125,20200
2026-04-14 14:15:00+00:00,TOTS3.SA,34.970001220703125,34.97999954223633,34.880001068115234,34.880001068115234,13600
2026-04-14 14:20:00+00:00,TOTS3.SA,34.880001068115234,34.939998626708984,34.849998474121094,34.93000030517578,18600
2026-04-14 14:25:00+00:00,TOTS3.SA,34.93000030517578,35.040000915527344,34.90999984741211,35.02000045776367,14900
2026-04-14 14:30:00+00:00,TOTS3.SA,35.02000045776367,35.06999969482422,34.939998626708984,35.06999969482422,38100
2026-04-14 14:35:00+00:00,TOTS3.SA,35.04999923706055,35.060001373291016,34.97999954223633,34.9900016784668,122100
2026-04-14 14:40:00+00:00,TOTS3.SA,35.0,35.06999969482422,35.0,35.029998779296875,0
2026-04-14 14:45:00+00:00,TOTS3.SA,35.060001373291016,35.06999969482422,35.0,35.0099983215332,16300
2026-04-14 14:50:00+00:00,TOTS3.SA,35.0099983215332,35.029998779296875,34.939998626708984,34.9900016784668,35200
2026-04-14 14:55:00+00:00,TOTS3.SA,34.9900016784668,35.040000915527344,34.970001220703125,35.029998779296875,19400
2026-04-14 15:00:00+00:00,TOTS3.SA,35.0099983215332,35.02000045776367,34.939998626708984,34.95000076293945,15600
2026-04-14 15:05:00+00:00,TOTS3.SA,34.95000076293945,34.97999954223633,34.86000061035156,34.959999084472656,36400
2026-04-14 15:10:00+00:00,TOTS3.SA,34.959999084472656,35.0,34.93000030517578,34.959999084472656,14900
2026-04-14 15:15:00+00:00,TOTS3.SA,34.939998626708984,35.0099983215332,34.900001525878906,34.9900016784668,36700
2026-04-14 15:20:00+00:00,TOTS3.SA,34.97999954223633,35.22999954223633,34.97999954223633,35.20000076293945,121800
2026-04-14 15:25:00+00:00,TOTS3.SA,35.20000076293945,35.36000061035156,35.20000076293945,35.31999969482422,31900
2026-04-14 15:30:00+00:00,TOTS3.SA,35.31999969482422,35.38999938964844,35.31999969482422,35.36000061035156,29300
2026-04-14 15:35:00+00:00,TOTS3.SA,35.36000061035156,35.380001068115234,35.25,35.279998779296875,105400
2026-04-14 15:40:00+00:00,TOTS3.SA,35.279998779296875,35.56999969482422,35.27000045776367,35.29999923706055,172100
2026-04-14 15:45:00+00:00,TOTS3.SA,35.29999923706055,35.33000183105469,35.20000076293945,35.22999954223633,81700
2026-04-14 15:50:00+00:00,TOTS3.SA,35.22999954223633,35.349998474121094,35.22999954223633,35.279998779296875,33700
2026-04-14 15:55:00+00:00,TOTS3.SA,35.290000915527344,35.290000915527344,35.22999954223633,35.25,21500
2026-04-14 16:00:00+00:00,TOTS3.SA,35.25,35.290000915527344,35.25,35.279998779296875,27800
2026-04-14 16:05:00+00:00,TOTS3.SA,35.290000915527344,35.29999923706055,35.2400016784668,35.25,23400
2026-04-14 16:10:00+00:00,TOTS3.SA,35.25,35.2599983215332,35.15999984741211,35.15999984741211,24700
2026-04-14 16:15:00+00:00,TOTS3.SA,35.18000030517578,35.18000030517578,35.119998931884766,35.150001525878906,16000
2026-04-14 16:20:00+00:00,TOTS3.SA,35.130001068115234,35.15999984741211,35.130001068115234,35.150001525878906,11400
2026-04-14 16:25:00+00:00,TOTS3.SA,35.150001525878906,35.2400016784668,35.150001525878906,35.18000030517578,29900
2026-04-14 16:30:00+00:00,TOTS3.SA,35.18000030517578,35.20000076293945,35.119998931884766,35.18000030517578,24400
2026-04-14 16:35:00+00:00,TOTS3.SA,35.20000076293945,35.22999954223633,35.150001525878906,35.209999084472656,20500
2026-04-14 16:40:00+00:00,TOTS3.SA,35.20000076293945,35.22999954223633,35.15999984741211,35.18000030517578,17300
2026-04-14 16:45:00+00:00,TOTS3.SA,35.16999816894531,35.22999954223633,35.16999816894531,35.209999084472656,20900
2026-04-14 16:50:00+00:00,TOTS3.SA,35.220001220703125,35.2599983215332,35.20000076293945,35.2599983215332,30800
2026-04-14 16:55:00+00:00,TOTS3.SA,35.25,35.290000915527344,35.220001220703125,35.25,26300
2026-04-14 17:00:00+00:00,TOTS3.SA,35.2400016784668,35.29999923706055,35.2400016784668,35.2599983215332,31400
2026-04-14 17:05:00+00:00,TOTS3.SA,35.27000045776367,35.29999923706055,35.2599983215332,35.2599983215332,23600
2026-04-14 17:10:00+00:00,TOTS3.SA,35.2599983215332,35.310001373291016,35.2599983215332,35.290000915527344,15500
2026-04-14 17:15:00+00:00,TOTS3.SA,35.290000915527344,35.34000015258789,35.2400016784668,35.33000183105469,30400
2026-04-14 17:20:00+00:00,TOTS3.SA,35.33000183105469,35.369998931884766,35.29999923706055,35.310001373291016,23600
2026-04-14 17:25:00+00:00,TOTS3.SA,35.310001373291016,35.349998474121094,35.2599983215332,35.2599983215332,20900
2026-04-14 17:30:00+00:00,TOTS3.SA,35.27000045776367,35.310001373291016,35.220001220703125,35.25,27700
2026-04-14 17:35:00+00:00,TOTS3.SA,35.2400016784668,35.29999923706055,35.2400016784668,35.290000915527344,34000
2026-04-14 17:40:00+00:00,TOTS3.SA,35.29999923706055,35.310001373291016,35.2599983215332,35.29999923706055,22300
2026-04-14 17:45:00+00:00,TOTS3.SA,35.290000915527344,35.33000183105469,35.290000915527344,35.31999969482422,18000
2026-04-14 17:50:00+00:00,TOTS3.SA,35.31999969482422,35.33000183105469,35.27000045776367,35.27000045776367,25300
2026-04-14 17:55:00+00:00,TOTS3.SA,35.279998779296875,35.279998779296875,35.189998626708984,35.20000076293945,24800
2026-04-14 18:00:00+00:00,TOTS3.SA,35.209999084472656,35.2400016784668,35.15999984741211,35.22999954223633,32000
2026-04-14 18:05:00+00:00,TOTS3.SA,35.22999954223633,35.2400016784668,35.15999984741211,35.18000030517578,22000
2026-04-14 18:10:00+00:00,TOTS3.SA,35.189998626708984,35.189998626708984,35.029998779296875,35.04999923706055,41500
2026-04-14 18:15:00+00:00,TOTS3.SA,35.029998779296875,35.060001373291016,34.90999984741211,34.939998626708984,56900
2026-04-14 18:20:00+00:00,TOTS3.SA,34.95000076293945,34.95000076293945,34.86000061035156,34.86000061035156,24300
2026-04-14 18:25:00+00:00,TOTS3.SA,34.880001068115234,34.880001068115234,34.7400016784668,34.810001373291016,65800
2026-04-14 18:30:00+00:00,TOTS3.SA,34.79999923706055,34.84000015258789,34.77000045776367,34.779998779296875,31700
2026-04-14 18:35:00+00:00,TOTS3.SA,34.790000915527344,34.81999969482422,34.75,34.7599983215332,19700
2026-04-14 18:40:00+00:00,TOTS3.SA,34.7599983215332,34.77000045776367,34.709999084472656,34.709999084472656,14800
2026-04-14 18:45:00+00:00,TOTS3.SA,34.720001220703125,34.75,34.68000030517578,34.70000076293945,19700
2026-04-14 18:50:00+00:00,TOTS3.SA,34.709999084472656,34.720001220703125,34.650001525878906,34.68000030517578,23100
2026-04-14 18:55:00+00:00,TOTS3.SA,34.68000030517578,34.72999954223633,34.63999938964844,34.63999938964844,19300
2026-04-14 19:00:00+00:00,TOTS3.SA,34.650001525878906,34.77000045776367,34.650001525878906,34.720001220703125,34200
2026-04-14 19:05:00+00:00,TOTS3.SA,34.720001220703125,34.7599983215332,34.709999084472656,34.7400016784668,26800
2026-04-14 19:10:00+00:00,TOTS3.SA,34.720001220703125,34.7599983215332,34.709999084472656,34.709999084472656,24600
2026-04-14 19:15:00+00:00,TOTS3.SA,34.709999084472656,34.79999923706055,34.709999084472656,34.790000915527344,43600
2026-04-14 19:20:00+00:00,TOTS3.SA,34.790000915527344,34.79999923706055,34.7400016784668,34.77000045776367,33500
2026-04-14 19:25:00+00:00,TOTS3.SA,34.779998779296875,34.83000183105469,34.77000045776367,34.779998779296875,41500
2026-04-14 19:30:00+00:00,TOTS3.SA,34.77000045776367,34.83000183105469,34.75,34.7599983215332,41400
2026-04-14 19:35:00+00:00,TOTS3.SA,34.7599983215332,34.83000183105469,34.7400016784668,34.79999923706055,46500
2026-04-14 19:40:00+00:00,TOTS3.SA,34.81999969482422,34.83000183105469,34.72999954223633,34.779998779296875,71900
2026-04-14 19:45:00+00:00,TOTS3.SA,34.779998779296875,34.79999923706055,34.75,34.7599983215332,32300
2026-04-14 19:50:00+00:00,TOTS3.SA,34.77000045776367,34.810001373291016,34.7599983215332,34.7599983215332,44500
2026-04-15 13:00:00+00:00,TOTS3.SA,34.63999938964844,34.709999084472656,34.4900016784668,34.65999984741211,0
2026-04-15 13:05:00+00:00,TOTS3.SA,34.65999984741211,34.93000030517578,34.650001525878906,34.849998474121094,17700
2026-04-15 13:10:00+00:00,TOTS3.SA,34.880001068115234,34.959999084472656,34.849998474121094,34.939998626708984,16700
2026-04-15 13:15:00+00:00,TOTS3.SA,34.91999816894531,34.97999954223633,34.88999938964844,34.959999084472656,21700
2026-04-15 13:20:00+00:00,TOTS3.SA,34.959999084472656,35.099998474121094,34.959999084472656,35.060001373291016,26900
2026-04-15 13:25:00+00:00,TOTS3.SA,35.029998779296875,35.18000030517578,35.029998779296875,35.18000030517578,14700
2026-04-15 13:30:00+00:00,TOTS3.SA,35.13999938964844,35.52000045776367,35.08000183105469,35.5099983215332,42200
2026-04-15 13:35:00+00:00,TOTS3.SA,35.5099983215332,35.63999938964844,35.439998626708984,35.540000915527344,59100
2026-04-15 13:40:00+00:00,TOTS3.SA,35.560001373291016,35.56999969482422,35.349998474121094,35.369998931884766,55200
2026-04-15 13:45:00+00:00,TOTS3.SA,35.400001525878906,35.47999954223633,35.290000915527344,35.43000030517578,31000
2026-04-15 13:50:00+00:00,TOTS3.SA,35.45000076293945,35.5,35.349998474121094,35.400001525878906,27400
2026-04-15 13:55:00+00:00,TOTS3.SA,35.400001525878906,35.5,35.400001525878906,35.439998626708984,25100
2026-04-15 14:00:00+00:00,TOTS3.SA,35.439998626708984,35.599998474121094,35.439998626708984,35.459999084472656,40000
2026-04-15 14:05:00+00:00,TOTS3.SA,35.45000076293945,35.5,35.36000061035156,35.439998626708984,30000
2026-04-15 14:10:00+00:00,TOTS3.SA,35.41999816894531,35.52000045776367,35.41999816894531,35.52000045776367,18600
2026-04-15 14:15:00+00:00,TOTS3.SA,35.529998779296875,35.599998474121094,35.31999969482422,35.400001525878906,107500
2026-04-15 14:20:00+00:00,TOTS3.SA,35.40999984741211,35.470001220703125,35.349998474121094,35.43000030517578,41400
2026-04-15 14:25:00+00:00,TOTS3.SA,35.439998626708984,35.470001220703125,35.380001068115234,35.45000076293945,275700
2026-04-15 14:30:00+00:00,TOTS3.SA,35.45000076293945,35.45000076293945,35.33000183105469,35.400001525878906,25700
2026-04-15 14:35:00+00:00,TOTS3.SA,35.40999984741211,35.45000076293945,35.290000915527344,35.31999969482422,26600
2026-04-15 14:40:00+00:00,TOTS3.SA,35.33000183105469,35.349998474121094,35.290000915527344,35.290000915527344,16300
2026-04-15 14:45:00+00:00,TOTS3.SA,35.310001373291016,35.369998931884766,35.290000915527344,35.34000015258789,17100
2026-04-15 14:50:00+00:00,TOTS3.SA,35.34000015258789,35.400001525878906,35.290000915527344,35.33000183105469,58400
2026-04-15 14:55:00+00:00,TOTS3.SA,35.349998474121094,35.400001525878906,35.33000183105469,35.400001525878906,15700
2026-04-15 15:00:00+00:00,TOTS3.SA,35.400001525878906,35.5099983215332,35.38999938964844,35.41999816894531,37800
2026-04-15 15:05:00+00:00,TOTS3.SA,35.41999816894531,35.4900016784668,35.15999984741211,35.15999984741211,76200
2026-04-15 15:10:00+00:00,TOTS3.SA,35.16999816894531,35.290000915527344,35.150001525878906,35.290000915527344,34600
2026-04-15 15:15:00+00:00,TOTS3.SA,35.279998779296875,35.290000915527344,35.209999084472656,35.25,19200
2026-04-15 15:20:00+00:00,TOTS3.SA,35.25,35.33000183105469,35.189998626708984,35.29999923706055,41700
2026-04-15 15:25:00+00:00,TOTS3.SA,35.290000915527344,35.31999969482422,35.15999984741211,35.20000076293945,30800
2026-04-15 15:30:00+00:00,TOTS3.SA,35.20000076293945,35.209999084472656,35.119998931884766,35.20000076293945,23200
2026-04-15 15:35:00+00:00,TOTS3.SA,35.20000076293945,35.220001220703125,35.15999984741211,35.220001220703125,18100
2026-04-15 15:40:00+00:00,TOTS3.SA,35.220001220703125,35.22999954223633,35.09000015258789,35.11000061035156,26500
2026-04-15 15:45:00+00:00,TOTS3.SA,35.119998931884766,35.150001525878906,35.06999969482422,35.11000061035156,41900
2026-04-15 15:50:00+00:00,TOTS3.SA,35.11000061035156,35.150001525878906,35.06999969482422,35.11000061035156,24300
2026-04-15 15:55:00+00:00,TOTS3.SA,35.099998474121094,35.15999984741211,35.099998474121094,35.150001525878906,47000
2026-04-15 16:00:00+00:00,TOTS3.SA,35.16999816894531,35.20000076293945,35.11000061035156,35.130001068115234,25400
2026-04-15 16:05:00+00:00,TOTS3.SA,35.13999938964844,35.189998626708984,35.130001068115234,35.15999984741211,11600
2026-04-15 16:10:00+00:00,TOTS3.SA,35.16999816894531,35.18000030517578,35.119998931884766,35.150001525878906,26000
2026-04-15 16:15:00+00:00,TOTS3.SA,35.13999938964844,35.150001525878906,35.119998931884766,35.130001068115234,15900
2026-04-15 16:20:00+00:00,TOTS3.SA,35.119998931884766,35.209999084472656,35.119998931884766,35.209999084472656,23400
2026-04-15 16:25:00+00:00,TOTS3.SA,35.209999084472656,35.209999084472656,35.18000030517578,35.18000030517578,23500
2026-04-15 16:30:00+00:00,TOTS3.SA,35.18000030517578,35.20000076293945,35.13999938964844,35.13999938964844,17900
2026-04-15 16:35:00+00:00,TOTS3.SA,35.13999938964844,35.150001525878906,35.11000061035156,35.119998931884766,17100
2026-04-15 16:40:00+00:00,TOTS3.SA,35.119998931884766,35.130001068115234,35.040000915527344,35.040000915527344,21000
2026-04-15 16:45:00+00:00,TOTS3.SA,35.040000915527344,35.06999969482422,35.02000045776367,35.04999923706055,24900
2026-04-15 16:50:00+00:00,TOTS3.SA,35.040000915527344,35.08000183105469,34.90999984741211,35.0,106200
2026-04-15 16:55:00+00:00,TOTS3.SA,34.9900016784668,35.040000915527344,34.97999954223633,35.02000045776367,62400
2026-04-15 17:00:00+00:00,TOTS3.SA,35.02000045776367,35.099998474121094,35.02000045776367,35.06999969482422,59600
2026-04-15 17:05:00+00:00,TOTS3.SA,35.06999969482422,35.119998931884766,35.06999969482422,35.099998474121094,23700
2026-04-15 17:10:00+00:00,TOTS3.SA,35.099998474121094,35.150001525878906,35.06999969482422,35.09000015258789,35500
2026-04-15 17:15:00+00:00,TOTS3.SA,35.09000015258789,35.15999984741211,35.09000015258789,35.13999938964844,26000
2026-04-15 17:20:00+00:00,TOTS3.SA,35.13999938964844,35.18000030517578,35.099998474121094,35.13999938964844,43200
2026-04-15 17:25:00+00:00,TOTS3.SA,35.150001525878906,35.150001525878906,35.119998931884766,35.119998931884766,21600
2026-04-15 17:30:00+00:00,TOTS3.SA,35.130001068115234,35.130001068115234,35.09000015258789,35.119998931884766,36100
2026-04-15 17:35:00+00:00,TOTS3.SA,35.119998931884766,35.18000030517578,35.11000061035156,35.150001525878906,38700
2026-04-15 17:40:00+00:00,TOTS3.SA,35.150001525878906,35.15999984741211,35.08000183105469,35.09000015258789,40800
2026-04-15 17:45:00+00:00,TOTS3.SA,35.09000015258789,35.13999938964844,35.09000015258789,35.11000061035156,36700
2026-04-15 17:50:00+00:00,TOTS3.SA,35.11000061035156,35.150001525878906,35.09000015258789,35.150001525878906,36100
2026-04-15 17:55:00+00:00,TOTS3.SA,35.150001525878906,35.22999954223633,35.150001525878906,35.15999984741211,41900
2026-04-15 18:00:00+00:00,TOTS3.SA,35.15999984741211,35.22999954223633,35.13999938964844,35.16999816894531,48200
2026-04-15 18:05:00+00:00,TOTS3.SA,35.16999816894531,35.27000045776367,35.16999816894531,35.2599983215332,51400
2026-04-15 18:10:00+00:00,TOTS3.SA,35.25,35.34000015258789,35.25,35.29999923706055,69600
2026-04-15 18:15:00+00:00,TOTS3.SA,35.29999923706055,35.31999969482422,35.209999084472656,35.22999954223633,63500
2026-04-15 18:20:00+00:00,TOTS3.SA,35.22999954223633,35.2400016784668,35.16999816894531,35.20000076293945,45900
2026-04-15 18:25:00+00:00,TOTS3.SA,35.20000076293945,35.220001220703125,35.150001525878906,35.20000076293945,42000
2026-04-15 18:30:00+00:00,TOTS3.SA,35.20000076293945,35.25,35.20000076293945,35.25,38600
2026-04-15 18:35:00+00:00,TOTS3.SA,35.22999954223633,35.2599983215332,35.20000076293945,35.22999954223633,41000
2026-04-15 18:40:00+00:00,TOTS3.SA,35.22999954223633,35.290000915527344,35.209999084472656,35.279998779296875,48900
2026-04-15 18:45:00+00:00,TOTS3.SA,35.27000045776367,35.310001373291016,35.2400016784668,35.310001373291016,66100
2026-04-15 18:50:00+00:00,TOTS3.SA,35.29999923706055,35.630001068115234,35.29999923706055,35.40999984741211,370900
2026-04-15 18:55:00+00:00,TOTS3.SA,35.40999984741211,35.439998626708984,35.34000015258789,35.400001525878906,86000
2026-04-15 19:00:00+00:00,TOTS3.SA,35.38999938964844,35.400001525878906,35.31999969482422,35.34000015258789,67800
2026-04-15 19:05:00+00:00,TOTS3.SA,35.34000015258789,35.459999084472656,35.31999969482422,35.31999969482422,81000
2026-04-15 19:10:00+00:00,TOTS3.SA,35.31999969482422,35.380001068115234,35.29999923706055,35.310001373291016,87100
2026-04-15 19:15:00+00:00,TOTS3.SA,35.310001373291016,35.43000030517578,35.310001373291016,35.400001525878906,57300
2026-04-15 19:20:00+00:00,TOTS3.SA,35.40999984741211,35.43000030517578,35.33000183105469,35.34000015258789,82300
2026-04-15 19:25:00+00:00,TOTS3.SA,35.34000015258789,35.36000061035156,35.2599983215332,35.279998779296875,49800
2026-04-15 19:30:00+00:00,TOTS3.SA,35.27000045776367,35.29999923706055,35.2599983215332,35.290000915527344,62300
2026-04-15 19:35:00+00:00,TOTS3.SA,35.29999923706055,35.36000061035156,35.290000915527344,35.33000183105469,59700
2026-04-15 19:40:00+00:00,TOTS3.SA,35.33000183105469,35.34000015258789,35.290000915527344,35.33000183105469,47100
2026-04-15 19:45:00+00:00,TOTS3.SA,35.31999969482422,35.349998474121094,35.310001373291016,35.33000183105469,62100
2026-04-15 19:50:00+00:00,TOTS3.SA,35.33000183105469,35.4900016784668,35.31999969482422,35.36000061035156,58300
2026-04-16 13:00:00+00:00,TOTS3.SA,35.5,35.79999923706055,35.380001068115234,35.650001525878906,0
2026-04-16 13:05:00+00:00,TOTS3.SA,35.66999816894531,35.849998474121094,35.58000183105469,35.81999969482422,42500
2026-04-16 13:10:00+00:00,TOTS3.SA,35.779998779296875,35.959999084472656,35.560001373291016,35.63999938964844,50200
2026-04-16 13:15:00+00:00,TOTS3.SA,35.63999938964844,35.779998779296875,35.630001068115234,35.72999954223633,24400
2026-04-16 13:20:00+00:00,TOTS3.SA,35.720001220703125,35.779998779296875,35.689998626708984,35.689998626708984,10500
2026-04-16 13:25:00+00:00,TOTS3.SA,35.66999816894531,35.70000076293945,35.630001068115234,35.66999816894531,10400
2026-04-16 13:30:00+00:00,TOTS3.SA,35.66999816894531,35.68000030517578,35.560001373291016,35.65999984741211,35700
2026-04-16 13:35:00+00:00,TOTS3.SA,35.650001525878906,35.810001373291016,35.630001068115234,35.790000915527344,62600
2026-04-16 13:40:00+00:00,TOTS3.SA,35.7599983215332,35.79999923706055,35.68000030517578,35.689998626708984,28300
2026-04-16 13:45:00+00:00,TOTS3.SA,35.68000030517578,35.75,35.56999969482422,35.75,28000
2026-04-16 13:50:00+00:00,TOTS3.SA,35.77000045776367,35.790000915527344,35.59000015258789,35.630001068115234,70700
2026-04-16 13:55:00+00:00,TOTS3.SA,35.63999938964844,35.68000030517578,35.59000015258789,35.65999984741211,29000
2026-04-16 14:00:00+00:00,TOTS3.SA,35.650001525878906,35.720001220703125,35.599998474121094,35.65999984741211,33300
2026-04-16 14:05:00+00:00,TOTS3.SA,35.65999984741211,35.7599983215332,35.619998931884766,35.720001220703125,89400
2026-04-16 14:10:00+00:00,TOTS3.SA,35.70000076293945,35.7599983215332,35.630001068115234,35.68000030517578,58100
2026-04-16 14:15:00+00:00,TOTS3.SA,35.70000076293945,35.709999084472656,35.560001373291016,35.650001525878906,47000
2026-04-16 14:20:00+00:00,TOTS3.SA,35.650001525878906,35.70000076293945,35.36000061035156,35.36000061035156,62500
2026-04-16 14:25:00+00:00,TOTS3.SA,35.36000061035156,35.43000030517578,35.36000061035156,35.40999984741211,18100
2026-04-16 14:30:00+00:00,TOTS3.SA,35.400001525878906,35.41999816894531,35.33000183105469,35.41999816894531,32000
2026-04-16 14:35:00+00:00,TOTS3.SA,35.400001525878906,35.5,35.38999938964844,35.459999084472656,17100
2026-04-16 14:40:00+00:00,TOTS3.SA,35.459999084472656,35.459999084472656,35.38999938964844,35.459999084472656,21300
2026-04-16 14:45:00+00:00,TOTS3.SA,35.459999084472656,35.5099983215332,35.36000061035156,35.36000061035156,100800
2026-04-16 14:50:00+00:00,TOTS3.SA,35.36000061035156,35.369998931884766,35.220001220703125,35.349998474121094,24000
2026-04-16 14:55:00+00:00,TOTS3.SA,35.369998931884766,35.369998931884766,35.27000045776367,35.310001373291016,9700
2026-04-16 15:00:00+00:00,TOTS3.SA,35.310001373291016,35.369998931884766,35.290000915527344,35.29999923706055,17300
2026-04-16 15:05:00+00:00,TOTS3.SA,35.279998779296875,35.4900016784668,35.279998779296875,35.43000030517578,126900
2026-04-16 15:10:00+00:00,TOTS3.SA,35.43000030517578,35.58000183105469,35.43000030517578,35.58000183105469,17800
2026-04-16 15:15:00+00:00,TOTS3.SA,35.58000183105469,35.689998626708984,35.529998779296875,35.63999938964844,135300
2026-04-16 15:20:00+00:00,TOTS3.SA,35.63999938964844,35.90999984741211,35.529998779296875,35.84000015258789,229700
2026-04-16 15:25:00+00:00,TOTS3.SA,35.83000183105469,35.9900016784668,35.79999923706055,35.79999923706055,143500
2026-04-16 15:30:00+00:00,TOTS3.SA,35.790000915527344,35.810001373291016,35.7599983215332,35.790000915527344,19500
2026-04-16 15:35:00+00:00,TOTS3.SA,35.790000915527344,35.849998474121094,35.779998779296875,35.79999923706055,18500
2026-04-16 15:40:00+00:00,TOTS3.SA,35.779998779296875,35.779998779296875,35.68000030517578,35.720001220703125,14700
2026-04-16 15:45:00+00:00,TOTS3.SA,35.72999954223633,35.72999954223633,35.650001525878906,35.65999984741211,12000
2026-04-16 15:50:00+00:00,TOTS3.SA,35.65999984741211,35.72999954223633,35.619998931884766,35.65999984741211,11800
2026-04-16 15:55:00+00:00,TOTS3.SA,35.65999984741211,35.709999084472656,35.59000015258789,35.599998474121094,41500
2026-04-16 16:00:00+00:00,TOTS3.SA,35.59000015258789,35.709999084472656,35.59000015258789,35.709999084472656,22900
2026-04-16 16:05:00+00:00,TOTS3.SA,35.709999084472656,35.7400016784668,35.65999984741211,35.72999954223633,19300
2026-04-16 16:10:00+00:00,TOTS3.SA,35.72999954223633,35.72999954223633,35.66999816894531,35.689998626708984,24100
2026-04-16 16:15:00+00:00,TOTS3.SA,35.70000076293945,35.70000076293945,35.68000030517578,35.68000030517578,15200
2026-04-16 16:20:00+00:00,TOTS3.SA,35.66999816894531,35.68000030517578,35.63999938964844,35.63999938964844,25800
2026-04-16 16:25:00+00:00,TOTS3.SA,35.650001525878906,35.650001525878906,35.59000015258789,35.59000015258789,13000
2026-04-16 16:30:00+00:00,TOTS3.SA,35.59000015258789,35.59000015258789,35.47999954223633,35.540000915527344,73800
2026-04-16 16:35:00+00:00,TOTS3.SA,35.529998779296875,35.54999923706055,35.52000045776367,35.54999923706055,31000
2026-04-16 16:40:00+00:00,TOTS3.SA,35.540000915527344,35.54999923706055,35.52000045776367,35.529998779296875,13800
2026-04-16 16:45:00+00:00,TOTS3.SA,35.540000915527344,35.540000915527344,35.31999969482422,35.31999969482422,56100
2026-04-16 16:50:00+00:00,TOTS3.SA,35.31999969482422,35.380001068115234,35.29999923706055,35.33000183105469,37600
2026-04-16 16:55:00+00:00,TOTS3.SA,35.33000183105469,35.34000015258789,35.27000045776367,35.279998779296875,10300
2026-04-16 17:00:00+00:00,TOTS3.SA,35.279998779296875,35.290000915527344,35.20000076293945,35.20000076293945,22000
2026-04-16 17:05:00+00:00,TOTS3.SA,35.20000076293945,35.22999954223633,35.150001525878906,35.22999954223633,30600
2026-04-16 17:10:00+00:00,TOTS3.SA,35.22999954223633,35.22999954223633,35.20000076293945,35.20000076293945,16500
2026-04-16 17:15:00+00:00,TOTS3.SA,35.20000076293945,35.290000915527344,35.189998626708984,35.220001220703125,36300
2026-04-16 17:20:00+00:00,TOTS3.SA,35.209999084472656,35.27000045776367,35.20000076293945,35.27000045776367,18000
2026-04-16 17:25:00+00:00,TOTS3.SA,35.27000045776367,35.279998779296875,35.18000030517578,35.18000030517578,14500
2026-04-16 17:30:00+00:00,TOTS3.SA,35.189998626708984,35.25,35.15999984741211,35.22999954223633,33900
2026-04-16 17:35:00+00:00,TOTS3.SA,35.220001220703125,35.220001220703125,35.16999816894531,35.189998626708984,14800
2026-04-16 17:40:00+00:00,TOTS3.SA,35.18000030517578,35.2400016784668,35.18000030517578,35.189998626708984,11300
2026-04-16 17:45:00+00:00,TOTS3.SA,35.189998626708984,35.20000076293945,35.15999984741211,35.189998626708984,13600
2026-04-16 17:50:00+00:00,TOTS3.SA,35.18000030517578,35.25,35.18000030517578,35.25,17100
2026-04-16 17:55:00+00:00,TOTS3.SA,35.2400016784668,35.2400016784668,35.0099983215332,35.029998779296875,178700
2026-04-16 18:00:00+00:00,TOTS3.SA,35.029998779296875,35.099998474121094,34.95000076293945,35.099998474121094,44500
2026-04-16 18:05:00+00:00,TOTS3.SA,35.099998474121094,35.11000061035156,34.970001220703125,34.9900016784668,19400
2026-04-16 18:10:00+00:00,TOTS3.SA,34.97999954223633,35.0099983215332,34.970001220703125,34.97999954223633,35700
2026-04-16 18:15:00+00:00,TOTS3.SA,34.970001220703125,34.970001220703125,34.86000061035156,34.86000061035156,16600
2026-04-16 18:20:00+00:00,TOTS3.SA,34.869998931884766,34.900001525878906,34.83000183105469,34.84000015258789,27800
2026-04-16 18:25:00+00:00,TOTS3.SA,34.84000015258789,34.849998474121094,34.810001373291016,34.83000183105469,18500
2026-04-16 18:30:00+00:00,TOTS3.SA,34.83000183105469,34.83000183105469,34.77000045776367,34.83000183105469,28400
2026-04-16 18:35:00+00:00,TOTS3.SA,34.84000015258789,34.880001068115234,34.79999923706055,34.869998931884766,36400
2026-04-16 18:40:00+00:00,TOTS3.SA,34.880001068115234,34.880001068115234,34.7400016784668,34.7400016784668,42300
2026-04-16 18:45:00+00:00,TOTS3.SA,34.7400016784668,34.75,34.689998626708984,34.7400016784668,34600
2026-04-16 18:50:00+00:00,TOTS3.SA,34.7400016784668,34.83000183105469,34.709999084472656,34.709999084472656,45800
2026-04-16 18:55:00+00:00,TOTS3.SA,34.709999084472656,34.72999954223633,34.650001525878906,34.709999084472656,51100
2026-04-16 19:00:00+00:00,TOTS3.SA,34.709999084472656,34.810001373291016,34.689998626708984,34.790000915527344,38500
2026-04-16 19:05:00+00:00,TOTS3.SA,34.79999923706055,34.84000015258789,34.7400016784668,34.7400016784668,34100
2026-04-16 19:10:00+00:00,TOTS3.SA,34.75,34.790000915527344,34.70000076293945,34.70000076293945,26200
2026-04-16 19:15:00+00:00,TOTS3.SA,34.689998626708984,34.709999084472656,34.459999084472656,34.529998779296875,218300
2026-04-16 19:20:00+00:00,TOTS3.SA,34.52000045776367,34.58000183105469,34.47999954223633,34.54999923706055,83400
2026-04-16 19:25:00+00:00,TOTS3.SA,34.560001373291016,34.63999938964844,34.540000915527344,34.54999923706055,115800
2026-04-16 19:30:00+00:00,TOTS3.SA,34.54999923706055,34.63999938964844,34.540000915527344,34.58000183105469,72200
2026-04-16 19:35:00+00:00,TOTS3.SA,34.58000183105469,34.61000061035156,34.56999969482422,34.58000183105469,35500
2026-04-16 19:40:00+00:00,TOTS3.SA,34.59000015258789,34.63999938964844,34.58000183105469,34.61000061035156,41700
2026-04-16 19:45:00+00:00,TOTS3.SA,34.599998474121094,34.63999938964844,34.56999969482422,34.61000061035156,41900
2026-04-16 19:50:00+00:00,TOTS3.SA,34.63999938964844,34.66999816894531,34.61000061035156,34.61000061035156,31300
2026-04-17 13:10:00+00:00,TOTS3.SA,35.5,35.9900016784668,35.5,35.93000030517578,50000
2026-04-17 13:15:00+00:00,TOTS3.SA,35.939998626708984,36.08000183105469,35.84000015258789,35.869998931884766,83300
2026-04-17 13:20:00+00:00,TOTS3.SA,35.84000015258789,35.91999816894531,35.63999938964844,35.68000030517578,42300
2026-04-17 13:25:00+00:00,TOTS3.SA,35.70000076293945,35.83000183105469,35.66999816894531,35.720001220703125,36100
2026-04-17 13:30:00+00:00,TOTS3.SA,35.7400016784668,35.79999923706055,35.54999923706055,35.75,105600
2026-04-17 13:35:00+00:00,TOTS3.SA,35.779998779296875,35.849998474121094,35.66999816894531,35.689998626708984,67400
2026-04-17 13:40:00+00:00,TOTS3.SA,35.689998626708984,35.849998474121094,35.630001068115234,35.779998779296875,80700
2026-04-17 13:45:00+00:00,TOTS3.SA,35.79999923706055,35.86000061035156,35.709999084472656,35.84000015258789,67800
2026-04-17 13:50:00+00:00,TOTS3.SA,35.84000015258789,35.97999954223633,35.83000183105469,35.869998931884766,63500
2026-04-17 13:55:00+00:00,TOTS3.SA,35.869998931884766,35.970001220703125,35.86000061035156,35.880001068115234,49800
2026-04-17 14:00:00+00:00,TOTS3.SA,35.869998931884766,36.16999816894531,35.83000183105469,36.099998474121094,55900
2026-04-17 14:05:00+00:00,TOTS3.SA,36.099998474121094,36.189998626708984,36.04999923706055,36.11000061035156,30500
2026-04-17 14:10:00+00:00,TOTS3.SA,36.09000015258789,36.150001525878906,36.0099983215332,36.04999923706055,21100
2026-04-17 14:15:00+00:00,TOTS3.SA,36.029998779296875,36.060001373291016,35.939998626708984,35.959999084472656,34500
2026-04-17 14:20:00+00:00,TOTS3.SA,35.959999084472656,36.0,35.900001525878906,35.970001220703125,40700
2026-04-17 14:25:00+00:00,TOTS3.SA,35.970001220703125,35.9900016784668,35.77000045776367,35.849998474121094,153900
2026-04-17 14:30:00+00:00,TOTS3.SA,35.83000183105469,36.130001068115234,35.7599983215332,36.0099983215332,273700
2026-04-17 14:35:00+00:00,TOTS3.SA,36.0099983215332,36.09000015258789,35.939998626708984,36.02000045776367,37500
2026-04-17 14:40:00+00:00,TOTS3.SA,36.04999923706055,36.099998474121094,36.0,36.06999969482422,15700
2026-04-17 14:45:00+00:00,TOTS3.SA,36.09000015258789,36.13999938964844,36.0,36.09000015258789,33800
2026-04-17 14:50:00+00:00,TOTS3.SA,36.11000061035156,36.13999938964844,36.06999969482422,36.119998931884766,128500
2026-04-17 14:55:00+00:00,TOTS3.SA,36.119998931884766,36.18000030517578,36.099998474121094,36.13999938964844,41800
2026-04-17 15:00:00+00:00,TOTS3.SA,36.13999938964844,36.40999984741211,36.13999938964844,36.220001220703125,280200
2026-04-17 15:05:00+00:00,TOTS3.SA,36.25,36.2599983215332,36.130001068115234,36.2400016784668,63400
2026-04-17 15:10:00+00:00,TOTS3.SA,36.2400016784668,36.2400016784668,36.06999969482422,36.18000030517578,81000
2026-04-17 15:15:00+00:00,TOTS3.SA,36.20000076293945,36.25,36.16999816894531,36.209999084472656,67200
2026-04-17 15:20:00+00:00,TOTS3.SA,36.20000076293945,36.29999923706055,36.189998626708984,36.279998779296875,32200
2026-04-17 15:25:00+00:00,TOTS3.SA,36.27000045776367,36.380001068115234,36.209999084472656,36.220001220703125,69900
2026-04-17 15:30:00+00:00,TOTS3.SA,36.2400016784668,36.349998474121094,36.220001220703125,36.34000015258789,40000
2026-04-17 15:35:00+00:00,TOTS3.SA,36.31999969482422,36.34000015258789,36.22999954223633,36.33000183105469,39000
2026-04-17 15:40:00+00:00,TOTS3.SA,36.349998474121094,36.400001525878906,36.279998779296875,36.310001373291016,56300
2026-04-17 15:45:00+00:00,TOTS3.SA,36.29999923706055,36.439998626708984,36.27000045776367,36.41999816894531,92800
2026-04-17 15:50:00+00:00,TOTS3.SA,36.38999938964844,36.40999984741211,36.36000061035156,36.400001525878906,27300
2026-04-17 15:55:00+00:00,TOTS3.SA,36.38999938964844,36.400001525878906,36.29999923706055,36.380001068115234,46300
2026-04-17 16:00:00+00:00,TOTS3.SA,36.380001068115234,36.38999938964844,36.29999923706055,36.34000015258789,29700
2026-04-17 16:05:00+00:00,TOTS3.SA,36.349998474121094,36.380001068115234,36.16999816894531,36.29999923706055,207900
2026-04-17 16:10:00+00:00,TOTS3.SA,36.310001373291016,36.41999816894531,36.279998779296875,36.33000183105469,109700
2026-04-17 16:15:00+00:00,TOTS3.SA,36.34000015258789,36.34000015258789,36.209999084472656,36.25,39800
2026-04-17 16:20:00+00:00,TOTS3.SA,36.2400016784668,36.38999938964844,36.220001220703125,36.31999969482422,276300
2026-04-17 16:25:00+00:00,TOTS3.SA,36.29999923706055,36.31999969482422,36.20000076293945,36.20000076293945,284600
2026-04-17 16:30:00+00:00,TOTS3.SA,36.20000076293945,36.25,36.04999923706055,36.04999923706055,89300
2026-04-17 16:35:00+00:00,TOTS3.SA,36.06999969482422,36.150001525878906,36.0099983215332,36.150001525878906,607500
2026-04-17 16:40:00+00:00,TOTS3.SA,36.13999938964844,36.16999816894531,36.040000915527344,36.040000915527344,45400
2026-04-17 16:45:00+00:00,TOTS3.SA,36.040000915527344,36.29999923706055,35.97999954223633,36.029998779296875,0
2026-04-17 16:50:00+00:00,TOTS3.SA,36.029998779296875,36.029998779296875,35.9900016784668,36.029998779296875,38200
2026-04-17 16:55:00+00:00,TOTS3.SA,36.0099983215332,36.08000183105469,36.0099983215332,36.060001373291016,25800
2026-04-17 17:00:00+00:00,TOTS3.SA,36.060001373291016,36.099998474121094,36.029998779296875,36.08000183105469,27600
2026-04-17 17:05:00+00:00,TOTS3.SA,36.08000183105469,36.08000183105469,35.95000076293945,36.0,68900
2026-04-17 17:10:00+00:00,TOTS3.SA,36.0099983215332,36.0099983215332,35.91999816894531,35.95000076293945,70500
2026-04-17 17:15:00+00:00,TOTS3.SA,35.939998626708984,35.9900016784668,35.869998931884766,35.88999938964844,61600
2026-04-17 17:20:00+00:00,TOTS3.SA,35.880001068115234,35.93000030517578,35.790000915527344,35.81999969482422,35900
2026-04-17 17:25:00+00:00,TOTS3.SA,35.81999969482422,35.84000015258789,35.7599983215332,35.790000915527344,39200
2026-04-17 17:30:00+00:00,TOTS3.SA,35.810001373291016,35.810001373291016,35.689998626708984,35.689998626708984,37100
2026-04-17 17:35:00+00:00,TOTS3.SA,35.70000076293945,35.72999954223633,35.68000030517578,35.720001220703125,14400
2026-04-17 17:40:00+00:00,TOTS3.SA,35.720001220703125,35.75,35.66999816894531,35.72999954223633,50200
2026-04-17 17:45:00+00:00,TOTS3.SA,35.709999084472656,35.790000915527344,35.599998474121094,35.630001068115234,34800
2026-04-17 17:50:00+00:00,TOTS3.SA,35.61000061035156,35.84000015258789,35.61000061035156,35.7400016784668,126100
2026-04-17 17:55:00+00:00,TOTS3.SA,35.720001220703125,35.77000045776367,35.689998626708984,35.7400016784668,59400
2026-04-17 18:00:00+00:00,TOTS3.SA,35.7400016784668,35.75,35.63999938964844,35.63999938964844,34600
2026-04-17 18:05:00+00:00,TOTS3.SA,35.650001525878906,35.689998626708984,35.540000915527344,35.560001373291016,42400
2026-04-17 18:10:00+00:00,TOTS3.SA,35.56999969482422,35.56999969482422,35.459999084472656,35.4900016784668,55100
2026-04-17 18:15:00+00:00,TOTS3.SA,35.4900016784668,35.58000183105469,35.47999954223633,35.5099983215332,52900
2026-04-17 18:20:00+00:00,TOTS3.SA,35.5099983215332,35.5099983215332,35.41999816894531,35.45000076293945,29100
2026-04-17 18:25:00+00:00,TOTS3.SA,35.45000076293945,35.4900016784668,35.41999816894531,35.459999084472656,38600
2026-04-17 18:30:00+00:00,TOTS3.SA,35.470001220703125,35.5,35.43000030517578,35.5,43800
2026-04-17 18:35:00+00:00,TOTS3.SA,35.4900016784668,35.4900016784668,35.40999984741211,35.41999816894531,13500
2026-04-17 18:40:00+00:00,TOTS3.SA,35.41999816894531,35.470001220703125,35.380001068115234,35.400001525878906,27600
2026-04-17 18:45:00+00:00,TOTS3.SA,35.400001525878906,35.43000030517578,35.33000183105469,35.43000030517578,19400
2026-04-17 18:50:00+00:00,TOTS3.SA,35.43000030517578,35.439998626708984,35.31999969482422,35.31999969482422,18200
2026-04-17 18:55:00+00:00,TOTS3.SA,35.349998474121094,35.47999954223633,35.310001373291016,35.470001220703125,25300
2026-04-17 19:00:00+00:00,TOTS3.SA,35.470001220703125,35.58000183105469,35.45000076293945,35.5099983215332,59200
2026-04-17 19:05:00+00:00,TOTS3.SA,35.5099983215332,35.54999923706055,35.459999084472656,35.5099983215332,44000
2026-04-17 19:10:00+00:00,TOTS3.SA,35.5099983215332,35.54999923706055,35.47999954223633,35.4900016784668,43700
2026-04-17 19:15:00+00:00,TOTS3.SA,35.47999954223633,35.86000061035156,35.47999954223633,35.66999816894531,253000
2026-04-17 19:20:00+00:00,TOTS3.SA,35.63999938964844,35.650001525878906,35.52000045776367,35.619998931884766,136500
2026-04-17 19:25:00+00:00,TOTS3.SA,35.619998931884766,35.619998931884766,35.5,35.529998779296875,91600
2026-04-17 19:30:00+00:00,TOTS3.SA,35.540000915527344,35.619998931884766,35.5,35.56999969482422,71900
2026-04-17 19:35:00+00:00,TOTS3.SA,35.58000183105469,35.66999816894531,35.54999923706055,35.59000015258789,109700
2026-04-17 19:40:00+00:00,TOTS3.SA,35.599998474121094,35.65999984741211,35.560001373291016,35.599998474121094,88400
2026-04-17 19:45:00+00:00,TOTS3.SA,35.599998474121094,35.66999816894531,35.599998474121094,35.650001525878906,110900
2026-04-17 19:50:00+00:00,TOTS3.SA,35.650001525878906,35.7599983215332,35.54999923706055,35.599998474121094,99100
2026-04-20 13:05:00+00:00,TOTS3.SA,35.439998626708984,35.45000076293945,35.40999984741211,35.45000076293945,0
2026-04-20 13:10:00+00:00,TOTS3.SA,35.40999984741211,35.529998779296875,35.310001373291016,35.40999984741211,20600
2026-04-20 13:15:00+00:00,TOTS3.SA,35.38999938964844,35.75,35.36000061035156,35.56999969482422,147000
2026-04-20 13:20:00+00:00,TOTS3.SA,35.56999969482422,35.650001525878906,35.529998779296875,35.58000183105469,254900
2026-04-20 13:25:00+00:00,TOTS3.SA,35.56999969482422,35.65999984741211,35.54999923706055,35.630001068115234,87100
2026-04-20 13:30:00+00:00,TOTS3.SA,35.650001525878906,35.79999923706055,35.58000183105469,35.77000045776367,111000
2026-04-20 13:35:00+00:00,TOTS3.SA,35.77000045776367,35.84000015258789,35.63999938964844,35.63999938964844,47000
2026-04-20 13:40:00+00:00,TOTS3.SA,35.650001525878906,35.70000076293945,35.439998626708984,35.5099983215332,32600
2026-04-20 13:45:00+00:00,TOTS3.SA,35.5,35.5,35.40999984741211,35.41999816894531,30500
2026-04-20 13:50:00+00:00,TOTS3.SA,35.43000030517578,35.540000915527344,35.38999938964844,35.4900016784668,33600
2026-04-20 13:55:00+00:00,TOTS3.SA,35.4900016784668,35.560001373291016,35.4900016784668,35.52000045776367,24900
2026-04-20 14:00:00+00:00,TOTS3.SA,35.5099983215332,35.5099983215332,35.349998474121094,35.38999938964844,33100
2026-04-20 14:05:00+00:00,TOTS3.SA,35.369998931884766,35.41999816894531,35.2400016784668,35.279998779296875,59400
2026-04-20 14:10:00+00:00,TOTS3.SA,35.279998779296875,35.38999938964844,35.2400016784668,35.380001068115234,31100
2026-04-20 14:15:00+00:00,TOTS3.SA,35.36000061035156,35.38999938964844,35.29999923706055,35.380001068115234,34500
2026-04-20 14:20:00+00:00,TOTS3.SA,35.369998931884766,35.380001068115234,35.25,35.2599983215332,28800
2026-04-20 14:25:00+00:00,TOTS3.SA,35.279998779296875,35.290000915527344,34.83000183105469,34.869998931884766,106400
2026-04-20 14:30:00+00:00,TOTS3.SA,34.869998931884766,35.08000183105469,34.869998931884766,35.060001373291016,42000
2026-04-20 14:35:00+00:00,TOTS3.SA,35.040000915527344,35.040000915527344,34.869998931884766,34.93000030517578,30600
2026-04-20 14:40:00+00:00,TOTS3.SA,34.900001525878906,35.029998779296875,34.900001525878906,35.0099983215332,31200
2026-04-20 14:45:00+00:00,TOTS3.SA,35.029998779296875,35.04999923706055,34.900001525878906,34.95000076293945,44000
2026-04-20 14:50:00+00:00,TOTS3.SA,34.95000076293945,34.970001220703125,34.77000045776367,34.849998474121094,75700
2026-04-20 14:55:00+00:00,TOTS3.SA,34.84000015258789,34.900001525878906,34.709999084472656,34.72999954223633,45400
2026-04-20 15:00:00+00:00,TOTS3.SA,34.7400016784668,34.779998779296875,34.66999816894531,34.709999084472656,36900
2026-04-20 15:05:00+00:00,TOTS3.SA,34.709999084472656,34.75,34.689998626708984,34.7400016784668,18000
2026-04-20 15:10:00+00:00,TOTS3.SA,34.720001220703125,34.790000915527344,34.709999084472656,34.75,29300
2026-04-20 15:15:00+00:00,TOTS3.SA,34.7599983215332,34.790000915527344,34.709999084472656,34.75,46300
2026-04-20 15:20:00+00:00,TOTS3.SA,34.77000045776367,34.86000061035156,34.7400016784668,34.83000183105469,28700
2026-04-20 15:25:00+00:00,TOTS3.SA,34.83000183105469,34.880001068115234,34.779998779296875,34.83000183105469,39000
2026-04-20 15:30:00+00:00,TOTS3.SA,34.83000183105469,34.869998931884766,34.779998779296875,34.79999923706055,22400
2026-04-20 15:35:00+00:00,TOTS3.SA,34.779998779296875,34.810001373291016,34.7400016784668,34.7599983215332,21100
2026-04-20 15:40:00+00:00,TOTS3.SA,34.7599983215332,34.790000915527344,34.540000915527344,34.599998474121094,67900
2026-04-20 15:45:00+00:00,TOTS3.SA,34.599998474121094,34.599998474121094,34.560001373291016,34.59000015258789,16700
2026-04-20 15:50:00+00:00,TOTS3.SA,34.59000015258789,34.66999816894531,34.54999923706055,34.66999816894531,50200
2026-04-20 15:55:00+00:00,TOTS3.SA,34.650001525878906,34.689998626708984,34.63999938964844,34.650001525878906,36300
2026-04-20 16:00:00+00:00,TOTS3.SA,34.65999984741211,34.720001220703125,34.65999984741211,34.66999816894531,28400
2026-04-20 16:05:00+00:00,TOTS3.SA,34.66999816894531,34.790000915527344,34.66999816894531,34.75,28200
2026-04-20 16:10:00+00:00,TOTS3.SA,34.75,34.77000045776367,34.650001525878906,34.650001525878906,20900
2026-04-20 16:15:00+00:00,TOTS3.SA,34.650001525878906,34.689998626708984,34.56999969482422,34.58000183105469,42200
2026-04-20 16:20:00+00:00,TOTS3.SA,34.599998474121094,34.63999938964844,34.599998474121094,34.630001068115234,23000
2026-04-20 16:25:00+00:00,TOTS3.SA,34.630001068115234,34.650001525878906,34.599998474121094,34.63999938964844,25100
2026-04-20 16:30:00+00:00,TOTS3.SA,34.630001068115234,34.689998626708984,34.61000061035156,34.619998931884766,43600
2026-04-20 16:35:00+00:00,TOTS3.SA,34.619998931884766,34.63999938964844,34.54999923706055,34.560001373291016,37500
2026-04-20 16:40:00+00:00,TOTS3.SA,34.560001373291016,34.619998931884766,34.560001373291016,34.59000015258789,15100
2026-04-20 16:45:00+00:00,TOTS3.SA,34.59000015258789,34.619998931884766,34.56999969482422,34.56999969482422,25200
2026-04-20 16:50:00+00:00,TOTS3.SA,34.59000015258789,34.619998931884766,34.54999923706055,34.56999969482422,35500
2026-04-20 16:55:00+00:00,TOTS3.SA,34.560001373291016,34.560001373291016,34.5,34.529998779296875,43800
2026-04-20 17:00:00+00:00,TOTS3.SA,34.52000045776367,34.58000183105469,34.5099983215332,34.529998779296875,27200
2026-04-20 17:05:00+00:00,TOTS3.SA,34.5099983215332,34.52000045776367,34.45000076293945,34.459999084472656,37900
2026-04-20 17:10:00+00:00,TOTS3.SA,34.459999084472656,34.52000045776367,34.459999084472656,34.4900016784668,40400
2026-04-20 17:15:00+00:00,TOTS3.SA,34.5099983215332,34.5099983215332,34.43000030517578,34.470001220703125,59500
2026-04-20 17:20:00+00:00,TOTS3.SA,34.470001220703125,34.5099983215332,34.45000076293945,34.47999954223633,39100
2026-04-20 17:25:00+00:00,TOTS3.SA,34.47999954223633,34.5,34.45000076293945,34.47999954223633,35300
2026-04-20 17:30:00+00:00,TOTS3.SA,34.4900016784668,34.4900016784668,34.43000030517578,34.459999084472656,20900
2026-04-20 17:35:00+00:00,TOTS3.SA,34.459999084472656,34.5099983215332,34.459999084472656,34.4900016784668,26400
2026-04-20 17:40:00+00:00,TOTS3.SA,34.5,34.529998779296875,34.459999084472656,34.52000045776367,50600
2026-04-20 17:45:00+00:00,TOTS3.SA,34.5099983215332,34.52000045776367,34.470001220703125,34.4900016784668,23700
2026-04-20 17:50:00+00:00,TOTS3.SA,34.470001220703125,34.4900016784668,34.43000030517578,34.470001220703125,42500
2026-04-20 17:55:00+00:00,TOTS3.SA,34.470001220703125,34.4900016784668,34.439998626708984,34.45000076293945,44400
2026-04-20 18:00:00+00:00,TOTS3.SA,34.45000076293945,34.4900016784668,34.40999984741211,34.470001220703125,99600
2026-04-20 18:05:00+00:00,TOTS3.SA,34.47999954223633,34.5099983215332,34.45000076293945,34.459999084472656,31500
2026-04-20 18:10:00+00:00,TOTS3.SA,34.4900016784668,34.4900016784668,34.40999984741211,34.470001220703125,39500
2026-04-20 18:15:00+00:00,TOTS3.SA,34.47999954223633,34.5,34.439998626708984,34.47999954223633,62700
2026-04-20 18:20:00+00:00,TOTS3.SA,34.5,34.52000045776367,34.470001220703125,34.470001220703125,26600
2026-04-20 18:25:00+00:00,TOTS3.SA,34.470001220703125,34.630001068115234,34.470001220703125,34.61000061035156,52700
2026-04-20 18:30:00+00:00,TOTS3.SA,34.61000061035156,34.630001068115234,34.5099983215332,34.529998779296875,18300
2026-04-20 18:35:00+00:00,TOTS3.SA,34.52000045776367,34.58000183105469,34.52000045776367,34.56999969482422,28400
2026-04-20 18:40:00+00:00,TOTS3.SA,34.560001373291016,34.58000183105469,34.5099983215332,34.529998779296875,19400
2026-04-20 18:45:00+00:00,TOTS3.SA,34.529998779296875,34.599998474121094,34.5,34.58000183105469,28100
2026-04-20 18:50:00+00:00,TOTS3.SA,34.59000015258789,34.630001068115234,34.560001373291016,34.560001373291016,23000
2026-04-20 18:55:00+00:00,TOTS3.SA,34.560001373291016,34.599998474121094,34.52000045776367,34.56999969482422,55400
2026-04-20 19:00:00+00:00,TOTS3.SA,34.54999923706055,34.61000061035156,34.540000915527344,34.540000915527344,47700
2026-04-20 19:05:00+00:00,TOTS3.SA,34.560001373291016,34.63999938964844,34.540000915527344,34.61000061035156,330300
2026-04-20 19:10:00+00:00,TOTS3.SA,34.61000061035156,34.91999816894531,34.59000015258789,34.91999816894531,153000
2026-04-20 19:15:00+00:00,TOTS3.SA,34.900001525878906,34.91999816894531,34.79999923706055,34.84000015258789,58900
2026-04-20 19:20:00+00:00,TOTS3.SA,34.84000015258789,34.84000015258789,34.68000030517578,34.720001220703125,183900
2026-04-20 19:25:00+00:00,TOTS3.SA,34.720001220703125,34.7599983215332,34.709999084472656,34.7400016784668,100300
2026-04-20 19:30:00+00:00,TOTS3.SA,34.72999954223633,34.75,34.720001220703125,34.72999954223633,86800
2026-04-20 19:35:00+00:00,TOTS3.SA,34.7400016784668,34.790000915527344,34.72999954223633,34.779998779296875,115500
2026-04-20 19:40:00+00:00,TOTS3.SA,34.779998779296875,34.84000015258789,34.720001220703125,34.790000915527344,176200
2026-04-20 19:45:00+00:00,TOTS3.SA,34.810001373291016,34.84000015258789,34.790000915527344,34.810001373291016,85000
2026-04-20 19:50:00+00:00,TOTS3.SA,34.81999969482422,34.81999969482422,34.7400016784668,34.77000045776367,103900
2026-04-22 13:05:00+00:00,TOTS3.SA,34.66999816894531,34.91999816894531,34.41999816894531,34.43000030517578,41600
2026-04-22 13:10:00+00:00,TOTS3.SA,34.43000030517578,34.5099983215332,34.209999084472656,34.290000915527344,66000
2026-04-22 13:15:00+00:00,TOTS3.SA,34.27000045776367,34.61000061035156,34.2400016784668,34.58000183105469,73200
2026-04-22 13:20:00+00:00,TOTS3.SA,34.61000061035156,34.709999084472656,34.58000183105469,34.59000015258789,30600
2026-04-22 13:25:00+00:00,TOTS3.SA,34.619998931884766,34.630001068115234,34.5,34.5,28200
2026-04-22 13:30:00+00:00,TOTS3.SA,34.5,34.5099983215332,34.349998474121094,34.38999938964844,39000
2026-04-22 13:35:00+00:00,TOTS3.SA,34.41999816894531,34.43000030517578,34.16999816894531,34.25,71100
2026-04-22 13:40:00+00:00,TOTS3.SA,34.2400016784668,34.380001068115234,34.20000076293945,34.380001068115234,40200
2026-04-22 13:45:00+00:00,TOTS3.SA,34.380001068115234,34.47999954223633,34.349998474121094,34.459999084472656,41200
2026-04-22 13:50:00+00:00,TOTS3.SA,34.47999954223633,34.4900016784668,34.36000061035156,34.38999938964844,27000
2026-04-22 13:55:00+00:00,TOTS3.SA,34.40999984741211,34.40999984741211,34.33000183105469,34.36000061035156,48000
2026-04-22 14:00:00+00:00,TOTS3.SA,34.380001068115234,34.439998626708984,34.34000015258789,34.34000015258789,71400
2026-04-22 14:05:00+00:00,TOTS3.SA,34.349998474121094,34.38999938964844,34.25,34.25,81500
2026-04-22 14:10:00+00:00,TOTS3.SA,34.2599983215332,34.369998931884766,34.2400016784668,34.290000915527344,91100
2026-04-22 14:15:00+00:00,TOTS3.SA,34.29999923706055,34.29999923706055,34.15999984741211,34.189998626708984,79200
2026-04-22 14:20:00+00:00,TOTS3.SA,34.20000076293945,34.20000076293945,34.04999923706055,34.11000061035156,85700
2026-04-22 14:25:00+00:00,TOTS3.SA,34.11000061035156,34.18000030517578,34.029998779296875,34.130001068115234,86600
2026-04-22 14:30:00+00:00,TOTS3.SA,34.130001068115234,34.13999938964844,33.93000030517578,33.959999084472656,96600
2026-04-22 14:35:00+00:00,TOTS3.SA,33.959999084472656,34.0099983215332,33.869998931884766,33.88999938964844,89900
2026-04-22 14:40:00+00:00,TOTS3.SA,33.91999816894531,34.09000015258789,33.88999938964844,33.959999084472656,115600
2026-04-22 14:45:00+00:00,TOTS3.SA,33.959999084472656,34.209999084472656,33.959999084472656,34.16999816894531,221500
2026-04-22 14:50:00+00:00,TOTS3.SA,34.189998626708984,34.20000076293945,34.029998779296875,34.029998779296875,72100
2026-04-22 14:55:00+00:00,TOTS3.SA,34.029998779296875,34.099998474121094,34.0099983215332,34.04999923706055,57400
2026-04-22 15:00:00+00:00,TOTS3.SA,34.02000045776367,34.20000076293945,34.0099983215332,34.099998474121094,232700
2026-04-22 15:05:00+00:00,TOTS3.SA,34.08000183105469,34.27000045776367,34.08000183105469,34.220001220703125,73300
2026-04-22 15:10:00+00:00,TOTS3.SA,34.20000076293945,34.38999938964844,34.189998626708984,34.34000015258789,134400
2026-04-22 15:15:00+00:00,TOTS3.SA,34.33000183105469,34.349998474121094,34.22999954223633,34.29999923706055,116600
2026-04-22 15:20:00+00:00,TOTS3.SA,34.33000183105469,34.41999816894531,34.290000915527344,34.31999969482422,89600
2026-04-22 15:25:00+00:00,TOTS3.SA,34.34000015258789,34.34000015258789,34.25,34.2599983215332,56600
2026-04-22 15:30:00+00:00,TOTS3.SA,34.279998779296875,34.34000015258789,34.209999084472656,34.31999969482422,54900
2026-04-22 15:35:00+00:00,TOTS3.SA,34.33000183105469,34.38999938964844,34.2400016784668,34.279998779296875,25600
2026-04-22 15:40:00+00:00,TOTS3.SA,34.29999923706055,34.33000183105469,34.2599983215332,34.29999923706055,33900
2026-04-22 15:45:00+00:00,TOTS3.SA,34.31999969482422,34.380001068115234,34.29999923706055,34.36000061035156,15100
2026-04-22 15:50:00+00:00,TOTS3.SA,34.36000061035156,34.38999938964844,34.34000015258789,34.38999938964844,13100
2026-04-22 15:55:00+00:00,TOTS3.SA,34.38999938964844,34.41999816894531,34.369998931884766,34.41999816894531,18500
2026-04-22 16:00:00+00:00,TOTS3.SA,34.41999816894531,34.41999816894531,34.290000915527344,34.31999969482422,18200
2026-04-22 16:05:00+00:00,TOTS3.SA,34.29999923706055,34.36000061035156,34.29999923706055,34.36000061035156,18400
2026-04-22 16:10:00+00:00,TOTS3.SA,34.36000061035156,34.36000061035156,34.22999954223633,34.22999954223633,16700
2026-04-22 16:15:00+00:00,TOTS3.SA,34.220001220703125,34.25,34.099998474121094,34.099998474121094,18700
2026-04-22 16:20:00+00:00,TOTS3.SA,34.099998474121094,34.119998931884766,34.04999923706055,34.04999923706055,26000
2026-04-22 16:25:00+00:00,TOTS3.SA,34.04999923706055,34.08000183105469,34.029998779296875,34.040000915527344,13500
2026-04-22 16:30:00+00:00,TOTS3.SA,34.029998779296875,34.040000915527344,33.88999938964844,33.900001525878906,29600
2026-04-22 16:35:00+00:00,TOTS3.SA,33.91999816894531,33.959999084472656,33.90999984741211,33.939998626708984,22500
2026-04-22 16:40:00+00:00,TOTS3.SA,33.939998626708984,33.97999954223633,33.91999816894531,33.91999816894531,14000
2026-04-22 16:45:00+00:00,TOTS3.SA,33.93000030517578,33.959999084472656,33.90999984741211,33.91999816894531,19500
2026-04-22 16:50:00+00:00,TOTS3.SA,33.91999816894531,33.93000030517578,33.86000061035156,33.86000061035156,14200
2026-04-22 16:55:00+00:00,TOTS3.SA,33.86000061035156,33.88999938964844,33.849998474121094,33.88999938964844,17000
2026-04-22 17:00:00+00:00,TOTS3.SA,33.880001068115234,33.91999816894531,33.810001373291016,33.83000183105469,37600
2026-04-22 17:05:00+00:00,TOTS3.SA,33.83000183105469,33.880001068115234,33.81999969482422,33.849998474121094,18300
2026-04-22 17:10:00+00:00,TOTS3.SA,33.849998474121094,33.90999984741211,33.84000015258789,33.86000061035156,20300
2026-04-22 17:15:00+00:00,TOTS3.SA,33.86000061035156,33.9900016784668,33.84000015258789,33.86000061035156,187400
2026-04-22 17:20:00+00:00,TOTS3.SA,33.86000061035156,33.86000061035156,33.79999923706055,33.84000015258789,42600
2026-04-22 17:25:00+00:00,TOTS3.SA,33.84000015258789,33.84000015258789,33.810001373291016,33.810001373291016,16800
2026-04-22 17:30:00+00:00,TOTS3.SA,33.810001373291016,33.81999969482422,33.7400016784668,33.7599983215332,33800
2026-04-22 17:35:00+00:00,TOTS3.SA,33.7599983215332,33.7599983215332,33.70000076293945,33.70000076293945,24200
2026-04-22 17:40:00+00:00,TOTS3.SA,33.709999084472656,33.709999084472656,33.650001525878906,33.68000030517578,36700
2026-04-22 17:45:00+00:00,TOTS3.SA,33.68000030517578,33.70000076293945,33.619998931884766,33.65999984741211,34000
2026-04-22 17:50:00+00:00,TOTS3.SA,33.66999816894531,33.720001220703125,33.66999816894531,33.689998626708984,16900
2026-04-22 17:55:00+00:00,TOTS3.SA,33.689998626708984,33.75,33.650001525878906,33.72999954223633,52400
2026-04-22 18:00:00+00:00,TOTS3.SA,33.720001220703125,33.779998779296875,33.70000076293945,33.779998779296875,23100
2026-04-22 18:05:00+00:00,TOTS3.SA,33.779998779296875,33.81999969482422,33.7599983215332,33.77000045776367,14600
2026-04-22 18:10:00+00:00,TOTS3.SA,33.77000045776367,33.779998779296875,33.72999954223633,33.75,23400
2026-04-22 18:15:00+00:00,TOTS3.SA,33.75,33.75,33.70000076293945,33.7400016784668,24500
2026-04-22 18:20:00+00:00,TOTS3.SA,33.7400016784668,33.7599983215332,33.709999084472656,33.72999954223633,25200
2026-04-22 18:25:00+00:00,TOTS3.SA,33.72999954223633,33.72999954223633,33.66999816894531,33.689998626708984,22400
2026-04-22 18:30:00+00:00,TOTS3.SA,33.68000030517578,33.75,33.65999984741211,33.68000030517578,30400
2026-04-22 18:35:00+00:00,TOTS3.SA,33.68000030517578,33.709999084472656,33.650001525878906,33.68000030517578,26200
2026-04-22 18:40:00+00:00,TOTS3.SA,33.66999816894531,33.689998626708984,33.650001525878906,33.68000030517578,15900
2026-04-22 18:45:00+00:00,TOTS3.SA,33.66999816894531,33.7400016784668,33.63999938964844,33.720001220703125,38000
2026-04-22 18:50:00+00:00,TOTS3.SA,33.720001220703125,33.849998474121094,33.720001220703125,33.81999969482422,56900
2026-04-22 18:55:00+00:00,TOTS3.SA,33.81999969482422,33.83000183105469,33.790000915527344,33.810001373291016,17500
2026-04-22 19:00:00+00:00,TOTS3.SA,33.79999923706055,33.810001373291016,33.7400016784668,33.779998779296875,32000
2026-04-22 19:05:00+00:00,TOTS3.SA,33.77000045776367,33.77000045776367,33.709999084472656,33.72999954223633,17400
2026-04-22 19:10:00+00:00,TOTS3.SA,33.72999954223633,33.77000045776367,33.72999954223633,33.7599983215332,25600
2026-04-22 19:15:00+00:00,TOTS3.SA,33.7599983215332,33.83000183105469,33.7400016784668,33.79999923706055,36200
2026-04-22 19:20:00+00:00,TOTS3.SA,33.79999923706055,33.79999923706055,33.72999954223633,33.7400016784668,24400
2026-04-22 19:25:00+00:00,TOTS3.SA,33.72999954223633,33.75,33.70000076293945,33.75,27600
2026-04-22 19:30:00+00:00,TOTS3.SA,33.7400016784668,33.779998779296875,33.61000061035156,33.72999954223633,170500
2026-04-22 19:35:00+00:00,TOTS3.SA,33.720001220703125,33.72999954223633,33.650001525878906,33.72999954223633,37000
2026-04-22 19:40:00+00:00,TOTS3.SA,33.72999954223633,33.72999954223633,33.68000030517578,33.70000076293945,37500
2026-04-22 19:45:00+00:00,TOTS3.SA,33.689998626708984,33.779998779296875,33.689998626708984,33.779998779296875,38800
2026-04-22 19:50:00+00:00,TOTS3.SA,33.779998779296875,33.810001373291016,33.720001220703125,33.790000915527344,33600
2026-04-23 13:00:00+00:00,TOTS3.SA,33.650001525878906,33.720001220703125,33.439998626708984,33.529998779296875,0
2026-04-23 13:05:00+00:00,TOTS3.SA,33.540000915527344,33.65999984741211,33.5099983215332,33.63999938964844,39900
2026-04-23 13:10:00+00:00,TOTS3.SA,33.630001068115234,33.68000030517578,33.470001220703125,33.5,50500
2026-04-23 13:15:00+00:00,TOTS3.SA,33.5,33.599998474121094,33.5,33.529998779296875,15300
2026-04-23 13:20:00+00:00,TOTS3.SA,33.529998779296875,33.58000183105469,33.45000076293945,33.52000045776367,30300
2026-04-23 13:25:00+00:00,TOTS3.SA,33.540000915527344,33.540000915527344,33.45000076293945,33.47999954223633,27200
2026-04-23 13:30:00+00:00,TOTS3.SA,33.459999084472656,33.5099983215332,33.34000015258789,33.349998474121094,39300
2026-04-23 13:35:00+00:00,TOTS3.SA,33.349998474121094,33.400001525878906,33.209999084472656,33.2400016784668,24500
2026-04-23 13:40:00+00:00,TOTS3.SA,33.25,33.279998779296875,33.0099983215332,33.0099983215332,41700
2026-04-23 13:45:00+00:00,TOTS3.SA,33.0099983215332,33.08000183105469,32.86000061035156,33.06999969482422,160000
2026-04-23 13:50:00+00:00,TOTS3.SA,33.06999969482422,33.099998474121094,33.02000045776367,33.04999923706055,129000
2026-04-23 13:55:00+00:00,TOTS3.SA,33.04999923706055,33.04999923706055,32.869998931884766,32.90999984741211,46500
2026-04-23 14:00:00+00:00,TOTS3.SA,32.900001525878906,32.900001525878906,32.79999923706055,32.900001525878906,37400
2026-04-23 14:05:00+00:00,TOTS3.SA,32.900001525878906,32.90999984741211,32.84000015258789,32.880001068115234,17900
2026-04-23 14:10:00+00:00,TOTS3.SA,32.88999938964844,32.91999816894531,32.849998474121094,32.88999938964844,19200
2026-04-23 14:15:00+00:00,TOTS3.SA,32.869998931884766,32.91999816894531,32.77000045776367,32.77000045776367,16300
2026-04-23 14:20:00+00:00,TOTS3.SA,32.779998779296875,32.81999969482422,32.72999954223633,32.779998779296875,33400
2026-04-23 14:25:00+00:00,TOTS3.SA,32.79999923706055,32.81999969482422,32.709999084472656,32.81999969482422,62500
2026-04-23 14:30:00+00:00,TOTS3.SA,32.81999969482422,32.86000061035156,32.72999954223633,32.779998779296875,48700
2026-04-23 14:35:00+00:00,TOTS3.SA,32.779998779296875,32.869998931884766,32.779998779296875,32.84000015258789,45400
2026-04-23 14:40:00+00:00,TOTS3.SA,32.86000061035156,32.880001068115234,32.790000915527344,32.790000915527344,57000
2026-04-23 14:45:00+00:00,TOTS3.SA,32.790000915527344,32.810001373291016,32.77000045776367,32.810001373291016,33900
2026-04-23 14:50:00+00:00,TOTS3.SA,32.810001373291016,32.810001373291016,32.689998626708984,32.79999923706055,37800
2026-04-23 14:55:00+00:00,TOTS3.SA,32.790000915527344,32.84000015258789,32.779998779296875,32.83000183105469,15800
2026-04-23 15:00:00+00:00,TOTS3.SA,32.81999969482422,32.83000183105469,32.720001220703125,32.720001220703125,45900
2026-04-23 15:05:00+00:00,TOTS3.SA,32.70000076293945,32.7400016784668,32.70000076293945,32.709999084472656,29500
2026-04-23 15:10:00+00:00,TOTS3.SA,32.70000076293945,32.849998474121094,32.70000076293945,32.849998474121094,40000
2026-04-23 15:15:00+00:00,TOTS3.SA,32.849998474121094,32.900001525878906,32.84000015258789,32.869998931884766,25400
2026-04-23 15:20:00+00:00,TOTS3.SA,32.880001068115234,32.880001068115234,32.83000183105469,32.849998474121094,9200
2026-04-23 15:25:00+00:00,TOTS3.SA,32.849998474121094,32.939998626708984,32.849998474121094,32.91999816894531,20500
2026-04-23 15:30:00+00:00,TOTS3.SA,32.900001525878906,32.90999984741211,32.849998474121094,32.849998474121094,11400
2026-04-23 15:35:00+00:00,TOTS3.SA,32.86000061035156,32.880001068115234,32.79999923706055,32.83000183105469,17300
2026-04-23 15:40:00+00:00,TOTS3.SA,32.810001373291016,32.83000183105469,32.7599983215332,32.77000045776367,19800
2026-04-23 15:45:00+00:00,TOTS3.SA,32.77000045776367,32.77000045776367,32.689998626708984,32.7400016784668,56500
2026-04-23 15:50:00+00:00,TOTS3.SA,32.72999954223633,32.7400016784668,32.599998474121094,32.61000061035156,51900
2026-04-23 15:55:00+00:00,TOTS3.SA,32.61000061035156,32.709999084472656,32.5099983215332,32.529998779296875,240300
2026-04-23 16:00:00+00:00,TOTS3.SA,32.52000045776367,32.540000915527344,32.41999816894531,32.45000076293945,32300
2026-04-23 16:05:00+00:00,TOTS3.SA,32.439998626708984,32.459999084472656,32.400001525878906,32.459999084472656,13800
2026-04-23 16:10:00+00:00,TOTS3.SA,32.459999084472656,32.4900016784668,32.45000076293945,32.459999084472656,24100
2026-04-23 16:15:00+00:00,TOTS3.SA,32.45000076293945,32.630001068115234,32.45000076293945,32.56999969482422,157900
2026-04-23 16:20:00+00:00,TOTS3.SA,32.58000183105469,32.59000015258789,32.52000045776367,32.529998779296875,48500
2026-04-23 16:25:00+00:00,TOTS3.SA,32.529998779296875,32.650001525878906,32.5099983215332,32.650001525878906,122400
2026-04-23 16:30:00+00:00,TOTS3.SA,32.63999938964844,32.650001525878906,32.630001068115234,32.650001525878906,32300
2026-04-23 16:35:00+00:00,TOTS3.SA,32.650001525878906,32.65999984741211,32.59000015258789,32.63999938964844,201400
2026-04-23 16:40:00+00:00,TOTS3.SA,32.63999938964844,32.880001068115234,32.619998931884766,32.869998931884766,178500
2026-04-23 16:45:00+00:00,TOTS3.SA,32.869998931884766,32.88999938964844,32.7400016784668,32.79999923706055,42900
2026-04-23 16:50:00+00:00,TOTS3.SA,32.81999969482422,32.86000061035156,32.790000915527344,32.86000061035156,14300
2026-04-23 16:55:00+00:00,TOTS3.SA,32.869998931884766,32.88999938964844,32.790000915527344,32.810001373291016,12300
2026-04-23 17:00:00+00:00,TOTS3.SA,32.810001373291016,32.810001373291016,32.630001068115234,32.66999816894531,21600
2026-04-23 17:05:00+00:00,TOTS3.SA,32.65999984741211,32.68000030517578,32.45000076293945,32.45000076293945,28400
2026-04-23 17:10:00+00:00,TOTS3.SA,32.470001220703125,32.540000915527344,32.41999816894531,32.5099983215332,33600
2026-04-23 17:15:00+00:00,TOTS3.SA,32.4900016784668,32.52000045776367,32.43000030517578,32.470001220703125,26100
2026-04-23 17:20:00+00:00,TOTS3.SA,32.47999954223633,32.5,32.45000076293945,32.47999954223633,25300
2026-04-23 17:25:00+00:00,TOTS3.SA,32.47999954223633,32.560001373291016,32.41999816894531,32.459999084472656,30800
2026-04-23 17:30:00+00:00,TOTS3.SA,32.459999084472656,32.56999969482422,32.459999084472656,32.56999969482422,9100
2026-04-23 17:35:00+00:00,TOTS3.SA,32.56999969482422,32.58000183105469,32.40999984741211,32.43000030517578,18600
2026-04-23 17:40:00+00:00,TOTS3.SA,32.43000030517578,32.439998626708984,32.290000915527344,32.310001373291016,42400
2026-04-23 17:45:00+00:00,TOTS3.SA,32.29999923706055,32.369998931884766,32.2599983215332,32.279998779296875,43300
2026-04-23 17:50:00+00:00,TOTS3.SA,32.27000045776367,32.5099983215332,32.2599983215332,32.40999984741211,80500
2026-04-23 17:55:00+00:00,TOTS3.SA,32.400001525878906,32.5,32.38999938964844,32.470001220703125,34600
2026-04-23 18:00:00+00:00,TOTS3.SA,32.470001220703125,32.529998779296875,32.459999084472656,32.5099983215332,44800
2026-04-23 18:05:00+00:00,TOTS3.SA,32.5099983215332,32.529998779296875,32.459999084472656,32.47999954223633,30300
2026-04-23 18:10:00+00:00,TOTS3.SA,32.459999084472656,32.5099983215332,32.43000030517578,32.439998626708984,20300
2026-04-23 18:15:00+00:00,TOTS3.SA,32.459999084472656,32.560001373291016,32.41999816894531,32.560001373291016,33800
2026-04-23 18:20:00+00:00,TOTS3.SA,32.560001373291016,32.59000015258789,32.529998779296875,32.58000183105469,18200
2026-04-23 18:25:00+00:00,TOTS3.SA,32.58000183105469,32.61000061035156,32.560001373291016,32.599998474121094,15700
2026-04-23 18:30:00+00:00,TOTS3.SA,32.599998474121094,32.66999816894531,32.58000183105469,32.650001525878906,46700
2026-04-23 18:35:00+00:00,TOTS3.SA,32.650001525878906,32.689998626708984,32.56999969482422,32.599998474121094,24500
2026-04-23 18:40:00+00:00,TOTS3.SA,32.619998931884766,32.63999938964844,32.58000183105469,32.63999938964844,25800
2026-04-23 18:45:00+00:00,TOTS3.SA,32.630001068115234,32.630001068115234,32.5099983215332,32.560001373291016,58300
2026-04-23 18:50:00+00:00,TOTS3.SA,32.54999923706055,32.650001525878906,32.5099983215332,32.63999938964844,56700
2026-04-23 18:55:00+00:00,TOTS3.SA,32.650001525878906,32.66999816894531,32.61000061035156,32.63999938964844,30500
2026-04-23 19:00:00+00:00,TOTS3.SA,32.63999938964844,32.65999984741211,32.5,32.52000045776367,31400
2026-04-23 19:05:00+00:00,TOTS3.SA,32.5099983215332,32.56999969482422,32.5,32.5,27800
2026-04-23 19:10:00+00:00,TOTS3.SA,32.5,32.540000915527344,32.459999084472656,32.5099983215332,20100
2026-04-23 19:15:00+00:00,TOTS3.SA,32.4900016784668,32.54999923706055,32.4900016784668,32.529998779296875,13000
2026-04-23 19:20:00+00:00,TOTS3.SA,32.529998779296875,32.529998779296875,32.4900016784668,32.4900016784668,20200
2026-04-23 19:25:00+00:00,TOTS3.SA,32.47999954223633,32.52000045776367,32.459999084472656,32.5,27600
2026-04-23 19:30:00+00:00,TOTS3.SA,32.5,32.56999969482422,32.5,32.5099983215332,24400
2026-04-23 19:35:00+00:00,TOTS3.SA,32.4900016784668,32.5099983215332,32.41999816894531,32.5,36900
2026-04-23 19:40:00+00:00,TOTS3.SA,32.5,32.5099983215332,32.43000030517578,32.45000076293945,36900
2026-04-23 19:45:00+00:00,TOTS3.SA,32.43000030517578,32.47999954223633,32.43000030517578,32.459999084472656,29200
2026-04-23 19:50:00+00:00,TOTS3.SA,32.459999084472656,32.459999084472656,32.380001068115234,32.400001525878906,43000
2026-04-24 13:05:00+00:00,TOTS3.SA,32.75,32.7599983215332,32.380001068115234,32.45000076293945,12400
2026-04-24 13:10:00+00:00,TOTS3.SA,32.459999084472656,32.5,32.400001525878906,32.459999084472656,10000
2026-04-24 13:15:00+00:00,TOTS3.SA,32.459999084472656,32.459999084472656,32.220001220703125,32.27000045776367,26600
2026-04-24 13:20:00+00:00,TOTS3.SA,32.29999923706055,32.349998474121094,32.16999816894531,32.189998626708984,14300
2026-04-24 13:25:00+00:00,TOTS3.SA,32.16999816894531,32.27000045776367,32.150001525878906,32.220001220703125,20100
2026-04-24 13:30:00+00:00,TOTS3.SA,32.220001220703125,32.220001220703125,32.029998779296875,32.11000061035156,40600
2026-04-24 13:35:00+00:00,TOTS3.SA,32.11000061035156,32.16999816894531,32.099998474121094,32.099998474121094,16900
2026-04-24 13:40:00+00:00,TOTS3.SA,32.099998474121094,32.189998626708984,32.02000045776367,32.02000045776367,46700
2026-04-24 13:45:00+00:00,TOTS3.SA,32.02000045776367,32.2400016784668,32.0099983215332,32.22999954223633,39700
2026-04-24 13:50:00+00:00,TOTS3.SA,32.22999954223633,32.27000045776367,32.189998626708984,32.22999954223633,11800
2026-04-24 13:55:00+00:00,TOTS3.SA,32.22999954223633,32.2400016784668,32.16999816894531,32.16999816894531,12400
2026-04-24 14:00:00+00:00,TOTS3.SA,32.150001525878906,32.15999984741211,32.04999923706055,32.130001068115234,17000
2026-04-24 14:05:00+00:00,TOTS3.SA,32.130001068115234,32.16999816894531,32.09000015258789,32.11000061035156,19300
2026-04-24 14:10:00+00:00,TOTS3.SA,32.119998931884766,32.16999816894531,32.09000015258789,32.099998474121094,13800
2026-04-24 14:15:00+00:00,TOTS3.SA,32.09000015258789,32.11000061035156,32.029998779296875,32.08000183105469,23600
2026-04-24 14:20:00+00:00,TOTS3.SA,32.060001373291016,32.06999969482422,32.0,32.04999923706055,33000
2026-04-24 14:25:00+00:00,TOTS3.SA,32.040000915527344,32.09000015258789,31.959999084472656,32.06999969482422,64200
2026-04-24 14:30:00+00:00,TOTS3.SA,32.04999923706055,32.060001373291016,31.899999618530273,31.940000534057617,44500
2026-04-24 14:35:00+00:00,TOTS3.SA,31.920000076293945,31.950000762939453,31.770000457763672,31.809999465942383,146200
2026-04-24 14:40:00+00:00,TOTS3.SA,31.799999237060547,31.920000076293945,31.799999237060547,31.860000610351562,26200
2026-04-24 14:45:00+00:00,TOTS3.SA,31.860000610351562,31.93000030517578,31.850000381469727,31.90999984741211,44200
2026-04-24 14:50:00+00:00,TOTS3.SA,31.920000076293945,31.920000076293945,31.790000915527344,31.790000915527344,43500
2026-04-24 14:55:00+00:00,TOTS3.SA,31.799999237060547,31.850000381469727,31.799999237060547,31.84000015258789,17100
2026-04-24 15:00:00+00:00,TOTS3.SA,31.84000015258789,31.850000381469727,31.780000686645508,31.850000381469727,23700
2026-04-24 15:05:00+00:00,TOTS3.SA,31.829999923706055,31.84000015258789,31.65999984741211,31.709999084472656,63700
2026-04-24 15:10:00+00:00,TOTS3.SA,31.709999084472656,31.780000686645508,31.709999084472656,31.780000686645508,16900
2026-04-24 15:15:00+00:00,TOTS3.SA,31.760000228881836,31.81999969482422,31.739999771118164,31.809999465942383,43600
2026-04-24 15:20:00+00:00,TOTS3.SA,31.799999237060547,31.829999923706055,31.799999237060547,31.81999969482422,27100
2026-04-24 15:25:00+00:00,TOTS3.SA,31.81999969482422,31.81999969482422,31.799999237060547,31.799999237060547,29200
2026-04-24 15:30:00+00:00,TOTS3.SA,31.799999237060547,31.829999923706055,31.799999237060547,31.799999237060547,28500
2026-04-24 15:35:00+00:00,TOTS3.SA,31.799999237060547,31.860000610351562,31.799999237060547,31.84000015258789,67100
2026-04-24 15:40:00+00:00,TOTS3.SA,31.84000015258789,32.029998779296875,31.829999923706055,32.0,44800
2026-04-24 15:45:00+00:00,TOTS3.SA,32.0,32.029998779296875,31.90999984741211,31.950000762939453,38700
2026-04-24 15:50:00+00:00,TOTS3.SA,31.959999084472656,31.989999771118164,31.920000076293945,31.959999084472656,33700
2026-04-24 15:55:00+00:00,TOTS3.SA,31.969999313354492,31.969999313354492,31.850000381469727,31.850000381469727,20400
2026-04-24 16:00:00+00:00,TOTS3.SA,31.850000381469727,31.899999618530273,31.850000381469727,31.860000610351562,23600
2026-04-24 16:05:00+00:00,TOTS3.SA,31.8700008392334,31.8799991607666,31.799999237060547,31.8700008392334,25600
2026-04-24 16:10:00+00:00,TOTS3.SA,31.8700008392334,31.899999618530273,31.850000381469727,31.850000381469727,26900
2026-04-24 16:15:00+00:00,TOTS3.SA,31.850000381469727,31.959999084472656,31.809999465942383,31.950000762939453,87800
2026-04-24 16:20:00+00:00,TOTS3.SA,31.940000534057617,31.989999771118164,31.93000030517578,31.959999084472656,21700
2026-04-24 16:25:00+00:00,TOTS3.SA,31.959999084472656,32.04999923706055,31.93000030517578,32.040000915527344,30200
2026-04-24 16:30:00+00:00,TOTS3.SA,32.040000915527344,32.060001373291016,31.969999313354492,31.969999313354492,17700
2026-04-24 16:35:00+00:00,TOTS3.SA,31.969999313354492,32.0099983215332,31.959999084472656,31.969999313354492,22300
2026-04-24 16:40:00+00:00,TOTS3.SA,31.979999542236328,32.0,31.950000762939453,31.959999084472656,25300
2026-04-24 16:45:00+00:00,TOTS3.SA,31.950000762939453,31.979999542236328,31.950000762939453,31.979999542236328,22900
2026-04-24 16:50:00+00:00,TOTS3.SA,31.979999542236328,32.02000045776367,31.979999542236328,31.989999771118164,19500
2026-04-24 16:55:00+00:00,TOTS3.SA,31.979999542236328,32.02000045776367,31.959999084472656,32.0099983215332,27000
2026-04-24 17:00:00+00:00,TOTS3.SA,32.0099983215332,32.02000045776367,31.979999542236328,31.989999771118164,20000
2026-04-24 17:05:00+00:00,TOTS3.SA,31.989999771118164,32.0,31.93000030517578,31.940000534057617,32100
2026-04-24 17:10:00+00:00,TOTS3.SA,31.969999313354492,32.0,31.959999084472656,32.0,19400
2026-04-24 17:15:00+00:00,TOTS3.SA,32.0,32.099998474121094,31.989999771118164,32.04999923706055,67700
2026-04-24 17:20:00+00:00,TOTS3.SA,32.06999969482422,32.08000183105469,32.04999923706055,32.08000183105469,13000
2026-04-24 17:25:00+00:00,TOTS3.SA,32.08000183105469,32.13999938964844,32.060001373291016,32.130001068115234,29600
2026-04-24 17:30:00+00:00,TOTS3.SA,32.099998474121094,32.099998474121094,32.0099983215332,32.08000183105469,25400
2026-04-24 17:35:00+00:00,TOTS3.SA,32.06999969482422,32.119998931884766,32.060001373291016,32.06999969482422,28400
2026-04-24 17:40:00+00:00,TOTS3.SA,32.06999969482422,32.15999984741211,32.040000915527344,32.04999923706055,24900
2026-04-24 17:45:00+00:00,TOTS3.SA,32.060001373291016,32.150001525878906,32.02000045776367,32.119998931884766,29100
2026-04-24 17:50:00+00:00,TOTS3.SA,32.130001068115234,32.20000076293945,32.11000061035156,32.20000076293945,25800
2026-04-24 17:55:00+00:00,TOTS3.SA,32.189998626708984,32.189998626708984,32.11000061035156,32.11000061035156,14200
2026-04-24 18:00:00+00:00,TOTS3.SA,32.11000061035156,32.130001068115234,32.09000015258789,32.099998474121094,40600
2026-04-24 18:05:00+00:00,TOTS3.SA,32.099998474121094,32.15999984741211,32.099998474121094,32.150001525878906,30800
2026-04-24 18:10:00+00:00,TOTS3.SA,32.150001525878906,32.150001525878906,32.08000183105469,32.119998931884766,32200
2026-04-24 18:15:00+00:00,TOTS3.SA,32.13999938964844,32.16999816894531,32.08000183105469,32.130001068115234,26900
2026-04-24 18:20:00+00:00,TOTS3.SA,32.11000061035156,32.150001525878906,32.11000061035156,32.130001068115234,24800
2026-04-24 18:25:00+00:00,TOTS3.SA,32.130001068115234,32.25,32.11000061035156,32.22999954223633,46500
2026-04-24 18:30:00+00:00,TOTS3.SA,32.22999954223633,32.2599983215332,32.209999084472656,32.209999084472656,16200
2026-04-24 18:35:00+00:00,TOTS3.SA,32.22999954223633,32.22999954223633,32.20000076293945,32.209999084472656,27500
2026-04-24 18:40:00+00:00,TOTS3.SA,32.209999084472656,32.279998779296875,32.209999084472656,32.209999084472656,34800
2026-04-24 18:45:00+00:00,TOTS3.SA,32.22999954223633,32.22999954223633,32.20000076293945,32.20000076293945,47100
2026-04-24 18:50:00+00:00,TOTS3.SA,32.20000076293945,32.2400016784668,32.20000076293945,32.220001220703125,65100
2026-04-24 18:55:00+00:00,TOTS3.SA,32.220001220703125,32.290000915527344,32.20000076293945,32.279998779296875,46600
2026-04-24 19:00:00+00:00,TOTS3.SA,32.279998779296875,32.310001373291016,32.2599983215332,32.279998779296875,28500
2026-04-24 19:05:00+00:00,TOTS3.SA,32.279998779296875,32.279998779296875,32.20000076293945,32.209999084472656,24400
2026-04-24 19:10:00+00:00,TOTS3.SA,32.209999084472656,32.25,32.209999084472656,32.25,27700
2026-04-24 19:15:00+00:00,TOTS3.SA,32.25,32.290000915527344,32.20000076293945,32.27000045776367,48000
2026-04-24 19:20:00+00:00,TOTS3.SA,32.27000045776367,32.27000045776367,32.220001220703125,32.220001220703125,31600
2026-04-24 19:25:00+00:00,TOTS3.SA,32.220001220703125,32.2400016784668,32.20000076293945,32.209999084472656,39300
2026-04-24 19:30:00+00:00,TOTS3.SA,32.20000076293945,32.209999084472656,32.20000076293945,32.20000076293945,45700
2026-04-24 19:35:00+00:00,TOTS3.SA,32.20000076293945,32.209999084472656,32.130001068115234,32.189998626708984,75400
2026-04-24 19:40:00+00:00,TOTS3.SA,32.18000030517578,32.2599983215332,32.18000030517578,32.2400016784668,50000
2026-04-24 19:45:00+00:00,TOTS3.SA,32.25,32.25,32.150001525878906,32.150001525878906,43900
2026-04-24 19:50:00+00:00,TOTS3.SA,32.150001525878906,32.15999984741211,32.119998931884766,32.13999938964844,53600
2026-04-27 13:00:00+00:00,TOTS3.SA,32.02000045776367,32.220001220703125,32.02000045776367,32.04999923706055,0
2026-04-27 13:05:00+00:00,TOTS3.SA,32.09000015258789,32.119998931884766,32.040000915527344,32.08000183105469,12600
2026-04-27 13:10:00+00:00,TOTS3.SA,32.08000183105469,32.11000061035156,31.799999237060547,31.799999237060547,31000
2026-04-27 13:15:00+00:00,TOTS3.SA,31.81999969482422,31.93000030517578,31.81999969482422,31.889999389648438,13300
2026-04-27 13:20:00+00:00,TOTS3.SA,31.8799991607666,31.90999984741211,31.84000015258789,31.860000610351562,12400
2026-04-27 13:25:00+00:00,TOTS3.SA,31.829999923706055,31.940000534057617,31.829999923706055,31.8700008392334,15900
2026-04-27 13:30:00+00:00,TOTS3.SA,31.860000610351562,31.860000610351562,31.700000762939453,31.780000686645508,43600
2026-04-27 13:35:00+00:00,TOTS3.SA,31.760000228881836,31.780000686645508,31.639999389648438,31.68000030517578,24000
2026-04-27 13:40:00+00:00,TOTS3.SA,31.690000534057617,31.780000686645508,31.6200008392334,31.670000076293945,56500
2026-04-27 13:45:00+00:00,TOTS3.SA,31.68000030517578,31.739999771118164,31.649999618530273,31.739999771118164,45700
2026-04-27 13:50:00+00:00,TOTS3.SA,31.719999313354492,31.81999969482422,31.65999984741211,31.81999969482422,52600
2026-04-27 13:55:00+00:00,TOTS3.SA,31.81999969482422,31.860000610351562,31.760000228881836,31.860000610351562,52100
2026-04-27 14:00:00+00:00,TOTS3.SA,31.850000381469727,31.850000381469727,31.760000228881836,31.780000686645508,45400
2026-04-27 14:05:00+00:00,TOTS3.SA,31.799999237060547,31.81999969482422,31.739999771118164,31.739999771118164,10400
2026-04-27 14:10:00+00:00,TOTS3.SA,31.760000228881836,31.780000686645508,31.670000076293945,31.700000762939453,17000
2026-04-27 14:15:00+00:00,TOTS3.SA,31.719999313354492,31.719999313354492,31.530000686645508,31.549999237060547,23800
2026-04-27 14:20:00+00:00,TOTS3.SA,31.549999237060547,31.670000076293945,31.549999237060547,31.670000076293945,14800
2026-04-27 14:25:00+00:00,TOTS3.SA,31.68000030517578,31.719999313354492,31.639999389648438,31.690000534057617,15700
2026-04-27 14:30:00+00:00,TOTS3.SA,31.700000762939453,31.700000762939453,31.600000381469727,31.6200008392334,15600
2026-04-27 14:35:00+00:00,TOTS3.SA,31.6299991607666,31.700000762939453,31.610000610351562,31.610000610351562,12400
2026-04-27 14:40:00+00:00,TOTS3.SA,31.610000610351562,31.6299991607666,31.559999465942383,31.6200008392334,18900
2026-04-27 14:45:00+00:00,TOTS3.SA,31.610000610351562,31.610000610351562,31.459999084472656,31.469999313354492,48000
2026-04-27 14:50:00+00:00,TOTS3.SA,31.459999084472656,31.479999542236328,31.43000030517578,31.459999084472656,15500
2026-04-27 14:55:00+00:00,TOTS3.SA,31.459999084472656,31.469999313354492,31.40999984741211,31.420000076293945,11800
2026-04-27 15:00:00+00:00,TOTS3.SA,31.43000030517578,31.459999084472656,31.329999923706055,31.329999923706055,26500
2026-04-27 15:05:00+00:00,TOTS3.SA,31.350000381469727,31.420000076293945,31.350000381469727,31.350000381469727,25100
2026-04-27 15:10:00+00:00,TOTS3.SA,31.3799991607666,31.3799991607666,31.329999923706055,31.34000015258789,22800
2026-04-27 15:15:00+00:00,TOTS3.SA,31.350000381469727,31.389999389648438,31.350000381469727,31.360000610351562,23400
2026-04-27 15:20:00+00:00,TOTS3.SA,31.3700008392334,31.3799991607666,31.270000457763672,31.309999465942383,35100
2026-04-27 15:25:00+00:00,TOTS3.SA,31.329999923706055,31.329999923706055,31.290000915527344,31.329999923706055,26600
2026-04-27 15:30:00+00:00,TOTS3.SA,31.329999923706055,31.3799991607666,31.280000686645508,31.3700008392334,32100
2026-04-27 15:35:00+00:00,TOTS3.SA,31.3700008392334,31.479999542236328,31.3700008392334,31.479999542236328,50400
2026-04-27 15:40:00+00:00,TOTS3.SA,31.479999542236328,31.479999542236328,31.40999984741211,31.43000030517578,23300
2026-04-27 15:45:00+00:00,TOTS3.SA,31.450000762939453,31.5,31.420000076293945,31.420000076293945,37100
2026-04-27 15:50:00+00:00,TOTS3.SA,31.440000534057617,31.459999084472656,31.389999389648438,31.399999618530273,24200
2026-04-27 15:55:00+00:00,TOTS3.SA,31.43000030517578,31.43000030517578,31.3799991607666,31.399999618530273,18200
2026-04-27 16:00:00+00:00,TOTS3.SA,31.40999984741211,31.420000076293945,31.3700008392334,31.40999984741211,18900
2026-04-27 16:05:00+00:00,TOTS3.SA,31.389999389648438,31.420000076293945,31.360000610351562,31.399999618530273,32300
2026-04-27 16:10:00+00:00,TOTS3.SA,31.389999389648438,31.40999984741211,31.34000015258789,31.360000610351562,32600
2026-04-27 16:15:00+00:00,TOTS3.SA,31.350000381469727,31.3799991607666,31.34000015258789,31.350000381469727,10000
2026-04-27 16:20:00+00:00,TOTS3.SA,31.34000015258789,31.3799991607666,31.31999969482422,31.3700008392334,33000
2026-04-27 16:25:00+00:00,TOTS3.SA,31.360000610351562,31.399999618530273,31.31999969482422,31.3700008392334,22400
2026-04-27 16:30:00+00:00,TOTS3.SA,31.350000381469727,31.3799991607666,31.309999465942383,31.34000015258789,26900
2026-04-27 16:35:00+00:00,TOTS3.SA,31.31999969482422,31.3799991607666,31.31999969482422,31.350000381469727,20000
2026-04-27 16:40:00+00:00,TOTS3.SA,31.350000381469727,31.3799991607666,31.299999237060547,31.329999923706055,33200
2026-04-27 16:45:00+00:00,TOTS3.SA,31.34000015258789,31.3700008392334,31.309999465942383,31.309999465942383,17800
2026-04-27 16:50:00+00:00,TOTS3.SA,31.329999923706055,31.329999923706055,31.270000457763672,31.309999465942383,47500
2026-04-27 16:55:00+00:00,TOTS3.SA,31.31999969482422,31.360000610351562,31.31999969482422,31.350000381469727,13600
2026-04-27 17:00:00+00:00,TOTS3.SA,31.34000015258789,31.360000610351562,31.309999465942383,31.329999923706055,23700
2026-04-27 17:05:00+00:00,TOTS3.SA,31.329999923706055,31.329999923706055,31.209999084472656,31.290000915527344,60600
2026-04-27 17:10:00+00:00,TOTS3.SA,31.280000686645508,31.309999465942383,31.270000457763672,31.309999465942383,23900
2026-04-27 17:15:00+00:00,TOTS3.SA,31.309999465942383,31.309999465942383,31.270000457763672,31.280000686645508,28500
2026-04-27 17:20:00+00:00,TOTS3.SA,31.280000686645508,31.329999923706055,31.25,31.270000457763672,35700
2026-04-27 17:25:00+00:00,TOTS3.SA,31.270000457763672,31.309999465942383,31.260000228881836,31.299999237060547,36800
2026-04-27 17:30:00+00:00,TOTS3.SA,31.299999237060547,31.3700008392334,31.299999237060547,31.329999923706055,37400
2026-04-27 17:35:00+00:00,TOTS3.SA,31.329999923706055,31.360000610351562,31.25,31.260000228881836,54600
2026-04-27 17:40:00+00:00,TOTS3.SA,31.260000228881836,31.260000228881836,31.209999084472656,31.209999084472656,44800
2026-04-27 17:45:00+00:00,TOTS3.SA,31.219999313354492,31.229999542236328,31.200000762939453,31.209999084472656,41000
2026-04-27 17:50:00+00:00,TOTS3.SA,31.200000762939453,31.270000457763672,31.170000076293945,31.270000457763672,69600
2026-04-27 17:55:00+00:00,TOTS3.SA,31.260000228881836,31.34000015258789,31.260000228881836,31.329999923706055,46500
2026-04-27 18:00:00+00:00,TOTS3.SA,31.329999923706055,31.329999923706055,31.280000686645508,31.309999465942383,31800
2026-04-27 18:05:00+00:00,TOTS3.SA,31.299999237060547,31.299999237060547,31.260000228881836,31.280000686645508,39900
2026-04-27 18:10:00+00:00,TOTS3.SA,31.270000457763672,31.280000686645508,31.239999771118164,31.260000228881836,44400
2026-04-27 18:15:00+00:00,TOTS3.SA,31.270000457763672,31.34000015258789,31.25,31.31999969482422,60700
2026-04-27 18:20:00+00:00,TOTS3.SA,31.31999969482422,31.360000610351562,31.290000915527344,31.329999923706055,60700
2026-04-27 18:25:00+00:00,TOTS3.SA,31.31999969482422,31.360000610351562,31.31999969482422,31.329999923706055,45200
2026-04-27 18:30:00+00:00,TOTS3.SA,31.34000015258789,31.350000381469727,31.299999237060547,31.299999237060547,41000
2026-04-27 18:35:00+00:00,TOTS3.SA,31.290000915527344,31.290000915527344,31.260000228881836,31.290000915527344,43100
2026-04-27 18:40:00+00:00,TOTS3.SA,31.290000915527344,31.290000915527344,31.209999084472656,31.209999084472656,29400
2026-04-27 18:45:00+00:00,TOTS3.SA,31.229999542236328,31.239999771118164,31.209999084472656,31.209999084472656,39100
2026-04-27 18:50:00+00:00,TOTS3.SA,31.209999084472656,31.299999237060547,31.200000762939453,31.209999084472656,97600
2026-04-27 18:55:00+00:00,TOTS3.SA,31.209999084472656,31.229999542236328,31.200000762939453,31.209999084472656,31200
2026-04-27 19:00:00+00:00,TOTS3.SA,31.209999084472656,31.239999771118164,31.200000762939453,31.200000762939453,41400
2026-04-27 19:05:00+00:00,TOTS3.SA,31.200000762939453,31.239999771118164,31.200000762939453,31.200000762939453,43600
2026-04-27 19:10:00+00:00,TOTS3.SA,31.200000762939453,31.209999084472656,31.200000762939453,31.200000762939453,55700
2026-04-27 19:15:00+00:00,TOTS3.SA,31.200000762939453,31.270000457763672,31.200000762939453,31.260000228881836,57000
2026-04-27 19:20:00+00:00,TOTS3.SA,31.290000915527344,31.299999237060547,31.209999084472656,31.25,55000
2026-04-27 19:25:00+00:00,TOTS3.SA,31.25,31.280000686645508,31.229999542236328,31.270000457763672,51100
2026-04-27 19:30:00+00:00,TOTS3.SA,31.260000228881836,31.270000457763672,31.200000762939453,31.209999084472656,58800
2026-04-27 19:35:00+00:00,TOTS3.SA,31.200000762939453,31.229999542236328,31.200000762939453,31.229999542236328,59700
2026-04-27 19:40:00+00:00,TOTS3.SA,31.239999771118164,31.25,31.219999313354492,31.229999542236328,43400
2026-04-27 19:45:00+00:00,TOTS3.SA,31.219999313354492,31.239999771118164,31.200000762939453,31.229999542236328,44500
2026-04-27 19:50:00+00:00,TOTS3.SA,31.219999313354492,31.239999771118164,31.200000762939453,31.200000762939453,45200
2026-04-28 13:00:00+00:00,TOTS3.SA,31.020000457763672,31.25,31.020000457763672,31.049999237060547,0
2026-04-28 13:05:00+00:00,TOTS3.SA,31.09000015258789,31.139999389648438,30.979999542236328,31.059999465942383,33700
2026-04-28 13:10:00+00:00,TOTS3.SA,31.06999969482422,31.110000610351562,30.959999084472656,30.959999084472656,28400
2026-04-28 13:15:00+00:00,TOTS3.SA,30.959999084472656,31.020000457763672,30.899999618530273,30.93000030517578,24700
2026-04-28 13:20:00+00:00,TOTS3.SA,30.93000030517578,30.989999771118164,30.8799991607666,30.940000534057617,17900
2026-04-28 13:25:00+00:00,TOTS3.SA,30.940000534057617,31.079999923706055,30.889999389648438,31.079999923706055,29600
2026-04-28 13:30:00+00:00,TOTS3.SA,31.059999465942383,31.239999771118164,30.950000762939453,31.1299991607666,77500
2026-04-28 13:35:00+00:00,TOTS3.SA,31.110000610351562,31.270000457763672,31.09000015258789,31.25,51800
2026-04-28 13:40:00+00:00,TOTS3.SA,31.239999771118164,31.290000915527344,31.170000076293945,31.190000534057617,23800
2026-04-28 13:45:00+00:00,TOTS3.SA,31.209999084472656,31.420000076293945,31.170000076293945,31.360000610351562,106900
2026-04-28 13:50:00+00:00,TOTS3.SA,31.3799991607666,31.600000381469727,31.34000015258789,31.56999969482422,188900
2026-04-28 13:55:00+00:00,TOTS3.SA,31.559999465942383,31.739999771118164,31.549999237060547,31.65999984741211,112300
2026-04-28 14:00:00+00:00,TOTS3.SA,31.65999984741211,31.790000915527344,31.56999969482422,31.729999542236328,92500
2026-04-28 14:05:00+00:00,TOTS3.SA,31.719999313354492,31.760000228881836,31.700000762939453,31.709999084472656,28900
2026-04-28 14:10:00+00:00,TOTS3.SA,31.719999313354492,31.780000686645508,31.719999313354492,31.739999771118164,19200
2026-04-28 14:15:00+00:00,TOTS3.SA,31.739999771118164,31.760000228881836,31.549999237060547,31.600000381469727,56500
2026-04-28 14:20:00+00:00,TOTS3.SA,31.56999969482422,31.649999618530273,31.479999542236328,31.6200008392334,78700
2026-04-28 14:25:00+00:00,TOTS3.SA,31.6200008392334,31.6200008392334,31.40999984741211,31.40999984741211,90000
2026-04-28 14:30:00+00:00,TOTS3.SA,31.40999984741211,31.520000457763672,31.399999618530273,31.469999313354492,39200
2026-04-28 14:35:00+00:00,TOTS3.SA,31.450000762939453,31.479999542236328,31.3700008392334,31.3700008392334,21200
2026-04-28 14:40:00+00:00,TOTS3.SA,31.3700008392334,31.3799991607666,31.31999969482422,31.3700008392334,17400
2026-04-28 14:45:00+00:00,TOTS3.SA,31.3799991607666,31.459999084472656,31.360000610351562,31.399999618530273,19300
2026-04-28 14:50:00+00:00,TOTS3.SA,31.399999618530273,31.5,31.3700008392334,31.479999542236328,184400
2026-04-28 14:55:00+00:00,TOTS3.SA,31.469999313354492,31.700000762939453,31.459999084472656,31.68000030517578,50100
2026-04-28 15:00:00+00:00,TOTS3.SA,31.690000534057617,31.829999923706055,31.670000076293945,31.700000762939453,39200
2026-04-28 15:05:00+00:00,TOTS3.SA,31.700000762939453,31.729999542236328,31.6299991607666,31.670000076293945,85300
2026-04-28 15:10:00+00:00,TOTS3.SA,31.690000534057617,31.709999084472656,31.670000076293945,31.700000762939453,19600
2026-04-28 15:15:00+00:00,TOTS3.SA,31.700000762939453,31.719999313354492,31.670000076293945,31.719999313354492,73800
2026-04-28 15:20:00+00:00,TOTS3.SA,31.700000762939453,31.860000610351562,31.68000030517578,31.860000610351562,57600
2026-04-28 15:25:00+00:00,TOTS3.SA,31.850000381469727,31.950000762939453,31.829999923706055,31.850000381469727,109600
2026-04-28 15:30:00+00:00,TOTS3.SA,31.84000015258789,31.889999389648438,31.84000015258789,31.850000381469727,24800
2026-04-28 15:35:00+00:00,TOTS3.SA,31.850000381469727,31.93000030517578,31.850000381469727,31.8700008392334,27600
2026-04-28 15:40:00+00:00,TOTS3.SA,31.8700008392334,31.8799991607666,31.790000915527344,31.829999923706055,48600
2026-04-28 15:45:00+00:00,TOTS3.SA,31.809999465942383,31.829999923706055,31.760000228881836,31.81999969482422,33300
2026-04-28 15:50:00+00:00,TOTS3.SA,31.809999465942383,31.850000381469727,31.799999237060547,31.850000381469727,14400
2026-04-28 15:55:00+00:00,TOTS3.SA,31.850000381469727,31.889999389648438,31.81999969482422,31.850000381469727,21300
2026-04-28 16:00:00+00:00,TOTS3.SA,31.84000015258789,31.889999389648438,31.84000015258789,31.8799991607666,18800
2026-04-28 16:05:00+00:00,TOTS3.SA,31.8700008392334,31.8799991607666,31.84000015258789,31.860000610351562,12700
2026-04-28 16:10:00+00:00,TOTS3.SA,31.860000610351562,31.860000610351562,31.770000457763672,31.809999465942383,25300
2026-04-28 16:15:00+00:00,TOTS3.SA,31.799999237060547,31.809999465942383,31.780000686645508,31.799999237060547,11500
2026-04-28 16:20:00+00:00,TOTS3.SA,31.799999237060547,31.829999923706055,31.75,31.809999465942383,23200
2026-04-28 16:25:00+00:00,TOTS3.SA,31.829999923706055,31.889999389648438,31.780000686645508,31.889999389648438,44600
2026-04-28 16:30:00+00:00,TOTS3.SA,31.8700008392334,31.90999984741211,31.850000381469727,31.850000381469727,32800
2026-04-28 16:35:00+00:00,TOTS3.SA,31.850000381469727,32.099998474121094,31.850000381469727,32.040000915527344,188500
2026-04-28 16:40:00+00:00,TOTS3.SA,32.040000915527344,32.040000915527344,31.959999084472656,32.0,23800
2026-04-28 16:45:00+00:00,TOTS3.SA,32.02000045776367,32.04999923706055,32.0,32.040000915527344,13700
2026-04-28 16:50:00+00:00,TOTS3.SA,32.04999923706055,32.20000076293945,32.029998779296875,32.16999816894531,64300
2026-04-28 16:55:00+00:00,TOTS3.SA,32.15999984741211,32.189998626708984,32.11000061035156,32.130001068115234,42100
2026-04-28 17:00:00+00:00,TOTS3.SA,32.119998931884766,32.209999084472656,32.119998931884766,32.189998626708984,39500
2026-04-28 17:05:00+00:00,TOTS3.SA,32.189998626708984,32.20000076293945,32.15999984741211,32.16999816894531,24400
2026-04-28 17:10:00+00:00,TOTS3.SA,32.15999984741211,32.209999084472656,32.150001525878906,32.18000030517578,38500
2026-04-28 17:15:00+00:00,TOTS3.SA,32.18000030517578,32.189998626708984,32.06999969482422,32.150001525878906,120200
2026-04-28 17:20:00+00:00,TOTS3.SA,32.130001068115234,32.220001220703125,32.130001068115234,32.220001220703125,37200
2026-04-28 17:25:00+00:00,TOTS3.SA,32.220001220703125,32.29999923706055,32.220001220703125,32.279998779296875,66500
2026-04-28 17:30:00+00:00,TOTS3.SA,32.279998779296875,32.310001373291016,32.2599983215332,32.290000915527344,36600
2026-04-28 17:35:00+00:00,TOTS3.SA,32.290000915527344,32.29999923706055,32.20000076293945,32.27000045776367,74000
2026-04-28 17:40:00+00:00,TOTS3.SA,32.25,32.27000045776367,32.22999954223633,32.2400016784668,37800
2026-04-28 17:45:00+00:00,TOTS3.SA,32.2599983215332,32.27000045776367,32.22999954223633,32.22999954223633,32900
2026-04-28 17:50:00+00:00,TOTS3.SA,32.22999954223633,32.27000045776367,32.20000076293945,32.27000045776367,38400
2026-04-28 17:55:00+00:00,TOTS3.SA,32.25,32.279998779296875,32.2400016784668,32.25,29700
2026-04-28 18:00:00+00:00,TOTS3.SA,32.2599983215332,32.27000045776367,32.13999938964844,32.16999816894531,66700
2026-04-28 18:05:00+00:00,TOTS3.SA,32.18000030517578,32.18000030517578,32.11000061035156,32.119998931884766,40400
2026-04-28 18:10:00+00:00,TOTS3.SA,32.13999938964844,32.15999984741211,32.06999969482422,32.099998474121094,93300
2026-04-28 18:15:00+00:00,TOTS3.SA,32.08000183105469,32.15999984741211,31.979999542236328,31.979999542236328,138700
2026-04-28 18:20:00+00:00,TOTS3.SA,31.969999313354492,32.0,31.899999618530273,31.93000030517578,42400
2026-04-28 18:25:00+00:00,TOTS3.SA,31.93000030517578,31.93000030517578,31.809999465942383,31.829999923706055,53400
2026-04-28 18:30:00+00:00,TOTS3.SA,31.809999465942383,31.829999923706055,31.770000457763672,31.809999465942383,25300
2026-04-28 18:35:00+00:00,TOTS3.SA,31.799999237060547,31.799999237060547,31.709999084472656,31.75,25700
2026-04-28 18:40:00+00:00,TOTS3.SA,31.75,31.799999237060547,31.719999313354492,31.739999771118164,25800
2026-04-28 18:45:00+00:00,TOTS3.SA,31.719999313354492,31.729999542236328,31.59000015258789,31.6200008392334,40500
2026-04-28 18:50:00+00:00,TOTS3.SA,31.610000610351562,31.719999313354492,31.610000610351562,31.68000030517578,25200
2026-04-28 18:55:00+00:00,TOTS3.SA,31.68000030517578,31.690000534057617,31.610000610351562,31.610000610351562,23500
2026-04-28 19:00:00+00:00,TOTS3.SA,31.600000381469727,31.6299991607666,31.59000015258789,31.59000015258789,13900
2026-04-28 19:05:00+00:00,TOTS3.SA,31.6200008392334,31.729999542236328,31.549999237060547,31.6200008392334,123800
2026-04-28 19:10:00+00:00,TOTS3.SA,31.6200008392334,31.68000030517578,31.6200008392334,31.6200008392334,35000
2026-04-28 19:15:00+00:00,TOTS3.SA,31.639999389648438,31.649999618530273,31.549999237060547,31.56999969482422,31500
2026-04-28 19:20:00+00:00,TOTS3.SA,31.56999969482422,31.6299991607666,31.56999969482422,31.59000015258789,25600
2026-04-28 19:25:00+00:00,TOTS3.SA,31.579999923706055,31.610000610351562,31.559999465942383,31.56999969482422,22200
2026-04-28 19:30:00+00:00,TOTS3.SA,31.56999969482422,31.600000381469727,31.549999237060547,31.59000015258789,27300
2026-04-28 19:35:00+00:00,TOTS3.SA,31.59000015258789,31.649999618530273,31.579999923706055,31.610000610351562,34500
2026-04-28 19:40:00+00:00,TOTS3.SA,31.610000610351562,31.649999618530273,31.600000381469727,31.610000610351562,31200
2026-04-28 19:45:00+00:00,TOTS3.SA,31.600000381469727,31.670000076293945,31.600000381469727,31.670000076293945,38200
2026-04-28 19:50:00+00:00,TOTS3.SA,31.65999984741211,31.690000534057617,31.639999389648438,31.639999389648438,38500
2026-04-29 13:00:00+00:00,TOTS3.SA,31.3799991607666,31.479999542236328,31.219999313354492,31.31999969482422,0
2026-04-29 13:05:00+00:00,TOTS3.SA,31.309999465942383,31.34000015258789,31.260000228881836,31.290000915527344,11900
2026-04-29 13:10:00+00:00,TOTS3.SA,31.299999237060547,31.450000762939453,31.209999084472656,31.350000381469727,32300
2026-04-29 13:15:00+00:00,TOTS3.SA,31.31999969482422,31.34000015258789,31.200000762939453,31.200000762939453,20400
2026-04-29 13:20:00+00:00,TOTS3.SA,31.18000030517578,31.200000762939453,31.149999618530273,31.190000534057617,24300
2026-04-29 13:25:00+00:00,TOTS3.SA,31.18000030517578,31.200000762939453,31.040000915527344,31.100000381469727,27900
2026-04-29 13:30:00+00:00,TOTS3.SA,31.1299991607666,31.18000030517578,31.059999465942383,31.100000381469727,30700
2026-04-29 13:35:00+00:00,TOTS3.SA,31.079999923706055,31.229999542236328,31.059999465942383,31.209999084472656,34100
2026-04-29 13:40:00+00:00,TOTS3.SA,31.18000030517578,31.239999771118164,31.170000076293945,31.209999084472656,22400
2026-04-29 13:45:00+00:00,TOTS3.SA,31.18000030517578,31.200000762939453,31.09000015258789,31.149999618530273,38100
2026-04-29 13:50:00+00:00,TOTS3.SA,31.170000076293945,31.229999542236328,31.149999618530273,31.15999984741211,172000
2026-04-29 13:55:00+00:00,TOTS3.SA,31.18000030517578,31.209999084472656,31.1200008392334,31.18000030517578,40700
2026-04-29 14:00:00+00:00,TOTS3.SA,31.149999618530273,31.15999984741211,31.110000610351562,31.139999389648438,23600
2026-04-29 14:05:00+00:00,TOTS3.SA,31.1200008392334,31.239999771118164,31.1200008392334,31.170000076293945,104100
2026-04-29 14:10:00+00:00,TOTS3.SA,31.15999984741211,31.260000228881836,31.15999984741211,31.219999313354492,15700
2026-04-29 14:15:00+00:00,TOTS3.SA,31.209999084472656,31.219999313354492,31.15999984741211,31.18000030517578,17800
2026-04-29 14:20:00+00:00,TOTS3.SA,31.18000030517578,31.219999313354492,31.110000610351562,31.149999618530273,18300
2026-04-29 14:25:00+00:00,TOTS3.SA,31.139999389648438,31.15999984741211,31.100000381469727,31.1299991607666,16000
2026-04-29 14:30:00+00:00,TOTS3.SA,31.1200008392334,31.190000534057617,31.059999465942383,31.1200008392334,84800
2026-04-29 14:35:00+00:00,TOTS3.SA,31.1200008392334,31.18000030517578,31.110000610351562,31.18000030517578,10600
2026-04-29 14:40:00+00:00,TOTS3.SA,31.15999984741211,31.15999984741211,31.100000381469727,31.1299991607666,26600
2026-04-29 14:45:00+00:00,TOTS3.SA,31.149999618530273,31.149999618530273,31.079999923706055,31.110000610351562,14200
2026-04-29 14:50:00+00:00,TOTS3.SA,31.09000015258789,31.1299991607666,31.079999923706055,31.1299991607666,8100
2026-04-29 14:55:00+00:00,TOTS3.SA,31.1200008392334,31.229999542236328,31.1200008392334,31.149999618530273,40900
2026-04-29 15:00:00+00:00,TOTS3.SA,31.170000076293945,31.190000534057617,31.110000610351562,31.15999984741211,37200
2026-04-29 15:05:00+00:00,TOTS3.SA,31.149999618530273,31.200000762939453,31.079999923706055,31.079999923706055,23600
2026-04-29 15:10:00+00:00,TOTS3.SA,31.079999923706055,31.110000610351562,30.969999313354492,30.989999771118164,46200
2026-04-29 15:15:00+00:00,TOTS3.SA,30.989999771118164,31.049999237060547,30.979999542236328,30.989999771118164,10000
2026-04-29 15:20:00+00:00,TOTS3.SA,30.989999771118164,31.020000457763672,30.940000534057617,30.969999313354492,23000
2026-04-29 15:25:00+00:00,TOTS3.SA,30.969999313354492,30.989999771118164,30.899999618530273,30.959999084472656,58700
2026-04-29 15:30:00+00:00,TOTS3.SA,30.959999084472656,30.979999542236328,30.899999618530273,30.940000534057617,17900
2026-04-29 15:35:00+00:00,TOTS3.SA,30.940000534057617,30.940000534057617,30.84000015258789,30.8799991607666,22100
2026-04-29 15:40:00+00:00,TOTS3.SA,30.860000610351562,30.889999389648438,30.850000381469727,30.889999389648438,16400
2026-04-29 15:45:00+00:00,TOTS3.SA,30.889999389648438,30.899999618530273,30.860000610351562,30.8799991607666,13300
2026-04-29 15:50:00+00:00,TOTS3.SA,30.8799991607666,30.899999618530273,30.719999313354492,30.739999771118164,83700
2026-04-29 15:55:00+00:00,TOTS3.SA,30.75,30.790000915527344,30.729999542236328,30.770000457763672,27900
2026-04-29 16:00:00+00:00,TOTS3.SA,30.760000228881836,30.829999923706055,30.739999771118164,30.829999923706055,23700
2026-04-29 16:05:00+00:00,TOTS3.SA,30.81999969482422,30.8799991607666,30.760000228881836,30.8700008392334,70400
2026-04-29 16:10:00+00:00,TOTS3.SA,30.8700008392334,30.8700008392334,30.790000915527344,30.829999923706055,17100
2026-04-29 16:15:00+00:00,TOTS3.SA,30.829999923706055,30.829999923706055,30.780000686645508,30.780000686645508,15400
2026-04-29 16:20:00+00:00,TOTS3.SA,30.780000686645508,30.81999969482422,30.760000228881836,30.81999969482422,18700
2026-04-29 16:25:00+00:00,TOTS3.SA,30.81999969482422,30.829999923706055,30.780000686645508,30.780000686645508,18200
2026-04-29 16:30:00+00:00,TOTS3.SA,30.770000457763672,30.780000686645508,30.75,30.760000228881836,14900
2026-04-29 16:35:00+00:00,TOTS3.SA,30.760000228881836,30.809999465942383,30.760000228881836,30.809999465942383,9300
2026-04-29 16:40:00+00:00,TOTS3.SA,30.809999465942383,30.850000381469727,30.799999237060547,30.809999465942383,16800
2026-04-29 16:45:00+00:00,TOTS3.SA,30.81999969482422,30.829999923706055,30.790000915527344,30.829999923706055,9200
2026-04-29 16:50:00+00:00,TOTS3.SA,30.84000015258789,30.84000015258789,30.799999237060547,30.829999923706055,10400
2026-04-29 16:55:00+00:00,TOTS3.SA,30.81999969482422,30.829999923706055,30.799999237060547,30.799999237060547,7700
2026-04-29 17:00:00+00:00,TOTS3.SA,30.809999465942383,30.829999923706055,30.770000457763672,30.809999465942383,23200
2026-04-29 17:05:00+00:00,TOTS3.SA,30.809999465942383,30.829999923706055,30.799999237060547,30.829999923706055,6500
2026-04-29 17:10:00+00:00,TOTS3.SA,30.829999923706055,30.860000610351562,30.739999771118164,30.829999923706055,110700
2026-04-29 17:15:00+00:00,TOTS3.SA,30.829999923706055,30.959999084472656,30.81999969482422,30.950000762939453,86600
2026-04-29 17:20:00+00:00,TOTS3.SA,30.950000762939453,30.969999313354492,30.889999389648438,30.889999389648438,24400
2026-04-29 17:25:00+00:00,TOTS3.SA,30.889999389648438,31.0,30.8799991607666,30.959999084472656,97100
2026-04-29 17:30:00+00:00,TOTS3.SA,30.940000534057617,31.0,30.93000030517578,30.940000534057617,26500
2026-04-29 17:35:00+00:00,TOTS3.SA,30.940000534057617,30.959999084472656,30.8700008392334,30.899999618530273,25600
2026-04-29 17:40:00+00:00,TOTS3.SA,30.899999618530273,31.020000457763672,30.899999618530273,30.959999084472656,103300
2026-04-29 17:45:00+00:00,TOTS3.SA,30.959999084472656,31.010000228881836,30.90999984741211,30.989999771118164,18000
2026-04-29 17:50:00+00:00,TOTS3.SA,30.989999771118164,31.020000457763672,30.969999313354492,31.0,12800
2026-04-29 17:55:00+00:00,TOTS3.SA,31.0,31.0,30.959999084472656,30.989999771118164,11300
2026-04-29 18:00:00+00:00,TOTS3.SA,30.969999313354492,30.989999771118164,30.850000381469727,30.90999984741211,25000
2026-04-29 18:05:00+00:00,TOTS3.SA,30.920000076293945,30.93000030517578,30.84000015258789,30.84000015258789,21900
2026-04-29 18:10:00+00:00,TOTS3.SA,30.84000015258789,30.850000381469727,30.799999237060547,30.84000015258789,30700
2026-04-29 18:15:00+00:00,TOTS3.SA,30.84000015258789,30.979999542236328,30.829999923706055,30.979999542236328,21700
2026-04-29 18:20:00+00:00,TOTS3.SA,30.989999771118164,31.0,30.920000076293945,30.93000030517578,20400
2026-04-29 18:25:00+00:00,TOTS3.SA,30.93000030517578,30.950000762939453,30.8700008392334,30.950000762939453,20000
2026-04-29 18:30:00+00:00,TOTS3.SA,30.950000762939453,30.950000762939453,30.850000381469727,30.940000534057617,39200
2026-04-29 18:35:00+00:00,TOTS3.SA,30.940000534057617,31.030000686645508,30.899999618530273,30.979999542236328,44300
2026-04-29 18:40:00+00:00,TOTS3.SA,30.959999084472656,30.969999313354492,30.889999389648438,30.920000076293945,24200
2026-04-29 18:45:00+00:00,TOTS3.SA,30.889999389648438,30.969999313354492,30.8799991607666,30.969999313354492,24400
2026-04-29 18:50:00+00:00,TOTS3.SA,30.969999313354492,30.969999313354492,30.93000030517578,30.940000534057617,19800
2026-04-29 18:55:00+00:00,TOTS3.SA,30.940000534057617,30.989999771118164,30.940000534057617,30.959999084472656,22200
2026-04-29 19:00:00+00:00,TOTS3.SA,30.959999084472656,30.979999542236328,30.899999618530273,30.93000030517578,37900
2026-04-29 19:05:00+00:00,TOTS3.SA,30.920000076293945,31.110000610351562,30.920000076293945,31.09000015258789,76100
2026-04-29 19:10:00+00:00,TOTS3.SA,31.079999923706055,31.100000381469727,31.010000228881836,31.020000457763672,35300
2026-04-29 19:15:00+00:00,TOTS3.SA,31.040000915527344,31.049999237060547,30.989999771118164,31.020000457763672,55200
2026-04-29 19:20:00+00:00,TOTS3.SA,31.010000228881836,31.079999923706055,30.979999542236328,31.059999465942383,48700
2026-04-29 19:25:00+00:00,TOTS3.SA,31.06999969482422,31.06999969482422,31.020000457763672,31.049999237060547,56900
2026-04-29 19:30:00+00:00,TOTS3.SA,31.030000686645508,31.049999237060547,30.989999771118164,31.040000915527344,119000
2026-04-29 19:35:00+00:00,TOTS3.SA,31.030000686645508,31.09000015258789,31.020000457763672,31.06999969482422,53400
2026-04-29 19:40:00+00:00,TOTS3.SA,31.06999969482422,31.06999969482422,31.020000457763672,31.06999969482422,54900
2026-04-29 19:45:00+00:00,TOTS3.SA,31.06999969482422,31.09000015258789,31.0,31.0,60900
2026-04-29 19:50:00+00:00,TOTS3.SA,31.0,31.06999969482422,31.0,31.030000686645508,51700
2026-04-30 13:05:00+00:00,TOTS3.SA,31.600000381469727,31.690000534057617,31.360000610351562,31.56999969482422,6200
2026-04-30 13:10:00+00:00,TOTS3.SA,31.579999923706055,31.6299991607666,31.43000030517578,31.579999923706055,32600
2026-04-30 13:15:00+00:00,TOTS3.SA,31.56999969482422,31.649999618530273,31.559999465942383,31.6299991607666,23300
2026-04-30 13:20:00+00:00,TOTS3.SA,31.6200008392334,31.65999984741211,31.510000228881836,31.530000686645508,17400
2026-04-30 13:25:00+00:00,TOTS3.SA,31.540000915527344,31.59000015258789,31.469999313354492,31.469999313354492,10300
2026-04-30 13:30:00+00:00,TOTS3.SA,31.489999771118164,31.600000381469727,31.3799991607666,31.440000534057617,111300
2026-04-30 13:35:00+00:00,TOTS3.SA,31.43000030517578,31.5,31.290000915527344,31.299999237060547,49300
2026-04-30 13:40:00+00:00,TOTS3.SA,31.280000686645508,31.34000015258789,31.260000228881836,31.329999923706055,14200
2026-04-30 13:45:00+00:00,TOTS3.SA,31.309999465942383,31.399999618530273,31.270000457763672,31.280000686645508,37500
2026-04-30 13:50:00+00:00,TOTS3.SA,31.309999465942383,31.360000610351562,31.299999237060547,31.299999237060547,15900
2026-04-30 13:55:00+00:00,TOTS3.SA,31.290000915527344,31.34000015258789,31.239999771118164,31.270000457763672,28000
2026-04-30 14:00:00+00:00,TOTS3.SA,31.270000457763672,31.420000076293945,31.25,31.399999618530273,20900
2026-04-30 14:05:00+00:00,TOTS3.SA,31.420000076293945,31.479999542236328,31.399999618530273,31.450000762939453,33000
2026-04-30 14:10:00+00:00,TOTS3.SA,31.440000534057617,31.520000457763672,31.43000030517578,31.510000228881836,16900
2026-04-30 14:15:00+00:00,TOTS3.SA,31.510000228881836,31.56999969482422,31.43000030517578,31.450000762939453,23200
2026-04-30 14:20:00+00:00,TOTS3.SA,31.459999084472656,31.6299991607666,31.43000030517578,31.610000610351562,50900
2026-04-30 14:25:00+00:00,TOTS3.SA,31.6200008392334,31.6299991607666,31.540000915527344,31.559999465942383,33800
2026-04-30 14:30:00+00:00,TOTS3.SA,31.559999465942383,31.6200008392334,31.540000915527344,31.559999465942383,27900
2026-04-30 14:35:00+00:00,TOTS3.SA,31.559999465942383,31.56999969482422,31.34000015258789,31.3799991607666,58000
2026-04-30 14:40:00+00:00,TOTS3.SA,31.399999618530273,31.5,31.399999618530273,31.479999542236328,16600
2026-04-30 14:45:00+00:00,TOTS3.SA,31.5,31.639999389648438,31.5,31.6299991607666,22900
2026-04-30 14:50:00+00:00,TOTS3.SA,31.6299991607666,31.649999618530273,31.540000915527344,31.549999237060547,32900
2026-04-30 14:55:00+00:00,TOTS3.SA,31.540000915527344,31.549999237060547,31.459999084472656,31.469999313354492,27000
2026-04-30 15:00:00+00:00,TOTS3.SA,31.469999313354492,31.530000686645508,31.459999084472656,31.459999084472656,21500
2026-04-30 15:05:00+00:00,TOTS3.SA,31.459999084472656,31.59000015258789,31.440000534057617,31.59000015258789,42700
2026-04-30 15:10:00+00:00,TOTS3.SA,31.600000381469727,31.68000030517578,31.549999237060547,31.670000076293945,199700
2026-04-30 15:15:00+00:00,TOTS3.SA,31.65999984741211,31.68000030517578,31.6299991607666,31.65999984741211,68400
2026-04-30 15:20:00+00:00,TOTS3.SA,31.65999984741211,31.770000457763672,31.649999618530273,31.770000457763672,39900
2026-04-30 15:25:00+00:00,TOTS3.SA,31.760000228881836,31.799999237060547,31.739999771118164,31.760000228881836,33000
2026-04-30 15:30:00+00:00,TOTS3.SA,31.75,31.780000686645508,31.739999771118164,31.770000457763672,30200
2026-04-30 15:35:00+00:00,TOTS3.SA,31.760000228881836,31.809999465942383,31.739999771118164,31.770000457763672,31300
2026-04-30 15:40:00+00:00,TOTS3.SA,31.770000457763672,31.860000610351562,31.709999084472656,31.850000381469727,25500
2026-04-30 15:45:00+00:00,TOTS3.SA,31.84000015258789,31.8700008392334,31.809999465942383,31.860000610351562,28800
2026-04-30 15:50:00+00:00,TOTS3.SA,31.8700008392334,31.899999618530273,31.829999923706055,31.8799991607666,26800
2026-04-30 15:55:00+00:00,TOTS3.SA,31.8799991607666,31.889999389648438,31.84000015258789,31.84000015258789,22600
2026-04-30 16:00:00+00:00,TOTS3.SA,31.81999969482422,31.81999969482422,31.739999771118164,31.809999465942383,14300
2026-04-30 16:05:00+00:00,TOTS3.SA,31.790000915527344,31.81999969482422,31.75,31.780000686645508,50100
2026-04-30 16:10:00+00:00,TOTS3.SA,31.770000457763672,31.799999237060547,31.75,31.780000686645508,20200
2026-04-30 16:15:00+00:00,TOTS3.SA,31.780000686645508,31.799999237060547,31.75,31.790000915527344,51000
2026-04-30 16:20:00+00:00,TOTS3.SA,31.81999969482422,31.81999969482422,31.770000457763672,31.780000686645508,15900
2026-04-30 16:25:00+00:00,TOTS3.SA,31.780000686645508,31.8799991607666,31.770000457763672,31.8700008392334,20800
2026-04-30 16:30:00+00:00,TOTS3.SA,31.8700008392334,31.90999984741211,31.860000610351562,31.8799991607666,33600
2026-04-30 16:35:00+00:00,TOTS3.SA,31.8799991607666,31.90999984741211,31.850000381469727,31.850000381469727,18800
2026-04-30 16:40:00+00:00,TOTS3.SA,31.850000381469727,31.8700008392334,31.799999237060547,31.81999969482422,23300
2026-04-30 16:45:00+00:00,TOTS3.SA,31.829999923706055,31.84000015258789,31.799999237060547,31.81999969482422,7300
2026-04-30 16:50:00+00:00,TOTS3.SA,31.84000015258789,31.84000015258789,31.75,31.770000457763672,32600
2026-04-30 16:55:00+00:00,TOTS3.SA,31.770000457763672,31.850000381469727,31.770000457763672,31.809999465942383,25500
2026-04-30 17:00:00+00:00,TOTS3.SA,31.799999237060547,31.889999389648438,31.799999237060547,31.84000015258789,29800
2026-04-30 17:05:00+00:00,TOTS3.SA,31.860000610351562,31.8799991607666,31.84000015258789,31.84000015258789,24800
2026-04-30 17:10:00+00:00,TOTS3.SA,31.8700008392334,31.979999542236328,31.81999969482422,31.90999984741211,94300
2026-04-30 17:15:00+00:00,TOTS3.SA,31.90999984741211,31.959999084472656,31.899999618530273,31.940000534057617,20200
2026-04-30 17:20:00+00:00,TOTS3.SA,31.950000762939453,31.969999313354492,31.90999984741211,31.940000534057617,38800
2026-04-30 17:25:00+00:00,TOTS3.SA,31.940000534057617,32.099998474121094,31.899999618530273,32.04999923706055,163900
2026-04-30 17:30:00+00:00,TOTS3.SA,32.060001373291016,32.16999816894531,32.060001373291016,32.11000061035156,48700
2026-04-30 17:35:00+00:00,TOTS3.SA,32.11000061035156,32.15999984741211,32.0,32.0,60000
2026-04-30 17:40:00+00:00,TOTS3.SA,32.0,32.0,31.93000030517578,31.989999771118164,25000
2026-04-30 17:45:00+00:00,TOTS3.SA,31.989999771118164,32.040000915527344,31.959999084472656,32.0,64400
2026-04-30 17:50:00+00:00,TOTS3.SA,32.0,32.02000045776367,31.950000762939453,31.959999084472656,16100
2026-04-30 17:55:00+00:00,TOTS3.SA,31.950000762939453,32.0099983215332,31.8799991607666,31.959999084472656,37000
2026-04-30 18:00:00+00:00,TOTS3.SA,31.959999084472656,32.04999923706055,31.93000030517578,32.040000915527344,235300
2026-04-30 18:05:00+00:00,TOTS3.SA,32.040000915527344,32.13999938964844,32.0,32.08000183105469,80400
2026-04-30 18:10:00+00:00,TOTS3.SA,32.09000015258789,32.130001068115234,32.06999969482422,32.11000061035156,15500
2026-04-30 18:15:00+00:00,TOTS3.SA,32.119998931884766,32.13999938964844,32.11000061035156,32.13999938964844,17300
2026-04-30 18:20:00+00:00,TOTS3.SA,32.13999938964844,32.13999938964844,32.08000183105469,32.08000183105469,29500
2026-04-30 18:25:00+00:00,TOTS3.SA,32.08000183105469,32.099998474121094,32.060001373291016,32.06999969482422,30400
2026-04-30 18:30:00+00:00,TOTS3.SA,32.06999969482422,32.29999923706055,32.060001373291016,32.2400016784668,219600
2026-04-30 18:35:00+00:00,TOTS3.SA,32.2400016784668,32.29999923706055,32.220001220703125,32.2599983215332,39000
2026-04-30 18:40:00+00:00,TOTS3.SA,32.2599983215332,32.27000045776367,32.220001220703125,32.220001220703125,21900
2026-04-30 18:45:00+00:00,TOTS3.SA,32.209999084472656,32.2599983215332,32.18000030517578,32.209999084472656,90200
2026-04-30 18:50:00+00:00,TOTS3.SA,32.209999084472656,32.220001220703125,32.16999816894531,32.189998626708984,50400
2026-04-30 18:55:00+00:00,TOTS3.SA,32.189998626708984,32.22999954223633,32.16999816894531,32.18000030517578,26300
2026-04-30 19:00:00+00:00,TOTS3.SA,32.189998626708984,32.20000076293945,32.11000061035156,32.11000061035156,36200
2026-04-30 19:05:00+00:00,TOTS3.SA,32.130001068115234,32.13999938964844,32.08000183105469,32.13999938964844,35500
2026-04-30 19:10:00+00:00,TOTS3.SA,32.13999938964844,32.15999984741211,32.08000183105469,32.13999938964844,45800
2026-04-30 19:15:00+00:00,TOTS3.SA,32.130001068115234,32.209999084472656,32.119998931884766,32.18000030517578,33300
2026-04-30 19:20:00+00:00,TOTS3.SA,32.20000076293945,32.209999084472656,32.099998474121094,32.16999816894531,135900
2026-04-30 19:25:00+00:00,TOTS3.SA,32.15999984741211,32.189998626708984,32.09000015258789,32.09000015258789,35700
2026-04-30 19:30:00+00:00,TOTS3.SA,32.099998474121094,32.150001525878906,32.09000015258789,32.09000015258789,38900
2026-04-30 19:35:00+00:00,TOTS3.SA,32.09000015258789,32.099998474121094,32.060001373291016,32.099998474121094,41400
2026-04-30 19:40:00+00:00,TOTS3.SA,32.09000015258789,32.099998474121094,31.989999771118164,31.989999771118164,60200
2026-04-30 19:45:00+00:00,TOTS3.SA,31.989999771118164,32.02000045776367,31.979999542236328,32.0,80600
2026-05-04 13:05:00+00:00,TOTS3.SA,32.5,32.790000915527344,32.4900016784668,32.540000915527344,44500
2026-05-04 13:10:00+00:00,TOTS3.SA,32.56999969482422,32.65999984741211,32.33000183105469,32.43000030517578,86500
2026-05-04 13:15:00+00:00,TOTS3.SA,32.400001525878906,32.43000030517578,32.11000061035156,32.16999816894531,63300
2026-05-04 13:20:00+00:00,TOTS3.SA,32.16999816894531,32.2599983215332,32.16999816894531,32.18000030517578,30200
2026-05-04 13:25:00+00:00,TOTS3.SA,32.209999084472656,32.33000183105469,32.11000061035156,32.33000183105469,101900
2026-05-04 13:30:00+00:00,TOTS3.SA,32.33000183105469,32.54999923706055,32.33000183105469,32.5099983215332,37800
2026-05-04 13:35:00+00:00,TOTS3.SA,32.52000045776367,32.79999923706055,32.5,32.779998779296875,52200
2026-05-04 13:40:00+00:00,TOTS3.SA,32.77000045776367,32.790000915527344,32.58000183105469,32.61000061035156,55700
2026-05-04 13:45:00+00:00,TOTS3.SA,32.61000061035156,32.72999954223633,32.61000061035156,32.619998931884766,49500
2026-05-04 13:50:00+00:00,TOTS3.SA,32.619998931884766,32.689998626708984,32.47999954223633,32.5,497900
2026-05-04 13:55:00+00:00,TOTS3.SA,32.5,32.65999984741211,32.470001220703125,32.59000015258789,116000
2026-05-04 14:00:00+00:00,TOTS3.SA,32.59000015258789,32.59000015258789,32.5,32.5,46100
2026-05-04 14:05:00+00:00,TOTS3.SA,32.5,32.630001068115234,32.439998626708984,32.47999954223633,188700
2026-05-04 14:10:00+00:00,TOTS3.SA,32.47999954223633,32.540000915527344,32.459999084472656,32.4900016784668,59100
2026-05-04 14:15:00+00:00,TOTS3.SA,32.4900016784668,32.58000183105469,32.47999954223633,32.560001373291016,28400
2026-05-04 14:20:00+00:00,TOTS3.SA,32.56999969482422,32.65999984741211,32.54999923706055,32.619998931884766,146700
2026-05-04 14:25:00+00:00,TOTS3.SA,32.619998931884766,32.70000076293945,32.599998474121094,32.650001525878906,127400
2026-05-04 14:30:00+00:00,TOTS3.SA,32.630001068115234,32.70000076293945,32.619998931884766,32.65999984741211,35700
2026-05-04 14:35:00+00:00,TOTS3.SA,32.650001525878906,32.84000015258789,32.619998931884766,32.81999969482422,85600
2026-05-04 14:40:00+00:00,TOTS3.SA,32.810001373291016,32.810001373291016,32.72999954223633,32.7599983215332,23400
2026-05-04 14:45:00+00:00,TOTS3.SA,32.7599983215332,32.81999969482422,32.72999954223633,32.77000045776367,46300
2026-05-04 14:50:00+00:00,TOTS3.SA,32.75,32.849998474121094,32.7400016784668,32.84000015258789,32400
2026-05-04 14:55:00+00:00,TOTS3.SA,32.83000183105469,32.86000061035156,32.70000076293945,32.720001220703125,124000
2026-05-04 15:00:00+00:00,TOTS3.SA,32.709999084472656,32.93000030517578,32.689998626708984,32.880001068115234,210900
2026-05-04 15:05:00+00:00,TOTS3.SA,32.86000061035156,32.970001220703125,32.86000061035156,32.959999084472656,51400
2026-05-04 15:10:00+00:00,TOTS3.SA,32.95000076293945,33.029998779296875,32.91999816894531,32.91999816894531,30200
2026-05-04 15:15:00+00:00,TOTS3.SA,32.91999816894531,32.95000076293945,32.7599983215332,32.77000045776367,105600
2026-05-04 15:20:00+00:00,TOTS3.SA,32.77000045776367,32.970001220703125,32.7400016784668,32.77000045776367,161300
2026-05-04 15:25:00+00:00,TOTS3.SA,32.77000045776367,32.81999969482422,32.619998931884766,32.720001220703125,106100
2026-05-04 15:30:00+00:00,TOTS3.SA,32.7400016784668,32.7400016784668,32.63999938964844,32.70000076293945,54900
2026-05-04 15:35:00+00:00,TOTS3.SA,32.689998626708984,32.86000061035156,32.650001525878906,32.83000183105469,125900
2026-05-04 15:40:00+00:00,TOTS3.SA,32.810001373291016,32.939998626708984,32.779998779296875,32.91999816894531,101400
2026-05-04 15:45:00+00:00,TOTS3.SA,32.93000030517578,32.95000076293945,32.650001525878906,32.68000030517578,253300
2026-05-04 15:50:00+00:00,TOTS3.SA,32.65999984741211,32.66999816894531,32.470001220703125,32.540000915527344,297000
2026-05-04 15:55:00+00:00,TOTS3.SA,32.540000915527344,32.540000915527344,32.43000030517578,32.470001220703125,218500
2026-05-04 16:00:00+00:00,TOTS3.SA,32.45000076293945,32.5,32.279998779296875,32.349998474121094,148300
2026-05-04 16:05:00+00:00,TOTS3.SA,32.34000015258789,32.38999938964844,32.20000076293945,32.25,68600
2026-05-04 16:10:00+00:00,TOTS3.SA,32.25,32.29999923706055,32.220001220703125,32.2599983215332,35200
2026-05-04 16:15:00+00:00,TOTS3.SA,32.2400016784668,32.38999938964844,32.220001220703125,32.349998474121094,35200
2026-05-04 16:20:00+00:00,TOTS3.SA,32.34000015258789,32.380001068115234,32.29999923706055,32.29999923706055,25700
2026-05-04 16:25:00+00:00,TOTS3.SA,32.29999923706055,32.31999969482422,32.209999084472656,32.290000915527344,26800
2026-05-04 16:30:00+00:00,TOTS3.SA,32.279998779296875,32.33000183105469,32.27000045776367,32.27000045776367,45200
2026-05-04 16:35:00+00:00,TOTS3.SA,32.27000045776367,32.310001373291016,32.25,32.279998779296875,41800
2026-05-04 16:40:00+00:00,TOTS3.SA,32.279998779296875,32.34000015258789,32.2599983215332,32.310001373291016,45100
2026-05-04 16:45:00+00:00,TOTS3.SA,32.290000915527344,32.31999969482422,32.2599983215332,32.279998779296875,25500
2026-05-04 16:50:00+00:00,TOTS3.SA,32.29999923706055,32.29999923706055,32.25,32.27000045776367,39100
2026-05-04 16:55:00+00:00,TOTS3.SA,32.27000045776367,32.47999954223633,32.2599983215332,32.470001220703125,138500
2026-05-04 17:00:00+00:00,TOTS3.SA,32.459999084472656,32.59000015258789,32.45000076293945,32.54999923706055,72000
2026-05-04 17:05:00+00:00,TOTS3.SA,32.540000915527344,32.540000915527344,32.470001220703125,32.47999954223633,22100
2026-05-04 17:10:00+00:00,TOTS3.SA,32.5,32.61000061035156,32.47999954223633,32.56999969482422,26300
2026-05-04 17:15:00+00:00,TOTS3.SA,32.58000183105469,32.63999938964844,32.529998779296875,32.599998474121094,30300
2026-05-04 17:20:00+00:00,TOTS3.SA,32.599998474121094,32.650001525878906,32.56999969482422,32.619998931884766,27000
2026-05-04 17:25:00+00:00,TOTS3.SA,32.599998474121094,32.65999984741211,32.59000015258789,32.63999938964844,53400
2026-05-04 17:30:00+00:00,TOTS3.SA,32.61000061035156,32.65999984741211,32.599998474121094,32.63999938964844,29800
2026-05-04 17:35:00+00:00,TOTS3.SA,32.61000061035156,32.779998779296875,32.58000183105469,32.77000045776367,185200
2026-05-04 17:40:00+00:00,TOTS3.SA,32.77000045776367,32.88999938964844,32.75,32.869998931884766,67500
2026-05-04 17:45:00+00:00,TOTS3.SA,32.869998931884766,32.93000030517578,32.83000183105469,32.90999984741211,57000
2026-05-04 17:50:00+00:00,TOTS3.SA,32.93000030517578,33.0,32.900001525878906,32.939998626708984,56600
2026-05-04 17:55:00+00:00,TOTS3.SA,32.91999816894531,33.029998779296875,32.90999984741211,33.0099983215332,87200
2026-05-04 18:00:00+00:00,TOTS3.SA,33.02000045776367,33.150001525878906,33.0099983215332,33.13999938964844,62200
2026-05-04 18:05:00+00:00,TOTS3.SA,33.119998931884766,33.13999938964844,32.849998474121094,32.86000061035156,119600
2026-05-04 18:10:00+00:00,TOTS3.SA,32.86000061035156,32.880001068115234,32.83000183105469,32.84000015258789,76400
2026-05-04 18:15:00+00:00,TOTS3.SA,32.849998474121094,32.849998474121094,32.70000076293945,32.72999954223633,69100
2026-05-04 18:20:00+00:00,TOTS3.SA,32.72999954223633,32.779998779296875,32.66999816894531,32.709999084472656,75800
2026-05-04 18:25:00+00:00,TOTS3.SA,32.720001220703125,32.84000015258789,32.70000076293945,32.83000183105469,62300
2026-05-04 18:30:00+00:00,TOTS3.SA,32.84000015258789,32.84000015258789,32.779998779296875,32.83000183105469,38500
2026-05-04 18:35:00+00:00,TOTS3.SA,32.81999969482422,32.900001525878906,32.79999923706055,32.880001068115234,120100
2026-05-04 18:40:00+00:00,TOTS3.SA,32.880001068115234,32.959999084472656,32.849998474121094,32.880001068115234,48300
2026-05-04 18:45:00+00:00,TOTS3.SA,32.86000061035156,32.880001068115234,32.72999954223633,32.7400016784668,107900
2026-05-04 18:50:00+00:00,TOTS3.SA,32.7400016784668,32.849998474121094,32.72999954223633,32.84000015258789,71700
2026-05-04 18:55:00+00:00,TOTS3.SA,32.84000015258789,32.88999938964844,32.790000915527344,32.810001373291016,88400
2026-05-04 19:00:00+00:00,TOTS3.SA,32.810001373291016,32.84000015258789,32.779998779296875,32.79999923706055,43900
2026-05-04 19:05:00+00:00,TOTS3.SA,32.81999969482422,32.88999938964844,32.790000915527344,32.849998474121094,214500
2026-05-04 19:10:00+00:00,TOTS3.SA,32.84000015258789,32.939998626708984,32.7599983215332,32.880001068115234,92500
2026-05-04 19:15:00+00:00,TOTS3.SA,32.880001068115234,32.93000030517578,32.72999954223633,32.75,102200
2026-05-04 19:20:00+00:00,TOTS3.SA,32.72999954223633,32.7599983215332,32.70000076293945,32.70000076293945,66800
2026-05-04 19:25:00+00:00,TOTS3.SA,32.70000076293945,32.720001220703125,32.650001525878906,32.70000076293945,75000
2026-05-04 19:30:00+00:00,TOTS3.SA,32.709999084472656,32.709999084472656,32.58000183105469,32.59000015258789,81200
2026-05-04 19:35:00+00:00,TOTS3.SA,32.61000061035156,32.68000030517578,32.58000183105469,32.61000061035156,70400
2026-05-04 19:40:00+00:00,TOTS3.SA,32.619998931884766,32.65999984741211,32.59000015258789,32.619998931884766,89600
2026-05-04 19:45:00+00:00,TOTS3.SA,32.619998931884766,32.63999938964844,32.5099983215332,32.61000061035156,91100
2026-05-04 19:50:00+00:00,TOTS3.SA,32.599998474121094,32.619998931884766,32.5,32.619998931884766,97200
2026-05-05 13:05:00+00:00,TOTS3.SA,32.540000915527344,32.86000061035156,32.540000915527344,32.7400016784668,4700
2026-05-05 13:10:00+00:00,TOTS3.SA,32.70000076293945,32.81999969482422,32.619998931884766,32.81999969482422,25200
2026-05-05 13:15:00+00:00,TOTS3.SA,32.79999923706055,32.939998626708984,32.779998779296875,32.849998474121094,21500
2026-05-05 13:20:00+00:00,TOTS3.SA,32.84000015258789,32.880001068115234,32.7400016784668,32.779998779296875,16000
2026-05-05 13:25:00+00:00,TOTS3.SA,32.779998779296875,32.849998474121094,32.720001220703125,32.720001220703125,12900
2026-05-05 13:30:00+00:00,TOTS3.SA,32.720001220703125,32.75,32.58000183105469,32.599998474121094,26800
2026-05-05 13:35:00+00:00,TOTS3.SA,32.61000061035156,32.83000183105469,32.61000061035156,32.7400016784668,137900
2026-05-05 13:40:00+00:00,TOTS3.SA,32.7400016784668,32.790000915527344,32.65999984741211,32.75,94700
2026-05-05 13:45:00+00:00,TOTS3.SA,32.77000045776367,32.959999084472656,32.75,32.86000061035156,43600
2026-05-05 13:50:00+00:00,TOTS3.SA,32.849998474121094,32.970001220703125,32.83000183105469,32.869998931884766,42400
2026-05-05 13:55:00+00:00,TOTS3.SA,32.880001068115234,32.939998626708984,32.86000061035156,32.90999984741211,52500
2026-05-05 14:00:00+00:00,TOTS3.SA,32.88999938964844,33.06999969482422,32.88999938964844,33.06999969482422,42700
2026-05-05 14:05:00+00:00,TOTS3.SA,33.06999969482422,33.150001525878906,33.04999923706055,33.09000015258789,188000
2026-05-05 14:10:00+00:00,TOTS3.SA,33.09000015258789,33.16999816894531,32.939998626708984,33.029998779296875,80900
2026-05-05 14:15:00+00:00,TOTS3.SA,33.0099983215332,33.08000183105469,32.970001220703125,33.02000045776367,47900
2026-05-05 14:20:00+00:00,TOTS3.SA,33.0,33.119998931884766,32.97999954223633,33.099998474121094,37500
2026-05-05 14:25:00+00:00,TOTS3.SA,33.099998474121094,33.150001525878906,33.040000915527344,33.040000915527344,39700
2026-05-05 14:30:00+00:00,TOTS3.SA,33.040000915527344,33.04999923706055,32.97999954223633,33.02000045776367,28400
2026-05-05 14:35:00+00:00,TOTS3.SA,33.02000045776367,33.060001373291016,32.959999084472656,33.02000045776367,39400
2026-05-05 14:40:00+00:00,TOTS3.SA,33.02000045776367,33.18000030517578,33.0099983215332,33.15999984741211,43900
2026-05-05 14:45:00+00:00,TOTS3.SA,33.15999984741211,33.16999816894531,33.06999969482422,33.099998474121094,24600
2026-05-05 14:50:00+00:00,TOTS3.SA,33.099998474121094,33.11000061035156,33.04999923706055,33.06999969482422,23100
2026-05-05 14:55:00+00:00,TOTS3.SA,33.06999969482422,33.130001068115234,32.959999084472656,33.0099983215332,58700
2026-05-05 15:00:00+00:00,TOTS3.SA,33.0,33.02000045776367,32.97999954223633,33.0,46000
2026-05-05 15:05:00+00:00,TOTS3.SA,33.0,33.0099983215332,32.88999938964844,32.88999938964844,36200
2026-05-05 15:10:00+00:00,TOTS3.SA,32.88999938964844,32.939998626708984,32.869998931884766,32.91999816894531,34300
2026-05-05 15:15:00+00:00,TOTS3.SA,32.93000030517578,32.97999954223633,32.91999816894531,32.939998626708984,23800
2026-05-05 15:20:00+00:00,TOTS3.SA,32.95000076293945,32.9900016784668,32.90999984741211,32.95000076293945,32500
2026-05-05 15:25:00+00:00,TOTS3.SA,32.939998626708984,32.959999084472656,32.91999816894531,32.939998626708984,20500
2026-05-05 15:30:00+00:00,TOTS3.SA,32.939998626708984,32.97999954223633,32.91999816894531,32.93000030517578,27600
2026-05-05 15:35:00+00:00,TOTS3.SA,32.93000030517578,32.9900016784668,32.91999816894531,32.970001220703125,84800
2026-05-05 15:40:00+00:00,TOTS3.SA,32.959999084472656,33.04999923706055,32.959999084472656,33.02000045776367,22400
2026-05-05 15:45:00+00:00,TOTS3.SA,33.0,33.09000015258789,33.0,33.040000915527344,35300
2026-05-05 15:50:00+00:00,TOTS3.SA,33.060001373291016,33.279998779296875,33.04999923706055,33.22999954223633,108500
2026-05-05 15:55:00+00:00,TOTS3.SA,33.22999954223633,33.27000045776367,33.150001525878906,33.15999984741211,27400
2026-05-05 16:00:00+00:00,TOTS3.SA,33.16999816894531,33.209999084472656,33.119998931884766,33.13999938964844,35000
2026-05-05 16:05:00+00:00,TOTS3.SA,33.130001068115234,33.15999984741211,33.11000061035156,33.119998931884766,28700
2026-05-05 16:10:00+00:00,TOTS3.SA,33.099998474121094,33.15999984741211,33.099998474121094,33.11000061035156,23700
2026-05-05 16:15:00+00:00,TOTS3.SA,33.099998474121094,33.11000061035156,33.02000045776367,33.02000045776367,21200
2026-05-05 16:20:00+00:00,TOTS3.SA,33.02000045776367,33.040000915527344,33.0099983215332,33.029998779296875,13500
2026-05-05 16:25:00+00:00,TOTS3.SA,33.02000045776367,33.040000915527344,33.0,33.0099983215332,33400
2026-05-05 16:30:00+00:00,TOTS3.SA,33.0099983215332,33.040000915527344,33.0,33.029998779296875,22600
2026-05-05 16:35:00+00:00,TOTS3.SA,33.029998779296875,33.040000915527344,33.0,33.0,22900
2026-05-05 16:40:00+00:00,TOTS3.SA,33.0,33.02000045776367,32.959999084472656,33.0,40400
2026-05-05 16:45:00+00:00,TOTS3.SA,32.9900016784668,33.029998779296875,32.9900016784668,33.0099983215332,28000
2026-05-05 16:50:00+00:00,TOTS3.SA,33.0,33.0099983215332,32.95000076293945,32.970001220703125,158700
2026-05-05 16:55:00+00:00,TOTS3.SA,32.970001220703125,32.97999954223633,32.90999984741211,32.90999984741211,51100
2026-05-05 17:00:00+00:00,TOTS3.SA,32.93000030517578,32.970001220703125,32.90999984741211,32.959999084472656,46800
2026-05-05 17:05:00+00:00,TOTS3.SA,32.95000076293945,32.97999954223633,32.95000076293945,32.959999084472656,33300
2026-05-05 17:10:00+00:00,TOTS3.SA,32.959999084472656,33.02000045776367,32.95000076293945,33.0099983215332,41400
2026-05-05 17:15:00+00:00,TOTS3.SA,33.0,33.0099983215332,32.95000076293945,32.9900016784668,66300
2026-05-05 17:20:00+00:00,TOTS3.SA,32.9900016784668,33.0,32.91999816894531,32.9900016784668,59900
2026-05-05 17:25:00+00:00,TOTS3.SA,32.97999954223633,32.9900016784668,32.95000076293945,32.9900016784668,47500
2026-05-05 17:30:00+00:00,TOTS3.SA,32.97999954223633,33.0,32.959999084472656,32.97999954223633,27100
2026-05-05 17:35:00+00:00,TOTS3.SA,32.97999954223633,33.0,32.880001068115234,32.91999816894531,82700
2026-05-05 17:40:00+00:00,TOTS3.SA,32.90999984741211,33.0,32.900001525878906,32.959999084472656,52400
2026-05-05 17:45:00+00:00,TOTS3.SA,32.959999084472656,32.970001220703125,32.70000076293945,32.709999084472656,881300
2026-05-05 17:50:00+00:00,TOTS3.SA,32.70000076293945,32.7599983215332,32.66999816894531,32.7599983215332,124800
2026-05-05 17:55:00+00:00,TOTS3.SA,32.7400016784668,32.779998779296875,32.70000076293945,32.70000076293945,44500
2026-05-05 18:00:00+00:00,TOTS3.SA,32.70000076293945,32.77000045776367,32.70000076293945,32.7400016784668,93000
2026-05-05 18:05:00+00:00,TOTS3.SA,32.75,32.779998779296875,32.720001220703125,32.7400016784668,37500
2026-05-05 18:10:00+00:00,TOTS3.SA,32.75,32.93000030517578,32.75,32.91999816894531,112300
2026-05-05 18:15:00+00:00,TOTS3.SA,32.93000030517578,32.939998626708984,32.88999938964844,32.91999816894531,38700
2026-05-05 18:20:00+00:00,TOTS3.SA,32.90999984741211,32.93000030517578,32.900001525878906,32.90999984741211,49300
2026-05-05 18:25:00+00:00,TOTS3.SA,32.90999984741211,32.93000030517578,32.900001525878906,32.900001525878906,57300
2026-05-05 18:30:00+00:00,TOTS3.SA,32.900001525878906,32.970001220703125,32.900001525878906,32.90999984741211,33200
2026-05-05 18:35:00+00:00,TOTS3.SA,32.90999984741211,32.939998626708984,32.900001525878906,32.90999984741211,83700
2026-05-05 18:40:00+00:00,TOTS3.SA,32.91999816894531,32.95000076293945,32.900001525878906,32.95000076293945,34600
2026-05-05 18:45:00+00:00,TOTS3.SA,32.95000076293945,33.0,32.93000030517578,33.0,32400
2026-05-05 18:50:00+00:00,TOTS3.SA,33.0,33.0099983215332,32.97999954223633,32.9900016784668,24400
2026-05-05 18:55:00+00:00,TOTS3.SA,32.9900016784668,32.9900016784668,32.91999816894531,32.95000076293945,39100
2026-05-05 19:00:00+00:00,TOTS3.SA,32.95000076293945,32.97999954223633,32.91999816894531,32.93000030517578,50900
2026-05-05 19:05:00+00:00,TOTS3.SA,32.93000030517578,33.04999923706055,32.93000030517578,32.970001220703125,47700
2026-05-05 19:10:00+00:00,TOTS3.SA,32.970001220703125,32.970001220703125,32.93000030517578,32.93000030517578,78300
2026-05-05 19:15:00+00:00,TOTS3.SA,32.91999816894531,33.06999969482422,32.91999816894531,33.06999969482422,73700
2026-05-05 19:20:00+00:00,TOTS3.SA,33.06999969482422,33.189998626708984,33.060001373291016,33.15999984741211,243600
2026-05-05 19:25:00+00:00,TOTS3.SA,33.15999984741211,33.31999969482422,33.15999984741211,33.279998779296875,257600
2026-05-05 19:30:00+00:00,TOTS3.SA,33.279998779296875,33.380001068115234,33.25,33.380001068115234,296300
2026-05-05 19:35:00+00:00,TOTS3.SA,33.380001068115234,33.439998626708984,33.290000915527344,33.310001373291016,295900
2026-05-05 19:40:00+00:00,TOTS3.SA,33.310001373291016,33.349998474121094,33.29999923706055,33.310001373291016,254800
2026-05-05 19:45:00+00:00,TOTS3.SA,33.29999923706055,33.45000076293945,33.29999923706055,33.45000076293945,279900
2026-05-05 19:50:00+00:00,TOTS3.SA,33.439998626708984,33.459999084472656,33.06999969482422,33.099998474121094,327700
2026-05-06 13:05:00+00:00,TOTS3.SA,33.189998626708984,33.380001068115234,33.0,33.34000015258789,0
2026-05-06 13:10:00+00:00,TOTS3.SA,33.279998779296875,33.459999084472656,33.08000183105469,33.29999923706055,84400
2026-05-06 13:15:00+00:00,TOTS3.SA,33.2400016784668,33.529998779296875,33.15999984741211,33.29999923706055,133000
2026-05-06 13:20:00+00:00,TOTS3.SA,33.29999923706055,33.619998931884766,33.27000045776367,33.599998474121094,181600
2026-05-06 13:25:00+00:00,TOTS3.SA,33.56999969482422,33.65999984741211,33.47999954223633,33.560001373291016,165300
2026-05-06 13:30:00+00:00,TOTS3.SA,33.560001373291016,33.65999984741211,33.45000076293945,33.560001373291016,97200
2026-05-06 13:35:00+00:00,TOTS3.SA,33.54999923706055,33.66999816894531,33.459999084472656,33.619998931884766,198200
2026-05-06 13:40:00+00:00,TOTS3.SA,33.599998474121094,33.79999923706055,33.59000015258789,33.66999816894531,211800
2026-05-06 13:45:00+00:00,TOTS3.SA,33.68000030517578,33.68000030517578,33.38999938964844,33.52000045776367,142800
2026-05-06 13:50:00+00:00,TOTS3.SA,33.5099983215332,33.540000915527344,33.38999938964844,33.470001220703125,92700
2026-05-06 13:55:00+00:00,TOTS3.SA,33.4900016784668,33.4900016784668,33.20000076293945,33.20000076293945,334200
2026-05-06 14:00:00+00:00,TOTS3.SA,33.22999954223633,33.290000915527344,33.15999984741211,33.15999984741211,41300
2026-05-06 14:05:00+00:00,TOTS3.SA,33.16999816894531,33.29999923706055,33.15999984741211,33.27000045776367,76500
2026-05-06 14:10:00+00:00,TOTS3.SA,33.27000045776367,33.47999954223633,33.25,33.47999954223633,174100
2026-05-06 14:15:00+00:00,TOTS3.SA,33.47999954223633,33.47999954223633,33.29999923706055,33.369998931884766,101800
2026-05-06 14:20:00+00:00,TOTS3.SA,33.349998474121094,33.369998931884766,33.25,33.27000045776367,13700
2026-05-06 14:25:00+00:00,TOTS3.SA,33.2599983215332,33.310001373291016,33.15999984741211,33.15999984741211,39300
2026-05-06 14:30:00+00:00,TOTS3.SA,33.189998626708984,33.220001220703125,33.060001373291016,33.11000061035156,58000
2026-05-06 14:35:00+00:00,TOTS3.SA,33.099998474121094,33.13999938964844,33.06999969482422,33.099998474121094,21900
2026-05-06 14:40:00+00:00,TOTS3.SA,33.11000061035156,33.290000915527344,33.09000015258789,33.2599983215332,86800
2026-05-06 14:45:00+00:00,TOTS3.SA,33.25,33.36000061035156,33.20000076293945,33.25,93400
2026-05-06 14:50:00+00:00,TOTS3.SA,33.2599983215332,33.27000045776367,33.18000030517578,33.20000076293945,12700
2026-05-06 14:55:00+00:00,TOTS3.SA,33.18000030517578,33.22999954223633,33.16999816894531,33.189998626708984,12500
2026-05-06 15:00:00+00:00,TOTS3.SA,33.189998626708984,33.27000045776367,33.150001525878906,33.150001525878906,48300
2026-05-06 15:05:00+00:00,TOTS3.SA,33.16999816894531,33.189998626708984,33.08000183105469,33.11000061035156,68300
2026-05-06 15:10:00+00:00,TOTS3.SA,33.099998474121094,33.15999984741211,33.09000015258789,33.15999984741211,21900
2026-05-06 15:15:00+00:00,TOTS3.SA,33.150001525878906,33.209999084472656,33.13999938964844,33.189998626708984,23500
2026-05-06 15:20:00+00:00,TOTS3.SA,33.18000030517578,33.22999954223633,33.13999938964844,33.20000076293945,53400
2026-05-06 15:25:00+00:00,TOTS3.SA,33.18000030517578,33.25,33.18000030517578,33.22999954223633,34200
2026-05-06 15:30:00+00:00,TOTS3.SA,33.20000076293945,33.220001220703125,33.06999969482422,33.099998474121094,53700
2026-05-06 15:35:00+00:00,TOTS3.SA,33.099998474121094,33.11000061035156,32.97999954223633,33.06999969482422,44400
2026-05-06 15:40:00+00:00,TOTS3.SA,33.060001373291016,33.11000061035156,33.02000045776367,33.099998474121094,40700
2026-05-06 15:45:00+00:00,TOTS3.SA,33.09000015258789,33.119998931884766,33.06999969482422,33.099998474121094,20100
2026-05-06 15:50:00+00:00,TOTS3.SA,33.099998474121094,33.119998931884766,33.08000183105469,33.09000015258789,19300
2026-05-06 15:55:00+00:00,TOTS3.SA,33.11000061035156,33.16999816894531,33.099998474121094,33.13999938964844,19500
2026-05-06 16:00:00+00:00,TOTS3.SA,33.13999938964844,33.20000076293945,33.11000061035156,33.20000076293945,20400
2026-05-06 16:05:00+00:00,TOTS3.SA,33.20000076293945,33.209999084472656,33.150001525878906,33.20000076293945,12000
2026-05-06 16:10:00+00:00,TOTS3.SA,33.20000076293945,33.279998779296875,33.15999984741211,33.2599983215332,28600
2026-05-06 16:15:00+00:00,TOTS3.SA,33.2400016784668,33.290000915527344,33.209999084472656,33.2400016784668,19100
2026-05-06 16:20:00+00:00,TOTS3.SA,33.2400016784668,33.25,33.220001220703125,33.22999954223633,7300
2026-05-06 16:25:00+00:00,TOTS3.SA,33.22999954223633,33.27000045776367,33.15999984741211,33.25,19700
2026-05-06 16:30:00+00:00,TOTS3.SA,33.2400016784668,33.4900016784668,33.220001220703125,33.4900016784668,76600
2026-05-06 16:35:00+00:00,TOTS3.SA,33.459999084472656,33.4900016784668,33.220001220703125,33.310001373291016,103300
2026-05-06 16:40:00+00:00,TOTS3.SA,33.29999923706055,33.45000076293945,33.29999923706055,33.439998626708984,41300
2026-05-06 16:45:00+00:00,TOTS3.SA,33.439998626708984,33.439998626708984,33.380001068115234,33.41999816894531,39100
2026-05-06 16:50:00+00:00,TOTS3.SA,33.40999984741211,33.439998626708984,33.369998931884766,33.43000030517578,37400
2026-05-06 16:55:00+00:00,TOTS3.SA,33.41999816894531,33.47999954223633,33.40999984741211,33.43000030517578,16000
2026-05-06 17:00:00+00:00,TOTS3.SA,33.43000030517578,33.630001068115234,33.41999816894531,33.599998474121094,30600
2026-05-06 17:05:00+00:00,TOTS3.SA,33.619998931884766,33.619998931884766,33.54999923706055,33.56999969482422,70200
2026-05-06 17:10:00+00:00,TOTS3.SA,33.54999923706055,33.599998474121094,33.54999923706055,33.560001373291016,34300
2026-05-06 17:15:00+00:00,TOTS3.SA,33.560001373291016,33.560001373291016,33.439998626708984,33.439998626708984,40900
2026-05-06 17:20:00+00:00,TOTS3.SA,33.439998626708984,33.54999923706055,33.439998626708984,33.540000915527344,31200
2026-05-06 17:25:00+00:00,TOTS3.SA,33.540000915527344,33.540000915527344,33.5099983215332,33.529998779296875,14700
2026-05-06 17:30:00+00:00,TOTS3.SA,33.52000045776367,33.529998779296875,33.43000030517578,33.459999084472656,112400
2026-05-06 17:35:00+00:00,TOTS3.SA,33.459999084472656,33.47999954223633,33.45000076293945,33.45000076293945,41000
2026-05-06 17:40:00+00:00,TOTS3.SA,33.45000076293945,33.459999084472656,33.33000183105469,33.38999938964844,68900
2026-05-06 17:45:00+00:00,TOTS3.SA,33.400001525878906,33.45000076293945,33.33000183105469,33.36000061035156,20900
2026-05-06 17:50:00+00:00,TOTS3.SA,33.36000061035156,33.36000061035156,33.33000183105469,33.36000061035156,22900
2026-05-06 17:55:00+00:00,TOTS3.SA,33.34000015258789,33.380001068115234,33.279998779296875,33.29999923706055,35400
2026-05-06 18:00:00+00:00,TOTS3.SA,33.290000915527344,33.33000183105469,33.209999084472656,33.220001220703125,22000
2026-05-06 18:05:00+00:00,TOTS3.SA,33.220001220703125,33.279998779296875,33.209999084472656,33.279998779296875,43100
2026-05-06 18:10:00+00:00,TOTS3.SA,33.27000045776367,33.290000915527344,33.2400016784668,33.25,14100
2026-05-06 18:15:00+00:00,TOTS3.SA,33.2400016784668,33.27000045776367,33.220001220703125,33.2599983215332,20900
2026-05-06 18:20:00+00:00,TOTS3.SA,33.2599983215332,33.279998779296875,33.220001220703125,33.2400016784668,15300
2026-05-06 18:25:00+00:00,TOTS3.SA,33.2400016784668,33.25,33.209999084472656,33.2400016784668,14100
2026-05-06 18:30:00+00:00,TOTS3.SA,33.2400016784668,33.27000045776367,33.20000076293945,33.22999954223633,26200
2026-05-06 18:35:00+00:00,TOTS3.SA,33.209999084472656,33.310001373291016,33.209999084472656,33.27000045776367,22300
2026-05-06 18:40:00+00:00,TOTS3.SA,33.27000045776367,33.279998779296875,33.25,33.279998779296875,19800
2026-05-06 18:45:00+00:00,TOTS3.SA,33.27000045776367,33.40999984741211,33.2400016784668,33.36000061035156,125400
2026-05-06 18:50:00+00:00,TOTS3.SA,33.36000061035156,33.36000061035156,33.2599983215332,33.27000045776367,30500
2026-05-06 18:55:00+00:00,TOTS3.SA,33.27000045776367,33.29999923706055,33.220001220703125,33.290000915527344,78900
2026-05-06 19:00:00+00:00,TOTS3.SA,33.27000045776367,33.31999969482422,33.2400016784668,33.29999923706055,78500
2026-05-06 19:05:00+00:00,TOTS3.SA,33.290000915527344,33.33000183105469,33.27000045776367,33.310001373291016,24400
2026-05-06 19:10:00+00:00,TOTS3.SA,33.29999923706055,33.310001373291016,33.2599983215332,33.279998779296875,36100
2026-05-06 19:15:00+00:00,TOTS3.SA,33.279998779296875,33.31999969482422,33.279998779296875,33.29999923706055,23100
2026-05-06 19:20:00+00:00,TOTS3.SA,33.29999923706055,33.349998474121094,33.2599983215332,33.2599983215332,44100
2026-05-06 19:25:00+00:00,TOTS3.SA,33.2599983215332,33.279998779296875,33.22999954223633,33.25,44600
2026-05-06 19:30:00+00:00,TOTS3.SA,33.25,33.25,33.20000076293945,33.209999084472656,99100
2026-05-06 19:35:00+00:00,TOTS3.SA,33.209999084472656,33.2599983215332,33.20000076293945,33.209999084472656,70300
2026-05-06 19:40:00+00:00,TOTS3.SA,33.209999084472656,33.22999954223633,33.130001068115234,33.13999938964844,59200
2026-05-06 19:45:00+00:00,TOTS3.SA,33.130001068115234,33.18000030517578,33.119998931884766,33.130001068115234,46300
2026-05-06 19:50:00+00:00,TOTS3.SA,33.130001068115234,33.18000030517578,33.04999923706055,33.08000183105469,128000
2026-05-07 13:05:00+00:00,TOTS3.SA,33.18000030517578,33.84000015258789,33.11000061035156,33.84000015258789,0
2026-05-07 13:15:00+00:00,TOTS3.SA,33.70000076293945,34.34000015258789,33.70000076293945,34.34000015258789,38600
2026-05-07 13:20:00+00:00,TOTS3.SA,34.25,34.720001220703125,34.25,34.310001373291016,271700
2026-05-07 13:25:00+00:00,TOTS3.SA,34.310001373291016,34.470001220703125,34.13999938964844,34.41999816894531,319500
2026-05-07 13:30:00+00:00,TOTS3.SA,34.439998626708984,34.59000015258789,34.290000915527344,34.529998779296875,144000
2026-05-07 13:35:00+00:00,TOTS3.SA,34.52000045776367,34.619998931884766,34.400001525878906,34.5,63700
2026-05-07 13:40:00+00:00,TOTS3.SA,34.5099983215332,34.619998931884766,34.349998474121094,34.43000030517578,131100
2026-05-07 13:45:00+00:00,TOTS3.SA,34.43000030517578,34.849998474121094,34.38999938964844,34.84000015258789,350900
2026-05-07 13:50:00+00:00,TOTS3.SA,34.84000015258789,34.90999984741211,34.68000030517578,34.79999923706055,101500
2026-05-07 13:55:00+00:00,TOTS3.SA,34.83000183105469,34.88999938964844,34.52000045776367,34.52000045776367,114800
2026-05-07 14:00:00+00:00,TOTS3.SA,34.52000045776367,34.77000045776367,34.52000045776367,34.72999954223633,52300
2026-05-07 14:05:00+00:00,TOTS3.SA,34.72999954223633,34.9900016784668,34.709999084472656,34.93000030517578,153000
2026-05-07 14:10:00+00:00,TOTS3.SA,34.90999984741211,35.099998474121094,34.650001525878906,34.72999954223633,386800
2026-05-07 14:15:00+00:00,TOTS3.SA,34.72999954223633,34.72999954223633,34.599998474121094,34.650001525878906,74400
2026-05-07 14:20:00+00:00,TOTS3.SA,34.650001525878906,34.779998779296875,34.650001525878906,34.77000045776367,74500
2026-05-07 14:25:00+00:00,TOTS3.SA,34.77000045776367,34.83000183105469,34.689998626708984,34.79999923706055,188100
2026-05-07 14:30:00+00:00,TOTS3.SA,34.79999923706055,34.810001373291016,34.66999816894531,34.709999084472656,214500
2026-05-07 14:35:00+00:00,TOTS3.SA,34.720001220703125,34.880001068115234,34.720001220703125,34.849998474121094,66700
2026-05-07 14:40:00+00:00,TOTS3.SA,34.86000061035156,34.880001068115234,34.81999969482422,34.849998474121094,29600
2026-05-07 14:45:00+00:00,TOTS3.SA,34.849998474121094,34.95000076293945,34.81999969482422,34.90999984741211,62700
2026-05-07 14:50:00+00:00,TOTS3.SA,34.90999984741211,34.9900016784668,34.880001068115234,34.95000076293945,118600
2026-05-07 14:55:00+00:00,TOTS3.SA,34.959999084472656,34.9900016784668,34.939998626708984,34.970001220703125,63700
2026-05-07 15:00:00+00:00,TOTS3.SA,34.97999954223633,35.06999969482422,34.939998626708984,35.040000915527344,122100
2026-05-07 15:05:00+00:00,TOTS3.SA,35.040000915527344,35.369998931884766,35.029998779296875,35.34000015258789,178900
2026-05-07 15:10:00+00:00,TOTS3.SA,35.349998474121094,35.47999954223633,35.22999954223633,35.43000030517578,336700
2026-05-07 15:15:00+00:00,TOTS3.SA,35.41999816894531,35.56999969482422,33.099998474121094,35.529998779296875,267900
2026-05-07 15:20:00+00:00,TOTS3.SA,35.529998779296875,35.540000915527344,35.470001220703125,35.47999954223633,57400
2026-05-07 15:25:00+00:00,TOTS3.SA,35.4900016784668,35.52000045776367,35.439998626708984,35.470001220703125,61600
2026-05-07 15:30:00+00:00,TOTS3.SA,35.47999954223633,35.529998779296875,35.310001373291016,35.5,59400
2026-05-07 15:35:00+00:00,TOTS3.SA,35.4900016784668,35.5099983215332,35.40999984741211,35.470001220703125,50000
2026-05-07 15:40:00+00:00,TOTS3.SA,35.459999084472656,35.459999084472656,35.34000015258789,35.369998931884766,54000
2026-05-07 15:45:00+00:00,TOTS3.SA,35.36000061035156,35.47999954223633,35.27000045776367,35.470001220703125,68400
2026-05-07 15:50:00+00:00,TOTS3.SA,35.470001220703125,35.59000015258789,35.43000030517578,35.529998779296875,64200
2026-05-07 15:55:00+00:00,TOTS3.SA,35.54999923706055,35.65999984741211,35.5099983215332,35.58000183105469,117800
2026-05-07 16:00:00+00:00,TOTS3.SA,35.58000183105469,35.630001068115234,35.5,35.619998931884766,48100
2026-05-07 16:05:00+00:00,TOTS3.SA,35.630001068115234,35.709999084472656,35.54999923706055,35.630001068115234,80100
2026-05-07 16:10:00+00:00,TOTS3.SA,35.630001068115234,35.650001525878906,35.56999969482422,35.61000061035156,34400
2026-05-07 16:15:00+00:00,TOTS3.SA,35.619998931884766,35.619998931884766,35.52000045776367,35.560001373291016,40300
2026-05-07 16:20:00+00:00,TOTS3.SA,35.56999969482422,35.689998626708984,35.56999969482422,35.66999816894531,35100
2026-05-07 16:25:00+00:00,TOTS3.SA,35.689998626708984,36.189998626708984,35.689998626708984,36.150001525878906,358900
2026-05-07 16:30:00+00:00,TOTS3.SA,36.18000030517578,36.27000045776367,36.02000045776367,36.04999923706055,349300
2026-05-07 16:35:00+00:00,TOTS3.SA,36.040000915527344,36.25,36.0,36.09000015258789,256500
2026-05-07 16:40:00+00:00,TOTS3.SA,36.09000015258789,36.150001525878906,36.04999923706055,36.130001068115234,49900
2026-05-07 16:45:00+00:00,TOTS3.SA,36.130001068115234,36.20000076293945,36.11000061035156,36.130001068115234,54400
2026-05-07 16:50:00+00:00,TOTS3.SA,36.130001068115234,36.22999954223633,36.11000061035156,36.220001220703125,73700
2026-05-07 16:55:00+00:00,TOTS3.SA,36.209999084472656,36.22999954223633,36.11000061035156,36.16999816894531,81200
2026-05-07 17:00:00+00:00,TOTS3.SA,36.15999984741211,36.16999816894531,36.04999923706055,36.06999969482422,48300
2026-05-07 17:05:00+00:00,TOTS3.SA,36.08000183105469,36.209999084472656,35.90999984741211,36.119998931884766,191300
2026-05-07 17:10:00+00:00,TOTS3.SA,36.119998931884766,36.290000915527344,35.970001220703125,36.0099983215332,259700
2026-05-07 17:15:00+00:00,TOTS3.SA,35.9900016784668,36.220001220703125,35.939998626708984,36.15999984741211,367300
2026-05-07 17:20:00+00:00,TOTS3.SA,36.16999816894531,36.16999816894531,36.029998779296875,36.06999969482422,129800
2026-05-07 17:25:00+00:00,TOTS3.SA,36.04999923706055,36.06999969482422,35.61000061035156,35.61000061035156,0
2026-05-07 17:30:00+00:00,TOTS3.SA,35.61000061035156,35.7599983215332,35.61000061035156,35.72999954223633,7175900
2026-05-07 17:35:00+00:00,TOTS3.SA,35.720001220703125,35.77000045776367,35.689998626708984,35.72999954223633,40400
2026-05-07 17:40:00+00:00,TOTS3.SA,35.7400016784668,35.77000045776367,35.650001525878906,35.65999984741211,45500
2026-05-07 17:45:00+00:00,TOTS3.SA,35.650001525878906,35.689998626708984,35.4900016784668,35.529998779296875,84500
2026-05-07 17:50:00+00:00,TOTS3.SA,35.529998779296875,35.65999984741211,35.5,35.65999984741211,55700
2026-05-07 17:55:00+00:00,TOTS3.SA,35.65999984741211,35.779998779296875,35.65999984741211,35.72999954223633,59500
2026-05-07 18:00:00+00:00,TOTS3.SA,35.72999954223633,35.77000045776367,35.709999084472656,35.7400016784668,39300
2026-05-07 18:05:00+00:00,TOTS3.SA,35.75,35.79999923706055,35.709999084472656,35.7400016784668,49800
2026-05-07 18:10:00+00:00,TOTS3.SA,35.7400016784668,35.779998779296875,35.70000076293945,35.720001220703125,37400
2026-05-07 18:15:00+00:00,TOTS3.SA,35.720001220703125,35.900001525878906,35.720001220703125,35.849998474121094,160600
2026-05-07 18:20:00+00:00,TOTS3.SA,35.86000061035156,35.880001068115234,35.790000915527344,35.86000061035156,43900
2026-05-07 18:25:00+00:00,TOTS3.SA,35.86000061035156,35.86000061035156,35.790000915527344,35.81999969482422,37900
2026-05-07 18:30:00+00:00,TOTS3.SA,35.83000183105469,35.959999084472656,35.81999969482422,35.88999938964844,35000
2026-05-07 18:35:00+00:00,TOTS3.SA,35.88999938964844,35.900001525878906,35.79999923706055,35.810001373291016,37100
2026-05-07 18:40:00+00:00,TOTS3.SA,35.83000183105469,35.83000183105469,35.66999816894531,35.72999954223633,58300
2026-05-07 18:45:00+00:00,TOTS3.SA,35.7400016784668,35.869998931884766,35.689998626708984,35.86000061035156,104800
2026-05-07 18:50:00+00:00,TOTS3.SA,35.86000061035156,35.91999816894531,35.83000183105469,35.900001525878906,40800
2026-05-07 18:55:00+00:00,TOTS3.SA,35.90999984741211,35.91999816894531,35.880001068115234,35.88999938964844,50700
2026-05-07 19:00:00+00:00,TOTS3.SA,35.880001068115234,35.97999954223633,35.86000061035156,35.91999816894531,51600
2026-05-07 19:05:00+00:00,TOTS3.SA,35.93000030517578,36.0,35.90999984741211,36.0,104900
2026-05-07 19:10:00+00:00,TOTS3.SA,36.0,36.06999969482422,35.939998626708984,35.939998626708984,64300
2026-05-07 19:15:00+00:00,TOTS3.SA,35.95000076293945,35.959999084472656,35.70000076293945,35.84000015258789,52200
2026-05-07 19:20:00+00:00,TOTS3.SA,35.849998474121094,35.869998931884766,35.81999969482422,35.84000015258789,43500
2026-05-07 19:25:00+00:00,TOTS3.SA,35.84000015258789,35.93000030517578,35.81999969482422,35.88999938964844,47800
2026-05-07 19:30:00+00:00,TOTS3.SA,35.88999938964844,35.91999816894531,35.790000915527344,35.790000915527344,73600
2026-05-07 19:35:00+00:00,TOTS3.SA,35.810001373291016,35.869998931884766,35.790000915527344,35.79999923706055,53100
2026-05-07 19:40:00+00:00,TOTS3.SA,35.79999923706055,36.04999923706055,35.790000915527344,36.029998779296875,76400
2026-05-07 19:45:00+00:00,TOTS3.SA,36.02000045776367,36.029998779296875,35.880001068115234,35.970001220703125,101500
2026-05-07 19:50:00+00:00,TOTS3.SA,35.970001220703125,35.9900016784668,35.849998474121094,35.880001068115234,70200
2026-05-08 13:00:00+00:00,TOTS3.SA,36.099998474121094,36.099998474121094,35.83000183105469,36.040000915527344,0
2026-05-08 13:05:00+00:00,TOTS3.SA,36.029998779296875,36.45000076293945,36.029998779296875,36.45000076293945,44100
2026-05-08 13:10:00+00:00,TOTS3.SA,36.4900016784668,36.56999969482422,36.2599983215332,36.45000076293945,42600
2026-05-08 13:15:00+00:00,TOTS3.SA,36.4900016784668,36.630001068115234,36.29999923706055,36.459999084472656,49900
2026-05-08 13:20:00+00:00,TOTS3.SA,36.459999084472656,36.84000015258789,36.459999084472656,36.47999954223633,63300
2026-05-08 13:25:00+00:00,TOTS3.SA,36.47999954223633,36.52000045776367,36.29999923706055,36.38999938964844,41400
2026-05-08 13:30:00+00:00,TOTS3.SA,36.380001068115234,36.400001525878906,35.90999984741211,35.9900016784668,66600
2026-05-08 13:35:00+00:00,TOTS3.SA,35.959999084472656,35.97999954223633,35.84000015258789,35.95000076293945,42400
2026-05-08 13:40:00+00:00,TOTS3.SA,35.95000076293945,35.970001220703125,35.84000015258789,35.939998626708984,25300
2026-05-08 13:45:00+00:00,TOTS3.SA,35.939998626708984,35.95000076293945,35.7599983215332,35.790000915527344,25400
2026-05-08 13:50:00+00:00,TOTS3.SA,35.77000045776367,35.79999923706055,35.560001373291016,35.58000183105469,33900
2026-05-08 13:55:00+00:00,TOTS3.SA,35.56999969482422,35.650001525878906,35.5,35.63999938964844,47400
2026-05-08 14:00:00+00:00,TOTS3.SA,35.63999938964844,35.66999816894531,35.45000076293945,35.5099983215332,51400
2026-05-08 14:05:00+00:00,TOTS3.SA,35.52000045776367,35.540000915527344,35.439998626708984,35.439998626708984,43400
2026-05-08 14:10:00+00:00,TOTS3.SA,35.45000076293945,35.599998474121094,35.400001525878906,35.54999923706055,90400
2026-05-08 14:15:00+00:00,TOTS3.SA,35.560001373291016,35.599998474121094,35.5099983215332,35.58000183105469,38200
2026-05-08 14:20:00+00:00,TOTS3.SA,35.58000183105469,35.650001525878906,35.52000045776367,35.599998474121094,36300
2026-05-08 14:25:00+00:00,TOTS3.SA,35.599998474121094,35.75,35.59000015258789,35.650001525878906,45400
2026-05-08 14:30:00+00:00,TOTS3.SA,35.65999984741211,35.72999954223633,35.61000061035156,35.619998931884766,24700
2026-05-08 14:35:00+00:00,TOTS3.SA,35.59000015258789,35.689998626708984,35.58000183105469,35.65999984741211,54400
2026-05-08 14:40:00+00:00,TOTS3.SA,35.66999816894531,35.779998779296875,35.619998931884766,35.72999954223633,63700
2026-05-08 14:45:00+00:00,TOTS3.SA,35.72999954223633,35.72999954223633,35.630001068115234,35.630001068115234,20000
2026-05-08 14:50:00+00:00,TOTS3.SA,35.630001068115234,35.84000015258789,35.599998474121094,35.81999969482422,61100
2026-05-08 14:55:00+00:00,TOTS3.SA,35.81999969482422,35.88999938964844,35.75,35.779998779296875,34900
2026-05-08 15:00:00+00:00,TOTS3.SA,35.77000045776367,35.810001373291016,35.75,35.77000045776367,25100
2026-05-08 15:05:00+00:00,TOTS3.SA,35.75,35.790000915527344,35.72999954223633,35.75,17500
2026-05-08 15:10:00+00:00,TOTS3.SA,35.7400016784668,35.77000045776367,35.619998931884766,35.630001068115234,59400
2026-05-08 15:15:00+00:00,TOTS3.SA,35.63999938964844,35.709999084472656,35.5,35.58000183105469,43000
2026-05-08 15:20:00+00:00,TOTS3.SA,35.58000183105469,35.619998931884766,35.560001373291016,35.560001373291016,21200
2026-05-08 15:25:00+00:00,TOTS3.SA,35.54999923706055,35.619998931884766,35.54999923706055,35.619998931884766,16600
2026-05-08 15:30:00+00:00,TOTS3.SA,35.61000061035156,35.709999084472656,35.56999969482422,35.61000061035156,35000
2026-05-08 15:35:00+00:00,TOTS3.SA,35.619998931884766,35.630001068115234,35.560001373291016,35.56999969482422,12800
2026-05-08 15:40:00+00:00,TOTS3.SA,35.560001373291016,35.560001373291016,35.47999954223633,35.52000045776367,26100
2026-05-08 15:45:00+00:00,TOTS3.SA,35.52000045776367,35.529998779296875,35.47999954223633,35.52000045776367,63300
2026-05-08 15:50:00+00:00,TOTS3.SA,35.5099983215332,35.5099983215332,35.45000076293945,35.45000076293945,15100
2026-05-08 15:55:00+00:00,TOTS3.SA,35.459999084472656,35.459999084472656,35.290000915527344,35.38999938964844,56000
2026-05-08 16:00:00+00:00,TOTS3.SA,35.400001525878906,35.400001525878906,35.31999969482422,35.33000183105469,41000
2026-05-08 16:05:00+00:00,TOTS3.SA,35.310001373291016,35.36000061035156,35.27000045776367,35.34000015258789,52900
2026-05-08 16:10:00+00:00,TOTS3.SA,35.33000183105469,35.38999938964844,35.33000183105469,35.349998474121094,33600
2026-05-08 16:15:00+00:00,TOTS3.SA,35.34000015258789,35.34000015258789,35.2400016784668,35.2599983215332,146400
2026-05-08 16:20:00+00:00,TOTS3.SA,35.25,35.459999084472656,35.2400016784668,35.380001068115234,112900
2026-05-08 16:25:00+00:00,TOTS3.SA,35.36000061035156,35.439998626708984,35.349998474121094,35.439998626708984,24100
2026-05-08 16:30:00+00:00,TOTS3.SA,35.41999816894531,35.41999816894531,35.369998931884766,35.380001068115234,17000
2026-05-08 16:35:00+00:00,TOTS3.SA,35.36000061035156,35.439998626708984,35.33000183105469,35.400001525878906,25500
2026-05-08 16:40:00+00:00,TOTS3.SA,35.400001525878906,35.43000030517578,35.380001068115234,35.380001068115234,21900
2026-05-08 16:45:00+00:00,TOTS3.SA,35.380001068115234,35.45000076293945,35.369998931884766,35.43000030517578,40900
2026-05-08 16:50:00+00:00,TOTS3.SA,35.40999984741211,35.45000076293945,35.400001525878906,35.40999984741211,24800
2026-05-08 16:55:00+00:00,TOTS3.SA,35.40999984741211,35.439998626708984,35.38999938964844,35.40999984741211,33100
2026-05-08 17:00:00+00:00,TOTS3.SA,35.40999984741211,35.4900016784668,35.38999938964844,35.459999084472656,33200
2026-05-08 17:05:00+00:00,TOTS3.SA,35.459999084472656,35.470001220703125,35.41999816894531,35.43000030517578,16500
2026-05-08 17:10:00+00:00,TOTS3.SA,35.43000030517578,35.45000076293945,35.33000183105469,35.34000015258789,56400
2026-05-08 17:15:00+00:00,TOTS3.SA,35.349998474121094,35.41999816894531,35.349998474121094,35.380001068115234,27500
2026-05-08 17:20:00+00:00,TOTS3.SA,35.400001525878906,35.41999816894531,35.38999938964844,35.38999938964844,17400
2026-05-08 17:25:00+00:00,TOTS3.SA,35.38999938964844,35.41999816894531,35.380001068115234,35.400001525878906,42300
2026-05-08 17:30:00+00:00,TOTS3.SA,35.400001525878906,35.45000076293945,35.369998931884766,35.45000076293945,48000
2026-05-08 17:35:00+00:00,TOTS3.SA,35.459999084472656,35.4900016784668,35.38999938964844,35.4900016784668,62400
2026-05-08 17:40:00+00:00,TOTS3.SA,35.4900016784668,35.5,35.33000183105469,35.349998474121094,92100
2026-05-08 17:45:00+00:00,TOTS3.SA,35.36000061035156,35.43000030517578,35.25,35.27000045776367,147000
2026-05-08 17:50:00+00:00,TOTS3.SA,35.2599983215332,35.310001373291016,35.2599983215332,35.27000045776367,67800
2026-05-08 17:55:00+00:00,TOTS3.SA,35.279998779296875,35.29999923706055,35.209999084472656,35.2599983215332,228000
2026-05-08 18:00:00+00:00,TOTS3.SA,35.27000045776367,35.380001068115234,35.25,35.310001373291016,94800
2026-05-08 18:05:00+00:00,TOTS3.SA,35.31999969482422,35.349998474121094,35.29999923706055,35.310001373291016,41400
2026-05-08 18:10:00+00:00,TOTS3.SA,35.310001373291016,35.36000061035156,35.27000045776367,35.29999923706055,64500
2026-05-08 18:15:00+00:00,TOTS3.SA,35.29999923706055,35.31999969482422,35.290000915527344,35.29999923706055,41300
2026-05-08 18:20:00+00:00,TOTS3.SA,35.29999923706055,35.310001373291016,35.279998779296875,35.290000915527344,58300
2026-05-08 18:25:00+00:00,TOTS3.SA,35.290000915527344,35.310001373291016,35.25,35.25,136400
2026-05-08 18:30:00+00:00,TOTS3.SA,35.25,35.27000045776367,35.2400016784668,35.27000045776367,75500
2026-05-08 18:35:00+00:00,TOTS3.SA,35.27000045776367,35.310001373291016,35.220001220703125,35.27000045776367,186300
2026-05-08 18:40:00+00:00,TOTS3.SA,35.2599983215332,35.31999969482422,35.2400016784668,35.2599983215332,308600
2026-05-08 18:45:00+00:00,TOTS3.SA,35.27000045776367,35.349998474121094,35.25,35.27000045776367,127100
2026-05-08 18:50:00+00:00,TOTS3.SA,35.2599983215332,35.34000015258789,35.2599983215332,35.29999923706055,126400
2026-05-08 18:55:00+00:00,TOTS3.SA,35.290000915527344,35.310001373291016,35.25,35.2599983215332,97300
2026-05-08 19:00:00+00:00,TOTS3.SA,35.2599983215332,35.27000045776367,35.209999084472656,35.2400016784668,129900
2026-05-08 19:05:00+00:00,TOTS3.SA,35.2400016784668,35.25,35.029998779296875,35.06999969482422,228100
2026-05-08 19:10:00+00:00,TOTS3.SA,35.04999923706055,35.18000030517578,35.0099983215332,35.119998931884766,94200
2026-05-08 19:15:00+00:00,TOTS3.SA,35.119998931884766,35.15999984741211,35.11000061035156,35.130001068115234,80900
2026-05-08 19:20:00+00:00,TOTS3.SA,35.130001068115234,35.150001525878906,35.0099983215332,35.08000183105469,96500
2026-05-08 19:25:00+00:00,TOTS3.SA,35.08000183105469,35.08000183105469,34.959999084472656,35.02000045776367,113300
2026-05-08 19:30:00+00:00,TOTS3.SA,35.02000045776367,35.06999969482422,34.97999954223633,35.02000045776367,108100
2026-05-08 19:35:00+00:00,TOTS3.SA,35.0099983215332,35.029998779296875,34.97999954223633,35.0,85100
2026-05-08 19:40:00+00:00,TOTS3.SA,35.0,35.0099983215332,34.9900016784668,35.0,117600
2026-05-08 19:45:00+00:00,TOTS3.SA,35.0099983215332,35.0099983215332,34.970001220703125,34.9900016784668,205200
2026-05-08 19:50:00+00:00,TOTS3.SA,34.9900016784668,35.220001220703125,34.9900016784668,35.220001220703125,158500
2026-05-11 13:00:00+00:00,TOTS3.SA,34.7599983215332,34.900001525878906,34.70000076293945,34.77000045776367,0
2026-05-11 13:05:00+00:00,TOTS3.SA,34.77000045776367,34.95000076293945,34.70000076293945,34.88999938964844,39500
2026-05-11 13:10:00+00:00,TOTS3.SA,34.900001525878906,35.0,34.790000915527344,34.959999084472656,42600
2026-05-11 13:15:00+00:00,TOTS3.SA,34.97999954223633,34.9900016784668,34.88999938964844,34.91999816894531,26800
2026-05-11 13:20:00+00:00,TOTS3.SA,34.93000030517578,34.959999084472656,34.75,34.75,38900
2026-05-11 13:25:00+00:00,TOTS3.SA,34.7599983215332,34.7599983215332,34.5,34.52000045776367,532800
2026-05-11 13:30:00+00:00,TOTS3.SA,34.52000045776367,34.630001068115234,34.40999984741211,34.459999084472656,248400
2026-05-11 13:35:00+00:00,TOTS3.SA,34.47999954223633,34.56999969482422,34.45000076293945,34.47999954223633,52400
2026-05-11 13:40:00+00:00,TOTS3.SA,34.47999954223633,34.5,34.33000183105469,34.43000030517578,61200
2026-05-11 13:45:00+00:00,TOTS3.SA,34.43000030517578,34.54999923706055,34.40999984741211,34.43000030517578,56200
2026-05-11 13:50:00+00:00,TOTS3.SA,34.43000030517578,34.43000030517578,34.25,34.279998779296875,74100
2026-05-11 13:55:00+00:00,TOTS3.SA,34.279998779296875,34.279998779296875,34.25,34.2599983215332,35900
2026-05-11 14:00:00+00:00,TOTS3.SA,34.2599983215332,34.279998779296875,34.25,34.2599983215332,86900
2026-05-11 14:05:00+00:00,TOTS3.SA,34.2599983215332,34.279998779296875,34.119998931884766,34.13999938964844,212500
2026-05-11 14:10:00+00:00,TOTS3.SA,34.130001068115234,34.18000030517578,34.09000015258789,34.099998474121094,45200
2026-05-11 14:15:00+00:00,TOTS3.SA,34.09000015258789,34.099998474121094,34.029998779296875,34.06999969482422,53700
2026-05-11 14:20:00+00:00,TOTS3.SA,34.06999969482422,34.290000915527344,34.040000915527344,34.279998779296875,126300
2026-05-11 14:25:00+00:00,TOTS3.SA,34.279998779296875,34.31999969482422,34.15999984741211,34.16999816894531,45800
2026-05-11 14:30:00+00:00,TOTS3.SA,34.15999984741211,34.220001220703125,34.11000061035156,34.150001525878906,47000
2026-05-11 14:35:00+00:00,TOTS3.SA,34.150001525878906,34.150001525878906,34.099998474121094,34.119998931884766,36300
2026-05-11 14:40:00+00:00,TOTS3.SA,34.119998931884766,34.20000076293945,34.09000015258789,34.099998474121094,51000
2026-05-11 14:45:00+00:00,TOTS3.SA,34.099998474121094,34.11000061035156,33.75,33.79999923706055,83600
2026-05-11 14:50:00+00:00,TOTS3.SA,33.79999923706055,33.810001373291016,33.70000076293945,33.72999954223633,56900
2026-05-11 14:55:00+00:00,TOTS3.SA,33.7400016784668,33.7599983215332,33.650001525878906,33.72999954223633,145100
2026-05-11 15:00:00+00:00,TOTS3.SA,33.7400016784668,33.7400016784668,33.61000061035156,33.650001525878906,102000
2026-05-11 15:05:00+00:00,TOTS3.SA,33.650001525878906,33.869998931884766,33.619998931884766,33.709999084472656,163300
2026-05-11 15:10:00+00:00,TOTS3.SA,33.709999084472656,33.7599983215332,33.599998474121094,33.599998474121094,166000
2026-05-11 15:15:00+00:00,TOTS3.SA,33.599998474121094,33.709999084472656,33.56999969482422,33.58000183105469,109100
2026-05-11 15:20:00+00:00,TOTS3.SA,33.58000183105469,33.630001068115234,33.560001373291016,33.56999969482422,53800
2026-05-11 15:25:00+00:00,TOTS3.SA,33.560001373291016,33.560001373291016,33.459999084472656,33.4900016784668,95100
2026-05-11 15:30:00+00:00,TOTS3.SA,33.4900016784668,33.529998779296875,33.459999084472656,33.470001220703125,45400
2026-05-11 15:35:00+00:00,TOTS3.SA,33.47999954223633,33.52000045776367,33.439998626708984,33.5,85000
2026-05-11 15:40:00+00:00,TOTS3.SA,33.4900016784668,33.5,33.439998626708984,33.459999084472656,30700
2026-05-11 15:45:00+00:00,TOTS3.SA,33.459999084472656,33.5,33.380001068115234,33.5,123900
2026-05-11 15:50:00+00:00,TOTS3.SA,33.5,33.529998779296875,33.43000030517578,33.47999954223633,60600
2026-05-11 15:55:00+00:00,TOTS3.SA,33.470001220703125,33.5,33.45000076293945,33.459999084472656,35700
2026-05-11 16:00:00+00:00,TOTS3.SA,33.45000076293945,33.560001373291016,33.36000061035156,33.54999923706055,223600
2026-05-11 16:05:00+00:00,TOTS3.SA,33.540000915527344,33.619998931884766,33.5099983215332,33.529998779296875,62000
2026-05-11 16:10:00+00:00,TOTS3.SA,33.529998779296875,33.560001373291016,33.470001220703125,33.470001220703125,77400
2026-05-11 16:15:00+00:00,TOTS3.SA,33.459999084472656,33.56999969482422,33.45000076293945,33.5,57700
2026-05-11 16:20:00+00:00,TOTS3.SA,33.47999954223633,33.5,33.45000076293945,33.470001220703125,23600
2026-05-11 16:25:00+00:00,TOTS3.SA,33.47999954223633,33.5099983215332,33.41999816894531,33.45000076293945,146500
2026-05-11 16:30:00+00:00,TOTS3.SA,33.459999084472656,33.540000915527344,33.45000076293945,33.540000915527344,104200
2026-05-11 16:35:00+00:00,TOTS3.SA,33.540000915527344,33.68000030517578,33.540000915527344,33.66999816894531,138600
2026-05-11 16:40:00+00:00,TOTS3.SA,33.68000030517578,33.68000030517578,33.58000183105469,33.599998474121094,40000
2026-05-11 16:45:00+00:00,TOTS3.SA,33.599998474121094,33.630001068115234,33.59000015258789,33.599998474121094,25600
2026-05-11 16:50:00+00:00,TOTS3.SA,33.599998474121094,33.7400016784668,33.59000015258789,33.65999984741211,103700
2026-05-11 16:55:00+00:00,TOTS3.SA,33.68000030517578,33.68000030517578,33.619998931884766,33.63999938964844,26700
2026-05-11 17:00:00+00:00,TOTS3.SA,33.630001068115234,33.70000076293945,33.630001068115234,33.65999984741211,30400
2026-05-11 17:05:00+00:00,TOTS3.SA,33.650001525878906,33.650001525878906,33.54999923706055,33.56999969482422,31500
2026-05-11 17:10:00+00:00,TOTS3.SA,33.54999923706055,33.63999938964844,33.529998779296875,33.59000015258789,33300
2026-05-11 17:15:00+00:00,TOTS3.SA,33.59000015258789,33.61000061035156,33.529998779296875,33.560001373291016,32000
2026-05-11 17:20:00+00:00,TOTS3.SA,33.560001373291016,33.58000183105469,33.52000045776367,33.540000915527344,22800
2026-05-11 17:25:00+00:00,TOTS3.SA,33.529998779296875,33.540000915527344,33.52000045776367,33.540000915527344,18200
2026-05-11 17:30:00+00:00,TOTS3.SA,33.529998779296875,33.540000915527344,33.5,33.52000045776367,14800
2026-05-11 17:35:00+00:00,TOTS3.SA,33.5,33.61000061035156,33.47999954223633,33.56999969482422,162200
2026-05-11 17:40:00+00:00,TOTS3.SA,33.56999969482422,33.56999969482422,33.470001220703125,33.5099983215332,49000
2026-05-11 17:45:00+00:00,TOTS3.SA,33.4900016784668,33.5099983215332,33.45000076293945,33.47999954223633,38600
2026-05-11 17:50:00+00:00,TOTS3.SA,33.4900016784668,33.5,33.45000076293945,33.459999084472656,20300
2026-05-11 17:55:00+00:00,TOTS3.SA,33.45000076293945,33.459999084472656,33.45000076293945,33.459999084472656,16000
2026-05-11 18:00:00+00:00,TOTS3.SA,33.45000076293945,33.4900016784668,33.45000076293945,33.470001220703125,30200
2026-05-11 18:05:00+00:00,TOTS3.SA,33.470001220703125,33.5,33.41999816894531,33.41999816894531,47700
2026-05-11 18:10:00+00:00,TOTS3.SA,33.40999984741211,33.40999984741211,33.209999084472656,33.279998779296875,158900
2026-05-11 18:15:00+00:00,TOTS3.SA,33.279998779296875,33.31999969482422,33.2599983215332,33.29999923706055,62600
2026-05-11 18:20:00+00:00,TOTS3.SA,33.290000915527344,33.529998779296875,33.27000045776367,33.47999954223633,123900
2026-05-11 18:25:00+00:00,TOTS3.SA,33.4900016784668,33.4900016784668,33.400001525878906,33.43000030517578,50000
2026-05-11 18:30:00+00:00,TOTS3.SA,33.41999816894531,33.4900016784668,33.41999816894531,33.470001220703125,41000
2026-05-11 18:35:00+00:00,TOTS3.SA,33.45000076293945,33.459999084472656,33.36000061035156,33.459999084472656,62500
2026-05-11 18:40:00+00:00,TOTS3.SA,33.459999084472656,33.470001220703125,33.400001525878906,33.470001220703125,45400
2026-05-11 18:45:00+00:00,TOTS3.SA,33.470001220703125,33.47999954223633,33.40999984741211,33.43000030517578,43000
2026-05-11 18:50:00+00:00,TOTS3.SA,33.43000030517578,33.470001220703125,33.43000030517578,33.439998626708984,36000
2026-05-11 18:55:00+00:00,TOTS3.SA,33.439998626708984,33.439998626708984,33.38999938964844,33.400001525878906,43700
2026-05-11 19:00:00+00:00,TOTS3.SA,33.400001525878906,33.400001525878906,33.27000045776367,33.279998779296875,79100
2026-05-11 19:05:00+00:00,TOTS3.SA,33.38999938964844,33.400001525878906,33.25,33.36000061035156,73100
2026-05-11 19:10:00+00:00,TOTS3.SA,33.36000061035156,33.38999938964844,33.34000015258789,33.38999938964844,54200
2026-05-11 19:15:00+00:00,TOTS3.SA,33.38999938964844,33.439998626708984,33.349998474121094,33.36000061035156,86200
2026-05-11 19:20:00+00:00,TOTS3.SA,33.349998474121094,33.43000030517578,33.33000183105469,33.40999984741211,68400
2026-05-11 19:25:00+00:00,TOTS3.SA,33.40999984741211,33.4900016784668,33.400001525878906,33.459999084472656,62800
2026-05-11 19:30:00+00:00,TOTS3.SA,33.470001220703125,33.529998779296875,33.470001220703125,33.470001220703125,52400
2026-05-11 19:35:00+00:00,TOTS3.SA,33.47999954223633,33.4900016784668,33.369998931884766,33.43000030517578,125500
2026-05-11 19:40:00+00:00,TOTS3.SA,33.43000030517578,33.459999084472656,33.36000061035156,33.45000076293945,120200
2026-05-11 19:45:00+00:00,TOTS3.SA,33.45000076293945,33.560001373291016,33.45000076293945,33.54999923706055,41800
2026-05-11 19:50:00+00:00,TOTS3.SA,33.56999969482422,33.599998474121094,33.5099983215332,33.540000915527344,49200
2026-05-12 13:05:00+00:00,TOTS3.SA,33.20000076293945,33.36000061035156,33.16999816894531,33.220001220703125,17000
2026-05-12 13:10:00+00:00,TOTS3.SA,33.22999954223633,33.4900016784668,33.22999954223633,33.38999938964844,45300
2026-05-12 13:15:00+00:00,TOTS3.SA,33.380001068115234,33.380001068115234,33.189998626708984,33.2400016784668,26200
2026-05-12 13:20:00+00:00,TOTS3.SA,33.25,33.2599983215332,33.11000061035156,33.11000061035156,28500
2026-05-12 13:25:00+00:00,TOTS3.SA,33.11000061035156,33.130001068115234,33.040000915527344,33.06999969482422,29100
2026-05-12 13:30:00+00:00,TOTS3.SA,33.08000183105469,33.34000015258789,33.040000915527344,33.22999954223633,112100
2026-05-12 13:35:00+00:00,TOTS3.SA,33.2599983215332,33.529998779296875,33.22999954223633,33.5,259500
2026-05-12 13:40:00+00:00,TOTS3.SA,33.52000045776367,33.529998779296875,33.400001525878906,33.43000030517578,75300
2026-05-12 13:45:00+00:00,TOTS3.SA,33.43000030517578,33.45000076293945,33.25,33.2599983215332,79000
2026-05-12 13:50:00+00:00,TOTS3.SA,33.25,33.41999816894531,33.20000076293945,33.310001373291016,240400
2026-05-12 13:55:00+00:00,TOTS3.SA,33.33000183105469,33.380001068115234,33.2400016784668,33.29999923706055,59600
2026-05-12 14:00:00+00:00,TOTS3.SA,33.29999923706055,33.310001373291016,33.22999954223633,33.27000045776367,53200
2026-05-12 14:05:00+00:00,TOTS3.SA,33.27000045776367,33.400001525878906,33.20000076293945,33.38999938964844,48800
2026-05-12 14:10:00+00:00,TOTS3.SA,33.369998931884766,33.369998931884766,33.25,33.279998779296875,35200
2026-05-12 14:15:00+00:00,TOTS3.SA,33.279998779296875,33.279998779296875,33.11000061035156,33.130001068115234,52700
2026-05-12 14:20:00+00:00,TOTS3.SA,33.130001068115234,33.130001068115234,33.099998474121094,33.130001068115234,29700
2026-05-12 14:25:00+00:00,TOTS3.SA,33.13999938964844,33.150001525878906,32.900001525878906,32.900001525878906,59000
2026-05-12 14:30:00+00:00,TOTS3.SA,32.90999984741211,33.13999938964844,32.77000045776367,33.13999938964844,233500
2026-05-12 14:35:00+00:00,TOTS3.SA,33.130001068115234,33.130001068115234,33.040000915527344,33.11000061035156,24300
2026-05-12 14:40:00+00:00,TOTS3.SA,33.119998931884766,33.27000045776367,33.119998931884766,33.25,34100
2026-05-12 14:45:00+00:00,TOTS3.SA,33.22999954223633,33.27000045776367,33.18000030517578,33.209999084472656,27500
2026-05-12 14:50:00+00:00,TOTS3.SA,33.209999084472656,33.27000045776367,33.15999984741211,33.2400016784668,36800
2026-05-12 14:55:00+00:00,TOTS3.SA,33.2400016784668,33.27000045776367,33.22999954223633,33.2599983215332,27400
2026-05-12 15:00:00+00:00,TOTS3.SA,33.27000045776367,33.29999923706055,33.25,33.2599983215332,11900
2026-05-12 15:05:00+00:00,TOTS3.SA,33.25,33.29999923706055,33.220001220703125,33.25,22800
2026-05-12 15:10:00+00:00,TOTS3.SA,33.25,33.25,33.119998931884766,33.119998931884766,27600
2026-05-12 15:15:00+00:00,TOTS3.SA,33.119998931884766,33.119998931884766,32.95000076293945,32.970001220703125,49600
2026-05-12 15:20:00+00:00,TOTS3.SA,32.970001220703125,32.970001220703125,32.900001525878906,32.91999816894531,39200
2026-05-12 15:25:00+00:00,TOTS3.SA,32.90999984741211,32.93000030517578,32.88999938964844,32.90999984741211,23600
2026-05-12 15:30:00+00:00,TOTS3.SA,32.90999984741211,32.95000076293945,32.869998931884766,32.93000030517578,36700
2026-05-12 15:35:00+00:00,TOTS3.SA,32.93000030517578,32.939998626708984,32.88999938964844,32.91999816894531,15900
2026-05-12 15:40:00+00:00,TOTS3.SA,32.93000030517578,32.939998626708984,32.900001525878906,32.91999816894531,27600
2026-05-12 15:45:00+00:00,TOTS3.SA,32.91999816894531,32.93000030517578,32.869998931884766,32.88999938964844,58500
2026-05-12 15:50:00+00:00,TOTS3.SA,32.90999984741211,32.90999984741211,32.880001068115234,32.88999938964844,31700
2026-05-12 15:55:00+00:00,TOTS3.SA,32.880001068115234,32.900001525878906,32.880001068115234,32.880001068115234,18300
2026-05-12 16:00:00+00:00,TOTS3.SA,32.880001068115234,32.939998626708984,32.86000061035156,32.93000030517578,67300
2026-05-12 16:05:00+00:00,TOTS3.SA,32.93000030517578,32.939998626708984,32.88999938964844,32.90999984741211,25500
2026-05-12 16:10:00+00:00,TOTS3.SA,32.90999984741211,32.95000076293945,32.880001068115234,32.939998626708984,20300
2026-05-12 16:15:00+00:00,TOTS3.SA,32.95000076293945,32.959999084472656,32.93000030517578,32.939998626708984,19700
2026-05-12 16:20:00+00:00,TOTS3.SA,32.939998626708984,32.9900016784668,32.91999816894531,32.91999816894531,27400
2026-05-12 16:25:00+00:00,TOTS3.SA,32.90999984741211,32.90999984741211,32.849998474121094,32.86000061035156,23400
2026-05-12 16:30:00+00:00,TOTS3.SA,32.849998474121094,32.849998474121094,32.7599983215332,32.79999923706055,33600
2026-05-12 16:35:00+00:00,TOTS3.SA,32.810001373291016,32.84000015258789,32.79999923706055,32.810001373291016,27200
2026-05-12 16:40:00+00:00,TOTS3.SA,32.810001373291016,32.83000183105469,32.779998779296875,32.81999969482422,23200
2026-05-12 16:45:00+00:00,TOTS3.SA,32.81999969482422,32.83000183105469,32.709999084472656,32.709999084472656,52400
2026-05-12 16:50:00+00:00,TOTS3.SA,32.709999084472656,32.720001220703125,32.619998931884766,32.619998931884766,32200
2026-05-12 16:55:00+00:00,TOTS3.SA,32.63999938964844,32.720001220703125,32.63999938964844,32.689998626708984,28600
2026-05-12 17:00:00+00:00,TOTS3.SA,32.70000076293945,32.779998779296875,32.689998626708984,32.77000045776367,44200
2026-05-12 17:05:00+00:00,TOTS3.SA,32.77000045776367,32.779998779296875,32.709999084472656,32.720001220703125,25700
2026-05-12 17:10:00+00:00,TOTS3.SA,32.709999084472656,32.77000045776367,32.650001525878906,32.65999984741211,38400
2026-05-12 17:15:00+00:00,TOTS3.SA,32.66999816894531,32.72999954223633,32.65999984741211,32.72999954223633,34400
2026-05-12 17:20:00+00:00,TOTS3.SA,32.75,32.81999969482422,32.75,32.77000045776367,53500
2026-05-12 17:25:00+00:00,TOTS3.SA,32.77000045776367,32.810001373291016,32.72999954223633,32.779998779296875,34800
2026-05-12 17:30:00+00:00,TOTS3.SA,32.779998779296875,32.90999984741211,32.72999954223633,32.869998931884766,97500
2026-05-12 17:35:00+00:00,TOTS3.SA,32.869998931884766,32.939998626708984,32.869998931884766,32.900001525878906,24800
2026-05-12 17:40:00+00:00,TOTS3.SA,32.88999938964844,32.939998626708984,32.88999938964844,32.900001525878906,35100
2026-05-12 17:45:00+00:00,TOTS3.SA,32.88999938964844,32.900001525878906,32.86000061035156,32.86000061035156,24200
2026-05-12 17:50:00+00:00,TOTS3.SA,32.86000061035156,32.900001525878906,32.849998474121094,32.86000061035156,45100
2026-05-12 17:55:00+00:00,TOTS3.SA,32.86000061035156,32.869998931884766,32.810001373291016,32.810001373291016,31800
2026-05-12 18:00:00+00:00,TOTS3.SA,32.810001373291016,32.869998931884766,32.790000915527344,32.810001373291016,42200
2026-05-12 18:05:00+00:00,TOTS3.SA,32.790000915527344,32.86000061035156,32.75,32.86000061035156,44000
2026-05-12 18:10:00+00:00,TOTS3.SA,32.849998474121094,32.869998931884766,32.79999923706055,32.83000183105469,38100
2026-05-12 18:15:00+00:00,TOTS3.SA,32.81999969482422,32.849998474121094,32.75,32.83000183105469,67900
2026-05-12 18:20:00+00:00,TOTS3.SA,32.81999969482422,32.900001525878906,32.81999969482422,32.880001068115234,12700
2026-05-12 18:25:00+00:00,TOTS3.SA,32.880001068115234,32.939998626708984,32.86000061035156,32.869998931884766,25800
2026-05-12 18:30:00+00:00,TOTS3.SA,32.86000061035156,33.029998779296875,32.86000061035156,32.939998626708984,48600
2026-05-12 18:35:00+00:00,TOTS3.SA,32.95000076293945,32.97999954223633,32.900001525878906,32.91999816894531,26100
2026-05-12 18:40:00+00:00,TOTS3.SA,32.91999816894531,32.95000076293945,32.849998474121094,32.95000076293945,34200
2026-05-12 18:45:00+00:00,TOTS3.SA,32.95000076293945,32.959999084472656,32.90999984741211,32.95000076293945,34700
2026-05-12 18:50:00+00:00,TOTS3.SA,32.939998626708984,32.97999954223633,32.939998626708984,32.959999084472656,24800
2026-05-12 18:55:00+00:00,TOTS3.SA,32.959999084472656,33.02000045776367,32.93000030517578,32.97999954223633,35800
2026-05-12 19:00:00+00:00,TOTS3.SA,32.97999954223633,33.08000183105469,32.970001220703125,33.040000915527344,41000
2026-05-12 19:05:00+00:00,TOTS3.SA,33.02000045776367,33.06999969482422,32.97999954223633,33.06999969482422,48200
2026-05-12 19:10:00+00:00,TOTS3.SA,33.06999969482422,33.06999969482422,32.93000030517578,32.97999954223633,99000
2026-05-12 19:15:00+00:00,TOTS3.SA,32.97999954223633,32.9900016784668,32.959999084472656,32.97999954223633,31500
2026-05-12 19:20:00+00:00,TOTS3.SA,32.97999954223633,32.97999954223633,32.90999984741211,32.959999084472656,53500
2026-05-12 19:25:00+00:00,TOTS3.SA,32.95000076293945,33.040000915527344,32.95000076293945,33.0099983215332,57300
2026-05-12 19:30:00+00:00,TOTS3.SA,33.0099983215332,33.08000183105469,33.0,33.04999923706055,66600
2026-05-12 19:35:00+00:00,TOTS3.SA,33.04999923706055,33.08000183105469,33.0,33.0,59400
2026-05-12 19:40:00+00:00,TOTS3.SA,33.0,33.0,32.939998626708984,32.939998626708984,75800
2026-05-12 19:45:00+00:00,TOTS3.SA,32.939998626708984,32.97999954223633,32.93000030517578,32.95000076293945,65600
2026-05-12 19:50:00+00:00,TOTS3.SA,32.95000076293945,33.09000015258789,32.90999984741211,32.959999084472656,74000
2026-05-13 13:05:00+00:00,TOTS3.SA,32.81999969482422,32.81999969482422,32.29999923706055,32.36000061035156,0
2026-05-13 13:10:00+00:00,TOTS3.SA,32.36000061035156,32.41999816894531,32.060001373291016,32.220001220703125,314400
2026-05-13 13:15:00+00:00,TOTS3.SA,32.220001220703125,32.349998474121094,32.16999816894531,32.220001220703125,184200
2026-05-13 13:20:00+00:00,TOTS3.SA,32.220001220703125,32.34000015258789,32.130001068115234,32.31999969482422,255800
2026-05-13 13:25:00+00:00,TOTS3.SA,32.31999969482422,32.33000183105469,32.029998779296875,32.060001373291016,251200
2026-05-13 13:30:00+00:00,TOTS3.SA,32.060001373291016,32.099998474121094,31.829999923706055,32.02000045776367,370200
2026-05-13 13:35:00+00:00,TOTS3.SA,31.989999771118164,32.09000015258789,31.940000534057617,31.969999313354492,127400
2026-05-13 13:40:00+00:00,TOTS3.SA,31.969999313354492,32.0099983215332,31.899999618530273,31.940000534057617,168000
2026-05-13 13:45:00+00:00,TOTS3.SA,31.940000534057617,32.25,31.889999389648438,31.920000076293945,449300
2026-05-13 13:50:00+00:00,TOTS3.SA,31.90999984741211,32.060001373291016,31.90999984741211,31.969999313354492,128900
2026-05-13 13:55:00+00:00,TOTS3.SA,31.979999542236328,32.119998931884766,31.959999084472656,32.029998779296875,214700
2026-05-13 14:00:00+00:00,TOTS3.SA,32.04999923706055,32.060001373291016,31.940000534057617,32.060001373291016,157100
2026-05-13 14:05:00+00:00,TOTS3.SA,32.060001373291016,32.189998626708984,32.029998779296875,32.099998474121094,125500
2026-05-13 14:10:00+00:00,TOTS3.SA,32.099998474121094,32.25,32.099998474121094,32.220001220703125,111700
2026-05-13 14:15:00+00:00,TOTS3.SA,32.220001220703125,32.220001220703125,32.150001525878906,32.15999984741211,72200
2026-05-13 14:20:00+00:00,TOTS3.SA,32.150001525878906,32.290000915527344,32.11000061035156,32.2599983215332,101900
2026-05-13 14:25:00+00:00,TOTS3.SA,32.27000045776367,32.279998779296875,32.150001525878906,32.16999816894531,164000
2026-05-13 14:30:00+00:00,TOTS3.SA,32.16999816894531,32.16999816894531,32.0,32.130001068115234,145400
2026-05-13 14:35:00+00:00,TOTS3.SA,32.130001068115234,32.16999816894531,32.08000183105469,32.09000015258789,96300
2026-05-13 14:40:00+00:00,TOTS3.SA,32.09000015258789,32.09000015258789,32.029998779296875,32.040000915527344,74900
2026-05-13 14:45:00+00:00,TOTS3.SA,32.029998779296875,32.11000061035156,32.0,32.08000183105469,170700
2026-05-13 14:50:00+00:00,TOTS3.SA,32.08000183105469,32.15999984741211,32.08000183105469,32.150001525878906,725100
2026-05-13 14:55:00+00:00,TOTS3.SA,32.150001525878906,32.189998626708984,32.130001068115234,32.18000030517578,55800
2026-05-13 15:00:00+00:00,TOTS3.SA,32.189998626708984,32.349998474121094,32.189998626708984,32.2599983215332,67900
2026-05-13 15:05:00+00:00,TOTS3.SA,32.2599983215332,32.290000915527344,32.15999984741211,32.15999984741211,47800
2026-05-13 15:10:00+00:00,TOTS3.SA,32.13999938964844,32.13999938964844,32.06999969482422,32.11000061035156,93900
2026-05-13 15:15:00+00:00,TOTS3.SA,32.11000061035156,32.119998931884766,32.04999923706055,32.04999923706055,59400
2026-05-13 15:20:00+00:00,TOTS3.SA,32.04999923706055,32.04999923706055,31.829999923706055,31.84000015258789,183700
2026-05-13 15:25:00+00:00,TOTS3.SA,31.84000015258789,31.8799991607666,31.729999542236328,31.8700008392334,223700
2026-05-13 15:30:00+00:00,TOTS3.SA,31.8700008392334,31.979999542236328,31.8700008392334,31.889999389648438,149700
2026-05-13 15:35:00+00:00,TOTS3.SA,31.889999389648438,31.920000076293945,31.81999969482422,31.920000076293945,136300
2026-05-13 15:40:00+00:00,TOTS3.SA,31.920000076293945,31.950000762939453,31.8700008392334,31.899999618530273,94200
2026-05-13 15:45:00+00:00,TOTS3.SA,31.90999984741211,31.90999984741211,31.719999313354492,31.719999313354492,47300
2026-05-13 15:50:00+00:00,TOTS3.SA,31.719999313354492,31.799999237060547,31.700000762939453,31.739999771118164,136400
2026-05-13 15:55:00+00:00,TOTS3.SA,31.739999771118164,31.75,31.709999084472656,31.75,93000
2026-05-13 16:00:00+00:00,TOTS3.SA,31.739999771118164,31.790000915527344,31.709999084472656,31.780000686645508,97300
2026-05-13 16:05:00+00:00,TOTS3.SA,31.790000915527344,31.809999465942383,31.760000228881836,31.780000686645508,84000
2026-05-13 16:10:00+00:00,TOTS3.SA,31.780000686645508,31.780000686645508,31.760000228881836,31.760000228881836,28500
2026-05-13 16:15:00+00:00,TOTS3.SA,31.760000228881836,31.81999969482422,31.729999542236328,31.770000457763672,138900
2026-05-13 16:20:00+00:00,TOTS3.SA,31.780000686645508,31.920000076293945,31.75,31.8700008392334,129200
2026-05-13 16:25:00+00:00,TOTS3.SA,31.889999389648438,32.02000045776367,31.860000610351562,32.0099983215332,140500
2026-05-13 16:30:00+00:00,TOTS3.SA,32.0099983215332,32.040000915527344,31.899999618530273,31.93000030517578,174200
2026-05-13 16:35:00+00:00,TOTS3.SA,31.940000534057617,31.959999084472656,31.829999923706055,31.829999923706055,127800
2026-05-13 16:40:00+00:00,TOTS3.SA,31.829999923706055,31.860000610351562,31.790000915527344,31.84000015258789,97000
2026-05-13 16:45:00+00:00,TOTS3.SA,31.850000381469727,31.850000381469727,31.790000915527344,31.81999969482422,78900
2026-05-13 16:50:00+00:00,TOTS3.SA,31.81999969482422,31.8700008392334,31.809999465942383,31.829999923706055,65600
2026-05-13 16:55:00+00:00,TOTS3.SA,31.81999969482422,31.829999923706055,31.739999771118164,31.739999771118164,80600
2026-05-13 17:00:00+00:00,TOTS3.SA,31.729999542236328,31.729999542236328,31.6299991607666,31.700000762939453,173600
2026-05-13 17:05:00+00:00,TOTS3.SA,31.690000534057617,31.790000915527344,31.65999984741211,31.760000228881836,142700
2026-05-13 17:10:00+00:00,TOTS3.SA,31.75,31.760000228881836,31.690000534057617,31.729999542236328,57200
2026-05-13 17:15:00+00:00,TOTS3.SA,31.719999313354492,31.84000015258789,31.709999084472656,31.829999923706055,107000
2026-05-13 17:20:00+00:00,TOTS3.SA,31.809999465942383,31.850000381469727,31.790000915527344,31.81999969482422,88200
2026-05-13 17:25:00+00:00,TOTS3.SA,31.809999465942383,31.8799991607666,31.809999465942383,31.8700008392334,145800
2026-05-13 17:30:00+00:00,TOTS3.SA,31.850000381469727,31.8700008392334,31.829999923706055,31.860000610351562,68400
2026-05-13 17:35:00+00:00,TOTS3.SA,31.850000381469727,32.04999923706055,31.850000381469727,32.02000045776367,125400
2026-05-13 17:40:00+00:00,TOTS3.SA,32.0099983215332,32.099998474121094,31.969999313354492,32.06999969482422,98600
2026-05-13 17:45:00+00:00,TOTS3.SA,32.060001373291016,32.09000015258789,31.940000534057617,31.950000762939453,192600
2026-05-13 17:50:00+00:00,TOTS3.SA,31.959999084472656,31.959999084472656,31.860000610351562,31.860000610351562,61800
2026-05-13 17:55:00+00:00,TOTS3.SA,31.8700008392334,31.90999984741211,31.670000076293945,31.709999084472656,230000
2026-05-13 18:00:00+00:00,TOTS3.SA,31.709999084472656,31.75,31.549999237060547,31.65999984741211,175700
2026-05-13 18:05:00+00:00,TOTS3.SA,31.65999984741211,32.0099983215332,31.6299991607666,31.829999923706055,351600
2026-05-13 18:10:00+00:00,TOTS3.SA,31.829999923706055,31.959999084472656,31.790000915527344,31.940000534057617,163200
2026-05-13 18:15:00+00:00,TOTS3.SA,31.920000076293945,31.940000534057617,31.739999771118164,31.84000015258789,201000
2026-05-13 18:20:00+00:00,TOTS3.SA,31.84000015258789,31.90999984741211,31.780000686645508,31.790000915527344,111000
2026-05-13 18:25:00+00:00,TOTS3.SA,31.790000915527344,31.829999923706055,31.75,31.81999969482422,84700
2026-05-13 18:30:00+00:00,TOTS3.SA,31.809999465942383,31.81999969482422,31.729999542236328,31.75,88800
2026-05-13 18:35:00+00:00,TOTS3.SA,31.75,31.84000015258789,31.75,31.799999237060547,96100
2026-05-13 18:40:00+00:00,TOTS3.SA,31.790000915527344,31.889999389648438,31.729999542236328,31.75,157700
2026-05-13 18:45:00+00:00,TOTS3.SA,31.75,31.790000915527344,31.670000076293945,31.760000228881836,167000
2026-05-13 18:50:00+00:00,TOTS3.SA,31.760000228881836,31.889999389648438,31.760000228881836,31.860000610351562,107200
2026-05-13 18:55:00+00:00,TOTS3.SA,31.850000381469727,31.93000030517578,31.780000686645508,31.920000076293945,122200
2026-05-13 19:00:00+00:00,TOTS3.SA,31.90999984741211,32.06999969482422,31.899999618530273,32.0099983215332,94500
2026-05-13 19:05:00+00:00,TOTS3.SA,32.02000045776367,32.02000045776367,31.850000381469727,31.860000610351562,154900
2026-05-13 19:10:00+00:00,TOTS3.SA,31.860000610351562,31.959999084472656,31.84000015258789,31.850000381469727,184300
2026-05-13 19:15:00+00:00,TOTS3.SA,31.860000610351562,31.899999618530273,31.850000381469727,31.8799991607666,122600
2026-05-13 19:20:00+00:00,TOTS3.SA,31.8700008392334,31.8799991607666,31.780000686645508,31.809999465942383,131400
2026-05-13 19:25:00+00:00,TOTS3.SA,31.809999465942383,31.860000610351562,31.75,31.809999465942383,160200
2026-05-13 19:30:00+00:00,TOTS3.SA,31.809999465942383,31.829999923706055,31.709999084472656,31.75,169400
2026-05-13 19:35:00+00:00,TOTS3.SA,31.75,31.850000381469727,31.729999542236328,31.84000015258789,150900
2026-05-13 19:40:00+00:00,TOTS3.SA,31.84000015258789,31.8799991607666,31.81999969482422,31.81999969482422,136800
2026-05-13 19:45:00+00:00,TOTS3.SA,31.81999969482422,31.829999923706055,31.770000457763672,31.770000457763672,123300
2026-05-13 19:50:00+00:00,TOTS3.SA,31.770000457763672,31.799999237060547,31.649999618530273,31.700000762939453,189600
2026-05-13 19:55:00+00:00,TOTS3.SA,31.700000762939453,31.700000762939453,31.700000762939453,31.700000762939453,500
2026-05-14 13:00:00+00:00,TOTS3.SA,31.690000534057617,31.989999771118164,31.690000534057617,31.969999313354492,0
2026-05-14 13:05:00+00:00,TOTS3.SA,31.989999771118164,32.2599983215332,31.959999084472656,32.2400016784668,27200
2026-05-14 13:10:00+00:00,TOTS3.SA,32.220001220703125,32.27000045776367,32.13999938964844,32.13999938964844,12300
2026-05-14 13:15:00+00:00,TOTS3.SA,32.13999938964844,32.25,32.02000045776367,32.189998626708984,18400
2026-05-14 13:20:00+00:00,TOTS3.SA,32.189998626708984,32.369998931884766,32.189998626708984,32.369998931884766,15900
2026-05-14 13:25:00+00:00,TOTS3.SA,32.349998474121094,32.400001525878906,32.18000030517578,32.220001220703125,17700
2026-05-14 13:30:00+00:00,TOTS3.SA,32.20000076293945,32.209999084472656,32.099998474121094,32.099998474121094,17100
2026-05-14 13:35:00+00:00,TOTS3.SA,32.130001068115234,32.29999923706055,32.08000183105469,32.130001068115234,171100
2026-05-14 13:40:00+00:00,TOTS3.SA,32.119998931884766,32.27000045776367,32.119998931884766,32.18000030517578,154000
2026-05-14 13:45:00+00:00,TOTS3.SA,32.18000030517578,32.29999923706055,32.15999984741211,32.279998779296875,38600
2026-05-14 13:50:00+00:00,TOTS3.SA,32.27000045776367,32.279998779296875,32.16999816894531,32.2599983215332,29500
2026-05-14 13:55:00+00:00,TOTS3.SA,32.2400016784668,32.279998779296875,32.130001068115234,32.22999954223633,38700
2026-05-14 14:00:00+00:00,TOTS3.SA,32.209999084472656,32.27000045776367,32.20000076293945,32.220001220703125,25100
2026-05-14 14:05:00+00:00,TOTS3.SA,32.220001220703125,32.25,32.130001068115234,32.18000030517578,35100
2026-05-14 14:10:00+00:00,TOTS3.SA,32.16999816894531,32.27000045776367,32.16999816894531,32.2400016784668,36400
2026-05-14 14:15:00+00:00,TOTS3.SA,32.2400016784668,32.2400016784668,32.18000030517578,32.22999954223633,22000
2026-05-14 14:20:00+00:00,TOTS3.SA,32.22999954223633,32.47999954223633,32.20000076293945,32.47999954223633,189000
2026-05-14 14:25:00+00:00,TOTS3.SA,32.47999954223633,32.47999954223633,32.36000061035156,32.43000030517578,53000
2026-05-14 14:30:00+00:00,TOTS3.SA,32.43000030517578,32.560001373291016,32.40999984741211,32.52000045776367,62000
2026-05-14 14:35:00+00:00,TOTS3.SA,32.52000045776367,32.560001373291016,32.4900016784668,32.529998779296875,45800
2026-05-14 14:40:00+00:00,TOTS3.SA,32.529998779296875,32.560001373291016,32.4900016784668,32.560001373291016,32600
2026-05-14 14:45:00+00:00,TOTS3.SA,32.54999923706055,32.650001525878906,32.5,32.630001068115234,52200
2026-05-14 14:50:00+00:00,TOTS3.SA,32.619998931884766,32.68000030517578,32.61000061035156,32.63999938964844,37800
2026-05-14 14:55:00+00:00,TOTS3.SA,32.65999984741211,32.790000915527344,32.63999938964844,32.72999954223633,161500
2026-05-14 15:00:00+00:00,TOTS3.SA,32.709999084472656,32.81999969482422,32.709999084472656,32.7599983215332,53600
2026-05-14 15:05:00+00:00,TOTS3.SA,32.7599983215332,32.79999923706055,32.72999954223633,32.79999923706055,47800
2026-05-14 15:10:00+00:00,TOTS3.SA,32.79999923706055,32.79999923706055,32.72999954223633,32.75,29600
2026-05-14 15:15:00+00:00,TOTS3.SA,32.72999954223633,32.7400016784668,32.41999816894531,32.45000076293945,88800
2026-05-14 15:20:00+00:00,TOTS3.SA,32.43000030517578,32.47999954223633,32.38999938964844,32.41999816894531,39300
2026-05-14 15:25:00+00:00,TOTS3.SA,32.40999984741211,32.47999954223633,32.290000915527344,32.36000061035156,184600
2026-05-14 15:30:00+00:00,TOTS3.SA,32.380001068115234,32.439998626708984,32.31999969482422,32.369998931884766,56500
2026-05-14 15:35:00+00:00,TOTS3.SA,32.369998931884766,32.41999816894531,32.31999969482422,32.380001068115234,107300
2026-05-14 15:40:00+00:00,TOTS3.SA,32.38999938964844,32.5,32.380001068115234,32.4900016784668,46700
2026-05-14 15:45:00+00:00,TOTS3.SA,32.4900016784668,32.540000915527344,32.4900016784668,32.529998779296875,25700
2026-05-14 15:50:00+00:00,TOTS3.SA,32.5099983215332,32.529998779296875,32.45000076293945,32.470001220703125,24800
2026-05-14 15:55:00+00:00,TOTS3.SA,32.470001220703125,32.52000045776367,32.439998626708984,32.459999084472656,30000
2026-05-14 16:00:00+00:00,TOTS3.SA,32.439998626708984,32.459999084472656,32.38999938964844,32.45000076293945,25300
2026-05-14 16:05:00+00:00,TOTS3.SA,32.45000076293945,32.529998779296875,32.439998626708984,32.529998779296875,29000
2026-05-14 16:10:00+00:00,TOTS3.SA,32.529998779296875,32.54999923706055,32.40999984741211,32.439998626708984,367500
2026-05-14 16:15:00+00:00,TOTS3.SA,32.439998626708984,32.47999954223633,32.439998626708984,32.47999954223633,20700
2026-05-14 16:20:00+00:00,TOTS3.SA,32.47999954223633,32.47999954223633,32.400001525878906,32.400001525878906,24400
2026-05-14 16:25:00+00:00,TOTS3.SA,32.400001525878906,32.41999816894531,32.2599983215332,32.29999923706055,48300
2026-05-14 16:30:00+00:00,TOTS3.SA,32.29999923706055,32.31999969482422,32.2599983215332,32.2599983215332,37500
2026-05-14 16:35:00+00:00,TOTS3.SA,32.279998779296875,32.29999923706055,32.22999954223633,32.25,30800
2026-05-14 16:40:00+00:00,TOTS3.SA,32.2400016784668,32.310001373291016,32.2400016784668,32.25,24300
2026-05-14 16:45:00+00:00,TOTS3.SA,32.25,32.279998779296875,32.209999084472656,32.2599983215332,28400
2026-05-14 16:50:00+00:00,TOTS3.SA,32.2599983215332,32.2599983215332,32.189998626708984,32.209999084472656,19000
2026-05-14 16:55:00+00:00,TOTS3.SA,32.189998626708984,32.209999084472656,32.16999816894531,32.18000030517578,25000
2026-05-14 17:00:00+00:00,TOTS3.SA,32.18000030517578,32.220001220703125,32.15999984741211,32.209999084472656,30400
2026-05-14 17:05:00+00:00,TOTS3.SA,32.209999084472656,32.25,32.189998626708984,32.2400016784668,25000
2026-05-14 17:10:00+00:00,TOTS3.SA,32.2400016784668,32.25,32.18000030517578,32.189998626708984,23700
2026-05-14 17:15:00+00:00,TOTS3.SA,32.209999084472656,32.220001220703125,32.15999984741211,32.15999984741211,22500
2026-05-14 17:20:00+00:00,TOTS3.SA,32.18000030517578,32.29999923706055,32.13999938964844,32.2599983215332,39100
2026-05-14 17:25:00+00:00,TOTS3.SA,32.2599983215332,32.27000045776367,32.209999084472656,32.22999954223633,26500
2026-05-14 17:30:00+00:00,TOTS3.SA,32.22999954223633,32.290000915527344,32.220001220703125,32.279998779296875,29400
2026-05-14 17:35:00+00:00,TOTS3.SA,32.279998779296875,32.290000915527344,32.25,32.25,23400
2026-05-14 17:40:00+00:00,TOTS3.SA,32.27000045776367,32.27000045776367,32.220001220703125,32.22999954223633,19600
2026-05-14 17:45:00+00:00,TOTS3.SA,32.2400016784668,32.2599983215332,32.189998626708984,32.20000076293945,27700
2026-05-14 17:50:00+00:00,TOTS3.SA,32.20000076293945,32.209999084472656,32.13999938964844,32.18000030517578,56400
2026-05-14 17:55:00+00:00,TOTS3.SA,32.18000030517578,32.2599983215332,32.13999938964844,32.22999954223633,51300
2026-05-14 18:00:00+00:00,TOTS3.SA,32.209999084472656,32.25,32.189998626708984,32.2400016784668,30900
2026-05-14 18:05:00+00:00,TOTS3.SA,32.2400016784668,32.27000045776367,32.220001220703125,32.25,26000
2026-05-14 18:10:00+00:00,TOTS3.SA,32.25,32.25,32.13999938964844,32.15999984741211,23800
2026-05-14 18:15:00+00:00,TOTS3.SA,32.15999984741211,32.16999816894531,32.11000061035156,32.130001068115234,28900
2026-05-14 18:20:00+00:00,TOTS3.SA,32.130001068115234,32.13999938964844,32.06999969482422,32.08000183105469,20200
2026-05-14 18:25:00+00:00,TOTS3.SA,32.06999969482422,32.11000061035156,32.060001373291016,32.060001373291016,34600
2026-05-14 18:30:00+00:00,TOTS3.SA,32.060001373291016,32.06999969482422,32.0099983215332,32.02000045776367,22000
2026-05-14 18:35:00+00:00,TOTS3.SA,32.02000045776367,32.02000045776367,31.90999984741211,31.950000762939453,42700
2026-05-14 18:40:00+00:00,TOTS3.SA,31.950000762939453,31.959999084472656,31.84000015258789,31.8700008392334,48600
2026-05-14 18:45:00+00:00,TOTS3.SA,31.860000610351562,31.899999618530273,31.84000015258789,31.889999389648438,30300
2026-05-14 18:50:00+00:00,TOTS3.SA,31.8799991607666,31.93000030517578,31.850000381469727,31.899999618530273,36000
2026-05-14 18:55:00+00:00,TOTS3.SA,31.899999618530273,31.90999984741211,31.860000610351562,31.8700008392334,16600
2026-05-14 19:00:00+00:00,TOTS3.SA,31.8700008392334,31.90999984741211,31.84000015258789,31.84000015258789,37800
2026-05-14 19:05:00+00:00,TOTS3.SA,31.850000381469727,31.899999618530273,31.809999465942383,31.889999389648438,35800
2026-05-14 19:10:00+00:00,TOTS3.SA,31.889999389648438,31.899999618530273,31.850000381469727,31.889999389648438,24200
2026-05-14 19:15:00+00:00,TOTS3.SA,31.889999389648438,31.899999618530273,31.850000381469727,31.8700008392334,28300
2026-05-14 19:20:00+00:00,TOTS3.SA,31.860000610351562,31.8799991607666,31.770000457763672,31.799999237060547,44100
2026-05-14 19:25:00+00:00,TOTS3.SA,31.790000915527344,31.799999237060547,31.75,31.780000686645508,41600
2026-05-14 19:30:00+00:00,TOTS3.SA,31.760000228881836,31.81999969482422,31.760000228881836,31.780000686645508,28600
2026-05-14 19:35:00+00:00,TOTS3.SA,31.770000457763672,31.829999923706055,31.75,31.829999923706055,41100
2026-05-14 19:40:00+00:00,TOTS3.SA,31.81999969482422,31.850000381469727,31.799999237060547,31.81999969482422,37500
2026-05-14 19:45:00+00:00,TOTS3.SA,31.809999465942383,31.8700008392334,31.809999465942383,31.84000015258789,40300
2026-05-14 19:50:00+00:00,TOTS3.SA,31.829999923706055,31.860000610351562,31.790000915527344,31.809999465942383,58900
2026-05-15 13:05:00+00:00,TOTS3.SA,31.0,31.100000381469727,30.8799991607666,30.920000076293945,20800
2026-05-15 13:10:00+00:00,TOTS3.SA,30.93000030517578,31.020000457763672,30.780000686645508,30.989999771118164,110200
2026-05-15 13:15:00+00:00,TOTS3.SA,30.989999771118164,31.06999969482422,30.950000762939453,30.989999771118164,51600
2026-05-15 13:20:00+00:00,TOTS3.SA,30.989999771118164,31.020000457763672,30.860000610351562,30.920000076293945,59500
2026-05-15 13:25:00+00:00,TOTS3.SA,30.940000534057617,30.979999542236328,30.850000381469727,30.90999984741211,47400
2026-05-15 13:30:00+00:00,TOTS3.SA,30.899999618530273,30.899999618530273,30.75,30.799999237060547,69500
2026-05-15 13:35:00+00:00,TOTS3.SA,30.780000686645508,30.90999984741211,30.780000686645508,30.8799991607666,48500
2026-05-15 13:40:00+00:00,TOTS3.SA,30.889999389648438,30.889999389648438,30.719999313354492,30.75,68000
2026-05-15 13:45:00+00:00,TOTS3.SA,30.760000228881836,30.770000457763672,30.56999969482422,30.600000381469727,77400
2026-05-15 13:50:00+00:00,TOTS3.SA,30.600000381469727,30.780000686645508,30.549999237060547,30.739999771118164,111800
2026-05-15 13:55:00+00:00,TOTS3.SA,30.75,30.8799991607666,30.700000762939453,30.75,83500
2026-05-15 14:00:00+00:00,TOTS3.SA,30.770000457763672,30.850000381469727,30.739999771118164,30.780000686645508,59000
2026-05-15 14:05:00+00:00,TOTS3.SA,30.770000457763672,30.920000076293945,30.770000457763672,30.8799991607666,43300
2026-05-15 14:10:00+00:00,TOTS3.SA,30.899999618530273,31.190000534057617,30.899999618530273,31.170000076293945,85700
2026-05-15 14:15:00+00:00,TOTS3.SA,31.170000076293945,31.290000915527344,31.149999618530273,31.219999313354492,67600
2026-05-15 14:20:00+00:00,TOTS3.SA,31.229999542236328,31.270000457763672,31.190000534057617,31.270000457763672,38100
2026-05-15 14:25:00+00:00,TOTS3.SA,31.270000457763672,31.280000686645508,31.149999618530273,31.15999984741211,75300
2026-05-15 14:30:00+00:00,TOTS3.SA,31.15999984741211,31.200000762939453,31.100000381469727,31.170000076293945,122100
2026-05-15 14:35:00+00:00,TOTS3.SA,31.149999618530273,31.209999084472656,31.149999618530273,31.18000030517578,33300
2026-05-15 14:40:00+00:00,TOTS3.SA,31.170000076293945,31.209999084472656,31.06999969482422,31.200000762939453,86100
2026-05-15 14:45:00+00:00,TOTS3.SA,31.200000762939453,31.219999313354492,31.1299991607666,31.170000076293945,53500
2026-05-15 14:50:00+00:00,TOTS3.SA,31.149999618530273,31.170000076293945,31.040000915527344,31.059999465942383,82700
2026-05-15 14:55:00+00:00,TOTS3.SA,31.06999969482422,31.110000610351562,31.020000457763672,31.079999923706055,37200
2026-05-15 15:00:00+00:00,TOTS3.SA,31.079999923706055,31.1299991607666,31.059999465942383,31.09000015258789,30300
2026-05-15 15:05:00+00:00,TOTS3.SA,31.06999969482422,31.299999237060547,31.06999969482422,31.270000457763672,44900
2026-05-15 15:10:00+00:00,TOTS3.SA,31.270000457763672,31.34000015258789,31.25,31.31999969482422,46000
2026-05-15 15:15:00+00:00,TOTS3.SA,31.309999465942383,31.389999389648438,31.309999465942383,31.360000610351562,37000
2026-05-15 15:20:00+00:00,TOTS3.SA,31.360000610351562,31.3799991607666,31.299999237060547,31.299999237060547,29600
2026-05-15 15:25:00+00:00,TOTS3.SA,31.299999237060547,31.420000076293945,31.280000686645508,31.389999389648438,52200
2026-05-15 15:30:00+00:00,TOTS3.SA,31.399999618530273,31.40999984741211,31.329999923706055,31.329999923706055,30000
2026-05-15 15:35:00+00:00,TOTS3.SA,31.329999923706055,31.389999389648438,31.290000915527344,31.350000381469727,40800
2026-05-15 15:40:00+00:00,TOTS3.SA,31.350000381469727,31.450000762939453,31.350000381469727,31.399999618530273,33800
2026-05-15 15:45:00+00:00,TOTS3.SA,31.399999618530273,31.489999771118164,31.399999618530273,31.469999313354492,45300
2026-05-15 15:50:00+00:00,TOTS3.SA,31.469999313354492,31.5,31.43000030517578,31.479999542236328,46700
2026-05-15 15:55:00+00:00,TOTS3.SA,31.469999313354492,31.510000228881836,31.459999084472656,31.5,27300
2026-05-15 16:00:00+00:00,TOTS3.SA,31.5,31.559999465942383,31.5,31.540000915527344,29200
2026-05-15 16:05:00+00:00,TOTS3.SA,31.540000915527344,31.540000915527344,31.469999313354492,31.510000228881836,23700
2026-05-15 16:10:00+00:00,TOTS3.SA,31.5,31.510000228881836,31.450000762939453,31.510000228881836,25000
2026-05-15 16:15:00+00:00,TOTS3.SA,31.510000228881836,31.510000228881836,31.479999542236328,31.510000228881836,23700
2026-05-15 16:20:00+00:00,TOTS3.SA,31.510000228881836,31.59000015258789,31.5,31.579999923706055,26500
2026-05-15 16:25:00+00:00,TOTS3.SA,31.579999923706055,31.610000610351562,31.579999923706055,31.59000015258789,42600
2026-05-15 16:30:00+00:00,TOTS3.SA,31.600000381469727,31.610000610351562,31.549999237060547,31.579999923706055,28300
2026-05-15 16:35:00+00:00,TOTS3.SA,31.579999923706055,31.610000610351562,31.559999465942383,31.56999969482422,35600
2026-05-15 16:40:00+00:00,TOTS3.SA,31.56999969482422,31.59000015258789,31.540000915527344,31.559999465942383,59600
2026-05-15 16:45:00+00:00,TOTS3.SA,31.559999465942383,31.600000381469727,31.549999237060547,31.559999465942383,35400
2026-05-15 16:50:00+00:00,TOTS3.SA,31.559999465942383,31.559999465942383,31.399999618530273,31.399999618530273,52800
2026-05-15 16:55:00+00:00,TOTS3.SA,31.40999984741211,31.40999984741211,31.34000015258789,31.360000610351562,22900
2026-05-15 17:00:00+00:00,TOTS3.SA,31.350000381469727,31.399999618530273,31.31999969482422,31.3799991607666,50000
2026-05-15 17:05:00+00:00,TOTS3.SA,31.3799991607666,31.600000381469727,31.3799991607666,31.600000381469727,151900
2026-05-15 17:10:00+00:00,TOTS3.SA,31.600000381469727,31.700000762939453,31.559999465942383,31.68000030517578,150200
2026-05-15 17:15:00+00:00,TOTS3.SA,31.68000030517578,31.709999084472656,31.6200008392334,31.709999084472656,48500
2026-05-15 17:20:00+00:00,TOTS3.SA,31.709999084472656,31.760000228881836,31.68000030517578,31.690000534057617,49400
2026-05-15 17:25:00+00:00,TOTS3.SA,31.700000762939453,31.739999771118164,31.670000076293945,31.700000762939453,43700
2026-05-15 17:30:00+00:00,TOTS3.SA,31.690000534057617,31.8700008392334,31.690000534057617,31.81999969482422,80100
2026-05-15 17:35:00+00:00,TOTS3.SA,31.84000015258789,31.84000015258789,31.760000228881836,31.770000457763672,32700
2026-05-15 17:40:00+00:00,TOTS3.SA,31.780000686645508,31.8799991607666,31.729999542236328,31.84000015258789,149600
2026-05-15 17:45:00+00:00,TOTS3.SA,31.84000015258789,31.860000610351562,31.790000915527344,31.81999969482422,75700
2026-05-15 17:50:00+00:00,TOTS3.SA,31.84000015258789,31.8799991607666,31.829999923706055,31.860000610351562,42600
2026-05-15 17:55:00+00:00,TOTS3.SA,31.860000610351562,31.899999618530273,31.850000381469727,31.8700008392334,0
2026-05-15 18:00:00+00:00,TOTS3.SA,31.8700008392334,31.90999984741211,31.850000381469727,31.860000610351562,3404900
2026-05-15 18:05:00+00:00,TOTS3.SA,31.8799991607666,31.8799991607666,31.790000915527344,31.799999237060547,31000
2026-05-15 18:10:00+00:00,TOTS3.SA,31.799999237060547,31.809999465942383,31.700000762939453,31.700000762939453,32400
2026-05-15 18:15:00+00:00,TOTS3.SA,31.700000762939453,31.709999084472656,31.610000610351562,31.610000610351562,40900
2026-05-15 18:20:00+00:00,TOTS3.SA,31.610000610351562,31.739999771118164,31.610000610351562,31.700000762939453,51500
2026-05-15 18:25:00+00:00,TOTS3.SA,31.690000534057617,31.700000762939453,31.6200008392334,31.639999389648438,40400
2026-05-15 18:30:00+00:00,TOTS3.SA,31.6299991607666,31.639999389648438,31.479999542236328,31.540000915527344,63500
2026-05-15 18:35:00+00:00,TOTS3.SA,31.549999237060547,31.59000015258789,31.540000915527344,31.59000015258789,39100
2026-05-15 18:40:00+00:00,TOTS3.SA,31.59000015258789,31.670000076293945,31.549999237060547,31.65999984741211,38200
2026-05-15 18:45:00+00:00,TOTS3.SA,31.65999984741211,31.65999984741211,31.6200008392334,31.6299991607666,31200
2026-05-15 18:50:00+00:00,TOTS3.SA,31.639999389648438,31.65999984741211,31.579999923706055,31.579999923706055,41700
2026-05-15 18:55:00+00:00,TOTS3.SA,31.579999923706055,31.579999923706055,31.440000534057617,31.450000762939453,48100
2026-05-15 19:00:00+00:00,TOTS3.SA,31.459999084472656,31.469999313354492,31.399999618530273,31.40999984741211,41500
2026-05-15 19:05:00+00:00,TOTS3.SA,31.420000076293945,31.440000534057617,31.3700008392334,31.389999389648438,44900
2026-05-15 19:10:00+00:00,TOTS3.SA,31.3799991607666,31.40999984741211,31.3700008392334,31.40999984741211,51700
2026-05-15 19:15:00+00:00,TOTS3.SA,31.399999618530273,31.40999984741211,31.360000610351562,31.389999389648438,48300
2026-05-15 19:20:00+00:00,TOTS3.SA,31.3799991607666,31.399999618530273,31.350000381469727,31.350000381469727,47400
2026-05-15 19:25:00+00:00,TOTS3.SA,31.350000381469727,31.399999618530273,31.350000381469727,31.3799991607666,58000
2026-05-15 19:30:00+00:00,TOTS3.SA,31.3799991607666,31.399999618530273,31.329999923706055,31.389999389648438,66200
2026-05-15 19:35:00+00:00,TOTS3.SA,31.3799991607666,31.3799991607666,31.31999969482422,31.34000015258789,76200
2026-05-15 19:40:00+00:00,TOTS3.SA,31.350000381469727,31.420000076293945,31.31999969482422,31.399999618530273,109600
2026-05-15 19:45:00+00:00,TOTS3.SA,31.399999618530273,31.450000762939453,31.3799991607666,31.440000534057617,82600
2026-05-15 19:50:00+00:00,TOTS3.SA,31.440000534057617,31.459999084472656,31.34000015258789,31.399999618530273,83500
2026-05-18 13:00:00+00:00,TOTS3.SA,31.110000610351562,31.40999984741211,31.079999923706055,31.309999465942383,0
2026-05-18 13:05:00+00:00,TOTS3.SA,31.309999465942383,31.649999618530273,31.309999465942383,31.600000381469727,51300
2026-05-18 13:10:00+00:00,TOTS3.SA,31.600000381469727,31.6200008392334,31.450000762939453,31.469999313354492,35200
2026-05-18 13:15:00+00:00,TOTS3.SA,31.469999313354492,31.610000610351562,31.43000030517578,31.520000457763672,23700
2026-05-18 13:20:00+00:00,TOTS3.SA,31.520000457763672,31.639999389648438,31.5,31.56999969482422,16000
2026-05-18 13:25:00+00:00,TOTS3.SA,31.59000015258789,31.780000686645508,31.56999969482422,31.610000610351562,26700
2026-05-18 13:30:00+00:00,TOTS3.SA,31.6299991607666,31.6299991607666,31.389999389648438,31.489999771118164,46800
2026-05-18 13:35:00+00:00,TOTS3.SA,31.489999771118164,31.520000457763672,31.31999969482422,31.440000534057617,44300
2026-05-18 13:40:00+00:00,TOTS3.SA,31.440000534057617,31.520000457763672,31.350000381469727,31.43000030517578,36300
2026-05-18 13:45:00+00:00,TOTS3.SA,31.43000030517578,31.59000015258789,31.420000076293945,31.559999465942383,59600
2026-05-18 13:50:00+00:00,TOTS3.SA,31.559999465942383,31.719999313354492,31.510000228881836,31.700000762939453,41700
2026-05-18 13:55:00+00:00,TOTS3.SA,31.690000534057617,31.719999313354492,31.600000381469727,31.670000076293945,28600
2026-05-18 14:00:00+00:00,TOTS3.SA,31.670000076293945,31.670000076293945,31.450000762939453,31.469999313354492,26500
2026-05-18 14:05:00+00:00,TOTS3.SA,31.469999313354492,31.530000686645508,31.329999923706055,31.440000534057617,59600
2026-05-18 14:10:00+00:00,TOTS3.SA,31.43000030517578,31.59000015258789,31.34000015258789,31.559999465942383,117400
2026-05-18 14:15:00+00:00,TOTS3.SA,31.549999237060547,31.549999237060547,31.479999542236328,31.520000457763672,22600
2026-05-18 14:20:00+00:00,TOTS3.SA,31.520000457763672,31.600000381469727,31.489999771118164,31.530000686645508,31800
2026-05-18 14:25:00+00:00,TOTS3.SA,31.530000686645508,31.59000015258789,31.520000457763672,31.559999465942383,18500
2026-05-18 14:30:00+00:00,TOTS3.SA,31.559999465942383,31.59000015258789,31.469999313354492,31.479999542236328,27900
2026-05-18 14:35:00+00:00,TOTS3.SA,31.479999542236328,31.510000228881836,31.34000015258789,31.43000030517578,47800
2026-05-18 14:40:00+00:00,TOTS3.SA,31.420000076293945,31.43000030517578,31.329999923706055,31.389999389648438,24200
2026-05-18 14:45:00+00:00,TOTS3.SA,31.389999389648438,31.40999984741211,31.299999237060547,31.3799991607666,24000
2026-05-18 14:50:00+00:00,TOTS3.SA,31.3799991607666,31.489999771118164,31.3799991607666,31.420000076293945,23200
2026-05-18 14:55:00+00:00,TOTS3.SA,31.399999618530273,31.469999313354492,31.399999618530273,31.440000534057617,18700
2026-05-18 15:00:00+00:00,TOTS3.SA,31.43000030517578,31.459999084472656,31.329999923706055,31.360000610351562,34800
2026-05-18 15:05:00+00:00,TOTS3.SA,31.360000610351562,31.3700008392334,31.309999465942383,31.31999969482422,30800
2026-05-18 15:10:00+00:00,TOTS3.SA,31.31999969482422,31.350000381469727,31.290000915527344,31.31999969482422,17300
2026-05-18 15:15:00+00:00,TOTS3.SA,31.31999969482422,31.34000015258789,31.270000457763672,31.299999237060547,22400
2026-05-18 15:20:00+00:00,TOTS3.SA,31.309999465942383,31.329999923706055,31.260000228881836,31.299999237060547,18600
2026-05-18 15:25:00+00:00,TOTS3.SA,31.299999237060547,31.299999237060547,31.25,31.260000228881836,18100
2026-05-18 15:30:00+00:00,TOTS3.SA,31.260000228881836,31.350000381469727,31.239999771118164,31.350000381469727,18400
2026-05-18 15:35:00+00:00,TOTS3.SA,31.350000381469727,31.389999389648438,31.34000015258789,31.389999389648438,17400
2026-05-18 15:40:00+00:00,TOTS3.SA,31.389999389648438,31.399999618530273,31.34000015258789,31.3700008392334,22100
2026-05-18 15:45:00+00:00,TOTS3.SA,31.3700008392334,31.450000762939453,31.360000610351562,31.3799991607666,19600
2026-05-18 15:50:00+00:00,TOTS3.SA,31.360000610351562,31.40999984741211,31.299999237060547,31.40999984741211,44900
2026-05-18 15:55:00+00:00,TOTS3.SA,31.40999984741211,31.40999984741211,31.25,31.31999969482422,169800
2026-05-18 16:00:00+00:00,TOTS3.SA,31.31999969482422,31.34000015258789,31.299999237060547,31.31999969482422,19800
2026-05-18 16:05:00+00:00,TOTS3.SA,31.31999969482422,31.5,31.309999465942383,31.440000534057617,345700
2026-05-18 16:10:00+00:00,TOTS3.SA,31.43000030517578,31.459999084472656,31.40999984741211,31.459999084472656,37600
2026-05-18 16:15:00+00:00,TOTS3.SA,31.459999084472656,31.520000457763672,31.459999084472656,31.479999542236328,22300
2026-05-18 16:20:00+00:00,TOTS3.SA,31.479999542236328,31.479999542236328,31.420000076293945,31.459999084472656,24800
2026-05-18 16:25:00+00:00,TOTS3.SA,31.459999084472656,31.459999084472656,31.350000381469727,31.389999389648438,31000
2026-05-18 16:30:00+00:00,TOTS3.SA,31.389999389648438,31.420000076293945,31.360000610351562,31.3799991607666,24300
2026-05-18 16:35:00+00:00,TOTS3.SA,31.389999389648438,31.40999984741211,31.3700008392334,31.3700008392334,19600
2026-05-18 16:40:00+00:00,TOTS3.SA,31.3700008392334,31.530000686645508,31.350000381469727,31.399999618530273,127300
2026-05-18 16:45:00+00:00,TOTS3.SA,31.399999618530273,31.43000030517578,31.3799991607666,31.420000076293945,20300
2026-05-18 16:50:00+00:00,TOTS3.SA,31.420000076293945,31.489999771118164,31.40999984741211,31.479999542236328,23400
2026-05-18 16:55:00+00:00,TOTS3.SA,31.479999542236328,31.540000915527344,31.469999313354492,31.479999542236328,18500
2026-05-18 17:00:00+00:00,TOTS3.SA,31.489999771118164,31.510000228881836,31.469999313354492,31.489999771118164,18700
2026-05-18 17:05:00+00:00,TOTS3.SA,31.489999771118164,31.530000686645508,31.479999542236328,31.510000228881836,20900
2026-05-18 17:10:00+00:00,TOTS3.SA,31.510000228881836,31.510000228881836,31.459999084472656,31.489999771118164,23000
2026-05-18 17:15:00+00:00,TOTS3.SA,31.489999771118164,31.5,31.450000762939453,31.469999313354492,25400
2026-05-18 17:20:00+00:00,TOTS3.SA,31.469999313354492,31.5,31.43000030517578,31.5,37700
2026-05-18 17:25:00+00:00,TOTS3.SA,31.5,31.540000915527344,31.489999771118164,31.530000686645508,22300
2026-05-18 17:30:00+00:00,TOTS3.SA,31.540000915527344,31.540000915527344,31.440000534057617,31.459999084472656,19900
2026-05-18 17:35:00+00:00,TOTS3.SA,31.440000534057617,31.459999084472656,31.3700008392334,31.389999389648438,36300
2026-05-18 17:40:00+00:00,TOTS3.SA,31.389999389648438,31.520000457763672,31.360000610351562,31.520000457763672,150800
2026-05-18 17:45:00+00:00,TOTS3.SA,31.520000457763672,31.520000457763672,31.399999618530273,31.420000076293945,75100
2026-05-18 17:50:00+00:00,TOTS3.SA,31.420000076293945,31.450000762939453,31.309999465942383,31.360000610351562,39200
2026-05-18 17:55:00+00:00,TOTS3.SA,31.34000015258789,31.3799991607666,31.34000015258789,31.3799991607666,26700
2026-05-18 18:00:00+00:00,TOTS3.SA,31.360000610351562,31.3700008392334,31.280000686645508,31.329999923706055,31600
2026-05-18 18:05:00+00:00,TOTS3.SA,31.329999923706055,31.3799991607666,31.309999465942383,31.329999923706055,33600
2026-05-18 18:10:00+00:00,TOTS3.SA,31.31999969482422,31.360000610351562,31.290000915527344,31.31999969482422,30000
2026-05-18 18:15:00+00:00,TOTS3.SA,31.299999237060547,31.31999969482422,31.270000457763672,31.290000915527344,42300
2026-05-18 18:20:00+00:00,TOTS3.SA,31.270000457763672,31.309999465942383,31.170000076293945,31.200000762939453,68400
2026-05-18 18:25:00+00:00,TOTS3.SA,31.200000762939453,31.25,31.190000534057617,31.25,64400
2026-05-18 18:30:00+00:00,TOTS3.SA,31.25,31.31999969482422,31.219999313354492,31.299999237060547,91900
2026-05-18 18:35:00+00:00,TOTS3.SA,31.309999465942383,31.350000381469727,31.290000915527344,31.31999969482422,26600
2026-05-18 18:40:00+00:00,TOTS3.SA,31.31999969482422,31.350000381469727,31.290000915527344,31.329999923706055,45300
2026-05-18 18:45:00+00:00,TOTS3.SA,31.329999923706055,31.3799991607666,31.31999969482422,31.360000610351562,32000
2026-05-18 18:50:00+00:00,TOTS3.SA,31.360000610351562,31.360000610351562,31.309999465942383,31.31999969482422,24800
2026-05-18 18:55:00+00:00,TOTS3.SA,31.309999465942383,31.34000015258789,31.209999084472656,31.239999771118164,47800
2026-05-18 19:00:00+00:00,TOTS3.SA,31.239999771118164,31.530000686645508,31.229999542236328,31.520000457763672,125200
2026-05-18 19:05:00+00:00,TOTS3.SA,31.520000457763672,31.530000686645508,31.450000762939453,31.489999771118164,37700
2026-05-18 19:10:00+00:00,TOTS3.SA,31.489999771118164,31.489999771118164,31.3700008392334,31.43000030517578,91000
2026-05-18 19:15:00+00:00,TOTS3.SA,31.440000534057617,31.5,31.43000030517578,31.489999771118164,23700
2026-05-18 19:20:00+00:00,TOTS3.SA,31.489999771118164,31.489999771118164,31.420000076293945,31.459999084472656,26300
2026-05-18 19:25:00+00:00,TOTS3.SA,31.459999084472656,31.489999771118164,31.420000076293945,31.489999771118164,31300
2026-05-18 19:30:00+00:00,TOTS3.SA,31.479999542236328,31.520000457763672,31.450000762939453,31.489999771118164,50900
2026-05-18 19:35:00+00:00,TOTS3.SA,31.489999771118164,31.56999969482422,31.489999771118164,31.56999969482422,45400
2026-05-18 19:40:00+00:00,TOTS3.SA,31.56999969482422,31.6299991607666,31.56999969482422,31.610000610351562,59600
2026-05-18 19:45:00+00:00,TOTS3.SA,31.610000610351562,31.649999618530273,31.559999465942383,31.6299991607666,73600
2026-05-18 19:50:00+00:00,TOTS3.SA,31.639999389648438,31.799999237060547,31.459999084472656,31.670000076293945,84400
2026-05-19 13:00:00+00:00,TOTS3.SA,31.239999771118164,31.43000030517578,31.149999618530273,31.31999969482422,0
2026-05-19 13:05:00+00:00,TOTS3.SA,31.350000381469727,31.40999984741211,31.239999771118164,31.3700008392334,40600
2026-05-19 13:10:00+00:00,TOTS3.SA,31.3700008392334,31.3700008392334,31.260000228881836,31.299999237060547,13500
2026-05-19 13:15:00+00:00,TOTS3.SA,31.31999969482422,31.31999969482422,31.110000610351562,31.25,44500
2026-05-19 13:20:00+00:00,TOTS3.SA,31.260000228881836,31.260000228881836,31.040000915527344,31.079999923706055,36500
2026-05-19 13:25:00+00:00,TOTS3.SA,31.09000015258789,31.15999984741211,31.010000228881836,31.139999389648438,51600
2026-05-19 13:30:00+00:00,TOTS3.SA,31.139999389648438,31.31999969482422,31.079999923706055,31.270000457763672,154500
2026-05-19 13:35:00+00:00,TOTS3.SA,31.260000228881836,31.309999465942383,31.239999771118164,31.309999465942383,166100
2026-05-19 13:40:00+00:00,TOTS3.SA,31.280000686645508,31.280000686645508,31.079999923706055,31.209999084472656,158900
2026-05-19 13:45:00+00:00,TOTS3.SA,31.209999084472656,31.479999542236328,31.1200008392334,31.450000762939453,439500
2026-05-19 13:50:00+00:00,TOTS3.SA,31.43000030517578,31.540000915527344,31.40999984741211,31.440000534057617,74800
2026-05-19 13:55:00+00:00,TOTS3.SA,31.479999542236328,31.520000457763672,31.399999618530273,31.459999084472656,47600
2026-05-19 14:00:00+00:00,TOTS3.SA,31.459999084472656,31.540000915527344,31.34000015258789,31.530000686645508,146800
2026-05-19 14:05:00+00:00,TOTS3.SA,31.530000686645508,31.540000915527344,31.31999969482422,31.389999389648438,270700
2026-05-19 14:10:00+00:00,TOTS3.SA,31.389999389648438,31.43000030517578,31.280000686645508,31.290000915527344,109600
2026-05-19 14:15:00+00:00,TOTS3.SA,31.290000915527344,31.34000015258789,31.170000076293945,31.170000076293945,501100
2026-05-19 14:20:00+00:00,TOTS3.SA,31.170000076293945,31.280000686645508,31.100000381469727,31.280000686645508,156200
2026-05-19 14:25:00+00:00,TOTS3.SA,31.260000228881836,31.309999465942383,31.190000534057617,31.239999771118164,137800
2026-05-19 14:30:00+00:00,TOTS3.SA,31.260000228881836,31.40999984741211,31.100000381469727,31.1200008392334,529700
2026-05-19 14:35:00+00:00,TOTS3.SA,31.1299991607666,31.200000762939453,31.09000015258789,31.149999618530273,93600
2026-05-19 14:40:00+00:00,TOTS3.SA,31.1299991607666,31.209999084472656,31.09000015258789,31.139999389648438,121400
2026-05-19 14:45:00+00:00,TOTS3.SA,31.139999389648438,31.139999389648438,31.020000457763672,31.110000610351562,87200
2026-05-19 14:50:00+00:00,TOTS3.SA,31.110000610351562,31.190000534057617,31.049999237060547,31.100000381469727,176500
2026-05-19 14:55:00+00:00,TOTS3.SA,31.079999923706055,31.170000076293945,31.079999923706055,31.139999389648438,68000
2026-05-19 15:00:00+00:00,TOTS3.SA,31.139999389648438,31.15999984741211,31.09000015258789,31.139999389648438,72400
2026-05-19 15:05:00+00:00,TOTS3.SA,31.139999389648438,31.149999618530273,31.030000686645508,31.049999237060547,54900
2026-05-19 15:10:00+00:00,TOTS3.SA,31.059999465942383,31.06999969482422,30.940000534057617,30.989999771118164,80300
2026-05-19 15:15:00+00:00,TOTS3.SA,30.989999771118164,30.989999771118164,30.920000076293945,30.940000534057617,62700
2026-05-19 15:20:00+00:00,TOTS3.SA,30.940000534057617,30.959999084472656,30.809999465942383,30.81999969482422,63300
2026-05-19 15:25:00+00:00,TOTS3.SA,30.829999923706055,31.0,30.770000457763672,30.93000030517578,245300
2026-05-19 15:30:00+00:00,TOTS3.SA,30.920000076293945,30.940000534057617,30.8799991607666,30.8799991607666,40100
2026-05-19 15:35:00+00:00,TOTS3.SA,30.8700008392334,30.920000076293945,30.850000381469727,30.8700008392334,41200
2026-05-19 15:40:00+00:00,TOTS3.SA,30.889999389648438,30.90999984741211,30.799999237060547,30.889999389648438,55600
2026-05-19 15:45:00+00:00,TOTS3.SA,30.889999389648438,30.969999313354492,30.829999923706055,30.90999984741211,192400
2026-05-19 15:50:00+00:00,TOTS3.SA,30.90999984741211,30.940000534057617,30.739999771118164,30.75,104400
2026-05-19 15:55:00+00:00,TOTS3.SA,30.75,30.760000228881836,30.700000762939453,30.739999771118164,46800
2026-05-19 16:00:00+00:00,TOTS3.SA,30.729999542236328,30.790000915527344,30.729999542236328,30.75,59800
2026-05-19 16:05:00+00:00,TOTS3.SA,30.739999771118164,30.790000915527344,30.670000076293945,30.760000228881836,72700
2026-05-19 16:10:00+00:00,TOTS3.SA,30.770000457763672,30.780000686645508,30.639999389648438,30.68000030517578,118700
2026-05-19 16:15:00+00:00,TOTS3.SA,30.670000076293945,30.729999542236328,30.6200008392334,30.639999389648438,76600
2026-05-19 16:20:00+00:00,TOTS3.SA,30.649999618530273,30.719999313354492,30.600000381469727,30.700000762939453,82600
2026-05-19 16:25:00+00:00,TOTS3.SA,30.709999084472656,30.809999465942383,30.68000030517578,30.75,146800
2026-05-19 16:30:00+00:00,TOTS3.SA,30.75,30.770000457763672,30.68000030517578,30.68000030517578,49300
2026-05-19 16:35:00+00:00,TOTS3.SA,30.670000076293945,30.729999542236328,30.649999618530273,30.729999542236328,53700
2026-05-19 16:40:00+00:00,TOTS3.SA,30.729999542236328,30.760000228881836,30.68000030517578,30.719999313354492,52000
2026-05-19 16:45:00+00:00,TOTS3.SA,30.719999313354492,30.729999542236328,30.68000030517578,30.709999084472656,41100
2026-05-19 16:50:00+00:00,TOTS3.SA,30.719999313354492,30.780000686645508,30.709999084472656,30.75,48300
2026-05-19 16:55:00+00:00,TOTS3.SA,30.739999771118164,30.860000610351562,30.739999771118164,30.850000381469727,62800
2026-05-19 17:00:00+00:00,TOTS3.SA,30.850000381469727,30.850000381469727,30.770000457763672,30.799999237060547,42500
2026-05-19 17:05:00+00:00,TOTS3.SA,30.799999237060547,30.899999618530273,30.770000457763672,30.850000381469727,104600
2026-05-19 17:10:00+00:00,TOTS3.SA,30.860000610351562,30.860000610351562,30.799999237060547,30.84000015258789,36100
2026-05-19 17:15:00+00:00,TOTS3.SA,30.84000015258789,30.84000015258789,30.729999542236328,30.75,54800
2026-05-19 17:20:00+00:00,TOTS3.SA,30.760000228881836,30.799999237060547,30.690000534057617,30.690000534057617,52500
2026-05-19 17:25:00+00:00,TOTS3.SA,30.700000762939453,30.760000228881836,30.700000762939453,30.760000228881836,74500
2026-05-19 17:30:00+00:00,TOTS3.SA,30.760000228881836,30.799999237060547,30.719999313354492,30.770000457763672,99400
2026-05-19 17:35:00+00:00,TOTS3.SA,30.75,30.84000015258789,30.75,30.829999923706055,62400
2026-05-19 17:40:00+00:00,TOTS3.SA,30.829999923706055,30.829999923706055,30.799999237060547,30.809999465942383,44100
2026-05-19 17:45:00+00:00,TOTS3.SA,30.809999465942383,30.81999969482422,30.760000228881836,30.799999237060547,50600
2026-05-19 17:50:00+00:00,TOTS3.SA,30.799999237060547,30.799999237060547,30.719999313354492,30.770000457763672,63900
2026-05-19 17:55:00+00:00,TOTS3.SA,30.770000457763672,30.799999237060547,30.75,30.799999237060547,46400
2026-05-19 18:00:00+00:00,TOTS3.SA,30.799999237060547,30.84000015258789,30.780000686645508,30.780000686645508,54900
2026-05-19 18:05:00+00:00,TOTS3.SA,30.790000915527344,30.84000015258789,30.760000228881836,30.770000457763672,63100
2026-05-19 18:10:00+00:00,TOTS3.SA,30.770000457763672,30.770000457763672,30.709999084472656,30.709999084472656,55100
2026-05-19 18:15:00+00:00,TOTS3.SA,30.700000762939453,30.709999084472656,30.639999389648438,30.670000076293945,140800
2026-05-19 18:20:00+00:00,TOTS3.SA,30.65999984741211,30.670000076293945,30.559999465942383,30.6200008392334,86500
2026-05-19 18:25:00+00:00,TOTS3.SA,30.6200008392334,30.670000076293945,30.600000381469727,30.639999389648438,73600
2026-05-19 18:30:00+00:00,TOTS3.SA,30.6299991607666,30.68000030517578,30.59000015258789,30.639999389648438,67200
2026-05-19 18:35:00+00:00,TOTS3.SA,30.639999389648438,30.739999771118164,30.639999389648438,30.719999313354492,161700
2026-05-19 18:40:00+00:00,TOTS3.SA,30.709999084472656,30.75,30.68000030517578,30.729999542236328,73100
2026-05-19 18:45:00+00:00,TOTS3.SA,30.739999771118164,30.75,30.690000534057617,30.719999313354492,67600
2026-05-19 18:50:00+00:00,TOTS3.SA,30.709999084472656,30.729999542236328,30.600000381469727,30.610000610351562,78500
2026-05-19 18:55:00+00:00,TOTS3.SA,30.610000610351562,30.6200008392334,30.420000076293945,30.540000915527344,124800
2026-05-19 19:00:00+00:00,TOTS3.SA,30.530000686645508,30.579999923706055,30.479999542236328,30.540000915527344,261700
2026-05-19 19:05:00+00:00,TOTS3.SA,30.540000915527344,30.549999237060547,30.5,30.540000915527344,104500
2026-05-19 19:10:00+00:00,TOTS3.SA,30.530000686645508,30.530000686645508,30.440000534057617,30.440000534057617,158400
2026-05-19 19:15:00+00:00,TOTS3.SA,30.459999084472656,30.469999313354492,30.350000381469727,30.40999984741211,157700
2026-05-19 19:20:00+00:00,TOTS3.SA,30.40999984741211,30.40999984741211,30.290000915527344,30.360000610351562,182100
2026-05-19 19:25:00+00:00,TOTS3.SA,30.3700008392334,30.3799991607666,30.31999969482422,30.360000610351562,114100
2026-05-19 19:30:00+00:00,TOTS3.SA,30.3700008392334,30.3799991607666,30.290000915527344,30.299999237060547,91100
2026-05-19 19:35:00+00:00,TOTS3.SA,30.299999237060547,30.389999389648438,30.290000915527344,30.360000610351562,133400
2026-05-19 19:40:00+00:00,TOTS3.SA,30.350000381469727,30.420000076293945,30.350000381469727,30.3700008392334,86000
2026-05-19 19:45:00+00:00,TOTS3.SA,30.3700008392334,30.610000610351562,30.360000610351562,30.600000381469727,277700
2026-05-19 19:50:00+00:00,TOTS3.SA,30.610000610351562,30.670000076293945,30.559999465942383,30.65999984741211,141100
2026-05-20 13:00:00+00:00,TOTS3.SA,30.75,30.93000030517578,30.690000534057617,30.84000015258789,0
2026-05-20 13:05:00+00:00,TOTS3.SA,30.84000015258789,30.959999084472656,30.719999313354492,30.770000457763672,66600
2026-05-20 13:10:00+00:00,TOTS3.SA,30.770000457763672,30.940000534057617,30.729999542236328,30.940000534057617,30000
2026-05-20 13:15:00+00:00,TOTS3.SA,30.90999984741211,31.049999237060547,30.899999618530273,31.030000686645508,85200
2026-05-20 13:20:00+00:00,TOTS3.SA,31.030000686645508,31.030000686645508,30.8700008392334,30.989999771118164,33200
2026-05-20 13:25:00+00:00,TOTS3.SA,30.959999084472656,31.030000686645508,30.920000076293945,30.940000534057617,56800
2026-05-20 13:30:00+00:00,TOTS3.SA,30.93000030517578,31.06999969482422,30.889999389648438,31.0,86300
2026-05-20 13:35:00+00:00,TOTS3.SA,30.989999771118164,31.010000228881836,30.8700008392334,30.93000030517578,58300
2026-05-20 13:40:00+00:00,TOTS3.SA,30.93000030517578,30.940000534057617,30.81999969482422,30.899999618530273,41000
2026-05-20 13:45:00+00:00,TOTS3.SA,30.899999618530273,30.989999771118164,30.899999618530273,30.940000534057617,34300
2026-05-20 13:50:00+00:00,TOTS3.SA,30.940000534057617,30.940000534057617,30.84000015258789,30.8700008392334,33900
2026-05-20 13:55:00+00:00,TOTS3.SA,30.8700008392334,30.969999313354492,30.850000381469727,30.940000534057617,37900
2026-05-20 14:00:00+00:00,TOTS3.SA,30.940000534057617,30.959999084472656,30.860000610351562,30.8799991607666,39500
2026-05-20 14:05:00+00:00,TOTS3.SA,30.8700008392334,30.899999618530273,30.729999542236328,30.729999542236328,43900
2026-05-20 14:10:00+00:00,TOTS3.SA,30.729999542236328,30.84000015258789,30.6200008392334,30.770000457763672,61300
2026-05-20 14:15:00+00:00,TOTS3.SA,30.770000457763672,31.100000381469727,30.760000228881836,31.100000381469727,66400
2026-05-20 14:20:00+00:00,TOTS3.SA,31.100000381469727,31.139999389648438,30.920000076293945,30.93000030517578,45200
2026-05-20 14:25:00+00:00,TOTS3.SA,30.920000076293945,30.959999084472656,30.799999237060547,30.799999237060547,44500
2026-05-20 14:30:00+00:00,TOTS3.SA,30.799999237060547,30.940000534057617,30.770000457763672,30.90999984741211,50300
2026-05-20 14:35:00+00:00,TOTS3.SA,30.90999984741211,30.920000076293945,30.81999969482422,30.829999923706055,51200
2026-05-20 14:40:00+00:00,TOTS3.SA,30.81999969482422,30.93000030517578,30.81999969482422,30.899999618530273,41600
2026-05-20 14:45:00+00:00,TOTS3.SA,30.889999389648438,30.959999084472656,30.860000610351562,30.899999618530273,41400
2026-05-20 14:50:00+00:00,TOTS3.SA,30.889999389648438,30.989999771118164,30.829999923706055,30.959999084472656,47900
2026-05-20 14:55:00+00:00,TOTS3.SA,30.959999084472656,31.100000381469727,30.950000762939453,31.030000686645508,68200
2026-05-20 15:00:00+00:00,TOTS3.SA,31.030000686645508,31.110000610351562,31.020000457763672,31.079999923706055,97400
2026-05-20 15:05:00+00:00,TOTS3.SA,31.079999923706055,31.139999389648438,31.06999969482422,31.1200008392334,66700
2026-05-20 15:10:00+00:00,TOTS3.SA,31.1200008392334,31.260000228881836,31.020000457763672,31.209999084472656,64400
2026-05-20 15:15:00+00:00,TOTS3.SA,31.219999313354492,31.450000762939453,31.209999084472656,31.3700008392334,83300
2026-05-20 15:20:00+00:00,TOTS3.SA,31.350000381469727,31.350000381469727,31.18000030517578,31.25,54300
2026-05-20 15:25:00+00:00,TOTS3.SA,31.209999084472656,31.219999313354492,31.06999969482422,31.09000015258789,53700
2026-05-20 15:30:00+00:00,TOTS3.SA,31.09000015258789,31.299999237060547,31.09000015258789,31.270000457763672,53000
2026-05-20 15:35:00+00:00,TOTS3.SA,31.260000228881836,31.260000228881836,31.170000076293945,31.200000762939453,45900
2026-05-20 15:40:00+00:00,TOTS3.SA,31.200000762939453,31.299999237060547,31.149999618530273,31.260000228881836,49500
2026-05-20 15:45:00+00:00,TOTS3.SA,31.270000457763672,31.34000015258789,31.270000457763672,31.34000015258789,49700
2026-05-20 15:50:00+00:00,TOTS3.SA,31.329999923706055,31.34000015258789,31.260000228881836,31.260000228881836,34800
2026-05-20 15:55:00+00:00,TOTS3.SA,31.260000228881836,31.329999923706055,31.260000228881836,31.260000228881836,59100
2026-05-20 16:00:00+00:00,TOTS3.SA,31.260000228881836,31.31999969482422,31.239999771118164,31.31999969482422,50400
2026-05-20 16:05:00+00:00,TOTS3.SA,31.31999969482422,31.350000381469727,31.270000457763672,31.299999237060547,52200
2026-05-20 16:10:00+00:00,TOTS3.SA,31.299999237060547,31.399999618530273,31.260000228881836,31.350000381469727,70000
2026-05-20 16:15:00+00:00,TOTS3.SA,31.350000381469727,31.350000381469727,31.200000762939453,31.209999084472656,34700
2026-05-20 16:20:00+00:00,TOTS3.SA,31.219999313354492,31.239999771118164,31.1299991607666,31.1299991607666,51600
2026-05-20 16:25:00+00:00,TOTS3.SA,31.139999389648438,31.170000076293945,31.110000610351562,31.149999618530273,39800
2026-05-20 16:30:00+00:00,TOTS3.SA,31.149999618530273,31.18000030517578,31.09000015258789,31.09000015258789,34500
2026-05-20 16:35:00+00:00,TOTS3.SA,31.100000381469727,31.1299991607666,31.049999237060547,31.110000610351562,56900
2026-05-20 16:40:00+00:00,TOTS3.SA,31.100000381469727,31.190000534057617,31.100000381469727,31.15999984741211,49400
2026-05-20 16:45:00+00:00,TOTS3.SA,31.170000076293945,31.25,31.149999618530273,31.25,64300
2026-05-20 16:50:00+00:00,TOTS3.SA,31.270000457763672,31.270000457763672,31.190000534057617,31.200000762939453,29500
2026-05-20 16:55:00+00:00,TOTS3.SA,31.190000534057617,31.25,31.15999984741211,31.25,47600
2026-05-20 17:00:00+00:00,TOTS3.SA,31.25,31.25,31.200000762939453,31.209999084472656,38600
2026-05-20 17:05:00+00:00,TOTS3.SA,31.200000762939453,31.260000228881836,31.200000762939453,31.229999542236328,59900
2026-05-20 17:10:00+00:00,TOTS3.SA,31.209999084472656,31.209999084472656,31.1200008392334,31.1200008392334,61600
2026-05-20 17:15:00+00:00,TOTS3.SA,31.110000610351562,31.229999542236328,31.110000610351562,31.200000762939453,56400
2026-05-20 17:20:00+00:00,TOTS3.SA,31.209999084472656,31.229999542236328,31.18000030517578,31.209999084472656,45700
2026-05-20 17:25:00+00:00,TOTS3.SA,31.209999084472656,31.219999313354492,31.139999389648438,31.149999618530273,42000
2026-05-20 17:30:00+00:00,TOTS3.SA,31.15999984741211,31.190000534057617,31.110000610351562,31.190000534057617,46700
2026-05-20 17:35:00+00:00,TOTS3.SA,31.190000534057617,31.399999618530273,31.170000076293945,31.350000381469727,151300
2026-05-20 17:40:00+00:00,TOTS3.SA,31.350000381469727,31.389999389648438,31.290000915527344,31.299999237060547,37200
2026-05-20 17:45:00+00:00,TOTS3.SA,31.299999237060547,31.309999465942383,31.229999542236328,31.280000686645508,55700
2026-05-20 17:50:00+00:00,TOTS3.SA,31.280000686645508,31.31999969482422,31.260000228881836,31.260000228881836,40800
2026-05-20 17:55:00+00:00,TOTS3.SA,31.25,31.290000915527344,31.25,31.270000457763672,49900
2026-05-20 18:00:00+00:00,TOTS3.SA,31.260000228881836,31.260000228881836,31.190000534057617,31.239999771118164,48600
2026-05-20 18:05:00+00:00,TOTS3.SA,31.229999542236328,31.299999237060547,31.229999542236328,31.270000457763672,40300
2026-05-20 18:10:00+00:00,TOTS3.SA,31.260000228881836,31.299999237060547,31.239999771118164,31.280000686645508,46600
2026-05-20 18:15:00+00:00,TOTS3.SA,31.260000228881836,31.299999237060547,31.229999542236328,31.270000457763672,51600
2026-05-20 18:20:00+00:00,TOTS3.SA,31.260000228881836,31.299999237060547,31.229999542236328,31.299999237060547,43300
2026-05-20 18:25:00+00:00,TOTS3.SA,31.299999237060547,31.31999969482422,31.290000915527344,31.299999237060547,49300
2026-05-20 18:30:00+00:00,TOTS3.SA,31.299999237060547,31.469999313354492,31.299999237060547,31.469999313354492,154500
2026-05-20 18:35:00+00:00,TOTS3.SA,31.469999313354492,31.770000457763672,31.469999313354492,31.770000457763672,314700
2026-05-20 18:40:00+00:00,TOTS3.SA,31.770000457763672,31.899999618530273,31.719999313354492,31.719999313354492,153700
2026-05-20 18:45:00+00:00,TOTS3.SA,31.719999313354492,31.780000686645508,31.65999984741211,31.780000686645508,110700
2026-05-20 18:50:00+00:00,TOTS3.SA,31.780000686645508,31.850000381469727,31.770000457763672,31.84000015258789,102500
2026-05-20 18:55:00+00:00,TOTS3.SA,31.84000015258789,31.8700008392334,31.799999237060547,31.860000610351562,476500
2026-05-20 19:00:00+00:00,TOTS3.SA,31.8700008392334,31.920000076293945,31.670000076293945,31.670000076293945,114900
2026-05-20 19:05:00+00:00,TOTS3.SA,31.670000076293945,31.799999237060547,31.649999618530273,31.790000915527344,196900
2026-05-20 19:10:00+00:00,TOTS3.SA,31.780000686645508,31.829999923706055,31.760000228881836,31.809999465942383,99600
2026-05-20 19:15:00+00:00,TOTS3.SA,31.809999465942383,31.850000381469727,31.809999465942383,31.850000381469727,92400
2026-05-20 19:20:00+00:00,TOTS3.SA,31.84000015258789,31.860000610351562,31.790000915527344,31.850000381469727,159400
2026-05-20 19:25:00+00:00,TOTS3.SA,31.84000015258789,31.850000381469727,31.799999237060547,31.829999923706055,50200
2026-05-20 19:30:00+00:00,TOTS3.SA,31.84000015258789,31.860000610351562,31.790000915527344,31.81999969482422,65800
2026-05-20 19:35:00+00:00,TOTS3.SA,31.81999969482422,31.860000610351562,31.799999237060547,31.829999923706055,146000
2026-05-20 19:40:00+00:00,TOTS3.SA,31.829999923706055,31.8799991607666,31.809999465942383,31.860000610351562,91700
2026-05-20 19:45:00+00:00,TOTS3.SA,31.860000610351562,31.860000610351562,31.799999237060547,31.850000381469727,147000
2026-05-20 19:50:00+00:00,TOTS3.SA,31.850000381469727,31.920000076293945,31.799999237060547,31.809999465942383,116800
2026-05-21 13:05:00+00:00,TOTS3.SA,31.700000762939453,31.920000076293945,31.600000381469727,31.639999389648438,5200
2026-05-21 13:10:00+00:00,TOTS3.SA,31.6299991607666,31.709999084472656,31.520000457763672,31.549999237060547,22500
2026-05-21 13:15:00+00:00,TOTS3.SA,31.540000915527344,31.649999618530273,31.520000457763672,31.6200008392334,67200
2026-05-21 13:20:00+00:00,TOTS3.SA,31.600000381469727,31.610000610351562,31.440000534057617,31.610000610351562,97800
2026-05-21 13:25:00+00:00,TOTS3.SA,31.610000610351562,31.6299991607666,31.40999984741211,31.520000457763672,125800
2026-05-21 13:30:00+00:00,TOTS3.SA,31.489999771118164,31.489999771118164,31.309999465942383,31.40999984741211,90800
2026-05-21 13:35:00+00:00,TOTS3.SA,31.399999618530273,31.420000076293945,31.260000228881836,31.260000228881836,59700
2026-05-21 13:40:00+00:00,TOTS3.SA,31.260000228881836,31.360000610351562,31.219999313354492,31.31999969482422,58400
2026-05-21 13:45:00+00:00,TOTS3.SA,31.290000915527344,31.489999771118164,31.260000228881836,31.469999313354492,90400
2026-05-21 13:50:00+00:00,TOTS3.SA,31.469999313354492,31.56999969482422,31.389999389648438,31.530000686645508,104700
2026-05-21 13:55:00+00:00,TOTS3.SA,31.530000686645508,31.559999465942383,31.420000076293945,31.420000076293945,75000
2026-05-21 14:00:00+00:00,TOTS3.SA,31.420000076293945,31.479999542236328,31.360000610351562,31.399999618530273,86900
2026-05-21 14:05:00+00:00,TOTS3.SA,31.40999984741211,31.440000534057617,31.3700008392334,31.420000076293945,68000
2026-05-21 14:10:00+00:00,TOTS3.SA,31.420000076293945,31.6299991607666,31.360000610351562,31.579999923706055,101900
2026-05-21 14:15:00+00:00,TOTS3.SA,31.579999923706055,31.579999923706055,31.469999313354492,31.489999771118164,70600
2026-05-21 14:20:00+00:00,TOTS3.SA,31.469999313354492,31.780000686645508,31.469999313354492,31.739999771118164,118500
2026-05-21 14:25:00+00:00,TOTS3.SA,31.729999542236328,31.809999465942383,31.700000762939453,31.809999465942383,73900
2026-05-21 14:30:00+00:00,TOTS3.SA,31.809999465942383,31.920000076293945,31.790000915527344,31.920000076293945,84200
2026-05-21 14:35:00+00:00,TOTS3.SA,31.920000076293945,31.940000534057617,31.780000686645508,31.81999969482422,107500
2026-05-21 14:40:00+00:00,TOTS3.SA,31.799999237060547,31.829999923706055,31.649999618530273,31.65999984741211,115000
2026-05-21 14:45:00+00:00,TOTS3.SA,31.670000076293945,31.790000915527344,31.670000076293945,31.790000915527344,117300
2026-05-21 14:50:00+00:00,TOTS3.SA,31.780000686645508,31.860000610351562,31.739999771118164,31.81999969482422,118600
2026-05-21 14:55:00+00:00,TOTS3.SA,31.809999465942383,31.8799991607666,31.799999237060547,31.850000381469727,96000
2026-05-21 15:00:00+00:00,TOTS3.SA,31.84000015258789,31.889999389648438,31.780000686645508,31.889999389648438,62100
2026-05-21 15:05:00+00:00,TOTS3.SA,31.8799991607666,32.029998779296875,31.81999969482422,32.02000045776367,102800
2026-05-21 15:10:00+00:00,TOTS3.SA,32.02000045776367,32.119998931884766,31.989999771118164,32.04999923706055,98500
2026-05-21 15:15:00+00:00,TOTS3.SA,32.04999923706055,32.11000061035156,32.02000045776367,32.09000015258789,52400
2026-05-21 15:20:00+00:00,TOTS3.SA,32.09000015258789,32.09000015258789,31.979999542236328,32.040000915527344,68800
2026-05-21 15:25:00+00:00,TOTS3.SA,32.04999923706055,32.04999923706055,31.920000076293945,31.979999542236328,48500
2026-05-21 15:30:00+00:00,TOTS3.SA,31.969999313354492,32.0099983215332,31.93000030517578,31.969999313354492,62800
2026-05-21 15:35:00+00:00,TOTS3.SA,31.969999313354492,32.040000915527344,31.969999313354492,32.02000045776367,50300
2026-05-21 15:40:00+00:00,TOTS3.SA,32.0099983215332,32.04999923706055,32.0099983215332,32.040000915527344,55100
2026-05-21 15:45:00+00:00,TOTS3.SA,32.029998779296875,32.09000015258789,32.0099983215332,32.04999923706055,39300
2026-05-21 15:50:00+00:00,TOTS3.SA,32.04999923706055,32.09000015258789,32.029998779296875,32.04999923706055,53200
2026-05-21 15:55:00+00:00,TOTS3.SA,32.04999923706055,32.099998474121094,32.029998779296875,32.099998474121094,59200
2026-05-21 16:00:00+00:00,TOTS3.SA,32.09000015258789,32.22999954223633,32.09000015258789,32.150001525878906,160800
2026-05-21 16:05:00+00:00,TOTS3.SA,32.130001068115234,32.130001068115234,32.040000915527344,32.040000915527344,40400
2026-05-21 16:10:00+00:00,TOTS3.SA,32.040000915527344,32.08000183105469,32.0,32.029998779296875,54300
2026-05-21 16:15:00+00:00,TOTS3.SA,32.0099983215332,32.02000045776367,31.950000762939453,32.0099983215332,64000
2026-05-21 16:20:00+00:00,TOTS3.SA,32.0099983215332,32.040000915527344,31.950000762939453,31.950000762939453,37000
2026-05-21 16:25:00+00:00,TOTS3.SA,31.969999313354492,31.989999771118164,31.950000762939453,31.950000762939453,35800
2026-05-21 16:30:00+00:00,TOTS3.SA,31.950000762939453,32.0099983215332,31.950000762939453,32.0,56300
2026-05-21 16:35:00+00:00,TOTS3.SA,31.989999771118164,32.0,31.950000762939453,31.979999542236328,34000
2026-05-21 16:40:00+00:00,TOTS3.SA,31.969999313354492,31.979999542236328,31.940000534057617,31.959999084472656,34200
2026-05-21 16:45:00+00:00,TOTS3.SA,31.950000762939453,31.979999542236328,31.8700008392334,31.8700008392334,59500
2026-05-21 16:50:00+00:00,TOTS3.SA,31.8700008392334,31.899999618530273,31.860000610351562,31.889999389648438,40600
2026-05-21 16:55:00+00:00,TOTS3.SA,31.8799991607666,31.90999984741211,31.84000015258789,31.8700008392334,47100
2026-05-21 17:00:00+00:00,TOTS3.SA,31.850000381469727,31.899999618530273,31.850000381469727,31.8799991607666,35900
2026-05-21 17:05:00+00:00,TOTS3.SA,31.8700008392334,31.90999984741211,31.81999969482422,31.850000381469727,44700
2026-05-21 17:10:00+00:00,TOTS3.SA,31.850000381469727,32.0099983215332,31.829999923706055,31.959999084472656,155800
2026-05-21 17:15:00+00:00,TOTS3.SA,31.979999542236328,32.31999969482422,31.979999542236328,32.31999969482422,97100
2026-05-21 17:20:00+00:00,TOTS3.SA,32.29999923706055,32.43000030517578,32.18000030517578,32.20000076293945,85300
2026-05-21 17:25:00+00:00,TOTS3.SA,32.209999084472656,32.2599983215332,32.08000183105469,32.119998931884766,56800
2026-05-21 17:30:00+00:00,TOTS3.SA,32.099998474121094,32.189998626708984,32.08000183105469,32.189998626708984,47000
2026-05-21 17:35:00+00:00,TOTS3.SA,32.20000076293945,32.220001220703125,32.11000061035156,32.15999984741211,44600
2026-05-21 17:40:00+00:00,TOTS3.SA,32.15999984741211,32.20000076293945,32.13999938964844,32.189998626708984,60300
2026-05-21 17:45:00+00:00,TOTS3.SA,32.189998626708984,32.290000915527344,32.150001525878906,32.290000915527344,57800
2026-05-21 17:50:00+00:00,TOTS3.SA,32.279998779296875,32.29999923706055,32.25,32.25,42500
2026-05-21 17:55:00+00:00,TOTS3.SA,32.25,32.29999923706055,32.20000076293945,32.209999084472656,61300
2026-05-21 18:00:00+00:00,TOTS3.SA,32.22999954223633,32.279998779296875,32.15999984741211,32.189998626708984,53300
2026-05-21 18:05:00+00:00,TOTS3.SA,32.18000030517578,32.290000915527344,32.15999984741211,32.290000915527344,62400
2026-05-21 18:10:00+00:00,TOTS3.SA,32.29999923706055,32.47999954223633,32.29999923706055,32.47999954223633,98400
2026-05-21 18:15:00+00:00,TOTS3.SA,32.470001220703125,32.470001220703125,32.33000183105469,32.349998474121094,66100
2026-05-21 18:20:00+00:00,TOTS3.SA,32.349998474121094,32.380001068115234,32.31999969482422,32.349998474121094,49800
2026-05-21 18:25:00+00:00,TOTS3.SA,32.34000015258789,32.380001068115234,32.29999923706055,32.310001373291016,43600
2026-05-21 18:30:00+00:00,TOTS3.SA,32.29999923706055,32.310001373291016,32.220001220703125,32.279998779296875,39400
2026-05-21 18:35:00+00:00,TOTS3.SA,32.279998779296875,32.290000915527344,32.220001220703125,32.22999954223633,59300
2026-05-21 18:40:00+00:00,TOTS3.SA,32.220001220703125,32.25,32.13999938964844,32.18000030517578,48500
2026-05-21 18:45:00+00:00,TOTS3.SA,32.18000030517578,32.220001220703125,32.099998474121094,32.099998474121094,84600
2026-05-21 18:50:00+00:00,TOTS3.SA,32.099998474121094,32.189998626708984,31.979999542236328,31.979999542236328,86300
2026-05-21 18:55:00+00:00,TOTS3.SA,31.969999313354492,32.08000183105469,31.940000534057617,32.08000183105469,68400
2026-05-21 19:00:00+00:00,TOTS3.SA,32.08000183105469,32.15999984741211,32.08000183105469,32.130001068115234,51600
2026-05-21 19:05:00+00:00,TOTS3.SA,32.130001068115234,32.15999984741211,32.06999969482422,32.11000061035156,82200
2026-05-21 19:10:00+00:00,TOTS3.SA,32.11000061035156,32.11000061035156,32.06999969482422,32.099998474121094,43400
2026-05-21 19:15:00+00:00,TOTS3.SA,32.099998474121094,32.13999938964844,32.099998474121094,32.119998931884766,79300
2026-05-21 19:20:00+00:00,TOTS3.SA,32.119998931884766,32.130001068115234,32.060001373291016,32.060001373291016,67100
2026-05-21 19:25:00+00:00,TOTS3.SA,32.060001373291016,32.099998474121094,32.04999923706055,32.06999969482422,88600
2026-05-21 19:30:00+00:00,TOTS3.SA,32.08000183105469,32.13999938964844,32.060001373291016,32.060001373291016,106100
2026-05-21 19:35:00+00:00,TOTS3.SA,32.060001373291016,32.08000183105469,32.0,32.0099983215332,84100
2026-05-21 19:40:00+00:00,TOTS3.SA,32.0099983215332,32.02000045776367,31.979999542236328,31.989999771118164,73700
2026-05-21 19:45:00+00:00,TOTS3.SA,31.989999771118164,32.189998626708984,31.979999542236328,32.13999938964844,185700
2026-05-21 19:50:00+00:00,TOTS3.SA,32.150001525878906,32.16999816894531,32.099998474121094,32.16999816894531,80300
2026-05-22 13:05:00+00:00,TOTS3.SA,31.90999984741211,32.119998931884766,31.90999984741211,32.08000183105469,13800
2026-05-22 13:10:00+00:00,TOTS3.SA,32.099998474121094,32.529998779296875,32.08000183105469,32.5099983215332,72000
2026-05-22 13:15:00+00:00,TOTS3.SA,32.470001220703125,32.56999969482422,32.43000030517578,32.43000030517578,45900
2026-05-22 13:20:00+00:00,TOTS3.SA,32.43000030517578,32.560001373291016,32.349998474121094,32.560001373291016,50600
2026-05-22 13:25:00+00:00,TOTS3.SA,32.560001373291016,32.720001220703125,32.529998779296875,32.720001220703125,53800
2026-05-22 13:30:00+00:00,TOTS3.SA,32.689998626708984,32.779998779296875,32.470001220703125,32.4900016784668,97000
2026-05-22 13:35:00+00:00,TOTS3.SA,32.47999954223633,32.63999938964844,32.459999084472656,32.59000015258789,50200
2026-05-22 13:40:00+00:00,TOTS3.SA,32.61000061035156,32.77000045776367,32.5099983215332,32.5099983215332,88900
2026-05-22 13:45:00+00:00,TOTS3.SA,32.52000045776367,32.79999923706055,32.52000045776367,32.650001525878906,148200
2026-05-22 13:50:00+00:00,TOTS3.SA,32.650001525878906,32.709999084472656,32.619998931884766,32.66999816894531,76900
2026-05-22 13:55:00+00:00,TOTS3.SA,32.66999816894531,32.709999084472656,32.33000183105469,32.459999084472656,57700
2026-05-22 14:00:00+00:00,TOTS3.SA,32.439998626708984,32.45000076293945,32.29999923706055,32.33000183105469,49100
2026-05-22 14:05:00+00:00,TOTS3.SA,32.33000183105469,32.400001525878906,32.279998779296875,32.369998931884766,48600
2026-05-22 14:10:00+00:00,TOTS3.SA,32.369998931884766,32.4900016784668,32.2400016784668,32.34000015258789,156500
2026-05-22 14:15:00+00:00,TOTS3.SA,32.34000015258789,32.38999938964844,32.27000045776367,32.27000045776367,69700
2026-05-22 14:20:00+00:00,TOTS3.SA,32.27000045776367,32.33000183105469,32.029998779296875,32.15999984741211,115700
2026-05-22 14:25:00+00:00,TOTS3.SA,32.15999984741211,32.189998626708984,32.060001373291016,32.099998474121094,81400
2026-05-22 14:30:00+00:00,TOTS3.SA,32.11000061035156,32.16999816894531,32.06999969482422,32.13999938964844,63300
2026-05-22 14:35:00+00:00,TOTS3.SA,32.13999938964844,32.16999816894531,32.08000183105469,32.16999816894531,56800
2026-05-22 14:40:00+00:00,TOTS3.SA,32.16999816894531,32.18000030517578,31.93000030517578,31.950000762939453,103700
2026-05-22 14:45:00+00:00,TOTS3.SA,31.959999084472656,32.0099983215332,31.899999618530273,31.90999984741211,80100
2026-05-22 14:50:00+00:00,TOTS3.SA,31.899999618530273,32.119998931884766,31.850000381469727,32.099998474121094,79300
2026-05-22 14:55:00+00:00,TOTS3.SA,32.119998931884766,32.119998931884766,31.959999084472656,31.979999542236328,75200
2026-05-22 15:00:00+00:00,TOTS3.SA,31.979999542236328,32.13999938964844,31.969999313354492,32.130001068115234,35900
2026-05-22 15:05:00+00:00,TOTS3.SA,32.119998931884766,32.119998931884766,32.060001373291016,32.06999969482422,33500
2026-05-22 15:10:00+00:00,TOTS3.SA,32.06999969482422,32.11000061035156,32.04999923706055,32.099998474121094,45100
2026-05-22 15:15:00+00:00,TOTS3.SA,32.09000015258789,32.130001068115234,32.0,32.0,49400
2026-05-22 15:20:00+00:00,TOTS3.SA,32.0,32.119998931884766,31.920000076293945,31.920000076293945,462000
2026-05-22 15:25:00+00:00,TOTS3.SA,31.90999984741211,31.969999313354492,31.799999237060547,31.969999313354492,122500
2026-05-22 15:30:00+00:00,TOTS3.SA,31.969999313354492,32.029998779296875,31.8799991607666,31.889999389648438,105200
2026-05-22 15:35:00+00:00,TOTS3.SA,31.8799991607666,31.899999618530273,31.81999969482422,31.8700008392334,62100
2026-05-22 15:40:00+00:00,TOTS3.SA,31.8700008392334,31.989999771118164,31.8700008392334,31.979999542236328,57900
2026-05-22 15:45:00+00:00,TOTS3.SA,31.989999771118164,32.0,31.90999984741211,31.93000030517578,86400
2026-05-22 15:50:00+00:00,TOTS3.SA,31.940000534057617,31.940000534057617,31.850000381469727,31.8700008392334,61300
2026-05-22 15:55:00+00:00,TOTS3.SA,31.8700008392334,31.93000030517578,31.8700008392334,31.920000076293945,41000
2026-05-22 16:00:00+00:00,TOTS3.SA,31.90999984741211,32.0,31.899999618530273,31.979999542236328,54100
2026-05-22 16:05:00+00:00,TOTS3.SA,31.979999542236328,31.979999542236328,31.829999923706055,31.889999389648438,48500
2026-05-22 16:10:00+00:00,TOTS3.SA,31.899999618530273,31.940000534057617,31.850000381469727,31.920000076293945,43300
2026-05-22 16:15:00+00:00,TOTS3.SA,31.90999984741211,31.920000076293945,31.8700008392334,31.889999389648438,33800
2026-05-22 16:20:00+00:00,TOTS3.SA,31.8799991607666,31.90999984741211,31.860000610351562,31.860000610351562,36000
2026-05-22 16:25:00+00:00,TOTS3.SA,31.860000610351562,31.8700008392334,31.799999237060547,31.860000610351562,45600
2026-05-22 16:30:00+00:00,TOTS3.SA,31.889999389648438,31.940000534057617,31.860000610351562,31.940000534057617,64900
2026-05-22 16:35:00+00:00,TOTS3.SA,31.920000076293945,31.920000076293945,31.860000610351562,31.8700008392334,25300
2026-05-22 16:40:00+00:00,TOTS3.SA,31.8799991607666,31.899999618530273,31.81999969482422,31.81999969482422,78500
2026-05-22 16:45:00+00:00,TOTS3.SA,31.81999969482422,31.84000015258789,31.809999465942383,31.809999465942383,26900
2026-05-22 16:50:00+00:00,TOTS3.SA,31.809999465942383,31.81999969482422,31.760000228881836,31.809999465942383,50600
2026-05-22 16:55:00+00:00,TOTS3.SA,31.809999465942383,31.829999923706055,31.799999237060547,31.809999465942383,30300
2026-05-22 17:00:00+00:00,TOTS3.SA,31.829999923706055,31.829999923706055,31.799999237060547,31.829999923706055,24200
2026-05-22 17:05:00+00:00,TOTS3.SA,31.829999923706055,31.860000610351562,31.799999237060547,31.829999923706055,998600
2026-05-22 17:10:00+00:00,TOTS3.SA,31.84000015258789,31.84000015258789,31.799999237060547,31.829999923706055,46200
2026-05-22 17:15:00+00:00,TOTS3.SA,31.829999923706055,31.829999923706055,31.700000762939453,31.700000762939453,84500
2026-05-22 17:20:00+00:00,TOTS3.SA,31.700000762939453,31.809999465942383,31.700000762939453,31.809999465942383,42500
2026-05-22 17:25:00+00:00,TOTS3.SA,31.799999237060547,32.029998779296875,31.799999237060547,32.029998779296875,169900
2026-05-22 17:30:00+00:00,TOTS3.SA,32.029998779296875,32.099998474121094,31.969999313354492,31.979999542236328,59000
2026-05-22 17:35:00+00:00,TOTS3.SA,31.959999084472656,31.959999084472656,31.899999618530273,31.920000076293945,35800
2026-05-22 17:40:00+00:00,TOTS3.SA,31.90999984741211,31.969999313354492,31.829999923706055,31.920000076293945,0
2026-05-22 17:45:00+00:00,TOTS3.SA,31.90999984741211,31.920000076293945,31.899999618530273,31.899999618530273,17100
2026-05-22 17:50:00+00:00,TOTS3.SA,31.899999618530273,31.920000076293945,31.850000381469727,31.8799991607666,60600
2026-05-22 17:55:00+00:00,TOTS3.SA,31.8799991607666,31.920000076293945,31.860000610351562,31.899999618530273,35800
2026-05-22 18:00:00+00:00,TOTS3.SA,31.899999618530273,31.899999618530273,31.799999237060547,31.809999465942383,60500
2026-05-22 18:05:00+00:00,TOTS3.SA,31.829999923706055,31.860000610351562,31.829999923706055,31.829999923706055,24900
2026-05-22 18:10:00+00:00,TOTS3.SA,31.84000015258789,31.84000015258789,31.770000457763672,31.84000015258789,56100
2026-05-22 18:15:00+00:00,TOTS3.SA,31.84000015258789,31.93000030517578,31.84000015258789,31.93000030517578,43200
2026-05-22 18:20:00+00:00,TOTS3.SA,31.93000030517578,31.93000030517578,31.81999969482422,31.81999969482422,44500
2026-05-22 18:25:00+00:00,TOTS3.SA,31.81999969482422,31.920000076293945,31.809999465942383,31.8799991607666,69300
2026-05-22 18:30:00+00:00,TOTS3.SA,31.8700008392334,31.899999618530273,31.850000381469727,31.889999389648438,37500
2026-05-22 18:35:00+00:00,TOTS3.SA,31.889999389648438,31.959999084472656,31.8799991607666,31.940000534057617,42300
2026-05-22 18:40:00+00:00,TOTS3.SA,31.940000534057617,31.940000534057617,31.920000076293945,31.920000076293945,19600
2026-05-22 18:45:00+00:00,TOTS3.SA,31.920000076293945,31.93000030517578,31.790000915527344,31.790000915527344,61400
2026-05-22 18:50:00+00:00,TOTS3.SA,31.790000915527344,31.850000381469727,31.700000762939453,31.700000762939453,163000
2026-05-22 18:55:00+00:00,TOTS3.SA,31.700000762939453,31.739999771118164,31.649999618530273,31.729999542236328,111400
2026-05-22 19:00:00+00:00,TOTS3.SA,31.729999542236328,31.780000686645508,31.709999084472656,31.739999771118164,134500
2026-05-22 19:05:00+00:00,TOTS3.SA,31.75,31.75,31.690000534057617,31.700000762939453,98300
2026-05-22 19:10:00+00:00,TOTS3.SA,31.709999084472656,31.709999084472656,31.6299991607666,31.65999984741211,96300
2026-05-22 19:15:00+00:00,TOTS3.SA,31.65999984741211,31.709999084472656,31.600000381469727,31.65999984741211,156200
2026-05-22 19:20:00+00:00,TOTS3.SA,31.65999984741211,31.729999542236328,31.6299991607666,31.700000762939453,101600
2026-05-22 19:25:00+00:00,TOTS3.SA,31.700000762939453,31.739999771118164,31.670000076293945,31.68000030517578,97000
2026-05-22 19:30:00+00:00,TOTS3.SA,31.690000534057617,31.739999771118164,31.670000076293945,31.670000076293945,154700
2026-05-22 19:35:00+00:00,TOTS3.SA,31.670000076293945,31.68000030517578,31.600000381469727,31.639999389648438,159200
2026-05-22 19:40:00+00:00,TOTS3.SA,31.6299991607666,31.639999389648438,31.600000381469727,31.600000381469727,211500
2026-05-22 19:45:00+00:00,TOTS3.SA,31.610000610351562,31.690000534057617,31.600000381469727,31.68000030517578,168000
2026-05-22 19:50:00+00:00,TOTS3.SA,31.690000534057617,31.969999313354492,31.649999618530273,31.959999084472656,139400
2026-05-25 13:00:00+00:00,TOTS3.SA,31.690000534057617,31.690000534057617,31.399999618530273,31.6200008392334,0
2026-05-25 13:05:00+00:00,TOTS3.SA,31.649999618530273,31.809999465942383,31.6299991607666,31.739999771118164,32400
2026-05-25 13:10:00+00:00,TOTS3.SA,31.709999084472656,32.02000045776367,31.709999084472656,31.899999618530273,62900
2026-05-25 13:15:00+00:00,TOTS3.SA,31.90999984741211,32.0099983215332,31.84000015258789,31.860000610351562,55400
2026-05-25 13:20:00+00:00,TOTS3.SA,31.8799991607666,31.950000762939453,31.799999237060547,31.950000762939453,50300
2026-05-25 13:25:00+00:00,TOTS3.SA,31.959999084472656,31.959999084472656,31.75,31.899999618530273,111200
2026-05-25 13:30:00+00:00,TOTS3.SA,31.899999618530273,31.979999542236328,31.889999389648438,31.90999984741211,36100
2026-05-25 13:35:00+00:00,TOTS3.SA,31.90999984741211,31.950000762939453,31.829999923706055,31.850000381469727,54000
2026-05-25 13:40:00+00:00,TOTS3.SA,31.850000381469727,31.8799991607666,31.81999969482422,31.84000015258789,42200
2026-05-25 13:45:00+00:00,TOTS3.SA,31.850000381469727,31.850000381469727,31.690000534057617,31.760000228881836,46400
2026-05-25 13:50:00+00:00,TOTS3.SA,31.760000228881836,31.790000915527344,31.729999542236328,31.739999771118164,41400
2026-05-25 13:55:00+00:00,TOTS3.SA,31.760000228881836,31.770000457763672,31.700000762939453,31.719999313354492,74600
2026-05-25 14:00:00+00:00,TOTS3.SA,31.709999084472656,31.799999237060547,31.700000762939453,31.709999084472656,43400
2026-05-25 14:05:00+00:00,TOTS3.SA,31.729999542236328,31.739999771118164,31.610000610351562,31.709999084472656,91000
2026-05-25 14:10:00+00:00,TOTS3.SA,31.719999313354492,31.850000381469727,31.700000762939453,31.850000381469727,35300
2026-05-25 14:15:00+00:00,TOTS3.SA,31.850000381469727,31.850000381469727,31.809999465942383,31.84000015258789,28500
2026-05-25 14:20:00+00:00,TOTS3.SA,31.81999969482422,31.90999984741211,31.760000228881836,31.860000610351562,76700
2026-05-25 14:25:00+00:00,TOTS3.SA,31.8799991607666,31.93000030517578,31.84000015258789,31.860000610351562,48000
2026-05-25 14:30:00+00:00,TOTS3.SA,31.8700008392334,31.93000030517578,31.739999771118164,31.770000457763672,57400
2026-05-25 14:35:00+00:00,TOTS3.SA,31.790000915527344,31.81999969482422,31.729999542236328,31.760000228881836,52400
2026-05-25 14:40:00+00:00,TOTS3.SA,31.760000228881836,31.760000228881836,31.690000534057617,31.690000534057617,12600
2026-05-25 14:45:00+00:00,TOTS3.SA,31.690000534057617,31.850000381469727,31.690000534057617,31.809999465942383,50700
2026-05-25 14:50:00+00:00,TOTS3.SA,31.809999465942383,31.850000381469727,31.770000457763672,31.770000457763672,52300
2026-05-25 14:55:00+00:00,TOTS3.SA,31.770000457763672,31.790000915527344,31.68000030517578,31.709999084472656,68300
2026-05-25 15:00:00+00:00,TOTS3.SA,31.690000534057617,31.729999542236328,31.649999618530273,31.709999084472656,51400
2026-05-25 15:05:00+00:00,TOTS3.SA,31.719999313354492,31.739999771118164,31.690000534057617,31.729999542236328,22800
2026-05-25 15:10:00+00:00,TOTS3.SA,31.729999542236328,31.860000610351562,31.719999313354492,31.809999465942383,149100
2026-05-25 15:15:00+00:00,TOTS3.SA,31.81999969482422,31.850000381469727,31.809999465942383,31.81999969482422,30700
2026-05-25 15:20:00+00:00,TOTS3.SA,31.84000015258789,31.850000381469727,31.700000762939453,31.719999313354492,52800
2026-05-25 15:25:00+00:00,TOTS3.SA,31.709999084472656,31.709999084472656,31.549999237060547,31.579999923706055,109300
2026-05-25 15:30:00+00:00,TOTS3.SA,31.600000381469727,31.700000762939453,31.600000381469727,31.65999984741211,52800
2026-05-25 15:35:00+00:00,TOTS3.SA,31.649999618530273,31.68000030517578,31.639999389648438,31.639999389648438,15900
2026-05-25 15:40:00+00:00,TOTS3.SA,31.639999389648438,31.670000076293945,31.600000381469727,31.649999618530273,49600
2026-05-25 15:45:00+00:00,TOTS3.SA,31.649999618530273,31.65999984741211,31.600000381469727,31.600000381469727,21700
2026-05-25 15:50:00+00:00,TOTS3.SA,31.600000381469727,31.6200008392334,31.530000686645508,31.579999923706055,73100
2026-05-25 15:55:00+00:00,TOTS3.SA,31.59000015258789,31.610000610351562,31.510000228881836,31.520000457763672,53600
2026-05-25 16:00:00+00:00,TOTS3.SA,31.520000457763672,31.56999969482422,31.510000228881836,31.549999237060547,84300
2026-05-25 16:05:00+00:00,TOTS3.SA,31.549999237060547,31.549999237060547,31.450000762939453,31.469999313354492,54100
2026-05-25 16:10:00+00:00,TOTS3.SA,31.469999313354492,31.520000457763672,31.450000762939453,31.510000228881836,39700
2026-05-25 16:15:00+00:00,TOTS3.SA,31.510000228881836,31.520000457763672,31.479999542236328,31.5,29600
2026-05-25 16:20:00+00:00,TOTS3.SA,31.5,31.559999465942383,31.5,31.520000457763672,33900
2026-05-25 16:25:00+00:00,TOTS3.SA,31.540000915527344,31.540000915527344,31.510000228881836,31.510000228881836,11400
2026-05-25 16:30:00+00:00,TOTS3.SA,31.510000228881836,31.540000915527344,31.489999771118164,31.520000457763672,62800
2026-05-25 16:35:00+00:00,TOTS3.SA,31.520000457763672,31.56999969482422,31.510000228881836,31.56999969482422,36500
2026-05-25 16:40:00+00:00,TOTS3.SA,31.559999465942383,31.56999969482422,31.540000915527344,31.56999969482422,19500
2026-05-25 16:45:00+00:00,TOTS3.SA,31.549999237060547,31.610000610351562,31.540000915527344,31.59000015258789,79100
2026-05-25 16:50:00+00:00,TOTS3.SA,31.600000381469727,31.649999618530273,31.59000015258789,31.59000015258789,44300
2026-05-25 16:55:00+00:00,TOTS3.SA,31.579999923706055,31.6200008392334,31.56999969482422,31.579999923706055,35200
2026-05-25 17:00:00+00:00,TOTS3.SA,31.59000015258789,31.65999984741211,31.56999969482422,31.649999618530273,35400
2026-05-25 17:05:00+00:00,TOTS3.SA,31.639999389648438,31.709999084472656,31.600000381469727,31.700000762939453,74500
2026-05-25 17:10:00+00:00,TOTS3.SA,31.700000762939453,31.709999084472656,31.649999618530273,31.690000534057617,40400
2026-05-25 17:15:00+00:00,TOTS3.SA,31.690000534057617,31.700000762939453,31.649999618530273,31.65999984741211,38400
2026-05-25 17:20:00+00:00,TOTS3.SA,31.65999984741211,31.729999542236328,31.65999984741211,31.719999313354492,47800
2026-05-25 17:25:00+00:00,TOTS3.SA,31.719999313354492,31.75,31.690000534057617,31.75,29200
2026-05-25 17:30:00+00:00,TOTS3.SA,31.760000228881836,31.770000457763672,31.719999313354492,31.719999313354492,39500
2026-05-25 17:35:00+00:00,TOTS3.SA,31.719999313354492,31.809999465942383,31.690000534057617,31.790000915527344,63100
2026-05-25 17:40:00+00:00,TOTS3.SA,31.799999237060547,31.81999969482422,31.770000457763672,31.790000915527344,35400
2026-05-25 17:45:00+00:00,TOTS3.SA,31.809999465942383,31.84000015258789,31.75,31.760000228881836,40300
2026-05-25 17:50:00+00:00,TOTS3.SA,31.760000228881836,31.799999237060547,31.75,31.790000915527344,50400
2026-05-25 17:55:00+00:00,TOTS3.SA,31.790000915527344,31.790000915527344,31.75,31.760000228881836,39800
2026-05-25 18:00:00+00:00,TOTS3.SA,31.760000228881836,31.790000915527344,31.729999542236328,31.770000457763672,46500
2026-05-25 18:05:00+00:00,TOTS3.SA,31.770000457763672,31.780000686645508,31.719999313354492,31.75,43900
2026-05-25 18:10:00+00:00,TOTS3.SA,31.760000228881836,31.770000457763672,31.739999771118164,31.739999771118164,15500
2026-05-25 18:15:00+00:00,TOTS3.SA,31.75,31.780000686645508,31.719999313354492,31.75,76500
2026-05-25 18:20:00+00:00,TOTS3.SA,31.770000457763672,31.850000381469727,31.75,31.829999923706055,27600
2026-05-25 18:25:00+00:00,TOTS3.SA,31.829999923706055,31.860000610351562,31.790000915527344,31.84000015258789,60100
2026-05-25 18:30:00+00:00,TOTS3.SA,31.850000381469727,31.860000610351562,31.780000686645508,31.799999237060547,59600
2026-05-25 18:35:00+00:00,TOTS3.SA,31.81999969482422,31.81999969482422,31.780000686645508,31.790000915527344,19800
2026-05-25 18:40:00+00:00,TOTS3.SA,31.799999237060547,31.809999465942383,31.760000228881836,31.809999465942383,56600
2026-05-25 18:45:00+00:00,TOTS3.SA,31.799999237060547,31.84000015258789,31.790000915527344,31.81999969482422,21000
2026-05-25 18:50:00+00:00,TOTS3.SA,31.829999923706055,31.889999389648438,31.829999923706055,31.860000610351562,66400
2026-05-25 18:55:00+00:00,TOTS3.SA,31.860000610351562,31.8799991607666,31.84000015258789,31.8799991607666,73900
2026-05-25 19:00:00+00:00,TOTS3.SA,31.8799991607666,31.8799991607666,31.829999923706055,31.829999923706055,37700
2026-05-25 19:05:00+00:00,TOTS3.SA,31.81999969482422,31.81999969482422,31.75,31.760000228881836,37900
2026-05-25 19:10:00+00:00,TOTS3.SA,31.760000228881836,31.790000915527344,31.729999542236328,31.780000686645508,58000
2026-05-25 19:15:00+00:00,TOTS3.SA,31.780000686645508,31.81999969482422,31.770000457763672,31.780000686645508,51800
2026-05-25 19:20:00+00:00,TOTS3.SA,31.780000686645508,31.799999237060547,31.75,31.780000686645508,54800
2026-05-25 19:25:00+00:00,TOTS3.SA,31.780000686645508,31.850000381469727,31.780000686645508,31.829999923706055,79300
2026-05-25 19:30:00+00:00,TOTS3.SA,31.84000015258789,31.84000015258789,31.790000915527344,31.829999923706055,86800
2026-05-25 19:35:00+00:00,TOTS3.SA,31.809999465942383,31.860000610351562,31.760000228881836,31.860000610351562,78100
2026-05-25 19:40:00+00:00,TOTS3.SA,31.850000381469727,31.8700008392334,31.829999923706055,31.860000610351562,64900
2026-05-25 19:45:00+00:00,TOTS3.SA,31.860000610351562,31.8799991607666,31.81999969482422,31.850000381469727,79200
2026-05-25 19:50:00+00:00,TOTS3.SA,31.850000381469727,31.8799991607666,31.75,31.760000228881836,70600
2026-05-26 13:05:00+00:00,TOTS3.SA,31.229999542236328,31.399999618530273,31.040000915527344,31.100000381469727,35500
2026-05-26 13:10:00+00:00,TOTS3.SA,31.09000015258789,31.219999313354492,30.920000076293945,31.149999618530273,217800
2026-05-26 13:15:00+00:00,TOTS3.SA,31.149999618530273,31.469999313354492,31.149999618530273,31.40999984741211,79100
2026-05-26 13:20:00+00:00,TOTS3.SA,31.40999984741211,31.530000686645508,31.280000686645508,31.520000457763672,59000
2026-05-26 13:25:00+00:00,TOTS3.SA,31.510000228881836,31.520000457763672,31.389999389648438,31.420000076293945,44500
2026-05-26 13:30:00+00:00,TOTS3.SA,31.420000076293945,31.510000228881836,31.399999618530273,31.459999084472656,46900
2026-05-26 13:35:00+00:00,TOTS3.SA,31.479999542236328,31.5,31.440000534057617,31.450000762939453,35300
2026-05-26 13:40:00+00:00,TOTS3.SA,31.450000762939453,31.450000762939453,31.209999084472656,31.270000457763672,55300
2026-05-26 13:45:00+00:00,TOTS3.SA,31.25,31.309999465942383,31.200000762939453,31.239999771118164,52700
2026-05-26 13:50:00+00:00,TOTS3.SA,31.229999542236328,31.239999771118164,31.09000015258789,31.18000030517578,105600
2026-05-26 13:55:00+00:00,TOTS3.SA,31.18000030517578,31.25,31.170000076293945,31.229999542236328,34100
2026-05-26 14:00:00+00:00,TOTS3.SA,31.229999542236328,31.260000228881836,31.149999618530273,31.25,58900
2026-05-26 14:05:00+00:00,TOTS3.SA,31.229999542236328,31.489999771118164,31.219999313354492,31.489999771118164,66600
2026-05-26 14:10:00+00:00,TOTS3.SA,31.479999542236328,31.5,31.43000030517578,31.469999313354492,40500
2026-05-26 14:15:00+00:00,TOTS3.SA,31.469999313354492,31.479999542236328,31.440000534057617,31.450000762939453,20300
2026-05-26 14:20:00+00:00,TOTS3.SA,31.450000762939453,31.459999084472656,31.31999969482422,31.420000076293945,59900
2026-05-26 14:25:00+00:00,TOTS3.SA,31.420000076293945,31.489999771118164,31.40999984741211,31.489999771118164,34000
2026-05-26 14:30:00+00:00,TOTS3.SA,31.489999771118164,31.510000228881836,31.43000030517578,31.440000534057617,35000
2026-05-26 14:35:00+00:00,TOTS3.SA,31.440000534057617,31.489999771118164,31.43000030517578,31.459999084472656,34700
2026-05-26 14:40:00+00:00,TOTS3.SA,31.469999313354492,31.649999618530273,31.459999084472656,31.649999618530273,41200
2026-05-26 14:45:00+00:00,TOTS3.SA,31.649999618530273,31.700000762939453,31.579999923706055,31.700000762939453,171900
2026-05-26 14:50:00+00:00,TOTS3.SA,31.700000762939453,31.719999313354492,31.670000076293945,31.709999084472656,34300
2026-05-26 14:55:00+00:00,TOTS3.SA,31.709999084472656,31.760000228881836,31.690000534057617,31.760000228881836,15500
2026-05-26 15:00:00+00:00,TOTS3.SA,31.760000228881836,31.760000228881836,31.6200008392334,31.6200008392334,31300
2026-05-26 15:05:00+00:00,TOTS3.SA,31.6200008392334,31.739999771118164,31.610000610351562,31.729999542236328,72100
2026-05-26 15:10:00+00:00,TOTS3.SA,31.739999771118164,31.760000228881836,31.639999389648438,31.68000030517578,31600
2026-05-26 15:15:00+00:00,TOTS3.SA,31.670000076293945,31.709999084472656,31.59000015258789,31.6200008392334,24100
2026-05-26 15:20:00+00:00,TOTS3.SA,31.6299991607666,31.639999389648438,31.549999237060547,31.59000015258789,25700
2026-05-26 15:25:00+00:00,TOTS3.SA,31.59000015258789,31.59000015258789,31.520000457763672,31.559999465942383,19000
2026-05-26 15:30:00+00:00,TOTS3.SA,31.579999923706055,31.600000381469727,31.510000228881836,31.510000228881836,27800
2026-05-26 15:35:00+00:00,TOTS3.SA,31.510000228881836,31.530000686645508,31.43000030517578,31.5,51400
2026-05-26 15:40:00+00:00,TOTS3.SA,31.5,31.6299991607666,31.489999771118164,31.6200008392334,38200
2026-05-26 15:45:00+00:00,TOTS3.SA,31.6200008392334,31.670000076293945,31.600000381469727,31.65999984741211,29600
2026-05-26 15:50:00+00:00,TOTS3.SA,31.639999389648438,31.65999984741211,31.59000015258789,31.610000610351562,28900
2026-05-26 15:55:00+00:00,TOTS3.SA,31.6299991607666,31.65999984741211,31.56999969482422,31.600000381469727,63400
2026-05-26 16:00:00+00:00,TOTS3.SA,31.600000381469727,31.600000381469727,31.559999465942383,31.579999923706055,29800
2026-05-26 16:05:00+00:00,TOTS3.SA,31.600000381469727,31.600000381469727,31.530000686645508,31.559999465942383,25700
2026-05-26 16:10:00+00:00,TOTS3.SA,31.559999465942383,31.559999465942383,31.469999313354492,31.469999313354492,19900
2026-05-26 16:15:00+00:00,TOTS3.SA,31.459999084472656,31.5,31.459999084472656,31.5,14600
2026-05-26 16:20:00+00:00,TOTS3.SA,31.5,31.5,31.459999084472656,31.479999542236328,24200
2026-05-26 16:25:00+00:00,TOTS3.SA,31.489999771118164,31.530000686645508,31.479999542236328,31.510000228881836,24900
2026-05-26 16:30:00+00:00,TOTS3.SA,31.5,31.520000457763672,31.469999313354492,31.5,26200
2026-05-26 16:35:00+00:00,TOTS3.SA,31.510000228881836,31.540000915527344,31.5,31.520000457763672,46000
2026-05-26 16:40:00+00:00,TOTS3.SA,31.510000228881836,31.510000228881836,31.459999084472656,31.469999313354492,37700
2026-05-26 16:45:00+00:00,TOTS3.SA,31.469999313354492,31.489999771118164,31.450000762939453,31.469999313354492,18800
2026-05-26 16:50:00+00:00,TOTS3.SA,31.469999313354492,31.489999771118164,31.469999313354492,31.489999771118164,21000
2026-05-26 16:55:00+00:00,TOTS3.SA,31.489999771118164,31.520000457763672,31.469999313354492,31.479999542236328,28600
2026-05-26 17:00:00+00:00,TOTS3.SA,31.489999771118164,31.489999771118164,31.450000762939453,31.459999084472656,40200
2026-05-26 17:05:00+00:00,TOTS3.SA,31.450000762939453,31.459999084472656,31.43000030517578,31.440000534057617,16300
2026-05-26 17:10:00+00:00,TOTS3.SA,31.440000534057617,31.440000534057617,31.40999984741211,31.40999984741211,21700
2026-05-26 17:15:00+00:00,TOTS3.SA,31.40999984741211,31.450000762939453,31.40999984741211,31.450000762939453,28300
2026-05-26 17:20:00+00:00,TOTS3.SA,31.450000762939453,31.459999084472656,31.43000030517578,31.440000534057617,21700
2026-05-26 17:25:00+00:00,TOTS3.SA,31.43000030517578,31.459999084472656,31.43000030517578,31.440000534057617,19200
2026-05-26 17:30:00+00:00,TOTS3.SA,31.440000534057617,31.489999771118164,31.43000030517578,31.450000762939453,46300
2026-05-26 17:35:00+00:00,TOTS3.SA,31.450000762939453,31.459999084472656,31.43000030517578,31.440000534057617,26300
2026-05-26 17:40:00+00:00,TOTS3.SA,31.450000762939453,31.450000762939453,31.389999389648438,31.389999389648438,41100
2026-05-26 17:45:00+00:00,TOTS3.SA,31.399999618530273,31.440000534057617,31.360000610351562,31.440000534057617,49300
2026-05-26 17:50:00+00:00,TOTS3.SA,31.440000534057617,31.459999084472656,31.420000076293945,31.459999084472656,55200
2026-05-26 17:55:00+00:00,TOTS3.SA,31.459999084472656,31.469999313354492,31.440000534057617,31.450000762939453,76800
2026-05-26 18:00:00+00:00,TOTS3.SA,31.469999313354492,31.469999313354492,31.399999618530273,31.399999618530273,42700
2026-05-26 18:05:00+00:00,TOTS3.SA,31.420000076293945,31.450000762939453,31.399999618530273,31.43000030517578,53100
2026-05-26 18:10:00+00:00,TOTS3.SA,31.43000030517578,31.489999771118164,31.43000030517578,31.479999542236328,41700
2026-05-26 18:15:00+00:00,TOTS3.SA,31.5,31.5,31.459999084472656,31.489999771118164,55600
2026-05-26 18:20:00+00:00,TOTS3.SA,31.489999771118164,31.520000457763672,31.459999084472656,31.5,36800
2026-05-26 18:25:00+00:00,TOTS3.SA,31.5,31.510000228881836,31.450000762939453,31.459999084472656,40200
2026-05-26 18:30:00+00:00,TOTS3.SA,31.459999084472656,31.489999771118164,31.450000762939453,31.479999542236328,30500
2026-05-26 18:35:00+00:00,TOTS3.SA,31.479999542236328,31.510000228881836,31.450000762939453,31.5,69000
2026-05-26 18:40:00+00:00,TOTS3.SA,31.5,31.510000228881836,31.479999542236328,31.489999771118164,50000
2026-05-26 18:45:00+00:00,TOTS3.SA,31.489999771118164,31.5,31.469999313354492,31.5,24800
2026-05-26 18:50:00+00:00,TOTS3.SA,31.489999771118164,31.520000457763672,31.459999084472656,31.489999771118164,52100
2026-05-26 18:55:00+00:00,TOTS3.SA,31.479999542236328,31.489999771118164,31.450000762939453,31.459999084472656,36900
2026-05-26 19:00:00+00:00,TOTS3.SA,31.450000762939453,31.469999313354492,31.440000534057617,31.469999313354492,43400
2026-05-26 19:05:00+00:00,TOTS3.SA,31.469999313354492,31.469999313354492,31.440000534057617,31.459999084472656,62300
2026-05-26 19:10:00+00:00,TOTS3.SA,31.459999084472656,31.469999313354492,31.440000534057617,31.450000762939453,66000
2026-05-26 19:15:00+00:00,TOTS3.SA,31.450000762939453,31.479999542236328,31.440000534057617,31.459999084472656,48000
2026-05-26 19:20:00+00:00,TOTS3.SA,31.479999542236328,31.489999771118164,31.3700008392334,31.440000534057617,93200
2026-05-26 19:25:00+00:00,TOTS3.SA,31.440000534057617,31.469999313354492,31.43000030517578,31.469999313354492,22600
2026-05-26 19:30:00+00:00,TOTS3.SA,31.450000762939453,31.5,31.40999984741211,31.479999542236328,120900
2026-05-26 19:35:00+00:00,TOTS3.SA,31.479999542236328,31.5,31.459999084472656,31.5,49800
2026-05-26 19:40:00+00:00,TOTS3.SA,31.5,31.5,31.479999542236328,31.5,226100
2026-05-26 19:45:00+00:00,TOTS3.SA,31.489999771118164,31.6299991607666,31.479999542236328,31.59000015258789,61500
2026-05-26 19:50:00+00:00,TOTS3.SA,31.610000610351562,31.649999618530273,31.56999969482422,31.639999389648438,75100
2026-05-27 13:15:00+00:00,TOTS3.SA,31.690000534057617,31.84000015258789,31.520000457763672,31.600000381469727,42600
2026-05-27 13:20:00+00:00,TOTS3.SA,31.56999969482422,31.690000534057617,31.479999542236328,31.5,101500
2026-05-27 13:25:00+00:00,TOTS3.SA,31.520000457763672,31.59000015258789,31.459999084472656,31.530000686645508,120900
2026-05-27 13:30:00+00:00,TOTS3.SA,31.510000228881836,31.68000030517578,31.469999313354492,31.68000030517578,345600
2026-05-27 13:35:00+00:00,TOTS3.SA,31.68000030517578,31.809999465942383,31.649999618530273,31.809999465942383,183800
2026-05-27 13:40:00+00:00,TOTS3.SA,31.790000915527344,31.799999237060547,31.65999984741211,31.68000030517578,205500
2026-05-27 13:45:00+00:00,TOTS3.SA,31.68000030517578,31.75,31.6299991607666,31.68000030517578,182500
2026-05-27 13:50:00+00:00,TOTS3.SA,31.68000030517578,31.709999084472656,31.510000228881836,31.59000015258789,150300
2026-05-27 13:55:00+00:00,TOTS3.SA,31.56999969482422,31.649999618530273,31.549999237060547,31.649999618530273,98400
2026-05-27 14:00:00+00:00,TOTS3.SA,31.639999389648438,31.68000030517578,31.579999923706055,31.68000030517578,60500
2026-05-27 14:05:00+00:00,TOTS3.SA,31.690000534057617,31.690000534057617,31.5,31.5,95000
2026-05-27 14:10:00+00:00,TOTS3.SA,31.520000457763672,31.56999969482422,31.459999084472656,31.520000457763672,210500
2026-05-27 14:15:00+00:00,TOTS3.SA,31.510000228881836,31.56999969482422,31.469999313354492,31.520000457763672,42300
2026-05-27 14:20:00+00:00,TOTS3.SA,31.520000457763672,31.559999465942383,31.459999084472656,31.520000457763672,46500
2026-05-27 14:25:00+00:00,TOTS3.SA,31.530000686645508,31.65999984741211,31.489999771118164,31.65999984741211,49000
2026-05-27 14:30:00+00:00,TOTS3.SA,31.65999984741211,31.65999984741211,31.510000228881836,31.520000457763672,64100
2026-05-27 14:35:00+00:00,TOTS3.SA,31.530000686645508,31.610000610351562,31.5,31.59000015258789,50300
2026-05-27 14:40:00+00:00,TOTS3.SA,31.600000381469727,31.600000381469727,31.530000686645508,31.579999923706055,19400
2026-05-27 14:45:00+00:00,TOTS3.SA,31.579999923706055,31.690000534057617,31.579999923706055,31.639999389648438,26200
2026-05-27 14:50:00+00:00,TOTS3.SA,31.639999389648438,31.649999618530273,31.549999237060547,31.559999465942383,42000
2026-05-27 14:55:00+00:00,TOTS3.SA,31.559999465942383,31.670000076293945,31.559999465942383,31.649999618530273,35600
2026-05-27 15:00:00+00:00,TOTS3.SA,31.6299991607666,31.649999618530273,31.579999923706055,31.639999389648438,62500
2026-05-27 15:05:00+00:00,TOTS3.SA,31.639999389648438,31.649999618530273,31.59000015258789,31.610000610351562,35000
2026-05-27 15:10:00+00:00,TOTS3.SA,31.610000610351562,31.6200008392334,31.579999923706055,31.610000610351562,23000
2026-05-27 15:15:00+00:00,TOTS3.SA,31.59000015258789,31.59000015258789,31.549999237060547,31.579999923706055,54200
2026-05-27 15:20:00+00:00,TOTS3.SA,31.579999923706055,31.59000015258789,31.540000915527344,31.559999465942383,21000
2026-05-27 15:25:00+00:00,TOTS3.SA,31.559999465942383,31.6200008392334,31.549999237060547,31.610000610351562,51100
2026-05-27 15:30:00+00:00,TOTS3.SA,31.610000610351562,31.649999618530273,31.610000610351562,31.6299991607666,25400
2026-05-27 15:35:00+00:00,TOTS3.SA,31.6299991607666,31.649999618530273,31.579999923706055,31.59000015258789,51000
2026-05-27 15:40:00+00:00,TOTS3.SA,31.56999969482422,31.56999969482422,31.5,31.510000228881836,68500
2026-05-27 15:45:00+00:00,TOTS3.SA,31.520000457763672,31.540000915527344,31.489999771118164,31.510000228881836,42500
2026-05-27 15:50:00+00:00,TOTS3.SA,31.5,31.510000228881836,31.420000076293945,31.469999313354492,164800
2026-05-27 15:55:00+00:00,TOTS3.SA,31.479999542236328,31.520000457763672,31.479999542236328,31.510000228881836,59300
2026-05-27 16:00:00+00:00,TOTS3.SA,31.510000228881836,31.520000457763672,31.440000534057617,31.459999084472656,59700
2026-05-27 16:05:00+00:00,TOTS3.SA,31.450000762939453,31.489999771118164,31.450000762939453,31.469999313354492,25800
2026-05-27 16:10:00+00:00,TOTS3.SA,31.469999313354492,31.489999771118164,31.459999084472656,31.479999542236328,38000
2026-05-27 16:15:00+00:00,TOTS3.SA,31.479999542236328,31.489999771118164,31.459999084472656,31.469999313354492,17700
2026-05-27 16:20:00+00:00,TOTS3.SA,31.469999313354492,31.469999313354492,31.440000534057617,31.459999084472656,9800
2026-05-27 16:25:00+00:00,TOTS3.SA,31.459999084472656,31.479999542236328,31.440000534057617,31.450000762939453,24100
2026-05-27 16:30:00+00:00,TOTS3.SA,31.459999084472656,31.459999084472656,31.350000381469727,31.350000381469727,53300
2026-05-27 16:35:00+00:00,TOTS3.SA,31.350000381469727,31.350000381469727,31.280000686645508,31.309999465942383,123000
2026-05-27 16:40:00+00:00,TOTS3.SA,31.31999969482422,31.389999389648438,31.309999465942383,31.389999389648438,16200
2026-05-27 16:45:00+00:00,TOTS3.SA,31.399999618530273,31.440000534057617,31.3799991607666,31.399999618530273,49100
2026-05-27 16:50:00+00:00,TOTS3.SA,31.389999389648438,31.40999984741211,31.3700008392334,31.3799991607666,13300
2026-05-27 16:55:00+00:00,TOTS3.SA,31.3799991607666,31.399999618530273,31.350000381469727,31.399999618530273,65800
2026-05-27 17:00:00+00:00,TOTS3.SA,31.389999389648438,31.40999984741211,31.1200008392334,31.1299991607666,155800
2026-05-27 17:05:00+00:00,TOTS3.SA,31.1200008392334,31.1200008392334,30.829999923706055,30.850000381469727,152300
2026-05-27 17:10:00+00:00,TOTS3.SA,30.850000381469727,30.8700008392334,30.719999313354492,30.739999771118164,226800
2026-05-27 17:15:00+00:00,TOTS3.SA,30.739999771118164,30.780000686645508,30.6200008392334,30.780000686645508,151300
2026-05-27 17:20:00+00:00,TOTS3.SA,30.780000686645508,30.829999923706055,30.649999618530273,30.649999618530273,58600
2026-05-27 17:25:00+00:00,TOTS3.SA,30.649999618530273,30.700000762939453,30.559999465942383,30.6299991607666,93800
2026-05-27 17:30:00+00:00,TOTS3.SA,30.6200008392334,30.639999389648438,30.56999969482422,30.59000015258789,74100
2026-05-27 17:35:00+00:00,TOTS3.SA,30.579999923706055,30.760000228881836,30.579999923706055,30.690000534057617,95700
2026-05-27 17:40:00+00:00,TOTS3.SA,30.700000762939453,30.700000762939453,30.639999389648438,30.649999618530273,36600
2026-05-27 17:45:00+00:00,TOTS3.SA,30.649999618530273,30.780000686645508,30.6299991607666,30.780000686645508,36900
2026-05-27 17:50:00+00:00,TOTS3.SA,30.770000457763672,30.850000381469727,30.75,30.790000915527344,279100
2026-05-27 17:55:00+00:00,TOTS3.SA,30.799999237060547,30.84000015258789,30.799999237060547,30.81999969482422,53500
2026-05-27 18:00:00+00:00,TOTS3.SA,30.81999969482422,30.989999771118164,30.799999237060547,30.899999618530273,292900
2026-05-27 18:05:00+00:00,TOTS3.SA,30.899999618530273,30.940000534057617,30.81999969482422,30.81999969482422,74100
2026-05-27 18:10:00+00:00,TOTS3.SA,30.84000015258789,30.979999542236328,30.81999969482422,30.940000534057617,196100
2026-05-27 18:15:00+00:00,TOTS3.SA,30.950000762939453,31.06999969482422,30.950000762939453,31.06999969482422,219300
2026-05-27 18:20:00+00:00,TOTS3.SA,31.06999969482422,31.139999389648438,31.06999969482422,31.09000015258789,133300
2026-05-27 18:25:00+00:00,TOTS3.SA,31.100000381469727,31.15999984741211,31.049999237060547,31.15999984741211,70000
2026-05-27 18:30:00+00:00,TOTS3.SA,31.139999389648438,31.209999084472656,31.139999389648438,31.15999984741211,129200
2026-05-27 18:35:00+00:00,TOTS3.SA,31.15999984741211,31.190000534057617,31.149999618530273,31.170000076293945,143400
2026-05-27 18:40:00+00:00,TOTS3.SA,31.18000030517578,31.18000030517578,31.15999984741211,31.170000076293945,39800
2026-05-27 18:45:00+00:00,TOTS3.SA,31.15999984741211,31.170000076293945,31.09000015258789,31.09000015258789,66200
2026-05-27 18:50:00+00:00,TOTS3.SA,31.09000015258789,31.110000610351562,31.020000457763672,31.06999969482422,281600
2026-05-27 18:55:00+00:00,TOTS3.SA,31.06999969482422,31.06999969482422,31.0,31.040000915527344,136200
2026-05-27 19:00:00+00:00,TOTS3.SA,31.030000686645508,31.059999465942383,31.010000228881836,31.049999237060547,83100
2026-05-27 19:05:00+00:00,TOTS3.SA,31.049999237060547,31.079999923706055,31.040000915527344,31.079999923706055,42700
2026-05-27 19:10:00+00:00,TOTS3.SA,31.059999465942383,31.09000015258789,31.0,31.010000228881836,91500
2026-05-27 19:15:00+00:00,TOTS3.SA,31.0,31.010000228881836,30.899999618530273,30.920000076293945,82900
2026-05-27 19:20:00+00:00,TOTS3.SA,30.90999984741211,31.040000915527344,30.899999618530273,31.020000457763672,228800
2026-05-27 19:25:00+00:00,TOTS3.SA,31.0,31.059999465942383,30.959999084472656,31.049999237060547,251000
2026-05-27 19:30:00+00:00,TOTS3.SA,31.040000915527344,31.079999923706055,31.010000228881836,31.079999923706055,252600
2026-05-27 19:35:00+00:00,TOTS3.SA,31.079999923706055,31.100000381469727,30.940000534057617,30.979999542236328,412800
2026-05-27 19:40:00+00:00,TOTS3.SA,30.989999771118164,31.139999389648438,30.969999313354492,31.100000381469727,425700
2026-05-27 19:45:00+00:00,TOTS3.SA,31.100000381469727,31.139999389648438,31.0,31.0,252500
2026-05-27 19:50:00+00:00,TOTS3.SA,31.020000457763672,31.06999969482422,30.969999313354492,31.010000228881836,288600
2026-05-28 13:00:00+00:00,TOTS3.SA,31.489999771118164,31.489999771118164,31.260000228881836,31.260000228881836,0
2026-05-28 13:05:00+00:00,TOTS3.SA,31.260000228881836,31.299999237060547,31.1200008392334,31.299999237060547,33100
2026-05-28 13:10:00+00:00,TOTS3.SA,31.309999465942383,31.350000381469727,31.100000381469727,31.1200008392334,42900
2026-05-28 13:15:00+00:00,TOTS3.SA,31.139999389648438,31.190000534057617,31.020000457763672,31.059999465942383,35200
2026-05-28 13:20:00+00:00,TOTS3.SA,31.059999465942383,31.059999465942383,30.75,30.790000915527344,53000
2026-05-28 13:25:00+00:00,TOTS3.SA,30.770000457763672,30.950000762939453,30.75,30.90999984741211,81100
2026-05-28 13:30:00+00:00,TOTS3.SA,30.899999618530273,31.010000228881836,30.8799991607666,30.979999542236328,77400
2026-05-28 13:35:00+00:00,TOTS3.SA,30.989999771118164,31.0,30.81999969482422,30.850000381469727,61900
2026-05-28 13:40:00+00:00,TOTS3.SA,30.860000610351562,31.15999984741211,30.780000686645508,31.1299991607666,116900
2026-05-28 13:45:00+00:00,TOTS3.SA,31.139999389648438,31.299999237060547,31.1200008392334,31.25,85700
2026-05-28 13:50:00+00:00,TOTS3.SA,31.270000457763672,31.31999969482422,31.229999542236328,31.270000457763672,118500
2026-05-28 13:55:00+00:00,TOTS3.SA,31.270000457763672,31.270000457763672,31.049999237060547,31.139999389648438,114100
2026-05-28 14:00:00+00:00,TOTS3.SA,31.139999389648438,31.329999923706055,31.139999389648438,31.25,294900
2026-05-28 14:05:00+00:00,TOTS3.SA,31.25,31.260000228881836,31.149999618530273,31.25,93400
2026-05-28 14:10:00+00:00,TOTS3.SA,31.25,31.940000534057617,31.25,31.719999313354492,297800
2026-05-28 14:15:00+00:00,TOTS3.SA,31.719999313354492,31.719999313354492,31.59000015258789,31.600000381469727,91800
2026-05-28 14:20:00+00:00,TOTS3.SA,31.600000381469727,31.600000381469727,31.479999542236328,31.489999771118164,95400
2026-05-28 14:25:00+00:00,TOTS3.SA,31.469999313354492,31.559999465942383,31.450000762939453,31.530000686645508,82700
2026-05-28 14:30:00+00:00,TOTS3.SA,31.540000915527344,31.65999984741211,31.540000915527344,31.65999984741211,155500
2026-05-28 14:35:00+00:00,TOTS3.SA,31.68000030517578,31.75,31.65999984741211,31.729999542236328,112200
2026-05-28 14:40:00+00:00,TOTS3.SA,31.729999542236328,31.809999465942383,31.729999542236328,31.75,82600
2026-05-28 14:45:00+00:00,TOTS3.SA,31.739999771118164,31.75,31.6200008392334,31.709999084472656,148100
2026-05-28 14:50:00+00:00,TOTS3.SA,31.719999313354492,31.739999771118164,31.649999618530273,31.649999618530273,72900
2026-05-28 14:55:00+00:00,TOTS3.SA,31.649999618530273,31.649999618530273,31.540000915527344,31.540000915527344,85900
2026-05-28 15:00:00+00:00,TOTS3.SA,31.549999237060547,31.600000381469727,31.5,31.530000686645508,85400
2026-05-28 15:05:00+00:00,TOTS3.SA,31.530000686645508,31.549999237060547,31.510000228881836,31.530000686645508,67900
2026-05-28 15:10:00+00:00,TOTS3.SA,31.510000228881836,31.540000915527344,31.43000030517578,31.479999542236328,92000
2026-05-28 15:15:00+00:00,TOTS3.SA,31.479999542236328,31.540000915527344,31.440000534057617,31.520000457763672,76100
2026-05-28 15:20:00+00:00,TOTS3.SA,31.520000457763672,31.579999923706055,31.520000457763672,31.549999237060547,81000
2026-05-28 15:25:00+00:00,TOTS3.SA,31.549999237060547,31.549999237060547,31.489999771118164,31.520000457763672,62100
2026-05-28 15:30:00+00:00,TOTS3.SA,31.520000457763672,31.530000686645508,31.489999771118164,31.520000457763672,78300
2026-05-28 15:35:00+00:00,TOTS3.SA,31.530000686645508,31.549999237060547,31.520000457763672,31.520000457763672,35400
2026-05-28 15:40:00+00:00,TOTS3.SA,31.530000686645508,31.579999923706055,31.489999771118164,31.530000686645508,88300
2026-05-28 15:45:00+00:00,TOTS3.SA,31.530000686645508,31.540000915527344,31.469999313354492,31.469999313354492,69100
2026-05-28 15:50:00+00:00,TOTS3.SA,31.469999313354492,31.479999542236328,31.420000076293945,31.440000534057617,65800
2026-05-28 15:55:00+00:00,TOTS3.SA,31.440000534057617,31.5,31.40999984741211,31.469999313354492,84700
2026-05-28 16:00:00+00:00,TOTS3.SA,31.469999313354492,31.479999542236328,31.450000762939453,31.450000762939453,53000
2026-05-28 16:05:00+00:00,TOTS3.SA,31.469999313354492,31.5,31.459999084472656,31.5,50800
2026-05-28 16:10:00+00:00,TOTS3.SA,31.489999771118164,31.579999923706055,31.469999313354492,31.549999237060547,106700
2026-05-28 16:15:00+00:00,TOTS3.SA,31.56999969482422,31.59000015258789,31.510000228881836,31.530000686645508,118400
2026-05-28 16:20:00+00:00,TOTS3.SA,31.530000686645508,31.540000915527344,31.479999542236328,31.520000457763672,72900
2026-05-28 16:25:00+00:00,TOTS3.SA,31.530000686645508,31.56999969482422,31.489999771118164,31.549999237060547,84900
2026-05-28 16:30:00+00:00,TOTS3.SA,31.559999465942383,31.56999969482422,31.530000686645508,31.559999465942383,46100
2026-05-28 16:35:00+00:00,TOTS3.SA,31.549999237060547,31.559999465942383,31.450000762939453,31.469999313354492,54200
2026-05-28 16:40:00+00:00,TOTS3.SA,31.469999313354492,31.59000015258789,31.459999084472656,31.530000686645508,86600
2026-05-28 16:45:00+00:00,TOTS3.SA,31.530000686645508,31.579999923706055,31.530000686645508,31.530000686645508,44800
2026-05-28 16:50:00+00:00,TOTS3.SA,31.530000686645508,31.56999969482422,31.510000228881836,31.559999465942383,115300
2026-05-28 16:55:00+00:00,TOTS3.SA,31.579999923706055,31.65999984741211,31.579999923706055,31.649999618530273,42300
2026-05-28 17:00:00+00:00,TOTS3.SA,31.639999389648438,31.65999984741211,31.6299991607666,31.639999389648438,59800
2026-05-28 17:05:00+00:00,TOTS3.SA,31.649999618530273,31.75,31.639999389648438,31.739999771118164,82000
2026-05-28 17:10:00+00:00,TOTS3.SA,31.729999542236328,31.75,31.6200008392334,31.690000534057617,144800
2026-05-28 17:15:00+00:00,TOTS3.SA,31.700000762939453,31.799999237060547,31.670000076293945,31.780000686645508,156000
2026-05-28 17:20:00+00:00,TOTS3.SA,31.780000686645508,31.780000686645508,31.709999084472656,31.709999084472656,169200
2026-05-28 17:25:00+00:00,TOTS3.SA,31.709999084472656,31.709999084472656,31.639999389648438,31.639999389648438,80300
2026-05-28 17:30:00+00:00,TOTS3.SA,31.639999389648438,31.790000915527344,31.639999389648438,31.709999084472656,189000
2026-05-28 17:35:00+00:00,TOTS3.SA,31.719999313354492,31.809999465942383,31.690000534057617,31.809999465942383,98500
2026-05-28 17:40:00+00:00,TOTS3.SA,31.799999237060547,31.860000610351562,31.799999237060547,31.850000381469727,95100
2026-05-28 17:45:00+00:00,TOTS3.SA,31.850000381469727,31.899999618530273,31.829999923706055,31.829999923706055,91600
2026-05-28 17:50:00+00:00,TOTS3.SA,31.829999923706055,31.93000030517578,31.770000457763672,31.889999389648438,71500
2026-05-28 17:55:00+00:00,TOTS3.SA,31.889999389648438,31.899999618530273,31.860000610351562,31.8799991607666,66400
2026-05-28 18:00:00+00:00,TOTS3.SA,31.8700008392334,31.90999984741211,31.860000610351562,31.90999984741211,61600
2026-05-28 18:05:00+00:00,TOTS3.SA,31.90999984741211,31.959999084472656,31.8700008392334,31.8700008392334,79900
2026-05-28 18:10:00+00:00,TOTS3.SA,31.8700008392334,31.8700008392334,31.809999465942383,31.84000015258789,94500
2026-05-28 18:15:00+00:00,TOTS3.SA,31.829999923706055,31.889999389648438,31.829999923706055,31.829999923706055,98600
2026-05-28 18:20:00+00:00,TOTS3.SA,31.829999923706055,31.829999923706055,31.780000686645508,31.780000686645508,47100
2026-05-28 18:25:00+00:00,TOTS3.SA,31.780000686645508,31.790000915527344,31.739999771118164,31.760000228881836,72400
2026-05-28 18:30:00+00:00,TOTS3.SA,31.760000228881836,31.799999237060547,31.760000228881836,31.760000228881836,63900
2026-05-28 18:35:00+00:00,TOTS3.SA,31.760000228881836,31.799999237060547,31.739999771118164,31.75,94500
2026-05-28 18:40:00+00:00,TOTS3.SA,31.760000228881836,31.760000228881836,31.690000534057617,31.719999313354492,53300
2026-05-28 18:45:00+00:00,TOTS3.SA,31.709999084472656,31.719999313354492,31.649999618530273,31.690000534057617,83500
2026-05-28 18:50:00+00:00,TOTS3.SA,31.690000534057617,31.790000915527344,31.690000534057617,31.770000457763672,109300
2026-05-28 18:55:00+00:00,TOTS3.SA,31.770000457763672,31.770000457763672,31.729999542236328,31.729999542236328,43500
2026-05-28 19:00:00+00:00,TOTS3.SA,31.729999542236328,31.770000457763672,31.700000762939453,31.709999084472656,99500
2026-05-28 19:05:00+00:00,TOTS3.SA,31.709999084472656,31.829999923706055,31.709999084472656,31.81999969482422,213800
2026-05-28 19:10:00+00:00,TOTS3.SA,31.81999969482422,31.81999969482422,31.729999542236328,31.770000457763672,90400
2026-05-28 19:15:00+00:00,TOTS3.SA,31.760000228881836,31.799999237060547,31.75,31.790000915527344,48200
2026-05-28 19:20:00+00:00,TOTS3.SA,31.780000686645508,31.809999465942383,31.780000686645508,31.799999237060547,93300
2026-05-28 19:25:00+00:00,TOTS3.SA,31.790000915527344,31.81999969482422,31.780000686645508,31.780000686645508,47800
2026-05-28 19:30:00+00:00,TOTS3.SA,31.790000915527344,31.799999237060547,31.75,31.770000457763672,132200
2026-05-28 19:35:00+00:00,TOTS3.SA,31.770000457763672,31.780000686645508,31.729999542236328,31.770000457763672,124000
2026-05-28 19:40:00+00:00,TOTS3.SA,31.770000457763672,31.770000457763672,31.709999084472656,31.739999771118164,79700
2026-05-28 19:45:00+00:00,TOTS3.SA,31.729999542236328,31.739999771118164,31.719999313354492,31.729999542236328,91700
2026-05-28 19:50:00+00:00,TOTS3.SA,31.729999542236328,31.760000228881836,31.709999084472656,31.739999771118164,145100
2026-05-29 13:05:00+00:00,TOTS3.SA,31.809999465942383,31.84000015258789,31.610000610351562,31.729999542236328,0
2026-05-29 13:10:00+00:00,TOTS3.SA,31.719999313354492,32.040000915527344,31.549999237060547,31.989999771118164,129700
2026-05-29 13:15:00+00:00,TOTS3.SA,32.02000045776367,32.02000045776367,31.799999237060547,31.81999969482422,146800
2026-05-29 13:20:00+00:00,TOTS3.SA,31.829999923706055,31.860000610351562,31.520000457763672,31.690000534057617,146700
2026-05-29 13:25:00+00:00,TOTS3.SA,31.670000076293945,31.8700008392334,31.649999618530273,31.829999923706055,191800
2026-05-29 13:30:00+00:00,TOTS3.SA,31.829999923706055,31.920000076293945,31.719999313354492,31.8700008392334,215000
2026-05-29 13:35:00+00:00,TOTS3.SA,31.8799991607666,32.22999954223633,31.8799991607666,32.22999954223633,244400
2026-05-29 13:40:00+00:00,TOTS3.SA,32.220001220703125,32.279998779296875,32.0099983215332,32.130001068115234,143800
2026-05-29 13:45:00+00:00,TOTS3.SA,32.130001068115234,32.279998779296875,32.060001373291016,32.09000015258789,130900
2026-05-29 13:50:00+00:00,TOTS3.SA,32.060001373291016,32.09000015258789,31.979999542236328,32.040000915527344,132500
2026-05-29 13:55:00+00:00,TOTS3.SA,32.029998779296875,32.040000915527344,31.889999389648438,31.899999618530273,195000
2026-05-29 14:00:00+00:00,TOTS3.SA,31.90999984741211,31.920000076293945,31.799999237060547,31.84000015258789,189200
2026-05-29 14:05:00+00:00,TOTS3.SA,31.860000610351562,31.8700008392334,31.719999313354492,31.780000686645508,201800
2026-05-29 14:10:00+00:00,TOTS3.SA,31.780000686645508,31.809999465942383,31.729999542236328,31.739999771118164,138700
2026-05-29 14:15:00+00:00,TOTS3.SA,31.739999771118164,31.799999237060547,31.700000762939453,31.709999084472656,123500
2026-05-29 14:20:00+00:00,TOTS3.SA,31.709999084472656,31.790000915527344,31.690000534057617,31.700000762939453,165100
2026-05-29 14:25:00+00:00,TOTS3.SA,31.700000762939453,31.770000457763672,31.6299991607666,31.65999984741211,151100
2026-05-29 14:30:00+00:00,TOTS3.SA,31.65999984741211,31.700000762939453,31.600000381469727,31.649999618530273,134400
2026-05-29 14:35:00+00:00,TOTS3.SA,31.639999389648438,31.700000762939453,31.579999923706055,31.68000030517578,134500
2026-05-29 14:40:00+00:00,TOTS3.SA,31.68000030517578,31.850000381469727,31.670000076293945,31.770000457763672,162200
2026-05-29 14:45:00+00:00,TOTS3.SA,31.760000228881836,31.770000457763672,31.510000228881836,31.510000228881836,129400
2026-05-29 14:50:00+00:00,TOTS3.SA,31.510000228881836,31.739999771118164,31.469999313354492,31.739999771118164,159700
2026-05-29 14:55:00+00:00,TOTS3.SA,31.739999771118164,31.850000381469727,31.649999618530273,31.709999084472656,96200
2026-05-29 15:00:00+00:00,TOTS3.SA,31.709999084472656,31.81999969482422,31.68000030517578,31.809999465942383,102100
2026-05-29 15:05:00+00:00,TOTS3.SA,31.809999465942383,31.809999465942383,31.700000762939453,31.739999771118164,111700
2026-05-29 15:10:00+00:00,TOTS3.SA,31.739999771118164,31.829999923706055,31.729999542236328,31.75,97800
2026-05-29 15:15:00+00:00,TOTS3.SA,31.75,31.809999465942383,31.709999084472656,31.780000686645508,118200
2026-05-29 15:20:00+00:00,TOTS3.SA,31.770000457763672,31.770000457763672,31.700000762939453,31.709999084472656,77200
2026-05-29 15:25:00+00:00,TOTS3.SA,31.709999084472656,31.739999771118164,31.670000076293945,31.709999084472656,96800
2026-05-29 15:30:00+00:00,TOTS3.SA,31.709999084472656,31.709999084472656,31.579999923706055,31.670000076293945,114000
2026-05-29 15:35:00+00:00,TOTS3.SA,31.670000076293945,31.68000030517578,31.440000534057617,31.489999771118164,124200
2026-05-29 15:40:00+00:00,TOTS3.SA,31.489999771118164,31.5,31.40999984741211,31.459999084472656,156400
2026-05-29 15:45:00+00:00,TOTS3.SA,31.450000762939453,31.479999542236328,31.399999618530273,31.450000762939453,126400
2026-05-29 15:50:00+00:00,TOTS3.SA,31.450000762939453,31.56999969482422,31.450000762939453,31.559999465942383,162900
2026-05-29 15:55:00+00:00,TOTS3.SA,31.549999237060547,31.559999465942383,31.479999542236328,31.559999465942383,124100
2026-05-29 16:00:00+00:00,TOTS3.SA,31.559999465942383,31.559999465942383,31.5,31.530000686645508,103500
2026-05-29 16:05:00+00:00,TOTS3.SA,31.530000686645508,31.6299991607666,31.520000457763672,31.6200008392334,126200
2026-05-29 16:10:00+00:00,TOTS3.SA,31.6200008392334,31.6299991607666,31.56999969482422,31.610000610351562,123700
2026-05-29 16:15:00+00:00,TOTS3.SA,31.610000610351562,31.75,31.600000381469727,31.739999771118164,213800
2026-05-29 16:20:00+00:00,TOTS3.SA,31.739999771118164,31.75,31.690000534057617,31.700000762939453,102700
2026-05-29 16:25:00+00:00,TOTS3.SA,31.709999084472656,31.760000228881836,31.670000076293945,31.760000228881836,95500
2026-05-29 16:30:00+00:00,TOTS3.SA,31.760000228881836,31.860000610351562,31.739999771118164,31.84000015258789,375300
2026-05-29 16:35:00+00:00,TOTS3.SA,31.829999923706055,31.850000381469727,31.760000228881836,31.790000915527344,294200
2026-05-29 16:40:00+00:00,TOTS3.SA,31.780000686645508,31.81999969482422,31.770000457763672,31.809999465942383,121300
2026-05-29 16:45:00+00:00,TOTS3.SA,31.809999465942383,31.81999969482422,31.799999237060547,31.809999465942383,138500
2026-05-29 16:50:00+00:00,TOTS3.SA,31.799999237060547,31.950000762939453,31.799999237060547,31.950000762939453,196800
2026-05-29 16:55:00+00:00,TOTS3.SA,31.950000762939453,31.950000762939453,31.860000610351562,31.90999984741211,111300
2026-05-29 17:00:00+00:00,TOTS3.SA,31.889999389648438,32.0,31.860000610351562,31.989999771118164,324400
2026-05-29 17:05:00+00:00,TOTS3.SA,31.979999542236328,32.15999984741211,31.979999542236328,32.130001068115234,139100
2026-05-29 17:10:00+00:00,TOTS3.SA,32.119998931884766,32.279998779296875,32.099998474121094,32.27000045776367,110500
2026-05-29 17:15:00+00:00,TOTS3.SA,32.27000045776367,32.439998626708984,32.209999084472656,32.439998626708984,520000
2026-05-29 17:20:00+00:00,TOTS3.SA,32.41999816894531,32.54999923706055,32.33000183105469,32.52000045776367,176900
2026-05-29 17:25:00+00:00,TOTS3.SA,32.52000045776367,32.619998931884766,32.5,32.59000015258789,356500
2026-05-29 17:30:00+00:00,TOTS3.SA,32.59000015258789,32.81999969482422,32.529998779296875,32.810001373291016,242300
2026-05-29 17:35:00+00:00,TOTS3.SA,32.810001373291016,33.0099983215332,32.810001373291016,32.939998626708984,363500
2026-05-29 17:40:00+00:00,TOTS3.SA,32.93000030517578,33.06999969482422,32.90999984741211,33.06999969482422,204800
2026-05-29 17:45:00+00:00,TOTS3.SA,33.06999969482422,33.13999938964844,33.040000915527344,33.130001068115234,177700
2026-05-29 17:50:00+00:00,TOTS3.SA,33.13999938964844,33.18000030517578,33.099998474121094,33.130001068115234,123500
2026-05-29 17:55:00+00:00,TOTS3.SA,33.119998931884766,33.22999954223633,33.09000015258789,33.099998474121094,214800
2026-05-29 18:00:00+00:00,TOTS3.SA,33.099998474121094,33.31999969482422,33.099998474121094,33.279998779296875,266100
2026-05-29 18:05:00+00:00,TOTS3.SA,33.27000045776367,33.400001525878906,33.27000045776367,33.36000061035156,186200
2026-05-29 18:10:00+00:00,TOTS3.SA,33.36000061035156,33.380001068115234,33.220001220703125,33.369998931884766,355700
2026-05-29 18:15:00+00:00,TOTS3.SA,33.36000061035156,33.54999923706055,33.36000061035156,33.47999954223633,216000
2026-05-29 18:20:00+00:00,TOTS3.SA,33.459999084472656,33.70000076293945,33.459999084472656,33.70000076293945,340300
2026-05-29 18:25:00+00:00,TOTS3.SA,33.689998626708984,33.7599983215332,33.599998474121094,33.61000061035156,162900
2026-05-29 18:30:00+00:00,TOTS3.SA,33.599998474121094,33.650001525878906,33.5,33.56999969482422,360300
2026-05-29 18:35:00+00:00,TOTS3.SA,33.54999923706055,33.619998931884766,33.45000076293945,33.54999923706055,222500
2026-05-29 18:40:00+00:00,TOTS3.SA,33.54999923706055,33.619998931884766,33.5,33.619998931884766,248600
2026-05-29 18:45:00+00:00,TOTS3.SA,33.619998931884766,33.619998931884766,33.400001525878906,33.43000030517578,241600
2026-05-29 18:50:00+00:00,TOTS3.SA,33.41999816894531,33.459999084472656,33.15999984741211,33.33000183105469,226800
2026-05-29 18:55:00+00:00,TOTS3.SA,33.33000183105469,33.43000030517578,33.290000915527344,33.349998474121094,182100
2026-05-29 19:00:00+00:00,TOTS3.SA,33.349998474121094,33.40999984741211,33.29999923706055,33.369998931884766,157400
2026-05-29 19:05:00+00:00,TOTS3.SA,33.36000061035156,33.40999984741211,33.279998779296875,33.279998779296875,153700
2026-05-29 19:10:00+00:00,TOTS3.SA,33.290000915527344,33.36000061035156,33.16999816894531,33.33000183105469,323700
2026-05-29 19:15:00+00:00,TOTS3.SA,33.31999969482422,33.369998931884766,33.2400016784668,33.290000915527344,215300
2026-05-29 19:20:00+00:00,TOTS3.SA,33.290000915527344,33.29999923706055,33.25,33.2599983215332,132200
2026-05-29 19:25:00+00:00,TOTS3.SA,33.279998779296875,33.290000915527344,33.209999084472656,33.27000045776367,242600
2026-05-29 19:30:00+00:00,TOTS3.SA,33.27000045776367,33.380001068115234,33.189998626708984,33.209999084472656,434200
2026-05-29 19:35:00+00:00,TOTS3.SA,33.209999084472656,33.2400016784668,33.15999984741211,33.18000030517578,226000
2026-05-29 19:40:00+00:00,TOTS3.SA,33.189998626708984,33.22999954223633,33.13999938964844,33.18000030517578,272000
2026-05-29 19:45:00+00:00,TOTS3.SA,33.189998626708984,33.29999923706055,33.130001068115234,33.29999923706055,274100
2026-06-01 13:05:00+00:00,TOTS3.SA,33.45000076293945,33.959999084472656,33.06999969482422,33.90999984741211,0
2026-06-01 13:10:00+00:00,TOTS3.SA,33.93000030517578,34.369998931884766,33.72999954223633,34.290000915527344,250100
2026-06-01 13:15:00+00:00,TOTS3.SA,34.33000183105469,34.400001525878906,34.209999084472656,34.22999954223633,177500
2026-06-01 13:20:00+00:00,TOTS3.SA,34.25,34.25,33.900001525878906,34.02000045776367,172300
2026-06-01 13:25:00+00:00,TOTS3.SA,34.029998779296875,34.22999954223633,33.90999984741211,34.15999984741211,308000
2026-06-01 13:30:00+00:00,TOTS3.SA,34.16999816894531,34.290000915527344,33.849998474121094,33.869998931884766,362000
2026-06-01 13:35:00+00:00,TOTS3.SA,33.880001068115234,34.08000183105469,33.709999084472656,34.040000915527344,224600
2026-06-01 13:40:00+00:00,TOTS3.SA,34.04999923706055,34.08000183105469,33.90999984741211,34.0099983215332,210700
2026-06-01 13:45:00+00:00,TOTS3.SA,34.02000045776367,34.11000061035156,33.880001068115234,33.90999984741211,393700
2026-06-01 13:50:00+00:00,TOTS3.SA,33.93000030517578,34.04999923706055,33.90999984741211,33.93000030517578,212500
2026-06-01 13:55:00+00:00,TOTS3.SA,33.91999816894531,33.939998626708984,33.790000915527344,33.79999923706055,73700
2026-06-01 14:00:00+00:00,TOTS3.SA,33.79999923706055,33.83000183105469,33.68000030517578,33.810001373291016,70500
2026-06-01 14:05:00+00:00,TOTS3.SA,33.79999923706055,33.900001525878906,33.70000076293945,33.7400016784668,473500
2026-06-01 14:10:00+00:00,TOTS3.SA,33.75,34.18000030517578,33.75,34.150001525878906,104400
2026-06-01 14:15:00+00:00,TOTS3.SA,34.150001525878906,34.22999954223633,33.9900016784668,34.060001373291016,71400
2026-06-01 14:20:00+00:00,TOTS3.SA,34.06999969482422,34.150001525878906,33.939998626708984,33.970001220703125,101000
2026-06-01 14:25:00+00:00,TOTS3.SA,33.97999954223633,33.97999954223633,33.83000183105469,33.91999816894531,49300
2026-06-01 14:30:00+00:00,TOTS3.SA,33.93000030517578,33.939998626708984,33.84000015258789,33.849998474121094,52200
2026-06-01 14:35:00+00:00,TOTS3.SA,33.849998474121094,33.93000030517578,33.79999923706055,33.810001373291016,47300
2026-06-01 14:40:00+00:00,TOTS3.SA,33.810001373291016,33.91999816894531,33.7599983215332,33.880001068115234,72900
2026-06-01 14:45:00+00:00,TOTS3.SA,33.880001068115234,33.97999954223633,33.86000061035156,33.970001220703125,164900
2026-06-01 14:50:00+00:00,TOTS3.SA,33.970001220703125,33.970001220703125,33.79999923706055,33.939998626708984,371700
2026-06-01 14:55:00+00:00,TOTS3.SA,33.95000076293945,34.02000045776367,33.93000030517578,33.939998626708984,57200
2026-06-01 15:00:00+00:00,TOTS3.SA,33.95000076293945,34.029998779296875,33.93000030517578,34.02000045776367,24500
2026-06-01 15:05:00+00:00,TOTS3.SA,34.0099983215332,34.099998474121094,33.97999954223633,34.0099983215332,36100
2026-06-01 15:10:00+00:00,TOTS3.SA,34.0099983215332,34.0099983215332,33.939998626708984,33.9900016784668,25700
2026-06-01 15:15:00+00:00,TOTS3.SA,33.97999954223633,34.0,33.93000030517578,34.0,36200
2026-06-01 15:20:00+00:00,TOTS3.SA,34.0,34.0099983215332,33.93000030517578,33.95000076293945,72800
2026-06-01 15:25:00+00:00,TOTS3.SA,33.95000076293945,34.0,33.90999984741211,34.0,110800
2026-06-01 15:30:00+00:00,TOTS3.SA,33.97999954223633,34.06999969482422,33.939998626708984,33.959999084472656,73400
2026-06-01 15:35:00+00:00,TOTS3.SA,33.970001220703125,34.029998779296875,33.95000076293945,34.0,103200
2026-06-01 15:40:00+00:00,TOTS3.SA,33.97999954223633,34.0099983215332,33.939998626708984,34.0099983215332,66700
2026-06-01 15:45:00+00:00,TOTS3.SA,34.0099983215332,34.029998779296875,33.959999084472656,33.97999954223633,52400
2026-06-01 15:50:00+00:00,TOTS3.SA,33.97999954223633,33.97999954223633,33.91999816894531,33.93000030517578,174000
2026-06-01 15:55:00+00:00,TOTS3.SA,33.93000030517578,34.029998779296875,33.900001525878906,34.02000045776367,69700
2026-06-01 16:00:00+00:00,TOTS3.SA,34.02000045776367,34.130001068115234,34.0099983215332,34.06999969482422,66600
2026-06-01 16:05:00+00:00,TOTS3.SA,34.06999969482422,34.099998474121094,34.0,34.029998779296875,47500
2026-06-01 16:10:00+00:00,TOTS3.SA,34.029998779296875,34.040000915527344,33.970001220703125,34.0099983215332,99200
2026-06-01 16:15:00+00:00,TOTS3.SA,34.0099983215332,34.02000045776367,33.970001220703125,34.0099983215332,37300
2026-06-01 16:20:00+00:00,TOTS3.SA,33.9900016784668,34.029998779296875,33.970001220703125,34.0099983215332,28700
2026-06-01 16:25:00+00:00,TOTS3.SA,34.0099983215332,34.060001373291016,33.970001220703125,34.04999923706055,31000
2026-06-01 16:30:00+00:00,TOTS3.SA,34.04999923706055,34.06999969482422,34.0099983215332,34.02000045776367,40500
2026-06-01 16:35:00+00:00,TOTS3.SA,34.02000045776367,34.060001373291016,33.9900016784668,34.0,38000
2026-06-01 16:40:00+00:00,TOTS3.SA,33.9900016784668,34.040000915527344,33.97999954223633,34.02000045776367,31700
2026-06-01 16:45:00+00:00,TOTS3.SA,34.02000045776367,34.029998779296875,33.970001220703125,33.9900016784668,38600
2026-06-01 16:50:00+00:00,TOTS3.SA,33.97999954223633,34.04999923706055,33.97999954223633,34.04999923706055,49900
2026-06-01 16:55:00+00:00,TOTS3.SA,34.04999923706055,34.130001068115234,34.0099983215332,34.04999923706055,85900
2026-06-01 17:00:00+00:00,TOTS3.SA,34.040000915527344,34.06999969482422,34.0,34.0,55700
2026-06-01 17:05:00+00:00,TOTS3.SA,34.0099983215332,34.029998779296875,33.970001220703125,34.029998779296875,38000
2026-06-01 17:10:00+00:00,TOTS3.SA,34.029998779296875,34.06999969482422,34.0099983215332,34.04999923706055,35400
2026-06-01 17:15:00+00:00,TOTS3.SA,34.04999923706055,34.06999969482422,34.040000915527344,34.06999969482422,34900
2026-06-01 17:20:00+00:00,TOTS3.SA,34.060001373291016,34.099998474121094,34.060001373291016,34.09000015258789,33000
2026-06-01 17:25:00+00:00,TOTS3.SA,34.08000183105469,34.2400016784668,34.06999969482422,34.22999954223633,200100
2026-06-01 17:30:00+00:00,TOTS3.SA,34.22999954223633,34.349998474121094,34.130001068115234,34.15999984741211,93300
2026-06-01 17:35:00+00:00,TOTS3.SA,34.15999984741211,34.16999816894531,34.130001068115234,34.150001525878906,30000
2026-06-01 17:40:00+00:00,TOTS3.SA,34.150001525878906,34.27000045776367,34.119998931884766,34.22999954223633,48100
2026-06-01 17:45:00+00:00,TOTS3.SA,34.22999954223633,34.2400016784668,34.099998474121094,34.099998474121094,80600
2026-06-01 17:50:00+00:00,TOTS3.SA,34.09000015258789,34.150001525878906,34.06999969482422,34.130001068115234,72600
2026-06-01 17:55:00+00:00,TOTS3.SA,34.119998931884766,34.13999938964844,34.06999969482422,34.099998474121094,135600
2026-06-01 18:00:00+00:00,TOTS3.SA,34.099998474121094,34.150001525878906,34.09000015258789,34.130001068115234,59400
2026-06-01 18:05:00+00:00,TOTS3.SA,34.130001068115234,34.220001220703125,34.119998931884766,34.20000076293945,60600
2026-06-01 18:10:00+00:00,TOTS3.SA,34.209999084472656,34.220001220703125,34.189998626708984,34.220001220703125,43900
2026-06-01 18:15:00+00:00,TOTS3.SA,34.220001220703125,34.25,34.189998626708984,34.220001220703125,54800
2026-06-01 18:20:00+00:00,TOTS3.SA,34.209999084472656,34.22999954223633,34.20000076293945,34.220001220703125,40700
2026-06-01 18:25:00+00:00,TOTS3.SA,34.220001220703125,34.2400016784668,34.209999084472656,34.220001220703125,32900
2026-06-01 18:30:00+00:00,TOTS3.SA,34.22999954223633,34.2599983215332,34.20000076293945,34.209999084472656,48000
2026-06-01 18:35:00+00:00,TOTS3.SA,34.209999084472656,34.31999969482422,34.209999084472656,34.31999969482422,70300
2026-06-01 18:40:00+00:00,TOTS3.SA,34.29999923706055,34.400001525878906,34.29999923706055,34.369998931884766,102000
2026-06-01 18:45:00+00:00,TOTS3.SA,34.369998931884766,34.38999938964844,34.33000183105469,34.369998931884766,110600
2026-06-01 18:50:00+00:00,TOTS3.SA,34.369998931884766,34.40999984741211,34.36000061035156,34.40999984741211,77000
2026-06-01 18:55:00+00:00,TOTS3.SA,34.400001525878906,34.45000076293945,34.400001525878906,34.43000030517578,76000
2026-06-01 19:00:00+00:00,TOTS3.SA,34.41999816894531,34.43000030517578,34.29999923706055,34.380001068115234,71300
2026-06-01 19:05:00+00:00,TOTS3.SA,34.380001068115234,34.380001068115234,34.33000183105469,34.349998474121094,47900
2026-06-01 19:10:00+00:00,TOTS3.SA,34.349998474121094,34.4900016784668,34.33000183105469,34.4900016784668,94000
2026-06-01 19:15:00+00:00,TOTS3.SA,34.470001220703125,34.5,34.45000076293945,34.47999954223633,59900
2026-06-01 19:20:00+00:00,TOTS3.SA,34.470001220703125,34.540000915527344,34.470001220703125,34.52000045776367,121400
2026-06-01 19:25:00+00:00,TOTS3.SA,34.5,34.599998474121094,34.459999084472656,34.4900016784668,132600
2026-06-01 19:30:00+00:00,TOTS3.SA,34.4900016784668,34.540000915527344,34.45000076293945,34.5,110800
2026-06-01 19:35:00+00:00,TOTS3.SA,34.4900016784668,34.4900016784668,34.400001525878906,34.40999984741211,99400
2026-06-01 19:40:00+00:00,TOTS3.SA,34.40999984741211,34.470001220703125,34.400001525878906,34.470001220703125,141600
2026-06-01 19:45:00+00:00,TOTS3.SA,34.470001220703125,34.470001220703125,34.400001525878906,34.43000030517578,140800
2026-06-01 19:50:00+00:00,TOTS3.SA,34.43000030517578,34.470001220703125,34.43000030517578,34.439998626708984,105600
2026-06-02 13:00:00+00:00,TOTS3.SA,34.43000030517578,34.61000061035156,34.40999984741211,34.58000183105469,0
2026-06-02 13:05:00+00:00,TOTS3.SA,34.58000183105469,34.66999816894531,34.5,34.529998779296875,42300
2026-06-02 13:10:00+00:00,TOTS3.SA,34.540000915527344,34.599998474121094,34.400001525878906,34.43000030517578,46000
2026-06-02 13:15:00+00:00,TOTS3.SA,34.43000030517578,34.68000030517578,34.369998931884766,34.630001068115234,166900
2026-06-02 13:20:00+00:00,TOTS3.SA,34.630001068115234,34.63999938964844,34.40999984741211,34.540000915527344,46200
2026-06-02 13:25:00+00:00,TOTS3.SA,34.54999923706055,34.58000183105469,34.400001525878906,34.41999816894531,114400
2026-06-02 13:30:00+00:00,TOTS3.SA,34.40999984741211,34.41999816894531,34.20000076293945,34.220001220703125,190200
2026-06-02 13:35:00+00:00,TOTS3.SA,34.20000076293945,34.22999954223633,34.029998779296875,34.150001525878906,167300
2026-06-02 13:40:00+00:00,TOTS3.SA,34.150001525878906,34.22999954223633,34.04999923706055,34.099998474121094,428800
2026-06-02 13:45:00+00:00,TOTS3.SA,34.09000015258789,34.119998931884766,33.9900016784668,34.02000045776367,59600
2026-06-02 13:50:00+00:00,TOTS3.SA,34.02000045776367,34.150001525878906,34.0,34.150001525878906,265200
2026-06-02 13:55:00+00:00,TOTS3.SA,34.150001525878906,34.15999984741211,34.029998779296875,34.099998474121094,57500
2026-06-02 14:00:00+00:00,TOTS3.SA,34.099998474121094,34.400001525878906,34.06999969482422,34.310001373291016,121700
2026-06-02 14:05:00+00:00,TOTS3.SA,34.31999969482422,34.400001525878906,34.29999923706055,34.38999938964844,53400
2026-06-02 14:10:00+00:00,TOTS3.SA,34.38999938964844,34.52000045776367,34.38999938964844,34.5,39600
2026-06-02 14:15:00+00:00,TOTS3.SA,34.5,34.56999969482422,34.40999984741211,34.470001220703125,44800
2026-06-02 14:20:00+00:00,TOTS3.SA,34.459999084472656,34.54999923706055,34.439998626708984,34.5,37300
2026-06-02 14:25:00+00:00,TOTS3.SA,34.5099983215332,34.540000915527344,34.31999969482422,34.36000061035156,57700
2026-06-02 14:30:00+00:00,TOTS3.SA,34.349998474121094,34.41999816894531,34.310001373291016,34.349998474121094,75800
2026-06-02 14:35:00+00:00,TOTS3.SA,34.349998474121094,34.439998626708984,34.34000015258789,34.38999938964844,48400
2026-06-02 14:40:00+00:00,TOTS3.SA,34.380001068115234,34.40999984741211,34.209999084472656,34.209999084472656,58300
2026-06-02 14:45:00+00:00,TOTS3.SA,34.209999084472656,34.279998779296875,34.18000030517578,34.209999084472656,47200
2026-06-02 14:50:00+00:00,TOTS3.SA,34.209999084472656,34.25,34.11000061035156,34.11000061035156,62500
2026-06-02 14:55:00+00:00,TOTS3.SA,34.11000061035156,34.209999084472656,34.099998474121094,34.16999816894531,48500
2026-06-02 15:00:00+00:00,TOTS3.SA,34.150001525878906,34.2400016784668,34.150001525878906,34.22999954223633,33500
2026-06-02 15:05:00+00:00,TOTS3.SA,34.220001220703125,34.29999923706055,34.220001220703125,34.290000915527344,41000
2026-06-02 15:10:00+00:00,TOTS3.SA,34.279998779296875,34.279998779296875,34.20000076293945,34.25,46800
2026-06-02 15:15:00+00:00,TOTS3.SA,34.25,34.2599983215332,34.189998626708984,34.220001220703125,34800
2026-06-02 15:20:00+00:00,TOTS3.SA,34.209999084472656,34.2400016784668,34.13999938964844,34.189998626708984,40800
2026-06-02 15:25:00+00:00,TOTS3.SA,34.20000076293945,34.20000076293945,34.119998931884766,34.16999816894531,39400
2026-06-02 15:30:00+00:00,TOTS3.SA,34.150001525878906,34.20000076293945,34.130001068115234,34.189998626708984,26300
2026-06-02 15:35:00+00:00,TOTS3.SA,34.189998626708984,34.220001220703125,34.16999816894531,34.209999084472656,16100
2026-06-02 15:40:00+00:00,TOTS3.SA,34.209999084472656,34.45000076293945,34.189998626708984,34.34000015258789,163400
2026-06-02 15:45:00+00:00,TOTS3.SA,34.34000015258789,34.349998474121094,34.13999938964844,34.13999938964844,67000
2026-06-02 15:50:00+00:00,TOTS3.SA,34.130001068115234,34.400001525878906,34.099998474121094,34.400001525878906,51800
2026-06-02 15:55:00+00:00,TOTS3.SA,34.380001068115234,34.5,34.369998931884766,34.47999954223633,66600
2026-06-02 16:00:00+00:00,TOTS3.SA,34.470001220703125,34.47999954223633,34.43000030517578,34.439998626708984,56100
2026-06-02 16:05:00+00:00,TOTS3.SA,34.43000030517578,34.47999954223633,34.43000030517578,34.45000076293945,46900
2026-06-02 16:10:00+00:00,TOTS3.SA,34.459999084472656,34.47999954223633,34.43000030517578,34.43000030517578,43300
2026-06-02 16:15:00+00:00,TOTS3.SA,34.45000076293945,34.459999084472656,34.43000030517578,34.43000030517578,42300
2026-06-02 16:20:00+00:00,TOTS3.SA,34.439998626708984,34.459999084472656,34.400001525878906,34.40999984741211,45300
2026-06-02 16:25:00+00:00,TOTS3.SA,34.400001525878906,34.41999816894531,34.400001525878906,34.400001525878906,21600
2026-06-02 16:30:00+00:00,TOTS3.SA,34.38999938964844,34.43000030517578,34.33000183105469,34.34000015258789,66900
2026-06-02 16:35:00+00:00,TOTS3.SA,34.34000015258789,34.369998931884766,34.31999969482422,34.33000183105469,36100
2026-06-02 16:40:00+00:00,TOTS3.SA,34.31999969482422,34.38999938964844,34.31999969482422,34.33000183105469,55100
2026-06-02 16:45:00+00:00,TOTS3.SA,34.33000183105469,34.400001525878906,34.33000183105469,34.380001068115234,52400
2026-06-02 16:50:00+00:00,TOTS3.SA,34.38999938964844,34.38999938964844,34.349998474121094,34.380001068115234,60000
2026-06-02 16:55:00+00:00,TOTS3.SA,34.380001068115234,34.38999938964844,34.290000915527344,34.29999923706055,54200
2026-06-02 17:00:00+00:00,TOTS3.SA,34.29999923706055,34.31999969482422,34.27000045776367,34.31999969482422,31400
2026-06-02 17:05:00+00:00,TOTS3.SA,34.31999969482422,34.33000183105469,34.27000045776367,34.279998779296875,45500
2026-06-02 17:10:00+00:00,TOTS3.SA,34.27000045776367,34.33000183105469,34.2400016784668,34.33000183105469,40400
2026-06-02 17:15:00+00:00,TOTS3.SA,34.33000183105469,34.33000183105469,34.2599983215332,34.279998779296875,127400
2026-06-02 17:20:00+00:00,TOTS3.SA,34.27000045776367,34.310001373291016,34.27000045776367,34.310001373291016,42500
2026-06-02 17:25:00+00:00,TOTS3.SA,34.29999923706055,34.29999923706055,34.25,34.290000915527344,62100
2026-06-02 17:30:00+00:00,TOTS3.SA,34.290000915527344,34.31999969482422,34.25,34.279998779296875,68100
2026-06-02 17:35:00+00:00,TOTS3.SA,34.279998779296875,34.33000183105469,34.279998779296875,34.31999969482422,44200
2026-06-02 17:40:00+00:00,TOTS3.SA,34.29999923706055,34.33000183105469,34.25,34.290000915527344,45200
2026-06-02 17:45:00+00:00,TOTS3.SA,34.279998779296875,34.310001373291016,34.2599983215332,34.290000915527344,50300
2026-06-02 17:50:00+00:00,TOTS3.SA,34.27000045776367,34.279998779296875,34.20000076293945,34.2400016784668,39500
2026-06-02 17:55:00+00:00,TOTS3.SA,34.22999954223633,34.310001373291016,34.20000076293945,34.29999923706055,45100
2026-06-02 18:00:00+00:00,TOTS3.SA,34.29999923706055,34.380001068115234,34.279998779296875,34.29999923706055,55800
2026-06-02 18:05:00+00:00,TOTS3.SA,34.29999923706055,34.349998474121094,34.290000915527344,34.349998474121094,44700
2026-06-02 18:10:00+00:00,TOTS3.SA,34.36000061035156,34.369998931884766,34.279998779296875,34.369998931884766,78400
2026-06-02 18:15:00+00:00,TOTS3.SA,34.36000061035156,34.38999938964844,34.349998474121094,34.380001068115234,31500
2026-06-02 18:20:00+00:00,TOTS3.SA,34.369998931884766,34.400001525878906,34.369998931884766,34.38999938964844,37600
2026-06-02 18:25:00+00:00,TOTS3.SA,34.38999938964844,34.38999938964844,34.33000183105469,34.38999938964844,73400
2026-06-02 18:30:00+00:00,TOTS3.SA,34.380001068115234,34.43000030517578,34.369998931884766,34.400001525878906,56700
2026-06-02 18:35:00+00:00,TOTS3.SA,34.40999984741211,34.45000076293945,34.38999938964844,34.400001525878906,47000
2026-06-02 18:40:00+00:00,TOTS3.SA,34.400001525878906,34.43000030517578,34.38999938964844,34.40999984741211,54900
2026-06-02 18:45:00+00:00,TOTS3.SA,34.40999984741211,34.439998626708984,34.369998931884766,34.400001525878906,36500
2026-06-02 18:50:00+00:00,TOTS3.SA,34.380001068115234,34.45000076293945,34.369998931884766,34.439998626708984,54500
2026-06-02 18:55:00+00:00,TOTS3.SA,34.439998626708984,34.439998626708984,34.40999984741211,34.43000030517578,59200
2026-06-02 19:00:00+00:00,TOTS3.SA,34.43000030517578,34.4900016784668,34.43000030517578,34.47999954223633,26100
2026-06-02 19:05:00+00:00,TOTS3.SA,34.4900016784668,34.4900016784668,34.439998626708984,34.439998626708984,46600
2026-06-02 19:10:00+00:00,TOTS3.SA,34.45000076293945,34.45000076293945,34.34000015258789,34.34000015258789,98400
2026-06-02 19:15:00+00:00,TOTS3.SA,34.34000015258789,34.36000061035156,34.29999923706055,34.349998474121094,74000
2026-06-02 19:20:00+00:00,TOTS3.SA,34.33000183105469,34.400001525878906,34.33000183105469,34.38999938964844,35900
2026-06-02 19:25:00+00:00,TOTS3.SA,34.380001068115234,34.400001525878906,34.349998474121094,34.380001068115234,66500
2026-06-02 19:30:00+00:00,TOTS3.SA,34.369998931884766,34.41999816894531,34.369998931884766,34.380001068115234,75600
2026-06-02 19:35:00+00:00,TOTS3.SA,34.369998931884766,34.38999938964844,34.349998474121094,34.349998474121094,71500
2026-06-02 19:40:00+00:00,TOTS3.SA,34.369998931884766,34.45000076293945,34.349998474121094,34.41999816894531,85000
2026-06-02 19:45:00+00:00,TOTS3.SA,34.43000030517578,34.4900016784668,34.43000030517578,34.459999084472656,54500
2026-06-02 19:50:00+00:00,TOTS3.SA,34.470001220703125,34.4900016784668,34.41999816894531,34.470001220703125,38700
2026-06-03 13:00:00+00:00,TOTS3.SA,34.06999969482422,34.36000061035156,34.040000915527344,34.279998779296875,0
2026-06-03 13:05:00+00:00,TOTS3.SA,34.279998779296875,35.0,34.2599983215332,34.93000030517578,208200
2026-06-03 13:10:00+00:00,TOTS3.SA,34.900001525878906,35.099998474121094,34.599998474121094,34.61000061035156,173200
2026-06-03 13:15:00+00:00,TOTS3.SA,34.56999969482422,34.599998474121094,34.380001068115234,34.439998626708984,157600
2026-06-03 13:20:00+00:00,TOTS3.SA,34.43000030517578,34.47999954223633,34.209999084472656,34.41999816894531,163500
2026-06-03 13:25:00+00:00,TOTS3.SA,34.41999816894531,34.540000915527344,34.40999984741211,34.5099983215332,98200
2026-06-03 13:30:00+00:00,TOTS3.SA,34.52000045776367,34.79999923706055,34.52000045776367,34.7599983215332,123900
2026-06-03 13:35:00+00:00,TOTS3.SA,34.75,34.790000915527344,34.63999938964844,34.720001220703125,96300
2026-06-03 13:40:00+00:00,TOTS3.SA,34.720001220703125,34.779998779296875,34.540000915527344,34.56999969482422,89900
2026-06-03 13:45:00+00:00,TOTS3.SA,34.56999969482422,34.59000015258789,34.11000061035156,34.25,212600
2026-06-03 13:50:00+00:00,TOTS3.SA,34.22999954223633,34.290000915527344,34.189998626708984,34.27000045776367,68300
2026-06-03 13:55:00+00:00,TOTS3.SA,34.279998779296875,34.31999969482422,34.189998626708984,34.22999954223633,67100
2026-06-03 14:00:00+00:00,TOTS3.SA,34.2400016784668,34.279998779296875,34.130001068115234,34.22999954223633,97000
2026-06-03 14:05:00+00:00,TOTS3.SA,34.209999084472656,34.310001373291016,34.060001373291016,34.06999969482422,64800
2026-06-03 14:10:00+00:00,TOTS3.SA,34.06999969482422,34.209999084472656,34.06999969482422,34.209999084472656,115500
2026-06-03 14:15:00+00:00,TOTS3.SA,34.220001220703125,34.369998931884766,34.150001525878906,34.209999084472656,45300
2026-06-03 14:20:00+00:00,TOTS3.SA,34.189998626708984,34.189998626708984,34.0,34.060001373291016,58200
2026-06-03 14:25:00+00:00,TOTS3.SA,34.08000183105469,34.15999984741211,34.08000183105469,34.09000015258789,35500
2026-06-03 14:30:00+00:00,TOTS3.SA,34.099998474121094,34.310001373291016,34.099998474121094,34.25,44800
2026-06-03 14:35:00+00:00,TOTS3.SA,34.2599983215332,34.279998779296875,34.16999816894531,34.220001220703125,37300
2026-06-03 14:40:00+00:00,TOTS3.SA,34.220001220703125,34.2400016784668,34.150001525878906,34.20000076293945,33300
2026-06-03 14:45:00+00:00,TOTS3.SA,34.20000076293945,34.220001220703125,34.11000061035156,34.11000061035156,33700
2026-06-03 14:50:00+00:00,TOTS3.SA,34.11000061035156,34.2400016784668,34.11000061035156,34.18000030517578,49700
2026-06-03 14:55:00+00:00,TOTS3.SA,34.18000030517578,34.279998779296875,34.16999816894531,34.2400016784668,35500
2026-06-03 15:00:00+00:00,TOTS3.SA,34.25,34.349998474121094,34.22999954223633,34.2599983215332,45000
2026-06-03 15:05:00+00:00,TOTS3.SA,34.25,34.310001373291016,34.25,34.279998779296875,30000
2026-06-03 15:10:00+00:00,TOTS3.SA,34.279998779296875,34.290000915527344,34.150001525878906,34.15999984741211,35600
2026-06-03 15:15:00+00:00,TOTS3.SA,34.15999984741211,34.25,34.15999984741211,34.20000076293945,205800
2026-06-03 15:20:00+00:00,TOTS3.SA,34.20000076293945,34.2400016784668,34.18000030517578,34.220001220703125,40600
2026-06-03 15:25:00+00:00,TOTS3.SA,34.209999084472656,34.2599983215332,34.20000076293945,34.25,130800
2026-06-03 15:30:00+00:00,TOTS3.SA,34.25,34.25,34.18000030517578,34.209999084472656,47900
2026-06-03 15:35:00+00:00,TOTS3.SA,34.209999084472656,34.22999954223633,33.97999954223633,34.040000915527344,276800
2026-06-03 15:40:00+00:00,TOTS3.SA,34.029998779296875,34.15999984741211,34.0,34.150001525878906,37500
2026-06-03 15:45:00+00:00,TOTS3.SA,34.150001525878906,34.18000030517578,34.099998474121094,34.099998474121094,48300
2026-06-03 15:50:00+00:00,TOTS3.SA,34.09000015258789,34.119998931884766,34.04999923706055,34.04999923706055,38500
2026-06-03 15:55:00+00:00,TOTS3.SA,34.060001373291016,34.15999984741211,34.04999923706055,34.15999984741211,100800
2026-06-03 16:00:00+00:00,TOTS3.SA,34.15999984741211,34.15999984741211,33.97999954223633,34.029998779296875,36500
2026-06-03 16:05:00+00:00,TOTS3.SA,34.040000915527344,34.09000015258789,34.0,34.08000183105469,36600
2026-06-03 16:10:00+00:00,TOTS3.SA,34.09000015258789,34.09000015258789,33.86000061035156,33.939998626708984,180600
2026-06-03 16:15:00+00:00,TOTS3.SA,33.91999816894531,33.93000030517578,33.81999969482422,33.81999969482422,31100
2026-06-03 16:20:00+00:00,TOTS3.SA,33.810001373291016,33.849998474121094,33.5,33.5,317600
2026-06-03 16:25:00+00:00,TOTS3.SA,33.5,33.5,33.380001068115234,33.380001068115234,29300
2026-06-03 16:30:00+00:00,TOTS3.SA,33.380001068115234,33.380001068115234,33.25,33.27000045776367,37400
2026-06-03 16:35:00+00:00,TOTS3.SA,33.27000045776367,33.290000915527344,33.150001525878906,33.15999984741211,35600
2026-06-03 16:40:00+00:00,TOTS3.SA,33.15999984741211,33.209999084472656,33.04999923706055,33.18000030517578,72300
2026-06-03 16:45:00+00:00,TOTS3.SA,33.18000030517578,33.2400016784668,33.18000030517578,33.20000076293945,50100
2026-06-03 16:50:00+00:00,TOTS3.SA,33.20000076293945,33.2400016784668,33.189998626708984,33.22999954223633,73500
2026-06-03 16:55:00+00:00,TOTS3.SA,33.22999954223633,33.2599983215332,33.189998626708984,33.25,31600
2026-06-03 17:00:00+00:00,TOTS3.SA,33.25,33.29999923706055,33.25,33.279998779296875,24300
2026-06-03 17:05:00+00:00,TOTS3.SA,33.279998779296875,33.29999923706055,33.2400016784668,33.27000045776367,78100
2026-06-03 17:10:00+00:00,TOTS3.SA,33.27000045776367,33.27000045776367,33.220001220703125,33.22999954223633,36200
2026-06-03 17:15:00+00:00,TOTS3.SA,33.22999954223633,33.27000045776367,33.15999984741211,33.15999984741211,60100
2026-06-03 17:20:00+00:00,TOTS3.SA,33.15999984741211,33.15999984741211,33.040000915527344,33.150001525878906,323800
2026-06-03 17:25:00+00:00,TOTS3.SA,33.15999984741211,33.22999954223633,33.13999938964844,33.209999084472656,112500
2026-06-03 17:30:00+00:00,TOTS3.SA,33.209999084472656,33.36000061035156,33.209999084472656,33.349998474121094,52600
2026-06-03 17:35:00+00:00,TOTS3.SA,33.34000015258789,33.349998474121094,33.29999923706055,33.310001373291016,51300
2026-06-03 17:40:00+00:00,TOTS3.SA,33.29999923706055,33.33000183105469,33.279998779296875,33.29999923706055,30800
2026-06-03 17:45:00+00:00,TOTS3.SA,33.290000915527344,33.290000915527344,33.18000030517578,33.20000076293945,40800
2026-06-03 17:50:00+00:00,TOTS3.SA,33.20000076293945,33.2400016784668,33.189998626708984,33.220001220703125,34500
2026-06-03 17:55:00+00:00,TOTS3.SA,33.220001220703125,33.220001220703125,33.099998474121094,33.119998931884766,39900
2026-06-03 18:00:00+00:00,TOTS3.SA,33.130001068115234,33.150001525878906,33.099998474121094,33.119998931884766,80900
2026-06-03 18:05:00+00:00,TOTS3.SA,33.119998931884766,33.13999938964844,33.099998474121094,33.130001068115234,110600
2026-06-03 18:10:00+00:00,TOTS3.SA,33.130001068115234,33.130001068115234,33.099998474121094,33.130001068115234,43900
2026-06-03 18:15:00+00:00,TOTS3.SA,33.119998931884766,33.25,33.099998474121094,33.220001220703125,102300
2026-06-03 18:20:00+00:00,TOTS3.SA,33.209999084472656,33.220001220703125,33.15999984741211,33.189998626708984,41400
2026-06-03 18:25:00+00:00,TOTS3.SA,33.16999816894531,33.2599983215332,33.15999984741211,33.18000030517578,54500
2026-06-03 18:30:00+00:00,TOTS3.SA,33.18000030517578,33.20000076293945,33.11000061035156,33.11000061035156,46900
2026-06-03 18:35:00+00:00,TOTS3.SA,33.11000061035156,33.16999816894531,33.099998474121094,33.15999984741211,55100
2026-06-03 18:40:00+00:00,TOTS3.SA,33.15999984741211,33.18000030517578,33.119998931884766,33.13999938964844,53200
2026-06-03 18:45:00+00:00,TOTS3.SA,33.13999938964844,33.15999984741211,33.119998931884766,33.13999938964844,43800
2026-06-03 18:50:00+00:00,TOTS3.SA,33.13999938964844,33.22999954223633,33.119998931884766,33.22999954223633,57400
2026-06-03 18:55:00+00:00,TOTS3.SA,33.22999954223633,33.25,33.20000076293945,33.22999954223633,37200
2026-06-03 19:00:00+00:00,TOTS3.SA,33.220001220703125,33.2599983215332,33.20000076293945,33.209999084472656,35000
2026-06-03 19:05:00+00:00,TOTS3.SA,33.20000076293945,33.349998474121094,33.15999984741211,33.290000915527344,114400
2026-06-03 19:10:00+00:00,TOTS3.SA,33.290000915527344,33.290000915527344,33.13999938964844,33.15999984741211,86100
2026-06-03 19:15:00+00:00,TOTS3.SA,33.16999816894531,33.2599983215332,33.16999816894531,33.2400016784668,97600
2026-06-03 19:20:00+00:00,TOTS3.SA,33.2400016784668,33.310001373291016,33.2400016784668,33.310001373291016,68200
2026-06-03 19:25:00+00:00,TOTS3.SA,33.29999923706055,33.29999923706055,33.25,33.2599983215332,79000
2026-06-03 19:30:00+00:00,TOTS3.SA,33.25,33.31999969482422,33.22999954223633,33.31999969482422,83700
2026-06-03 19:35:00+00:00,TOTS3.SA,33.31999969482422,33.36000061035156,33.22999954223633,33.27000045776367,138900
2026-06-03 19:40:00+00:00,TOTS3.SA,33.27000045776367,33.33000183105469,33.25,33.29999923706055,176400
2026-06-03 19:45:00+00:00,TOTS3.SA,33.290000915527344,33.4900016784668,33.290000915527344,33.459999084472656,253600
2026-06-03 19:50:00+00:00,TOTS3.SA,33.459999084472656,33.59000015258789,33.41999816894531,33.459999084472656,229300
2026-06-05 13:05:00+00:00,TOTS3.SA,33.619998931884766,33.97999954223633,33.5,33.81999969482422,38800
2026-06-05 13:10:00+00:00,TOTS3.SA,33.849998474121094,34.220001220703125,33.790000915527344,34.0099983215332,116600
2026-06-05 13:15:00+00:00,TOTS3.SA,33.970001220703125,34.02000045776367,33.880001068115234,33.970001220703125,81000
2026-06-05 13:20:00+00:00,TOTS3.SA,33.97999954223633,34.09000015258789,33.900001525878906,33.93000030517578,30600
2026-06-05 13:25:00+00:00,TOTS3.SA,33.939998626708984,33.95000076293945,33.81999969482422,33.83000183105469,26700
2026-06-05 13:30:00+00:00,TOTS3.SA,33.84000015258789,33.93000030517578,33.7599983215332,33.84000015258789,138200
2026-06-05 13:35:00+00:00,TOTS3.SA,33.84000015258789,33.90999984741211,33.65999984741211,33.86000061035156,58500
2026-06-05 13:40:00+00:00,TOTS3.SA,33.83000183105469,34.04999923706055,33.83000183105469,34.0099983215332,192300
2026-06-05 13:45:00+00:00,TOTS3.SA,34.0,34.099998474121094,33.970001220703125,34.02000045776367,74900
2026-06-05 13:50:00+00:00,TOTS3.SA,34.02000045776367,34.279998779296875,34.0099983215332,34.25,66500
2026-06-05 13:55:00+00:00,TOTS3.SA,34.2400016784668,34.36000061035156,34.22999954223633,34.31999969482422,36200
2026-06-05 14:00:00+00:00,TOTS3.SA,34.31999969482422,34.45000076293945,34.2599983215332,34.36000061035156,50000
2026-06-05 14:05:00+00:00,TOTS3.SA,34.349998474121094,34.40999984741211,34.2599983215332,34.31999969482422,39600
2026-06-05 14:10:00+00:00,TOTS3.SA,34.31999969482422,34.369998931884766,34.2400016784668,34.25,39000
2026-06-05 14:15:00+00:00,TOTS3.SA,34.2599983215332,34.29999923706055,34.22999954223633,34.29999923706055,31300
2026-06-05 14:20:00+00:00,TOTS3.SA,34.29999923706055,34.29999923706055,34.040000915527344,34.11000061035156,94800
2026-06-05 14:25:00+00:00,TOTS3.SA,34.11000061035156,34.130001068115234,33.959999084472656,34.130001068115234,77200
2026-06-05 14:30:00+00:00,TOTS3.SA,34.130001068115234,34.279998779296875,34.130001068115234,34.209999084472656,43200
2026-06-05 14:35:00+00:00,TOTS3.SA,34.209999084472656,34.22999954223633,34.029998779296875,34.040000915527344,37000
2026-06-05 14:40:00+00:00,TOTS3.SA,34.040000915527344,34.09000015258789,33.9900016784668,34.0,26200
2026-06-05 14:45:00+00:00,TOTS3.SA,34.0099983215332,34.099998474121094,34.0099983215332,34.02000045776367,60100
2026-06-05 14:50:00+00:00,TOTS3.SA,34.02000045776367,34.060001373291016,34.02000045776367,34.04999923706055,15500
2026-06-05 14:55:00+00:00,TOTS3.SA,34.04999923706055,34.06999969482422,33.9900016784668,34.04999923706055,31400
2026-06-05 15:00:00+00:00,TOTS3.SA,34.04999923706055,34.099998474121094,34.04999923706055,34.06999969482422,28100
2026-06-05 15:05:00+00:00,TOTS3.SA,34.06999969482422,34.130001068115234,34.04999923706055,34.09000015258789,23700
2026-06-05 15:10:00+00:00,TOTS3.SA,34.099998474121094,34.11000061035156,34.0099983215332,34.02000045776367,88100
2026-06-05 15:15:00+00:00,TOTS3.SA,34.02000045776367,34.060001373291016,34.0,34.02000045776367,20700
2026-06-05 15:20:00+00:00,TOTS3.SA,34.0099983215332,34.029998779296875,33.79999923706055,33.79999923706055,89600
2026-06-05 15:25:00+00:00,TOTS3.SA,33.79999923706055,33.959999084472656,33.77000045776367,33.939998626708984,121300
2026-06-05 15:30:00+00:00,TOTS3.SA,33.939998626708984,33.959999084472656,33.72999954223633,33.77000045776367,69400
2026-06-05 15:35:00+00:00,TOTS3.SA,33.77000045776367,33.790000915527344,33.599998474121094,33.689998626708984,105300
2026-06-05 15:40:00+00:00,TOTS3.SA,33.70000076293945,33.81999969482422,33.650001525878906,33.779998779296875,180200
2026-06-05 15:45:00+00:00,TOTS3.SA,33.779998779296875,33.779998779296875,33.66999816894531,33.7599983215332,195400
2026-06-05 15:50:00+00:00,TOTS3.SA,33.7599983215332,33.810001373291016,33.72999954223633,33.79999923706055,93800
2026-06-05 15:55:00+00:00,TOTS3.SA,33.79999923706055,33.81999969482422,33.72999954223633,33.75,35800
2026-06-05 16:00:00+00:00,TOTS3.SA,33.75,33.779998779296875,33.72999954223633,33.75,57800
2026-06-05 16:05:00+00:00,TOTS3.SA,33.75,33.79999923706055,33.72999954223633,33.75,263700
2026-06-05 16:10:00+00:00,TOTS3.SA,33.7599983215332,33.84000015258789,33.7599983215332,33.790000915527344,34800
2026-06-05 16:15:00+00:00,TOTS3.SA,33.79999923706055,33.81999969482422,33.779998779296875,33.810001373291016,20900
2026-06-05 16:20:00+00:00,TOTS3.SA,33.790000915527344,33.81999969482422,33.75,33.790000915527344,37900
2026-06-05 16:25:00+00:00,TOTS3.SA,33.810001373291016,33.81999969482422,33.790000915527344,33.810001373291016,12400
2026-06-05 16:30:00+00:00,TOTS3.SA,33.810001373291016,33.869998931884766,33.779998779296875,33.86000061035156,27200
2026-06-05 16:35:00+00:00,TOTS3.SA,33.86000061035156,33.86000061035156,33.790000915527344,33.79999923706055,25400
2026-06-05 16:40:00+00:00,TOTS3.SA,33.79999923706055,33.810001373291016,33.7599983215332,33.79999923706055,24500
2026-06-05 16:45:00+00:00,TOTS3.SA,33.79999923706055,33.81999969482422,33.77000045776367,33.779998779296875,28900
2026-06-05 16:50:00+00:00,TOTS3.SA,33.779998779296875,33.880001068115234,33.77000045776367,33.880001068115234,20500
2026-06-05 16:55:00+00:00,TOTS3.SA,33.880001068115234,33.90999984741211,33.849998474121094,33.88999938964844,26900
2026-06-05 17:00:00+00:00,TOTS3.SA,33.90999984741211,33.90999984741211,33.81999969482422,33.86000061035156,38500
2026-06-05 17:05:00+00:00,TOTS3.SA,33.869998931884766,33.88999938964844,33.84000015258789,33.86000061035156,23600
2026-06-05 17:10:00+00:00,TOTS3.SA,33.869998931884766,33.869998931884766,33.79999923706055,33.79999923706055,42500
2026-06-05 17:15:00+00:00,TOTS3.SA,33.79999923706055,33.81999969482422,33.54999923706055,33.56999969482422,189500
2026-06-05 17:20:00+00:00,TOTS3.SA,33.560001373291016,33.689998626708984,33.560001373291016,33.630001068115234,81200
2026-06-05 17:25:00+00:00,TOTS3.SA,33.63999938964844,33.68000030517578,33.630001068115234,33.650001525878906,39200
2026-06-05 17:30:00+00:00,TOTS3.SA,33.66999816894531,33.709999084472656,33.63999938964844,33.689998626708984,48700
2026-06-05 17:35:00+00:00,TOTS3.SA,33.689998626708984,33.7599983215332,33.63999938964844,33.7599983215332,109300
2026-06-05 17:40:00+00:00,TOTS3.SA,33.75,33.790000915527344,33.47999954223633,33.47999954223633,99900
2026-06-05 17:45:00+00:00,TOTS3.SA,33.4900016784668,33.599998474121094,33.45000076293945,33.560001373291016,58600
2026-06-05 17:50:00+00:00,TOTS3.SA,33.560001373291016,33.61000061035156,33.52000045776367,33.56999969482422,67500
2026-06-05 17:55:00+00:00,TOTS3.SA,33.56999969482422,33.599998474121094,33.52000045776367,33.59000015258789,53300
2026-06-05 18:00:00+00:00,TOTS3.SA,33.599998474121094,33.61000061035156,33.459999084472656,33.470001220703125,42600
2026-06-05 18:05:00+00:00,TOTS3.SA,33.470001220703125,33.47999954223633,33.45000076293945,33.470001220703125,23100
2026-06-05 18:10:00+00:00,TOTS3.SA,33.459999084472656,33.4900016784668,33.41999816894531,33.439998626708984,50000
2026-06-05 18:15:00+00:00,TOTS3.SA,33.43000030517578,33.43000030517578,33.34000015258789,33.34000015258789,76500
2026-06-05 18:20:00+00:00,TOTS3.SA,33.349998474121094,33.40999984741211,33.33000183105469,33.33000183105469,31200
2026-06-05 18:25:00+00:00,TOTS3.SA,33.34000015258789,33.34000015258789,33.290000915527344,33.33000183105469,28000
2026-06-05 18:30:00+00:00,TOTS3.SA,33.33000183105469,33.36000061035156,33.310001373291016,33.349998474121094,29200
2026-06-05 18:35:00+00:00,TOTS3.SA,33.349998474121094,33.349998474121094,33.31999969482422,33.34000015258789,25200
2026-06-05 18:40:00+00:00,TOTS3.SA,33.34000015258789,33.349998474121094,33.29999923706055,33.349998474121094,30700
2026-06-05 18:45:00+00:00,TOTS3.SA,33.34000015258789,33.439998626708984,33.31999969482422,33.41999816894531,43900
2026-06-05 18:50:00+00:00,TOTS3.SA,33.41999816894531,33.41999816894531,33.20000076293945,33.20000076293945,46900
2026-06-05 18:55:00+00:00,TOTS3.SA,33.20000076293945,33.27000045776367,33.15999984741211,33.189998626708984,52300
2026-06-05 19:00:00+00:00,TOTS3.SA,33.16999816894531,33.189998626708984,33.13999938964844,33.16999816894531,41900
2026-06-05 19:05:00+00:00,TOTS3.SA,33.16999816894531,33.20000076293945,33.13999938964844,33.16999816894531,46300
2026-06-05 19:10:00+00:00,TOTS3.SA,33.16999816894531,33.220001220703125,33.13999938964844,33.18000030517578,60700
2026-06-05 19:15:00+00:00,TOTS3.SA,33.18000030517578,33.18000030517578,33.119998931884766,33.119998931884766,47100
2026-06-05 19:20:00+00:00,TOTS3.SA,33.13999938964844,33.16999816894531,33.08000183105469,33.08000183105469,45200
2026-06-05 19:25:00+00:00,TOTS3.SA,33.09000015258789,33.130001068115234,33.09000015258789,33.119998931884766,54600
2026-06-05 19:30:00+00:00,TOTS3.SA,33.119998931884766,33.130001068115234,33.08000183105469,33.099998474121094,52700
2026-06-05 19:35:00+00:00,TOTS3.SA,33.09000015258789,33.119998931884766,33.09000015258789,33.119998931884766,59100
2026-06-05 19:40:00+00:00,TOTS3.SA,33.119998931884766,33.2599983215332,33.0099983215332,33.15999984741211,253700
2026-06-05 19:45:00+00:00,TOTS3.SA,33.150001525878906,33.209999084472656,33.13999938964844,33.150001525878906,60500
2026-06-05 19:50:00+00:00,TOTS3.SA,33.15999984741211,33.2599983215332,33.09000015258789,33.2599983215332,81400
2026-06-08 13:05:00+00:00,TOTS3.SA,32.81999969482422,33.22999954223633,32.790000915527344,33.189998626708984,25300
2026-06-08 13:10:00+00:00,TOTS3.SA,33.16999816894531,33.34000015258789,33.150001525878906,33.25,27000
2026-06-08 13:15:00+00:00,TOTS3.SA,33.25,33.369998931884766,33.189998626708984,33.369998931884766,55800
2026-06-08 13:20:00+00:00,TOTS3.SA,33.369998931884766,33.5099983215332,33.349998474121094,33.5099983215332,33600
2026-06-08 13:25:00+00:00,TOTS3.SA,33.5099983215332,33.560001373291016,33.470001220703125,33.529998779296875,56000
2026-06-08 13:30:00+00:00,TOTS3.SA,33.529998779296875,33.68000030517578,33.52000045776367,33.65999984741211,28900
2026-06-08 13:35:00+00:00,TOTS3.SA,33.650001525878906,33.68000030517578,33.560001373291016,33.63999938964844,43200
2026-06-08 13:40:00+00:00,TOTS3.SA,33.630001068115234,33.650001525878906,33.5,33.5,36700
2026-06-08 13:45:00+00:00,TOTS3.SA,33.5,33.560001373291016,33.47999954223633,33.47999954223633,48700
2026-06-08 13:50:00+00:00,TOTS3.SA,33.47999954223633,33.56999969482422,33.47999954223633,33.540000915527344,33800
2026-06-08 13:55:00+00:00,TOTS3.SA,33.540000915527344,33.54999923706055,33.41999816894531,33.459999084472656,20100
2026-06-08 14:00:00+00:00,TOTS3.SA,33.459999084472656,33.459999084472656,33.34000015258789,33.349998474121094,21600
2026-06-08 14:05:00+00:00,TOTS3.SA,33.34000015258789,33.41999816894531,33.27000045776367,33.349998474121094,45300
2026-06-08 14:10:00+00:00,TOTS3.SA,33.36000061035156,33.380001068115234,33.290000915527344,33.34000015258789,21300
2026-06-08 14:15:00+00:00,TOTS3.SA,33.33000183105469,33.41999816894531,33.33000183105469,33.40999984741211,15600
2026-06-08 14:20:00+00:00,TOTS3.SA,33.40999984741211,33.459999084472656,33.38999938964844,33.45000076293945,18700
2026-06-08 14:25:00+00:00,TOTS3.SA,33.439998626708984,33.56999969482422,33.43000030517578,33.56999969482422,106600
2026-06-08 14:30:00+00:00,TOTS3.SA,33.560001373291016,33.599998474121094,33.459999084472656,33.459999084472656,99900
2026-06-08 14:35:00+00:00,TOTS3.SA,33.47999954223633,33.540000915527344,33.43000030517578,33.4900016784668,56100
2026-06-08 14:40:00+00:00,TOTS3.SA,33.4900016784668,33.540000915527344,33.41999816894531,33.4900016784668,56100
2026-06-08 14:45:00+00:00,TOTS3.SA,33.4900016784668,33.5099983215332,33.400001525878906,33.400001525878906,29800
2026-06-08 14:50:00+00:00,TOTS3.SA,33.400001525878906,33.43000030517578,33.36000061035156,33.41999816894531,22300
2026-06-08 14:55:00+00:00,TOTS3.SA,33.43000030517578,33.540000915527344,33.41999816894531,33.5,28200
2026-06-08 15:00:00+00:00,TOTS3.SA,33.52000045776367,33.54999923706055,33.47999954223633,33.47999954223633,14100
2026-06-08 15:05:00+00:00,TOTS3.SA,33.47999954223633,33.560001373291016,33.47999954223633,33.54999923706055,13700
2026-06-08 15:10:00+00:00,TOTS3.SA,33.560001373291016,33.56999969482422,33.45000076293945,33.45000076293945,17700
2026-06-08 15:15:00+00:00,TOTS3.SA,33.45000076293945,33.470001220703125,33.400001525878906,33.43000030517578,16500
2026-06-08 15:20:00+00:00,TOTS3.SA,33.41999816894531,33.45000076293945,33.34000015258789,33.38999938964844,23100
2026-06-08 15:25:00+00:00,TOTS3.SA,33.380001068115234,33.380001068115234,33.2599983215332,33.279998779296875,9400
2026-06-08 15:30:00+00:00,TOTS3.SA,33.279998779296875,33.34000015258789,33.2400016784668,33.33000183105469,26800
2026-06-08 15:35:00+00:00,TOTS3.SA,33.33000183105469,33.349998474121094,33.31999969482422,33.33000183105469,7700
2026-06-08 15:40:00+00:00,TOTS3.SA,33.34000015258789,33.34000015258789,33.25,33.27000045776367,11400
2026-06-08 15:45:00+00:00,TOTS3.SA,33.27000045776367,33.279998779296875,33.220001220703125,33.27000045776367,9700
2026-06-08 15:50:00+00:00,TOTS3.SA,33.2599983215332,33.310001373291016,33.2400016784668,33.290000915527344,17000
2026-06-08 15:55:00+00:00,TOTS3.SA,33.290000915527344,33.29999923706055,33.13999938964844,33.15999984741211,23300
2026-06-08 16:00:00+00:00,TOTS3.SA,33.13999938964844,33.13999938964844,33.060001373291016,33.09000015258789,15900
2026-06-08 16:05:00+00:00,TOTS3.SA,33.08000183105469,33.099998474121094,33.0,33.029998779296875,49600
2026-06-08 16:10:00+00:00,TOTS3.SA,33.029998779296875,33.060001373291016,33.0099983215332,33.029998779296875,12200
2026-06-08 16:15:00+00:00,TOTS3.SA,33.040000915527344,33.04999923706055,33.0,33.04999923706055,9900
2026-06-08 16:20:00+00:00,TOTS3.SA,33.040000915527344,33.040000915527344,32.9900016784668,33.0099983215332,12200
2026-06-08 16:25:00+00:00,TOTS3.SA,33.0099983215332,33.02000045776367,32.97999954223633,32.97999954223633,14400
2026-06-08 16:30:00+00:00,TOTS3.SA,32.9900016784668,33.0,32.95000076293945,32.959999084472656,7500
2026-06-08 16:35:00+00:00,TOTS3.SA,32.959999084472656,32.970001220703125,32.91999816894531,32.91999816894531,21300
2026-06-08 16:40:00+00:00,TOTS3.SA,32.93000030517578,32.939998626708984,32.90999984741211,32.90999984741211,7600
2026-06-08 16:45:00+00:00,TOTS3.SA,32.900001525878906,32.95000076293945,32.88999938964844,32.939998626708984,11200
2026-06-08 16:50:00+00:00,TOTS3.SA,32.93000030517578,32.95000076293945,32.90999984741211,32.90999984741211,12200
2026-06-08 16:55:00+00:00,TOTS3.SA,32.90999984741211,32.93000030517578,32.88999938964844,32.900001525878906,15900
2026-06-08 17:00:00+00:00,TOTS3.SA,32.88999938964844,32.900001525878906,32.81999969482422,32.84000015258789,24100
2026-06-08 17:05:00+00:00,TOTS3.SA,32.83000183105469,32.880001068115234,32.83000183105469,32.849998474121094,10400
2026-06-08 17:10:00+00:00,TOTS3.SA,32.849998474121094,32.849998474121094,32.790000915527344,32.810001373291016,23300
2026-06-08 17:15:00+00:00,TOTS3.SA,32.810001373291016,32.83000183105469,32.540000915527344,32.619998931884766,162900
2026-06-08 17:20:00+00:00,TOTS3.SA,32.619998931884766,32.68000030517578,32.58000183105469,32.68000030517578,27200
2026-06-08 17:25:00+00:00,TOTS3.SA,32.65999984741211,32.68000030517578,32.619998931884766,32.650001525878906,28200
2026-06-08 17:30:00+00:00,TOTS3.SA,32.63999938964844,32.66999816894531,32.61000061035156,32.66999816894531,28400
2026-06-08 17:35:00+00:00,TOTS3.SA,32.66999816894531,32.70000076293945,32.63999938964844,32.66999816894531,16700
2026-06-08 17:40:00+00:00,TOTS3.SA,32.66999816894531,32.68000030517578,32.63999938964844,32.65999984741211,21300
2026-06-08 17:45:00+00:00,TOTS3.SA,32.65999984741211,32.709999084472656,32.63999938964844,32.709999084472656,15800
2026-06-08 17:50:00+00:00,TOTS3.SA,32.709999084472656,32.709999084472656,32.65999984741211,32.66999816894531,44800
2026-06-08 17:55:00+00:00,TOTS3.SA,32.68000030517578,32.68000030517578,32.52000045776367,32.529998779296875,70400
2026-06-08 18:00:00+00:00,TOTS3.SA,32.54999923706055,32.560001373291016,32.4900016784668,32.5099983215332,34300
2026-06-08 18:05:00+00:00,TOTS3.SA,32.529998779296875,32.599998474121094,32.529998779296875,32.58000183105469,39900
2026-06-08 18:10:00+00:00,TOTS3.SA,32.59000015258789,32.650001525878906,32.52000045776367,32.650001525878906,42000
2026-06-08 18:15:00+00:00,TOTS3.SA,32.65999984741211,32.70000076293945,32.65999984741211,32.66999816894531,23500
2026-06-08 18:20:00+00:00,TOTS3.SA,32.689998626708984,32.709999084472656,32.63999938964844,32.66999816894531,36200
2026-06-08 18:25:00+00:00,TOTS3.SA,32.689998626708984,32.720001220703125,32.65999984741211,32.70000076293945,40200
2026-06-08 18:30:00+00:00,TOTS3.SA,32.68000030517578,32.709999084472656,32.650001525878906,32.66999816894531,47400
2026-06-08 18:35:00+00:00,TOTS3.SA,32.65999984741211,32.689998626708984,32.619998931884766,32.630001068115234,48600
2026-06-08 18:40:00+00:00,TOTS3.SA,32.63999938964844,32.65999984741211,32.619998931884766,32.65999984741211,35400
2026-06-08 18:45:00+00:00,TOTS3.SA,32.650001525878906,32.65999984741211,32.619998931884766,32.630001068115234,31500
2026-06-08 18:50:00+00:00,TOTS3.SA,32.63999938964844,32.63999938964844,32.61000061035156,32.619998931884766,39900
2026-06-08 18:55:00+00:00,TOTS3.SA,32.63999938964844,32.650001525878906,32.599998474121094,32.61000061035156,49400
2026-06-08 19:00:00+00:00,TOTS3.SA,32.61000061035156,32.619998931884766,32.47999954223633,32.54999923706055,106900
2026-06-08 19:05:00+00:00,TOTS3.SA,32.540000915527344,32.560001373291016,32.5099983215332,32.529998779296875,31900
2026-06-08 19:10:00+00:00,TOTS3.SA,32.54999923706055,32.54999923706055,32.4900016784668,32.5099983215332,47200
2026-06-08 19:15:00+00:00,TOTS3.SA,32.5099983215332,32.529998779296875,32.470001220703125,32.47999954223633,41400
2026-06-08 19:20:00+00:00,TOTS3.SA,32.5,32.5,32.439998626708984,32.459999084472656,37000
2026-06-08 19:25:00+00:00,TOTS3.SA,32.459999084472656,32.4900016784668,32.400001525878906,32.470001220703125,47900
2026-06-08 19:30:00+00:00,TOTS3.SA,32.470001220703125,32.529998779296875,32.470001220703125,32.470001220703125,26500
2026-06-08 19:35:00+00:00,TOTS3.SA,32.47999954223633,32.4900016784668,32.439998626708984,32.459999084472656,27100
2026-06-08 19:40:00+00:00,TOTS3.SA,32.439998626708984,32.45000076293945,32.40999984741211,32.41999816894531,26900
2026-06-08 19:45:00+00:00,TOTS3.SA,32.43000030517578,32.459999084472656,32.36000061035156,32.40999984741211,2054400
2026-06-08 19:50:00+00:00,TOTS3.SA,32.40999984741211,32.560001373291016,32.34000015258789,32.34000015258789,92800
2026-06-09 13:00:00+00:00,TOTS3.SA,32.599998474121094,32.65999984741211,32.47999954223633,32.56999969482422,0
2026-06-09 13:05:00+00:00,TOTS3.SA,32.59000015258789,32.709999084472656,32.459999084472656,32.540000915527344,56900
2026-06-09 13:10:00+00:00,TOTS3.SA,32.5099983215332,32.54999923706055,32.16999816894531,32.4900016784668,152800
2026-06-09 13:15:00+00:00,TOTS3.SA,32.4900016784668,32.529998779296875,32.220001220703125,32.2400016784668,61900
2026-06-09 13:20:00+00:00,TOTS3.SA,32.209999084472656,32.41999816894531,32.189998626708984,32.310001373291016,83800
2026-06-09 13:25:00+00:00,TOTS3.SA,32.290000915527344,32.310001373291016,32.02000045776367,32.040000915527344,42200
2026-06-09 13:30:00+00:00,TOTS3.SA,32.040000915527344,32.16999816894531,31.979999542236328,32.150001525878906,66000
2026-06-09 13:35:00+00:00,TOTS3.SA,32.13999938964844,32.15999984741211,31.989999771118164,32.02000045776367,32400
2026-06-09 13:40:00+00:00,TOTS3.SA,32.0,32.02000045776367,31.920000076293945,31.950000762939453,33700
2026-06-09 13:45:00+00:00,TOTS3.SA,31.950000762939453,32.04999923706055,31.90999984741211,31.979999542236328,36800
2026-06-09 13:50:00+00:00,TOTS3.SA,31.959999084472656,32.0,31.93000030517578,31.959999084472656,32100
2026-06-09 13:55:00+00:00,TOTS3.SA,31.959999084472656,31.969999313354492,31.889999389648438,31.90999984741211,25300
2026-06-09 14:00:00+00:00,TOTS3.SA,31.90999984741211,32.04999923706055,31.8799991607666,32.040000915527344,84700
2026-06-09 14:05:00+00:00,TOTS3.SA,32.040000915527344,32.130001068115234,32.0,32.02000045776367,87900
2026-06-09 14:10:00+00:00,TOTS3.SA,32.0,32.08000183105469,32.0,32.040000915527344,60100
2026-06-09 14:15:00+00:00,TOTS3.SA,32.040000915527344,32.099998474121094,32.0,32.02000045776367,54900
2026-06-09 14:20:00+00:00,TOTS3.SA,32.029998779296875,32.119998931884766,32.02000045776367,32.11000061035156,35600
2026-06-09 14:25:00+00:00,TOTS3.SA,32.11000061035156,32.130001068115234,32.040000915527344,32.130001068115234,29600
2026-06-09 14:30:00+00:00,TOTS3.SA,32.130001068115234,32.150001525878906,32.0,32.09000015258789,26200
2026-06-09 14:35:00+00:00,TOTS3.SA,32.08000183105469,32.08000183105469,32.02000045776367,32.040000915527344,37500
2026-06-09 14:40:00+00:00,TOTS3.SA,32.04999923706055,32.04999923706055,31.899999618530273,31.93000030517578,41900
2026-06-09 14:45:00+00:00,TOTS3.SA,31.93000030517578,31.93000030517578,31.760000228881836,31.760000228881836,52900
2026-06-09 14:50:00+00:00,TOTS3.SA,31.780000686645508,31.84000015258789,31.649999618530273,31.729999542236328,156500
2026-06-09 14:55:00+00:00,TOTS3.SA,31.739999771118164,31.75,31.649999618530273,31.649999618530273,41200
2026-06-09 15:00:00+00:00,TOTS3.SA,31.649999618530273,31.729999542236328,31.639999389648438,31.690000534057617,26600
2026-06-09 15:05:00+00:00,TOTS3.SA,31.690000534057617,31.790000915527344,31.649999618530273,31.760000228881836,26800
2026-06-09 15:10:00+00:00,TOTS3.SA,31.760000228881836,31.93000030517578,31.709999084472656,31.93000030517578,63700
2026-06-09 15:15:00+00:00,TOTS3.SA,31.93000030517578,31.950000762939453,31.8799991607666,31.93000030517578,28200
2026-06-09 15:20:00+00:00,TOTS3.SA,31.950000762939453,31.979999542236328,31.84000015258789,31.860000610351562,27700
2026-06-09 15:25:00+00:00,TOTS3.SA,31.850000381469727,31.860000610351562,31.729999542236328,31.770000457763672,26000
2026-06-09 15:30:00+00:00,TOTS3.SA,31.770000457763672,31.770000457763672,31.719999313354492,31.739999771118164,23100
2026-06-09 15:35:00+00:00,TOTS3.SA,31.719999313354492,31.770000457763672,31.68000030517578,31.739999771118164,46500
2026-06-09 15:40:00+00:00,TOTS3.SA,31.75,31.760000228881836,31.68000030517578,31.709999084472656,283800
2026-06-09 15:45:00+00:00,TOTS3.SA,31.690000534057617,31.690000534057617,31.440000534057617,31.479999542236328,80100
2026-06-09 15:50:00+00:00,TOTS3.SA,31.479999542236328,31.510000228881836,31.399999618530273,31.459999084472656,42500
2026-06-09 15:55:00+00:00,TOTS3.SA,31.440000534057617,31.459999084472656,31.229999542236328,31.270000457763672,172600
2026-06-09 16:00:00+00:00,TOTS3.SA,31.270000457763672,31.299999237060547,31.200000762939453,31.229999542236328,138700
2026-06-09 16:05:00+00:00,TOTS3.SA,31.239999771118164,31.3700008392334,31.219999313354492,31.34000015258789,61100
2026-06-09 16:10:00+00:00,TOTS3.SA,31.34000015258789,31.350000381469727,31.280000686645508,31.34000015258789,24300
2026-06-09 16:15:00+00:00,TOTS3.SA,31.329999923706055,31.399999618530273,31.329999923706055,31.3799991607666,48100
2026-06-09 16:20:00+00:00,TOTS3.SA,31.389999389648438,31.540000915527344,31.3700008392334,31.520000457763672,140000
2026-06-09 16:25:00+00:00,TOTS3.SA,31.510000228881836,31.559999465942383,31.5,31.540000915527344,1055400
2026-06-09 16:30:00+00:00,TOTS3.SA,31.530000686645508,31.600000381469727,31.510000228881836,31.510000228881836,34200
2026-06-09 16:35:00+00:00,TOTS3.SA,31.530000686645508,31.530000686645508,31.1299991607666,31.200000762939453,126100
2026-06-09 16:40:00+00:00,TOTS3.SA,31.190000534057617,31.290000915527344,31.110000610351562,31.290000915527344,44000
2026-06-09 16:45:00+00:00,TOTS3.SA,31.290000915527344,31.34000015258789,31.260000228881836,31.290000915527344,25600
2026-06-09 16:50:00+00:00,TOTS3.SA,31.290000915527344,31.299999237060547,31.239999771118164,31.25,22100
2026-06-09 16:55:00+00:00,TOTS3.SA,31.25,31.600000381469727,31.239999771118164,31.579999923706055,98500
2026-06-09 17:00:00+00:00,TOTS3.SA,31.579999923706055,31.649999618530273,31.579999923706055,31.639999389648438,37000
2026-06-09 17:05:00+00:00,TOTS3.SA,31.639999389648438,31.670000076293945,31.610000610351562,31.6299991607666,25800
2026-06-09 17:10:00+00:00,TOTS3.SA,31.6299991607666,31.690000534057617,31.579999923706055,31.6299991607666,43800
2026-06-09 17:15:00+00:00,TOTS3.SA,31.639999389648438,31.649999618530273,31.559999465942383,31.639999389648438,39500
2026-06-09 17:20:00+00:00,TOTS3.SA,31.610000610351562,31.65999984741211,31.579999923706055,31.6299991607666,40500
2026-06-09 17:25:00+00:00,TOTS3.SA,31.649999618530273,31.670000076293945,31.6299991607666,31.639999389648438,24000
2026-06-09 17:30:00+00:00,TOTS3.SA,31.639999389648438,31.649999618530273,31.510000228881836,31.559999465942383,48200
2026-06-09 17:35:00+00:00,TOTS3.SA,31.549999237060547,31.56999969482422,31.489999771118164,31.5,34600
2026-06-09 17:40:00+00:00,TOTS3.SA,31.510000228881836,31.559999465942383,31.469999313354492,31.5,125200
2026-06-09 17:45:00+00:00,TOTS3.SA,31.489999771118164,31.489999771118164,31.40999984741211,31.43000030517578,43400
2026-06-09 17:50:00+00:00,TOTS3.SA,31.43000030517578,31.43000030517578,31.3799991607666,31.3799991607666,21600
2026-06-09 17:55:00+00:00,TOTS3.SA,31.399999618530273,31.450000762939453,31.360000610351562,31.420000076293945,28100
2026-06-09 18:00:00+00:00,TOTS3.SA,31.420000076293945,31.43000030517578,31.360000610351562,31.40999984741211,21900
2026-06-09 18:05:00+00:00,TOTS3.SA,31.40999984741211,31.420000076293945,31.260000228881836,31.280000686645508,125000
2026-06-09 18:10:00+00:00,TOTS3.SA,31.299999237060547,31.299999237060547,31.209999084472656,31.25,25300
2026-06-09 18:15:00+00:00,TOTS3.SA,31.25,31.309999465942383,31.209999084472656,31.290000915527344,26600
2026-06-09 18:20:00+00:00,TOTS3.SA,31.290000915527344,31.290000915527344,31.18000030517578,31.229999542236328,39300
2026-06-09 18:25:00+00:00,TOTS3.SA,31.229999542236328,31.239999771118164,31.170000076293945,31.200000762939453,35800
2026-06-09 18:30:00+00:00,TOTS3.SA,31.200000762939453,31.209999084472656,31.1200008392334,31.139999389648438,50200
2026-06-09 18:35:00+00:00,TOTS3.SA,31.149999618530273,31.18000030517578,31.100000381469727,31.170000076293945,48100
2026-06-09 18:40:00+00:00,TOTS3.SA,31.18000030517578,31.280000686645508,31.139999389648438,31.18000030517578,185000
2026-06-09 18:45:00+00:00,TOTS3.SA,31.18000030517578,31.239999771118164,31.18000030517578,31.239999771118164,47400
2026-06-09 18:50:00+00:00,TOTS3.SA,31.239999771118164,31.299999237060547,31.229999542236328,31.270000457763672,30800
2026-06-09 18:55:00+00:00,TOTS3.SA,31.280000686645508,31.34000015258789,31.239999771118164,31.280000686645508,119400
2026-06-09 19:00:00+00:00,TOTS3.SA,31.280000686645508,31.43000030517578,31.229999542236328,31.420000076293945,133100
2026-06-09 19:05:00+00:00,TOTS3.SA,31.43000030517578,31.440000534057617,31.34000015258789,31.360000610351562,21600
2026-06-09 19:10:00+00:00,TOTS3.SA,31.34000015258789,31.3700008392334,31.229999542236328,31.229999542236328,31600
2026-06-09 19:15:00+00:00,TOTS3.SA,31.239999771118164,31.239999771118164,31.200000762939453,31.219999313354492,39700
2026-06-09 19:20:00+00:00,TOTS3.SA,31.200000762939453,31.229999542236328,31.149999618530273,31.15999984741211,35300
2026-06-09 19:25:00+00:00,TOTS3.SA,31.15999984741211,31.18000030517578,31.1299991607666,31.139999389648438,40400
2026-06-09 19:30:00+00:00,TOTS3.SA,31.1299991607666,31.149999618530273,31.09000015258789,31.100000381469727,45500
2026-06-09 19:35:00+00:00,TOTS3.SA,31.110000610351562,31.139999389648438,31.049999237060547,31.06999969482422,84600
2026-06-09 19:40:00+00:00,TOTS3.SA,31.09000015258789,31.100000381469727,31.020000457763672,31.049999237060547,68200
2026-06-09 19:45:00+00:00,TOTS3.SA,31.059999465942383,31.079999923706055,31.010000228881836,31.059999465942383,69600
2026-06-09 19:50:00+00:00,TOTS3.SA,31.06999969482422,31.149999618530273,31.06999969482422,31.100000381469727,95700
2026-06-10 13:00:00+00:00,TOTS3.SA,30.790000915527344,30.889999389648438,30.600000381469727,30.75,0
2026-06-10 13:05:00+00:00,TOTS3.SA,30.729999542236328,30.84000015258789,30.700000762939453,30.829999923706055,41200
2026-06-10 13:10:00+00:00,TOTS3.SA,30.829999923706055,30.84000015258789,30.59000015258789,30.6299991607666,49100
2026-06-10 13:15:00+00:00,TOTS3.SA,30.6299991607666,30.6299991607666,30.1299991607666,30.18000030517578,133200
2026-06-10 13:20:00+00:00,TOTS3.SA,30.200000762939453,30.260000228881836,30.010000228881836,30.229999542236328,68100
2026-06-10 13:25:00+00:00,TOTS3.SA,30.219999313354492,30.360000610351562,30.200000762939453,30.260000228881836,61400
2026-06-10 13:30:00+00:00,TOTS3.SA,30.25,30.399999618530273,30.229999542236328,30.31999969482422,93500
2026-06-10 13:35:00+00:00,TOTS3.SA,30.309999465942383,30.440000534057617,30.290000915527344,30.350000381469727,86500
2026-06-10 13:40:00+00:00,TOTS3.SA,30.34000015258789,30.479999542236328,30.25,30.469999313354492,59300
2026-06-10 13:45:00+00:00,TOTS3.SA,30.479999542236328,30.549999237060547,30.459999084472656,30.510000228881836,53700
2026-06-10 13:50:00+00:00,TOTS3.SA,30.479999542236328,30.530000686645508,30.440000534057617,30.459999084472656,52400
2026-06-10 13:55:00+00:00,TOTS3.SA,30.459999084472656,30.56999969482422,30.440000534057617,30.520000457763672,51600
2026-06-10 14:00:00+00:00,TOTS3.SA,30.510000228881836,30.510000228881836,30.420000076293945,30.43000030517578,43000
2026-06-10 14:05:00+00:00,TOTS3.SA,30.43000030517578,30.5,30.309999465942383,30.329999923706055,197700
2026-06-10 14:10:00+00:00,TOTS3.SA,30.31999969482422,30.420000076293945,30.290000915527344,30.329999923706055,69700
2026-06-10 14:15:00+00:00,TOTS3.SA,30.329999923706055,30.399999618530273,30.309999465942383,30.389999389648438,59000
2026-06-10 14:20:00+00:00,TOTS3.SA,30.3799991607666,30.389999389648438,30.200000762939453,30.329999923706055,69800
2026-06-10 14:25:00+00:00,TOTS3.SA,30.329999923706055,30.329999923706055,30.18000030517578,30.209999084472656,59400
2026-06-10 14:30:00+00:00,TOTS3.SA,30.200000762939453,30.329999923706055,30.139999389648438,30.329999923706055,99500
2026-06-10 14:35:00+00:00,TOTS3.SA,30.329999923706055,30.3700008392334,30.239999771118164,30.299999237060547,267000
2026-06-10 14:40:00+00:00,TOTS3.SA,30.290000915527344,30.309999465942383,30.15999984741211,30.190000534057617,63200
2026-06-10 14:45:00+00:00,TOTS3.SA,30.190000534057617,30.190000534057617,30.06999969482422,30.110000610351562,93900
2026-06-10 14:50:00+00:00,TOTS3.SA,30.110000610351562,30.149999618530273,30.09000015258789,30.1299991607666,44400
2026-06-10 14:55:00+00:00,TOTS3.SA,30.1299991607666,30.1299991607666,29.969999313354492,29.979999542236328,163000
2026-06-10 15:00:00+00:00,TOTS3.SA,29.969999313354492,29.969999313354492,29.809999465942383,29.829999923706055,72000
2026-06-10 15:05:00+00:00,TOTS3.SA,29.829999923706055,30.020000457763672,29.809999465942383,30.0,118000
2026-06-10 15:10:00+00:00,TOTS3.SA,30.0,30.030000686645508,29.959999084472656,29.979999542236328,60300
2026-06-10 15:15:00+00:00,TOTS3.SA,29.969999313354492,30.1200008392334,29.959999084472656,30.040000915527344,74300
2026-06-10 15:20:00+00:00,TOTS3.SA,30.040000915527344,30.100000381469727,30.020000457763672,30.079999923706055,68200
2026-06-10 15:25:00+00:00,TOTS3.SA,30.079999923706055,30.1200008392334,30.059999465942383,30.059999465942383,46800
2026-06-10 15:30:00+00:00,TOTS3.SA,30.059999465942383,30.059999465942383,29.989999771118164,30.010000228881836,37400
2026-06-10 15:35:00+00:00,TOTS3.SA,30.010000228881836,30.059999465942383,29.989999771118164,30.049999237060547,31800
2026-06-10 15:40:00+00:00,TOTS3.SA,30.059999465942383,30.06999969482422,29.989999771118164,30.010000228881836,41300
2026-06-10 15:45:00+00:00,TOTS3.SA,29.989999771118164,29.989999771118164,29.780000686645508,29.899999618530273,112100
2026-06-10 15:50:00+00:00,TOTS3.SA,29.889999389648438,29.969999313354492,29.81999969482422,29.959999084472656,58400
2026-06-10 15:55:00+00:00,TOTS3.SA,29.959999084472656,30.010000228881836,29.950000762939453,30.010000228881836,76100
2026-06-10 16:00:00+00:00,TOTS3.SA,30.0,30.040000915527344,29.989999771118164,30.040000915527344,50200
2026-06-10 16:05:00+00:00,TOTS3.SA,30.040000915527344,30.079999923706055,29.950000762939453,30.010000228881836,60800
2026-06-10 16:10:00+00:00,TOTS3.SA,30.010000228881836,30.079999923706055,29.989999771118164,30.040000915527344,43300
2026-06-10 16:15:00+00:00,TOTS3.SA,30.049999237060547,30.059999465942383,30.0,30.010000228881836,31700
2026-06-10 16:20:00+00:00,TOTS3.SA,30.020000457763672,30.059999465942383,29.969999313354492,29.979999542236328,84800
2026-06-10 16:25:00+00:00,TOTS3.SA,29.989999771118164,30.020000457763672,29.969999313354492,30.0,37400
2026-06-10 16:30:00+00:00,TOTS3.SA,29.989999771118164,29.989999771118164,29.950000762939453,29.979999542236328,30000
2026-06-10 16:35:00+00:00,TOTS3.SA,29.979999542236328,29.989999771118164,29.940000534057617,29.950000762939453,28900
2026-06-10 16:40:00+00:00,TOTS3.SA,29.950000762939453,29.959999084472656,29.8700008392334,29.889999389648438,47700
2026-06-10 16:45:00+00:00,TOTS3.SA,29.889999389648438,29.899999618530273,29.829999923706055,29.829999923706055,26500
2026-06-10 16:50:00+00:00,TOTS3.SA,29.829999923706055,29.850000381469727,29.739999771118164,29.75,83000
2026-06-10 16:55:00+00:00,TOTS3.SA,29.75,29.75,29.6299991607666,29.670000076293945,79000
2026-06-10 17:00:00+00:00,TOTS3.SA,29.65999984741211,29.690000534057617,29.6299991607666,29.65999984741211,50600
2026-06-10 17:05:00+00:00,TOTS3.SA,29.649999618530273,29.649999618530273,29.600000381469727,29.6200008392334,50800
2026-06-10 17:10:00+00:00,TOTS3.SA,29.610000610351562,29.65999984741211,29.520000457763672,29.520000457763672,98500
2026-06-10 17:15:00+00:00,TOTS3.SA,29.510000228881836,29.530000686645508,29.469999313354492,29.489999771118164,68800
2026-06-10 17:20:00+00:00,TOTS3.SA,29.489999771118164,29.489999771118164,29.450000762939453,29.459999084472656,46100
2026-06-10 17:25:00+00:00,TOTS3.SA,29.459999084472656,29.479999542236328,29.3799991607666,29.399999618530273,98300
2026-06-10 17:30:00+00:00,TOTS3.SA,29.40999984741211,29.40999984741211,29.350000381469727,29.360000610351562,60100
2026-06-10 17:35:00+00:00,TOTS3.SA,29.3799991607666,29.3799991607666,29.260000228881836,29.290000915527344,170300
2026-06-10 17:40:00+00:00,TOTS3.SA,29.299999237060547,29.31999969482422,29.06999969482422,29.09000015258789,159800
2026-06-10 17:45:00+00:00,TOTS3.SA,29.09000015258789,29.1200008392334,29.030000686645508,29.040000915527344,87200
2026-06-10 17:50:00+00:00,TOTS3.SA,29.059999465942383,29.079999923706055,28.940000534057617,29.040000915527344,194800
2026-06-10 17:55:00+00:00,TOTS3.SA,29.049999237060547,29.149999618530273,29.0,29.0,115200
2026-06-10 18:00:00+00:00,TOTS3.SA,29.0,29.010000228881836,28.860000610351562,28.8799991607666,117000
2026-06-10 18:05:00+00:00,TOTS3.SA,28.889999389648438,28.889999389648438,28.760000228881836,28.770000457763672,108600
2026-06-10 18:10:00+00:00,TOTS3.SA,28.760000228881836,28.790000915527344,28.600000381469727,28.600000381469727,138900
2026-06-10 18:15:00+00:00,TOTS3.SA,28.59000015258789,28.65999984741211,28.530000686645508,28.59000015258789,167700
2026-06-10 18:20:00+00:00,TOTS3.SA,28.610000610351562,28.690000534057617,28.510000228881836,28.670000076293945,106800
2026-06-10 18:25:00+00:00,TOTS3.SA,28.670000076293945,28.709999084472656,28.600000381469727,28.6299991607666,60300
2026-06-10 18:30:00+00:00,TOTS3.SA,28.639999389648438,28.719999313354492,28.639999389648438,28.719999313354492,78000
2026-06-10 18:35:00+00:00,TOTS3.SA,28.700000762939453,28.739999771118164,28.670000076293945,28.729999542236328,97400
2026-06-10 18:40:00+00:00,TOTS3.SA,28.739999771118164,28.739999771118164,28.649999618530273,28.690000534057617,124700
2026-06-10 18:45:00+00:00,TOTS3.SA,28.690000534057617,28.739999771118164,28.68000030517578,28.719999313354492,135600
2026-06-10 18:50:00+00:00,TOTS3.SA,28.729999542236328,28.729999542236328,28.6299991607666,28.690000534057617,130900
2026-06-10 18:55:00+00:00,TOTS3.SA,28.700000762939453,28.700000762939453,28.6200008392334,28.6200008392334,69200
2026-06-10 19:00:00+00:00,TOTS3.SA,28.6299991607666,28.690000534057617,28.610000610351562,28.65999984741211,80200
2026-06-10 19:05:00+00:00,TOTS3.SA,28.65999984741211,28.799999237060547,28.649999618530273,28.729999542236328,91700
2026-06-10 19:10:00+00:00,TOTS3.SA,28.729999542236328,28.75,28.670000076293945,28.690000534057617,69700
2026-06-10 19:15:00+00:00,TOTS3.SA,28.690000534057617,28.700000762939453,28.649999618530273,28.670000076293945,59300
2026-06-10 19:20:00+00:00,TOTS3.SA,28.690000534057617,28.739999771118164,28.670000076293945,28.729999542236328,83700
2026-06-10 19:25:00+00:00,TOTS3.SA,28.729999542236328,28.809999465942383,28.579999923706055,28.600000381469727,287500
2026-06-10 19:30:00+00:00,TOTS3.SA,28.600000381469727,28.600000381469727,28.43000030517578,28.469999313354492,347100
2026-06-10 19:35:00+00:00,TOTS3.SA,28.469999313354492,28.549999237060547,28.440000534057617,28.5,165700
2026-06-10 19:40:00+00:00,TOTS3.SA,28.5,28.709999084472656,28.479999542236328,28.700000762939453,267000
2026-06-10 19:45:00+00:00,TOTS3.SA,28.700000762939453,28.850000381469727,28.68000030517578,28.81999969482422,519000
2026-06-10 19:50:00+00:00,TOTS3.SA,28.81999969482422,28.850000381469727,28.600000381469727,28.68000030517578,300800
2026-06-11 13:05:00+00:00,TOTS3.SA,28.450000762939453,28.729999542236328,28.299999237060547,28.729999542236328,23600
2026-06-11 13:10:00+00:00,TOTS3.SA,28.690000534057617,28.690000534057617,28.489999771118164,28.530000686645508,121100
2026-06-11 13:15:00+00:00,TOTS3.SA,28.559999465942383,28.68000030517578,28.530000686645508,28.600000381469727,31000
2026-06-11 13:20:00+00:00,TOTS3.SA,28.59000015258789,28.59000015258789,28.450000762939453,28.5,72400
2026-06-11 13:25:00+00:00,TOTS3.SA,28.489999771118164,28.56999969482422,28.450000762939453,28.530000686645508,31100
2026-06-11 13:30:00+00:00,TOTS3.SA,28.530000686645508,28.860000610351562,28.520000457763672,28.600000381469727,130700
2026-06-11 13:35:00+00:00,TOTS3.SA,28.610000610351562,28.670000076293945,28.280000686645508,28.299999237060547,109700
2026-06-11 13:40:00+00:00,TOTS3.SA,28.309999465942383,28.31999969482422,28.010000228881836,28.030000686645508,160800
2026-06-11 13:45:00+00:00,TOTS3.SA,28.030000686645508,28.18000030517578,28.020000457763672,28.139999389648438,93300
2026-06-11 13:50:00+00:00,TOTS3.SA,28.15999984741211,28.6299991607666,28.15999984741211,28.6299991607666,138800
2026-06-11 13:55:00+00:00,TOTS3.SA,28.6200008392334,28.84000015258789,28.59000015258789,28.780000686645508,187700
2026-06-11 14:00:00+00:00,TOTS3.SA,28.760000228881836,28.899999618530273,28.700000762939453,28.889999389648438,107200
2026-06-11 14:05:00+00:00,TOTS3.SA,28.8799991607666,28.959999084472656,28.739999771118164,28.75,89700
2026-06-11 14:10:00+00:00,TOTS3.SA,28.760000228881836,28.770000457763672,28.65999984741211,28.709999084472656,54000
2026-06-11 14:15:00+00:00,TOTS3.SA,28.729999542236328,28.780000686645508,28.65999984741211,28.65999984741211,36400
2026-06-11 14:20:00+00:00,TOTS3.SA,28.65999984741211,28.770000457763672,28.65999984741211,28.719999313354492,56300
2026-06-11 14:25:00+00:00,TOTS3.SA,28.690000534057617,28.719999313354492,28.610000610351562,28.65999984741211,37100
2026-06-11 14:30:00+00:00,TOTS3.SA,28.65999984741211,28.719999313354492,28.520000457763672,28.549999237060547,59600
2026-06-11 14:35:00+00:00,TOTS3.SA,28.530000686645508,28.639999389648438,28.530000686645508,28.610000610351562,26500
2026-06-11 14:40:00+00:00,TOTS3.SA,28.600000381469727,28.639999389648438,28.56999969482422,28.56999969482422,21400
2026-06-11 14:45:00+00:00,TOTS3.SA,28.579999923706055,28.59000015258789,28.5,28.510000228881836,41100
2026-06-11 14:50:00+00:00,TOTS3.SA,28.510000228881836,28.520000457763672,28.459999084472656,28.489999771118164,22800
2026-06-11 14:55:00+00:00,TOTS3.SA,28.489999771118164,28.489999771118164,28.350000381469727,28.350000381469727,38200
2026-06-11 15:00:00+00:00,TOTS3.SA,28.34000015258789,28.34000015258789,28.25,28.260000228881836,59300
2026-06-11 15:05:00+00:00,TOTS3.SA,28.25,28.299999237060547,28.229999542236328,28.280000686645508,35600
2026-06-11 15:10:00+00:00,TOTS3.SA,28.270000457763672,28.299999237060547,28.260000228881836,28.270000457763672,26600
2026-06-11 15:15:00+00:00,TOTS3.SA,28.270000457763672,28.299999237060547,28.209999084472656,28.270000457763672,32700
2026-06-11 15:20:00+00:00,TOTS3.SA,28.270000457763672,28.270000457763672,28.149999618530273,28.15999984741211,39000
2026-06-11 15:25:00+00:00,TOTS3.SA,28.15999984741211,28.170000076293945,28.1200008392334,28.149999618530273,41500
2026-06-11 15:30:00+00:00,TOTS3.SA,28.149999618530273,28.3700008392334,28.139999389648438,28.31999969482422,94700
2026-06-11 15:35:00+00:00,TOTS3.SA,28.329999923706055,28.420000076293945,28.309999465942383,28.420000076293945,61300
2026-06-11 15:40:00+00:00,TOTS3.SA,28.399999618530273,28.530000686645508,28.3799991607666,28.420000076293945,119000
2026-06-11 15:45:00+00:00,TOTS3.SA,28.43000030517578,28.440000534057617,28.3700008392334,28.3700008392334,31100
2026-06-11 15:50:00+00:00,TOTS3.SA,28.3700008392334,28.559999465942383,28.360000610351562,28.559999465942383,54200
2026-06-11 15:55:00+00:00,TOTS3.SA,28.549999237060547,28.600000381469727,28.469999313354492,28.510000228881836,150700
2026-06-11 16:00:00+00:00,TOTS3.SA,28.5,28.549999237060547,28.489999771118164,28.530000686645508,76100
2026-06-11 16:05:00+00:00,TOTS3.SA,28.530000686645508,28.579999923706055,28.450000762939453,28.450000762939453,745000
2026-06-11 16:10:00+00:00,TOTS3.SA,28.43000030517578,28.450000762939453,28.290000915527344,28.450000762939453,95900
2026-06-11 16:15:00+00:00,TOTS3.SA,28.440000534057617,28.479999542236328,28.43000030517578,28.459999084472656,119100
2026-06-11 16:20:00+00:00,TOTS3.SA,28.459999084472656,28.510000228881836,28.420000076293945,28.510000228881836,58900
2026-06-11 16:25:00+00:00,TOTS3.SA,28.510000228881836,28.520000457763672,28.3799991607666,28.40999984741211,88700
2026-06-11 16:30:00+00:00,TOTS3.SA,28.40999984741211,28.489999771118164,28.3799991607666,28.469999313354492,45000
2026-06-11 16:35:00+00:00,TOTS3.SA,28.469999313354492,28.510000228881836,28.450000762939453,28.510000228881836,42200
2026-06-11 16:40:00+00:00,TOTS3.SA,28.5,28.540000915527344,28.459999084472656,28.510000228881836,41000
2026-06-11 16:45:00+00:00,TOTS3.SA,28.510000228881836,28.549999237060547,28.489999771118164,28.520000457763672,38400
2026-06-11 16:50:00+00:00,TOTS3.SA,28.520000457763672,28.530000686645508,28.440000534057617,28.459999084472656,38700
2026-06-11 16:55:00+00:00,TOTS3.SA,28.450000762939453,28.469999313354492,28.420000076293945,28.43000030517578,23000
2026-06-11 17:00:00+00:00,TOTS3.SA,28.43000030517578,28.440000534057617,28.399999618530273,28.440000534057617,50100
2026-06-11 17:05:00+00:00,TOTS3.SA,28.440000534057617,28.5,28.43000030517578,28.489999771118164,47300
2026-06-11 17:10:00+00:00,TOTS3.SA,28.5,28.520000457763672,28.43000030517578,28.440000534057617,48500
2026-06-11 17:15:00+00:00,TOTS3.SA,28.43000030517578,28.440000534057617,28.260000228881836,28.360000610351562,176600
2026-06-11 17:20:00+00:00,TOTS3.SA,28.360000610351562,28.440000534057617,28.329999923706055,28.3700008392334,53500
2026-06-11 17:25:00+00:00,TOTS3.SA,28.360000610351562,28.68000030517578,28.350000381469727,28.670000076293945,147300
2026-06-11 17:30:00+00:00,TOTS3.SA,28.670000076293945,28.959999084472656,28.670000076293945,28.90999984741211,141200
2026-06-11 17:35:00+00:00,TOTS3.SA,28.899999618530273,28.959999084472656,28.829999923706055,28.940000534057617,118000
2026-06-11 17:40:00+00:00,TOTS3.SA,28.950000762939453,28.959999084472656,28.899999618530273,28.899999618530273,73400
2026-06-11 17:45:00+00:00,TOTS3.SA,28.90999984741211,29.110000610351562,28.860000610351562,29.110000610351562,332000
2026-06-11 17:50:00+00:00,TOTS3.SA,29.110000610351562,29.190000534057617,29.059999465942383,29.09000015258789,80900
2026-06-11 17:55:00+00:00,TOTS3.SA,29.079999923706055,29.110000610351562,28.940000534057617,29.09000015258789,218500
2026-06-11 18:00:00+00:00,TOTS3.SA,29.079999923706055,29.149999618530273,29.030000686645508,29.110000610351562,128300
2026-06-11 18:05:00+00:00,TOTS3.SA,29.110000610351562,29.190000534057617,29.049999237060547,29.059999465942383,119500
2026-06-11 18:10:00+00:00,TOTS3.SA,29.059999465942383,29.219999313354492,29.030000686645508,29.219999313354492,88500
2026-06-11 18:15:00+00:00,TOTS3.SA,29.209999084472656,29.239999771118164,29.139999389648438,29.200000762939453,93600
2026-06-11 18:20:00+00:00,TOTS3.SA,29.200000762939453,29.280000686645508,29.18000030517578,29.270000457763672,119600
2026-06-11 18:25:00+00:00,TOTS3.SA,29.270000457763672,29.31999969482422,29.260000228881836,29.299999237060547,68300
2026-06-11 18:30:00+00:00,TOTS3.SA,29.299999237060547,29.329999923706055,29.270000457763672,29.299999237060547,63400
2026-06-11 18:35:00+00:00,TOTS3.SA,29.299999237060547,29.329999923706055,29.290000915527344,29.309999465942383,77800
2026-06-11 18:40:00+00:00,TOTS3.SA,29.299999237060547,29.489999771118164,29.299999237060547,29.479999542236328,84100
2026-06-11 18:45:00+00:00,TOTS3.SA,29.489999771118164,30.010000228881836,29.489999771118164,29.989999771118164,603800
2026-06-11 18:50:00+00:00,TOTS3.SA,30.0,30.030000686645508,29.719999313354492,29.729999542236328,100900
2026-06-11 18:55:00+00:00,TOTS3.SA,29.729999542236328,29.75,29.6299991607666,29.649999618530273,82500
2026-06-11 19:00:00+00:00,TOTS3.SA,29.639999389648438,29.719999313354492,29.639999389648438,29.719999313354492,79500
2026-06-11 19:05:00+00:00,TOTS3.SA,29.719999313354492,29.829999923706055,29.719999313354492,29.790000915527344,100800
2026-06-11 19:10:00+00:00,TOTS3.SA,29.799999237060547,29.850000381469727,29.780000686645508,29.790000915527344,74100
2026-06-11 19:15:00+00:00,TOTS3.SA,29.790000915527344,29.860000610351562,29.760000228881836,29.84000015258789,70700
2026-06-11 19:20:00+00:00,TOTS3.SA,29.829999923706055,30.049999237060547,29.829999923706055,30.0,364900
2026-06-11 19:25:00+00:00,TOTS3.SA,30.010000228881836,30.219999313354492,30.0,30.219999313354492,207300
2026-06-11 19:30:00+00:00,TOTS3.SA,30.209999084472656,30.700000762939453,30.200000762939453,30.290000915527344,402400
2026-06-11 19:35:00+00:00,TOTS3.SA,30.280000686645508,30.290000915527344,29.969999313354492,29.969999313354492,134100
2026-06-11 19:40:00+00:00,TOTS3.SA,29.989999771118164,30.040000915527344,29.959999084472656,30.010000228881836,120400
2026-06-11 19:45:00+00:00,TOTS3.SA,30.0,30.020000457763672,29.90999984741211,29.940000534057617,141600
2026-06-11 19:50:00+00:00,TOTS3.SA,29.940000534057617,29.969999313354492,29.889999389648438,29.969999313354492,127300
2026-06-12 13:05:00+00:00,TOTS3.SA,29.5,30.020000457763672,29.469999313354492,29.979999542236328,25000
2026-06-12 13:10:00+00:00,TOTS3.SA,29.989999771118164,30.1299991607666,29.969999313354492,30.059999465942383,41400
2026-06-12 13:15:00+00:00,TOTS3.SA,30.040000915527344,30.280000686645508,29.969999313354492,30.229999542236328,31500
2026-06-12 13:20:00+00:00,TOTS3.SA,30.270000457763672,30.31999969482422,30.229999542236328,30.290000915527344,38600
2026-06-12 13:25:00+00:00,TOTS3.SA,30.280000686645508,30.299999237060547,30.149999618530273,30.260000228881836,23800
2026-06-12 13:30:00+00:00,TOTS3.SA,30.260000228881836,30.280000686645508,30.049999237060547,30.09000015258789,42700
2026-06-12 13:35:00+00:00,TOTS3.SA,30.079999923706055,30.149999618530273,29.969999313354492,29.989999771118164,20600
2026-06-12 13:40:00+00:00,TOTS3.SA,30.0,30.010000228881836,29.639999389648438,29.700000762939453,124800
2026-06-12 13:45:00+00:00,TOTS3.SA,29.690000534057617,29.780000686645508,29.68000030517578,29.770000457763672,29300
2026-06-12 13:50:00+00:00,TOTS3.SA,29.780000686645508,29.799999237060547,29.700000762939453,29.760000228881836,38900
2026-06-12 13:55:00+00:00,TOTS3.SA,29.75,29.940000534057617,29.739999771118164,29.8799991607666,61300
2026-06-12 14:00:00+00:00,TOTS3.SA,29.889999389648438,30.059999465942383,29.8799991607666,30.0,44600
2026-06-12 14:05:00+00:00,TOTS3.SA,30.0,30.020000457763672,29.940000534057617,29.979999542236328,40200
2026-06-12 14:10:00+00:00,TOTS3.SA,29.969999313354492,29.989999771118164,29.899999618530273,29.979999542236328,43500
2026-06-12 14:15:00+00:00,TOTS3.SA,29.969999313354492,30.079999923706055,29.969999313354492,30.0,75100
2026-06-12 14:20:00+00:00,TOTS3.SA,30.0,30.0,29.920000076293945,29.979999542236328,45100
2026-06-12 14:25:00+00:00,TOTS3.SA,29.979999542236328,30.0,29.940000534057617,29.959999084472656,36500
2026-06-12 14:30:00+00:00,TOTS3.SA,29.950000762939453,29.979999542236328,29.8799991607666,29.950000762939453,32700
2026-06-12 14:35:00+00:00,TOTS3.SA,29.959999084472656,29.989999771118164,29.860000610351562,29.860000610351562,43700
2026-06-12 14:40:00+00:00,TOTS3.SA,29.860000610351562,29.889999389648438,29.709999084472656,29.719999313354492,44000
2026-06-12 14:45:00+00:00,TOTS3.SA,29.709999084472656,29.790000915527344,29.700000762939453,29.75,51300
2026-06-12 14:50:00+00:00,TOTS3.SA,29.75,29.860000610351562,29.549999237060547,29.84000015258789,119200
2026-06-12 14:55:00+00:00,TOTS3.SA,29.850000381469727,29.93000030517578,29.829999923706055,29.850000381469727,44000
2026-06-12 15:00:00+00:00,TOTS3.SA,29.850000381469727,30.020000457763672,29.729999542236328,30.0,59500
2026-06-12 15:05:00+00:00,TOTS3.SA,30.0,30.06999969482422,29.950000762939453,30.030000686645508,48000
2026-06-12 15:10:00+00:00,TOTS3.SA,30.040000915527344,30.06999969482422,29.979999542236328,30.06999969482422,55200
2026-06-12 15:15:00+00:00,TOTS3.SA,30.059999465942383,30.059999465942383,30.010000228881836,30.030000686645508,40400
2026-06-12 15:20:00+00:00,TOTS3.SA,30.030000686645508,30.040000915527344,29.969999313354492,30.030000686645508,28700
2026-06-12 15:25:00+00:00,TOTS3.SA,30.020000457763672,30.020000457763672,29.950000762939453,30.0,45400
2026-06-12 15:30:00+00:00,TOTS3.SA,30.0,30.09000015258789,29.799999237060547,29.989999771118164,115600
2026-06-12 15:35:00+00:00,TOTS3.SA,30.0,30.06999969482422,29.850000381469727,29.90999984741211,64400
2026-06-12 15:40:00+00:00,TOTS3.SA,29.90999984741211,29.979999542236328,29.84000015258789,29.940000534057617,116500
2026-06-12 15:45:00+00:00,TOTS3.SA,29.920000076293945,30.0,29.84000015258789,29.8700008392334,82600
2026-06-12 15:50:00+00:00,TOTS3.SA,29.8700008392334,30.010000228881836,29.850000381469727,30.0,150200
2026-06-12 15:55:00+00:00,TOTS3.SA,29.989999771118164,30.010000228881836,29.920000076293945,29.920000076293945,70900
2026-06-12 16:00:00+00:00,TOTS3.SA,29.93000030517578,29.969999313354492,29.8799991607666,29.899999618530273,25100
2026-06-12 16:05:00+00:00,TOTS3.SA,29.899999618530273,29.93000030517578,29.8700008392334,29.93000030517578,21200
2026-06-12 16:10:00+00:00,TOTS3.SA,29.93000030517578,29.950000762939453,29.860000610351562,29.8799991607666,43300
2026-06-12 16:15:00+00:00,TOTS3.SA,29.889999389648438,29.920000076293945,29.850000381469727,29.850000381469727,19100
2026-06-12 16:20:00+00:00,TOTS3.SA,29.850000381469727,29.8799991607666,29.729999542236328,29.739999771118164,47200
2026-06-12 16:25:00+00:00,TOTS3.SA,29.760000228881836,29.809999465942383,29.68000030517578,29.709999084472656,135200
2026-06-12 16:30:00+00:00,TOTS3.SA,29.690000534057617,29.729999542236328,29.639999389648438,29.649999618530273,54700
2026-06-12 16:35:00+00:00,TOTS3.SA,29.649999618530273,29.670000076293945,29.489999771118164,29.530000686645508,141700
2026-06-12 16:40:00+00:00,TOTS3.SA,29.530000686645508,29.559999465942383,29.489999771118164,29.510000228881836,31000
2026-06-12 16:45:00+00:00,TOTS3.SA,29.510000228881836,29.510000228881836,29.420000076293945,29.450000762939453,54100
2026-06-12 16:50:00+00:00,TOTS3.SA,29.43000030517578,29.459999084472656,29.40999984741211,29.40999984741211,22600
2026-06-12 16:55:00+00:00,TOTS3.SA,29.420000076293945,29.540000915527344,29.329999923706055,29.540000915527344,150500
2026-06-12 17:00:00+00:00,TOTS3.SA,29.540000915527344,29.59000015258789,29.459999084472656,29.59000015258789,29800
2026-06-12 17:05:00+00:00,TOTS3.SA,29.600000381469727,29.68000030517578,29.559999465942383,29.579999923706055,43500
2026-06-12 17:10:00+00:00,TOTS3.SA,29.59000015258789,29.6200008392334,29.559999465942383,29.610000610351562,30000
2026-06-12 17:15:00+00:00,TOTS3.SA,29.600000381469727,29.6299991607666,29.549999237060547,29.579999923706055,24000
2026-06-12 17:20:00+00:00,TOTS3.SA,29.579999923706055,29.709999084472656,29.549999237060547,29.709999084472656,36800
2026-06-12 17:25:00+00:00,TOTS3.SA,29.709999084472656,29.920000076293945,29.700000762939453,29.84000015258789,52100
2026-06-12 17:30:00+00:00,TOTS3.SA,29.84000015258789,29.860000610351562,29.790000915527344,29.809999465942383,21800
2026-06-12 17:35:00+00:00,TOTS3.SA,29.809999465942383,29.860000610351562,29.790000915527344,29.809999465942383,28200
2026-06-12 17:40:00+00:00,TOTS3.SA,29.809999465942383,29.84000015258789,29.780000686645508,29.829999923706055,18500
2026-06-12 17:45:00+00:00,TOTS3.SA,29.829999923706055,29.829999923706055,29.75,29.790000915527344,40400
2026-06-12 17:50:00+00:00,TOTS3.SA,29.790000915527344,29.799999237060547,29.739999771118164,29.770000457763672,26700
2026-06-12 17:55:00+00:00,TOTS3.SA,29.770000457763672,29.770000457763672,29.700000762939453,29.719999313354492,28400
2026-06-12 18:00:00+00:00,TOTS3.SA,29.700000762939453,29.739999771118164,29.6200008392334,29.6299991607666,44100
2026-06-12 18:05:00+00:00,TOTS3.SA,29.639999389648438,29.670000076293945,29.600000381469727,29.6200008392334,42700
2026-06-12 18:10:00+00:00,TOTS3.SA,29.6200008392334,29.68000030517578,29.59000015258789,29.649999618530273,26700
2026-06-12 18:15:00+00:00,TOTS3.SA,29.649999618530273,29.65999984741211,29.559999465942383,29.610000610351562,62100
2026-06-12 18:20:00+00:00,TOTS3.SA,29.6299991607666,29.65999984741211,29.610000610351562,29.65999984741211,19200
2026-06-12 18:25:00+00:00,TOTS3.SA,29.649999618530273,29.770000457763672,29.639999389648438,29.770000457763672,28200
2026-06-12 18:30:00+00:00,TOTS3.SA,29.75,29.770000457763672,29.65999984741211,29.68000030517578,100800
2026-06-12 18:35:00+00:00,TOTS3.SA,29.68000030517578,29.739999771118164,29.68000030517578,29.739999771118164,34500
2026-06-12 18:40:00+00:00,TOTS3.SA,29.75,29.75,29.709999084472656,29.719999313354492,26500
2026-06-12 18:45:00+00:00,TOTS3.SA,29.709999084472656,29.719999313354492,29.68000030517578,29.690000534057617,33200
2026-06-12 18:50:00+00:00,TOTS3.SA,29.690000534057617,29.709999084472656,29.670000076293945,29.700000762939453,30100
2026-06-12 18:55:00+00:00,TOTS3.SA,29.690000534057617,29.700000762939453,29.440000534057617,29.459999084472656,44700
2026-06-12 19:00:00+00:00,TOTS3.SA,29.440000534057617,29.649999618530273,29.420000076293945,29.649999618530273,77300
2026-06-12 19:05:00+00:00,TOTS3.SA,29.639999389648438,29.670000076293945,29.610000610351562,29.6299991607666,65400
2026-06-12 19:10:00+00:00,TOTS3.SA,29.639999389648438,29.68000030517578,29.579999923706055,29.610000610351562,89500
2026-06-12 19:15:00+00:00,TOTS3.SA,29.6299991607666,29.6299991607666,29.579999923706055,29.600000381469727,45400
2026-06-12 19:20:00+00:00,TOTS3.SA,29.600000381469727,29.6299991607666,29.59000015258789,29.610000610351562,53100
2026-06-12 19:25:00+00:00,TOTS3.SA,29.6299991607666,29.709999084472656,29.610000610351562,29.700000762939453,53900
2026-06-12 19:30:00+00:00,TOTS3.SA,29.709999084472656,29.729999542236328,29.6299991607666,29.639999389648438,107600
2026-06-12 19:35:00+00:00,TOTS3.SA,29.649999618530273,29.670000076293945,29.59000015258789,29.6299991607666,94500
2026-06-12 19:40:00+00:00,TOTS3.SA,29.639999389648438,29.639999389648438,29.559999465942383,29.559999465942383,96000
2026-06-12 19:45:00+00:00,TOTS3.SA,29.559999465942383,29.739999771118164,29.510000228881836,29.729999542236328,176000
2026-06-12 19:50:00+00:00,TOTS3.SA,29.729999542236328,29.850000381469727,29.690000534057617,29.790000915527344,188200
