datetime,ticker,open,high,low,close,volume
2026-03-17 13:00:00+00:00,VALE3.SA,79.0999984741211,79.37999725341797,79.0999984741211,79.30000305175781,0
2026-03-17 13:05:00+00:00,VALE3.SA,79.31999969482422,79.31999969482422,78.94999694824219,78.97000122070312,129700
2026-03-17 13:10:00+00:00,VALE3.SA,78.94000244140625,79.4800033569336,78.9000015258789,79.45999908447266,149900
2026-03-17 13:15:00+00:00,VALE3.SA,79.45999908447266,79.58999633789062,79.30000305175781,79.54000091552734,150500
2026-03-17 13:20:00+00:00,VALE3.SA,79.54000091552734,79.5999984741211,79.41000366210938,79.55999755859375,78500
2026-03-17 13:25:00+00:00,VALE3.SA,79.51000213623047,79.56999969482422,79.4000015258789,79.54000091552734,169900
2026-03-17 13:30:00+00:00,VALE3.SA,79.54000091552734,79.62999725341797,78.9800033569336,79.0,757000
2026-03-17 13:35:00+00:00,VALE3.SA,78.97000122070312,79.0,78.70999908447266,79.0,373000
2026-03-17 13:40:00+00:00,VALE3.SA,78.97000122070312,79.33999633789062,78.86000061035156,79.31999969482422,228400
2026-03-17 13:45:00+00:00,VALE3.SA,79.29000091552734,79.45999908447266,79.26000213623047,79.43000030517578,146800
2026-03-17 13:50:00+00:00,VALE3.SA,79.43000030517578,79.43000030517578,79.16999816894531,79.23999786376953,122900
2026-03-17 13:55:00+00:00,VALE3.SA,79.25,79.5,79.2300033569336,79.44000244140625,149000
2026-03-17 14:00:00+00:00,VALE3.SA,79.47000122070312,79.47000122070312,79.29000091552734,79.4000015258789,79000
2026-03-17 14:05:00+00:00,VALE3.SA,79.4000015258789,79.5999984741211,79.37999725341797,79.5999984741211,104600
2026-03-17 14:10:00+00:00,VALE3.SA,79.5999984741211,79.5999984741211,79.27999877929688,79.5199966430664,139600
2026-03-17 14:15:00+00:00,VALE3.SA,79.48999786376953,79.52999877929688,79.30000305175781,79.4800033569336,100400
2026-03-17 14:20:00+00:00,VALE3.SA,79.4800033569336,79.58000183105469,79.27999877929688,79.31999969482422,227600
2026-03-17 14:25:00+00:00,VALE3.SA,79.33000183105469,79.47000122070312,79.2699966430664,79.37999725341797,1217600
2026-03-17 14:30:00+00:00,VALE3.SA,79.36000061035156,79.52999877929688,79.33000183105469,79.51000213623047,381400
2026-03-17 14:35:00+00:00,VALE3.SA,79.52999877929688,79.62000274658203,79.44999694824219,79.47000122070312,213600
2026-03-17 14:40:00+00:00,VALE3.SA,79.4800033569336,79.70999908447266,79.47000122070312,79.61000061035156,184000
2026-03-17 14:45:00+00:00,VALE3.SA,79.62999725341797,79.68000030517578,79.51000213623047,79.51000213623047,73200
2026-03-17 14:50:00+00:00,VALE3.SA,79.51000213623047,79.54000091552734,79.3499984741211,79.37999725341797,80200
2026-03-17 14:55:00+00:00,VALE3.SA,79.38999938964844,79.47000122070312,79.36000061035156,79.4000015258789,116900
2026-03-17 15:00:00+00:00,VALE3.SA,79.43000030517578,79.44000244140625,79.30999755859375,79.33000183105469,58600
2026-03-17 15:05:00+00:00,VALE3.SA,79.33000183105469,79.41000366210938,79.25,79.30000305175781,89300
2026-03-17 15:10:00+00:00,VALE3.SA,79.27999877929688,79.33000183105469,79.13999938964844,79.19999694824219,185000
2026-03-17 15:15:00+00:00,VALE3.SA,79.19999694824219,79.26000213623047,79.01000213623047,79.01000213623047,252100
2026-03-17 15:20:00+00:00,VALE3.SA,79.01000213623047,79.05999755859375,78.80000305175781,78.98999786376953,217400
2026-03-17 15:25:00+00:00,VALE3.SA,79.0,79.06999969482422,78.91999816894531,78.95999908447266,129200
2026-03-17 15:30:00+00:00,VALE3.SA,78.95999908447266,79.08000183105469,78.88999938964844,78.88999938964844,68100
2026-03-17 15:35:00+00:00,VALE3.SA,78.9000015258789,78.9000015258789,78.70999908447266,78.8499984741211,223000
2026-03-17 15:40:00+00:00,VALE3.SA,78.8499984741211,78.9000015258789,78.77999877929688,78.9000015258789,86000
2026-03-17 15:45:00+00:00,VALE3.SA,78.88999938964844,78.91000366210938,78.80000305175781,78.80999755859375,82200
2026-03-17 15:50:00+00:00,VALE3.SA,78.80999755859375,78.87000274658203,78.77999877929688,78.80999755859375,49700
2026-03-17 15:55:00+00:00,VALE3.SA,78.80999755859375,78.87000274658203,78.76000213623047,78.80999755859375,95800
2026-03-17 16:00:00+00:00,VALE3.SA,78.80000305175781,78.8499984741211,78.69999694824219,78.77999877929688,199100
2026-03-17 16:05:00+00:00,VALE3.SA,78.76000213623047,78.83999633789062,78.63999938964844,78.75,181900
2026-03-17 16:10:00+00:00,VALE3.SA,78.72000122070312,78.86000061035156,78.70999908447266,78.73999786376953,107600
2026-03-17 16:15:00+00:00,VALE3.SA,78.72000122070312,78.87999725341797,78.69999694824219,78.86000061035156,69500
2026-03-17 16:20:00+00:00,VALE3.SA,78.87000274658203,78.97000122070312,78.79000091552734,78.94999694824219,133100
2026-03-17 16:25:00+00:00,VALE3.SA,78.94000244140625,78.9800033569336,78.87000274658203,78.94000244140625,86200
2026-03-17 16:30:00+00:00,VALE3.SA,78.91000366210938,78.95999908447266,78.83999633789062,78.91999816894531,186300
2026-03-17 16:35:00+00:00,VALE3.SA,78.91999816894531,78.94999694824219,78.76000213623047,78.79000091552734,89700
2026-03-17 16:40:00+00:00,VALE3.SA,78.79000091552734,78.8499984741211,78.7699966430664,78.81999969482422,66400
2026-03-17 16:45:00+00:00,VALE3.SA,78.83000183105469,78.86000061035156,78.80000305175781,78.83999633789062,58500
2026-03-17 16:50:00+00:00,VALE3.SA,78.83000183105469,78.93000030517578,78.83000183105469,78.91000366210938,56100
2026-03-17 16:55:00+00:00,VALE3.SA,78.9000015258789,78.91999816894531,78.8499984741211,78.8499984741211,78100
2026-03-17 17:00:00+00:00,VALE3.SA,78.87999725341797,79.02999877929688,78.83000183105469,78.95999908447266,94000
2026-03-17 17:05:00+00:00,VALE3.SA,78.95999908447266,79.0,78.9000015258789,78.9800033569336,65000
2026-03-17 17:10:00+00:00,VALE3.SA,78.98999786376953,78.98999786376953,78.87000274658203,78.91000366210938,48800
2026-03-17 17:15:00+00:00,VALE3.SA,78.9000015258789,78.97000122070312,78.87000274658203,78.91999816894531,48400
2026-03-17 17:20:00+00:00,VALE3.SA,78.9000015258789,78.95999908447266,78.87999725341797,78.94999694824219,47500
2026-03-17 17:25:00+00:00,VALE3.SA,78.91000366210938,78.94999694824219,78.87999725341797,78.91000366210938,82200
2026-03-17 17:30:00+00:00,VALE3.SA,78.88999938964844,78.9800033569336,78.83000183105469,78.86000061035156,171400
2026-03-17 17:35:00+00:00,VALE3.SA,78.91000366210938,78.95999908447266,78.86000061035156,78.94000244140625,72200
2026-03-17 17:40:00+00:00,VALE3.SA,78.94999694824219,78.9800033569336,78.87000274658203,78.87999725341797,124300
2026-03-17 17:45:00+00:00,VALE3.SA,78.91000366210938,78.94999694824219,78.87000274658203,78.94000244140625,84800
2026-03-17 17:50:00+00:00,VALE3.SA,78.94999694824219,79.0999984741211,78.91000366210938,79.0999984741211,105700
2026-03-17 17:55:00+00:00,VALE3.SA,79.0999984741211,79.16000366210938,79.05999755859375,79.1500015258789,73000
2026-03-17 18:00:00+00:00,VALE3.SA,79.1500015258789,79.20999908447266,79.05999755859375,79.08999633789062,96600
2026-03-17 18:05:00+00:00,VALE3.SA,79.08999633789062,79.18000030517578,79.02999877929688,79.12000274658203,110000
2026-03-17 18:10:00+00:00,VALE3.SA,79.1500015258789,79.19999694824219,79.0999984741211,79.11000061035156,51400
2026-03-17 18:15:00+00:00,VALE3.SA,79.12999725341797,79.13999938964844,79.01000213623047,79.05999755859375,70000
2026-03-17 18:20:00+00:00,VALE3.SA,79.05000305175781,79.08000183105469,78.95999908447266,78.9800033569336,70900
2026-03-17 18:25:00+00:00,VALE3.SA,78.94999694824219,79.02999877929688,78.87000274658203,78.91000366210938,101900
2026-03-17 18:30:00+00:00,VALE3.SA,78.9000015258789,79.0,78.86000061035156,78.9800033569336,131300
2026-03-17 18:35:00+00:00,VALE3.SA,78.94000244140625,78.9800033569336,78.83000183105469,78.86000061035156,102800
2026-03-17 18:40:00+00:00,VALE3.SA,78.87999725341797,78.91999816894531,78.80999755859375,78.87999725341797,169500
2026-03-17 18:45:00+00:00,VALE3.SA,78.91999816894531,78.91999816894531,78.83000183105469,78.9000015258789,100200
2026-03-17 18:50:00+00:00,VALE3.SA,78.9000015258789,78.9000015258789,78.83000183105469,78.88999938964844,45600
2026-03-17 18:55:00+00:00,VALE3.SA,78.87999725341797,78.88999938964844,78.80000305175781,78.81999969482422,79500
2026-03-17 19:00:00+00:00,VALE3.SA,78.80999755859375,78.86000061035156,78.75,78.79000091552734,138400
2026-03-17 19:05:00+00:00,VALE3.SA,78.77999877929688,78.80000305175781,78.66999816894531,78.69999694824219,100800
2026-03-17 19:10:00+00:00,VALE3.SA,78.69999694824219,78.76000213623047,78.69000244140625,78.75,59900
2026-03-17 19:15:00+00:00,VALE3.SA,78.73999786376953,78.76000213623047,78.62999725341797,78.72000122070312,156000
2026-03-17 19:20:00+00:00,VALE3.SA,78.72000122070312,78.80000305175781,78.66000366210938,78.77999877929688,461200
2026-03-17 19:25:00+00:00,VALE3.SA,78.80000305175781,78.80000305175781,78.69000244140625,78.79000091552734,128000
2026-03-17 19:30:00+00:00,VALE3.SA,78.7699966430664,78.80999755859375,78.69000244140625,78.73999786376953,156400
2026-03-17 19:35:00+00:00,VALE3.SA,78.73999786376953,78.87000274658203,78.7300033569336,78.77999877929688,275100
2026-03-17 19:40:00+00:00,VALE3.SA,78.76000213623047,78.80000305175781,78.69999694824219,78.7699966430664,234300
2026-03-17 19:45:00+00:00,VALE3.SA,78.79000091552734,78.87000274658203,78.7699966430664,78.83000183105469,236400
2026-03-17 19:50:00+00:00,VALE3.SA,78.83000183105469,78.83999633789062,78.72000122070312,78.80000305175781,228200
2026-03-18 13:00:00+00:00,VALE3.SA,78.6500015258789,78.66999816894531,78.27999877929688,78.30999755859375,0
2026-03-18 13:05:00+00:00,VALE3.SA,78.31999969482422,78.58000183105469,78.25,78.55000305175781,67600
2026-03-18 13:10:00+00:00,VALE3.SA,78.55999755859375,78.62000274658203,78.41000366210938,78.47000122070312,73000
2026-03-18 13:15:00+00:00,VALE3.SA,78.43000030517578,78.43000030517578,78.12000274658203,78.33999633789062,166800
2026-03-18 13:20:00+00:00,VALE3.SA,78.33000183105469,78.38999938964844,78.2699966430664,78.29000091552734,52000
2026-03-18 13:25:00+00:00,VALE3.SA,78.30999755859375,78.37999725341797,78.19999694824219,78.29000091552734,78900
2026-03-18 13:30:00+00:00,VALE3.SA,78.26000213623047,78.33999633789062,77.95999908447266,78.08999633789062,207300
2026-03-18 13:35:00+00:00,VALE3.SA,78.08000183105469,78.20999908447266,77.95999908447266,78.05000305175781,258500
2026-03-18 13:40:00+00:00,VALE3.SA,78.08000183105469,78.1500015258789,77.86000061035156,77.98999786376953,342800
2026-03-18 13:45:00+00:00,VALE3.SA,78.0,78.11000061035156,77.94999694824219,78.05000305175781,104800
2026-03-18 13:50:00+00:00,VALE3.SA,78.05000305175781,78.08999633789062,77.91000366210938,77.94000244140625,114300
2026-03-18 13:55:00+00:00,VALE3.SA,77.94999694824219,78.0999984741211,77.8499984741211,78.0999984741211,162900
2026-03-18 14:00:00+00:00,VALE3.SA,78.08999633789062,78.0999984741211,77.93000030517578,78.05999755859375,95000
2026-03-18 14:05:00+00:00,VALE3.SA,78.05000305175781,78.25,78.02999877929688,78.2300033569336,210600
2026-03-18 14:10:00+00:00,VALE3.SA,78.2300033569336,78.26000213623047,77.94000244140625,77.95999908447266,214500
2026-03-18 14:15:00+00:00,VALE3.SA,77.94999694824219,78.05000305175781,77.94000244140625,77.97000122070312,76000
2026-03-18 14:20:00+00:00,VALE3.SA,77.98999786376953,77.98999786376953,77.5999984741211,77.62000274658203,287800
2026-03-18 14:25:00+00:00,VALE3.SA,77.62000274658203,77.69999694824219,77.5,77.69000244140625,301200
2026-03-18 14:30:00+00:00,VALE3.SA,77.69999694824219,77.7300033569336,77.62000274658203,77.62999725341797,164800
2026-03-18 14:35:00+00:00,VALE3.SA,77.63999938964844,77.87000274658203,77.62999725341797,77.7699966430664,163300
2026-03-18 14:40:00+00:00,VALE3.SA,77.7699966430664,77.8499984741211,77.70999908447266,77.73999786376953,93500
2026-03-18 14:45:00+00:00,VALE3.SA,77.73999786376953,77.81999969482422,77.70999908447266,77.70999908447266,92700
2026-03-18 14:50:00+00:00,VALE3.SA,77.72000122070312,77.80000305175781,77.61000061035156,77.62000274658203,122600
2026-03-18 14:55:00+00:00,VALE3.SA,77.62000274658203,77.8499984741211,77.62000274658203,77.83000183105469,120800
2026-03-18 15:00:00+00:00,VALE3.SA,77.83000183105469,77.93000030517578,77.80000305175781,77.83999633789062,129000
2026-03-18 15:05:00+00:00,VALE3.SA,77.8499984741211,77.98999786376953,77.83999633789062,77.97000122070312,101900
2026-03-18 15:10:00+00:00,VALE3.SA,77.94000244140625,77.94999694824219,77.7300033569336,77.73999786376953,284500
2026-03-18 15:15:00+00:00,VALE3.SA,77.73999786376953,77.79000091552734,77.61000061035156,77.61000061035156,72100
2026-03-18 15:20:00+00:00,VALE3.SA,77.62999725341797,77.62999725341797,77.5,77.54000091552734,138600
2026-03-18 15:25:00+00:00,VALE3.SA,77.52999877929688,77.54000091552734,77.36000061035156,77.48999786376953,267500
2026-03-18 15:30:00+00:00,VALE3.SA,77.4800033569336,77.58999633789062,77.47000122070312,77.58999633789062,100200
2026-03-18 15:35:00+00:00,VALE3.SA,77.58000183105469,77.70999908447266,77.55000305175781,77.61000061035156,81000
2026-03-18 15:40:00+00:00,VALE3.SA,77.62000274658203,77.66000366210938,77.52999877929688,77.56999969482422,76400
2026-03-18 15:45:00+00:00,VALE3.SA,77.56999969482422,77.63999938964844,77.5199966430664,77.58000183105469,60300
2026-03-18 15:50:00+00:00,VALE3.SA,77.58000183105469,77.62999725341797,77.54000091552734,77.56999969482422,78900
2026-03-18 15:55:00+00:00,VALE3.SA,77.55999755859375,77.5999984741211,77.51000213623047,77.51000213623047,61800
2026-03-18 16:00:00+00:00,VALE3.SA,77.5199966430664,77.5199966430664,77.43000030517578,77.45999908447266,101500
2026-03-18 16:05:00+00:00,VALE3.SA,77.45999908447266,77.54000091552734,77.4000015258789,77.4800033569336,101900
2026-03-18 16:10:00+00:00,VALE3.SA,77.4800033569336,77.61000061035156,77.45999908447266,77.55000305175781,57900
2026-03-18 16:15:00+00:00,VALE3.SA,77.54000091552734,77.54000091552734,77.44999694824219,77.45999908447266,52900
2026-03-18 16:20:00+00:00,VALE3.SA,77.45999908447266,77.54000091552734,77.44000244140625,77.44000244140625,83000
2026-03-18 16:25:00+00:00,VALE3.SA,77.44999694824219,77.4800033569336,77.33000183105469,77.4000015258789,236900
2026-03-18 16:30:00+00:00,VALE3.SA,77.4000015258789,77.44000244140625,77.20999908447266,77.25,295200
2026-03-18 16:35:00+00:00,VALE3.SA,77.23999786376953,77.23999786376953,77.16999816894531,77.19000244140625,151600
2026-03-18 16:40:00+00:00,VALE3.SA,77.19999694824219,77.25,77.18000030517578,77.20999908447266,151200
2026-03-18 16:45:00+00:00,VALE3.SA,77.20999908447266,77.22000122070312,77.0999984741211,77.12999725341797,172400
2026-03-18 16:50:00+00:00,VALE3.SA,77.12999725341797,77.23999786376953,77.12999725341797,77.20999908447266,122200
2026-03-18 16:55:00+00:00,VALE3.SA,77.2300033569336,77.38999938964844,77.1500015258789,77.37999725341797,253400
2026-03-18 17:00:00+00:00,VALE3.SA,77.38999938964844,77.43000030517578,77.2699966430664,77.31999969482422,271300
2026-03-18 17:05:00+00:00,VALE3.SA,77.31999969482422,77.41000366210938,77.23999786376953,77.31999969482422,141100
2026-03-18 17:10:00+00:00,VALE3.SA,77.33999633789062,77.37000274658203,77.25,77.37000274658203,107100
2026-03-18 17:15:00+00:00,VALE3.SA,77.37999725341797,77.4800033569336,77.36000061035156,77.41000366210938,151700
2026-03-18 17:20:00+00:00,VALE3.SA,77.41999816894531,77.41999816894531,77.27999877929688,77.41000366210938,191100
2026-03-18 17:25:00+00:00,VALE3.SA,77.41000366210938,77.43000030517578,77.20999908447266,77.20999908447266,153400
2026-03-18 17:30:00+00:00,VALE3.SA,77.20999908447266,77.33999633789062,77.19999694824219,77.27999877929688,258300
2026-03-18 17:35:00+00:00,VALE3.SA,77.30000305175781,77.54000091552734,77.26000213623047,77.4000015258789,246600
2026-03-18 17:40:00+00:00,VALE3.SA,77.41999816894531,77.41999816894531,77.27999877929688,77.30000305175781,149400
2026-03-18 17:45:00+00:00,VALE3.SA,77.30000305175781,77.44000244140625,77.27999877929688,77.37999725341797,115700
2026-03-18 17:50:00+00:00,VALE3.SA,77.37999725341797,77.51000213623047,77.30999755859375,77.5,264200
2026-03-18 17:55:00+00:00,VALE3.SA,77.5,77.51000213623047,77.37999725341797,77.44999694824219,423700
2026-03-18 18:00:00+00:00,VALE3.SA,77.44999694824219,77.51000213623047,77.33000183105469,77.43000030517578,441300
2026-03-18 18:05:00+00:00,VALE3.SA,77.43000030517578,77.58000183105469,77.41999816894531,77.51000213623047,544200
2026-03-18 18:10:00+00:00,VALE3.SA,77.51000213623047,77.6500015258789,77.47000122070312,77.61000061035156,170300
2026-03-18 18:15:00+00:00,VALE3.SA,77.61000061035156,77.69999694824219,77.51000213623047,77.68000030517578,385800
2026-03-18 18:20:00+00:00,VALE3.SA,77.68000030517578,77.70999908447266,77.58000183105469,77.6500015258789,163100
2026-03-18 18:25:00+00:00,VALE3.SA,77.66000366210938,77.7300033569336,77.58999633789062,77.69999694824219,127600
2026-03-18 18:30:00+00:00,VALE3.SA,77.69999694824219,77.69999694824219,77.44999694824219,77.4800033569336,207400
2026-03-18 18:35:00+00:00,VALE3.SA,77.4800033569336,77.69000244140625,77.45999908447266,77.54000091552734,188600
2026-03-18 18:40:00+00:00,VALE3.SA,77.55000305175781,77.69000244140625,77.44000244140625,77.63999938964844,280000
2026-03-18 18:45:00+00:00,VALE3.SA,77.6500015258789,77.69999694824219,77.54000091552734,77.63999938964844,223300
2026-03-18 18:50:00+00:00,VALE3.SA,77.63999938964844,77.6500015258789,77.38999938964844,77.41000366210938,237300
2026-03-18 18:55:00+00:00,VALE3.SA,77.41000366210938,77.44999694824219,77.2300033569336,77.26000213623047,274900
2026-03-18 19:00:00+00:00,VALE3.SA,77.26000213623047,77.29000091552734,77.12999725341797,77.29000091552734,398800
2026-03-18 19:05:00+00:00,VALE3.SA,77.29000091552734,77.44000244140625,77.22000122070312,77.3499984741211,217000
2026-03-18 19:10:00+00:00,VALE3.SA,77.3499984741211,77.36000061035156,77.19999694824219,77.30000305175781,222400
2026-03-18 19:15:00+00:00,VALE3.SA,77.30000305175781,77.3499984741211,77.2300033569336,77.23999786376953,147300
2026-03-18 19:20:00+00:00,VALE3.SA,77.23999786376953,77.25,77.12000274658203,77.12999725341797,280200
2026-03-18 19:25:00+00:00,VALE3.SA,77.12000274658203,77.19000244140625,77.05000305175781,77.19000244140625,407600
2026-03-18 19:30:00+00:00,VALE3.SA,77.19000244140625,77.25,77.1500015258789,77.2300033569336,278800
2026-03-18 19:35:00+00:00,VALE3.SA,77.2300033569336,77.2699966430664,77.16000366210938,77.23999786376953,290300
2026-03-18 19:40:00+00:00,VALE3.SA,77.23999786376953,77.27999877929688,77.16000366210938,77.18000030517578,290800
2026-03-18 19:45:00+00:00,VALE3.SA,77.18000030517578,77.19999694824219,77.08999633789062,77.19000244140625,490100
2026-03-18 19:50:00+00:00,VALE3.SA,77.19000244140625,77.25,77.08000183105469,77.16000366210938,446800
2026-03-19 13:05:00+00:00,VALE3.SA,74.16999816894531,74.87000274658203,74.05999755859375,74.5999984741211,533500
2026-03-19 13:10:00+00:00,VALE3.SA,74.58999633789062,74.79000091552734,74.5,74.69999694824219,826900
2026-03-19 13:15:00+00:00,VALE3.SA,74.70999908447266,75.16000366210938,74.62999725341797,75.06999969482422,634100
2026-03-19 13:20:00+00:00,VALE3.SA,75.06999969482422,75.16999816894531,74.81999969482422,74.81999969482422,711100
2026-03-19 13:25:00+00:00,VALE3.SA,74.80999755859375,74.83000183105469,74.48999786376953,74.6500015258789,746300
2026-03-19 13:30:00+00:00,VALE3.SA,74.69999694824219,75.04000091552734,74.58999633789062,74.79000091552734,862300
2026-03-19 13:35:00+00:00,VALE3.SA,74.76000213623047,74.83999633789062,74.52999877929688,74.54000091552734,1429100
2026-03-19 13:40:00+00:00,VALE3.SA,74.55000305175781,75.02999877929688,74.48999786376953,74.94999694824219,600800
2026-03-19 13:45:00+00:00,VALE3.SA,74.94999694824219,75.0199966430664,74.69999694824219,74.77999877929688,577100
2026-03-19 13:50:00+00:00,VALE3.SA,74.80999755859375,75.02999877929688,74.7300033569336,74.87999725341797,676100
2026-03-19 13:55:00+00:00,VALE3.SA,74.9000015258789,75.4800033569336,74.79000091552734,75.41999816894531,642700
2026-03-19 14:00:00+00:00,VALE3.SA,75.47000122070312,75.94999694824219,75.33000183105469,75.83999633789062,1249800
2026-03-19 14:05:00+00:00,VALE3.SA,75.83999633789062,75.98999786376953,75.55000305175781,75.66000366210938,498300
2026-03-19 14:10:00+00:00,VALE3.SA,75.6500015258789,75.94999694824219,75.58999633789062,75.69999694824219,355700
2026-03-19 14:15:00+00:00,VALE3.SA,75.69999694824219,75.7699966430664,75.41000366210938,75.55000305175781,248000
2026-03-19 14:20:00+00:00,VALE3.SA,75.52999877929688,75.66999816894531,75.37999725341797,75.66999816894531,215500
2026-03-19 14:25:00+00:00,VALE3.SA,75.66999816894531,75.75,75.48999786376953,75.58999633789062,224800
2026-03-19 14:30:00+00:00,VALE3.SA,75.61000061035156,76.02999877929688,75.58000183105469,75.9800033569336,347300
2026-03-19 14:35:00+00:00,VALE3.SA,76.0,76.18000030517578,75.93000030517578,76.12999725341797,197100
2026-03-19 14:40:00+00:00,VALE3.SA,76.1500015258789,76.30000305175781,76.12000274658203,76.18000030517578,202500
2026-03-19 14:45:00+00:00,VALE3.SA,76.16000366210938,76.20999908447266,75.91999816894531,76.13999938964844,305400
2026-03-19 14:50:00+00:00,VALE3.SA,76.12000274658203,76.12999725341797,76.04000091552734,76.08999633789062,98900
2026-03-19 14:55:00+00:00,VALE3.SA,76.08999633789062,76.0999984741211,76.0199966430664,76.05999755859375,81800
2026-03-19 15:00:00+00:00,VALE3.SA,76.05999755859375,76.25,76.0,76.25,149200
2026-03-19 15:05:00+00:00,VALE3.SA,76.23999786376953,76.4000015258789,76.22000122070312,76.22000122070312,164400
2026-03-19 15:10:00+00:00,VALE3.SA,76.22000122070312,76.41999816894531,76.13999938964844,76.37000274658203,151000
2026-03-19 15:15:00+00:00,VALE3.SA,76.4000015258789,76.44999694824219,76.29000091552734,76.37000274658203,166600
2026-03-19 15:20:00+00:00,VALE3.SA,76.37999725341797,76.44000244140625,76.2699966430664,76.31999969482422,166200
2026-03-19 15:25:00+00:00,VALE3.SA,76.31999969482422,76.33999633789062,76.19000244140625,76.33000183105469,269000
2026-03-19 15:30:00+00:00,VALE3.SA,76.33000183105469,76.3499984741211,76.0,76.0,238000
2026-03-19 15:35:00+00:00,VALE3.SA,76.01000213623047,76.12999725341797,75.94999694824219,76.05999755859375,115300
2026-03-19 15:40:00+00:00,VALE3.SA,76.05999755859375,76.0999984741211,75.87000274658203,75.91000366210938,207300
2026-03-19 15:45:00+00:00,VALE3.SA,75.91999816894531,76.08000183105469,75.7300033569336,75.9800033569336,263300
2026-03-19 15:50:00+00:00,VALE3.SA,76.0,76.08999633789062,75.8499984741211,76.0,143700
2026-03-19 15:55:00+00:00,VALE3.SA,76.0199966430664,76.0999984741211,75.9000015258789,75.91999816894531,152200
2026-03-19 16:00:00+00:00,VALE3.SA,75.94000244140625,76.18000030517578,75.86000061035156,76.0999984741211,126700
2026-03-19 16:05:00+00:00,VALE3.SA,76.12000274658203,76.23999786376953,76.02999877929688,76.05000305175781,79200
2026-03-19 16:10:00+00:00,VALE3.SA,76.04000091552734,76.06999969482422,75.8499984741211,75.87999725341797,75500
2026-03-19 16:15:00+00:00,VALE3.SA,75.9000015258789,75.98999786376953,75.87000274658203,75.93000030517578,152600
2026-03-19 16:20:00+00:00,VALE3.SA,75.93000030517578,75.98999786376953,75.8499984741211,75.94000244140625,134000
2026-03-19 16:25:00+00:00,VALE3.SA,75.95999908447266,75.9800033569336,75.91000366210938,75.95999908447266,120000
2026-03-19 16:30:00+00:00,VALE3.SA,75.9800033569336,76.0199966430664,75.87999725341797,75.97000122070312,126300
2026-03-19 16:35:00+00:00,VALE3.SA,75.97000122070312,76.0199966430664,75.91999816894531,75.93000030517578,100800
2026-03-19 16:40:00+00:00,VALE3.SA,75.93000030517578,76.05999755859375,75.91999816894531,75.9800033569336,74200
2026-03-19 16:45:00+00:00,VALE3.SA,75.98999786376953,76.05000305175781,75.87000274658203,75.91000366210938,102400
2026-03-19 16:50:00+00:00,VALE3.SA,75.91000366210938,75.91000366210938,75.63999938964844,75.8499984741211,195200
2026-03-19 16:55:00+00:00,VALE3.SA,75.87000274658203,75.87000274658203,75.80999755859375,75.81999969482422,75900
2026-03-19 17:00:00+00:00,VALE3.SA,75.81999969482422,75.87000274658203,75.77999877929688,75.79000091552734,139700
2026-03-19 17:05:00+00:00,VALE3.SA,75.76000213623047,75.83000183105469,75.5999984741211,75.6500015258789,180100
2026-03-19 17:10:00+00:00,VALE3.SA,75.68000030517578,75.72000122070312,75.61000061035156,75.6500015258789,98600
2026-03-19 17:15:00+00:00,VALE3.SA,75.62000274658203,75.80000305175781,75.58000183105469,75.72000122070312,160200
2026-03-19 17:20:00+00:00,VALE3.SA,75.73999786376953,75.9000015258789,75.72000122070312,75.77999877929688,151500
2026-03-19 17:25:00+00:00,VALE3.SA,75.80000305175781,75.83000183105469,75.7300033569336,75.76000213623047,137800
2026-03-19 17:30:00+00:00,VALE3.SA,75.79000091552734,75.83000183105469,75.70999908447266,75.72000122070312,92900
2026-03-19 17:35:00+00:00,VALE3.SA,75.72000122070312,75.77999877929688,75.5999984741211,75.66000366210938,181300
2026-03-19 17:40:00+00:00,VALE3.SA,75.68000030517578,75.69000244140625,75.52999877929688,75.52999877929688,280200
2026-03-19 17:45:00+00:00,VALE3.SA,75.52999877929688,75.58000183105469,75.4800033569336,75.52999877929688,119900
2026-03-19 17:50:00+00:00,VALE3.SA,75.52999877929688,75.69999694824219,75.52999877929688,75.6500015258789,220800
2026-03-19 17:55:00+00:00,VALE3.SA,75.66000366210938,75.79000091552734,75.62000274658203,75.79000091552734,269900
2026-03-19 18:00:00+00:00,VALE3.SA,75.77999877929688,75.81999969482422,75.69999694824219,75.7699966430664,118500
2026-03-19 18:05:00+00:00,VALE3.SA,75.77999877929688,75.80000305175781,75.69999694824219,75.80000305175781,82400
2026-03-19 18:10:00+00:00,VALE3.SA,75.80000305175781,75.97000122070312,75.79000091552734,75.88999938964844,133700
2026-03-19 18:15:00+00:00,VALE3.SA,75.91999816894531,75.94000244140625,75.80999755859375,75.87000274658203,99800
2026-03-19 18:20:00+00:00,VALE3.SA,75.87000274658203,76.0,75.86000061035156,75.9800033569336,157900
2026-03-19 18:25:00+00:00,VALE3.SA,75.9800033569336,76.01000213623047,75.91999816894531,76.01000213623047,150800
2026-03-19 18:30:00+00:00,VALE3.SA,76.01000213623047,76.0999984741211,75.97000122070312,76.06999969482422,118500
2026-03-19 18:35:00+00:00,VALE3.SA,76.06999969482422,76.0999984741211,75.98999786376953,76.01000213623047,103800
2026-03-19 18:40:00+00:00,VALE3.SA,76.01000213623047,76.04000091552734,75.93000030517578,75.95999908447266,135400
2026-03-19 18:45:00+00:00,VALE3.SA,75.94999694824219,75.98999786376953,75.91999816894531,75.94000244140625,110300
2026-03-19 18:50:00+00:00,VALE3.SA,75.94000244140625,75.95999908447266,75.80999755859375,75.86000061035156,99600
2026-03-19 18:55:00+00:00,VALE3.SA,75.87999725341797,75.98999786376953,75.83000183105469,75.9800033569336,191800
2026-03-19 19:00:00+00:00,VALE3.SA,75.9800033569336,76.4800033569336,75.97000122070312,76.3499984741211,724700
2026-03-19 19:05:00+00:00,VALE3.SA,76.37999725341797,76.70999908447266,76.3499984741211,76.5,957500
2026-03-19 19:10:00+00:00,VALE3.SA,76.51000213623047,76.69000244140625,76.33000183105469,76.54000091552734,449700
2026-03-19 19:15:00+00:00,VALE3.SA,76.5199966430664,76.5999984741211,76.33999633789062,76.44000244140625,392000
2026-03-19 19:20:00+00:00,VALE3.SA,76.4000015258789,76.41000366210938,76.25,76.30999755859375,230200
2026-03-19 19:25:00+00:00,VALE3.SA,76.31999969482422,76.31999969482422,76.12000274658203,76.26000213623047,164000
2026-03-19 19:30:00+00:00,VALE3.SA,76.27999877929688,76.36000061035156,76.19000244140625,76.27999877929688,389900
2026-03-19 19:35:00+00:00,VALE3.SA,76.27999877929688,76.5999984741211,76.20999908447266,76.56999969482422,770900
2026-03-19 19:40:00+00:00,VALE3.SA,76.56999969482422,76.6500015258789,76.45999908447266,76.58000183105469,338600
2026-03-19 19:45:00+00:00,VALE3.SA,76.56999969482422,76.63999938964844,76.51000213623047,76.54000091552734,304500
2026-03-19 19:50:00+00:00,VALE3.SA,76.56999969482422,76.63999938964844,76.4800033569336,76.61000061035156,204000
2026-03-20 13:00:00+00:00,VALE3.SA,76.20999908447266,76.38999938964844,76.16000366210938,76.16000366210938,0
2026-03-20 13:05:00+00:00,VALE3.SA,76.1500015258789,76.5199966430664,76.05999755859375,76.41000366210938,105800
2026-03-20 13:10:00+00:00,VALE3.SA,76.41999816894531,76.5,76.36000061035156,76.41999816894531,98600
2026-03-20 13:15:00+00:00,VALE3.SA,76.41000366210938,76.43000030517578,76.2699966430664,76.2699966430664,114600
2026-03-20 13:20:00+00:00,VALE3.SA,76.27999877929688,76.4000015258789,76.2699966430664,76.30000305175781,81300
2026-03-20 13:25:00+00:00,VALE3.SA,76.31999969482422,76.33000183105469,76.12000274658203,76.20999908447266,89100
2026-03-20 13:30:00+00:00,VALE3.SA,76.22000122070312,76.69999694824219,76.12999725341797,76.55999755859375,480300
2026-03-20 13:35:00+00:00,VALE3.SA,76.55000305175781,76.69000244140625,76.36000061035156,76.38999938964844,187400
2026-03-20 13:40:00+00:00,VALE3.SA,76.37999725341797,76.63999938964844,76.37999725341797,76.61000061035156,104800
2026-03-20 13:45:00+00:00,VALE3.SA,76.61000061035156,76.66999816894531,76.41999816894531,76.41999816894531,80100
2026-03-20 13:50:00+00:00,VALE3.SA,76.41000366210938,76.44000244140625,76.16999816894531,76.22000122070312,175300
2026-03-20 13:55:00+00:00,VALE3.SA,76.19999694824219,76.2300033569336,76.04000091552734,76.0999984741211,147000
2026-03-20 14:00:00+00:00,VALE3.SA,76.0999984741211,76.16999816894531,75.68000030517578,75.80999755859375,295600
2026-03-20 14:05:00+00:00,VALE3.SA,75.81999969482422,75.9800033569336,75.76000213623047,75.88999938964844,122900
2026-03-20 14:10:00+00:00,VALE3.SA,75.88999938964844,75.9800033569336,75.55000305175781,75.5999984741211,174800
2026-03-20 14:15:00+00:00,VALE3.SA,75.56999969482422,75.62000274658203,75.44000244140625,75.54000091552734,281000
2026-03-20 14:20:00+00:00,VALE3.SA,75.55000305175781,75.5999984741211,75.4000015258789,75.55999755859375,211100
2026-03-20 14:25:00+00:00,VALE3.SA,75.56999969482422,75.66999816894531,75.55000305175781,75.5999984741211,101000
2026-03-20 14:30:00+00:00,VALE3.SA,75.58999633789062,75.8499984741211,75.58999633789062,75.79000091552734,173900
2026-03-20 14:35:00+00:00,VALE3.SA,75.75,75.93000030517578,75.69000244140625,75.7699966430664,151400
2026-03-20 14:40:00+00:00,VALE3.SA,75.7699966430664,75.80000305175781,75.69999694824219,75.7699966430664,107100
2026-03-20 14:45:00+00:00,VALE3.SA,75.7699966430664,75.81999969482422,75.6500015258789,75.76000213623047,71500
2026-03-20 14:50:00+00:00,VALE3.SA,75.76000213623047,75.76000213623047,75.44999694824219,75.45999908447266,172400
2026-03-20 14:55:00+00:00,VALE3.SA,75.48999786376953,75.69999694824219,75.4800033569336,75.58999633789062,111000
2026-03-20 15:00:00+00:00,VALE3.SA,75.5999984741211,75.73999786376953,75.55999755859375,75.62999725341797,95400
2026-03-20 15:05:00+00:00,VALE3.SA,75.62999725341797,75.6500015258789,75.55000305175781,75.58000183105469,77000
2026-03-20 15:10:00+00:00,VALE3.SA,75.58000183105469,75.8499984741211,75.56999969482422,75.83000183105469,105300
2026-03-20 15:15:00+00:00,VALE3.SA,75.86000061035156,75.87999725341797,75.66999816894531,75.66999816894531,243100
2026-03-20 15:20:00+00:00,VALE3.SA,75.69000244140625,75.80999755859375,75.55000305175781,75.55999755859375,286400
2026-03-20 15:25:00+00:00,VALE3.SA,75.58000183105469,75.58999633789062,75.41000366210938,75.54000091552734,214500
2026-03-20 15:30:00+00:00,VALE3.SA,75.51000213623047,75.55999755859375,75.45999908447266,75.52999877929688,69900
2026-03-20 15:35:00+00:00,VALE3.SA,75.54000091552734,75.55999755859375,75.45999908447266,75.5,67800
2026-03-20 15:40:00+00:00,VALE3.SA,75.48999786376953,75.5,75.4000015258789,75.41999816894531,60200
2026-03-20 15:45:00+00:00,VALE3.SA,75.43000030517578,75.43000030517578,75.33999633789062,75.37000274658203,102300
2026-03-20 15:50:00+00:00,VALE3.SA,75.37000274658203,75.44999694824219,75.30000305175781,75.4000015258789,44300
2026-03-20 15:55:00+00:00,VALE3.SA,75.38999938964844,75.48999786376953,75.3499984741211,75.41999816894531,48500
2026-03-20 16:00:00+00:00,VALE3.SA,75.41999816894531,75.5999984741211,75.4000015258789,75.56999969482422,73600
2026-03-20 16:05:00+00:00,VALE3.SA,75.56999969482422,75.58000183105469,75.44999694824219,75.5,65800
2026-03-20 16:10:00+00:00,VALE3.SA,75.48999786376953,75.54000091552734,75.44000244140625,75.45999908447266,50700
2026-03-20 16:15:00+00:00,VALE3.SA,75.48999786376953,75.55999755859375,75.44999694824219,75.54000091552734,103000
2026-03-20 16:20:00+00:00,VALE3.SA,75.55000305175781,75.63999938964844,75.55000305175781,75.5999984741211,82600
2026-03-20 16:25:00+00:00,VALE3.SA,75.5999984741211,75.5999984741211,75.44999694824219,75.44999694824219,94400
2026-03-20 16:30:00+00:00,VALE3.SA,75.44999694824219,75.45999908447266,75.25,75.41999816894531,220400
2026-03-20 16:35:00+00:00,VALE3.SA,75.44000244140625,75.47000122070312,75.33999633789062,75.38999938964844,85800
2026-03-20 16:40:00+00:00,VALE3.SA,75.37000274658203,75.44000244140625,75.36000061035156,75.38999938964844,78700
2026-03-20 16:45:00+00:00,VALE3.SA,75.38999938964844,75.38999938964844,75.30000305175781,75.38999938964844,51800
2026-03-20 16:50:00+00:00,VALE3.SA,75.38999938964844,75.4000015258789,75.2699966430664,75.37999725341797,116600
2026-03-20 16:55:00+00:00,VALE3.SA,75.38999938964844,75.51000213623047,75.38999938964844,75.41000366210938,86500
2026-03-20 17:00:00+00:00,VALE3.SA,75.41000366210938,75.45999908447266,75.37999725341797,75.41999816894531,40200
2026-03-20 17:05:00+00:00,VALE3.SA,75.41999816894531,75.5,75.30000305175781,75.41000366210938,184500
2026-03-20 17:10:00+00:00,VALE3.SA,75.41999816894531,75.44000244140625,75.36000061035156,75.36000061035156,43100
2026-03-20 17:15:00+00:00,VALE3.SA,75.37000274658203,75.4000015258789,75.26000213623047,75.31999969482422,133600
2026-03-20 17:20:00+00:00,VALE3.SA,75.31999969482422,75.48999786376953,75.27999877929688,75.37999725341797,296300
2026-03-20 17:25:00+00:00,VALE3.SA,75.37999725341797,75.4000015258789,75.25,75.30000305175781,76600
2026-03-20 17:30:00+00:00,VALE3.SA,75.31999969482422,75.37000274658203,75.26000213623047,75.30999755859375,133300
2026-03-20 17:35:00+00:00,VALE3.SA,75.31999969482422,75.36000061035156,75.22000122070312,75.29000091552734,4310600
2026-03-20 17:40:00+00:00,VALE3.SA,75.29000091552734,75.31999969482422,75.23999786376953,75.30999755859375,109200
2026-03-20 17:45:00+00:00,VALE3.SA,75.31999969482422,75.37000274658203,75.30000305175781,75.33999633789062,57000
2026-03-20 17:50:00+00:00,VALE3.SA,75.31999969482422,75.41999816894531,75.31999969482422,75.41000366210938,55600
2026-03-20 17:55:00+00:00,VALE3.SA,75.41000366210938,75.44000244140625,75.30999755859375,75.37000274658203,60900
2026-03-20 18:00:00+00:00,VALE3.SA,75.37999725341797,75.4000015258789,75.25,75.26000213623047,191000
2026-03-20 18:05:00+00:00,VALE3.SA,75.25,75.41000366210938,75.20999908447266,75.37000274658203,204500
2026-03-20 18:10:00+00:00,VALE3.SA,75.37000274658203,75.37999725341797,75.2300033569336,75.29000091552734,73500
2026-03-20 18:15:00+00:00,VALE3.SA,75.27999877929688,75.30000305175781,75.20999908447266,75.23999786376953,134800
2026-03-20 18:20:00+00:00,VALE3.SA,75.25,75.26000213623047,74.9800033569336,75.19000244140625,1062500
2026-03-20 18:25:00+00:00,VALE3.SA,75.19999694824219,75.25,75.11000061035156,75.20999908447266,290800
2026-03-20 18:30:00+00:00,VALE3.SA,75.19999694824219,75.23999786376953,75.05999755859375,75.12000274658203,304500
2026-03-20 18:35:00+00:00,VALE3.SA,75.13999938964844,75.16999816894531,75.05999755859375,75.0999984741211,156200
2026-03-20 18:40:00+00:00,VALE3.SA,75.08999633789062,75.13999938964844,74.87999725341797,74.91000366210938,247900
2026-03-20 18:45:00+00:00,VALE3.SA,74.93000030517578,74.97000122070312,74.88999938964844,74.93000030517578,195900
2026-03-20 18:50:00+00:00,VALE3.SA,74.94000244140625,74.9800033569336,74.86000061035156,74.93000030517578,145300
2026-03-20 18:55:00+00:00,VALE3.SA,74.93000030517578,74.97000122070312,74.87000274658203,74.94999694824219,175000
2026-03-20 19:00:00+00:00,VALE3.SA,74.97000122070312,75.08999633789062,74.9000015258789,75.05999755859375,352100
2026-03-20 19:05:00+00:00,VALE3.SA,75.05000305175781,75.0999984741211,74.97000122070312,75.08000183105469,246200
2026-03-20 19:10:00+00:00,VALE3.SA,75.08000183105469,75.08000183105469,74.94999694824219,75.05999755859375,253000
2026-03-20 19:15:00+00:00,VALE3.SA,75.02999877929688,75.08999633789062,74.9800033569336,75.0,269300
2026-03-20 19:20:00+00:00,VALE3.SA,75.0,75.01000213623047,74.88999938964844,74.9000015258789,451600
2026-03-20 19:25:00+00:00,VALE3.SA,74.9000015258789,74.98999786376953,74.87999725341797,74.98999786376953,311100
2026-03-20 19:30:00+00:00,VALE3.SA,74.98999786376953,75.0199966430664,74.7699966430664,74.77999877929688,519100
2026-03-20 19:35:00+00:00,VALE3.SA,74.79000091552734,74.98999786376953,74.70999908447266,74.93000030517578,910900
2026-03-20 19:40:00+00:00,VALE3.SA,74.95999908447266,75.37000274658203,74.93000030517578,75.33999633789062,4414100
2026-03-20 19:45:00+00:00,VALE3.SA,75.37000274658203,75.48999786376953,75.0,75.05000305175781,1476500
2026-03-23 13:05:00+00:00,VALE3.SA,76.55999755859375,76.80000305175781,76.30000305175781,76.41000366210938,140800
2026-03-23 13:10:00+00:00,VALE3.SA,76.47000122070312,76.5,76.20999908447266,76.45999908447266,250900
2026-03-23 13:15:00+00:00,VALE3.SA,76.4800033569336,76.52999877929688,76.31999969482422,76.41000366210938,138600
2026-03-23 13:20:00+00:00,VALE3.SA,76.36000061035156,76.43000030517578,76.06999969482422,76.29000091552734,194000
2026-03-23 13:25:00+00:00,VALE3.SA,76.25,76.29000091552734,76.01000213623047,76.12999725341797,210100
2026-03-23 13:30:00+00:00,VALE3.SA,76.12000274658203,76.79000091552734,75.97000122070312,76.56999969482422,685600
2026-03-23 13:35:00+00:00,VALE3.SA,76.56999969482422,76.88999938964844,76.55999755859375,76.7300033569336,520500
2026-03-23 13:40:00+00:00,VALE3.SA,76.7699966430664,77.29000091552734,76.69000244140625,77.11000061035156,701300
2026-03-23 13:45:00+00:00,VALE3.SA,77.11000061035156,77.25,77.05999755859375,77.18000030517578,212800
2026-03-23 13:50:00+00:00,VALE3.SA,77.19999694824219,77.5199966430664,77.19999694824219,77.47000122070312,263100
2026-03-23 13:55:00+00:00,VALE3.SA,77.44999694824219,77.7300033569336,77.37000274658203,77.70999908447266,300800
2026-03-23 14:00:00+00:00,VALE3.SA,77.7300033569336,77.91000366210938,77.56999969482422,77.66000366210938,361800
2026-03-23 14:05:00+00:00,VALE3.SA,77.63999938964844,77.83000183105469,77.58999633789062,77.81999969482422,346800
2026-03-23 14:10:00+00:00,VALE3.SA,77.83000183105469,77.83000183105469,77.58000183105469,77.6500015258789,233700
2026-03-23 14:15:00+00:00,VALE3.SA,77.63999938964844,77.75,77.52999877929688,77.72000122070312,222000
2026-03-23 14:20:00+00:00,VALE3.SA,77.70999908447266,77.80000305175781,77.6500015258789,77.69999694824219,283800
2026-03-23 14:25:00+00:00,VALE3.SA,77.68000030517578,77.83999633789062,77.62000274658203,77.83999633789062,275100
2026-03-23 14:30:00+00:00,VALE3.SA,77.83000183105469,77.93000030517578,77.68000030517578,77.83000183105469,281200
2026-03-23 14:35:00+00:00,VALE3.SA,77.83000183105469,77.91000366210938,77.70999908447266,77.79000091552734,255000
2026-03-23 14:40:00+00:00,VALE3.SA,77.77999877929688,77.9800033569336,77.76000213623047,77.95999908447266,241300
2026-03-23 14:45:00+00:00,VALE3.SA,77.94999694824219,78.0999984741211,77.86000061035156,77.94999694824219,332000
2026-03-23 14:50:00+00:00,VALE3.SA,77.91999816894531,78.18000030517578,77.80999755859375,78.06999969482422,399300
2026-03-23 14:55:00+00:00,VALE3.SA,78.08000183105469,78.19999694824219,78.06999969482422,78.16999816894531,274800
2026-03-23 15:00:00+00:00,VALE3.SA,78.16999816894531,78.4000015258789,78.12000274658203,78.37000274658203,416100
2026-03-23 15:05:00+00:00,VALE3.SA,78.37000274658203,78.41999816894531,78.27999877929688,78.27999877929688,180200
2026-03-23 15:10:00+00:00,VALE3.SA,78.29000091552734,78.37999725341797,78.26000213623047,78.33000183105469,242000
2026-03-23 15:15:00+00:00,VALE3.SA,78.33000183105469,78.3499984741211,78.12000274658203,78.19999694824219,212900
2026-03-23 15:20:00+00:00,VALE3.SA,78.18000030517578,78.26000213623047,78.02999877929688,78.11000061035156,329600
2026-03-23 15:25:00+00:00,VALE3.SA,78.11000061035156,78.19000244140625,77.91999816894531,78.0,312100
2026-03-23 15:30:00+00:00,VALE3.SA,78.0,78.13999938964844,77.9800033569336,78.0199966430664,340400
2026-03-23 15:35:00+00:00,VALE3.SA,78.0199966430664,78.02999877929688,77.80000305175781,77.83999633789062,330000
2026-03-23 15:40:00+00:00,VALE3.SA,77.83999633789062,77.9800033569336,77.79000091552734,77.91000366210938,176800
2026-03-23 15:45:00+00:00,VALE3.SA,77.91000366210938,77.97000122070312,77.87000274658203,77.93000030517578,159000
2026-03-23 15:50:00+00:00,VALE3.SA,77.91999816894531,78.04000091552734,77.81999969482422,78.0,296700
2026-03-23 15:55:00+00:00,VALE3.SA,78.01000213623047,78.04000091552734,77.63999938964844,77.70999908447266,343900
2026-03-23 16:00:00+00:00,VALE3.SA,77.72000122070312,77.8499984741211,77.66000366210938,77.73999786376953,140400
2026-03-23 16:05:00+00:00,VALE3.SA,77.7300033569336,77.80999755859375,77.68000030517578,77.72000122070312,127800
2026-03-23 16:10:00+00:00,VALE3.SA,77.70999908447266,77.94000244140625,77.69999694824219,77.94000244140625,119500
2026-03-23 16:15:00+00:00,VALE3.SA,77.91999816894531,77.93000030517578,77.73999786376953,77.77999877929688,151700
2026-03-23 16:20:00+00:00,VALE3.SA,77.80999755859375,77.8499984741211,77.72000122070312,77.76000213623047,139600
2026-03-23 16:25:00+00:00,VALE3.SA,77.75,77.79000091552734,77.54000091552734,77.54000091552734,152600
2026-03-23 16:30:00+00:00,VALE3.SA,77.52999877929688,77.63999938964844,77.48999786376953,77.62999725341797,171000
2026-03-23 16:35:00+00:00,VALE3.SA,77.62999725341797,77.77999877929688,77.62000274658203,77.70999908447266,198500
2026-03-23 16:40:00+00:00,VALE3.SA,77.69999694824219,77.80000305175781,77.66000366210938,77.79000091552734,164400
2026-03-23 16:45:00+00:00,VALE3.SA,77.80000305175781,77.87000274658203,77.7300033569336,77.86000061035156,110100
2026-03-23 16:50:00+00:00,VALE3.SA,77.8499984741211,77.91000366210938,77.80000305175781,77.80999755859375,128000
2026-03-23 16:55:00+00:00,VALE3.SA,77.81999969482422,77.83999633789062,77.62999725341797,77.66999816894531,125100
2026-03-23 17:00:00+00:00,VALE3.SA,77.68000030517578,77.7300033569336,77.58000183105469,77.5999984741211,160400
2026-03-23 17:05:00+00:00,VALE3.SA,77.5999984741211,77.76000213623047,77.55000305175781,77.73999786376953,132100
2026-03-23 17:10:00+00:00,VALE3.SA,77.73999786376953,77.73999786376953,77.5,77.54000091552734,131500
2026-03-23 17:15:00+00:00,VALE3.SA,77.54000091552734,77.6500015258789,77.45999908447266,77.62999725341797,125300
2026-03-23 17:20:00+00:00,VALE3.SA,77.62999725341797,77.6500015258789,77.4800033569336,77.5999984741211,156700
2026-03-23 17:25:00+00:00,VALE3.SA,77.5999984741211,77.7300033569336,77.5999984741211,77.66999816894531,155700
2026-03-23 17:30:00+00:00,VALE3.SA,77.68000030517578,77.9000015258789,77.68000030517578,77.9000015258789,197100
2026-03-23 17:35:00+00:00,VALE3.SA,77.91000366210938,78.0,77.86000061035156,77.87000274658203,141500
2026-03-23 17:40:00+00:00,VALE3.SA,77.87000274658203,77.87000274658203,77.6500015258789,77.7699966430664,117800
2026-03-23 17:45:00+00:00,VALE3.SA,77.7699966430664,77.7699966430664,77.69000244140625,77.7300033569336,114400
2026-03-23 17:50:00+00:00,VALE3.SA,77.7300033569336,77.81999969482422,77.72000122070312,77.79000091552734,145200
2026-03-23 17:55:00+00:00,VALE3.SA,77.79000091552734,77.81999969482422,77.70999908447266,77.76000213623047,129700
2026-03-23 18:00:00+00:00,VALE3.SA,77.76000213623047,77.79000091552734,77.70999908447266,77.75,116800
2026-03-23 18:05:00+00:00,VALE3.SA,77.73999786376953,77.7699966430664,77.5199966430664,77.6500015258789,306700
2026-03-23 18:10:00+00:00,VALE3.SA,77.63999938964844,77.7699966430664,77.62999725341797,77.76000213623047,107300
2026-03-23 18:15:00+00:00,VALE3.SA,77.75,77.76000213623047,77.6500015258789,77.72000122070312,137400
2026-03-23 18:20:00+00:00,VALE3.SA,77.70999908447266,77.73999786376953,77.66000366210938,77.72000122070312,94800
2026-03-23 18:25:00+00:00,VALE3.SA,77.72000122070312,77.76000213623047,77.66999816894531,77.69999694824219,151900
2026-03-23 18:30:00+00:00,VALE3.SA,77.70999908447266,77.94000244140625,77.70999908447266,77.91999816894531,226200
2026-03-23 18:35:00+00:00,VALE3.SA,77.91999816894531,78.16999816894531,77.91999816894531,78.02999877929688,354100
2026-03-23 18:40:00+00:00,VALE3.SA,78.05000305175781,78.08999633789062,77.87999725341797,77.94999694824219,149700
2026-03-23 18:45:00+00:00,VALE3.SA,77.91999816894531,78.08999633789062,77.91000366210938,78.0,107800
2026-03-23 18:50:00+00:00,VALE3.SA,77.98999786376953,78.08999633789062,77.91999816894531,78.0,253900
2026-03-23 18:55:00+00:00,VALE3.SA,78.0199966430664,78.05999755859375,77.93000030517578,77.97000122070312,146200
2026-03-23 19:00:00+00:00,VALE3.SA,77.97000122070312,78.0,77.86000061035156,77.87999725341797,148000
2026-03-23 19:05:00+00:00,VALE3.SA,77.87999725341797,77.97000122070312,77.87000274658203,77.94999694824219,616500
2026-03-23 19:10:00+00:00,VALE3.SA,77.95999908447266,77.97000122070312,77.87999725341797,77.91999816894531,132600
2026-03-23 19:15:00+00:00,VALE3.SA,77.93000030517578,77.97000122070312,77.77999877929688,77.87999725341797,302200
2026-03-23 19:20:00+00:00,VALE3.SA,77.88999938964844,77.88999938964844,77.62999725341797,77.72000122070312,269200
2026-03-23 19:25:00+00:00,VALE3.SA,77.7300033569336,77.7300033569336,77.5999984741211,77.66000366210938,186000
2026-03-23 19:30:00+00:00,VALE3.SA,77.66000366210938,77.76000213623047,77.6500015258789,77.66999816894531,739800
2026-03-23 19:35:00+00:00,VALE3.SA,77.68000030517578,77.69999694824219,77.63999938964844,77.68000030517578,2134100
2026-03-23 19:40:00+00:00,VALE3.SA,77.68000030517578,77.73999786376953,77.6500015258789,77.6500015258789,319900
2026-03-23 19:45:00+00:00,VALE3.SA,77.66000366210938,77.77999877929688,77.66000366210938,77.69999694824219,396500
2026-03-23 19:50:00+00:00,VALE3.SA,77.70999908447266,77.81999969482422,77.66000366210938,77.73999786376953,314300
2026-03-24 13:00:00+00:00,VALE3.SA,76.9800033569336,77.13999938964844,76.87000274658203,77.0999984741211,0
2026-03-24 13:05:00+00:00,VALE3.SA,77.08999633789062,77.44999694824219,76.70999908447266,76.80999755859375,229100
2026-03-24 13:10:00+00:00,VALE3.SA,76.80000305175781,76.9800033569336,76.72000122070312,76.7300033569336,115400
2026-03-24 13:15:00+00:00,VALE3.SA,76.73999786376953,76.83999633789062,76.63999938964844,76.69999694824219,88800
2026-03-24 13:20:00+00:00,VALE3.SA,76.69000244140625,76.8499984741211,76.6500015258789,76.83000183105469,106100
2026-03-24 13:25:00+00:00,VALE3.SA,76.80000305175781,76.87000274658203,76.55999755859375,76.81999969482422,154400
2026-03-24 13:30:00+00:00,VALE3.SA,76.79000091552734,77.22000122070312,76.75,77.05999755859375,231600
2026-03-24 13:35:00+00:00,VALE3.SA,77.08000183105469,77.33999633789062,76.94000244140625,77.2300033569336,212500
2026-03-24 13:40:00+00:00,VALE3.SA,77.23999786376953,77.23999786376953,77.05999755859375,77.13999938964844,188900
2026-03-24 13:45:00+00:00,VALE3.SA,77.13999938964844,77.29000091552734,77.05999755859375,77.22000122070312,309600
2026-03-24 13:50:00+00:00,VALE3.SA,77.20999908447266,77.31999969482422,77.08999633789062,77.19000244140625,158800
2026-03-24 13:55:00+00:00,VALE3.SA,77.19000244140625,77.5199966430664,77.19000244140625,77.47000122070312,195600
2026-03-24 14:00:00+00:00,VALE3.SA,77.45999908447266,77.86000061035156,77.41000366210938,77.86000061035156,239500
2026-03-24 14:05:00+00:00,VALE3.SA,77.86000061035156,77.86000061035156,77.61000061035156,77.72000122070312,141700
2026-03-24 14:10:00+00:00,VALE3.SA,77.73999786376953,77.80000305175781,77.5,77.68000030517578,125600
2026-03-24 14:15:00+00:00,VALE3.SA,77.66999816894531,77.69000244140625,77.51000213623047,77.56999969482422,114300
2026-03-24 14:20:00+00:00,VALE3.SA,77.55999755859375,77.75,77.55000305175781,77.72000122070312,126600
2026-03-24 14:25:00+00:00,VALE3.SA,77.73999786376953,77.83000183105469,77.5999984741211,77.69000244140625,136200
2026-03-24 14:30:00+00:00,VALE3.SA,77.66999816894531,77.83000183105469,77.66000366210938,77.81999969482422,123800
2026-03-24 14:35:00+00:00,VALE3.SA,77.81999969482422,77.86000061035156,77.66000366210938,77.79000091552734,163800
2026-03-24 14:40:00+00:00,VALE3.SA,77.76000213623047,77.94999694824219,77.70999908447266,77.9000015258789,160100
2026-03-24 14:45:00+00:00,VALE3.SA,77.88999938964844,78.05000305175781,77.73999786376953,77.7699966430664,252500
2026-03-24 14:50:00+00:00,VALE3.SA,77.7699966430664,78.19000244140625,77.69999694824219,77.95999908447266,286100
2026-03-24 14:55:00+00:00,VALE3.SA,77.94999694824219,78.04000091552734,77.7699966430664,77.94999694824219,344600
2026-03-24 15:00:00+00:00,VALE3.SA,77.94999694824219,78.11000061035156,77.87000274658203,78.06999969482422,227800
2026-03-24 15:05:00+00:00,VALE3.SA,78.06999969482422,78.08999633789062,78.01000213623047,78.06999969482422,92400
2026-03-24 15:10:00+00:00,VALE3.SA,78.08000183105469,78.08000183105469,77.91999816894531,77.95999908447266,166000
2026-03-24 15:15:00+00:00,VALE3.SA,77.97000122070312,78.0,77.87000274658203,77.91000366210938,220700
2026-03-24 15:20:00+00:00,VALE3.SA,77.91999816894531,78.08000183105469,77.86000061035156,78.08000183105469,101400
2026-03-24 15:25:00+00:00,VALE3.SA,78.06999969482422,78.12000274658203,78.04000091552734,78.11000061035156,69500
2026-03-24 15:30:00+00:00,VALE3.SA,78.11000061035156,78.12999725341797,77.97000122070312,78.05999755859375,119100
2026-03-24 15:35:00+00:00,VALE3.SA,78.04000091552734,78.16000366210938,78.04000091552734,78.06999969482422,68500
2026-03-24 15:40:00+00:00,VALE3.SA,78.08000183105469,78.12000274658203,78.05999755859375,78.08000183105469,28000
2026-03-24 15:45:00+00:00,VALE3.SA,78.08999633789062,78.12000274658203,78.02999877929688,78.08999633789062,62300
2026-03-24 15:50:00+00:00,VALE3.SA,78.08999633789062,78.16000366210938,78.08999633789062,78.11000061035156,56600
2026-03-24 15:55:00+00:00,VALE3.SA,78.11000061035156,78.11000061035156,77.97000122070312,78.04000091552734,169200
2026-03-24 16:00:00+00:00,VALE3.SA,78.05999755859375,78.08999633789062,77.98999786376953,77.98999786376953,81500
2026-03-24 16:05:00+00:00,VALE3.SA,77.9800033569336,78.01000213623047,77.87999725341797,77.97000122070312,107400
2026-03-24 16:10:00+00:00,VALE3.SA,77.97000122070312,78.0,77.9000015258789,77.94000244140625,78100
2026-03-24 16:15:00+00:00,VALE3.SA,77.93000030517578,78.0999984741211,77.93000030517578,78.08999633789062,74000
2026-03-24 16:20:00+00:00,VALE3.SA,78.08999633789062,78.18000030517578,78.06999969482422,78.13999938964844,63700
2026-03-24 16:25:00+00:00,VALE3.SA,78.1500015258789,78.30999755859375,78.13999938964844,78.30000305175781,129200
2026-03-24 16:30:00+00:00,VALE3.SA,78.29000091552734,78.37999725341797,78.2699966430664,78.37000274658203,60700
2026-03-24 16:35:00+00:00,VALE3.SA,78.38999938964844,78.38999938964844,78.27999877929688,78.31999969482422,272300
2026-03-24 16:40:00+00:00,VALE3.SA,78.30999755859375,78.3499984741211,78.2699966430664,78.29000091552734,96100
2026-03-24 16:45:00+00:00,VALE3.SA,78.29000091552734,78.41000366210938,78.29000091552734,78.3499984741211,119500
2026-03-24 16:50:00+00:00,VALE3.SA,78.36000061035156,78.38999938964844,78.30000305175781,78.33999633789062,83100
2026-03-24 16:55:00+00:00,VALE3.SA,78.33000183105469,78.36000061035156,78.2699966430664,78.30999755859375,79200
2026-03-24 17:00:00+00:00,VALE3.SA,78.30999755859375,78.3499984741211,78.12000274658203,78.12999725341797,222200
2026-03-24 17:05:00+00:00,VALE3.SA,78.12999725341797,78.12999725341797,77.93000030517578,77.93000030517578,166500
2026-03-24 17:10:00+00:00,VALE3.SA,77.93000030517578,78.05000305175781,77.93000030517578,78.01000213623047,73200
2026-03-24 17:15:00+00:00,VALE3.SA,78.01000213623047,78.02999877929688,77.83000183105469,77.8499984741211,97300
2026-03-24 17:20:00+00:00,VALE3.SA,77.8499984741211,77.97000122070312,77.8499984741211,77.87999725341797,51600
2026-03-24 17:25:00+00:00,VALE3.SA,77.86000061035156,77.91999816894531,77.83000183105469,77.88999938964844,142300
2026-03-24 17:30:00+00:00,VALE3.SA,77.87999725341797,77.97000122070312,77.76000213623047,77.76000213623047,99200
2026-03-24 17:35:00+00:00,VALE3.SA,77.7699966430664,77.83999633789062,77.73999786376953,77.83999633789062,41800
2026-03-24 17:40:00+00:00,VALE3.SA,77.86000061035156,77.94000244140625,77.77999877929688,77.77999877929688,119000
2026-03-24 17:45:00+00:00,VALE3.SA,77.77999877929688,77.9000015258789,77.77999877929688,77.86000061035156,68700
2026-03-24 17:50:00+00:00,VALE3.SA,77.8499984741211,77.9800033569336,77.76000213623047,77.7699966430664,214600
2026-03-24 17:55:00+00:00,VALE3.SA,77.77999877929688,77.88999938964844,77.76000213623047,77.86000061035156,141800
2026-03-24 18:00:00+00:00,VALE3.SA,77.87000274658203,77.95999908447266,77.81999969482422,77.94000244140625,90100
2026-03-24 18:05:00+00:00,VALE3.SA,77.93000030517578,78.0199966430664,77.9000015258789,77.9000015258789,64900
2026-03-24 18:10:00+00:00,VALE3.SA,77.91000366210938,77.95999908447266,77.88999938964844,77.9000015258789,56800
2026-03-24 18:15:00+00:00,VALE3.SA,77.9000015258789,78.0,77.9000015258789,78.0,74900
2026-03-24 18:20:00+00:00,VALE3.SA,78.0199966430664,78.0199966430664,77.93000030517578,77.98999786376953,62900
2026-03-24 18:25:00+00:00,VALE3.SA,78.0,78.1500015258789,78.0,78.05999755859375,397700
2026-03-24 18:30:00+00:00,VALE3.SA,78.06999969482422,78.20999908447266,78.02999877929688,78.13999938964844,84000
2026-03-24 18:35:00+00:00,VALE3.SA,78.13999938964844,78.26000213623047,78.0999984741211,78.26000213623047,88400
2026-03-24 18:40:00+00:00,VALE3.SA,78.26000213623047,78.26000213623047,78.0199966430664,78.0999984741211,69400
2026-03-24 18:45:00+00:00,VALE3.SA,78.0999984741211,78.12000274658203,78.04000091552734,78.0999984741211,87800
2026-03-24 18:50:00+00:00,VALE3.SA,78.0999984741211,78.19000244140625,78.08999633789062,78.16000366210938,87500
2026-03-24 18:55:00+00:00,VALE3.SA,78.1500015258789,78.16000366210938,78.05000305175781,78.0999984741211,60900
2026-03-24 19:00:00+00:00,VALE3.SA,78.08999633789062,78.22000122070312,78.08000183105469,78.12999725341797,100900
2026-03-24 19:05:00+00:00,VALE3.SA,78.12999725341797,78.18000030517578,78.05000305175781,78.16999816894531,96000
2026-03-24 19:10:00+00:00,VALE3.SA,78.16000366210938,78.19000244140625,78.1500015258789,78.16000366210938,90600
2026-03-24 19:15:00+00:00,VALE3.SA,78.18000030517578,78.19000244140625,78.05000305175781,78.0999984741211,100000
2026-03-24 19:20:00+00:00,VALE3.SA,78.0999984741211,78.13999938964844,78.0199966430664,78.0999984741211,183200
2026-03-24 19:25:00+00:00,VALE3.SA,78.11000061035156,78.12000274658203,78.02999877929688,78.05000305175781,79200
2026-03-24 19:30:00+00:00,VALE3.SA,78.05000305175781,78.19999694824219,78.0,78.18000030517578,118800
2026-03-24 19:35:00+00:00,VALE3.SA,78.19999694824219,78.22000122070312,78.0999984741211,78.1500015258789,3141100
2026-03-24 19:40:00+00:00,VALE3.SA,78.1500015258789,78.29000091552734,78.12999725341797,78.26000213623047,156300
2026-03-24 19:45:00+00:00,VALE3.SA,78.26000213623047,78.29000091552734,78.22000122070312,78.22000122070312,132800
2026-03-24 19:50:00+00:00,VALE3.SA,78.22000122070312,78.30000305175781,78.20999908447266,78.30000305175781,183000
2026-03-25 13:10:00+00:00,VALE3.SA,79.19999694824219,79.41000366210938,79.0,79.30999755859375,127300
2026-03-25 13:15:00+00:00,VALE3.SA,79.30000305175781,79.51000213623047,79.2699966430664,79.37999725341797,229000
2026-03-25 13:20:00+00:00,VALE3.SA,79.4000015258789,79.41000366210938,79.26000213623047,79.36000061035156,141500
2026-03-25 13:25:00+00:00,VALE3.SA,79.31999969482422,79.47000122070312,79.26000213623047,79.33000183105469,139400
2026-03-25 13:30:00+00:00,VALE3.SA,79.3499984741211,79.69999694824219,79.3499984741211,79.38999938964844,392200
2026-03-25 13:35:00+00:00,VALE3.SA,79.38999938964844,79.73999786376953,79.38999938964844,79.66999816894531,280700
2026-03-25 13:40:00+00:00,VALE3.SA,79.62999725341797,79.77999877929688,79.58000183105469,79.62999725341797,179200
2026-03-25 13:45:00+00:00,VALE3.SA,79.63999938964844,79.72000122070312,79.38999938964844,79.41000366210938,425900
2026-03-25 13:50:00+00:00,VALE3.SA,79.41999816894531,79.58000183105469,79.27999877929688,79.52999877929688,185100
2026-03-25 13:55:00+00:00,VALE3.SA,79.55000305175781,79.5999984741211,79.45999908447266,79.5,125000
2026-03-25 14:00:00+00:00,VALE3.SA,79.5199966430664,79.68000030517578,79.41000366210938,79.56999969482422,117800
2026-03-25 14:05:00+00:00,VALE3.SA,79.56999969482422,79.62000274658203,79.44999694824219,79.58000183105469,130400
2026-03-25 14:10:00+00:00,VALE3.SA,79.5999984741211,79.66000366210938,79.4800033569336,79.6500015258789,105800
2026-03-25 14:15:00+00:00,VALE3.SA,79.6500015258789,79.79000091552734,79.6500015258789,79.73999786376953,167800
2026-03-25 14:20:00+00:00,VALE3.SA,79.72000122070312,79.94999694824219,79.69999694824219,79.70999908447266,533800
2026-03-25 14:25:00+00:00,VALE3.SA,79.72000122070312,79.88999938964844,79.69999694824219,79.80000305175781,211600
2026-03-25 14:30:00+00:00,VALE3.SA,79.77999877929688,79.91000366210938,79.70999908447266,79.9000015258789,114500
2026-03-25 14:35:00+00:00,VALE3.SA,79.9000015258789,79.94000244140625,79.80999755859375,79.86000061035156,137800
2026-03-25 14:40:00+00:00,VALE3.SA,79.87000274658203,79.93000030517578,79.80999755859375,79.88999938964844,295600
2026-03-25 14:45:00+00:00,VALE3.SA,79.87000274658203,80.12999725341797,79.87000274658203,80.11000061035156,706000
2026-03-25 14:50:00+00:00,VALE3.SA,80.11000061035156,80.25,80.05999755859375,80.08999633789062,260400
2026-03-25 14:55:00+00:00,VALE3.SA,80.08000183105469,80.12000274658203,79.91000366210938,79.93000030517578,198000
2026-03-25 15:00:00+00:00,VALE3.SA,79.94000244140625,79.97000122070312,79.81999969482422,79.83000183105469,206200
2026-03-25 15:05:00+00:00,VALE3.SA,79.83000183105469,79.9000015258789,79.77999877929688,79.80000305175781,226500
2026-03-25 15:10:00+00:00,VALE3.SA,79.80999755859375,79.83000183105469,79.6500015258789,79.75,528700
2026-03-25 15:15:00+00:00,VALE3.SA,79.75,79.75,79.4000015258789,79.47000122070312,563900
2026-03-25 15:20:00+00:00,VALE3.SA,79.5,79.7699966430664,79.5,79.72000122070312,396800
2026-03-25 15:25:00+00:00,VALE3.SA,79.70999908447266,79.72000122070312,79.63999938964844,79.68000030517578,96000
2026-03-25 15:30:00+00:00,VALE3.SA,79.68000030517578,79.7699966430664,79.66000366210938,79.66000366210938,126500
2026-03-25 15:35:00+00:00,VALE3.SA,79.66999816894531,79.69000244140625,79.45999908447266,79.54000091552734,198400
2026-03-25 15:40:00+00:00,VALE3.SA,79.56999969482422,79.68000030517578,79.55999755859375,79.62999725341797,93500
2026-03-25 15:45:00+00:00,VALE3.SA,79.63999938964844,79.7699966430664,79.58999633789062,79.66999816894531,0
2026-03-25 15:50:00+00:00,VALE3.SA,79.66999816894531,79.77999877929688,79.56999969482422,79.63999938964844,0
2026-03-25 15:55:00+00:00,VALE3.SA,79.62000274658203,79.72000122070312,79.58000183105469,79.5999984741211,148100
2026-03-25 16:00:00+00:00,VALE3.SA,79.62999725341797,79.63999938964844,79.5,79.55000305175781,179600
2026-03-25 16:05:00+00:00,VALE3.SA,79.5199966430664,79.52999877929688,79.41999816894531,79.47000122070312,77200
2026-03-25 16:10:00+00:00,VALE3.SA,79.47000122070312,79.48999786376953,79.4000015258789,79.44999694824219,115100
2026-03-25 16:15:00+00:00,VALE3.SA,79.41999816894531,79.4800033569336,79.30000305175781,79.33000183105469,239800
2026-03-25 16:20:00+00:00,VALE3.SA,79.31999969482422,79.4800033569336,79.25,79.4800033569336,154900
2026-03-25 16:25:00+00:00,VALE3.SA,79.4800033569336,79.58999633789062,79.3499984741211,79.37000274658203,133700
2026-03-25 16:30:00+00:00,VALE3.SA,79.38999938964844,79.54000091552734,79.33999633789062,79.43000030517578,188100
2026-03-25 16:35:00+00:00,VALE3.SA,79.44000244140625,79.5999984741211,79.41000366210938,79.58999633789062,149200
2026-03-25 16:40:00+00:00,VALE3.SA,79.58000183105469,79.62000274658203,79.51000213623047,79.54000091552734,76900
2026-03-25 16:45:00+00:00,VALE3.SA,79.54000091552734,79.55999755859375,79.44999694824219,79.48999786376953,103800
2026-03-25 16:50:00+00:00,VALE3.SA,79.48999786376953,79.54000091552734,79.4000015258789,79.48999786376953,95600
2026-03-25 16:55:00+00:00,VALE3.SA,79.51000213623047,79.58000183105469,79.45999908447266,79.4800033569336,105000
2026-03-25 17:00:00+00:00,VALE3.SA,79.48999786376953,79.55000305175781,79.41000366210938,79.45999908447266,100100
2026-03-25 17:05:00+00:00,VALE3.SA,79.45999908447266,79.47000122070312,79.37999725341797,79.37999725341797,62300
2026-03-25 17:10:00+00:00,VALE3.SA,79.37999725341797,79.41000366210938,79.19999694824219,79.30000305175781,371400
2026-03-25 17:15:00+00:00,VALE3.SA,79.30000305175781,79.33999633789062,79.2300033569336,79.30999755859375,134300
2026-03-25 17:20:00+00:00,VALE3.SA,79.30000305175781,79.38999938964844,79.26000213623047,79.30000305175781,158700
2026-03-25 17:25:00+00:00,VALE3.SA,79.30000305175781,79.33999633789062,79.2300033569336,79.2300033569336,101100
2026-03-25 17:30:00+00:00,VALE3.SA,79.25,79.33000183105469,79.22000122070312,79.31999969482422,110600
2026-03-25 17:35:00+00:00,VALE3.SA,79.30000305175781,79.41000366210938,79.27999877929688,79.38999938964844,270200
2026-03-25 17:40:00+00:00,VALE3.SA,79.4000015258789,79.55999755859375,79.37000274658203,79.44999694824219,265600
2026-03-25 17:45:00+00:00,VALE3.SA,79.48999786376953,79.48999786376953,79.31999969482422,79.3499984741211,60200
2026-03-25 17:50:00+00:00,VALE3.SA,79.33999633789062,79.41999816894531,79.08999633789062,79.19000244140625,218900
2026-03-25 17:55:00+00:00,VALE3.SA,79.19000244140625,79.37999725341797,79.13999938964844,79.23999786376953,112800
2026-03-25 18:00:00+00:00,VALE3.SA,79.23999786376953,79.38999938964844,79.19999694824219,79.33999633789062,90600
2026-03-25 18:05:00+00:00,VALE3.SA,79.3499984741211,79.66999816894531,79.3499984741211,79.63999938964844,171900
2026-03-25 18:10:00+00:00,VALE3.SA,79.63999938964844,79.7300033569336,79.5999984741211,79.68000030517578,154800
2026-03-25 18:15:00+00:00,VALE3.SA,79.69999694824219,79.75,79.62000274658203,79.66000366210938,207100
2026-03-25 18:20:00+00:00,VALE3.SA,79.66000366210938,79.76000213623047,79.63999938964844,79.68000030517578,143400
2026-03-25 18:25:00+00:00,VALE3.SA,79.68000030517578,79.69000244140625,79.5199966430664,79.5199966430664,189300
2026-03-25 18:30:00+00:00,VALE3.SA,79.5199966430664,79.66000366210938,79.5199966430664,79.63999938964844,119700
2026-03-25 18:35:00+00:00,VALE3.SA,79.63999938964844,79.66000366210938,79.58000183105469,79.61000061035156,123200
2026-03-25 18:40:00+00:00,VALE3.SA,79.58999633789062,79.58999633789062,79.43000030517578,79.5199966430664,84000
2026-03-25 18:45:00+00:00,VALE3.SA,79.5199966430664,79.54000091552734,79.45999908447266,79.47000122070312,62800
2026-03-25 18:50:00+00:00,VALE3.SA,79.47000122070312,79.56999969482422,79.47000122070312,79.55999755859375,83200
2026-03-25 18:55:00+00:00,VALE3.SA,79.55999755859375,79.58000183105469,79.29000091552734,79.5,149300
2026-03-25 19:00:00+00:00,VALE3.SA,79.5,79.52999877929688,79.36000061035156,79.38999938964844,353600
2026-03-25 19:05:00+00:00,VALE3.SA,79.38999938964844,79.41999816894531,79.27999877929688,79.27999877929688,140600
2026-03-25 19:10:00+00:00,VALE3.SA,79.27999877929688,79.30999755859375,79.16999816894531,79.27999877929688,128400
2026-03-25 19:15:00+00:00,VALE3.SA,79.26000213623047,79.37999725341797,79.26000213623047,79.37000274658203,174200
2026-03-25 19:20:00+00:00,VALE3.SA,79.37000274658203,79.4800033569336,79.36000061035156,79.41000366210938,113600
2026-03-25 19:25:00+00:00,VALE3.SA,79.41000366210938,79.44000244140625,79.25,79.30000305175781,160300
2026-03-25 19:30:00+00:00,VALE3.SA,79.29000091552734,79.30999755859375,79.25,79.26000213623047,114600
2026-03-25 19:35:00+00:00,VALE3.SA,79.27999877929688,79.36000061035156,79.23999786376953,79.27999877929688,98400
2026-03-25 19:40:00+00:00,VALE3.SA,79.30999755859375,79.44000244140625,79.30000305175781,79.31999969482422,166200
2026-03-25 19:45:00+00:00,VALE3.SA,79.33000183105469,79.37000274658203,79.26000213623047,79.33999633789062,1889700
2026-03-25 19:50:00+00:00,VALE3.SA,79.33999633789062,79.41999816894531,79.26000213623047,79.2699966430664,305300
2026-03-26 13:05:00+00:00,VALE3.SA,78.12999725341797,78.4800033569336,78.01000213623047,78.22000122070312,105200
2026-03-26 13:10:00+00:00,VALE3.SA,78.22000122070312,78.69999694824219,78.19999694824219,78.63999938964844,298800
2026-03-26 13:15:00+00:00,VALE3.SA,78.5999984741211,78.7699966430664,78.55000305175781,78.66999816894531,185800
2026-03-26 13:20:00+00:00,VALE3.SA,78.66999816894531,78.75,78.63999938964844,78.68000030517578,92500
2026-03-26 13:25:00+00:00,VALE3.SA,78.72000122070312,78.72000122070312,78.55999755859375,78.55999755859375,151000
2026-03-26 13:30:00+00:00,VALE3.SA,78.56999969482422,79.05000305175781,78.51000213623047,79.0199966430664,484500
2026-03-26 13:35:00+00:00,VALE3.SA,79.02999877929688,79.1500015258789,78.95999908447266,78.95999908447266,256500
2026-03-26 13:40:00+00:00,VALE3.SA,78.9800033569336,79.0999984741211,78.73999786376953,78.97000122070312,175300
2026-03-26 13:45:00+00:00,VALE3.SA,78.9800033569336,79.29000091552734,78.94999694824219,79.26000213623047,224500
2026-03-26 13:50:00+00:00,VALE3.SA,79.2699966430664,79.3499984741211,79.16999816894531,79.30999755859375,161400
2026-03-26 13:55:00+00:00,VALE3.SA,79.29000091552734,79.37000274658203,79.05999755859375,79.26000213623047,368400
2026-03-26 14:00:00+00:00,VALE3.SA,79.2699966430664,79.43000030517578,79.1500015258789,79.3499984741211,119900
2026-03-26 14:05:00+00:00,VALE3.SA,79.3499984741211,79.36000061035156,79.13999938964844,79.23999786376953,184800
2026-03-26 14:10:00+00:00,VALE3.SA,79.27999877929688,79.4000015258789,79.11000061035156,79.4000015258789,221100
2026-03-26 14:15:00+00:00,VALE3.SA,79.4000015258789,79.58999633789062,79.38999938964844,79.47000122070312,325600
2026-03-26 14:20:00+00:00,VALE3.SA,79.48999786376953,79.58999633789062,79.43000030517578,79.4800033569336,66700
2026-03-26 14:25:00+00:00,VALE3.SA,79.47000122070312,79.51000213623047,79.4000015258789,79.41999816894531,37500
2026-03-26 14:30:00+00:00,VALE3.SA,79.41999816894531,79.54000091552734,79.41000366210938,79.54000091552734,107600
2026-03-26 14:35:00+00:00,VALE3.SA,79.55000305175781,79.55000305175781,79.08000183105469,79.18000030517578,113200
2026-03-26 14:40:00+00:00,VALE3.SA,79.19000244140625,79.31999969482422,78.81999969482422,78.87000274658203,344900
2026-03-26 14:45:00+00:00,VALE3.SA,78.86000061035156,78.9800033569336,78.72000122070312,78.8499984741211,319300
2026-03-26 14:50:00+00:00,VALE3.SA,78.83000183105469,78.95999908447266,78.75,78.7699966430664,286400
2026-03-26 14:55:00+00:00,VALE3.SA,78.73999786376953,78.95999908447266,78.69999694824219,78.91999816894531,151900
2026-03-26 15:00:00+00:00,VALE3.SA,78.94999694824219,79.06999969482422,78.91000366210938,78.94000244140625,87000
2026-03-26 15:05:00+00:00,VALE3.SA,78.94000244140625,79.02999877929688,78.87000274658203,78.88999938964844,103000
2026-03-26 15:10:00+00:00,VALE3.SA,78.9000015258789,79.04000091552734,78.9000015258789,78.91000366210938,72500
2026-03-26 15:15:00+00:00,VALE3.SA,78.94000244140625,78.95999908447266,78.86000061035156,78.93000030517578,34200
2026-03-26 15:20:00+00:00,VALE3.SA,78.94999694824219,78.9800033569336,78.88999938964844,78.95999908447266,34000
2026-03-26 15:25:00+00:00,VALE3.SA,78.97000122070312,79.04000091552734,78.94999694824219,79.01000213623047,59900
2026-03-26 15:30:00+00:00,VALE3.SA,79.01000213623047,79.04000091552734,78.91000366210938,79.0,88400
2026-03-26 15:35:00+00:00,VALE3.SA,79.0,79.04000091552734,78.86000061035156,78.91000366210938,49500
2026-03-26 15:40:00+00:00,VALE3.SA,78.9000015258789,79.0,78.8499984741211,78.8499984741211,48400
2026-03-26 15:45:00+00:00,VALE3.SA,78.87999725341797,79.05000305175781,78.80000305175781,79.01000213623047,183800
2026-03-26 15:50:00+00:00,VALE3.SA,79.0,79.1500015258789,79.0,79.0999984741211,46300
2026-03-26 15:55:00+00:00,VALE3.SA,79.0999984741211,79.11000061035156,79.01000213623047,79.05000305175781,54200
2026-03-26 16:00:00+00:00,VALE3.SA,79.05000305175781,79.12000274658203,79.02999877929688,79.02999877929688,136100
2026-03-26 16:05:00+00:00,VALE3.SA,79.02999877929688,79.08000183105469,78.94999694824219,78.95999908447266,54000
2026-03-26 16:10:00+00:00,VALE3.SA,78.9800033569336,79.08999633789062,78.94999694824219,79.08999633789062,30900
2026-03-26 16:15:00+00:00,VALE3.SA,79.05999755859375,79.06999969482422,78.83000183105469,78.93000030517578,103900
2026-03-26 16:20:00+00:00,VALE3.SA,78.93000030517578,78.93000030517578,78.70999908447266,78.77999877929688,152800
2026-03-26 16:25:00+00:00,VALE3.SA,78.75,78.77999877929688,78.55000305175781,78.55999755859375,127700
2026-03-26 16:30:00+00:00,VALE3.SA,78.56999969482422,78.83000183105469,78.55000305175781,78.83000183105469,191300
2026-03-26 16:35:00+00:00,VALE3.SA,78.83999633789062,78.86000061035156,78.6500015258789,78.66999816894531,102900
2026-03-26 16:40:00+00:00,VALE3.SA,78.68000030517578,78.73999786376953,78.61000061035156,78.70999908447266,97700
2026-03-26 16:45:00+00:00,VALE3.SA,78.73999786376953,78.75,78.69000244140625,78.73999786376953,30700
2026-03-26 16:50:00+00:00,VALE3.SA,78.7300033569336,78.83999633789062,78.69999694824219,78.83000183105469,153600
2026-03-26 16:55:00+00:00,VALE3.SA,78.81999969482422,78.8499984741211,78.75,78.83000183105469,52300
2026-03-26 17:00:00+00:00,VALE3.SA,78.83000183105469,78.9000015258789,78.69000244140625,78.72000122070312,103200
2026-03-26 17:05:00+00:00,VALE3.SA,78.70999908447266,78.7699966430664,78.6500015258789,78.66999816894531,58100
2026-03-26 17:10:00+00:00,VALE3.SA,78.6500015258789,78.6500015258789,78.5,78.51000213623047,177100
2026-03-26 17:15:00+00:00,VALE3.SA,78.51000213623047,78.6500015258789,78.51000213623047,78.55999755859375,143500
2026-03-26 17:20:00+00:00,VALE3.SA,78.58000183105469,78.58999633789062,78.43000030517578,78.52999877929688,121200
2026-03-26 17:25:00+00:00,VALE3.SA,78.52999877929688,78.54000091552734,78.41000366210938,78.5,90700
2026-03-26 17:30:00+00:00,VALE3.SA,78.51000213623047,78.61000061035156,78.44999694824219,78.61000061035156,47700
2026-03-26 17:35:00+00:00,VALE3.SA,78.61000061035156,78.63999938964844,78.55000305175781,78.56999969482422,42400
2026-03-26 17:40:00+00:00,VALE3.SA,78.56999969482422,78.56999969482422,78.5199966430664,78.56999969482422,23900
2026-03-26 17:45:00+00:00,VALE3.SA,78.56999969482422,78.63999938964844,78.54000091552734,78.61000061035156,50000
2026-03-26 17:50:00+00:00,VALE3.SA,78.62000274658203,78.62000274658203,78.4000015258789,78.43000030517578,155600
2026-03-26 17:55:00+00:00,VALE3.SA,78.41999816894531,78.5,78.37000274658203,78.41999816894531,113500
2026-03-26 18:00:00+00:00,VALE3.SA,78.44000244140625,78.66999816894531,78.41999816894531,78.63999938964844,147900
2026-03-26 18:05:00+00:00,VALE3.SA,78.63999938964844,78.79000091552734,78.63999938964844,78.76000213623047,83000
2026-03-26 18:10:00+00:00,VALE3.SA,78.7699966430664,78.81999969482422,78.72000122070312,78.76000213623047,93400
2026-03-26 18:15:00+00:00,VALE3.SA,78.73999786376953,78.7699966430664,78.54000091552734,78.61000061035156,194400
2026-03-26 18:20:00+00:00,VALE3.SA,78.61000061035156,78.66000366210938,78.55000305175781,78.58999633789062,115000
2026-03-26 18:25:00+00:00,VALE3.SA,78.56999969482422,78.5999984741211,78.48999786376953,78.5199966430664,78900
2026-03-26 18:30:00+00:00,VALE3.SA,78.5199966430664,78.66999816894531,78.5199966430664,78.63999938964844,61400
2026-03-26 18:35:00+00:00,VALE3.SA,78.66999816894531,78.73999786376953,78.6500015258789,78.72000122070312,71700
2026-03-26 18:40:00+00:00,VALE3.SA,78.7300033569336,78.76000213623047,78.6500015258789,78.68000030517578,61500
2026-03-26 18:45:00+00:00,VALE3.SA,78.66000366210938,78.72000122070312,78.63999938964844,78.69000244140625,59100
2026-03-26 18:50:00+00:00,VALE3.SA,78.69999694824219,78.77999877929688,78.66000366210938,78.77999877929688,148000
2026-03-26 18:55:00+00:00,VALE3.SA,78.76000213623047,78.87000274658203,78.73999786376953,78.83000183105469,126400
2026-03-26 19:00:00+00:00,VALE3.SA,78.80999755859375,78.8499984741211,78.68000030517578,78.69000244140625,86800
2026-03-26 19:05:00+00:00,VALE3.SA,78.69000244140625,78.7300033569336,78.52999877929688,78.58000183105469,120500
2026-03-26 19:10:00+00:00,VALE3.SA,78.58000183105469,78.5999984741211,78.5199966430664,78.5999984741211,89500
2026-03-26 19:15:00+00:00,VALE3.SA,78.5999984741211,78.73999786376953,78.58000183105469,78.72000122070312,76900
2026-03-26 19:20:00+00:00,VALE3.SA,78.70999908447266,78.80000305175781,78.68000030517578,78.69000244140625,1111600
2026-03-26 19:25:00+00:00,VALE3.SA,78.69000244140625,78.72000122070312,78.66000366210938,78.69000244140625,52000
2026-03-26 19:30:00+00:00,VALE3.SA,78.69000244140625,78.70999908447266,78.55999755859375,78.63999938964844,84800
2026-03-26 19:35:00+00:00,VALE3.SA,78.63999938964844,78.76000213623047,78.62000274658203,78.69000244140625,158300
2026-03-26 19:40:00+00:00,VALE3.SA,78.69000244140625,78.69999694824219,78.5999984741211,78.63999938964844,189300
2026-03-26 19:45:00+00:00,VALE3.SA,78.63999938964844,78.69000244140625,78.58999633789062,78.69000244140625,185400
2026-03-26 19:50:00+00:00,VALE3.SA,78.69999694824219,78.83999633789062,78.66000366210938,78.76000213623047,335700
2026-03-26 19:55:00+00:00,VALE3.SA,78.75,78.75,78.75,78.75,200
2026-03-27 13:00:00+00:00,VALE3.SA,78.47000122070312,78.58000183105469,78.16999816894531,78.23999786376953,0
2026-03-27 13:05:00+00:00,VALE3.SA,78.31999969482422,78.80000305175781,78.27999877929688,78.5199966430664,142800
2026-03-27 13:10:00+00:00,VALE3.SA,78.56999969482422,79.1500015258789,78.54000091552734,79.01000213623047,238800
2026-03-27 13:15:00+00:00,VALE3.SA,78.95999908447266,79.33000183105469,78.94999694824219,79.18000030517578,247200
2026-03-27 13:20:00+00:00,VALE3.SA,79.18000030517578,79.25,79.0999984741211,79.16000366210938,64100
2026-03-27 13:25:00+00:00,VALE3.SA,79.1500015258789,79.26000213623047,79.02999877929688,79.06999969482422,191900
2026-03-27 13:30:00+00:00,VALE3.SA,79.0999984741211,79.26000213623047,79.01000213623047,79.08999633789062,162500
2026-03-27 13:35:00+00:00,VALE3.SA,79.11000061035156,79.5,79.0,79.47000122070312,243400
2026-03-27 13:40:00+00:00,VALE3.SA,79.48999786376953,79.62999725341797,79.3499984741211,79.58000183105469,345500
2026-03-27 13:45:00+00:00,VALE3.SA,79.56999969482422,79.77999877929688,79.54000091552734,79.62999725341797,252300
2026-03-27 13:50:00+00:00,VALE3.SA,79.62999725341797,79.6500015258789,79.19999694824219,79.19999694824219,244800
2026-03-27 13:55:00+00:00,VALE3.SA,79.19999694824219,79.30000305175781,79.13999938964844,79.27999877929688,115800
2026-03-27 14:00:00+00:00,VALE3.SA,79.2699966430664,79.4800033569336,79.26000213623047,79.47000122070312,136400
2026-03-27 14:05:00+00:00,VALE3.SA,79.47000122070312,79.62999725341797,79.3499984741211,79.44999694824219,158100
2026-03-27 14:10:00+00:00,VALE3.SA,79.43000030517578,79.5,79.29000091552734,79.5,67300
2026-03-27 14:15:00+00:00,VALE3.SA,79.44999694824219,79.68000030517578,79.41000366210938,79.63999938964844,142200
2026-03-27 14:20:00+00:00,VALE3.SA,79.63999938964844,79.72000122070312,79.48999786376953,79.5199966430664,104600
2026-03-27 14:25:00+00:00,VALE3.SA,79.55000305175781,79.58000183105469,79.33999633789062,79.44999694824219,77600
2026-03-27 14:30:00+00:00,VALE3.SA,79.41000366210938,79.45999908447266,79.33999633789062,79.45999908447266,59700
2026-03-27 14:35:00+00:00,VALE3.SA,79.43000030517578,79.43000030517578,79.30999755859375,79.30999755859375,67300
2026-03-27 14:40:00+00:00,VALE3.SA,79.33000183105469,79.41000366210938,79.30999755859375,79.38999938964844,56900
2026-03-27 14:45:00+00:00,VALE3.SA,79.37999725341797,79.5999984741211,79.37000274658203,79.5999984741211,100500
2026-03-27 14:50:00+00:00,VALE3.SA,79.5999984741211,79.66000366210938,79.48999786376953,79.5,54500
2026-03-27 14:55:00+00:00,VALE3.SA,79.5,79.69000244140625,79.5,79.6500015258789,67800
2026-03-27 15:00:00+00:00,VALE3.SA,79.63999938964844,79.75,79.55999755859375,79.73999786376953,84900
2026-03-27 15:05:00+00:00,VALE3.SA,79.75,79.87999725341797,79.66999816894531,79.87999725341797,227800
2026-03-27 15:10:00+00:00,VALE3.SA,79.80999755859375,79.87000274658203,79.75,79.75,213100
2026-03-27 15:15:00+00:00,VALE3.SA,79.7699966430664,79.80000305175781,79.58000183105469,79.58999633789062,98500
2026-03-27 15:20:00+00:00,VALE3.SA,79.61000061035156,79.91999816894531,79.55999755859375,79.70999908447266,144900
2026-03-27 15:25:00+00:00,VALE3.SA,79.75,79.75,79.6500015258789,79.70999908447266,41000
2026-03-27 15:30:00+00:00,VALE3.SA,79.7300033569336,79.83999633789062,79.6500015258789,79.80000305175781,59800
2026-03-27 15:35:00+00:00,VALE3.SA,79.80999755859375,79.80999755859375,79.56999969482422,79.56999969482422,131900
2026-03-27 15:40:00+00:00,VALE3.SA,79.58999633789062,79.63999938964844,79.54000091552734,79.58000183105469,78100
2026-03-27 15:45:00+00:00,VALE3.SA,79.5999984741211,79.61000061035156,79.52999877929688,79.55000305175781,38000
2026-03-27 15:50:00+00:00,VALE3.SA,79.55000305175781,79.58000183105469,79.37999725341797,79.38999938964844,68600
2026-03-27 15:55:00+00:00,VALE3.SA,79.38999938964844,79.44000244140625,79.29000091552734,79.31999969482422,124200
2026-03-27 16:00:00+00:00,VALE3.SA,79.3499984741211,79.41000366210938,79.26000213623047,79.33000183105469,76400
2026-03-27 16:05:00+00:00,VALE3.SA,79.36000061035156,79.36000061035156,79.22000122070312,79.27999877929688,132200
2026-03-27 16:10:00+00:00,VALE3.SA,79.26000213623047,79.30000305175781,79.19999694824219,79.30000305175781,49800
2026-03-27 16:15:00+00:00,VALE3.SA,79.30000305175781,79.30000305175781,79.16999816894531,79.2300033569336,63600
2026-03-27 16:20:00+00:00,VALE3.SA,79.22000122070312,79.30999755859375,79.22000122070312,79.27999877929688,82100
2026-03-27 16:25:00+00:00,VALE3.SA,79.26000213623047,79.26000213623047,79.1500015258789,79.19999694824219,71300
2026-03-27 16:30:00+00:00,VALE3.SA,79.2300033569336,79.4000015258789,79.22000122070312,79.37000274658203,30900
2026-03-27 16:35:00+00:00,VALE3.SA,79.36000061035156,79.4000015258789,79.29000091552734,79.29000091552734,35700
2026-03-27 16:40:00+00:00,VALE3.SA,79.29000091552734,79.31999969482422,79.23999786376953,79.30000305175781,36700
2026-03-27 16:45:00+00:00,VALE3.SA,79.30999755859375,79.41999816894531,79.25,79.33999633789062,44600
2026-03-27 16:50:00+00:00,VALE3.SA,79.33000183105469,79.41000366210938,79.2699966430664,79.38999938964844,75900
2026-03-27 16:55:00+00:00,VALE3.SA,79.38999938964844,79.45999908447266,79.20999908447266,79.20999908447266,346500
2026-03-27 17:00:00+00:00,VALE3.SA,79.20999908447266,79.2699966430664,79.1500015258789,79.19999694824219,77600
2026-03-27 17:05:00+00:00,VALE3.SA,79.16000366210938,79.3499984741211,79.12000274658203,79.18000030517578,106400
2026-03-27 17:10:00+00:00,VALE3.SA,79.16999816894531,79.19999694824219,79.12000274658203,79.16999816894531,38200
2026-03-27 17:15:00+00:00,VALE3.SA,79.16999816894531,79.16999816894531,79.06999969482422,79.11000061035156,41300
2026-03-27 17:20:00+00:00,VALE3.SA,79.12000274658203,79.16000366210938,79.06999969482422,79.0999984741211,38300
2026-03-27 17:25:00+00:00,VALE3.SA,79.0999984741211,79.0999984741211,79.0,79.01000213623047,69600
2026-03-27 17:30:00+00:00,VALE3.SA,79.01000213623047,79.05999755859375,78.95999908447266,78.98999786376953,51200
2026-03-27 17:35:00+00:00,VALE3.SA,78.98999786376953,79.08999633789062,78.94999694824219,78.94999694824219,104900
2026-03-27 17:40:00+00:00,VALE3.SA,78.95999908447266,78.97000122070312,78.8499984741211,78.87999725341797,60200
2026-03-27 17:45:00+00:00,VALE3.SA,78.88999938964844,78.91000366210938,78.7699966430664,78.80000305175781,363900
2026-03-27 17:50:00+00:00,VALE3.SA,78.79000091552734,78.81999969482422,78.70999908447266,78.80999755859375,187800
2026-03-27 17:55:00+00:00,VALE3.SA,78.80999755859375,78.81999969482422,78.62000274658203,78.72000122070312,134400
2026-03-27 18:00:00+00:00,VALE3.SA,78.69999694824219,78.69999694824219,78.62000274658203,78.66000366210938,78900
2026-03-27 18:05:00+00:00,VALE3.SA,78.66000366210938,78.70999908447266,78.6500015258789,78.66999816894531,94400
2026-03-27 18:10:00+00:00,VALE3.SA,78.66999816894531,78.69999694824219,78.62000274658203,78.62999725341797,105400
2026-03-27 18:15:00+00:00,VALE3.SA,78.62999725341797,78.68000030517578,78.5999984741211,78.63999938964844,82300
2026-03-27 18:20:00+00:00,VALE3.SA,78.62999725341797,78.66000366210938,78.55999755859375,78.58000183105469,122700
2026-03-27 18:25:00+00:00,VALE3.SA,78.55999755859375,78.6500015258789,78.55999755859375,78.62999725341797,110300
2026-03-27 18:30:00+00:00,VALE3.SA,78.63999938964844,78.70999908447266,78.61000061035156,78.68000030517578,67400
2026-03-27 18:35:00+00:00,VALE3.SA,78.68000030517578,78.77999877929688,78.66999816894531,78.70999908447266,75900
2026-03-27 18:40:00+00:00,VALE3.SA,78.69000244140625,78.87000274658203,78.68000030517578,78.72000122070312,96700
2026-03-27 18:45:00+00:00,VALE3.SA,78.72000122070312,78.79000091552734,78.6500015258789,78.77999877929688,36500
2026-03-27 18:50:00+00:00,VALE3.SA,78.79000091552734,78.79000091552734,78.69999694824219,78.7699966430664,52700
2026-03-27 18:55:00+00:00,VALE3.SA,78.79000091552734,78.81999969482422,78.76000213623047,78.7699966430664,97900
2026-03-27 19:00:00+00:00,VALE3.SA,78.79000091552734,78.83999633789062,78.68000030517578,78.69999694824219,108900
2026-03-27 19:05:00+00:00,VALE3.SA,78.69999694824219,78.7300033569336,78.6500015258789,78.68000030517578,124400
2026-03-27 19:10:00+00:00,VALE3.SA,78.68000030517578,78.7699966430664,78.66999816894531,78.7300033569336,32100
2026-03-27 19:15:00+00:00,VALE3.SA,78.75,78.81999969482422,78.7300033569336,78.81999969482422,30100
2026-03-27 19:20:00+00:00,VALE3.SA,78.81999969482422,78.81999969482422,78.70999908447266,78.7300033569336,79900
2026-03-27 19:25:00+00:00,VALE3.SA,78.70999908447266,78.7699966430664,78.6500015258789,78.73999786376953,85500
2026-03-27 19:30:00+00:00,VALE3.SA,78.7699966430664,78.81999969482422,78.69000244140625,78.77999877929688,179700
2026-03-27 19:35:00+00:00,VALE3.SA,78.77999877929688,78.8499984741211,78.69000244140625,78.75,152700
2026-03-27 19:40:00+00:00,VALE3.SA,78.75,78.7699966430664,78.6500015258789,78.69000244140625,123200
2026-03-27 19:45:00+00:00,VALE3.SA,78.69000244140625,78.73999786376953,78.62000274658203,78.70999908447266,286400
2026-03-27 19:50:00+00:00,VALE3.SA,78.66999816894531,78.79000091552734,78.63999938964844,78.7300033569336,228500
2026-03-30 13:05:00+00:00,VALE3.SA,80.25,80.4800033569336,80.1500015258789,80.2300033569336,188600
2026-03-30 13:10:00+00:00,VALE3.SA,80.2300033569336,80.4800033569336,80.0999984741211,80.4000015258789,379500
2026-03-30 13:15:00+00:00,VALE3.SA,80.37000274658203,80.81999969482422,80.3499984741211,80.73999786376953,327000
2026-03-30 13:20:00+00:00,VALE3.SA,80.73999786376953,80.87999725341797,80.69999694824219,80.81999969482422,173700
2026-03-30 13:25:00+00:00,VALE3.SA,80.80000305175781,80.80999755859375,80.5999984741211,80.68000030517578,180400
2026-03-30 13:30:00+00:00,VALE3.SA,80.69000244140625,81.05999755859375,80.69000244140625,80.80000305175781,685700
2026-03-30 13:35:00+00:00,VALE3.SA,80.83999633789062,81.0199966430664,80.72000122070312,80.76000213623047,145200
2026-03-30 13:40:00+00:00,VALE3.SA,80.76000213623047,80.7699966430664,80.43000030517578,80.58999633789062,281400
2026-03-30 13:45:00+00:00,VALE3.SA,80.56999969482422,80.56999969482422,80.30000305175781,80.41000366210938,177700
2026-03-30 13:50:00+00:00,VALE3.SA,80.41000366210938,80.44000244140625,80.26000213623047,80.2699966430664,132600
2026-03-30 13:55:00+00:00,VALE3.SA,80.2699966430664,80.30000305175781,79.87000274658203,79.94000244140625,620100
2026-03-30 14:00:00+00:00,VALE3.SA,80.0,80.3499984741211,79.94999694824219,80.27999877929688,829300
2026-03-30 14:05:00+00:00,VALE3.SA,80.29000091552734,80.33000183105469,80.0999984741211,80.2300033569336,146900
2026-03-30 14:10:00+00:00,VALE3.SA,80.2300033569336,80.44000244140625,80.2300033569336,80.33000183105469,128600
2026-03-30 14:15:00+00:00,VALE3.SA,80.33000183105469,80.3499984741211,80.05000305175781,80.0999984741211,109600
2026-03-30 14:20:00+00:00,VALE3.SA,80.12000274658203,80.19999694824219,79.95999908447266,80.11000061035156,154700
2026-03-30 14:25:00+00:00,VALE3.SA,80.11000061035156,80.1500015258789,79.93000030517578,79.9800033569336,151200
2026-03-30 14:30:00+00:00,VALE3.SA,79.97000122070312,80.16000366210938,79.94999694824219,80.08000183105469,76200
2026-03-30 14:35:00+00:00,VALE3.SA,80.08999633789062,80.18000030517578,80.0,80.11000061035156,59700
2026-03-30 14:40:00+00:00,VALE3.SA,80.12000274658203,80.13999938964844,79.62000274658203,79.66000366210938,224600
2026-03-30 14:45:00+00:00,VALE3.SA,79.66999816894531,80.08000183105469,79.55000305175781,79.87999725341797,393000
2026-03-30 14:50:00+00:00,VALE3.SA,79.9000015258789,79.95999908447266,79.80000305175781,79.80999755859375,97800
2026-03-30 14:55:00+00:00,VALE3.SA,79.80999755859375,80.1500015258789,79.80000305175781,80.12000274658203,344400
2026-03-30 15:00:00+00:00,VALE3.SA,80.12000274658203,80.3499984741211,80.12000274658203,80.2699966430664,170200
2026-03-30 15:05:00+00:00,VALE3.SA,80.29000091552734,80.31999969482422,79.88999938964844,79.95999908447266,89800
2026-03-30 15:10:00+00:00,VALE3.SA,79.95999908447266,80.11000061035156,79.94000244140625,79.9800033569336,119000
2026-03-30 15:15:00+00:00,VALE3.SA,79.98999786376953,79.98999786376953,79.81999969482422,79.87000274658203,81900
2026-03-30 15:20:00+00:00,VALE3.SA,79.87000274658203,80.0,79.83000183105469,79.95999908447266,102400
2026-03-30 15:25:00+00:00,VALE3.SA,79.95999908447266,80.08999633789062,79.94000244140625,80.0,87300
2026-03-30 15:30:00+00:00,VALE3.SA,80.01000213623047,80.23999786376953,80.0,80.23999786376953,95900
2026-03-30 15:35:00+00:00,VALE3.SA,80.20999908447266,80.3499984741211,80.20999908447266,80.3499984741211,79300
2026-03-30 15:40:00+00:00,VALE3.SA,80.33999633789062,80.4000015258789,80.30000305175781,80.37000274658203,97400
2026-03-30 15:45:00+00:00,VALE3.SA,80.37000274658203,80.4000015258789,80.27999877929688,80.30999755859375,60200
2026-03-30 15:50:00+00:00,VALE3.SA,80.30999755859375,80.37999725341797,80.27999877929688,80.3499984741211,47300
2026-03-30 15:55:00+00:00,VALE3.SA,80.33999633789062,80.3499984741211,80.19999694824219,80.20999908447266,52300
2026-03-30 16:00:00+00:00,VALE3.SA,80.22000122070312,80.22000122070312,80.01000213623047,80.0199966430664,121000
2026-03-30 16:05:00+00:00,VALE3.SA,80.01000213623047,80.0199966430664,79.9000015258789,79.97000122070312,257800
2026-03-30 16:10:00+00:00,VALE3.SA,79.94000244140625,80.01000213623047,79.9000015258789,79.95999908447266,80000
2026-03-30 16:15:00+00:00,VALE3.SA,79.98999786376953,79.98999786376953,79.87000274658203,79.94999694824219,94200
2026-03-30 16:20:00+00:00,VALE3.SA,79.94000244140625,79.98999786376953,79.87999725341797,79.98999786376953,205300
2026-03-30 16:25:00+00:00,VALE3.SA,79.97000122070312,79.98999786376953,79.8499984741211,79.87000274658203,85900
2026-03-30 16:30:00+00:00,VALE3.SA,79.86000061035156,79.94999694824219,79.80999755859375,79.87999725341797,108000
2026-03-30 16:35:00+00:00,VALE3.SA,79.87000274658203,79.95999908447266,79.83999633789062,79.94999694824219,53800
2026-03-30 16:40:00+00:00,VALE3.SA,79.94000244140625,79.9800033569336,79.9000015258789,79.9000015258789,44500
2026-03-30 16:45:00+00:00,VALE3.SA,79.91000366210938,79.91000366210938,79.8499984741211,79.87999725341797,68900
2026-03-30 16:50:00+00:00,VALE3.SA,79.87999725341797,79.95999908447266,79.87000274658203,79.93000030517578,35300
2026-03-30 16:55:00+00:00,VALE3.SA,79.93000030517578,79.93000030517578,79.80999755859375,79.9000015258789,85900
2026-03-30 17:00:00+00:00,VALE3.SA,79.91999816894531,79.98999786376953,79.88999938964844,79.88999938964844,48500
2026-03-30 17:05:00+00:00,VALE3.SA,79.91000366210938,79.93000030517578,79.80999755859375,79.88999938964844,72400
2026-03-30 17:10:00+00:00,VALE3.SA,79.9000015258789,79.91999816894531,79.68000030517578,79.73999786376953,177600
2026-03-30 17:15:00+00:00,VALE3.SA,79.75,79.75,79.5999984741211,79.68000030517578,174800
2026-03-30 17:20:00+00:00,VALE3.SA,79.6500015258789,79.70999908447266,79.58000183105469,79.58000183105469,90500
2026-03-30 17:25:00+00:00,VALE3.SA,79.62000274658203,79.69999694824219,79.58000183105469,79.66999816894531,35000
2026-03-30 17:30:00+00:00,VALE3.SA,79.66999816894531,79.69999694824219,79.56999969482422,79.56999969482422,33200
2026-03-30 17:35:00+00:00,VALE3.SA,79.56999969482422,79.7300033569336,79.5199966430664,79.69999694824219,109600
2026-03-30 17:40:00+00:00,VALE3.SA,79.69000244140625,79.75,79.66000366210938,79.69999694824219,89700
2026-03-30 17:45:00+00:00,VALE3.SA,79.70999908447266,79.86000061035156,79.70999908447266,79.73999786376953,161300
2026-03-30 17:50:00+00:00,VALE3.SA,79.73999786376953,79.75,79.66999816894531,79.68000030517578,63400
2026-03-30 17:55:00+00:00,VALE3.SA,79.69000244140625,79.72000122070312,79.58000183105469,79.70999908447266,100000
2026-03-30 18:00:00+00:00,VALE3.SA,79.70999908447266,79.75,79.6500015258789,79.70999908447266,76800
2026-03-30 18:05:00+00:00,VALE3.SA,79.69999694824219,79.72000122070312,79.61000061035156,79.6500015258789,35100
2026-03-30 18:10:00+00:00,VALE3.SA,79.63999938964844,79.7300033569336,79.62000274658203,79.7300033569336,27200
2026-03-30 18:15:00+00:00,VALE3.SA,79.70999908447266,79.73999786376953,79.66999816894531,79.72000122070312,72500
2026-03-30 18:20:00+00:00,VALE3.SA,79.72000122070312,79.73999786376953,79.63999938964844,79.66000366210938,1553700
2026-03-30 18:25:00+00:00,VALE3.SA,79.69000244140625,79.70999908447266,79.63999938964844,79.70999908447266,29900
2026-03-30 18:30:00+00:00,VALE3.SA,79.70999908447266,79.79000091552734,79.69999694824219,79.79000091552734,64900
2026-03-30 18:35:00+00:00,VALE3.SA,79.77999877929688,79.8499984741211,79.6500015258789,79.69999694824219,96100
2026-03-30 18:40:00+00:00,VALE3.SA,79.69000244140625,79.8499984741211,79.66000366210938,79.83000183105469,113300
2026-03-30 18:45:00+00:00,VALE3.SA,79.83999633789062,79.87000274658203,79.7300033569336,79.73999786376953,1669800
2026-03-30 18:50:00+00:00,VALE3.SA,79.76000213623047,79.77999877929688,79.63999938964844,79.66000366210938,110900
2026-03-30 18:55:00+00:00,VALE3.SA,79.66999816894531,79.70999908447266,79.58000183105469,79.62999725341797,202900
2026-03-30 19:00:00+00:00,VALE3.SA,79.62999725341797,79.73999786376953,79.5199966430664,79.56999969482422,217900
2026-03-30 19:05:00+00:00,VALE3.SA,79.58999633789062,79.62000274658203,79.51000213623047,79.51000213623047,209600
2026-03-30 19:10:00+00:00,VALE3.SA,79.5199966430664,79.5199966430664,79.33000183105469,79.37999725341797,390600
2026-03-30 19:15:00+00:00,VALE3.SA,79.38999938964844,79.55999755859375,79.38999938964844,79.48999786376953,135500
2026-03-30 19:20:00+00:00,VALE3.SA,79.48999786376953,79.61000061035156,79.41999816894531,79.55999755859375,330900
2026-03-30 19:25:00+00:00,VALE3.SA,79.55999755859375,79.55999755859375,79.41000366210938,79.48999786376953,305100
2026-03-30 19:30:00+00:00,VALE3.SA,79.5,79.52999877929688,79.29000091552734,79.38999938964844,222900
2026-03-30 19:35:00+00:00,VALE3.SA,79.38999938964844,79.54000091552734,79.38999938964844,79.44999694824219,185600
2026-03-30 19:40:00+00:00,VALE3.SA,79.44999694824219,79.51000213623047,79.43000030517578,79.47000122070312,170800
2026-03-30 19:45:00+00:00,VALE3.SA,79.4800033569336,79.51000213623047,79.41000366210938,79.43000030517578,947400
2026-03-30 19:50:00+00:00,VALE3.SA,79.44000244140625,79.5999984741211,79.44000244140625,79.5999984741211,328000
2026-03-31 13:05:00+00:00,VALE3.SA,80.73999786376953,80.9000015258789,80.58999633789062,80.83000183105469,0
2026-03-31 13:10:00+00:00,VALE3.SA,80.80999755859375,81.0999984741211,80.80999755859375,80.98999786376953,483700
2026-03-31 13:15:00+00:00,VALE3.SA,80.98999786376953,81.25,80.9800033569336,81.19999694824219,550000
2026-03-31 13:20:00+00:00,VALE3.SA,81.19999694824219,81.19999694824219,80.83000183105469,80.83000183105469,263900
2026-03-31 13:25:00+00:00,VALE3.SA,80.86000061035156,81.01000213623047,80.83999633789062,81.01000213623047,139400
2026-03-31 13:30:00+00:00,VALE3.SA,81.01000213623047,81.19999694824219,80.94999694824219,81.0,289000
2026-03-31 13:35:00+00:00,VALE3.SA,80.98999786376953,81.19999694824219,80.93000030517578,81.16999816894531,353700
2026-03-31 13:40:00+00:00,VALE3.SA,81.16999816894531,81.38999938964844,81.1500015258789,81.25,626700
2026-03-31 13:45:00+00:00,VALE3.SA,81.26000213623047,81.4000015258789,81.25,81.36000061035156,204900
2026-03-31 13:50:00+00:00,VALE3.SA,81.36000061035156,81.5999984741211,81.29000091552734,81.51000213623047,536600
2026-03-31 13:55:00+00:00,VALE3.SA,81.5,81.66999816894531,81.44999694824219,81.66000366210938,320900
2026-03-31 14:00:00+00:00,VALE3.SA,81.66999816894531,81.7699966430664,81.56999969482422,81.7300033569336,311300
2026-03-31 14:05:00+00:00,VALE3.SA,81.70999908447266,81.73999786376953,81.61000061035156,81.68000030517578,155400
2026-03-31 14:10:00+00:00,VALE3.SA,81.68000030517578,81.80000305175781,81.56999969482422,81.58999633789062,292900
2026-03-31 14:15:00+00:00,VALE3.SA,81.56999969482422,81.6500015258789,81.47000122070312,81.58999633789062,416300
2026-03-31 14:20:00+00:00,VALE3.SA,81.58000183105469,81.6500015258789,81.44999694824219,81.58999633789062,200300
2026-03-31 14:25:00+00:00,VALE3.SA,81.58999633789062,81.63999938964844,81.5199966430664,81.5999984741211,146400
2026-03-31 14:30:00+00:00,VALE3.SA,81.5999984741211,81.68000030517578,81.55000305175781,81.66999816894531,131100
2026-03-31 14:35:00+00:00,VALE3.SA,81.68000030517578,81.69999694824219,81.44999694824219,81.47000122070312,309500
2026-03-31 14:40:00+00:00,VALE3.SA,81.47000122070312,81.55000305175781,81.29000091552734,81.3499984741211,272500
2026-03-31 14:45:00+00:00,VALE3.SA,81.3499984741211,81.41000366210938,81.20999908447266,81.25,189800
2026-03-31 14:50:00+00:00,VALE3.SA,81.25,81.30999755859375,81.13999938964844,81.29000091552734,171300
2026-03-31 14:55:00+00:00,VALE3.SA,81.30000305175781,81.31999969482422,81.12999725341797,81.18000030517578,379200
2026-03-31 15:00:00+00:00,VALE3.SA,81.20999908447266,81.4000015258789,81.20999908447266,81.38999938964844,113800
2026-03-31 15:05:00+00:00,VALE3.SA,81.37000274658203,81.5,81.33999633789062,81.43000030517578,76200
2026-03-31 15:10:00+00:00,VALE3.SA,81.43000030517578,81.68000030517578,81.38999938964844,81.66000366210938,203100
2026-03-31 15:15:00+00:00,VALE3.SA,81.68000030517578,81.68000030517578,81.55000305175781,81.58999633789062,149400
2026-03-31 15:20:00+00:00,VALE3.SA,81.5999984741211,81.5999984741211,81.41999816894531,81.44000244140625,97800
2026-03-31 15:25:00+00:00,VALE3.SA,81.44999694824219,81.4800033569336,81.25,81.26000213623047,139600
2026-03-31 15:30:00+00:00,VALE3.SA,81.26000213623047,81.37000274658203,81.20999908447266,81.33999633789062,219300
2026-03-31 15:35:00+00:00,VALE3.SA,81.3499984741211,81.44000244140625,81.33000183105469,81.38999938964844,169800
2026-03-31 15:40:00+00:00,VALE3.SA,81.38999938964844,81.38999938964844,81.25,81.26000213623047,42600
2026-03-31 15:45:00+00:00,VALE3.SA,81.2699966430664,81.36000061035156,81.19999694824219,81.3499984741211,119400
2026-03-31 15:50:00+00:00,VALE3.SA,81.33999633789062,81.37999725341797,81.22000122070312,81.26000213623047,167800
2026-03-31 15:55:00+00:00,VALE3.SA,81.26000213623047,81.26000213623047,81.12999725341797,81.2300033569336,119500
2026-03-31 16:00:00+00:00,VALE3.SA,81.20999908447266,81.4000015258789,81.19000244140625,81.36000061035156,122800
2026-03-31 16:05:00+00:00,VALE3.SA,81.36000061035156,81.4000015258789,81.30999755859375,81.3499984741211,78700
2026-03-31 16:10:00+00:00,VALE3.SA,81.36000061035156,81.37999725341797,81.22000122070312,81.37999725341797,80600
2026-03-31 16:15:00+00:00,VALE3.SA,81.37999725341797,81.5,81.3499984741211,81.47000122070312,161500
2026-03-31 16:20:00+00:00,VALE3.SA,81.47000122070312,81.5999984741211,81.44000244140625,81.58999633789062,129100
2026-03-31 16:25:00+00:00,VALE3.SA,81.55000305175781,81.62000274658203,81.5199966430664,81.5199966430664,81700
2026-03-31 16:30:00+00:00,VALE3.SA,81.54000091552734,81.56999969482422,81.4800033569336,81.56999969482422,94000
2026-03-31 16:35:00+00:00,VALE3.SA,81.56999969482422,81.94999694824219,81.5,81.94999694824219,224700
2026-03-31 16:40:00+00:00,VALE3.SA,81.94999694824219,82.69999694824219,81.93000030517578,82.41999816894531,889400
2026-03-31 16:45:00+00:00,VALE3.SA,82.41999816894531,82.5,82.13999938964844,82.29000091552734,1396200
2026-03-31 16:50:00+00:00,VALE3.SA,82.27999877929688,82.5,82.2300033569336,82.43000030517578,281900
2026-03-31 16:55:00+00:00,VALE3.SA,82.41999816894531,82.5,82.31999969482422,82.5,334100
2026-03-31 17:00:00+00:00,VALE3.SA,82.5,82.7300033569336,82.36000061035156,82.6500015258789,591800
2026-03-31 17:05:00+00:00,VALE3.SA,82.6500015258789,82.68000030517578,82.37000274658203,82.45999908447266,857000
2026-03-31 17:10:00+00:00,VALE3.SA,82.45999908447266,82.5999984741211,82.37999725341797,82.56999969482422,404100
2026-03-31 17:15:00+00:00,VALE3.SA,82.56999969482422,82.73999786376953,82.5,82.66999816894531,288100
2026-03-31 17:20:00+00:00,VALE3.SA,82.66999816894531,82.69999694824219,82.44999694824219,82.45999908447266,258800
2026-03-31 17:25:00+00:00,VALE3.SA,82.44999694824219,82.5,82.31999969482422,82.37999725341797,183600
2026-03-31 17:30:00+00:00,VALE3.SA,82.4000015258789,82.6500015258789,82.4000015258789,82.56999969482422,231300
2026-03-31 17:35:00+00:00,VALE3.SA,82.5999984741211,82.66000366210938,82.44000244140625,82.45999908447266,271500
2026-03-31 17:40:00+00:00,VALE3.SA,82.44999694824219,82.54000091552734,82.30999755859375,82.36000061035156,147600
2026-03-31 17:45:00+00:00,VALE3.SA,82.36000061035156,82.43000030517578,82.26000213623047,82.2699966430664,196200
2026-03-31 17:50:00+00:00,VALE3.SA,82.30999755859375,82.38999938964844,82.23999786376953,82.30000305175781,134900
2026-03-31 17:55:00+00:00,VALE3.SA,82.31999969482422,82.4000015258789,82.25,82.36000061035156,115200
2026-03-31 18:00:00+00:00,VALE3.SA,82.37999725341797,82.5,82.31999969482422,82.41999816894531,177200
2026-03-31 18:05:00+00:00,VALE3.SA,82.41999816894531,82.5999984741211,82.4000015258789,82.56999969482422,191500
2026-03-31 18:10:00+00:00,VALE3.SA,82.55999755859375,82.62000274658203,82.5199966430664,82.55999755859375,161500
2026-03-31 18:15:00+00:00,VALE3.SA,82.52999877929688,82.6500015258789,82.51000213623047,82.55000305175781,147200
2026-03-31 18:20:00+00:00,VALE3.SA,82.55999755859375,82.56999969482422,82.44999694824219,82.44999694824219,131600
2026-03-31 18:25:00+00:00,VALE3.SA,82.45999908447266,82.55000305175781,82.4000015258789,82.5199966430664,299100
2026-03-31 18:30:00+00:00,VALE3.SA,82.52999877929688,82.55000305175781,82.45999908447266,82.52999877929688,148400
2026-03-31 18:35:00+00:00,VALE3.SA,82.51000213623047,82.62000274658203,82.4800033569336,82.51000213623047,185200
2026-03-31 18:40:00+00:00,VALE3.SA,82.48999786376953,82.52999877929688,82.41000366210938,82.4800033569336,130300
2026-03-31 18:45:00+00:00,VALE3.SA,82.48999786376953,82.55000305175781,82.30000305175781,82.37000274658203,290100
2026-03-31 18:50:00+00:00,VALE3.SA,82.37000274658203,82.5,82.36000061035156,82.43000030517578,99800
2026-03-31 18:55:00+00:00,VALE3.SA,82.44000244140625,82.48999786376953,82.43000030517578,82.4800033569336,101200
2026-03-31 19:00:00+00:00,VALE3.SA,82.4800033569336,82.55000305175781,82.44999694824219,82.5,133900
2026-03-31 19:05:00+00:00,VALE3.SA,82.5,82.51000213623047,82.3499984741211,82.4000015258789,155900
2026-03-31 19:10:00+00:00,VALE3.SA,82.38999938964844,82.5,82.38999938964844,82.45999908447266,117400
2026-03-31 19:15:00+00:00,VALE3.SA,82.45999908447266,82.5199966430664,82.4000015258789,82.41000366210938,134800
2026-03-31 19:20:00+00:00,VALE3.SA,82.41999816894531,82.45999908447266,82.36000061035156,82.41999816894531,126000
2026-03-31 19:25:00+00:00,VALE3.SA,82.41999816894531,82.47000122070312,82.29000091552734,82.33999633789062,222100
2026-03-31 19:30:00+00:00,VALE3.SA,82.33999633789062,82.45999908447266,82.33999633789062,82.43000030517578,368600
2026-03-31 19:35:00+00:00,VALE3.SA,82.44999694824219,82.5999984741211,82.43000030517578,82.5999984741211,218800
2026-03-31 19:40:00+00:00,VALE3.SA,82.5999984741211,82.66999816894531,82.51000213623047,82.55999755859375,645000
2026-03-31 19:45:00+00:00,VALE3.SA,82.55000305175781,82.69999694824219,82.54000091552734,82.6500015258789,467700
2026-03-31 19:50:00+00:00,VALE3.SA,82.6500015258789,82.72000122070312,82.37000274658203,82.47000122070312,594500
2026-04-01 13:00:00+00:00,VALE3.SA,83.30999755859375,83.30999755859375,82.8499984741211,83.19999694824219,0
2026-04-01 13:05:00+00:00,VALE3.SA,83.1500015258789,83.58999633789062,83.13999938964844,83.4800033569336,614700
2026-04-01 13:10:00+00:00,VALE3.SA,83.4800033569336,83.81999969482422,83.41999816894531,83.7300033569336,419700
2026-04-01 13:15:00+00:00,VALE3.SA,83.76000213623047,83.77999877929688,83.56999969482422,83.66999816894531,166000
2026-04-01 13:20:00+00:00,VALE3.SA,83.66999816894531,83.97000122070312,83.52999877929688,83.91000366210938,349200
2026-04-01 13:25:00+00:00,VALE3.SA,83.91999816894531,84.04000091552734,83.7699966430664,83.7699966430664,887300
2026-04-01 13:30:00+00:00,VALE3.SA,83.7699966430664,83.95999908447266,83.43000030517578,83.4800033569336,361800
2026-04-01 13:35:00+00:00,VALE3.SA,83.48999786376953,83.87999725341797,83.48999786376953,83.75,127500
2026-04-01 13:40:00+00:00,VALE3.SA,83.76000213623047,83.76000213623047,83.44999694824219,83.4800033569336,308700
2026-04-01 13:45:00+00:00,VALE3.SA,83.47000122070312,83.6500015258789,83.44000244140625,83.47000122070312,337600
2026-04-01 13:50:00+00:00,VALE3.SA,83.44000244140625,83.58999633789062,83.33999633789062,83.5199966430664,231100
2026-04-01 13:55:00+00:00,VALE3.SA,83.51000213623047,83.58999633789062,83.30999755859375,83.36000061035156,286500
2026-04-01 14:00:00+00:00,VALE3.SA,83.36000061035156,83.41999816894531,83.18000030517578,83.2300033569336,235100
2026-04-01 14:05:00+00:00,VALE3.SA,83.22000122070312,83.37999725341797,83.08999633789062,83.29000091552734,357800
2026-04-01 14:10:00+00:00,VALE3.SA,83.29000091552734,83.31999969482422,83.0199966430664,83.08000183105469,241400
2026-04-01 14:15:00+00:00,VALE3.SA,83.08000183105469,83.16999816894531,82.91000366210938,83.05999755859375,651500
2026-04-01 14:20:00+00:00,VALE3.SA,83.0199966430664,83.12999725341797,82.75,82.80000305175781,397700
2026-04-01 14:25:00+00:00,VALE3.SA,82.77999877929688,83.0,82.73999786376953,83.0,187700
2026-04-01 14:30:00+00:00,VALE3.SA,83.0,83.0999984741211,82.86000061035156,82.87999725341797,155400
2026-04-01 14:35:00+00:00,VALE3.SA,82.87999725341797,82.9800033569336,82.58000183105469,82.83999633789062,524100
2026-04-01 14:40:00+00:00,VALE3.SA,82.81999969482422,83.11000061035156,82.7300033569336,82.83999633789062,649000
2026-04-01 14:45:00+00:00,VALE3.SA,82.86000061035156,82.95999908447266,82.69999694824219,82.91000366210938,328800
2026-04-01 14:50:00+00:00,VALE3.SA,82.94000244140625,83.05999755859375,82.83999633789062,82.94000244140625,7294500
2026-04-01 14:55:00+00:00,VALE3.SA,82.95999908447266,83.19000244140625,82.94000244140625,83.0999984741211,440800
2026-04-01 15:00:00+00:00,VALE3.SA,83.0999984741211,83.33000183105469,83.06999969482422,83.16000366210938,461800
2026-04-01 15:05:00+00:00,VALE3.SA,83.16000366210938,83.48999786376953,83.11000061035156,83.4800033569336,332500
2026-04-01 15:10:00+00:00,VALE3.SA,83.45999908447266,83.5,83.08999633789062,83.13999938964844,345100
2026-04-01 15:15:00+00:00,VALE3.SA,83.1500015258789,83.2300033569336,83.05000305175781,83.18000030517578,375700
2026-04-01 15:20:00+00:00,VALE3.SA,83.18000030517578,83.20999908447266,83.0199966430664,83.05000305175781,140700
2026-04-01 15:25:00+00:00,VALE3.SA,83.05000305175781,83.05000305175781,82.80999755859375,82.86000061035156,210600
2026-04-01 15:30:00+00:00,VALE3.SA,82.8499984741211,82.93000030517578,82.7699966430664,82.9000015258789,132400
2026-04-01 15:35:00+00:00,VALE3.SA,82.91000366210938,82.9800033569336,82.88999938964844,82.95999908447266,87500
2026-04-01 15:40:00+00:00,VALE3.SA,82.95999908447266,82.95999908447266,82.80000305175781,82.94000244140625,155100
2026-04-01 15:45:00+00:00,VALE3.SA,82.93000030517578,82.9800033569336,82.86000061035156,82.93000030517578,86200
2026-04-01 15:50:00+00:00,VALE3.SA,82.91999816894531,83.01000213623047,82.9000015258789,82.94999694824219,72200
2026-04-01 15:55:00+00:00,VALE3.SA,82.94000244140625,83.05000305175781,82.91000366210938,83.0,160100
2026-04-01 16:00:00+00:00,VALE3.SA,83.0,83.06999969482422,82.83000183105469,82.93000030517578,124600
2026-04-01 16:05:00+00:00,VALE3.SA,82.93000030517578,82.9800033569336,82.81999969482422,82.87000274658203,123000
2026-04-01 16:10:00+00:00,VALE3.SA,82.87000274658203,82.93000030517578,82.81999969482422,82.88999938964844,88400
2026-04-01 16:15:00+00:00,VALE3.SA,82.88999938964844,82.93000030517578,82.83999633789062,82.91000366210938,67400
2026-04-01 16:20:00+00:00,VALE3.SA,82.9000015258789,82.91000366210938,82.80999755859375,82.8499984741211,97200
2026-04-01 16:25:00+00:00,VALE3.SA,82.8499984741211,82.87000274658203,82.77999877929688,82.81999969482422,104400
2026-04-01 16:30:00+00:00,VALE3.SA,82.83000183105469,83.13999938964844,82.83000183105469,83.13999938964844,203500
2026-04-01 16:35:00+00:00,VALE3.SA,83.12999725341797,83.23999786376953,83.12999725341797,83.13999938964844,236200
2026-04-01 16:40:00+00:00,VALE3.SA,83.13999938964844,83.19999694824219,83.13999938964844,83.13999938964844,104500
2026-04-01 16:45:00+00:00,VALE3.SA,83.1500015258789,83.16999816894531,83.0999984741211,83.12999725341797,108500
2026-04-01 16:50:00+00:00,VALE3.SA,83.12999725341797,83.13999938964844,83.02999877929688,83.13999938964844,126300
2026-04-01 16:55:00+00:00,VALE3.SA,83.13999938964844,83.16000366210938,83.0999984741211,83.1500015258789,86900
2026-04-01 17:00:00+00:00,VALE3.SA,83.13999938964844,83.29000091552734,83.12999725341797,83.2699966430664,174000
2026-04-01 17:05:00+00:00,VALE3.SA,83.27999877929688,83.36000061035156,83.16000366210938,83.19999694824219,228700
2026-04-01 17:10:00+00:00,VALE3.SA,83.19000244140625,83.2699966430664,83.16999816894531,83.23999786376953,111000
2026-04-01 17:15:00+00:00,VALE3.SA,83.23999786376953,83.30999755859375,83.2300033569336,83.30000305175781,149400
2026-04-01 17:20:00+00:00,VALE3.SA,83.30999755859375,83.3499984741211,83.25,83.31999969482422,140200
2026-04-01 17:25:00+00:00,VALE3.SA,83.31999969482422,83.33999633789062,83.27999877929688,83.33999633789062,105800
2026-04-01 17:30:00+00:00,VALE3.SA,83.33999633789062,83.41000366210938,83.30999755859375,83.36000061035156,107800
2026-04-01 17:35:00+00:00,VALE3.SA,83.36000061035156,83.43000030517578,83.30999755859375,83.37000274658203,112600
2026-04-01 17:40:00+00:00,VALE3.SA,83.37000274658203,83.41000366210938,83.18000030517578,83.2300033569336,127600
2026-04-01 17:45:00+00:00,VALE3.SA,83.20999908447266,83.30999755859375,83.20999908447266,83.2699966430664,125800
2026-04-01 17:50:00+00:00,VALE3.SA,83.27999877929688,83.30000305175781,83.2300033569336,83.25,119300
2026-04-01 17:55:00+00:00,VALE3.SA,83.25,83.25,83.12000274658203,83.19999694824219,158000
2026-04-01 18:00:00+00:00,VALE3.SA,83.20999908447266,83.25,83.05999755859375,83.0999984741211,158300
2026-04-01 18:05:00+00:00,VALE3.SA,83.0999984741211,83.19000244140625,83.04000091552734,83.0999984741211,122500
2026-04-01 18:10:00+00:00,VALE3.SA,83.08999633789062,83.19999694824219,83.08999633789062,83.12999725341797,88000
2026-04-01 18:15:00+00:00,VALE3.SA,83.12999725341797,83.1500015258789,82.94999694824219,82.97000122070312,178800
2026-04-01 18:20:00+00:00,VALE3.SA,82.97000122070312,83.0,82.79000091552734,82.83999633789062,281900
2026-04-01 18:25:00+00:00,VALE3.SA,82.83000183105469,82.91999816894531,82.75,82.83000183105469,191800
2026-04-01 18:30:00+00:00,VALE3.SA,82.83999633789062,82.91999816894531,82.83000183105469,82.86000061035156,83800
2026-04-01 18:35:00+00:00,VALE3.SA,82.8499984741211,82.9800033569336,82.76000213623047,82.94000244140625,162400
2026-04-01 18:40:00+00:00,VALE3.SA,82.94999694824219,83.16999816894531,82.94999694824219,83.05000305175781,217100
2026-04-01 18:45:00+00:00,VALE3.SA,83.05000305175781,83.08000183105469,82.93000030517578,82.95999908447266,120800
2026-04-01 18:50:00+00:00,VALE3.SA,82.95999908447266,83.08999633789062,82.94999694824219,83.01000213623047,98700
2026-04-01 18:55:00+00:00,VALE3.SA,83.0,83.01000213623047,82.91999816894531,82.95999908447266,85900
2026-04-01 19:00:00+00:00,VALE3.SA,82.97000122070312,83.05000305175781,82.91000366210938,82.9800033569336,130800
2026-04-01 19:05:00+00:00,VALE3.SA,82.9800033569336,83.05999755859375,82.88999938964844,82.88999938964844,131400
2026-04-01 19:10:00+00:00,VALE3.SA,82.88999938964844,82.9000015258789,82.83999633789062,82.87999725341797,106500
2026-04-01 19:15:00+00:00,VALE3.SA,82.87000274658203,82.94999694824219,82.86000061035156,82.93000030517578,130500
2026-04-01 19:20:00+00:00,VALE3.SA,82.94000244140625,83.06999969482422,82.91000366210938,83.04000091552734,223500
2026-04-01 19:25:00+00:00,VALE3.SA,83.04000091552734,83.13999938964844,82.97000122070312,83.08000183105469,229700
2026-04-01 19:30:00+00:00,VALE3.SA,83.08000183105469,83.12000274658203,83.01000213623047,83.05999755859375,274000
2026-04-01 19:35:00+00:00,VALE3.SA,83.05999755859375,83.12999725341797,82.98999786376953,83.05999755859375,367300
2026-04-01 19:40:00+00:00,VALE3.SA,83.05999755859375,83.19000244140625,83.05999755859375,83.06999969482422,216000
2026-04-01 19:45:00+00:00,VALE3.SA,83.06999969482422,83.16999816894531,83.06999969482422,83.0999984741211,920900
2026-04-01 19:50:00+00:00,VALE3.SA,83.11000061035156,83.12000274658203,83.0,83.0,681900
2026-04-02 13:05:00+00:00,VALE3.SA,81.51000213623047,81.69999694824219,81.36000061035156,81.58000183105469,0
2026-04-02 13:10:00+00:00,VALE3.SA,81.54000091552734,82.2699966430664,81.5199966430664,82.05000305175781,414400
2026-04-02 13:15:00+00:00,VALE3.SA,82.11000061035156,82.37000274658203,82.0199966430664,82.25,430700
2026-04-02 13:20:00+00:00,VALE3.SA,82.30000305175781,82.30999755859375,82.0,82.2300033569336,258800
2026-04-02 13:25:00+00:00,VALE3.SA,82.2300033569336,82.70999908447266,82.19999694824219,82.33000183105469,497000
2026-04-02 13:30:00+00:00,VALE3.SA,82.31999969482422,82.5,82.16000366210938,82.5,526000
2026-04-02 13:35:00+00:00,VALE3.SA,82.44999694824219,82.44999694824219,81.80000305175781,81.80999755859375,382900
2026-04-02 13:40:00+00:00,VALE3.SA,81.80999755859375,82.2300033569336,81.73999786376953,82.05999755859375,248800
2026-04-02 13:45:00+00:00,VALE3.SA,82.08000183105469,82.44999694824219,82.02999877929688,82.41000366210938,275100
2026-04-02 13:50:00+00:00,VALE3.SA,82.41000366210938,82.6500015258789,82.4000015258789,82.47000122070312,236600
2026-04-02 13:55:00+00:00,VALE3.SA,82.4800033569336,82.7699966430664,82.4800033569336,82.76000213623047,727200
2026-04-02 14:00:00+00:00,VALE3.SA,82.76000213623047,82.81999969482422,82.61000061035156,82.68000030517578,274500
2026-04-02 14:05:00+00:00,VALE3.SA,82.68000030517578,82.81999969482422,82.5999984741211,82.62999725341797,132100
2026-04-02 14:10:00+00:00,VALE3.SA,82.62999725341797,82.8499984741211,82.56999969482422,82.66999816894531,368000
2026-04-02 14:15:00+00:00,VALE3.SA,82.68000030517578,82.75,82.55000305175781,82.75,93300
2026-04-02 14:20:00+00:00,VALE3.SA,82.75,82.8499984741211,82.6500015258789,82.66000366210938,184000
2026-04-02 14:25:00+00:00,VALE3.SA,82.66999816894531,82.7300033569336,82.56999969482422,82.68000030517578,147300
2026-04-02 14:30:00+00:00,VALE3.SA,82.70999908447266,82.98999786376953,82.69000244140625,82.91999816894531,210200
2026-04-02 14:35:00+00:00,VALE3.SA,82.94000244140625,83.56999969482422,82.87999725341797,83.48999786376953,691400
2026-04-02 14:40:00+00:00,VALE3.SA,83.45999908447266,83.48999786376953,83.16999816894531,83.45999908447266,321700
2026-04-02 14:45:00+00:00,VALE3.SA,83.44999694824219,83.47000122070312,83.16999816894531,83.19000244140625,114700
2026-04-02 14:50:00+00:00,VALE3.SA,83.19000244140625,83.33000183105469,83.01000213623047,83.29000091552734,155300
2026-04-02 14:55:00+00:00,VALE3.SA,83.29000091552734,83.44999694824219,83.26000213623047,83.41000366210938,127200
2026-04-02 15:00:00+00:00,VALE3.SA,83.37999725341797,83.41999816894531,83.25,83.31999969482422,155200
2026-04-02 15:05:00+00:00,VALE3.SA,83.33000183105469,83.47000122070312,83.30000305175781,83.45999908447266,146400
2026-04-02 15:10:00+00:00,VALE3.SA,83.44999694824219,83.66999816894531,83.41999816894531,83.58000183105469,267200
2026-04-02 15:15:00+00:00,VALE3.SA,83.56999969482422,83.73999786376953,83.48999786376953,83.68000030517578,368500
2026-04-02 15:20:00+00:00,VALE3.SA,83.68000030517578,83.69999694824219,83.29000091552734,83.4000015258789,147100
2026-04-02 15:25:00+00:00,VALE3.SA,83.37999725341797,83.55000305175781,83.30999755859375,83.51000213623047,78500
2026-04-02 15:30:00+00:00,VALE3.SA,83.5199966430664,83.62000274658203,83.48999786376953,83.54000091552734,66600
2026-04-02 15:35:00+00:00,VALE3.SA,83.54000091552734,83.66999816894531,83.5,83.55999755859375,127400
2026-04-02 15:40:00+00:00,VALE3.SA,83.55000305175781,83.5999984741211,83.47000122070312,83.5999984741211,79600
2026-04-02 15:45:00+00:00,VALE3.SA,83.5999984741211,83.5999984741211,83.47000122070312,83.52999877929688,55800
2026-04-02 15:50:00+00:00,VALE3.SA,83.54000091552734,83.58999633789062,83.41999816894531,83.55999755859375,87000
2026-04-02 15:55:00+00:00,VALE3.SA,83.52999877929688,83.52999877929688,83.37999725341797,83.43000030517578,144300
2026-04-02 16:00:00+00:00,VALE3.SA,83.4000015258789,83.55000305175781,83.33000183105469,83.36000061035156,87100
2026-04-02 16:05:00+00:00,VALE3.SA,83.33999633789062,83.44000244140625,83.27999877929688,83.4000015258789,68400
2026-04-02 16:10:00+00:00,VALE3.SA,83.43000030517578,83.44999694824219,83.33999633789062,83.41999816894531,46400
2026-04-02 16:15:00+00:00,VALE3.SA,83.41999816894531,83.45999908447266,83.26000213623047,83.26000213623047,58700
2026-04-02 16:20:00+00:00,VALE3.SA,83.26000213623047,83.33999633789062,83.19999694824219,83.26000213623047,78800
2026-04-02 16:25:00+00:00,VALE3.SA,83.25,83.33000183105469,83.22000122070312,83.26000213623047,59900
2026-04-02 16:30:00+00:00,VALE3.SA,83.26000213623047,83.56999969482422,83.2300033569336,83.55000305175781,92100
2026-04-02 16:35:00+00:00,VALE3.SA,83.51000213623047,83.6500015258789,83.51000213623047,83.54000091552734,88700
2026-04-02 16:40:00+00:00,VALE3.SA,83.52999877929688,83.73999786376953,83.52999877929688,83.62999725341797,65700
2026-04-02 16:45:00+00:00,VALE3.SA,83.62999725341797,83.6500015258789,83.48999786376953,83.5999984741211,68200
2026-04-02 16:50:00+00:00,VALE3.SA,83.5999984741211,83.66000366210938,83.54000091552734,83.63999938964844,47300
2026-04-02 16:55:00+00:00,VALE3.SA,83.6500015258789,83.66000366210938,83.41000366210938,83.44000244140625,94100
2026-04-02 17:00:00+00:00,VALE3.SA,83.44000244140625,83.5199966430664,83.41000366210938,83.5,57700
2026-04-02 17:05:00+00:00,VALE3.SA,83.5,83.51000213623047,83.41000366210938,83.43000030517578,53200
2026-04-02 17:10:00+00:00,VALE3.SA,83.44999694824219,83.4800033569336,83.3499984741211,83.43000030517578,48800
2026-04-02 17:15:00+00:00,VALE3.SA,83.43000030517578,83.47000122070312,83.33000183105469,83.37000274658203,46900
2026-04-02 17:20:00+00:00,VALE3.SA,83.37000274658203,83.43000030517578,83.31999969482422,83.41000366210938,47300
2026-04-02 17:25:00+00:00,VALE3.SA,83.41000366210938,83.43000030517578,83.33999633789062,83.36000061035156,44700
2026-04-02 17:30:00+00:00,VALE3.SA,83.36000061035156,83.41000366210938,83.33999633789062,83.3499984741211,39000
2026-04-02 17:35:00+00:00,VALE3.SA,83.3499984741211,83.37000274658203,83.2300033569336,83.3499984741211,221300
2026-04-02 17:40:00+00:00,VALE3.SA,83.33000183105469,83.4000015258789,83.33000183105469,83.37000274658203,51300
2026-04-02 17:45:00+00:00,VALE3.SA,83.37999725341797,83.41999816894531,83.2300033569336,83.23999786376953,47400
2026-04-02 17:50:00+00:00,VALE3.SA,83.2699966430664,83.37000274658203,83.2699966430664,83.36000061035156,35100
2026-04-02 17:55:00+00:00,VALE3.SA,83.37000274658203,83.41000366210938,83.30000305175781,83.37999725341797,30100
2026-04-02 18:00:00+00:00,VALE3.SA,83.4000015258789,83.47000122070312,83.2699966430664,83.29000091552734,65100
2026-04-02 18:05:00+00:00,VALE3.SA,83.30000305175781,83.4000015258789,83.29000091552734,83.37999725341797,61100
2026-04-02 18:10:00+00:00,VALE3.SA,83.38999938964844,83.45999908447266,83.37999725341797,83.43000030517578,61800
2026-04-02 18:15:00+00:00,VALE3.SA,83.43000030517578,83.5,83.3499984741211,83.37000274658203,81500
2026-04-02 18:20:00+00:00,VALE3.SA,83.37000274658203,83.41000366210938,83.33999633789062,83.4000015258789,55900
2026-04-02 18:25:00+00:00,VALE3.SA,83.4000015258789,83.44000244140625,83.36000061035156,83.36000061035156,47700
2026-04-02 18:30:00+00:00,VALE3.SA,83.37000274658203,83.43000030517578,83.33000183105469,83.37000274658203,96800
2026-04-02 18:35:00+00:00,VALE3.SA,83.37000274658203,83.41000366210938,83.30000305175781,83.3499984741211,35100
2026-04-02 18:40:00+00:00,VALE3.SA,83.36000061035156,83.45999908447266,83.3499984741211,83.41999816894531,46400
2026-04-02 18:45:00+00:00,VALE3.SA,83.41999816894531,83.54000091552734,83.41999816894531,83.48999786376953,58100
2026-04-02 18:50:00+00:00,VALE3.SA,83.5,83.58000183105469,83.48999786376953,83.55000305175781,64600
2026-04-02 18:55:00+00:00,VALE3.SA,83.55999755859375,83.56999969482422,83.5,83.5,39500
2026-04-02 19:00:00+00:00,VALE3.SA,83.5,83.55000305175781,83.4000015258789,83.41000366210938,57400
2026-04-02 19:05:00+00:00,VALE3.SA,83.41999816894531,83.63999938964844,83.41000366210938,83.58999633789062,141600
2026-04-02 19:10:00+00:00,VALE3.SA,83.58999633789062,83.66999816894531,83.58000183105469,83.62000274658203,108500
2026-04-02 19:15:00+00:00,VALE3.SA,83.61000061035156,83.63999938964844,83.52999877929688,83.61000061035156,137400
2026-04-02 19:20:00+00:00,VALE3.SA,83.62000274658203,83.69999694824219,83.55000305175781,83.5999984741211,175000
2026-04-02 19:25:00+00:00,VALE3.SA,83.61000061035156,83.75,83.5999984741211,83.66000366210938,291400
2026-04-02 19:30:00+00:00,VALE3.SA,83.6500015258789,83.66000366210938,83.54000091552734,83.55999755859375,178000
2026-04-02 19:35:00+00:00,VALE3.SA,83.56999969482422,83.75,83.55000305175781,83.75,163300
2026-04-02 19:40:00+00:00,VALE3.SA,83.75,83.7699966430664,83.61000061035156,83.6500015258789,135800
2026-04-02 19:45:00+00:00,VALE3.SA,83.66000366210938,83.68000030517578,83.61000061035156,83.68000030517578,114000
2026-04-02 19:50:00+00:00,VALE3.SA,83.69000244140625,83.73999786376953,83.68000030517578,83.7300033569336,95200
2026-04-06 13:05:00+00:00,VALE3.SA,84.04000091552734,84.22000122070312,83.94999694824219,84.05000305175781,43700
2026-04-06 13:10:00+00:00,VALE3.SA,84.02999877929688,84.05000305175781,83.75,83.87999725341797,167000
2026-04-06 13:15:00+00:00,VALE3.SA,83.8499984741211,83.87999725341797,83.7300033569336,83.75,76500
2026-04-06 13:20:00+00:00,VALE3.SA,83.76000213623047,83.86000061035156,83.69999694824219,83.69999694824219,156900
2026-04-06 13:25:00+00:00,VALE3.SA,83.70999908447266,83.87000274658203,83.69000244140625,83.7699966430664,109000
2026-04-06 13:30:00+00:00,VALE3.SA,83.79000091552734,84.04000091552734,83.7300033569336,83.97000122070312,138000
2026-04-06 13:35:00+00:00,VALE3.SA,83.95999908447266,83.98999786376953,83.80999755859375,83.81999969482422,86800
2026-04-06 13:40:00+00:00,VALE3.SA,83.81999969482422,83.83000183105469,83.5,83.5,200900
2026-04-06 13:45:00+00:00,VALE3.SA,83.54000091552734,83.80999755859375,83.4000015258789,83.4800033569336,226500
2026-04-06 13:50:00+00:00,VALE3.SA,83.47000122070312,83.5999984741211,83.44999694824219,83.4800033569336,65000
2026-04-06 13:55:00+00:00,VALE3.SA,83.45999908447266,83.5999984741211,83.41000366210938,83.55000305175781,261400
2026-04-06 14:00:00+00:00,VALE3.SA,83.5999984741211,83.75,83.2300033569336,83.2300033569336,222800
2026-04-06 14:05:00+00:00,VALE3.SA,83.23999786376953,83.52999877929688,83.23999786376953,83.45999908447266,133300
2026-04-06 14:10:00+00:00,VALE3.SA,83.45999908447266,83.5,83.4000015258789,83.4800033569336,25800
2026-04-06 14:15:00+00:00,VALE3.SA,83.48999786376953,83.55000305175781,83.3499984741211,83.44999694824219,84600
2026-04-06 14:20:00+00:00,VALE3.SA,83.48999786376953,83.55000305175781,83.41000366210938,83.5199966430664,48600
2026-04-06 14:25:00+00:00,VALE3.SA,83.51000213623047,83.52999877929688,83.3499984741211,83.44000244140625,98700
2026-04-06 14:30:00+00:00,VALE3.SA,83.45999908447266,83.54000091552734,83.36000061035156,83.43000030517578,97400
2026-04-06 14:35:00+00:00,VALE3.SA,83.43000030517578,83.5,83.29000091552734,83.36000061035156,82000
2026-04-06 14:40:00+00:00,VALE3.SA,83.37000274658203,83.5,83.37000274658203,83.41000366210938,41200
2026-04-06 14:45:00+00:00,VALE3.SA,83.38999938964844,83.4800033569336,83.3499984741211,83.41999816894531,28300
2026-04-06 14:50:00+00:00,VALE3.SA,83.44999694824219,83.45999908447266,83.2300033569336,83.3499984741211,71300
2026-04-06 14:55:00+00:00,VALE3.SA,83.3499984741211,83.5,83.30000305175781,83.38999938964844,39000
2026-04-06 15:00:00+00:00,VALE3.SA,83.37000274658203,83.43000030517578,83.27999877929688,83.4000015258789,30400
2026-04-06 15:05:00+00:00,VALE3.SA,83.4000015258789,83.41999816894531,83.27999877929688,83.41999816894531,30000
2026-04-06 15:10:00+00:00,VALE3.SA,83.4000015258789,83.52999877929688,83.25,83.30999755859375,137900
2026-04-06 15:15:00+00:00,VALE3.SA,83.30000305175781,83.3499984741211,83.2300033569336,83.26000213623047,53900
2026-04-06 15:20:00+00:00,VALE3.SA,83.2699966430664,83.29000091552734,83.2300033569336,83.25,32500
2026-04-06 15:25:00+00:00,VALE3.SA,83.25,83.36000061035156,83.2300033569336,83.3499984741211,37900
2026-04-06 15:30:00+00:00,VALE3.SA,83.36000061035156,83.43000030517578,83.2699966430664,83.33000183105469,41300
2026-04-06 15:35:00+00:00,VALE3.SA,83.33000183105469,83.4000015258789,83.13999938964844,83.30000305175781,78500
2026-04-06 15:40:00+00:00,VALE3.SA,83.30000305175781,83.33000183105469,83.12999725341797,83.27999877929688,237700
2026-04-06 15:45:00+00:00,VALE3.SA,83.30000305175781,83.33000183105469,83.26000213623047,83.27999877929688,41300
2026-04-06 15:50:00+00:00,VALE3.SA,83.27999877929688,83.48999786376953,83.2699966430664,83.4000015258789,175100
2026-04-06 15:55:00+00:00,VALE3.SA,83.41000366210938,83.47000122070312,83.38999938964844,83.45999908447266,74900
2026-04-06 16:00:00+00:00,VALE3.SA,83.4800033569336,83.52999877929688,83.38999938964844,83.4000015258789,120800
2026-04-06 16:05:00+00:00,VALE3.SA,83.4000015258789,83.41999816894531,83.37000274658203,83.37999725341797,61600
2026-04-06 16:10:00+00:00,VALE3.SA,83.37000274658203,83.37000274658203,83.27999877929688,83.33000183105469,95600
2026-04-06 16:15:00+00:00,VALE3.SA,83.29000091552734,83.3499984741211,83.27999877929688,83.30000305175781,26400
2026-04-06 16:20:00+00:00,VALE3.SA,83.29000091552734,83.30999755859375,83.19999694824219,83.26000213623047,54700
2026-04-06 16:25:00+00:00,VALE3.SA,83.25,83.2699966430664,83.19999694824219,83.22000122070312,43800
2026-04-06 16:30:00+00:00,VALE3.SA,83.20999908447266,83.33999633789062,83.16000366210938,83.33999633789062,117200
2026-04-06 16:35:00+00:00,VALE3.SA,83.33999633789062,83.3499984741211,83.20999908447266,83.2300033569336,78400
2026-04-06 16:40:00+00:00,VALE3.SA,83.22000122070312,83.27999877929688,83.20999908447266,83.27999877929688,30600
2026-04-06 16:45:00+00:00,VALE3.SA,83.2699966430664,83.2699966430664,83.12000274658203,83.19000244140625,65400
2026-04-06 16:50:00+00:00,VALE3.SA,83.18000030517578,83.23999786376953,83.13999938964844,83.16000366210938,43200
2026-04-06 16:55:00+00:00,VALE3.SA,83.16000366210938,83.19999694824219,83.06999969482422,83.1500015258789,131600
2026-04-06 17:00:00+00:00,VALE3.SA,83.13999938964844,83.1500015258789,83.0,83.08000183105469,95400
2026-04-06 17:05:00+00:00,VALE3.SA,83.06999969482422,83.0999984741211,83.0,83.05999755859375,74000
2026-04-06 17:10:00+00:00,VALE3.SA,83.04000091552734,83.05999755859375,82.86000061035156,82.94999694824219,99000
2026-04-06 17:15:00+00:00,VALE3.SA,82.91999816894531,83.02999877929688,82.88999938964844,82.97000122070312,72800
2026-04-06 17:20:00+00:00,VALE3.SA,82.9800033569336,83.0999984741211,82.91000366210938,83.06999969482422,46500
2026-04-06 17:25:00+00:00,VALE3.SA,83.08000183105469,83.12000274658203,83.05000305175781,83.06999969482422,27400
2026-04-06 17:30:00+00:00,VALE3.SA,83.08999633789062,83.16999816894531,83.05000305175781,83.0999984741211,40000
2026-04-06 17:35:00+00:00,VALE3.SA,83.0999984741211,83.11000061035156,82.97000122070312,83.04000091552734,223500
2026-04-06 17:40:00+00:00,VALE3.SA,83.04000091552734,83.06999969482422,82.94999694824219,82.98999786376953,42300
2026-04-06 17:45:00+00:00,VALE3.SA,82.98999786376953,83.0,82.9000015258789,82.93000030517578,63800
2026-04-06 17:50:00+00:00,VALE3.SA,82.93000030517578,82.94999694824219,82.88999938964844,82.91000366210938,31100
2026-04-06 17:55:00+00:00,VALE3.SA,82.91000366210938,82.93000030517578,82.81999969482422,82.87000274658203,63300
2026-04-06 18:00:00+00:00,VALE3.SA,82.87000274658203,82.91000366210938,82.80000305175781,82.88999938964844,88000
2026-04-06 18:05:00+00:00,VALE3.SA,82.87999725341797,82.97000122070312,82.87000274658203,82.93000030517578,57900
2026-04-06 18:10:00+00:00,VALE3.SA,82.93000030517578,83.04000091552734,82.9000015258789,82.91999816894531,87000
2026-04-06 18:15:00+00:00,VALE3.SA,82.91000366210938,83.05000305175781,82.9000015258789,83.01000213623047,86800
2026-04-06 18:20:00+00:00,VALE3.SA,83.0,83.11000061035156,82.9800033569336,83.0,51200
2026-04-06 18:25:00+00:00,VALE3.SA,83.0,83.04000091552734,82.93000030517578,83.01000213623047,134800
2026-04-06 18:30:00+00:00,VALE3.SA,83.02999877929688,83.16000366210938,83.01000213623047,83.04000091552734,192400
2026-04-06 18:35:00+00:00,VALE3.SA,83.05000305175781,83.1500015258789,83.0199966430664,83.02999877929688,137600
2026-04-06 18:40:00+00:00,VALE3.SA,83.02999877929688,83.06999969482422,83.01000213623047,83.01000213623047,36600
2026-04-06 18:45:00+00:00,VALE3.SA,83.01000213623047,83.12000274658203,83.01000213623047,83.0999984741211,61200
2026-04-06 18:50:00+00:00,VALE3.SA,83.08000183105469,83.12000274658203,83.04000091552734,83.08999633789062,61800
2026-04-06 18:55:00+00:00,VALE3.SA,83.08999633789062,83.16999816894531,83.05999755859375,83.1500015258789,72000
2026-04-06 19:00:00+00:00,VALE3.SA,83.16000366210938,83.19999694824219,83.12999725341797,83.19000244140625,58700
2026-04-06 19:05:00+00:00,VALE3.SA,83.19000244140625,83.23999786376953,83.13999938964844,83.1500015258789,112800
2026-04-06 19:10:00+00:00,VALE3.SA,83.16000366210938,83.18000030517578,83.11000061035156,83.12000274658203,56400
2026-04-06 19:15:00+00:00,VALE3.SA,83.12999725341797,83.20999908447266,83.04000091552734,83.05000305175781,163100
2026-04-06 19:20:00+00:00,VALE3.SA,83.04000091552734,83.06999969482422,83.0,83.01000213623047,89600
2026-04-06 19:25:00+00:00,VALE3.SA,83.0,83.05999755859375,83.0,83.05000305175781,105800
2026-04-06 19:30:00+00:00,VALE3.SA,83.05999755859375,83.13999938964844,83.02999877929688,83.12999725341797,143300
2026-04-06 19:35:00+00:00,VALE3.SA,83.13999938964844,83.16000366210938,83.11000061035156,83.11000061035156,91000
2026-04-06 19:40:00+00:00,VALE3.SA,83.0999984741211,83.12000274658203,83.0199966430664,83.11000061035156,234100
2026-04-06 19:45:00+00:00,VALE3.SA,83.11000061035156,83.18000030517578,83.08000183105469,83.12999725341797,225800
2026-04-06 19:50:00+00:00,VALE3.SA,83.13999938964844,83.19999694824219,83.12000274658203,83.18000030517578,132200
2026-04-07 13:00:00+00:00,VALE3.SA,83.05000305175781,83.38999938964844,82.9000015258789,83.22000122070312,0
2026-04-07 13:05:00+00:00,VALE3.SA,83.16000366210938,83.48999786376953,83.16000366210938,83.29000091552734,184800
2026-04-07 13:10:00+00:00,VALE3.SA,83.27999877929688,83.36000061035156,83.16000366210938,83.31999969482422,115900
2026-04-07 13:15:00+00:00,VALE3.SA,83.36000061035156,83.44000244140625,83.19999694824219,83.23999786376953,3054300
2026-04-07 13:20:00+00:00,VALE3.SA,83.23999786376953,83.27999877929688,83.0999984741211,83.23999786376953,69000
2026-04-07 13:25:00+00:00,VALE3.SA,83.23999786376953,83.33999633789062,83.1500015258789,83.29000091552734,53900
2026-04-07 13:30:00+00:00,VALE3.SA,83.33000183105469,83.45999908447266,83.19000244140625,83.41999816894531,126600
2026-04-07 13:35:00+00:00,VALE3.SA,83.41999816894531,83.69000244140625,83.2699966430664,83.27999877929688,351300
2026-04-07 13:40:00+00:00,VALE3.SA,83.27999877929688,83.41999816894531,83.16999816894531,83.23999786376953,160600
2026-04-07 13:45:00+00:00,VALE3.SA,83.23999786376953,83.33999633789062,83.06999969482422,83.18000030517578,196100
2026-04-07 13:50:00+00:00,VALE3.SA,83.16999816894531,83.29000091552734,83.0999984741211,83.26000213623047,109000
2026-04-07 13:55:00+00:00,VALE3.SA,83.26000213623047,83.26000213623047,83.04000091552734,83.11000061035156,282700
2026-04-07 14:00:00+00:00,VALE3.SA,83.12000274658203,83.1500015258789,82.86000061035156,82.9000015258789,173700
2026-04-07 14:05:00+00:00,VALE3.SA,82.88999938964844,82.9000015258789,82.5999984741211,82.66000366210938,243400
2026-04-07 14:10:00+00:00,VALE3.SA,82.75,82.80999755859375,82.62999725341797,82.69999694824219,110700
2026-04-07 14:15:00+00:00,VALE3.SA,82.70999908447266,83.0,82.62999725341797,82.94999694824219,196600
2026-04-07 14:20:00+00:00,VALE3.SA,82.94999694824219,83.27999877929688,82.94000244140625,83.25,412500
2026-04-07 14:25:00+00:00,VALE3.SA,83.25,83.5,83.23999786376953,83.48999786376953,218000
2026-04-07 14:30:00+00:00,VALE3.SA,83.45999908447266,83.69999694824219,83.38999938964844,83.66999816894531,373600
2026-04-07 14:35:00+00:00,VALE3.SA,83.68000030517578,83.68000030517578,83.44999694824219,83.47000122070312,286400
2026-04-07 14:40:00+00:00,VALE3.SA,83.47000122070312,83.4800033569336,83.27999877929688,83.37000274658203,205300
2026-04-07 14:45:00+00:00,VALE3.SA,83.36000061035156,83.4800033569336,83.2699966430664,83.33000183105469,212400
2026-04-07 14:50:00+00:00,VALE3.SA,83.33000183105469,83.33000183105469,83.18000030517578,83.29000091552734,60800
2026-04-07 14:55:00+00:00,VALE3.SA,83.27999877929688,83.27999877929688,83.04000091552734,83.05999755859375,63300
2026-04-07 15:00:00+00:00,VALE3.SA,83.05999755859375,83.19999694824219,82.98999786376953,83.12000274658203,56500
2026-04-07 15:05:00+00:00,VALE3.SA,83.0999984741211,83.0999984741211,82.94000244140625,83.04000091552734,99800
2026-04-07 15:10:00+00:00,VALE3.SA,83.04000091552734,83.19000244140625,82.95999908447266,83.01000213623047,191200
2026-04-07 15:15:00+00:00,VALE3.SA,83.02999877929688,83.20999908447266,82.95999908447266,83.12000274658203,113900
2026-04-07 15:20:00+00:00,VALE3.SA,83.12000274658203,83.20999908447266,83.04000091552734,83.06999969482422,139200
2026-04-07 15:25:00+00:00,VALE3.SA,83.06999969482422,83.12999725341797,83.02999877929688,83.05999755859375,29500
2026-04-07 15:30:00+00:00,VALE3.SA,83.05999755859375,83.19999694824219,83.05999755859375,83.12000274658203,72000
2026-04-07 15:35:00+00:00,VALE3.SA,83.11000061035156,83.13999938964844,82.98999786376953,82.98999786376953,54700
2026-04-07 15:40:00+00:00,VALE3.SA,82.98999786376953,83.05000305175781,82.93000030517578,82.94999694824219,121100
2026-04-07 15:45:00+00:00,VALE3.SA,82.94999694824219,83.02999877929688,82.94000244140625,82.9800033569336,94800
2026-04-07 15:50:00+00:00,VALE3.SA,82.9800033569336,83.02999877929688,82.91000366210938,83.0,32400
2026-04-07 15:55:00+00:00,VALE3.SA,83.04000091552734,83.16999816894531,83.01000213623047,83.1500015258789,145600
2026-04-07 16:00:00+00:00,VALE3.SA,83.16000366210938,83.51000213623047,83.12000274658203,83.29000091552734,159100
2026-04-07 16:05:00+00:00,VALE3.SA,83.27999877929688,83.33000183105469,83.16000366210938,83.18000030517578,25800
2026-04-07 16:10:00+00:00,VALE3.SA,83.16999816894531,83.33000183105469,83.16999816894531,83.2699966430664,37100
2026-04-07 16:15:00+00:00,VALE3.SA,83.2699966430664,83.30999755859375,83.19999694824219,83.22000122070312,29000
2026-04-07 16:20:00+00:00,VALE3.SA,83.2300033569336,83.36000061035156,83.19000244140625,83.2699966430664,62100
2026-04-07 16:25:00+00:00,VALE3.SA,83.27999877929688,83.37999725341797,83.26000213623047,83.30999755859375,40900
2026-04-07 16:30:00+00:00,VALE3.SA,83.33000183105469,83.4000015258789,83.27999877929688,83.3499984741211,74000
2026-04-07 16:35:00+00:00,VALE3.SA,83.3499984741211,83.37000274658203,83.19000244140625,83.2300033569336,32900
2026-04-07 16:40:00+00:00,VALE3.SA,83.25,83.29000091552734,83.20999908447266,83.2699966430664,19300
2026-04-07 16:45:00+00:00,VALE3.SA,83.30000305175781,83.37999725341797,83.2699966430664,83.33999633789062,78100
2026-04-07 16:50:00+00:00,VALE3.SA,83.33000183105469,83.4000015258789,83.29000091552734,83.30000305175781,86900
2026-04-07 16:55:00+00:00,VALE3.SA,83.30999755859375,83.3499984741211,83.25,83.31999969482422,142100
2026-04-07 17:00:00+00:00,VALE3.SA,83.30000305175781,83.43000030517578,83.26000213623047,83.37999725341797,77300
2026-04-07 17:05:00+00:00,VALE3.SA,83.37999725341797,83.45999908447266,83.37999725341797,83.4000015258789,104900
2026-04-07 17:10:00+00:00,VALE3.SA,83.4000015258789,83.44999694824219,83.36000061035156,83.4000015258789,46800
2026-04-07 17:15:00+00:00,VALE3.SA,83.4000015258789,83.41999816894531,83.29000091552734,83.37000274658203,54400
2026-04-07 17:20:00+00:00,VALE3.SA,83.37000274658203,83.37000274658203,83.26000213623047,83.33999633789062,72000
2026-04-07 17:25:00+00:00,VALE3.SA,83.33000183105469,83.36000061035156,83.30000305175781,83.33000183105469,21100
2026-04-07 17:30:00+00:00,VALE3.SA,83.30999755859375,83.4800033569336,83.30999755859375,83.41000366210938,44800
2026-04-07 17:35:00+00:00,VALE3.SA,83.41999816894531,83.66999816894531,83.41000366210938,83.55000305175781,180900
2026-04-07 17:40:00+00:00,VALE3.SA,83.55000305175781,83.62000274658203,83.45999908447266,83.5,128800
2026-04-07 17:45:00+00:00,VALE3.SA,83.4800033569336,83.5,83.44000244140625,83.48999786376953,69800
2026-04-07 17:50:00+00:00,VALE3.SA,83.4800033569336,83.58000183105469,83.47000122070312,83.51000213623047,108500
2026-04-07 17:55:00+00:00,VALE3.SA,83.51000213623047,83.54000091552734,83.44000244140625,83.4800033569336,62500
2026-04-07 18:00:00+00:00,VALE3.SA,83.4800033569336,83.55000305175781,83.4000015258789,83.44999694824219,64000
2026-04-07 18:05:00+00:00,VALE3.SA,83.43000030517578,83.43000030517578,83.30999755859375,83.3499984741211,66400
2026-04-07 18:10:00+00:00,VALE3.SA,83.3499984741211,83.4000015258789,83.33999633789062,83.38999938964844,23700
2026-04-07 18:15:00+00:00,VALE3.SA,83.38999938964844,83.45999908447266,83.36000061035156,83.41000366210938,49300
2026-04-07 18:20:00+00:00,VALE3.SA,83.4000015258789,83.41999816894531,83.30000305175781,83.30000305175781,82000
2026-04-07 18:25:00+00:00,VALE3.SA,83.30999755859375,83.37000274658203,83.29000091552734,83.33999633789062,52300
2026-04-07 18:30:00+00:00,VALE3.SA,83.3499984741211,83.37999725341797,83.33000183105469,83.33000183105469,39200
2026-04-07 18:35:00+00:00,VALE3.SA,83.33000183105469,83.33999633789062,83.22000122070312,83.26000213623047,147600
2026-04-07 18:40:00+00:00,VALE3.SA,83.25,83.26000213623047,83.19000244140625,83.19999694824219,86800
2026-04-07 18:45:00+00:00,VALE3.SA,83.19999694824219,83.22000122070312,83.13999938964844,83.16000366210938,74800
2026-04-07 18:50:00+00:00,VALE3.SA,83.16000366210938,83.19999694824219,83.08000183105469,83.08999633789062,119200
2026-04-07 18:55:00+00:00,VALE3.SA,83.0999984741211,83.18000030517578,83.05999755859375,83.16000366210938,95100
2026-04-07 19:00:00+00:00,VALE3.SA,83.16000366210938,83.16999816894531,83.08999633789062,83.12999725341797,89500
2026-04-07 19:05:00+00:00,VALE3.SA,83.12000274658203,83.19000244140625,83.02999877929688,83.0999984741211,104800
2026-04-07 19:10:00+00:00,VALE3.SA,83.08999633789062,83.22000122070312,83.08999633789062,83.18000030517578,125300
2026-04-07 19:15:00+00:00,VALE3.SA,83.18000030517578,83.61000061035156,83.18000030517578,83.56999969482422,239400
2026-04-07 19:20:00+00:00,VALE3.SA,83.55000305175781,83.69000244140625,83.37000274658203,83.44000244140625,189000
2026-04-07 19:25:00+00:00,VALE3.SA,83.47000122070312,83.48999786376953,83.37999725341797,83.41999816894531,60600
2026-04-07 19:30:00+00:00,VALE3.SA,83.43000030517578,83.4800033569336,83.31999969482422,83.3499984741211,284500
2026-04-07 19:35:00+00:00,VALE3.SA,83.36000061035156,83.37999725341797,83.25,83.29000091552734,130700
2026-04-07 19:40:00+00:00,VALE3.SA,83.30000305175781,83.38999938964844,83.2300033569336,83.36000061035156,134600
2026-04-07 19:45:00+00:00,VALE3.SA,83.31999969482422,83.58999633789062,83.30000305175781,83.3499984741211,469100
2026-04-07 19:50:00+00:00,VALE3.SA,83.37000274658203,83.58000183105469,83.37000274658203,83.44999694824219,272900
2026-04-08 13:05:00+00:00,VALE3.SA,86.5,86.56999969482422,86.27999877929688,86.52999877929688,251400
2026-04-08 13:10:00+00:00,VALE3.SA,86.4800033569336,86.56999969482422,86.22000122070312,86.26000213623047,465300
2026-04-08 13:15:00+00:00,VALE3.SA,86.27999877929688,86.52999877929688,86.11000061035156,86.51000213623047,607200
2026-04-08 13:20:00+00:00,VALE3.SA,86.43000030517578,86.58000183105469,86.27999877929688,86.58000183105469,638500
2026-04-08 13:25:00+00:00,VALE3.SA,86.52999877929688,86.72000122070312,86.2699966430664,86.2699966430664,603000
2026-04-08 13:30:00+00:00,VALE3.SA,86.30999755859375,86.5,85.93000030517578,86.0199966430664,1059800
2026-04-08 13:35:00+00:00,VALE3.SA,86.01000213623047,86.1500015258789,85.4000015258789,85.54000091552734,1164600
2026-04-08 13:40:00+00:00,VALE3.SA,85.55000305175781,85.56999969482422,85.02999877929688,85.11000061035156,1196300
2026-04-08 13:45:00+00:00,VALE3.SA,85.0999984741211,85.30000305175781,84.91000366210938,85.22000122070312,832000
2026-04-08 13:50:00+00:00,VALE3.SA,85.22000122070312,85.30000305175781,84.7300033569336,84.79000091552734,761600
2026-04-08 13:55:00+00:00,VALE3.SA,84.79000091552734,85.02999877929688,84.76000213623047,84.98999786376953,648300
2026-04-08 14:00:00+00:00,VALE3.SA,84.9800033569336,85.2699966430664,84.95999908447266,85.11000061035156,426500
2026-04-08 14:05:00+00:00,VALE3.SA,85.11000061035156,85.37999725341797,85.08000183105469,85.2699966430664,492600
2026-04-08 14:10:00+00:00,VALE3.SA,85.2699966430664,85.37000274658203,85.22000122070312,85.29000091552734,253400
2026-04-08 14:15:00+00:00,VALE3.SA,85.33000183105469,85.44000244140625,85.27999877929688,85.37000274658203,345000
2026-04-08 14:20:00+00:00,VALE3.SA,85.37000274658203,85.48999786376953,85.2699966430664,85.31999969482422,361600
2026-04-08 14:25:00+00:00,VALE3.SA,85.33000183105469,85.33999633789062,85.12999725341797,85.22000122070312,329200
2026-04-08 14:30:00+00:00,VALE3.SA,85.22000122070312,85.2699966430664,85.0199966430664,85.18000030517578,389600
2026-04-08 14:35:00+00:00,VALE3.SA,85.19000244140625,85.31999969482422,85.16999816894531,85.25,308800
2026-04-08 14:40:00+00:00,VALE3.SA,85.25,85.37000274658203,85.19999694824219,85.19999694824219,252100
2026-04-08 14:45:00+00:00,VALE3.SA,85.19999694824219,85.26000213623047,85.1500015258789,85.2300033569336,206600
2026-04-08 14:50:00+00:00,VALE3.SA,85.2300033569336,85.27999877929688,85.04000091552734,85.11000061035156,276600
2026-04-08 14:55:00+00:00,VALE3.SA,85.0999984741211,85.12000274658203,84.83000183105469,85.0999984741211,322600
2026-04-08 15:00:00+00:00,VALE3.SA,85.08999633789062,85.33000183105469,85.08999633789062,85.30999755859375,244700
2026-04-08 15:05:00+00:00,VALE3.SA,85.30999755859375,85.38999938964844,85.2300033569336,85.2300033569336,216900
2026-04-08 15:10:00+00:00,VALE3.SA,85.2300033569336,85.4000015258789,85.20999908447266,85.37999725341797,193700
2026-04-08 15:15:00+00:00,VALE3.SA,85.37000274658203,85.4800033569336,85.30999755859375,85.41000366210938,161100
2026-04-08 15:20:00+00:00,VALE3.SA,85.41000366210938,85.55000305175781,85.41000366210938,85.52999877929688,239400
2026-04-08 15:25:00+00:00,VALE3.SA,85.54000091552734,85.58000183105469,85.45999908447266,85.4800033569336,128200
2026-04-08 15:30:00+00:00,VALE3.SA,85.4800033569336,85.54000091552734,85.41999816894531,85.4800033569336,160000
2026-04-08 15:35:00+00:00,VALE3.SA,85.4800033569336,85.55000305175781,85.45999908447266,85.5,167800
2026-04-08 15:40:00+00:00,VALE3.SA,85.51000213623047,85.52999877929688,85.47000122070312,85.51000213623047,85800
2026-04-08 15:45:00+00:00,VALE3.SA,85.51000213623047,85.55000305175781,85.4800033569336,85.52999877929688,95300
2026-04-08 15:50:00+00:00,VALE3.SA,85.54000091552734,85.58999633789062,85.5,85.55999755859375,156900
2026-04-08 15:55:00+00:00,VALE3.SA,85.55999755859375,85.66999816894531,85.52999877929688,85.58000183105469,226200
2026-04-08 16:00:00+00:00,VALE3.SA,85.56999969482422,85.63999938964844,85.52999877929688,85.55999755859375,200500
2026-04-08 16:05:00+00:00,VALE3.SA,85.55999755859375,85.6500015258789,85.55999755859375,85.62999725341797,96200
2026-04-08 16:10:00+00:00,VALE3.SA,85.62999725341797,85.66000366210938,85.5999984741211,85.63999938964844,133700
2026-04-08 16:15:00+00:00,VALE3.SA,85.63999938964844,85.6500015258789,85.55999755859375,85.58999633789062,141100
2026-04-08 16:20:00+00:00,VALE3.SA,85.58999633789062,85.61000061035156,85.5199966430664,85.58999633789062,96500
2026-04-08 16:25:00+00:00,VALE3.SA,85.58999633789062,85.5999984741211,85.5199966430664,85.55999755859375,107500
2026-04-08 16:30:00+00:00,VALE3.SA,85.56999969482422,85.68000030517578,85.5199966430664,85.6500015258789,126800
2026-04-08 16:35:00+00:00,VALE3.SA,85.6500015258789,85.7300033569336,85.62999725341797,85.66999816894531,120200
2026-04-08 16:40:00+00:00,VALE3.SA,85.66999816894531,85.75,85.66000366210938,85.69999694824219,208400
2026-04-08 16:45:00+00:00,VALE3.SA,85.69999694824219,85.75,85.69000244140625,85.72000122070312,115600
2026-04-08 16:50:00+00:00,VALE3.SA,85.72000122070312,85.8499984741211,85.68000030517578,85.81999969482422,154100
2026-04-08 16:55:00+00:00,VALE3.SA,85.81999969482422,85.88999938964844,85.7699966430664,85.80000305175781,107700
2026-04-08 17:00:00+00:00,VALE3.SA,85.80999755859375,85.9000015258789,85.79000091552734,85.83000183105469,142600
2026-04-08 17:05:00+00:00,VALE3.SA,85.83000183105469,85.86000061035156,85.76000213623047,85.7699966430664,146800
2026-04-08 17:10:00+00:00,VALE3.SA,85.76000213623047,85.9000015258789,85.75,85.87000274658203,117200
2026-04-08 17:15:00+00:00,VALE3.SA,85.87000274658203,85.88999938964844,85.69999694824219,85.7300033569336,246700
2026-04-08 17:20:00+00:00,VALE3.SA,85.7300033569336,85.76000213623047,85.56999969482422,85.62999725341797,361600
2026-04-08 17:25:00+00:00,VALE3.SA,85.63999938964844,85.6500015258789,85.55999755859375,85.61000061035156,186600
2026-04-08 17:30:00+00:00,VALE3.SA,85.61000061035156,85.69000244140625,85.58000183105469,85.62999725341797,129200
2026-04-08 17:35:00+00:00,VALE3.SA,85.62999725341797,85.69000244140625,85.55999755859375,85.6500015258789,161400
2026-04-08 17:40:00+00:00,VALE3.SA,85.6500015258789,85.69999694824219,85.55000305175781,85.58000183105469,215900
2026-04-08 17:45:00+00:00,VALE3.SA,85.58000183105469,85.62999725341797,85.55000305175781,85.5999984741211,80800
2026-04-08 17:50:00+00:00,VALE3.SA,85.61000061035156,85.73999786376953,85.58000183105469,85.66000366210938,174900
2026-04-08 17:55:00+00:00,VALE3.SA,85.66000366210938,85.69999694824219,85.62000274658203,85.69000244140625,126000
2026-04-08 18:00:00+00:00,VALE3.SA,85.69000244140625,85.83999633789062,85.62000274658203,85.76000213623047,356000
2026-04-08 18:05:00+00:00,VALE3.SA,85.76000213623047,85.80999755859375,85.72000122070312,85.73999786376953,123700
2026-04-08 18:10:00+00:00,VALE3.SA,85.75,85.77999877929688,85.70999908447266,85.76000213623047,94100
2026-04-08 18:15:00+00:00,VALE3.SA,85.7699966430664,85.8499984741211,85.55999755859375,85.63999938964844,176200
2026-04-08 18:20:00+00:00,VALE3.SA,85.62000274658203,85.69000244140625,85.55999755859375,85.5999984741211,104800
2026-04-08 18:25:00+00:00,VALE3.SA,85.58999633789062,85.70999908447266,85.55999755859375,85.66999816894531,101300
2026-04-08 18:30:00+00:00,VALE3.SA,85.66999816894531,85.72000122070312,85.58000183105469,85.58000183105469,120500
2026-04-08 18:35:00+00:00,VALE3.SA,85.5999984741211,85.62000274658203,85.44000244140625,85.44000244140625,104800
2026-04-08 18:40:00+00:00,VALE3.SA,85.45999908447266,85.47000122070312,85.29000091552734,85.37999725341797,201300
2026-04-08 18:45:00+00:00,VALE3.SA,85.37000274658203,85.5199966430664,85.37000274658203,85.45999908447266,149100
2026-04-08 18:50:00+00:00,VALE3.SA,85.44999694824219,85.56999969482422,85.44000244140625,85.5,94700
2026-04-08 18:55:00+00:00,VALE3.SA,85.5,85.52999877929688,85.43000030517578,85.51000213623047,123800
2026-04-08 19:00:00+00:00,VALE3.SA,85.51000213623047,85.58000183105469,85.45999908447266,85.48999786376953,164700
2026-04-08 19:05:00+00:00,VALE3.SA,85.48999786376953,85.55999755859375,85.47000122070312,85.5199966430664,121700
2026-04-08 19:10:00+00:00,VALE3.SA,85.5199966430664,85.6500015258789,85.5199966430664,85.61000061035156,170200
2026-04-08 19:15:00+00:00,VALE3.SA,85.61000061035156,85.68000030517578,85.58999633789062,85.68000030517578,132600
2026-04-08 19:20:00+00:00,VALE3.SA,85.69000244140625,85.76000213623047,85.66000366210938,85.69000244140625,131900
2026-04-08 19:25:00+00:00,VALE3.SA,85.69000244140625,85.7300033569336,85.55000305175781,85.58999633789062,136100
2026-04-08 19:30:00+00:00,VALE3.SA,85.58000183105469,85.62999725341797,85.55999755859375,85.58000183105469,113200
2026-04-08 19:35:00+00:00,VALE3.SA,85.58000183105469,85.69000244140625,85.54000091552734,85.58999633789062,252600
2026-04-08 19:40:00+00:00,VALE3.SA,85.5999984741211,85.69000244140625,85.55999755859375,85.63999938964844,306700
2026-04-08 19:45:00+00:00,VALE3.SA,85.6500015258789,85.66999816894531,85.52999877929688,85.54000091552734,321900
2026-04-08 19:50:00+00:00,VALE3.SA,85.54000091552734,85.5999984741211,85.37999725341797,85.58999633789062,632900
2026-04-09 13:00:00+00:00,VALE3.SA,85.36000061035156,85.36000061035156,84.80999755859375,85.01000213623047,0
2026-04-09 13:05:00+00:00,VALE3.SA,85.01000213623047,85.0999984741211,84.6500015258789,84.80999755859375,275000
2026-04-09 13:10:00+00:00,VALE3.SA,84.76000213623047,85.01000213623047,84.73999786376953,84.9000015258789,153700
2026-04-09 13:15:00+00:00,VALE3.SA,84.91999816894531,85.05000305175781,84.6500015258789,84.6500015258789,241900
2026-04-09 13:20:00+00:00,VALE3.SA,84.66999816894531,84.75,84.55000305175781,84.6500015258789,257600
2026-04-09 13:25:00+00:00,VALE3.SA,84.66999816894531,84.83999633789062,84.66000366210938,84.83999633789062,167500
2026-04-09 13:30:00+00:00,VALE3.SA,84.83999633789062,85.41000366210938,84.83999633789062,85.30000305175781,510800
2026-04-09 13:35:00+00:00,VALE3.SA,85.30000305175781,85.54000091552734,85.2300033569336,85.33000183105469,194500
2026-04-09 13:40:00+00:00,VALE3.SA,85.33000183105469,85.36000061035156,85.0999984741211,85.0999984741211,222000
2026-04-09 13:45:00+00:00,VALE3.SA,85.11000061035156,85.2699966430664,85.06999969482422,85.26000213623047,154300
2026-04-09 13:50:00+00:00,VALE3.SA,85.25,85.26000213623047,85.01000213623047,85.11000061035156,91200
2026-04-09 13:55:00+00:00,VALE3.SA,85.11000061035156,85.1500015258789,84.94999694824219,85.08999633789062,141400
2026-04-09 14:00:00+00:00,VALE3.SA,85.08000183105469,85.19999694824219,84.97000122070312,85.12999725341797,167600
2026-04-09 14:05:00+00:00,VALE3.SA,85.12999725341797,85.13999938964844,84.91000366210938,84.94000244140625,203200
2026-04-09 14:10:00+00:00,VALE3.SA,84.94000244140625,84.94000244140625,84.7300033569336,84.7699966430664,169600
2026-04-09 14:15:00+00:00,VALE3.SA,84.77999877929688,84.80999755859375,84.58999633789062,84.63999938964844,240000
2026-04-09 14:20:00+00:00,VALE3.SA,84.62000274658203,84.80000305175781,84.5999984741211,84.7300033569336,104700
2026-04-09 14:25:00+00:00,VALE3.SA,84.7300033569336,84.75,84.55999755859375,84.5999984741211,172800
2026-04-09 14:30:00+00:00,VALE3.SA,84.58000183105469,84.63999938964844,84.4000015258789,84.4800033569336,153900
2026-04-09 14:35:00+00:00,VALE3.SA,84.47000122070312,84.51000213623047,84.36000061035156,84.44000244140625,194100
2026-04-09 14:40:00+00:00,VALE3.SA,84.43000030517578,84.4800033569336,84.3499984741211,84.41999816894531,123200
2026-04-09 14:45:00+00:00,VALE3.SA,84.43000030517578,84.52999877929688,84.33999633789062,84.43000030517578,233900
2026-04-09 14:50:00+00:00,VALE3.SA,84.44000244140625,84.58999633789062,84.4000015258789,84.55000305175781,117000
2026-04-09 14:55:00+00:00,VALE3.SA,84.55000305175781,84.5999984741211,84.4800033569336,84.52999877929688,142000
2026-04-09 15:00:00+00:00,VALE3.SA,84.52999877929688,84.52999877929688,84.4000015258789,84.45999908447266,102100
2026-04-09 15:05:00+00:00,VALE3.SA,84.45999908447266,84.45999908447266,84.37999725341797,84.37999725341797,53600
2026-04-09 15:10:00+00:00,VALE3.SA,84.37000274658203,84.4800033569336,84.31999969482422,84.41000366210938,113700
2026-04-09 15:15:00+00:00,VALE3.SA,84.4000015258789,84.66999816894531,84.4000015258789,84.61000061035156,354600
2026-04-09 15:20:00+00:00,VALE3.SA,84.61000061035156,84.7699966430664,84.61000061035156,84.76000213623047,306700
2026-04-09 15:25:00+00:00,VALE3.SA,84.73999786376953,84.80000305175781,84.72000122070312,84.79000091552734,87700
2026-04-09 15:30:00+00:00,VALE3.SA,84.76000213623047,85.13999938964844,84.70999908447266,85.05000305175781,506100
2026-04-09 15:35:00+00:00,VALE3.SA,85.04000091552734,85.12000274658203,84.95999908447266,85.0199966430664,210400
2026-04-09 15:40:00+00:00,VALE3.SA,85.02999877929688,85.05000305175781,84.94000244140625,84.97000122070312,211200
2026-04-09 15:45:00+00:00,VALE3.SA,84.97000122070312,85.16000366210938,84.9000015258789,85.05999755859375,163700
2026-04-09 15:50:00+00:00,VALE3.SA,85.05999755859375,85.0999984741211,84.9800033569336,85.02999877929688,92200
2026-04-09 15:55:00+00:00,VALE3.SA,85.0199966430664,85.08000183105469,84.95999908447266,85.04000091552734,82200
2026-04-09 16:00:00+00:00,VALE3.SA,85.05000305175781,85.19000244140625,85.02999877929688,85.16000366210938,100800
2026-04-09 16:05:00+00:00,VALE3.SA,85.13999938964844,85.13999938964844,85.05000305175781,85.06999969482422,94500
2026-04-09 16:10:00+00:00,VALE3.SA,85.08000183105469,85.1500015258789,85.0199966430664,85.08000183105469,108200
2026-04-09 16:15:00+00:00,VALE3.SA,85.08000183105469,85.13999938964844,85.02999877929688,85.11000061035156,90500
2026-04-09 16:20:00+00:00,VALE3.SA,85.0999984741211,85.11000061035156,85.0199966430664,85.08999633789062,53200
2026-04-09 16:25:00+00:00,VALE3.SA,85.08999633789062,85.12000274658203,85.05000305175781,85.0999984741211,207000
2026-04-09 16:30:00+00:00,VALE3.SA,85.0999984741211,85.11000061035156,84.9800033569336,84.98999786376953,774200
2026-04-09 16:35:00+00:00,VALE3.SA,85.0,85.06999969482422,84.9000015258789,84.91999816894531,149600
2026-04-09 16:40:00+00:00,VALE3.SA,84.93000030517578,84.94000244140625,84.87000274658203,84.9000015258789,103800
2026-04-09 16:45:00+00:00,VALE3.SA,84.9000015258789,84.91999816894531,84.80999755859375,84.80999755859375,122200
2026-04-09 16:50:00+00:00,VALE3.SA,84.81999969482422,84.9000015258789,84.75,84.87000274658203,207900
2026-04-09 16:55:00+00:00,VALE3.SA,84.87000274658203,84.98999786376953,84.83999633789062,84.94000244140625,134800
2026-04-09 17:00:00+00:00,VALE3.SA,84.94999694824219,85.05999755859375,84.87000274658203,84.94000244140625,95900
2026-04-09 17:05:00+00:00,VALE3.SA,84.94000244140625,84.94999694824219,84.80000305175781,84.86000061035156,161800
2026-04-09 17:10:00+00:00,VALE3.SA,84.86000061035156,84.91000366210938,84.81999969482422,84.87000274658203,115600
2026-04-09 17:15:00+00:00,VALE3.SA,84.87999725341797,85.0,84.87999725341797,84.95999908447266,117400
2026-04-09 17:20:00+00:00,VALE3.SA,84.97000122070312,85.05000305175781,84.94000244140625,85.04000091552734,142300
2026-04-09 17:25:00+00:00,VALE3.SA,85.02999877929688,85.06999969482422,84.97000122070312,85.04000091552734,102900
2026-04-09 17:30:00+00:00,VALE3.SA,85.05000305175781,85.05999755859375,85.0,85.05000305175781,89000
2026-04-09 17:35:00+00:00,VALE3.SA,85.05000305175781,85.13999938964844,85.04000091552734,85.12999725341797,162800
2026-04-09 17:40:00+00:00,VALE3.SA,85.12000274658203,85.16000366210938,85.04000091552734,85.08999633789062,150300
2026-04-09 17:45:00+00:00,VALE3.SA,85.0999984741211,85.16000366210938,85.05000305175781,85.0999984741211,181100
2026-04-09 17:50:00+00:00,VALE3.SA,85.11000061035156,85.12000274658203,84.9800033569336,84.98999786376953,202900
2026-04-09 17:55:00+00:00,VALE3.SA,85.0,85.04000091552734,84.9000015258789,84.91000366210938,143400
2026-04-09 18:00:00+00:00,VALE3.SA,84.91999816894531,84.94000244140625,84.66999816894531,84.79000091552734,282000
2026-04-09 18:05:00+00:00,VALE3.SA,84.79000091552734,84.9000015258789,84.7699966430664,84.80999755859375,142800
2026-04-09 18:10:00+00:00,VALE3.SA,84.80999755859375,84.83999633789062,84.73999786376953,84.7699966430664,115300
2026-04-09 18:15:00+00:00,VALE3.SA,84.7699966430664,84.79000091552734,84.70999908447266,84.73999786376953,101700
2026-04-09 18:20:00+00:00,VALE3.SA,84.73999786376953,84.7699966430664,84.51000213623047,84.51000213623047,164200
2026-04-09 18:25:00+00:00,VALE3.SA,84.5199966430664,84.52999877929688,84.37000274658203,84.44000244140625,554600
2026-04-09 18:30:00+00:00,VALE3.SA,84.44000244140625,84.45999908447266,84.33999633789062,84.38999938964844,318200
2026-04-09 18:35:00+00:00,VALE3.SA,84.38999938964844,84.41000366210938,84.37000274658203,84.37999725341797,205600
2026-04-09 18:40:00+00:00,VALE3.SA,84.38999938964844,84.38999938964844,84.26000213623047,84.33999633789062,269000
2026-04-09 18:45:00+00:00,VALE3.SA,84.3499984741211,84.44999694824219,84.33999633789062,84.44000244140625,121400
2026-04-09 18:50:00+00:00,VALE3.SA,84.44000244140625,84.48999786376953,84.41000366210938,84.44999694824219,248600
2026-04-09 18:55:00+00:00,VALE3.SA,84.44999694824219,84.4800033569336,84.4000015258789,84.4800033569336,118900
2026-04-09 19:00:00+00:00,VALE3.SA,84.4800033569336,84.58000183105469,84.4000015258789,84.55999755859375,200600
2026-04-09 19:05:00+00:00,VALE3.SA,84.55999755859375,84.66000366210938,84.55000305175781,84.6500015258789,240400
2026-04-09 19:10:00+00:00,VALE3.SA,84.6500015258789,84.68000030517578,84.62000274658203,84.6500015258789,150900
2026-04-09 19:15:00+00:00,VALE3.SA,84.6500015258789,84.6500015258789,84.55999755859375,84.55999755859375,131800
2026-04-09 19:20:00+00:00,VALE3.SA,84.55999755859375,84.69000244140625,84.52999877929688,84.68000030517578,297400
2026-04-09 19:25:00+00:00,VALE3.SA,84.69000244140625,84.75,84.66000366210938,84.69999694824219,186900
2026-04-09 19:30:00+00:00,VALE3.SA,84.70999908447266,84.79000091552734,84.69000244140625,84.72000122070312,190600
2026-04-09 19:35:00+00:00,VALE3.SA,84.70999908447266,84.80999755859375,84.69999694824219,84.80000305175781,169600
2026-04-09 19:40:00+00:00,VALE3.SA,84.80999755859375,84.80999755859375,84.62000274658203,84.63999938964844,242400
2026-04-09 19:45:00+00:00,VALE3.SA,84.6500015258789,84.76000213623047,84.54000091552734,84.6500015258789,617700
2026-04-09 19:50:00+00:00,VALE3.SA,84.6500015258789,84.77999877929688,84.61000061035156,84.73999786376953,407300
2026-04-10 13:00:00+00:00,VALE3.SA,85.0,85.19000244140625,84.93000030517578,85.08999633789062,0
2026-04-10 13:05:00+00:00,VALE3.SA,85.08999633789062,85.19999694824219,85.05999755859375,85.1500015258789,134000
2026-04-10 13:10:00+00:00,VALE3.SA,85.13999938964844,85.23999786376953,85.05999755859375,85.08999633789062,106100
2026-04-10 13:15:00+00:00,VALE3.SA,85.08999633789062,85.12000274658203,85.05999755859375,85.0999984741211,46100
2026-04-10 13:20:00+00:00,VALE3.SA,85.12000274658203,85.1500015258789,84.93000030517578,84.9800033569336,147900
2026-04-10 13:25:00+00:00,VALE3.SA,85.01000213623047,85.06999969482422,84.91999816894531,85.02999877929688,124200
2026-04-10 13:30:00+00:00,VALE3.SA,85.0199966430664,85.12999725341797,84.5999984741211,84.63999938964844,340400
2026-04-10 13:35:00+00:00,VALE3.SA,84.62999725341797,84.83999633789062,84.58000183105469,84.80000305175781,388100
2026-04-10 13:40:00+00:00,VALE3.SA,84.80000305175781,84.93000030517578,84.72000122070312,84.86000061035156,395900
2026-04-10 13:45:00+00:00,VALE3.SA,84.86000061035156,84.91999816894531,84.62999725341797,84.77999877929688,213800
2026-04-10 13:50:00+00:00,VALE3.SA,84.77999877929688,85.05999755859375,84.77999877929688,85.0199966430664,166000
2026-04-10 13:55:00+00:00,VALE3.SA,85.0199966430664,85.25,84.94000244140625,85.19000244140625,240300
2026-04-10 14:00:00+00:00,VALE3.SA,85.16999816894531,85.3499984741211,85.12999725341797,85.29000091552734,291200
2026-04-10 14:05:00+00:00,VALE3.SA,85.29000091552734,85.3499984741211,85.18000030517578,85.2300033569336,154600
2026-04-10 14:10:00+00:00,VALE3.SA,85.23999786376953,85.27999877929688,85.05000305175781,85.27999877929688,317800
2026-04-10 14:15:00+00:00,VALE3.SA,85.2699966430664,85.33999633789062,85.19000244140625,85.2699966430664,177400
2026-04-10 14:20:00+00:00,VALE3.SA,85.27999877929688,85.38999938964844,85.27999877929688,85.38999938964844,234600
2026-04-10 14:25:00+00:00,VALE3.SA,85.38999938964844,85.5999984741211,85.23999786376953,85.56999969482422,481200
2026-04-10 14:30:00+00:00,VALE3.SA,85.56999969482422,85.93000030517578,85.5,85.9000015258789,871300
2026-04-10 14:35:00+00:00,VALE3.SA,85.9000015258789,86.05000305175781,85.88999938964844,85.95999908447266,234900
2026-04-10 14:40:00+00:00,VALE3.SA,85.93000030517578,85.98999786376953,85.7699966430664,85.91000366210938,799000
2026-04-10 14:45:00+00:00,VALE3.SA,85.91999816894531,86.18000030517578,85.87000274658203,86.18000030517578,1623500
2026-04-10 14:50:00+00:00,VALE3.SA,86.18000030517578,86.31999969482422,86.0199966430664,86.19000244140625,957400
2026-04-10 14:55:00+00:00,VALE3.SA,86.16999816894531,86.38999938964844,85.66000366210938,85.7300033569336,867300
2026-04-10 15:00:00+00:00,VALE3.SA,85.72000122070312,85.72000122070312,85.4000015258789,85.51000213623047,526300
2026-04-10 15:05:00+00:00,VALE3.SA,85.51000213623047,85.93000030517578,85.47000122070312,85.83000183105469,233200
2026-04-10 15:10:00+00:00,VALE3.SA,85.83000183105469,85.93000030517578,85.7699966430664,85.93000030517578,115400
2026-04-10 15:15:00+00:00,VALE3.SA,85.93000030517578,85.94000244140625,85.7300033569336,85.93000030517578,741300
2026-04-10 15:20:00+00:00,VALE3.SA,85.91999816894531,86.19999694824219,85.91999816894531,86.0999984741211,246300
2026-04-10 15:25:00+00:00,VALE3.SA,86.08999633789062,86.16000366210938,85.97000122070312,86.12999725341797,131200
2026-04-10 15:30:00+00:00,VALE3.SA,86.13999938964844,86.19000244140625,86.04000091552734,86.08999633789062,98300
2026-04-10 15:35:00+00:00,VALE3.SA,86.08000183105469,86.08000183105469,85.95999908447266,86.01000213623047,89300
2026-04-10 15:40:00+00:00,VALE3.SA,86.0,86.01000213623047,85.83999633789062,85.87999725341797,408200
2026-04-10 15:45:00+00:00,VALE3.SA,85.88999938964844,85.93000030517578,85.80999755859375,85.80999755859375,203000
2026-04-10 15:50:00+00:00,VALE3.SA,85.80999755859375,85.86000061035156,85.69999694824219,85.83000183105469,370700
2026-04-10 15:55:00+00:00,VALE3.SA,85.81999969482422,85.83000183105469,85.5999984741211,85.66000366210938,390200
2026-04-10 16:00:00+00:00,VALE3.SA,85.6500015258789,85.69999694824219,85.5199966430664,85.69000244140625,362500
2026-04-10 16:05:00+00:00,VALE3.SA,85.69000244140625,85.69000244140625,85.51000213623047,85.56999969482422,83300
2026-04-10 16:10:00+00:00,VALE3.SA,85.56999969482422,85.69999694824219,85.56999969482422,85.69000244140625,98400
2026-04-10 16:15:00+00:00,VALE3.SA,85.69000244140625,85.76000213623047,85.63999938964844,85.66000366210938,137100
2026-04-10 16:20:00+00:00,VALE3.SA,85.66000366210938,85.66999816894531,85.5999984741211,85.6500015258789,69600
2026-04-10 16:25:00+00:00,VALE3.SA,85.66000366210938,85.66000366210938,85.51000213623047,85.5999984741211,157800
2026-04-10 16:30:00+00:00,VALE3.SA,85.58999633789062,85.66999816894531,85.52999877929688,85.54000091552734,114600
2026-04-10 16:35:00+00:00,VALE3.SA,85.52999877929688,85.61000061035156,85.52999877929688,85.58999633789062,58500
2026-04-10 16:40:00+00:00,VALE3.SA,85.5999984741211,85.5999984741211,85.4000015258789,85.48999786376953,161100
2026-04-10 16:45:00+00:00,VALE3.SA,85.5,85.5199966430664,85.4000015258789,85.43000030517578,105900
2026-04-10 16:50:00+00:00,VALE3.SA,85.43000030517578,85.56999969482422,85.41000366210938,85.5199966430664,84200
2026-04-10 16:55:00+00:00,VALE3.SA,85.51000213623047,85.56999969482422,85.43000030517578,85.54000091552734,173300
2026-04-10 17:00:00+00:00,VALE3.SA,85.54000091552734,85.54000091552734,85.41999816894531,85.47000122070312,65400
2026-04-10 17:05:00+00:00,VALE3.SA,85.47000122070312,85.5199966430664,85.44999694824219,85.4800033569336,77700
2026-04-10 17:10:00+00:00,VALE3.SA,85.4800033569336,85.48999786376953,85.43000030517578,85.4800033569336,73400
2026-04-10 17:15:00+00:00,VALE3.SA,85.48999786376953,85.62999725341797,85.48999786376953,85.5999984741211,133900
2026-04-10 17:20:00+00:00,VALE3.SA,85.58999633789062,85.58999633789062,85.4800033569336,85.4800033569336,218400
2026-04-10 17:25:00+00:00,VALE3.SA,85.4800033569336,85.61000061035156,85.4800033569336,85.52999877929688,56500
2026-04-10 17:30:00+00:00,VALE3.SA,85.52999877929688,85.5999984741211,85.4800033569336,85.5999984741211,83100
2026-04-10 17:35:00+00:00,VALE3.SA,85.56999969482422,85.62999725341797,85.55000305175781,85.62999725341797,84100
2026-04-10 17:40:00+00:00,VALE3.SA,85.62999725341797,85.69000244140625,85.55000305175781,85.63999938964844,139200
2026-04-10 17:45:00+00:00,VALE3.SA,85.66000366210938,85.76000213623047,85.62000274658203,85.69999694824219,219400
2026-04-10 17:50:00+00:00,VALE3.SA,85.70999908447266,85.77999877929688,85.6500015258789,85.69999694824219,190500
2026-04-10 17:55:00+00:00,VALE3.SA,85.69000244140625,85.69999694824219,85.62999725341797,85.68000030517578,145300
2026-04-10 18:00:00+00:00,VALE3.SA,85.6500015258789,85.7300033569336,85.62999725341797,85.63999938964844,517800
2026-04-10 18:05:00+00:00,VALE3.SA,85.63999938964844,85.75,85.62999725341797,85.69999694824219,102200
2026-04-10 18:10:00+00:00,VALE3.SA,85.70999908447266,85.7300033569336,85.6500015258789,85.7300033569336,107400
2026-04-10 18:15:00+00:00,VALE3.SA,85.73999786376953,85.8499984741211,85.6500015258789,85.8499984741211,138400
2026-04-10 18:20:00+00:00,VALE3.SA,85.83000183105469,85.93000030517578,85.77999877929688,85.87000274658203,348100
2026-04-10 18:25:00+00:00,VALE3.SA,85.87000274658203,85.9000015258789,85.77999877929688,85.8499984741211,281500
2026-04-10 18:30:00+00:00,VALE3.SA,85.8499984741211,85.94000244140625,85.8499984741211,85.9000015258789,253400
2026-04-10 18:35:00+00:00,VALE3.SA,85.9000015258789,85.94999694824219,85.79000091552734,85.8499984741211,212000
2026-04-10 18:40:00+00:00,VALE3.SA,85.8499984741211,85.87000274658203,85.68000030517578,85.75,145600
2026-04-10 18:45:00+00:00,VALE3.SA,85.76000213623047,85.7699966430664,85.69000244140625,85.7300033569336,154200
2026-04-10 18:50:00+00:00,VALE3.SA,85.7300033569336,85.7300033569336,85.62999725341797,85.63999938964844,122400
2026-04-10 18:55:00+00:00,VALE3.SA,85.6500015258789,85.68000030517578,85.58000183105469,85.58999633789062,209700
2026-04-10 19:00:00+00:00,VALE3.SA,85.58999633789062,85.70999908447266,85.58999633789062,85.66999816894531,445200
2026-04-10 19:05:00+00:00,VALE3.SA,85.69999694824219,85.72000122070312,85.58999633789062,85.63999938964844,203200
2026-04-10 19:10:00+00:00,VALE3.SA,85.62999725341797,85.66999816894531,85.5999984741211,85.62999725341797,220700
2026-04-10 19:15:00+00:00,VALE3.SA,85.62999725341797,85.66999816894531,85.55999755859375,85.58999633789062,256900
2026-04-10 19:20:00+00:00,VALE3.SA,85.55999755859375,85.63999938964844,85.5199966430664,85.62999725341797,405700
2026-04-10 19:25:00+00:00,VALE3.SA,85.62000274658203,85.63999938964844,85.55999755859375,85.58000183105469,179300
2026-04-10 19:30:00+00:00,VALE3.SA,85.56999969482422,85.58999633789062,85.51000213623047,85.54000091552734,271200
2026-04-10 19:35:00+00:00,VALE3.SA,85.56999969482422,85.62999725341797,85.5199966430664,85.54000091552734,316800
2026-04-10 19:40:00+00:00,VALE3.SA,85.54000091552734,85.5999984741211,85.51000213623047,85.5999984741211,326900
2026-04-10 19:45:00+00:00,VALE3.SA,85.58000183105469,85.5999984741211,85.4800033569336,85.48999786376953,214200
2026-04-10 19:50:00+00:00,VALE3.SA,85.51000213623047,85.55000305175781,85.37999725341797,85.44999694824219,520700
2026-04-13 13:00:00+00:00,VALE3.SA,85.11000061035156,85.4000015258789,85.0199966430664,85.36000061035156,0
2026-04-13 13:05:00+00:00,VALE3.SA,85.36000061035156,85.58999633789062,85.26000213623047,85.51000213623047,199700
2026-04-13 13:10:00+00:00,VALE3.SA,85.44999694824219,85.5,85.11000061035156,85.1500015258789,172100
2026-04-13 13:15:00+00:00,VALE3.SA,85.1500015258789,85.1500015258789,84.91999816894531,85.0199966430664,92900
2026-04-13 13:20:00+00:00,VALE3.SA,85.04000091552734,85.44999694824219,85.01000213623047,85.30000305175781,859800
2026-04-13 13:25:00+00:00,VALE3.SA,85.30000305175781,85.5,85.2699966430664,85.37000274658203,296000
2026-04-13 13:30:00+00:00,VALE3.SA,85.37000274658203,85.9800033569336,85.31999969482422,85.61000061035156,1464500
2026-04-13 13:35:00+00:00,VALE3.SA,85.61000061035156,86.1500015258789,85.5999984741211,86.11000061035156,1115500
2026-04-13 13:40:00+00:00,VALE3.SA,86.12000274658203,86.43000030517578,85.9800033569336,86.18000030517578,449600
2026-04-13 13:45:00+00:00,VALE3.SA,86.16999816894531,86.27999877929688,85.73999786376953,86.26000213623047,1199000
2026-04-13 13:50:00+00:00,VALE3.SA,86.25,86.37999725341797,85.80000305175781,86.18000030517578,728000
2026-04-13 13:55:00+00:00,VALE3.SA,86.19000244140625,86.37999725341797,86.08999633789062,86.33000183105469,226800
2026-04-13 14:00:00+00:00,VALE3.SA,86.31999969482422,86.4800033569336,86.25,86.41000366210938,281800
2026-04-13 14:05:00+00:00,VALE3.SA,86.37999725341797,86.56999969482422,86.36000061035156,86.47000122070312,297400
2026-04-13 14:10:00+00:00,VALE3.SA,86.47000122070312,86.62999725341797,86.3499984741211,86.5199966430664,328900
2026-04-13 14:15:00+00:00,VALE3.SA,86.5199966430664,86.69000244140625,86.43000030517578,86.66999816894531,246400
2026-04-13 14:20:00+00:00,VALE3.SA,86.66999816894531,86.73999786376953,86.51000213623047,86.56999969482422,389100
2026-04-13 14:25:00+00:00,VALE3.SA,86.55999755859375,86.58999633789062,86.44999694824219,86.5199966430664,139300
2026-04-13 14:30:00+00:00,VALE3.SA,86.51000213623047,86.70999908447266,86.4800033569336,86.63999938964844,222000
2026-04-13 14:35:00+00:00,VALE3.SA,86.63999938964844,86.68000030517578,86.52999877929688,86.55000305175781,80400
2026-04-13 14:40:00+00:00,VALE3.SA,86.55000305175781,86.80000305175781,86.55000305175781,86.75,126100
2026-04-13 14:45:00+00:00,VALE3.SA,86.76000213623047,86.80000305175781,86.45999908447266,86.4800033569336,135000
2026-04-13 14:50:00+00:00,VALE3.SA,86.4800033569336,86.5999984741211,86.44999694824219,86.54000091552734,437000
2026-04-13 14:55:00+00:00,VALE3.SA,86.54000091552734,86.58000183105469,86.45999908447266,86.5,124800
2026-04-13 15:00:00+00:00,VALE3.SA,86.5,86.51000213623047,86.25,86.2699966430664,480300
2026-04-13 15:05:00+00:00,VALE3.SA,86.27999877929688,86.37999725341797,86.22000122070312,86.23999786376953,310900
2026-04-13 15:10:00+00:00,VALE3.SA,86.25,86.3499984741211,86.25,86.31999969482422,119600
2026-04-13 15:15:00+00:00,VALE3.SA,86.31999969482422,86.33000183105469,86.16000366210938,86.18000030517578,128500
2026-04-13 15:20:00+00:00,VALE3.SA,86.16999816894531,86.29000091552734,86.16999816894531,86.27999877929688,93000
2026-04-13 15:25:00+00:00,VALE3.SA,86.27999877929688,86.33000183105469,86.16999816894531,86.25,188300
2026-04-13 15:30:00+00:00,VALE3.SA,86.23999786376953,86.31999969482422,86.12000274658203,86.27999877929688,156300
2026-04-13 15:35:00+00:00,VALE3.SA,86.29000091552734,86.36000061035156,86.26000213623047,86.30000305175781,88600
2026-04-13 15:40:00+00:00,VALE3.SA,86.30000305175781,86.31999969482422,86.2699966430664,86.30000305175781,76100
2026-04-13 15:45:00+00:00,VALE3.SA,86.30000305175781,86.31999969482422,86.23999786376953,86.30999755859375,67800
2026-04-13 15:50:00+00:00,VALE3.SA,86.30999755859375,86.37000274658203,86.25,86.26000213623047,167900
2026-04-13 15:55:00+00:00,VALE3.SA,86.26000213623047,86.3499984741211,86.25,86.27999877929688,102900
2026-04-13 16:00:00+00:00,VALE3.SA,86.29000091552734,86.31999969482422,86.26000213623047,86.31999969482422,97300
2026-04-13 16:05:00+00:00,VALE3.SA,86.31999969482422,86.45999908447266,86.30999755859375,86.44999694824219,163100
2026-04-13 16:10:00+00:00,VALE3.SA,86.44000244140625,86.48999786376953,86.41000366210938,86.43000030517578,79900
2026-04-13 16:15:00+00:00,VALE3.SA,86.43000030517578,86.58000183105469,86.41999816894531,86.56999969482422,85500
2026-04-13 16:20:00+00:00,VALE3.SA,86.58000183105469,86.63999938964844,86.44999694824219,86.58000183105469,321100
2026-04-13 16:25:00+00:00,VALE3.SA,86.56999969482422,86.62000274658203,86.51000213623047,86.54000091552734,79400
2026-04-13 16:30:00+00:00,VALE3.SA,86.54000091552734,86.55000305175781,86.41000366210938,86.48999786376953,113100
2026-04-13 16:35:00+00:00,VALE3.SA,86.48999786376953,86.73999786376953,86.48999786376953,86.68000030517578,366000
2026-04-13 16:40:00+00:00,VALE3.SA,86.68000030517578,86.77999877929688,86.58000183105469,86.69999694824219,155800
2026-04-13 16:45:00+00:00,VALE3.SA,86.69999694824219,86.70999908447266,86.5999984741211,86.62000274658203,188300
2026-04-13 16:50:00+00:00,VALE3.SA,86.62000274658203,86.72000122070312,86.55000305175781,86.62000274658203,316000
2026-04-13 16:55:00+00:00,VALE3.SA,86.62999725341797,86.69000244140625,86.58000183105469,86.68000030517578,76200
2026-04-13 17:00:00+00:00,VALE3.SA,86.68000030517578,86.72000122070312,86.66000366210938,86.66000366210938,87500
2026-04-13 17:05:00+00:00,VALE3.SA,86.66000366210938,86.66999816894531,86.58999633789062,86.66000366210938,88200
2026-04-13 17:10:00+00:00,VALE3.SA,86.66000366210938,86.7300033569336,86.62999725341797,86.72000122070312,80600
2026-04-13 17:15:00+00:00,VALE3.SA,86.72000122070312,86.86000061035156,86.66000366210938,86.80999755859375,179300
2026-04-13 17:20:00+00:00,VALE3.SA,86.80999755859375,86.8499984741211,86.76000213623047,86.81999969482422,132600
2026-04-13 17:25:00+00:00,VALE3.SA,86.81999969482422,86.87999725341797,86.79000091552734,86.86000061035156,152200
2026-04-13 17:30:00+00:00,VALE3.SA,86.86000061035156,86.95999908447266,86.8499984741211,86.94999694824219,159000
2026-04-13 17:35:00+00:00,VALE3.SA,86.94000244140625,87.05999755859375,86.94000244140625,87.02999877929688,245300
2026-04-13 17:40:00+00:00,VALE3.SA,87.02999877929688,87.08999633789062,86.95999908447266,87.02999877929688,275800
2026-04-13 17:45:00+00:00,VALE3.SA,87.02999877929688,87.05999755859375,86.95999908447266,86.98999786376953,138600
2026-04-13 17:50:00+00:00,VALE3.SA,86.98999786376953,86.98999786376953,86.9000015258789,86.93000030517578,113400
2026-04-13 17:55:00+00:00,VALE3.SA,86.93000030517578,87.0199966430664,86.91999816894531,87.01000213623047,240300
2026-04-13 18:00:00+00:00,VALE3.SA,87.01000213623047,87.12999725341797,86.9800033569336,87.0999984741211,159900
2026-04-13 18:05:00+00:00,VALE3.SA,87.08999633789062,87.12000274658203,87.02999877929688,87.05000305175781,205300
2026-04-13 18:10:00+00:00,VALE3.SA,87.04000091552734,87.12000274658203,86.98999786376953,87.08000183105469,158400
2026-04-13 18:15:00+00:00,VALE3.SA,87.08000183105469,87.08999633789062,86.9800033569336,87.0,98800
2026-04-13 18:20:00+00:00,VALE3.SA,87.01000213623047,87.0199966430664,86.8499984741211,86.9000015258789,140000
2026-04-13 18:25:00+00:00,VALE3.SA,86.87999725341797,86.98999786376953,86.8499984741211,86.95999908447266,79600
2026-04-13 18:30:00+00:00,VALE3.SA,86.95999908447266,86.9800033569336,86.87999725341797,86.93000030517578,153500
2026-04-13 18:35:00+00:00,VALE3.SA,86.91999816894531,86.97000122070312,86.9000015258789,86.95999908447266,236600
2026-04-13 18:40:00+00:00,VALE3.SA,86.97000122070312,87.12000274658203,86.95999908447266,87.08999633789062,171900
2026-04-13 18:45:00+00:00,VALE3.SA,87.11000061035156,87.1500015258789,87.08000183105469,87.11000061035156,223300
2026-04-13 18:50:00+00:00,VALE3.SA,87.0999984741211,87.18000030517578,87.0999984741211,87.1500015258789,161000
2026-04-13 18:55:00+00:00,VALE3.SA,87.1500015258789,87.18000030517578,87.05999755859375,87.08999633789062,213900
2026-04-13 19:00:00+00:00,VALE3.SA,87.08999633789062,87.1500015258789,87.08999633789062,87.08999633789062,127000
2026-04-13 19:05:00+00:00,VALE3.SA,87.08999633789062,87.12000274658203,86.87000274658203,86.9000015258789,254500
2026-04-13 19:10:00+00:00,VALE3.SA,86.88999938964844,86.94000244140625,86.80999755859375,86.94000244140625,249800
2026-04-13 19:15:00+00:00,VALE3.SA,86.94000244140625,87.05999755859375,86.88999938964844,87.02999877929688,207500
2026-04-13 19:20:00+00:00,VALE3.SA,87.02999877929688,87.20999908447266,87.02999877929688,87.13999938964844,231000
2026-04-13 19:25:00+00:00,VALE3.SA,87.13999938964844,87.16999816894531,87.0999984741211,87.0999984741211,148000
2026-04-13 19:30:00+00:00,VALE3.SA,87.0999984741211,87.1500015258789,87.05999755859375,87.1500015258789,178200
2026-04-13 19:35:00+00:00,VALE3.SA,87.13999938964844,87.18000030517578,87.04000091552734,87.1500015258789,298600
2026-04-13 19:40:00+00:00,VALE3.SA,87.13999938964844,87.18000030517578,87.12000274658203,87.1500015258789,225400
2026-04-13 19:45:00+00:00,VALE3.SA,87.12999725341797,87.13999938964844,87.0199966430664,87.04000091552734,595300
2026-04-13 19:50:00+00:00,VALE3.SA,87.04000091552734,87.26000213623047,87.01000213623047,87.2300033569336,506500
2026-04-14 13:00:00+00:00,VALE3.SA,87.5,87.58000183105469,87.37999725341797,87.58000183105469,0
2026-04-14 13:05:00+00:00,VALE3.SA,87.58999633789062,87.66000366210938,87.43000030517578,87.5,104300
2026-04-14 13:10:00+00:00,VALE3.SA,87.5,87.6500015258789,87.48999786376953,87.55000305175781,177200
2026-04-14 13:15:00+00:00,VALE3.SA,87.55000305175781,87.61000061035156,87.26000213623047,87.33999633789062,342000
2026-04-14 13:20:00+00:00,VALE3.SA,87.33999633789062,87.5,87.18000030517578,87.44999694824219,104600
2026-04-14 13:25:00+00:00,VALE3.SA,87.45999908447266,87.47000122070312,87.27999877929688,87.37000274658203,142500
2026-04-14 13:30:00+00:00,VALE3.SA,87.4000015258789,87.69000244140625,87.4000015258789,87.45999908447266,322200
2026-04-14 13:35:00+00:00,VALE3.SA,87.47000122070312,87.69999694824219,87.26000213623047,87.68000030517578,844300
2026-04-14 13:40:00+00:00,VALE3.SA,87.68000030517578,88.37000274658203,87.68000030517578,88.33999633789062,616200
2026-04-14 13:45:00+00:00,VALE3.SA,88.37000274658203,88.5,88.27999877929688,88.41999816894531,842200
2026-04-14 13:50:00+00:00,VALE3.SA,88.41999816894531,88.44999694824219,88.1500015258789,88.27999877929688,792700
2026-04-14 13:55:00+00:00,VALE3.SA,88.27999877929688,88.54000091552734,88.26000213623047,88.36000061035156,187100
2026-04-14 14:00:00+00:00,VALE3.SA,88.37000274658203,88.4800033569336,88.20999908447266,88.30999755859375,291200
2026-04-14 14:05:00+00:00,VALE3.SA,88.30999755859375,88.4000015258789,88.2300033569336,88.4000015258789,106800
2026-04-14 14:10:00+00:00,VALE3.SA,88.38999938964844,88.5,88.37999725341797,88.44999694824219,178500
2026-04-14 14:15:00+00:00,VALE3.SA,88.44999694824219,88.5199966430664,88.33000183105469,88.3499984741211,134400
2026-04-14 14:20:00+00:00,VALE3.SA,88.36000061035156,88.37000274658203,88.1500015258789,88.16999816894531,141900
2026-04-14 14:25:00+00:00,VALE3.SA,88.16000366210938,88.4000015258789,88.16000366210938,88.3499984741211,373400
2026-04-14 14:30:00+00:00,VALE3.SA,88.33000183105469,88.44999694824219,88.22000122070312,88.38999938964844,193400
2026-04-14 14:35:00+00:00,VALE3.SA,88.38999938964844,88.4000015258789,88.05999755859375,88.0999984741211,152800
2026-04-14 14:40:00+00:00,VALE3.SA,88.11000061035156,88.16000366210938,88.02999877929688,88.1500015258789,100400
2026-04-14 14:45:00+00:00,VALE3.SA,88.1500015258789,88.33999633789062,88.12999725341797,88.33999633789062,105900
2026-04-14 14:50:00+00:00,VALE3.SA,88.33999633789062,88.37999725341797,88.19999694824219,88.25,308700
2026-04-14 14:55:00+00:00,VALE3.SA,88.2699966430664,88.38999938964844,88.11000061035156,88.20999908447266,197400
2026-04-14 15:00:00+00:00,VALE3.SA,88.18000030517578,88.20999908447266,87.95999908447266,88.08000183105469,114500
2026-04-14 15:05:00+00:00,VALE3.SA,88.0999984741211,88.0999984741211,87.93000030517578,87.95999908447266,241800
2026-04-14 15:10:00+00:00,VALE3.SA,87.95999908447266,88.06999969482422,87.91000366210938,87.94000244140625,136300
2026-04-14 15:15:00+00:00,VALE3.SA,87.94000244140625,88.12999725341797,87.91999816894531,88.08000183105469,132000
2026-04-14 15:20:00+00:00,VALE3.SA,88.05999755859375,88.16999816894531,88.0199966430664,88.16999816894531,143800
2026-04-14 15:25:00+00:00,VALE3.SA,88.18000030517578,88.18000030517578,88.04000091552734,88.04000091552734,169000
2026-04-14 15:30:00+00:00,VALE3.SA,88.05000305175781,88.16000366210938,88.05000305175781,88.16000366210938,100800
2026-04-14 15:35:00+00:00,VALE3.SA,88.1500015258789,88.16999816894531,88.0199966430664,88.06999969482422,84300
2026-04-14 15:40:00+00:00,VALE3.SA,88.06999969482422,88.08999633789062,87.93000030517578,87.95999908447266,101100
2026-04-14 15:45:00+00:00,VALE3.SA,87.95999908447266,87.97000122070312,87.83999633789062,87.86000061035156,108700
2026-04-14 15:50:00+00:00,VALE3.SA,87.88999938964844,87.88999938964844,87.76000213623047,87.79000091552734,108000
2026-04-14 15:55:00+00:00,VALE3.SA,87.80000305175781,87.80000305175781,87.66000366210938,87.73999786376953,140300
2026-04-14 16:00:00+00:00,VALE3.SA,87.73999786376953,87.88999938964844,87.69000244140625,87.87999725341797,163900
2026-04-14 16:05:00+00:00,VALE3.SA,87.88999938964844,87.9800033569336,87.88999938964844,87.94999694824219,108500
2026-04-14 16:10:00+00:00,VALE3.SA,87.94999694824219,87.97000122070312,87.7699966430664,87.79000091552734,108300
2026-04-14 16:15:00+00:00,VALE3.SA,87.79000091552734,87.79000091552734,87.58999633789062,87.75,119400
2026-04-14 16:20:00+00:00,VALE3.SA,87.75,87.83000183105469,87.69000244140625,87.73999786376953,109700
2026-04-14 16:25:00+00:00,VALE3.SA,87.73999786376953,87.83999633789062,87.70999908447266,87.83000183105469,567300
2026-04-14 16:30:00+00:00,VALE3.SA,87.80999755859375,87.88999938964844,87.76000213623047,87.80000305175781,69900
2026-04-14 16:35:00+00:00,VALE3.SA,87.80999755859375,87.86000061035156,87.77999877929688,87.8499984741211,95200
2026-04-14 16:40:00+00:00,VALE3.SA,87.8499984741211,87.88999938964844,87.77999877929688,87.80999755859375,70000
2026-04-14 16:45:00+00:00,VALE3.SA,87.81999969482422,87.87999725341797,87.77999877929688,87.8499984741211,61800
2026-04-14 16:50:00+00:00,VALE3.SA,87.83999633789062,87.88999938964844,87.77999877929688,87.77999877929688,69600
2026-04-14 16:55:00+00:00,VALE3.SA,87.77999877929688,87.8499984741211,87.70999908447266,87.77999877929688,112000
2026-04-14 17:00:00+00:00,VALE3.SA,87.79000091552734,87.87999725341797,87.79000091552734,87.8499984741211,75300
2026-04-14 17:05:00+00:00,VALE3.SA,87.8499984741211,88.0,87.83999633789062,87.95999908447266,116200
2026-04-14 17:10:00+00:00,VALE3.SA,87.95999908447266,87.98999786376953,87.86000061035156,87.91999816894531,169300
2026-04-14 17:15:00+00:00,VALE3.SA,87.91999816894531,88.05000305175781,87.86000061035156,87.9800033569336,121900
2026-04-14 17:20:00+00:00,VALE3.SA,87.98999786376953,88.05000305175781,87.98999786376953,88.0199966430664,75900
2026-04-14 17:25:00+00:00,VALE3.SA,88.02999877929688,88.05000305175781,87.93000030517578,87.9800033569336,90200
2026-04-14 17:30:00+00:00,VALE3.SA,87.98999786376953,88.01000213623047,87.91999816894531,87.9800033569336,96400
2026-04-14 17:35:00+00:00,VALE3.SA,87.97000122070312,88.02999877929688,87.94000244140625,88.02999877929688,86600
2026-04-14 17:40:00+00:00,VALE3.SA,88.02999877929688,88.05999755859375,87.98999786376953,88.02999877929688,113800
2026-04-14 17:45:00+00:00,VALE3.SA,88.0199966430664,88.04000091552734,87.94999694824219,88.0,76000
2026-04-14 17:50:00+00:00,VALE3.SA,88.01000213623047,88.08000183105469,87.9800033569336,88.02999877929688,174400
2026-04-14 17:55:00+00:00,VALE3.SA,88.02999877929688,88.08000183105469,87.94999694824219,88.06999969482422,137400
2026-04-14 18:00:00+00:00,VALE3.SA,88.06999969482422,88.1500015258789,88.05999755859375,88.12999725341797,180500
2026-04-14 18:05:00+00:00,VALE3.SA,88.11000061035156,88.16999816894531,88.08000183105469,88.12000274658203,120400
2026-04-14 18:10:00+00:00,VALE3.SA,88.12999725341797,88.18000030517578,88.11000061035156,88.18000030517578,69900
2026-04-14 18:15:00+00:00,VALE3.SA,88.16999816894531,88.20999908447266,88.0999984741211,88.20999908447266,122600
2026-04-14 18:20:00+00:00,VALE3.SA,88.20999908447266,88.27999877929688,88.02999877929688,88.0999984741211,185500
2026-04-14 18:25:00+00:00,VALE3.SA,88.0999984741211,88.1500015258789,88.02999877929688,88.0999984741211,213300
2026-04-14 18:30:00+00:00,VALE3.SA,88.0999984741211,88.13999938964844,88.05000305175781,88.05000305175781,125300
2026-04-14 18:35:00+00:00,VALE3.SA,88.05000305175781,88.16000366210938,88.05000305175781,88.1500015258789,88100
2026-04-14 18:40:00+00:00,VALE3.SA,88.1500015258789,88.18000030517578,88.06999969482422,88.08999633789062,104300
2026-04-14 18:45:00+00:00,VALE3.SA,88.08000183105469,88.13999938964844,88.05999755859375,88.08000183105469,122400
2026-04-14 18:50:00+00:00,VALE3.SA,88.08999633789062,88.19999694824219,88.06999969482422,88.19999694824219,142300
2026-04-14 18:55:00+00:00,VALE3.SA,88.18000030517578,88.22000122070312,88.13999938964844,88.18000030517578,78800
2026-04-14 19:00:00+00:00,VALE3.SA,88.18000030517578,88.37000274658203,88.18000030517578,88.31999969482422,301200
2026-04-14 19:05:00+00:00,VALE3.SA,88.33000183105469,88.36000061035156,88.26000213623047,88.27999877929688,164900
2026-04-14 19:10:00+00:00,VALE3.SA,88.29000091552734,88.30000305175781,88.19000244140625,88.19999694824219,187700
2026-04-14 19:15:00+00:00,VALE3.SA,88.19999694824219,88.30000305175781,88.13999938964844,88.2699966430664,209800
2026-04-14 19:20:00+00:00,VALE3.SA,88.2699966430664,88.30999755859375,88.22000122070312,88.26000213623047,161300
2026-04-14 19:25:00+00:00,VALE3.SA,88.26000213623047,88.29000091552734,88.20999908447266,88.25,225200
2026-04-14 19:30:00+00:00,VALE3.SA,88.23999786376953,88.30999755859375,88.22000122070312,88.25,213400
2026-04-14 19:35:00+00:00,VALE3.SA,88.23999786376953,88.36000061035156,88.22000122070312,88.2699966430664,997100
2026-04-14 19:40:00+00:00,VALE3.SA,88.29000091552734,88.31999969482422,88.2300033569336,88.27999877929688,162800
2026-04-14 19:45:00+00:00,VALE3.SA,88.27999877929688,88.31999969482422,88.25,88.30999755859375,189000
2026-04-14 19:50:00+00:00,VALE3.SA,88.31999969482422,88.48999786376953,88.31999969482422,88.3499984741211,455500
2026-04-15 13:00:00+00:00,VALE3.SA,88.1500015258789,88.27999877929688,87.88999938964844,87.9800033569336,0
2026-04-15 13:05:00+00:00,VALE3.SA,87.9800033569336,88.91999816894531,87.97000122070312,88.69999694824219,231900
2026-04-15 13:10:00+00:00,VALE3.SA,88.75,88.80000305175781,88.52999877929688,88.58999633789062,79900
2026-04-15 13:15:00+00:00,VALE3.SA,88.5999984741211,88.69000244140625,88.5199966430664,88.63999938964844,100100
2026-04-15 13:20:00+00:00,VALE3.SA,88.63999938964844,88.80000305175781,88.63999938964844,88.80000305175781,170100
2026-04-15 13:25:00+00:00,VALE3.SA,88.80999755859375,89.0,88.77999877929688,89.0,149200
2026-04-15 13:30:00+00:00,VALE3.SA,88.97000122070312,89.08000183105469,88.31999969482422,88.45999908447266,428300
2026-04-15 13:35:00+00:00,VALE3.SA,88.4800033569336,88.70999908447266,88.26000213623047,88.6500015258789,977200
2026-04-15 13:40:00+00:00,VALE3.SA,88.6500015258789,88.87000274658203,88.4000015258789,88.55999755859375,673600
2026-04-15 13:45:00+00:00,VALE3.SA,88.55999755859375,88.5999984741211,88.36000061035156,88.48999786376953,432900
2026-04-15 13:50:00+00:00,VALE3.SA,88.4800033569336,88.69000244140625,88.41999816894531,88.63999938964844,163100
2026-04-15 13:55:00+00:00,VALE3.SA,88.63999938964844,88.75,88.54000091552734,88.72000122070312,80400
2026-04-15 14:00:00+00:00,VALE3.SA,88.72000122070312,88.77999877929688,88.62000274658203,88.66000366210938,166500
2026-04-15 14:05:00+00:00,VALE3.SA,88.66999816894531,88.75,88.62999725341797,88.6500015258789,129900
2026-04-15 14:10:00+00:00,VALE3.SA,88.62999725341797,88.72000122070312,88.51000213623047,88.55000305175781,456600
2026-04-15 14:15:00+00:00,VALE3.SA,88.55000305175781,88.5999984741211,88.41999816894531,88.4800033569336,489100
2026-04-15 14:20:00+00:00,VALE3.SA,88.4800033569336,88.62999725341797,88.47000122070312,88.54000091552734,245400
2026-04-15 14:25:00+00:00,VALE3.SA,88.55999755859375,88.62999725341797,88.5199966430664,88.58000183105469,1845800
2026-04-15 14:30:00+00:00,VALE3.SA,88.58000183105469,88.61000061035156,88.4800033569336,88.5,323400
2026-04-15 14:35:00+00:00,VALE3.SA,88.5,88.62999725341797,88.45999908447266,88.5,141600
2026-04-15 14:40:00+00:00,VALE3.SA,88.52999877929688,88.66999816894531,88.5,88.62000274658203,139400
2026-04-15 14:45:00+00:00,VALE3.SA,88.61000061035156,88.63999938964844,88.5199966430664,88.5999984741211,183700
2026-04-15 14:50:00+00:00,VALE3.SA,88.5999984741211,88.5999984741211,88.33999633789062,88.37000274658203,392600
2026-04-15 14:55:00+00:00,VALE3.SA,88.3499984741211,88.48999786376953,88.3499984741211,88.41000366210938,233000
2026-04-15 15:00:00+00:00,VALE3.SA,88.38999938964844,88.41999816894531,88.0999984741211,88.26000213623047,261500
2026-04-15 15:05:00+00:00,VALE3.SA,88.27999877929688,88.37999725341797,88.25,88.3499984741211,380800
2026-04-15 15:10:00+00:00,VALE3.SA,88.3499984741211,88.4000015258789,88.2699966430664,88.36000061035156,188800
2026-04-15 15:15:00+00:00,VALE3.SA,88.3499984741211,88.47000122070312,88.3499984741211,88.45999908447266,177900
2026-04-15 15:20:00+00:00,VALE3.SA,88.44000244140625,88.45999908447266,88.33000183105469,88.3499984741211,206200
2026-04-15 15:25:00+00:00,VALE3.SA,88.3499984741211,88.38999938964844,88.08999633789062,88.16999816894531,238400
2026-04-15 15:30:00+00:00,VALE3.SA,88.18000030517578,88.37000274658203,88.18000030517578,88.31999969482422,132800
2026-04-15 15:35:00+00:00,VALE3.SA,88.33000183105469,88.44999694824219,88.30000305175781,88.38999938964844,99800
2026-04-15 15:40:00+00:00,VALE3.SA,88.38999938964844,88.44000244140625,88.31999969482422,88.41000366210938,111500
2026-04-15 15:45:00+00:00,VALE3.SA,88.4000015258789,88.5,88.36000061035156,88.45999908447266,107600
2026-04-15 15:50:00+00:00,VALE3.SA,88.45999908447266,88.4800033569336,88.41999816894531,88.43000030517578,46900
2026-04-15 15:55:00+00:00,VALE3.SA,88.41000366210938,88.43000030517578,88.33000183105469,88.38999938964844,70600
2026-04-15 16:00:00+00:00,VALE3.SA,88.38999938964844,88.48999786376953,88.38999938964844,88.41000366210938,79900
2026-04-15 16:05:00+00:00,VALE3.SA,88.41000366210938,88.55000305175781,88.41000366210938,88.51000213623047,88700
2026-04-15 16:10:00+00:00,VALE3.SA,88.51000213623047,88.5199966430664,88.4800033569336,88.48999786376953,61800
2026-04-15 16:15:00+00:00,VALE3.SA,88.48999786376953,88.5199966430664,88.4800033569336,88.51000213623047,46900
2026-04-15 16:20:00+00:00,VALE3.SA,88.5199966430664,88.55000305175781,88.45999908447266,88.4800033569336,33100
2026-04-15 16:25:00+00:00,VALE3.SA,88.48999786376953,88.5,88.44999694824219,88.45999908447266,40900
2026-04-15 16:30:00+00:00,VALE3.SA,88.47000122070312,88.47000122070312,88.44000244140625,88.44999694824219,38800
2026-04-15 16:35:00+00:00,VALE3.SA,88.44000244140625,88.4800033569336,88.4000015258789,88.4000015258789,5039600
2026-04-15 16:40:00+00:00,VALE3.SA,88.4000015258789,88.41000366210938,88.20999908447266,88.30000305175781,100300
2026-04-15 16:45:00+00:00,VALE3.SA,88.30999755859375,88.33999633789062,88.12999725341797,88.19999694824219,120900
2026-04-15 16:50:00+00:00,VALE3.SA,88.19999694824219,88.26000213623047,88.01000213623047,88.04000091552734,138300
2026-04-15 16:55:00+00:00,VALE3.SA,88.01000213623047,88.18000030517578,88.0,88.13999938964844,253000
2026-04-15 17:00:00+00:00,VALE3.SA,88.13999938964844,88.2699966430664,88.0999984741211,88.0999984741211,155800
2026-04-15 17:05:00+00:00,VALE3.SA,88.0999984741211,88.13999938964844,88.05000305175781,88.06999969482422,81700
2026-04-15 17:10:00+00:00,VALE3.SA,88.06999969482422,88.11000061035156,87.94000244140625,87.97000122070312,156300
2026-04-15 17:15:00+00:00,VALE3.SA,87.97000122070312,88.12999725341797,87.97000122070312,88.08000183105469,348500
2026-04-15 17:20:00+00:00,VALE3.SA,88.08000183105469,88.08999633789062,87.91999816894531,87.98999786376953,146600
2026-04-15 17:25:00+00:00,VALE3.SA,87.98999786376953,88.2699966430664,87.9800033569336,88.23999786376953,203400
2026-04-15 17:30:00+00:00,VALE3.SA,88.25,88.33000183105469,88.19999694824219,88.29000091552734,114500
2026-04-15 17:35:00+00:00,VALE3.SA,88.29000091552734,88.4000015258789,88.26000213623047,88.37000274658203,104400
2026-04-15 17:40:00+00:00,VALE3.SA,88.37000274658203,88.4000015258789,88.30000305175781,88.36000061035156,110800
2026-04-15 17:45:00+00:00,VALE3.SA,88.36000061035156,88.41000366210938,88.23999786376953,88.29000091552734,532000
2026-04-15 17:50:00+00:00,VALE3.SA,88.29000091552734,88.37999725341797,88.27999877929688,88.33999633789062,94900
2026-04-15 17:55:00+00:00,VALE3.SA,88.33999633789062,88.43000030517578,88.27999877929688,88.36000061035156,145700
2026-04-15 18:00:00+00:00,VALE3.SA,88.36000061035156,88.41000366210938,88.31999969482422,88.36000061035156,154600
2026-04-15 18:05:00+00:00,VALE3.SA,88.36000061035156,88.51000213623047,88.36000061035156,88.51000213623047,99900
2026-04-15 18:10:00+00:00,VALE3.SA,88.5,88.58000183105469,88.47000122070312,88.55000305175781,161400
2026-04-15 18:15:00+00:00,VALE3.SA,88.54000091552734,88.62000274658203,88.54000091552734,88.58999633789062,172400
2026-04-15 18:20:00+00:00,VALE3.SA,88.58999633789062,88.61000061035156,88.58000183105469,88.61000061035156,95500
2026-04-15 18:25:00+00:00,VALE3.SA,88.5999984741211,88.66000366210938,88.58999633789062,88.6500015258789,117600
2026-04-15 18:30:00+00:00,VALE3.SA,88.6500015258789,88.69999694824219,88.6500015258789,88.69000244140625,116300
2026-04-15 18:35:00+00:00,VALE3.SA,88.69000244140625,88.73999786376953,88.69000244140625,88.72000122070312,276200
2026-04-15 18:40:00+00:00,VALE3.SA,88.72000122070312,88.75,88.62999725341797,88.73999786376953,224500
2026-04-15 18:45:00+00:00,VALE3.SA,88.7300033569336,88.75,88.69999694824219,88.7300033569336,97600
2026-04-15 18:50:00+00:00,VALE3.SA,88.7300033569336,88.80999755859375,88.72000122070312,88.76000213623047,116000
2026-04-15 18:55:00+00:00,VALE3.SA,88.76000213623047,88.80000305175781,88.73999786376953,88.79000091552734,84000
2026-04-15 19:00:00+00:00,VALE3.SA,88.79000091552734,88.80000305175781,88.73999786376953,88.75,124100
2026-04-15 19:05:00+00:00,VALE3.SA,88.75,88.80999755859375,88.73999786376953,88.75,138500
2026-04-15 19:10:00+00:00,VALE3.SA,88.73999786376953,88.80999755859375,88.72000122070312,88.73999786376953,133100
2026-04-15 19:15:00+00:00,VALE3.SA,88.73999786376953,88.8499984741211,88.73999786376953,88.8499984741211,120000
2026-04-15 19:20:00+00:00,VALE3.SA,88.8499984741211,88.87999725341797,88.80000305175781,88.8499984741211,155500
2026-04-15 19:25:00+00:00,VALE3.SA,88.83999633789062,88.87999725341797,88.83999633789062,88.86000061035156,86000
2026-04-15 19:30:00+00:00,VALE3.SA,88.86000061035156,88.87999725341797,88.6500015258789,88.69000244140625,205100
2026-04-15 19:35:00+00:00,VALE3.SA,88.69000244140625,88.7300033569336,88.55999755859375,88.6500015258789,256900
2026-04-15 19:40:00+00:00,VALE3.SA,88.62999725341797,88.66000366210938,88.37999725341797,88.44999694824219,333700
2026-04-15 19:45:00+00:00,VALE3.SA,88.45999908447266,88.54000091552734,88.3499984741211,88.4800033569336,246000
2026-04-15 19:50:00+00:00,VALE3.SA,88.47000122070312,88.58000183105469,88.33000183105469,88.43000030517578,292800
2026-04-16 13:00:00+00:00,VALE3.SA,88.88999938964844,89.1500015258789,88.80999755859375,89.12000274658203,0
2026-04-16 13:05:00+00:00,VALE3.SA,89.08999633789062,89.38999938964844,89.08999633789062,89.25,239000
2026-04-16 13:10:00+00:00,VALE3.SA,89.25,89.30999755859375,89.19000244140625,89.2699966430664,75500
2026-04-16 13:15:00+00:00,VALE3.SA,89.2699966430664,89.30999755859375,89.0999984741211,89.16000366210938,78500
2026-04-16 13:20:00+00:00,VALE3.SA,89.1500015258789,89.19999694824219,89.08999633789062,89.18000030517578,100600
2026-04-16 13:25:00+00:00,VALE3.SA,89.19000244140625,89.2699966430664,89.04000091552734,89.08000183105469,115900
2026-04-16 13:30:00+00:00,VALE3.SA,89.08999633789062,89.25,88.80999755859375,89.11000061035156,336300
2026-04-16 13:35:00+00:00,VALE3.SA,89.08999633789062,89.20999908447266,88.91000366210938,89.11000061035156,236400
2026-04-16 13:40:00+00:00,VALE3.SA,89.11000061035156,89.18000030517578,88.94000244140625,88.94000244140625,166600
2026-04-16 13:45:00+00:00,VALE3.SA,88.94000244140625,89.02999877929688,88.7300033569336,88.83999633789062,348900
2026-04-16 13:50:00+00:00,VALE3.SA,88.83000183105469,88.87999725341797,88.3499984741211,88.52999877929688,311500
2026-04-16 13:55:00+00:00,VALE3.SA,88.52999877929688,88.63999938964844,88.43000030517578,88.63999938964844,135100
2026-04-16 14:00:00+00:00,VALE3.SA,88.63999938964844,88.6500015258789,88.4000015258789,88.41999816894531,549600
2026-04-16 14:05:00+00:00,VALE3.SA,88.41999816894531,88.56999969482422,88.37999725341797,88.5,83300
2026-04-16 14:10:00+00:00,VALE3.SA,88.5,88.61000061035156,88.47000122070312,88.47000122070312,98100
2026-04-16 14:15:00+00:00,VALE3.SA,88.47000122070312,88.58999633789062,88.05999755859375,88.06999969482422,427700
2026-04-16 14:20:00+00:00,VALE3.SA,88.08999633789062,88.1500015258789,87.9000015258789,87.94000244140625,206800
2026-04-16 14:25:00+00:00,VALE3.SA,87.94000244140625,87.94999694824219,87.73999786376953,87.87999725341797,252900
2026-04-16 14:30:00+00:00,VALE3.SA,87.87999725341797,87.87999725341797,87.66000366210938,87.69999694824219,227000
2026-04-16 14:35:00+00:00,VALE3.SA,87.70999908447266,87.70999908447266,87.31999969482422,87.33000183105469,250900
2026-04-16 14:40:00+00:00,VALE3.SA,87.33999633789062,87.37000274658203,87.0999984741211,87.23999786376953,269600
2026-04-16 14:45:00+00:00,VALE3.SA,87.20999908447266,87.55000305175781,87.20999908447266,87.54000091552734,346100
2026-04-16 14:50:00+00:00,VALE3.SA,87.54000091552734,87.69999694824219,87.47000122070312,87.55999755859375,451000
2026-04-16 14:55:00+00:00,VALE3.SA,87.55999755859375,87.55999755859375,87.25,87.25,121200
2026-04-16 15:00:00+00:00,VALE3.SA,87.27999877929688,87.62000274658203,87.27999877929688,87.51000213623047,177800
2026-04-16 15:05:00+00:00,VALE3.SA,87.51000213623047,87.70999908447266,87.43000030517578,87.6500015258789,213900
2026-04-16 15:10:00+00:00,VALE3.SA,87.6500015258789,87.73999786376953,87.45999908447266,87.47000122070312,88000
2026-04-16 15:15:00+00:00,VALE3.SA,87.45999908447266,87.69999694824219,87.45999908447266,87.51000213623047,124300
2026-04-16 15:20:00+00:00,VALE3.SA,87.51000213623047,87.61000061035156,87.5,87.5,63700
2026-04-16 15:25:00+00:00,VALE3.SA,87.5,87.51000213623047,87.2699966430664,87.33000183105469,98200
2026-04-16 15:30:00+00:00,VALE3.SA,87.30999755859375,87.33000183105469,87.23999786376953,87.26000213623047,57800
2026-04-16 15:35:00+00:00,VALE3.SA,87.2699966430664,87.51000213623047,87.23999786376953,87.44000244140625,183000
2026-04-16 15:40:00+00:00,VALE3.SA,87.44000244140625,87.44000244140625,87.3499984741211,87.37000274658203,48100
2026-04-16 15:45:00+00:00,VALE3.SA,87.37000274658203,87.43000030517578,87.31999969482422,87.41999816894531,129600
2026-04-16 15:50:00+00:00,VALE3.SA,87.41999816894531,87.43000030517578,87.31999969482422,87.38999938964844,88100
2026-04-16 15:55:00+00:00,VALE3.SA,87.4000015258789,87.61000061035156,87.4000015258789,87.55000305175781,98700
2026-04-16 16:00:00+00:00,VALE3.SA,87.55999755859375,87.62999725341797,87.52999877929688,87.55000305175781,64900
2026-04-16 16:05:00+00:00,VALE3.SA,87.52999877929688,87.52999877929688,87.33999633789062,87.45999908447266,87400
2026-04-16 16:10:00+00:00,VALE3.SA,87.47000122070312,87.58000183105469,87.45999908447266,87.55000305175781,81400
2026-04-16 16:15:00+00:00,VALE3.SA,87.55000305175781,87.55000305175781,87.48999786376953,87.48999786376953,30700
2026-04-16 16:20:00+00:00,VALE3.SA,87.4800033569336,87.5,87.36000061035156,87.41999816894531,229000
2026-04-16 16:25:00+00:00,VALE3.SA,87.43000030517578,87.55000305175781,87.41000366210938,87.45999908447266,24100
2026-04-16 16:30:00+00:00,VALE3.SA,87.45999908447266,87.48999786376953,87.2300033569336,87.41999816894531,163100
2026-04-16 16:35:00+00:00,VALE3.SA,87.41000366210938,87.45999908447266,87.33999633789062,87.37000274658203,73900
2026-04-16 16:40:00+00:00,VALE3.SA,87.37999725341797,87.37999725341797,87.26000213623047,87.30000305175781,72800
2026-04-16 16:45:00+00:00,VALE3.SA,87.27999877929688,87.37999725341797,87.25,87.37999725341797,105100
2026-04-16 16:50:00+00:00,VALE3.SA,87.3499984741211,87.44000244140625,87.29000091552734,87.31999969482422,33400
2026-04-16 16:55:00+00:00,VALE3.SA,87.31999969482422,87.36000061035156,87.29000091552734,87.29000091552734,39400
2026-04-16 17:00:00+00:00,VALE3.SA,87.29000091552734,87.33999633789062,87.2699966430664,87.31999969482422,59200
2026-04-16 17:05:00+00:00,VALE3.SA,87.33000183105469,87.36000061035156,87.23999786376953,87.31999969482422,266200
2026-04-16 17:10:00+00:00,VALE3.SA,87.30999755859375,87.37999725341797,87.26000213623047,87.33000183105469,152800
2026-04-16 17:15:00+00:00,VALE3.SA,87.31999969482422,87.37000274658203,87.26000213623047,87.31999969482422,145100
2026-04-16 17:20:00+00:00,VALE3.SA,87.33999633789062,87.55000305175781,87.33999633789062,87.51000213623047,237700
2026-04-16 17:25:00+00:00,VALE3.SA,87.52999877929688,87.55000305175781,87.38999938964844,87.38999938964844,70600
2026-04-16 17:30:00+00:00,VALE3.SA,87.37999725341797,87.47000122070312,87.33000183105469,87.37000274658203,83300
2026-04-16 17:35:00+00:00,VALE3.SA,87.37000274658203,87.37000274658203,87.30999755859375,87.36000061035156,24000
2026-04-16 17:40:00+00:00,VALE3.SA,87.36000061035156,87.41000366210938,87.33999633789062,87.38999938964844,54500
2026-04-16 17:45:00+00:00,VALE3.SA,87.37000274658203,87.4000015258789,87.33000183105469,87.37999725341797,117100
2026-04-16 17:50:00+00:00,VALE3.SA,87.37999725341797,87.45999908447266,87.3499984741211,87.36000061035156,82800
2026-04-16 17:55:00+00:00,VALE3.SA,87.38999938964844,87.41000366210938,87.30000305175781,87.33999633789062,152700
2026-04-16 18:00:00+00:00,VALE3.SA,87.33999633789062,87.47000122070312,87.30999755859375,87.44000244140625,152000
2026-04-16 18:05:00+00:00,VALE3.SA,87.41000366210938,87.48999786376953,87.36000061035156,87.38999938964844,86700
2026-04-16 18:10:00+00:00,VALE3.SA,87.37000274658203,87.48999786376953,87.33999633789062,87.45999908447266,60300
2026-04-16 18:15:00+00:00,VALE3.SA,87.44999694824219,87.5199966430664,87.43000030517578,87.4800033569336,78900
2026-04-16 18:20:00+00:00,VALE3.SA,87.45999908447266,87.4800033569336,87.3499984741211,87.36000061035156,105000
2026-04-16 18:25:00+00:00,VALE3.SA,87.37999725341797,87.4000015258789,87.30000305175781,87.33999633789062,78800
2026-04-16 18:30:00+00:00,VALE3.SA,87.36000061035156,87.4000015258789,87.33999633789062,87.37000274658203,56600
2026-04-16 18:35:00+00:00,VALE3.SA,87.37000274658203,87.41999816894531,87.30999755859375,87.37000274658203,120900
2026-04-16 18:40:00+00:00,VALE3.SA,87.37000274658203,87.44999694824219,87.37000274658203,87.41000366210938,103200
2026-04-16 18:45:00+00:00,VALE3.SA,87.41000366210938,87.4800033569336,87.4000015258789,87.44000244140625,41900
2026-04-16 18:50:00+00:00,VALE3.SA,87.44000244140625,87.44999694824219,87.33999633789062,87.37999725341797,120800
2026-04-16 18:55:00+00:00,VALE3.SA,87.37000274658203,87.37999725341797,87.30000305175781,87.36000061035156,138600
2026-04-16 19:00:00+00:00,VALE3.SA,87.36000061035156,87.45999908447266,87.3499984741211,87.45999908447266,109100
2026-04-16 19:05:00+00:00,VALE3.SA,87.43000030517578,87.51000213623047,87.41000366210938,87.4800033569336,75200
2026-04-16 19:10:00+00:00,VALE3.SA,87.4800033569336,87.5199966430664,87.47000122070312,87.47000122070312,67100
2026-04-16 19:15:00+00:00,VALE3.SA,87.47000122070312,87.55999755859375,87.47000122070312,87.55999755859375,58800
2026-04-16 19:20:00+00:00,VALE3.SA,87.55999755859375,87.55999755859375,87.48999786376953,87.55000305175781,67400
2026-04-16 19:25:00+00:00,VALE3.SA,87.55000305175781,87.55999755859375,87.51000213623047,87.54000091552734,65300
2026-04-16 19:30:00+00:00,VALE3.SA,87.51000213623047,87.5999984741211,87.5,87.55999755859375,102400
2026-04-16 19:35:00+00:00,VALE3.SA,87.54000091552734,87.66000366210938,87.51000213623047,87.62999725341797,112500
2026-04-16 19:40:00+00:00,VALE3.SA,87.63999938964844,87.7300033569336,87.61000061035156,87.63999938964844,139100
2026-04-16 19:45:00+00:00,VALE3.SA,87.63999938964844,87.6500015258789,87.41999816894531,87.47000122070312,228100
2026-04-16 19:50:00+00:00,VALE3.SA,87.47000122070312,87.55999755859375,87.44000244140625,87.5,263700
2026-04-17 13:00:00+00:00,VALE3.SA,88.19999694824219,88.86000061035156,88.11000061035156,88.7699966430664,0
2026-04-17 13:05:00+00:00,VALE3.SA,88.69999694824219,89.05999755859375,88.69999694824219,88.98999786376953,257500
2026-04-17 13:10:00+00:00,VALE3.SA,88.98999786376953,89.02999877929688,88.76000213623047,88.88999938964844,264100
2026-04-17 13:15:00+00:00,VALE3.SA,88.9000015258789,88.9000015258789,88.5,88.52999877929688,198900
2026-04-17 13:20:00+00:00,VALE3.SA,88.52999877929688,88.6500015258789,88.48999786376953,88.55000305175781,239300
2026-04-17 13:25:00+00:00,VALE3.SA,88.55000305175781,88.62000274658203,88.25,88.27999877929688,329100
2026-04-17 13:30:00+00:00,VALE3.SA,88.30999755859375,88.41000366210938,87.80000305175781,88.16999816894531,713800
2026-04-17 13:35:00+00:00,VALE3.SA,88.16999816894531,88.38999938964844,88.11000061035156,88.36000061035156,329500
2026-04-17 13:40:00+00:00,VALE3.SA,88.36000061035156,88.56999969482422,88.20999908447266,88.25,269200
2026-04-17 13:45:00+00:00,VALE3.SA,88.27999877929688,88.33000183105469,87.86000061035156,88.01000213623047,827400
2026-04-17 13:50:00+00:00,VALE3.SA,88.0,88.4800033569336,87.95999908447266,88.37999725341797,344100
2026-04-17 13:55:00+00:00,VALE3.SA,88.37000274658203,88.55000305175781,88.3499984741211,88.51000213623047,235800
2026-04-17 14:00:00+00:00,VALE3.SA,88.51000213623047,88.80000305175781,88.4800033569336,88.7300033569336,369400
2026-04-17 14:05:00+00:00,VALE3.SA,88.7300033569336,88.8499984741211,88.6500015258789,88.81999969482422,307300
2026-04-17 14:10:00+00:00,VALE3.SA,88.8499984741211,88.87000274658203,88.5199966430664,88.69999694824219,555600
2026-04-17 14:15:00+00:00,VALE3.SA,88.69999694824219,88.94000244140625,88.68000030517578,88.94000244140625,166500
2026-04-17 14:20:00+00:00,VALE3.SA,88.88999938964844,89.19000244140625,88.86000061035156,89.13999938964844,408100
2026-04-17 14:25:00+00:00,VALE3.SA,89.13999938964844,89.16999816894531,88.86000061035156,88.86000061035156,264000
2026-04-17 14:30:00+00:00,VALE3.SA,88.86000061035156,88.9800033569336,88.7699966430664,88.94000244140625,125300
2026-04-17 14:35:00+00:00,VALE3.SA,88.9000015258789,89.0,88.73999786376953,88.87999725341797,252600
2026-04-17 14:40:00+00:00,VALE3.SA,88.9000015258789,89.0199966430664,88.83999633789062,89.0199966430664,160000
2026-04-17 14:45:00+00:00,VALE3.SA,89.0199966430664,89.05000305175781,88.91000366210938,89.0,157200
2026-04-17 14:50:00+00:00,VALE3.SA,88.98999786376953,89.01000213623047,88.68000030517578,88.8499984741211,127300
2026-04-17 14:55:00+00:00,VALE3.SA,88.8499984741211,88.86000061035156,88.70999908447266,88.7699966430664,186900
2026-04-17 15:00:00+00:00,VALE3.SA,88.7699966430664,88.80999755859375,88.66000366210938,88.80000305175781,299100
2026-04-17 15:05:00+00:00,VALE3.SA,88.80999755859375,88.94000244140625,88.80000305175781,88.93000030517578,163400
2026-04-17 15:10:00+00:00,VALE3.SA,88.93000030517578,88.95999908447266,88.83000183105469,88.94000244140625,172000
2026-04-17 15:15:00+00:00,VALE3.SA,88.94000244140625,89.05999755859375,88.91000366210938,88.9800033569336,219300
2026-04-17 15:20:00+00:00,VALE3.SA,88.95999908447266,89.01000213623047,88.9000015258789,88.91000366210938,74500
2026-04-17 15:25:00+00:00,VALE3.SA,88.9000015258789,89.02999877929688,88.86000061035156,88.94999694824219,118000
2026-04-17 15:30:00+00:00,VALE3.SA,88.93000030517578,89.01000213623047,88.91000366210938,89.01000213623047,111600
2026-04-17 15:35:00+00:00,VALE3.SA,89.01000213623047,89.0199966430664,88.8499984741211,88.93000030517578,172100
2026-04-17 15:40:00+00:00,VALE3.SA,88.93000030517578,88.94999694824219,88.91000366210938,88.91999816894531,84300
2026-04-17 15:45:00+00:00,VALE3.SA,88.91000366210938,89.05000305175781,88.86000061035156,89.02999877929688,342000
2026-04-17 15:50:00+00:00,VALE3.SA,89.02999877929688,89.13999938964844,89.02999877929688,89.06999969482422,199600
2026-04-17 15:55:00+00:00,VALE3.SA,89.08000183105469,89.1500015258789,89.06999969482422,89.13999938964844,90400
2026-04-17 16:00:00+00:00,VALE3.SA,89.1500015258789,89.1500015258789,89.0199966430664,89.04000091552734,171600
2026-04-17 16:05:00+00:00,VALE3.SA,89.05000305175781,89.19000244140625,89.0199966430664,89.12000274658203,133400
2026-04-17 16:10:00+00:00,VALE3.SA,89.12000274658203,89.19999694824219,89.0999984741211,89.18000030517578,84800
2026-04-17 16:15:00+00:00,VALE3.SA,89.18000030517578,89.19000244140625,89.13999938964844,89.18000030517578,82300
2026-04-17 16:20:00+00:00,VALE3.SA,89.19000244140625,89.29000091552734,89.18000030517578,89.2300033569336,203500
2026-04-17 16:25:00+00:00,VALE3.SA,89.22000122070312,89.2300033569336,89.12000274658203,89.13999938964844,70900
2026-04-17 16:30:00+00:00,VALE3.SA,89.12999725341797,89.19000244140625,89.12000274658203,89.1500015258789,57400
2026-04-17 16:35:00+00:00,VALE3.SA,89.13999938964844,89.16000366210938,88.94000244140625,89.01000213623047,190500
2026-04-17 16:40:00+00:00,VALE3.SA,89.0,89.01000213623047,88.91999816894531,88.97000122070312,74700
2026-04-17 16:45:00+00:00,VALE3.SA,88.95999908447266,89.1500015258789,88.95999908447266,89.13999938964844,378700
2026-04-17 16:50:00+00:00,VALE3.SA,89.13999938964844,89.19000244140625,89.0999984741211,89.18000030517578,167700
2026-04-17 16:55:00+00:00,VALE3.SA,89.16999816894531,89.30000305175781,89.16999816894531,89.30000305175781,287600
2026-04-17 17:00:00+00:00,VALE3.SA,89.30000305175781,89.3499984741211,89.2699966430664,89.33999633789062,2649500
2026-04-17 17:05:00+00:00,VALE3.SA,89.33999633789062,89.33999633789062,89.18000030517578,89.26000213623047,306700
2026-04-17 17:10:00+00:00,VALE3.SA,89.26000213623047,89.2699966430664,89.16999816894531,89.18000030517578,137100
2026-04-17 17:15:00+00:00,VALE3.SA,89.18000030517578,89.2300033569336,89.16000366210938,89.16000366210938,86700
2026-04-17 17:20:00+00:00,VALE3.SA,89.1500015258789,89.16000366210938,88.91000366210938,88.97000122070312,280900
2026-04-17 17:25:00+00:00,VALE3.SA,88.9800033569336,89.12999725341797,88.93000030517578,89.11000061035156,265900
2026-04-17 17:30:00+00:00,VALE3.SA,89.12000274658203,89.19000244140625,89.11000061035156,89.13999938964844,173500
2026-04-17 17:35:00+00:00,VALE3.SA,89.12999725341797,89.16000366210938,89.08999633789062,89.11000061035156,63100
2026-04-17 17:40:00+00:00,VALE3.SA,89.11000061035156,89.13999938964844,89.01000213623047,89.04000091552734,97700
2026-04-17 17:45:00+00:00,VALE3.SA,89.04000091552734,89.08999633789062,89.0,89.05000305175781,104700
2026-04-17 17:50:00+00:00,VALE3.SA,89.0199966430664,89.02999877929688,88.80000305175781,88.95999908447266,468100
2026-04-17 17:55:00+00:00,VALE3.SA,88.95999908447266,89.04000091552734,88.93000030517578,88.94000244140625,117200
2026-04-17 18:00:00+00:00,VALE3.SA,88.95999908447266,89.0199966430664,88.93000030517578,88.94000244140625,135200
2026-04-17 18:05:00+00:00,VALE3.SA,88.93000030517578,88.94000244140625,88.88999938964844,88.91999816894531,131900
2026-04-17 18:10:00+00:00,VALE3.SA,88.91000366210938,89.01000213623047,88.88999938964844,88.97000122070312,122200
2026-04-17 18:15:00+00:00,VALE3.SA,88.97000122070312,89.0999984741211,88.97000122070312,89.0199966430664,99100
2026-04-17 18:20:00+00:00,VALE3.SA,89.01000213623047,89.08999633789062,89.0,89.08999633789062,61500
2026-04-17 18:25:00+00:00,VALE3.SA,89.08000183105469,89.18000030517578,89.01000213623047,89.08000183105469,190400
2026-04-17 18:30:00+00:00,VALE3.SA,89.0999984741211,89.18000030517578,89.06999969482422,89.18000030517578,194700
2026-04-17 18:35:00+00:00,VALE3.SA,89.16999816894531,89.19000244140625,89.12999725341797,89.13999938964844,128700
2026-04-17 18:40:00+00:00,VALE3.SA,89.1500015258789,89.1500015258789,89.02999877929688,89.08000183105469,178000
2026-04-17 18:45:00+00:00,VALE3.SA,89.08000183105469,89.13999938964844,89.04000091552734,89.11000061035156,179500
2026-04-17 18:50:00+00:00,VALE3.SA,89.12000274658203,89.12000274658203,88.93000030517578,88.94000244140625,124800
2026-04-17 18:55:00+00:00,VALE3.SA,88.94000244140625,88.9800033569336,88.81999969482422,88.91999816894531,253000
2026-04-17 19:00:00+00:00,VALE3.SA,88.91000366210938,88.98999786376953,88.9000015258789,88.94999694824219,113800
2026-04-17 19:05:00+00:00,VALE3.SA,88.94000244140625,88.94999694824219,88.83999633789062,88.86000061035156,92000
2026-04-17 19:10:00+00:00,VALE3.SA,88.87000274658203,88.91000366210938,88.77999877929688,88.9000015258789,128400
2026-04-17 19:15:00+00:00,VALE3.SA,88.88999938964844,88.95999908447266,88.87999725341797,88.91000366210938,188900
2026-04-17 19:20:00+00:00,VALE3.SA,88.9000015258789,88.94999694824219,88.86000061035156,88.87000274658203,111900
2026-04-17 19:25:00+00:00,VALE3.SA,88.87999725341797,88.93000030517578,88.80000305175781,88.83000183105469,160700
2026-04-17 19:30:00+00:00,VALE3.SA,88.83000183105469,88.91000366210938,88.81999969482422,88.9000015258789,175100
2026-04-17 19:35:00+00:00,VALE3.SA,88.9000015258789,88.94000244140625,88.79000091552734,88.86000061035156,216900
2026-04-17 19:40:00+00:00,VALE3.SA,88.87000274658203,88.94000244140625,88.83999633789062,88.91999816894531,173500
2026-04-17 19:45:00+00:00,VALE3.SA,88.91000366210938,88.9800033569336,88.83999633789062,88.94000244140625,355600
2026-04-17 19:50:00+00:00,VALE3.SA,88.94000244140625,88.97000122070312,88.76000213623047,88.76000213623047,467200
2026-04-20 13:00:00+00:00,VALE3.SA,88.80000305175781,89.0,88.5999984741211,88.97000122070312,0
2026-04-20 13:05:00+00:00,VALE3.SA,88.97000122070312,89.0,88.41000366210938,88.7300033569336,564200
2026-04-20 13:10:00+00:00,VALE3.SA,88.77999877929688,88.94000244140625,88.73999786376953,88.91000366210938,159100
2026-04-20 13:15:00+00:00,VALE3.SA,88.91999816894531,89.16999816894531,88.91999816894531,89.04000091552734,206800
2026-04-20 13:20:00+00:00,VALE3.SA,89.01000213623047,89.0999984741211,88.94999694824219,88.98999786376953,109600
2026-04-20 13:25:00+00:00,VALE3.SA,88.9800033569336,89.0199966430664,88.68000030517578,88.68000030517578,278300
2026-04-20 13:30:00+00:00,VALE3.SA,88.69999694824219,88.79000091552734,88.19999694824219,88.41999816894531,803000
2026-04-20 13:35:00+00:00,VALE3.SA,88.4000015258789,88.70999908447266,88.31999969482422,88.5999984741211,294800
2026-04-20 13:40:00+00:00,VALE3.SA,88.5999984741211,88.73999786376953,88.52999877929688,88.66999816894531,135400
2026-04-20 13:45:00+00:00,VALE3.SA,88.66999816894531,88.7300033569336,88.37000274658203,88.37999725341797,219100
2026-04-20 13:50:00+00:00,VALE3.SA,88.37000274658203,88.56999969482422,88.3499984741211,88.5199966430664,404000
2026-04-20 13:55:00+00:00,VALE3.SA,88.5,88.72000122070312,88.5,88.52999877929688,322800
2026-04-20 14:00:00+00:00,VALE3.SA,88.52999877929688,88.52999877929688,88.02999877929688,88.16999816894531,644300
2026-04-20 14:05:00+00:00,VALE3.SA,88.18000030517578,88.29000091552734,88.08000183105469,88.12999725341797,268900
2026-04-20 14:10:00+00:00,VALE3.SA,88.13999938964844,88.27999877929688,88.06999969482422,88.2699966430664,201600
2026-04-20 14:15:00+00:00,VALE3.SA,88.26000213623047,88.5,88.25,88.47000122070312,280600
2026-04-20 14:20:00+00:00,VALE3.SA,88.47000122070312,88.68000030517578,88.47000122070312,88.6500015258789,141000
2026-04-20 14:25:00+00:00,VALE3.SA,88.66000366210938,89.0,88.66000366210938,88.97000122070312,350400
2026-04-20 14:30:00+00:00,VALE3.SA,88.97000122070312,89.29000091552734,88.97000122070312,89.06999969482422,313600
2026-04-20 14:35:00+00:00,VALE3.SA,89.06999969482422,89.13999938964844,88.97000122070312,89.01000213623047,139800
2026-04-20 14:40:00+00:00,VALE3.SA,89.01000213623047,89.20999908447266,88.87999725341797,89.20999908447266,205700
2026-04-20 14:45:00+00:00,VALE3.SA,89.20999908447266,89.20999908447266,89.01000213623047,89.16999816894531,153000
2026-04-20 14:50:00+00:00,VALE3.SA,89.12999725341797,89.1500015258789,88.73999786376953,88.94000244140625,158800
2026-04-20 14:55:00+00:00,VALE3.SA,88.95999908447266,89.02999877929688,88.77999877929688,89.0199966430664,104100
2026-04-20 15:00:00+00:00,VALE3.SA,89.0199966430664,89.05999755859375,88.70999908447266,88.8499984741211,128800
2026-04-20 15:05:00+00:00,VALE3.SA,88.8499984741211,88.93000030517578,88.75,88.86000061035156,113400
2026-04-20 15:10:00+00:00,VALE3.SA,88.83999633789062,89.02999877929688,88.83999633789062,88.97000122070312,139500
2026-04-20 15:15:00+00:00,VALE3.SA,88.9800033569336,89.0999984741211,88.91000366210938,89.08000183105469,74000
2026-04-20 15:20:00+00:00,VALE3.SA,89.08000183105469,89.2699966430664,89.04000091552734,89.16000366210938,255600
2026-04-20 15:25:00+00:00,VALE3.SA,89.16000366210938,89.38999938964844,89.12999725341797,89.33000183105469,130800
2026-04-20 15:30:00+00:00,VALE3.SA,89.33000183105469,89.4000015258789,89.30999755859375,89.37000274658203,88200
2026-04-20 15:35:00+00:00,VALE3.SA,89.3499984741211,89.44000244140625,89.29000091552734,89.3499984741211,95600
2026-04-20 15:40:00+00:00,VALE3.SA,89.3499984741211,89.44000244140625,89.33000183105469,89.37999725341797,65200
2026-04-20 15:45:00+00:00,VALE3.SA,89.37999725341797,89.37999725341797,89.33000183105469,89.33999633789062,99600
2026-04-20 15:50:00+00:00,VALE3.SA,89.33999633789062,89.36000061035156,89.30000305175781,89.31999969482422,49700
2026-04-20 15:55:00+00:00,VALE3.SA,89.33000183105469,89.4000015258789,89.33000183105469,89.38999938964844,68000
2026-04-20 16:00:00+00:00,VALE3.SA,89.38999938964844,89.38999938964844,89.18000030517578,89.19999694824219,133700
2026-04-20 16:05:00+00:00,VALE3.SA,89.19999694824219,89.2699966430664,89.16999816894531,89.22000122070312,65800
2026-04-20 16:10:00+00:00,VALE3.SA,89.22000122070312,89.26000213623047,89.19999694824219,89.2300033569336,38800
2026-04-20 16:15:00+00:00,VALE3.SA,89.2300033569336,89.2300033569336,89.0,89.02999877929688,217400
2026-04-20 16:20:00+00:00,VALE3.SA,89.04000091552734,89.11000061035156,88.94999694824219,88.9800033569336,108500
2026-04-20 16:25:00+00:00,VALE3.SA,88.9800033569336,89.0,88.86000061035156,88.87999725341797,125300
2026-04-20 16:30:00+00:00,VALE3.SA,88.87000274658203,88.95999908447266,88.77999877929688,88.77999877929688,82200
2026-04-20 16:35:00+00:00,VALE3.SA,88.80000305175781,88.80000305175781,88.75,88.80000305175781,92200
2026-04-20 16:40:00+00:00,VALE3.SA,88.77999877929688,88.91999816894531,88.7699966430664,88.91000366210938,60400
2026-04-20 16:45:00+00:00,VALE3.SA,88.91999816894531,88.94000244140625,88.8499984741211,88.8499984741211,60500
2026-04-20 16:50:00+00:00,VALE3.SA,88.83999633789062,88.91000366210938,88.80999755859375,88.87000274658203,106900
2026-04-20 16:55:00+00:00,VALE3.SA,88.87999725341797,88.87999725341797,88.70999908447266,88.7699966430664,82500
2026-04-20 17:00:00+00:00,VALE3.SA,88.77999877929688,88.87999725341797,88.75,88.86000061035156,117100
2026-04-20 17:05:00+00:00,VALE3.SA,88.8499984741211,88.9000015258789,88.80000305175781,88.8499984741211,78300
2026-04-20 17:10:00+00:00,VALE3.SA,88.8499984741211,88.88999938964844,88.81999969482422,88.8499984741211,74800
2026-04-20 17:15:00+00:00,VALE3.SA,88.83999633789062,88.8499984741211,88.76000213623047,88.81999969482422,101400
2026-04-20 17:20:00+00:00,VALE3.SA,88.83000183105469,88.8499984741211,88.77999877929688,88.77999877929688,162200
2026-04-20 17:25:00+00:00,VALE3.SA,88.77999877929688,88.83000183105469,88.72000122070312,88.81999969482422,72600
2026-04-20 17:30:00+00:00,VALE3.SA,88.79000091552734,88.80999755859375,88.51000213623047,88.51000213623047,118200
2026-04-20 17:35:00+00:00,VALE3.SA,88.5199966430664,88.69999694824219,88.5,88.63999938964844,138700
2026-04-20 17:40:00+00:00,VALE3.SA,88.62999725341797,88.72000122070312,88.61000061035156,88.69999694824219,52500
2026-04-20 17:45:00+00:00,VALE3.SA,88.69000244140625,88.69999694824219,88.62999725341797,88.66999816894531,34800
2026-04-20 17:50:00+00:00,VALE3.SA,88.68000030517578,88.79000091552734,88.66999816894531,88.75,140600
2026-04-20 17:55:00+00:00,VALE3.SA,88.75,88.79000091552734,88.66999816894531,88.69999694824219,85300
2026-04-20 18:00:00+00:00,VALE3.SA,88.70999908447266,88.76000213623047,88.68000030517578,88.72000122070312,118400
2026-04-20 18:05:00+00:00,VALE3.SA,88.70999908447266,88.86000061035156,88.70999908447266,88.80999755859375,101000
2026-04-20 18:10:00+00:00,VALE3.SA,88.80999755859375,88.83999633789062,88.70999908447266,88.80000305175781,122700
2026-04-20 18:15:00+00:00,VALE3.SA,88.80000305175781,88.88999938964844,88.7699966430664,88.87000274658203,117100
2026-04-20 18:20:00+00:00,VALE3.SA,88.86000061035156,88.93000030517578,88.86000061035156,88.88999938964844,92700
2026-04-20 18:25:00+00:00,VALE3.SA,88.87999725341797,88.9000015258789,88.77999877929688,88.83000183105469,108100
2026-04-20 18:30:00+00:00,VALE3.SA,88.83000183105469,88.87000274658203,88.80000305175781,88.83999633789062,42200
2026-04-20 18:35:00+00:00,VALE3.SA,88.83999633789062,88.87000274658203,88.79000091552734,88.81999969482422,74400
2026-04-20 18:40:00+00:00,VALE3.SA,88.80000305175781,88.87999725341797,88.80000305175781,88.87999725341797,53600
2026-04-20 18:45:00+00:00,VALE3.SA,88.87000274658203,88.98999786376953,88.87000274658203,88.98999786376953,160500
2026-04-20 18:50:00+00:00,VALE3.SA,88.98999786376953,89.12999725341797,88.9800033569336,89.08999633789062,159800
2026-04-20 18:55:00+00:00,VALE3.SA,89.08999633789062,89.11000061035156,88.94999694824219,88.95999908447266,137100
2026-04-20 19:00:00+00:00,VALE3.SA,88.95999908447266,89.05000305175781,88.94999694824219,88.9800033569336,100800
2026-04-20 19:05:00+00:00,VALE3.SA,88.9800033569336,89.02999877929688,88.94000244140625,89.01000213623047,132300
2026-04-20 19:10:00+00:00,VALE3.SA,89.0199966430664,89.0999984741211,88.9800033569336,89.08999633789062,100500
2026-04-20 19:15:00+00:00,VALE3.SA,89.08999633789062,89.0999984741211,89.0,89.05999755859375,116700
2026-04-20 19:20:00+00:00,VALE3.SA,89.04000091552734,89.11000061035156,88.97000122070312,89.11000061035156,163900
2026-04-20 19:25:00+00:00,VALE3.SA,89.0999984741211,89.0999984741211,89.01000213623047,89.01000213623047,216000
2026-04-20 19:30:00+00:00,VALE3.SA,89.01000213623047,89.06999969482422,88.97000122070312,89.0199966430664,236500
2026-04-20 19:35:00+00:00,VALE3.SA,89.0199966430664,89.0999984741211,88.97000122070312,89.05000305175781,233000
2026-04-20 19:40:00+00:00,VALE3.SA,89.05000305175781,89.08000183105469,88.91999816894531,88.95999908447266,510100
2026-04-20 19:45:00+00:00,VALE3.SA,88.95999908447266,89.02999877929688,88.9000015258789,89.0199966430664,502200
2026-04-20 19:50:00+00:00,VALE3.SA,89.0199966430664,89.02999877929688,88.91999816894531,88.93000030517578,395600
2026-04-22 13:05:00+00:00,VALE3.SA,87.94999694824219,88.16999816894531,87.80999755859375,88.11000061035156,349500
2026-04-22 13:10:00+00:00,VALE3.SA,88.13999938964844,88.41000366210938,88.05000305175781,88.30000305175781,368400
2026-04-22 13:15:00+00:00,VALE3.SA,88.30000305175781,88.4000015258789,88.12999725341797,88.18000030517578,178100
2026-04-22 13:20:00+00:00,VALE3.SA,88.20999908447266,88.29000091552734,88.1500015258789,88.22000122070312,100500
2026-04-22 13:25:00+00:00,VALE3.SA,88.22000122070312,88.27999877929688,88.0,88.27999877929688,142700
2026-04-22 13:30:00+00:00,VALE3.SA,88.27999877929688,88.45999908447266,87.87000274658203,88.33999633789062,410900
2026-04-22 13:35:00+00:00,VALE3.SA,88.33999633789062,88.4800033569336,88.31999969482422,88.33999633789062,179600
2026-04-22 13:40:00+00:00,VALE3.SA,88.33999633789062,88.5199966430664,88.22000122070312,88.48999786376953,169700
2026-04-22 13:45:00+00:00,VALE3.SA,88.4800033569336,88.7300033569336,88.4000015258789,88.56999969482422,491400
2026-04-22 13:50:00+00:00,VALE3.SA,88.56999969482422,88.56999969482422,88.3499984741211,88.43000030517578,95300
2026-04-22 13:55:00+00:00,VALE3.SA,88.41999816894531,88.41999816894531,88.2300033569336,88.30000305175781,71600
2026-04-22 14:00:00+00:00,VALE3.SA,88.29000091552734,88.33000183105469,88.04000091552734,88.08000183105469,223000
2026-04-22 14:05:00+00:00,VALE3.SA,88.08000183105469,88.08000183105469,87.91000366210938,87.91000366210938,210300
2026-04-22 14:10:00+00:00,VALE3.SA,87.91000366210938,88.1500015258789,87.87999725341797,88.0999984741211,116500
2026-04-22 14:15:00+00:00,VALE3.SA,88.12000274658203,88.12000274658203,87.9000015258789,87.93000030517578,245300
2026-04-22 14:20:00+00:00,VALE3.SA,87.93000030517578,88.06999969482422,87.93000030517578,88.0199966430664,85500
2026-04-22 14:25:00+00:00,VALE3.SA,88.0199966430664,88.12000274658203,87.97000122070312,87.97000122070312,76500
2026-04-22 14:30:00+00:00,VALE3.SA,88.0,88.26000213623047,88.0,88.01000213623047,346800
2026-04-22 14:35:00+00:00,VALE3.SA,88.01000213623047,88.0199966430664,87.87999725341797,87.91000366210938,174200
2026-04-22 14:40:00+00:00,VALE3.SA,87.88999938964844,88.02999877929688,87.83000183105469,87.8499984741211,140400
2026-04-22 14:45:00+00:00,VALE3.SA,87.8499984741211,88.08000183105469,87.8499984741211,87.93000030517578,222300
2026-04-22 14:50:00+00:00,VALE3.SA,87.93000030517578,87.94000244140625,87.6500015258789,87.83999633789062,340700
2026-04-22 14:55:00+00:00,VALE3.SA,87.81999969482422,88.0,87.80999755859375,87.9800033569336,183000
2026-04-22 15:00:00+00:00,VALE3.SA,87.9800033569336,88.0,87.83000183105469,87.94000244140625,110200
2026-04-22 15:05:00+00:00,VALE3.SA,87.94999694824219,88.0199966430664,87.91999816894531,87.93000030517578,200400
2026-04-22 15:10:00+00:00,VALE3.SA,87.94000244140625,88.0,87.80999755859375,87.83000183105469,141100
2026-04-22 15:15:00+00:00,VALE3.SA,87.83999633789062,87.94000244140625,87.83999633789062,87.91999816894531,114500
2026-04-22 15:20:00+00:00,VALE3.SA,87.91000366210938,87.97000122070312,87.8499984741211,87.88999938964844,117300
2026-04-22 15:25:00+00:00,VALE3.SA,87.88999938964844,87.88999938964844,87.76000213623047,87.86000061035156,98600
2026-04-22 15:30:00+00:00,VALE3.SA,87.86000061035156,87.91000366210938,87.83999633789062,87.8499984741211,96800
2026-04-22 15:35:00+00:00,VALE3.SA,87.8499984741211,87.87999725341797,87.61000061035156,87.66999816894531,322300
2026-04-22 15:40:00+00:00,VALE3.SA,87.68000030517578,87.68000030517578,87.5,87.58999633789062,169000
2026-04-22 15:45:00+00:00,VALE3.SA,87.58999633789062,87.68000030517578,87.51000213623047,87.66000366210938,281800
2026-04-22 15:50:00+00:00,VALE3.SA,87.66000366210938,87.70999908447266,87.61000061035156,87.66000366210938,69800
2026-04-22 15:55:00+00:00,VALE3.SA,87.66000366210938,87.7300033569336,87.63999938964844,87.63999938964844,42600
2026-04-22 16:00:00+00:00,VALE3.SA,87.6500015258789,87.87000274658203,87.6500015258789,87.83000183105469,88000
2026-04-22 16:05:00+00:00,VALE3.SA,87.83000183105469,87.8499984741211,87.69999694824219,87.75,47400
2026-04-22 16:10:00+00:00,VALE3.SA,87.72000122070312,87.73999786376953,87.61000061035156,87.63999938964844,100200
2026-04-22 16:15:00+00:00,VALE3.SA,87.63999938964844,87.68000030517578,87.55999755859375,87.56999969482422,57500
2026-04-22 16:20:00+00:00,VALE3.SA,87.56999969482422,87.6500015258789,87.55999755859375,87.5999984741211,53200
2026-04-22 16:25:00+00:00,VALE3.SA,87.58999633789062,87.66999816894531,87.56999969482422,87.62000274658203,46800
2026-04-22 16:30:00+00:00,VALE3.SA,87.62999725341797,87.66999816894531,87.55000305175781,87.5999984741211,54500
2026-04-22 16:35:00+00:00,VALE3.SA,87.5999984741211,87.6500015258789,87.5999984741211,87.62999725341797,52900
2026-04-22 16:40:00+00:00,VALE3.SA,87.62999725341797,87.69000244140625,87.56999969482422,87.56999969482422,44400
2026-04-22 16:45:00+00:00,VALE3.SA,87.56999969482422,87.6500015258789,87.55999755859375,87.5999984741211,64700
2026-04-22 16:50:00+00:00,VALE3.SA,87.58999633789062,87.62000274658203,87.52999877929688,87.56999969482422,109300
2026-04-22 16:55:00+00:00,VALE3.SA,87.56999969482422,87.61000061035156,87.5,87.55999755859375,74500
2026-04-22 17:00:00+00:00,VALE3.SA,87.55999755859375,87.70999908447266,87.5199966430664,87.61000061035156,93800
2026-04-22 17:05:00+00:00,VALE3.SA,87.61000061035156,87.69999694824219,87.58999633789062,87.68000030517578,56600
2026-04-22 17:10:00+00:00,VALE3.SA,87.68000030517578,87.80999755859375,87.62000274658203,87.62999725341797,102200
2026-04-22 17:15:00+00:00,VALE3.SA,87.62000274658203,87.69999694824219,87.54000091552734,87.54000091552734,80100
2026-04-22 17:20:00+00:00,VALE3.SA,87.54000091552734,87.63999938964844,87.5,87.62999725341797,159200
2026-04-22 17:25:00+00:00,VALE3.SA,87.62000274658203,87.68000030517578,87.58999633789062,87.62999725341797,52600
2026-04-22 17:30:00+00:00,VALE3.SA,87.62999725341797,87.70999908447266,87.55999755859375,87.58000183105469,194900
2026-04-22 17:35:00+00:00,VALE3.SA,87.58999633789062,87.62000274658203,87.58000183105469,87.58999633789062,46700
2026-04-22 17:40:00+00:00,VALE3.SA,87.58999633789062,87.6500015258789,87.55000305175781,87.5999984741211,114800
2026-04-22 17:45:00+00:00,VALE3.SA,87.61000061035156,87.66999816894531,87.58000183105469,87.63999938964844,74800
2026-04-22 17:50:00+00:00,VALE3.SA,87.63999938964844,87.6500015258789,87.54000091552734,87.54000091552734,27600
2026-04-22 17:55:00+00:00,VALE3.SA,87.54000091552734,87.55000305175781,87.4800033569336,87.48999786376953,133900
2026-04-22 18:00:00+00:00,VALE3.SA,87.5,87.52999877929688,87.48999786376953,87.48999786376953,51200
2026-04-22 18:05:00+00:00,VALE3.SA,87.48999786376953,87.51000213623047,87.41999816894531,87.4800033569336,110000
2026-04-22 18:10:00+00:00,VALE3.SA,87.4800033569336,87.58999633789062,87.45999908447266,87.55999755859375,56800
2026-04-22 18:15:00+00:00,VALE3.SA,87.55999755859375,87.62000274658203,87.55999755859375,87.56999969482422,77600
2026-04-22 18:20:00+00:00,VALE3.SA,87.56999969482422,87.56999969482422,87.47000122070312,87.52999877929688,62000
2026-04-22 18:25:00+00:00,VALE3.SA,87.5199966430664,87.58000183105469,87.47000122070312,87.5,131600
2026-04-22 18:30:00+00:00,VALE3.SA,87.5,87.54000091552734,87.44999694824219,87.4800033569336,67900
2026-04-22 18:35:00+00:00,VALE3.SA,87.48999786376953,87.55000305175781,87.47000122070312,87.54000091552734,94800
2026-04-22 18:40:00+00:00,VALE3.SA,87.52999877929688,87.54000091552734,87.45999908447266,87.51000213623047,61500
2026-04-22 18:45:00+00:00,VALE3.SA,87.5,87.5199966430664,87.44999694824219,87.48999786376953,52200
2026-04-22 18:50:00+00:00,VALE3.SA,87.4800033569336,87.52999877929688,87.4800033569336,87.5,49000
2026-04-22 18:55:00+00:00,VALE3.SA,87.5,87.62000274658203,87.5,87.5999984741211,180600
2026-04-22 19:00:00+00:00,VALE3.SA,87.58999633789062,87.61000061035156,87.4000015258789,87.44000244140625,215400
2026-04-22 19:05:00+00:00,VALE3.SA,87.43000030517578,87.5,87.41999816894531,87.44999694824219,100100
2026-04-22 19:10:00+00:00,VALE3.SA,87.44999694824219,87.45999908447266,87.3499984741211,87.41999816894531,69500
2026-04-22 19:15:00+00:00,VALE3.SA,87.41999816894531,87.52999877929688,87.41999816894531,87.4800033569336,80100
2026-04-22 19:20:00+00:00,VALE3.SA,87.4800033569336,87.51000213623047,87.44000244140625,87.44999694824219,53700
2026-04-22 19:25:00+00:00,VALE3.SA,87.44000244140625,87.5,87.41999816894531,87.45999908447266,133900
2026-04-22 19:30:00+00:00,VALE3.SA,87.45999908447266,87.47000122070312,87.30999755859375,87.33999633789062,97700
2026-04-22 19:35:00+00:00,VALE3.SA,87.33999633789062,87.33999633789062,87.2300033569336,87.27999877929688,122100
2026-04-22 19:40:00+00:00,VALE3.SA,87.2699966430664,87.3499984741211,87.25,87.30000305175781,122600
2026-04-22 19:45:00+00:00,VALE3.SA,87.31999969482422,87.31999969482422,87.25,87.2699966430664,120300
2026-04-22 19:50:00+00:00,VALE3.SA,87.27999877929688,87.29000091552734,87.2300033569336,87.25,278500
2026-04-23 13:00:00+00:00,VALE3.SA,86.63999938964844,86.79000091552734,86.37000274658203,86.79000091552734,0
2026-04-23 13:05:00+00:00,VALE3.SA,86.83999633789062,86.9000015258789,86.62000274658203,86.66000366210938,80200
2026-04-23 13:10:00+00:00,VALE3.SA,86.66000366210938,86.95999908447266,86.6500015258789,86.9000015258789,89900
2026-04-23 13:15:00+00:00,VALE3.SA,86.94000244140625,87.08000183105469,86.87000274658203,86.9800033569336,89600
2026-04-23 13:20:00+00:00,VALE3.SA,87.02999877929688,87.02999877929688,86.83999633789062,86.93000030517578,113400
2026-04-23 13:25:00+00:00,VALE3.SA,86.93000030517578,87.05000305175781,86.83000183105469,86.86000061035156,84000
2026-04-23 13:30:00+00:00,VALE3.SA,86.83000183105469,87.16999816894531,86.56999969482422,86.87000274658203,199000
2026-04-23 13:35:00+00:00,VALE3.SA,86.88999938964844,87.02999877929688,86.7300033569336,86.73999786376953,76200
2026-04-23 13:40:00+00:00,VALE3.SA,86.77999877929688,86.83000183105469,86.6500015258789,86.80999755859375,88100
2026-04-23 13:45:00+00:00,VALE3.SA,86.80000305175781,86.9000015258789,86.55000305175781,86.80999755859375,145200
2026-04-23 13:50:00+00:00,VALE3.SA,86.80999755859375,87.12999725341797,86.80999755859375,86.86000061035156,169300
2026-04-23 13:55:00+00:00,VALE3.SA,86.86000061035156,86.86000061035156,86.58999633789062,86.66000366210938,54200
2026-04-23 14:00:00+00:00,VALE3.SA,86.6500015258789,86.6500015258789,86.30000305175781,86.3499984741211,157500
2026-04-23 14:05:00+00:00,VALE3.SA,86.33999633789062,86.37000274658203,86.12999725341797,86.30000305175781,65700
2026-04-23 14:10:00+00:00,VALE3.SA,86.31999969482422,86.45999908447266,86.30000305175781,86.38999938964844,74400
2026-04-23 14:15:00+00:00,VALE3.SA,86.38999938964844,86.6500015258789,86.37000274658203,86.5,81300
2026-04-23 14:20:00+00:00,VALE3.SA,86.5,86.5999984741211,86.48999786376953,86.58000183105469,49400
2026-04-23 14:25:00+00:00,VALE3.SA,86.58000183105469,86.62000274658203,86.5199966430664,86.61000061035156,72100
2026-04-23 14:30:00+00:00,VALE3.SA,86.61000061035156,86.79000091552734,86.55000305175781,86.58999633789062,134400
2026-04-23 14:35:00+00:00,VALE3.SA,86.61000061035156,86.75,86.55000305175781,86.56999969482422,56200
2026-04-23 14:40:00+00:00,VALE3.SA,86.55999755859375,86.58000183105469,86.37000274658203,86.38999938964844,78700
2026-04-23 14:45:00+00:00,VALE3.SA,86.37999725341797,86.47000122070312,86.37000274658203,86.43000030517578,83700
2026-04-23 14:50:00+00:00,VALE3.SA,86.43000030517578,86.54000091552734,86.33999633789062,86.47000122070312,59300
2026-04-23 14:55:00+00:00,VALE3.SA,86.47000122070312,86.47000122070312,86.4000015258789,86.44000244140625,34600
2026-04-23 15:00:00+00:00,VALE3.SA,86.44999694824219,86.44999694824219,86.2699966430664,86.27999877929688,56400
2026-04-23 15:05:00+00:00,VALE3.SA,86.2699966430664,86.30000305175781,86.23999786376953,86.23999786376953,37100
2026-04-23 15:10:00+00:00,VALE3.SA,86.23999786376953,86.3499984741211,86.23999786376953,86.33000183105469,50000
2026-04-23 15:15:00+00:00,VALE3.SA,86.30999755859375,86.41999816894531,86.25,86.37000274658203,70900
2026-04-23 15:20:00+00:00,VALE3.SA,86.37000274658203,86.37999725341797,86.27999877929688,86.33999633789062,28200
2026-04-23 15:25:00+00:00,VALE3.SA,86.36000061035156,86.44999694824219,86.36000061035156,86.36000061035156,57000
2026-04-23 15:30:00+00:00,VALE3.SA,86.38999938964844,86.38999938964844,86.29000091552734,86.30000305175781,28300
2026-04-23 15:35:00+00:00,VALE3.SA,86.30000305175781,86.31999969482422,86.2699966430664,86.27999877929688,51800
2026-04-23 15:40:00+00:00,VALE3.SA,86.29000091552734,86.30999755859375,86.25,86.26000213623047,32000
2026-04-23 15:45:00+00:00,VALE3.SA,86.25,86.2699966430664,86.12999725341797,86.25,117300
2026-04-23 15:50:00+00:00,VALE3.SA,86.23999786376953,86.30000305175781,86.19999694824219,86.25,34000
2026-04-23 15:55:00+00:00,VALE3.SA,86.23999786376953,86.30999755859375,86.19999694824219,86.2699966430664,58900
2026-04-23 16:00:00+00:00,VALE3.SA,86.23999786376953,86.2699966430664,86.18000030517578,86.19999694824219,58300
2026-04-23 16:05:00+00:00,VALE3.SA,86.18000030517578,86.23999786376953,86.16000366210938,86.19000244140625,82700
2026-04-23 16:10:00+00:00,VALE3.SA,86.19000244140625,86.25,86.16999816894531,86.19999694824219,57000
2026-04-23 16:15:00+00:00,VALE3.SA,86.19999694824219,86.26000213623047,86.19000244140625,86.26000213623047,20400
2026-04-23 16:20:00+00:00,VALE3.SA,86.25,86.26000213623047,86.16999816894531,86.2300033569336,48000
2026-04-23 16:25:00+00:00,VALE3.SA,86.20999908447266,86.26000213623047,86.19999694824219,86.25,60100
2026-04-23 16:30:00+00:00,VALE3.SA,86.25,86.41999816894531,86.23999786376953,86.41000366210938,61600
2026-04-23 16:35:00+00:00,VALE3.SA,86.41999816894531,86.5,86.37999725341797,86.44000244140625,125500
2026-04-23 16:40:00+00:00,VALE3.SA,86.43000030517578,86.66999816894531,86.43000030517578,86.56999969482422,179700
2026-04-23 16:45:00+00:00,VALE3.SA,86.58000183105469,86.63999938964844,86.48999786376953,86.52999877929688,99200
2026-04-23 16:50:00+00:00,VALE3.SA,86.52999877929688,86.5999984741211,86.5,86.55999755859375,55500
2026-04-23 16:55:00+00:00,VALE3.SA,86.55000305175781,86.58000183105469,86.5,86.56999969482422,97300
2026-04-23 17:00:00+00:00,VALE3.SA,86.58000183105469,86.62000274658203,86.41000366210938,86.48999786376953,87900
2026-04-23 17:05:00+00:00,VALE3.SA,86.47000122070312,86.5199966430664,86.36000061035156,86.36000061035156,96100
2026-04-23 17:10:00+00:00,VALE3.SA,86.36000061035156,86.41000366210938,86.2699966430664,86.30000305175781,141900
2026-04-23 17:15:00+00:00,VALE3.SA,86.30000305175781,86.3499984741211,86.16000366210938,86.19000244140625,151200
2026-04-23 17:20:00+00:00,VALE3.SA,86.19999694824219,86.29000091552734,86.05000305175781,86.12000274658203,152400
2026-04-23 17:25:00+00:00,VALE3.SA,86.11000061035156,86.23999786376953,86.08999633789062,86.13999938964844,119300
2026-04-23 17:30:00+00:00,VALE3.SA,86.13999938964844,86.30000305175781,86.05000305175781,86.29000091552734,124800
2026-04-23 17:35:00+00:00,VALE3.SA,86.29000091552734,86.31999969482422,86.06999969482422,86.08999633789062,116400
2026-04-23 17:40:00+00:00,VALE3.SA,86.08000183105469,86.08999633789062,85.80000305175781,85.81999969482422,229600
2026-04-23 17:45:00+00:00,VALE3.SA,85.83000183105469,85.88999938964844,85.70999908447266,85.87999725341797,537400
2026-04-23 17:50:00+00:00,VALE3.SA,85.86000061035156,86.30999755859375,85.83000183105469,86.20999908447266,336300
2026-04-23 17:55:00+00:00,VALE3.SA,86.20999908447266,86.44999694824219,86.19000244140625,86.4000015258789,182100
2026-04-23 18:00:00+00:00,VALE3.SA,86.38999938964844,86.47000122070312,86.30999755859375,86.33999633789062,205600
2026-04-23 18:05:00+00:00,VALE3.SA,86.33000183105469,86.44999694824219,86.27999877929688,86.33999633789062,263800
2026-04-23 18:10:00+00:00,VALE3.SA,86.33999633789062,86.44000244140625,86.33000183105469,86.38999938964844,166600
2026-04-23 18:15:00+00:00,VALE3.SA,86.38999938964844,86.41999816894531,86.31999969482422,86.38999938964844,123300
2026-04-23 18:20:00+00:00,VALE3.SA,86.38999938964844,86.41999816894531,86.33000183105469,86.41999816894531,102600
2026-04-23 18:25:00+00:00,VALE3.SA,86.41999816894531,86.44000244140625,86.33999633789062,86.44000244140625,121500
2026-04-23 18:30:00+00:00,VALE3.SA,86.44000244140625,86.56999969482422,86.41999816894531,86.5,110700
2026-04-23 18:35:00+00:00,VALE3.SA,86.5,86.54000091552734,86.41999816894531,86.44000244140625,83200
2026-04-23 18:40:00+00:00,VALE3.SA,86.43000030517578,86.47000122070312,86.33000183105469,86.45999908447266,154400
2026-04-23 18:45:00+00:00,VALE3.SA,86.47000122070312,86.4800033569336,86.37000274658203,86.37999725341797,121100
2026-04-23 18:50:00+00:00,VALE3.SA,86.37000274658203,86.4800033569336,86.36000061035156,86.45999908447266,59200
2026-04-23 18:55:00+00:00,VALE3.SA,86.45999908447266,86.48999786376953,86.41000366210938,86.41999816894531,104800
2026-04-23 19:00:00+00:00,VALE3.SA,86.41000366210938,86.41999816894531,86.27999877929688,86.31999969482422,163200
2026-04-23 19:05:00+00:00,VALE3.SA,86.30999755859375,86.44000244140625,86.29000091552734,86.4000015258789,121000
2026-04-23 19:10:00+00:00,VALE3.SA,86.38999938964844,86.4000015258789,86.30000305175781,86.37999725341797,129500
2026-04-23 19:15:00+00:00,VALE3.SA,86.37999725341797,86.44999694824219,86.37000274658203,86.43000030517578,133400
2026-04-23 19:20:00+00:00,VALE3.SA,86.41999816894531,86.43000030517578,86.3499984741211,86.37999725341797,383500
2026-04-23 19:25:00+00:00,VALE3.SA,86.4000015258789,86.44000244140625,86.3499984741211,86.37999725341797,176200
2026-04-23 19:30:00+00:00,VALE3.SA,86.37000274658203,86.37000274658203,86.19999694824219,86.20999908447266,232100
2026-04-23 19:35:00+00:00,VALE3.SA,86.19999694824219,86.22000122070312,86.06999969482422,86.16000366210938,155900
2026-04-23 19:40:00+00:00,VALE3.SA,86.1500015258789,86.2300033569336,86.08000183105469,86.08000183105469,413900
2026-04-23 19:45:00+00:00,VALE3.SA,86.0999984741211,86.2300033569336,86.08000183105469,86.19999694824219,360800
2026-04-23 19:50:00+00:00,VALE3.SA,86.19000244140625,86.22000122070312,86.05000305175781,86.16999816894531,337100
2026-04-24 13:00:00+00:00,VALE3.SA,85.97000122070312,86.20999908447266,85.8499984741211,85.91999816894531,0
2026-04-24 13:05:00+00:00,VALE3.SA,85.9000015258789,86.30000305175781,85.87000274658203,86.26000213623047,108900
2026-04-24 13:10:00+00:00,VALE3.SA,86.26000213623047,86.26000213623047,86.0999984741211,86.11000061035156,45700
2026-04-24 13:15:00+00:00,VALE3.SA,86.0999984741211,86.12000274658203,86.0199966430664,86.0999984741211,39100
2026-04-24 13:20:00+00:00,VALE3.SA,86.08000183105469,86.1500015258789,85.9800033569336,85.9800033569336,51200
2026-04-24 13:25:00+00:00,VALE3.SA,85.9800033569336,86.25,85.86000061035156,86.23999786376953,171600
2026-04-24 13:30:00+00:00,VALE3.SA,86.25,86.33999633789062,85.81999969482422,86.05000305175781,188200
2026-04-24 13:35:00+00:00,VALE3.SA,86.05000305175781,86.1500015258789,85.91999816894531,86.13999938964844,91300
2026-04-24 13:40:00+00:00,VALE3.SA,86.1500015258789,86.38999938964844,86.1500015258789,86.30999755859375,144400
2026-04-24 13:45:00+00:00,VALE3.SA,86.30999755859375,86.48999786376953,86.13999938964844,86.41000366210938,134100
2026-04-24 13:50:00+00:00,VALE3.SA,86.43000030517578,86.5,86.37000274658203,86.44000244140625,68900
2026-04-24 13:55:00+00:00,VALE3.SA,86.41000366210938,86.62999725341797,86.38999938964844,86.61000061035156,154100
2026-04-24 14:00:00+00:00,VALE3.SA,86.5999984741211,86.63999938964844,86.44000244140625,86.63999938964844,265600
2026-04-24 14:05:00+00:00,VALE3.SA,86.6500015258789,86.80000305175781,86.62000274658203,86.79000091552734,216300
2026-04-24 14:10:00+00:00,VALE3.SA,86.80000305175781,86.91999816894531,86.75,86.75,153200
2026-04-24 14:15:00+00:00,VALE3.SA,86.7699966430664,86.98999786376953,86.70999908447266,86.9000015258789,301600
2026-04-24 14:20:00+00:00,VALE3.SA,86.91000366210938,86.91000366210938,86.5199966430664,86.56999969482422,222900
2026-04-24 14:25:00+00:00,VALE3.SA,86.54000091552734,86.56999969482422,86.4000015258789,86.54000091552734,156000
2026-04-24 14:30:00+00:00,VALE3.SA,86.54000091552734,86.63999938964844,86.44000244140625,86.61000061035156,77600
2026-04-24 14:35:00+00:00,VALE3.SA,86.5999984741211,86.61000061035156,86.16000366210938,86.29000091552734,238500
2026-04-24 14:40:00+00:00,VALE3.SA,86.27999877929688,86.33000183105469,86.19000244140625,86.19000244140625,63000
2026-04-24 14:45:00+00:00,VALE3.SA,86.19000244140625,86.19000244140625,85.9000015258789,85.97000122070312,124900
2026-04-24 14:50:00+00:00,VALE3.SA,85.97000122070312,85.97000122070312,85.75,85.79000091552734,177200
2026-04-24 14:55:00+00:00,VALE3.SA,85.80000305175781,85.95999908447266,85.80000305175781,85.94000244140625,89400
2026-04-24 15:00:00+00:00,VALE3.SA,85.95999908447266,86.0,85.87000274658203,85.94999694824219,127700
2026-04-24 15:05:00+00:00,VALE3.SA,85.94000244140625,85.94000244140625,85.75,85.83999633789062,86200
2026-04-24 15:10:00+00:00,VALE3.SA,85.8499984741211,85.93000030517578,85.80999755859375,85.83999633789062,70400
2026-04-24 15:15:00+00:00,VALE3.SA,85.8499984741211,85.97000122070312,85.81999969482422,85.95999908447266,72700
2026-04-24 15:20:00+00:00,VALE3.SA,85.95999908447266,86.23999786376953,85.94999694824219,86.22000122070312,96200
2026-04-24 15:25:00+00:00,VALE3.SA,86.20999908447266,86.22000122070312,86.12000274658203,86.20999908447266,147000
2026-04-24 15:30:00+00:00,VALE3.SA,86.19999694824219,86.25,86.13999938964844,86.18000030517578,66100
2026-04-24 15:35:00+00:00,VALE3.SA,86.18000030517578,86.20999908447266,86.13999938964844,86.16999816894531,58000
2026-04-24 15:40:00+00:00,VALE3.SA,86.18000030517578,86.44000244140625,86.16000366210938,86.41999816894531,86800
2026-04-24 15:45:00+00:00,VALE3.SA,86.41000366210938,86.5999984741211,86.41000366210938,86.44999694824219,183900
2026-04-24 15:50:00+00:00,VALE3.SA,86.44000244140625,86.55999755859375,86.41999816894531,86.48999786376953,130900
2026-04-24 15:55:00+00:00,VALE3.SA,86.48999786376953,86.5199966430664,86.44000244140625,86.45999908447266,56100
2026-04-24 16:00:00+00:00,VALE3.SA,86.45999908447266,86.5,86.37000274658203,86.41999816894531,102700
2026-04-24 16:05:00+00:00,VALE3.SA,86.41000366210938,86.43000030517578,86.3499984741211,86.37000274658203,34200
2026-04-24 16:10:00+00:00,VALE3.SA,86.36000061035156,86.45999908447266,86.36000061035156,86.44000244140625,59400
2026-04-24 16:15:00+00:00,VALE3.SA,86.44000244140625,86.45999908447266,86.38999938964844,86.44999694824219,54500
2026-04-24 16:20:00+00:00,VALE3.SA,86.44999694824219,86.5,86.37999725341797,86.41000366210938,107000
2026-04-24 16:25:00+00:00,VALE3.SA,86.43000030517578,86.45999908447266,86.37999725341797,86.4000015258789,110000
2026-04-24 16:30:00+00:00,VALE3.SA,86.4000015258789,86.5,86.29000091552734,86.33999633789062,188200
2026-04-24 16:35:00+00:00,VALE3.SA,86.3499984741211,86.3499984741211,86.20999908447266,86.20999908447266,71100
2026-04-24 16:40:00+00:00,VALE3.SA,86.20999908447266,86.30000305175781,86.1500015258789,86.18000030517578,168000
2026-04-24 16:45:00+00:00,VALE3.SA,86.18000030517578,86.25,86.18000030517578,86.2300033569336,112800
2026-04-24 16:50:00+00:00,VALE3.SA,86.22000122070312,86.25,86.16000366210938,86.16999816894531,50800
2026-04-24 16:55:00+00:00,VALE3.SA,86.16999816894531,86.2699966430664,86.06999969482422,86.23999786376953,145700
2026-04-24 17:00:00+00:00,VALE3.SA,86.23999786376953,86.25,86.12999725341797,86.16999816894531,77900
2026-04-24 17:05:00+00:00,VALE3.SA,86.16000366210938,86.16000366210938,86.0199966430664,86.04000091552734,44500
2026-04-24 17:10:00+00:00,VALE3.SA,86.05999755859375,86.08999633789062,86.0,86.02999877929688,94400
2026-04-24 17:15:00+00:00,VALE3.SA,86.0199966430664,86.16999816894531,85.9800033569336,86.13999938964844,92200
2026-04-24 17:20:00+00:00,VALE3.SA,86.1500015258789,86.2300033569336,86.0999984741211,86.22000122070312,57400
2026-04-24 17:25:00+00:00,VALE3.SA,86.22000122070312,86.22000122070312,86.1500015258789,86.16000366210938,55300
2026-04-24 17:30:00+00:00,VALE3.SA,86.16000366210938,86.19000244140625,86.0999984741211,86.11000061035156,71300
2026-04-24 17:35:00+00:00,VALE3.SA,86.11000061035156,86.1500015258789,86.02999877929688,86.04000091552734,72500
2026-04-24 17:40:00+00:00,VALE3.SA,86.02999877929688,86.18000030517578,86.02999877929688,86.12000274658203,51000
2026-04-24 17:45:00+00:00,VALE3.SA,86.12999725341797,86.16000366210938,86.08000183105469,86.08999633789062,38800
2026-04-24 17:50:00+00:00,VALE3.SA,86.0999984741211,86.22000122070312,86.08999633789062,86.19000244140625,43200
2026-04-24 17:55:00+00:00,VALE3.SA,86.18000030517578,86.19999694824219,86.0999984741211,86.12999725341797,105000
2026-04-24 18:00:00+00:00,VALE3.SA,86.1500015258789,86.19000244140625,86.12999725341797,86.13999938964844,92500
2026-04-24 18:05:00+00:00,VALE3.SA,86.13999938964844,86.19999694824219,86.11000061035156,86.16000366210938,331000
2026-04-24 18:10:00+00:00,VALE3.SA,86.16000366210938,86.16999816894531,86.12000274658203,86.12999725341797,63500
2026-04-24 18:15:00+00:00,VALE3.SA,86.12999725341797,86.18000030517578,86.12000274658203,86.18000030517578,68900
2026-04-24 18:20:00+00:00,VALE3.SA,86.16999816894531,86.29000091552734,86.13999938964844,86.19000244140625,100600
2026-04-24 18:25:00+00:00,VALE3.SA,86.19000244140625,86.19000244140625,86.08000183105469,86.08999633789062,242700
2026-04-24 18:30:00+00:00,VALE3.SA,86.0999984741211,86.2300033569336,86.08999633789062,86.19000244140625,123800
2026-04-24 18:35:00+00:00,VALE3.SA,86.18000030517578,86.19000244140625,86.1500015258789,86.16000366210938,1165400
2026-04-24 18:40:00+00:00,VALE3.SA,86.19000244140625,86.19000244140625,86.05000305175781,86.12000274658203,71800
2026-04-24 18:45:00+00:00,VALE3.SA,86.11000061035156,86.12999725341797,85.98999786376953,86.02999877929688,83400
2026-04-24 18:50:00+00:00,VALE3.SA,86.04000091552734,86.0999984741211,86.02999877929688,86.08999633789062,27400
2026-04-24 18:55:00+00:00,VALE3.SA,86.08999633789062,86.08999633789062,86.05999755859375,86.06999969482422,29800
2026-04-24 19:00:00+00:00,VALE3.SA,86.08000183105469,86.08999633789062,85.9800033569336,86.01000213623047,53300
2026-04-24 19:05:00+00:00,VALE3.SA,86.0,86.0,85.91000366210938,85.95999908447266,53400
2026-04-24 19:10:00+00:00,VALE3.SA,85.95999908447266,85.95999908447266,85.91000366210938,85.94000244140625,38500
2026-04-24 19:15:00+00:00,VALE3.SA,85.93000030517578,85.97000122070312,85.9000015258789,85.93000030517578,86500
2026-04-24 19:20:00+00:00,VALE3.SA,85.94000244140625,85.95999908447266,85.91000366210938,85.93000030517578,52300
2026-04-24 19:25:00+00:00,VALE3.SA,85.93000030517578,85.97000122070312,85.8499984741211,85.95999908447266,90100
2026-04-24 19:30:00+00:00,VALE3.SA,85.95999908447266,85.98999786376953,85.83999633789062,85.88999938964844,202100
2026-04-24 19:35:00+00:00,VALE3.SA,85.88999938964844,85.91000366210938,85.80000305175781,85.86000061035156,162200
2026-04-24 19:40:00+00:00,VALE3.SA,85.86000061035156,85.97000122070312,85.83999633789062,85.88999938964844,133700
2026-04-24 19:45:00+00:00,VALE3.SA,85.88999938964844,85.94000244140625,85.83999633789062,85.88999938964844,146600
2026-04-24 19:50:00+00:00,VALE3.SA,85.9000015258789,85.91000366210938,85.7699966430664,85.77999877929688,276300
2026-04-27 13:05:00+00:00,VALE3.SA,86.1500015258789,86.30000305175781,86.12000274658203,86.19999694824219,63600
2026-04-27 13:10:00+00:00,VALE3.SA,86.19999694824219,86.19999694824219,86.04000091552734,86.08000183105469,86700
2026-04-27 13:15:00+00:00,VALE3.SA,86.06999969482422,86.20999908447266,85.9000015258789,85.98999786376953,150300
2026-04-27 13:20:00+00:00,VALE3.SA,86.0,86.06999969482422,85.83999633789062,85.94999694824219,70300
2026-04-27 13:25:00+00:00,VALE3.SA,85.91000366210938,85.97000122070312,85.77999877929688,85.77999877929688,63400
2026-04-27 13:30:00+00:00,VALE3.SA,85.77999877929688,85.97000122070312,85.55999755859375,85.66000366210938,186200
2026-04-27 13:35:00+00:00,VALE3.SA,85.68000030517578,85.9000015258789,85.44000244140625,85.51000213623047,155900
2026-04-27 13:40:00+00:00,VALE3.SA,85.5199966430664,85.72000122070312,85.51000213623047,85.55999755859375,79200
2026-04-27 13:45:00+00:00,VALE3.SA,85.55000305175781,85.55000305175781,84.91999816894531,84.94000244140625,363500
2026-04-27 13:50:00+00:00,VALE3.SA,84.93000030517578,85.5199966430664,84.88999938964844,85.47000122070312,482300
2026-04-27 13:55:00+00:00,VALE3.SA,85.48999786376953,85.62000274658203,85.4000015258789,85.56999969482422,216000
2026-04-27 14:00:00+00:00,VALE3.SA,85.55000305175781,85.5999984741211,85.41000366210938,85.5199966430664,123200
2026-04-27 14:05:00+00:00,VALE3.SA,85.5199966430664,85.58000183105469,85.36000061035156,85.38999938964844,67500
2026-04-27 14:10:00+00:00,VALE3.SA,85.37999725341797,85.58000183105469,85.36000061035156,85.44999694824219,112700
2026-04-27 14:15:00+00:00,VALE3.SA,85.41999816894531,85.47000122070312,85.36000061035156,85.4000015258789,62200
2026-04-27 14:20:00+00:00,VALE3.SA,85.38999938964844,85.5,85.30999755859375,85.48999786376953,129500
2026-04-27 14:25:00+00:00,VALE3.SA,85.48999786376953,85.51000213623047,85.30999755859375,85.33000183105469,172800
2026-04-27 14:30:00+00:00,VALE3.SA,85.36000061035156,85.36000061035156,85.18000030517578,85.25,74800
2026-04-27 14:35:00+00:00,VALE3.SA,85.23999786376953,85.37999725341797,85.19999694824219,85.31999969482422,219500
2026-04-27 14:40:00+00:00,VALE3.SA,85.36000061035156,85.48999786376953,85.33999633789062,85.44999694824219,92600
2026-04-27 14:45:00+00:00,VALE3.SA,85.44999694824219,85.45999908447266,85.29000091552734,85.30000305175781,93100
2026-04-27 14:50:00+00:00,VALE3.SA,85.31999969482422,85.37999725341797,85.2300033569336,85.2699966430664,90600
2026-04-27 14:55:00+00:00,VALE3.SA,85.29000091552734,85.29000091552734,85.11000061035156,85.16999816894531,112500
2026-04-27 15:00:00+00:00,VALE3.SA,85.16999816894531,85.19999694824219,85.12000274658203,85.13999938964844,75200
2026-04-27 15:05:00+00:00,VALE3.SA,85.13999938964844,85.26000213623047,85.12000274658203,85.20999908447266,68400
2026-04-27 15:10:00+00:00,VALE3.SA,85.22000122070312,85.27999877929688,85.18000030517578,85.2300033569336,74100
2026-04-27 15:15:00+00:00,VALE3.SA,85.22000122070312,85.30999755859375,85.19999694824219,85.29000091552734,76700
2026-04-27 15:20:00+00:00,VALE3.SA,85.30000305175781,85.37999725341797,85.25,85.31999969482422,127500
2026-04-27 15:25:00+00:00,VALE3.SA,85.31999969482422,85.4800033569336,85.27999877929688,85.44999694824219,88300
2026-04-27 15:30:00+00:00,VALE3.SA,85.44999694824219,85.5,85.43000030517578,85.44999694824219,49700
2026-04-27 15:35:00+00:00,VALE3.SA,85.45999908447266,85.55000305175781,85.44999694824219,85.52999877929688,37600
2026-04-27 15:40:00+00:00,VALE3.SA,85.52999877929688,85.56999969482422,85.51000213623047,85.55999755859375,23700
2026-04-27 15:45:00+00:00,VALE3.SA,85.56999969482422,85.56999969482422,85.51000213623047,85.51000213623047,52500
2026-04-27 15:50:00+00:00,VALE3.SA,85.5199966430664,85.55999755859375,85.4800033569336,85.55000305175781,36300
2026-04-27 15:55:00+00:00,VALE3.SA,85.55999755859375,85.58999633789062,85.54000091552734,85.58999633789062,35000
2026-04-27 16:00:00+00:00,VALE3.SA,85.58999633789062,85.58999633789062,85.52999877929688,85.56999969482422,31300
2026-04-27 16:05:00+00:00,VALE3.SA,85.56999969482422,85.6500015258789,85.55000305175781,85.55000305175781,68600
2026-04-27 16:10:00+00:00,VALE3.SA,85.55000305175781,85.58000183105469,85.48999786376953,85.52999877929688,42600
2026-04-27 16:15:00+00:00,VALE3.SA,85.5199966430664,85.55000305175781,85.4800033569336,85.48999786376953,20400
2026-04-27 16:20:00+00:00,VALE3.SA,85.4800033569336,85.51000213623047,85.43000030517578,85.4800033569336,71800
2026-04-27 16:25:00+00:00,VALE3.SA,85.45999908447266,85.5199966430664,85.44999694824219,85.48999786376953,91100
2026-04-27 16:30:00+00:00,VALE3.SA,85.5199966430664,85.55000305175781,85.43000030517578,85.45999908447266,34800
2026-04-27 16:35:00+00:00,VALE3.SA,85.45999908447266,85.5,85.41999816894531,85.43000030517578,27100
2026-04-27 16:40:00+00:00,VALE3.SA,85.44000244140625,85.45999908447266,85.37999725341797,85.41000366210938,29000
2026-04-27 16:45:00+00:00,VALE3.SA,85.41999816894531,85.43000030517578,85.36000061035156,85.37000274658203,40500
2026-04-27 16:50:00+00:00,VALE3.SA,85.36000061035156,85.38999938964844,85.27999877929688,85.30000305175781,55200
2026-04-27 16:55:00+00:00,VALE3.SA,85.30999755859375,85.41000366210938,85.30000305175781,85.38999938964844,35200
2026-04-27 17:00:00+00:00,VALE3.SA,85.38999938964844,85.48999786376953,85.37000274658203,85.43000030517578,42100
2026-04-27 17:05:00+00:00,VALE3.SA,85.43000030517578,85.43000030517578,85.3499984741211,85.37000274658203,49400
2026-04-27 17:10:00+00:00,VALE3.SA,85.37999725341797,85.38999938964844,85.33999633789062,85.3499984741211,41500
2026-04-27 17:15:00+00:00,VALE3.SA,85.36000061035156,85.36000061035156,85.23999786376953,85.30000305175781,62800
2026-04-27 17:20:00+00:00,VALE3.SA,85.29000091552734,85.41999816894531,85.27999877929688,85.41000366210938,57100
2026-04-27 17:25:00+00:00,VALE3.SA,85.41000366210938,85.62000274658203,85.4000015258789,85.5999984741211,144800
2026-04-27 17:30:00+00:00,VALE3.SA,85.61000061035156,85.68000030517578,85.58000183105469,85.58999633789062,141700
2026-04-27 17:35:00+00:00,VALE3.SA,85.58999633789062,85.61000061035156,85.44999694824219,85.47000122070312,50200
2026-04-27 17:40:00+00:00,VALE3.SA,85.47000122070312,85.51000213623047,85.44000244140625,85.4800033569336,39000
2026-04-27 17:45:00+00:00,VALE3.SA,85.4800033569336,85.48999786376953,85.44000244140625,85.4800033569336,28800
2026-04-27 17:50:00+00:00,VALE3.SA,85.45999908447266,85.48999786376953,85.4000015258789,85.43000030517578,124600
2026-04-27 17:55:00+00:00,VALE3.SA,85.41999816894531,85.5199966430664,85.41999816894531,85.5,39900
2026-04-27 18:00:00+00:00,VALE3.SA,85.5199966430664,85.55000305175781,85.4800033569336,85.5,76200
2026-04-27 18:05:00+00:00,VALE3.SA,85.48999786376953,85.48999786376953,85.4000015258789,85.43000030517578,52900
2026-04-27 18:10:00+00:00,VALE3.SA,85.41999816894531,85.45999908447266,85.38999938964844,85.38999938964844,53600
2026-04-27 18:15:00+00:00,VALE3.SA,85.38999938964844,85.43000030517578,85.31999969482422,85.4000015258789,104100
2026-04-27 18:20:00+00:00,VALE3.SA,85.37999725341797,85.43000030517578,85.37999725341797,85.43000030517578,62300
2026-04-27 18:25:00+00:00,VALE3.SA,85.41000366210938,85.4800033569336,85.4000015258789,85.44000244140625,88500
2026-04-27 18:30:00+00:00,VALE3.SA,85.44000244140625,85.44999694824219,85.37999725341797,85.38999938964844,60800
2026-04-27 18:35:00+00:00,VALE3.SA,85.38999938964844,85.48999786376953,85.37999725341797,85.4800033569336,38900
2026-04-27 18:40:00+00:00,VALE3.SA,85.47000122070312,85.5,85.44000244140625,85.47000122070312,55000
2026-04-27 18:45:00+00:00,VALE3.SA,85.47000122070312,85.5999984741211,85.44000244140625,85.5999984741211,77200
2026-04-27 18:50:00+00:00,VALE3.SA,85.5999984741211,85.6500015258789,85.55000305175781,85.56999969482422,64800
2026-04-27 18:55:00+00:00,VALE3.SA,85.56999969482422,85.5999984741211,85.48999786376953,85.54000091552734,174100
2026-04-27 19:00:00+00:00,VALE3.SA,85.55000305175781,85.55999755859375,85.5199966430664,85.54000091552734,82900
2026-04-27 19:05:00+00:00,VALE3.SA,85.55000305175781,85.61000061035156,85.52999877929688,85.58999633789062,54000
2026-04-27 19:10:00+00:00,VALE3.SA,85.5999984741211,85.6500015258789,85.54000091552734,85.62999725341797,98100
2026-04-27 19:15:00+00:00,VALE3.SA,85.62999725341797,85.68000030517578,85.61000061035156,85.6500015258789,50800
2026-04-27 19:20:00+00:00,VALE3.SA,85.63999938964844,85.66999816894531,85.58999633789062,85.5999984741211,45900
2026-04-27 19:25:00+00:00,VALE3.SA,85.58999633789062,85.62000274658203,85.56999969482422,85.58999633789062,96500
2026-04-27 19:30:00+00:00,VALE3.SA,85.58000183105469,85.62999725341797,85.56999969482422,85.5999984741211,91900
2026-04-27 19:35:00+00:00,VALE3.SA,85.5999984741211,85.61000061035156,85.55999755859375,85.58999633789062,86300
2026-04-27 19:40:00+00:00,VALE3.SA,85.58999633789062,85.61000061035156,85.45999908447266,85.5,222600
2026-04-27 19:45:00+00:00,VALE3.SA,85.51000213623047,85.54000091552734,85.45999908447266,85.5,212000
2026-04-27 19:50:00+00:00,VALE3.SA,85.48999786376953,85.5199966430664,85.3499984741211,85.3499984741211,236300
2026-04-28 13:00:00+00:00,VALE3.SA,84.69999694824219,84.94999694824219,84.63999938964844,84.69000244140625,0
2026-04-28 13:05:00+00:00,VALE3.SA,84.63999938964844,85.30000305175781,84.58999633789062,85.12000274658203,253100
2026-04-28 13:10:00+00:00,VALE3.SA,85.08000183105469,85.2699966430664,84.91999816894531,85.06999969482422,153100
2026-04-28 13:15:00+00:00,VALE3.SA,85.08999633789062,85.0999984741211,84.97000122070312,85.01000213623047,131400
2026-04-28 13:20:00+00:00,VALE3.SA,85.04000091552734,85.04000091552734,84.8499984741211,84.87000274658203,155600
2026-04-28 13:25:00+00:00,VALE3.SA,84.86000061035156,85.0,84.66000366210938,84.70999908447266,219200
2026-04-28 13:30:00+00:00,VALE3.SA,84.70999908447266,84.80000305175781,84.05000305175781,84.73999786376953,823400
2026-04-28 13:35:00+00:00,VALE3.SA,84.69000244140625,84.83000183105469,84.61000061035156,84.76000213623047,196300
2026-04-28 13:40:00+00:00,VALE3.SA,84.73999786376953,85.0,84.70999908447266,84.94000244140625,175300
2026-04-28 13:45:00+00:00,VALE3.SA,84.9000015258789,85.08999633789062,84.80999755859375,85.04000091552734,124900
2026-04-28 13:50:00+00:00,VALE3.SA,84.98999786376953,85.02999877929688,84.69999694824219,84.80000305175781,214300
2026-04-28 13:55:00+00:00,VALE3.SA,84.77999877929688,84.91999816894531,84.66000366210938,84.73999786376953,177200
2026-04-28 14:00:00+00:00,VALE3.SA,84.73999786376953,84.86000061035156,84.58000183105469,84.62999725341797,230100
2026-04-28 14:05:00+00:00,VALE3.SA,84.62000274658203,84.72000122070312,84.58000183105469,84.70999908447266,99600
2026-04-28 14:10:00+00:00,VALE3.SA,84.66999816894531,84.70999908447266,84.61000061035156,84.66999816894531,445400
2026-04-28 14:15:00+00:00,VALE3.SA,84.66000366210938,84.88999938964844,84.4800033569336,84.81999969482422,216400
2026-04-28 14:20:00+00:00,VALE3.SA,84.80000305175781,84.80000305175781,84.63999938964844,84.70999908447266,144200
2026-04-28 14:25:00+00:00,VALE3.SA,84.69000244140625,84.72000122070312,84.55999755859375,84.58999633789062,68200
2026-04-28 14:30:00+00:00,VALE3.SA,84.56999969482422,84.69000244140625,84.45999908447266,84.47000122070312,196300
2026-04-28 14:35:00+00:00,VALE3.SA,84.4800033569336,84.4800033569336,84.31999969482422,84.4000015258789,156400
2026-04-28 14:40:00+00:00,VALE3.SA,84.37999725341797,84.47000122070312,84.31999969482422,84.43000030517578,180100
2026-04-28 14:45:00+00:00,VALE3.SA,84.44000244140625,84.4800033569336,84.25,84.30000305175781,449200
2026-04-28 14:50:00+00:00,VALE3.SA,84.29000091552734,84.37999725341797,84.25,84.37999725341797,484600
2026-04-28 14:55:00+00:00,VALE3.SA,84.37999725341797,84.61000061035156,84.33999633789062,84.5999984741211,191800
2026-04-28 15:00:00+00:00,VALE3.SA,84.58999633789062,84.68000030517578,84.45999908447266,84.47000122070312,170700
2026-04-28 15:05:00+00:00,VALE3.SA,84.47000122070312,84.51000213623047,84.41000366210938,84.47000122070312,75400
2026-04-28 15:10:00+00:00,VALE3.SA,84.5,84.58999633789062,84.45999908447266,84.52999877929688,28100
2026-04-28 15:15:00+00:00,VALE3.SA,84.52999877929688,84.55999755859375,84.43000030517578,84.54000091552734,126000
2026-04-28 15:20:00+00:00,VALE3.SA,84.52999877929688,84.58999633789062,84.5,84.58999633789062,161900
2026-04-28 15:25:00+00:00,VALE3.SA,84.56999969482422,84.73999786376953,84.55999755859375,84.70999908447266,159400
2026-04-28 15:30:00+00:00,VALE3.SA,84.69000244140625,84.69000244140625,84.61000061035156,84.63999938964844,105900
2026-04-28 15:35:00+00:00,VALE3.SA,84.62000274658203,84.62999725341797,84.54000091552734,84.58000183105469,108600
2026-04-28 15:40:00+00:00,VALE3.SA,84.58000183105469,84.58999633789062,84.45999908447266,84.51000213623047,74000
2026-04-28 15:45:00+00:00,VALE3.SA,84.5199966430664,84.62999725341797,84.5199966430664,84.56999969482422,42500
2026-04-28 15:50:00+00:00,VALE3.SA,84.58000183105469,84.69999694824219,84.55999755859375,84.66999816894531,85800
2026-04-28 15:55:00+00:00,VALE3.SA,84.68000030517578,84.68000030517578,84.58999633789062,84.61000061035156,29000
2026-04-28 16:00:00+00:00,VALE3.SA,84.61000061035156,84.61000061035156,84.47000122070312,84.5,93200
2026-04-28 16:05:00+00:00,VALE3.SA,84.51000213623047,84.55000305175781,84.47000122070312,84.47000122070312,98600
2026-04-28 16:10:00+00:00,VALE3.SA,84.48999786376953,84.5,84.47000122070312,84.5,78200
2026-04-28 16:15:00+00:00,VALE3.SA,84.48999786376953,84.54000091552734,84.45999908447266,84.48999786376953,63900
2026-04-28 16:20:00+00:00,VALE3.SA,84.48999786376953,84.58999633789062,84.4800033569336,84.55000305175781,87200
2026-04-28 16:25:00+00:00,VALE3.SA,84.54000091552734,84.55000305175781,84.5,84.54000091552734,49400
2026-04-28 16:30:00+00:00,VALE3.SA,84.52999877929688,84.56999969482422,84.51000213623047,84.52999877929688,43900
2026-04-28 16:35:00+00:00,VALE3.SA,84.54000091552734,84.58000183105469,84.52999877929688,84.54000091552734,63200
2026-04-28 16:40:00+00:00,VALE3.SA,84.55000305175781,84.55999755859375,84.4800033569336,84.48999786376953,63300
2026-04-28 16:45:00+00:00,VALE3.SA,84.5,84.55999755859375,84.48999786376953,84.51000213623047,26000
2026-04-28 16:50:00+00:00,VALE3.SA,84.5,84.62999725341797,84.5,84.56999969482422,61900
2026-04-28 16:55:00+00:00,VALE3.SA,84.56999969482422,84.61000061035156,84.55999755859375,84.5999984741211,57400
2026-04-28 17:00:00+00:00,VALE3.SA,84.61000061035156,84.62000274658203,84.52999877929688,84.52999877929688,61900
2026-04-28 17:05:00+00:00,VALE3.SA,84.55999755859375,84.55999755859375,84.4800033569336,84.4800033569336,107300
2026-04-28 17:10:00+00:00,VALE3.SA,84.48999786376953,84.48999786376953,84.45999908447266,84.45999908447266,90800
2026-04-28 17:15:00+00:00,VALE3.SA,84.45999908447266,84.5,84.45999908447266,84.45999908447266,37000
2026-04-28 17:20:00+00:00,VALE3.SA,84.45999908447266,84.5,84.44999694824219,84.4800033569336,48200
2026-04-28 17:25:00+00:00,VALE3.SA,84.4800033569336,84.52999877929688,84.4800033569336,84.52999877929688,15200
2026-04-28 17:30:00+00:00,VALE3.SA,84.52999877929688,84.68000030517578,84.5199966430664,84.62000274658203,98900
2026-04-28 17:35:00+00:00,VALE3.SA,84.62000274658203,84.79000091552734,84.62000274658203,84.7300033569336,376300
2026-04-28 17:40:00+00:00,VALE3.SA,84.7300033569336,84.86000061035156,84.72000122070312,84.80999755859375,72500
2026-04-28 17:45:00+00:00,VALE3.SA,84.79000091552734,84.80000305175781,84.68000030517578,84.69000244140625,69400
2026-04-28 17:50:00+00:00,VALE3.SA,84.69999694824219,84.81999969482422,84.69000244140625,84.73999786376953,342200
2026-04-28 17:55:00+00:00,VALE3.SA,84.76000213623047,84.80000305175781,84.69000244140625,84.7300033569336,82000
2026-04-28 18:00:00+00:00,VALE3.SA,84.7300033569336,84.80000305175781,84.6500015258789,84.66000366210938,117700
2026-04-28 18:05:00+00:00,VALE3.SA,84.66000366210938,84.66000366210938,84.55999755859375,84.61000061035156,88300
2026-04-28 18:10:00+00:00,VALE3.SA,84.61000061035156,84.61000061035156,84.5199966430664,84.55999755859375,80700
2026-04-28 18:15:00+00:00,VALE3.SA,84.55999755859375,84.5999984741211,84.5199966430664,84.5999984741211,76700
2026-04-28 18:20:00+00:00,VALE3.SA,84.62000274658203,84.66999816894531,84.5999984741211,84.6500015258789,121100
2026-04-28 18:25:00+00:00,VALE3.SA,84.6500015258789,84.69000244140625,84.6500015258789,84.69000244140625,160800
2026-04-28 18:30:00+00:00,VALE3.SA,84.68000030517578,84.69999694824219,84.62000274658203,84.63999938964844,54400
2026-04-28 18:35:00+00:00,VALE3.SA,84.62999725341797,84.66000366210938,84.58999633789062,84.66000366210938,93900
2026-04-28 18:40:00+00:00,VALE3.SA,84.63999938964844,84.66999816894531,84.63999938964844,84.6500015258789,141700
2026-04-28 18:45:00+00:00,VALE3.SA,84.66000366210938,84.66000366210938,84.5199966430664,84.52999877929688,91000
2026-04-28 18:50:00+00:00,VALE3.SA,84.54000091552734,84.54000091552734,84.4800033569336,84.48999786376953,41700
2026-04-28 18:55:00+00:00,VALE3.SA,84.48999786376953,84.51000213623047,84.45999908447266,84.47000122070312,94800
2026-04-28 19:00:00+00:00,VALE3.SA,84.44999694824219,84.5,84.44000244140625,84.5,87400
2026-04-28 19:05:00+00:00,VALE3.SA,84.48999786376953,84.56999969482422,84.47000122070312,84.47000122070312,63200
2026-04-28 19:10:00+00:00,VALE3.SA,84.4800033569336,84.55000305175781,84.47000122070312,84.54000091552734,54800
2026-04-28 19:15:00+00:00,VALE3.SA,84.52999877929688,84.54000091552734,84.41000366210938,84.44000244140625,74200
2026-04-28 19:20:00+00:00,VALE3.SA,84.43000030517578,84.52999877929688,84.43000030517578,84.48999786376953,62300
2026-04-28 19:25:00+00:00,VALE3.SA,84.5,84.5,84.43000030517578,84.43000030517578,82600
2026-04-28 19:30:00+00:00,VALE3.SA,84.44999694824219,84.44999694824219,84.27999877929688,84.29000091552734,165800
2026-04-28 19:35:00+00:00,VALE3.SA,84.29000091552734,84.41999816894531,84.25,84.4000015258789,211200
2026-04-28 19:40:00+00:00,VALE3.SA,84.38999938964844,84.45999908447266,84.37000274658203,84.41999816894531,114200
2026-04-28 19:45:00+00:00,VALE3.SA,84.44999694824219,84.44999694824219,84.36000061035156,84.37999725341797,186500
2026-04-28 19:50:00+00:00,VALE3.SA,84.37999725341797,84.47000122070312,84.33000183105469,84.36000061035156,681400
2026-04-29 13:05:00+00:00,VALE3.SA,82.80000305175781,82.91000366210938,82.29000091552734,82.41000366210938,224300
2026-04-29 13:10:00+00:00,VALE3.SA,82.41999816894531,82.4800033569336,81.79000091552734,81.98999786376953,1187000
2026-04-29 13:15:00+00:00,VALE3.SA,81.98999786376953,82.38999938964844,81.94000244140625,81.94000244140625,416100
2026-04-29 13:20:00+00:00,VALE3.SA,81.93000030517578,82.1500015258789,81.91999816894531,82.04000091552734,360400
2026-04-29 13:25:00+00:00,VALE3.SA,82.01000213623047,82.05000305175781,81.54000091552734,81.58999633789062,891300
2026-04-29 13:30:00+00:00,VALE3.SA,81.58999633789062,81.58999633789062,80.43000030517578,80.55999755859375,2599000
2026-04-29 13:35:00+00:00,VALE3.SA,80.5199966430664,80.93000030517578,80.4000015258789,80.77999877929688,1125800
2026-04-29 13:40:00+00:00,VALE3.SA,80.77999877929688,80.87000274658203,80.16999816894531,80.23999786376953,1359400
2026-04-29 13:45:00+00:00,VALE3.SA,80.23999786376953,80.3499984741211,80.0199966430664,80.12000274658203,910000
2026-04-29 13:50:00+00:00,VALE3.SA,80.12000274658203,80.37000274658203,79.94999694824219,80.2300033569336,1048600
2026-04-29 13:55:00+00:00,VALE3.SA,80.2300033569336,80.30000305175781,80.0,80.0999984741211,1101100
2026-04-29 14:00:00+00:00,VALE3.SA,80.0999984741211,80.3499984741211,80.08000183105469,80.26000213623047,803100
2026-04-29 14:05:00+00:00,VALE3.SA,80.25,80.27999877929688,80.0999984741211,80.20999908447266,853500
2026-04-29 14:10:00+00:00,VALE3.SA,80.23999786376953,80.38999938964844,80.1500015258789,80.2300033569336,991600
2026-04-29 14:15:00+00:00,VALE3.SA,80.2300033569336,80.61000061035156,80.16999816894531,80.61000061035156,977500
2026-04-29 14:20:00+00:00,VALE3.SA,80.5999984741211,80.80000305175781,80.52999877929688,80.61000061035156,574100
2026-04-29 14:25:00+00:00,VALE3.SA,80.62999725341797,81.0,80.55000305175781,80.83000183105469,389700
2026-04-29 14:30:00+00:00,VALE3.SA,80.80999755859375,80.80999755859375,80.5999984741211,80.62000274658203,279000
2026-04-29 14:35:00+00:00,VALE3.SA,80.5999984741211,80.68000030517578,80.41999816894531,80.66000366210938,456600
2026-04-29 14:40:00+00:00,VALE3.SA,80.63999938964844,80.8499984741211,80.5999984741211,80.62000274658203,554600
2026-04-29 14:45:00+00:00,VALE3.SA,80.6500015258789,80.7699966430664,80.6500015258789,80.66999816894531,866500
2026-04-29 14:50:00+00:00,VALE3.SA,80.66999816894531,80.9000015258789,80.66000366210938,80.88999938964844,280700
2026-04-29 14:55:00+00:00,VALE3.SA,80.87999725341797,81.08000183105469,80.83000183105469,81.06999969482422,371200
2026-04-29 15:00:00+00:00,VALE3.SA,81.05999755859375,81.12000274658203,81.0,81.05999755859375,238000
2026-04-29 15:05:00+00:00,VALE3.SA,81.06999969482422,81.36000061035156,81.02999877929688,81.19999694824219,525400
2026-04-29 15:10:00+00:00,VALE3.SA,81.19999694824219,81.2699966430664,81.19999694824219,81.26000213623047,570500
2026-04-29 15:15:00+00:00,VALE3.SA,81.25,81.41999816894531,81.08999633789062,81.08999633789062,289300
2026-04-29 15:20:00+00:00,VALE3.SA,81.08999633789062,81.12999725341797,80.94999694824219,81.05000305175781,394500
2026-04-29 15:25:00+00:00,VALE3.SA,81.05000305175781,81.12999725341797,80.88999938964844,80.9800033569336,221000
2026-04-29 15:30:00+00:00,VALE3.SA,80.9800033569336,81.0,80.81999969482422,80.87000274658203,138700
2026-04-29 15:35:00+00:00,VALE3.SA,80.87999725341797,80.95999908447266,80.77999877929688,80.95999908447266,248600
2026-04-29 15:40:00+00:00,VALE3.SA,80.94999694824219,81.12000274658203,80.91999816894531,81.05999755859375,239900
2026-04-29 15:45:00+00:00,VALE3.SA,81.06999969482422,81.27999877929688,81.0,81.02999877929688,364800
2026-04-29 15:50:00+00:00,VALE3.SA,81.04000091552734,81.06999969482422,80.66000366210938,80.66000366210938,314800
2026-04-29 15:55:00+00:00,VALE3.SA,80.66000366210938,80.80999755859375,80.6500015258789,80.76000213623047,471400
2026-04-29 16:00:00+00:00,VALE3.SA,80.76000213623047,80.80000305175781,80.66999816894531,80.69999694824219,109000
2026-04-29 16:05:00+00:00,VALE3.SA,80.69999694824219,80.80999755859375,80.68000030517578,80.73999786376953,125200
2026-04-29 16:10:00+00:00,VALE3.SA,80.75,80.87999725341797,80.7300033569336,80.76000213623047,130800
2026-04-29 16:15:00+00:00,VALE3.SA,80.7699966430664,80.83000183105469,80.72000122070312,80.7300033569336,89500
2026-04-29 16:20:00+00:00,VALE3.SA,80.73999786376953,80.83000183105469,80.72000122070312,80.72000122070312,170600
2026-04-29 16:25:00+00:00,VALE3.SA,80.7300033569336,80.75,80.6500015258789,80.6500015258789,134700
2026-04-29 16:30:00+00:00,VALE3.SA,80.6500015258789,80.69000244140625,80.54000091552734,80.56999969482422,326600
2026-04-29 16:35:00+00:00,VALE3.SA,80.5999984741211,80.62999725341797,80.56999969482422,80.5999984741211,111600
2026-04-29 16:40:00+00:00,VALE3.SA,80.58999633789062,80.6500015258789,80.55999755859375,80.62999725341797,164400
2026-04-29 16:45:00+00:00,VALE3.SA,80.61000061035156,80.63999938964844,80.55000305175781,80.55000305175781,227400
2026-04-29 16:50:00+00:00,VALE3.SA,80.55999755859375,80.58000183105469,80.41999816894531,80.43000030517578,260200
2026-04-29 16:55:00+00:00,VALE3.SA,80.43000030517578,80.5,80.3499984741211,80.48999786376953,437700
2026-04-29 17:00:00+00:00,VALE3.SA,80.48999786376953,80.48999786376953,80.33999633789062,80.37999725341797,161800
2026-04-29 17:05:00+00:00,VALE3.SA,80.37000274658203,80.38999938964844,80.30000305175781,80.37000274658203,330400
2026-04-29 17:10:00+00:00,VALE3.SA,80.37000274658203,80.38999938964844,80.30000305175781,80.30000305175781,79600
2026-04-29 17:15:00+00:00,VALE3.SA,80.31999969482422,80.4000015258789,80.25,80.36000061035156,758300
2026-04-29 17:20:00+00:00,VALE3.SA,80.38999938964844,80.41000366210938,80.2300033569336,80.25,158000
2026-04-29 17:25:00+00:00,VALE3.SA,80.26000213623047,80.27999877929688,80.22000122070312,80.25,153100
2026-04-29 17:30:00+00:00,VALE3.SA,80.25,80.37999725341797,80.22000122070312,80.33000183105469,202900
2026-04-29 17:35:00+00:00,VALE3.SA,80.30999755859375,80.31999969482422,80.0999984741211,80.12000274658203,500700
2026-04-29 17:40:00+00:00,VALE3.SA,80.11000061035156,80.1500015258789,80.05999755859375,80.13999938964844,341100
2026-04-29 17:45:00+00:00,VALE3.SA,80.13999938964844,80.22000122070312,80.05999755859375,80.16999816894531,279000
2026-04-29 17:50:00+00:00,VALE3.SA,80.19000244140625,80.20999908447266,80.12000274658203,80.12000274658203,91100
2026-04-29 17:55:00+00:00,VALE3.SA,80.12000274658203,80.1500015258789,80.05000305175781,80.13999938964844,234800
2026-04-29 18:00:00+00:00,VALE3.SA,80.13999938964844,80.1500015258789,79.75,79.83000183105469,760800
2026-04-29 18:05:00+00:00,VALE3.SA,79.83000183105469,79.9800033569336,79.81999969482422,79.87000274658203,409400
2026-04-29 18:10:00+00:00,VALE3.SA,79.87000274658203,79.87999725341797,79.76000213623047,79.79000091552734,3731000
2026-04-29 18:15:00+00:00,VALE3.SA,79.79000091552734,79.88999938964844,79.75,79.86000061035156,334200
2026-04-29 18:20:00+00:00,VALE3.SA,79.83999633789062,79.95999908447266,79.81999969482422,79.94000244140625,145800
2026-04-29 18:25:00+00:00,VALE3.SA,79.94000244140625,79.97000122070312,79.83999633789062,79.87999725341797,177700
2026-04-29 18:30:00+00:00,VALE3.SA,79.87999725341797,79.87999725341797,79.75,79.7699966430664,187800
2026-04-29 18:35:00+00:00,VALE3.SA,79.77999877929688,79.97000122070312,79.77999877929688,79.87000274658203,234100
2026-04-29 18:40:00+00:00,VALE3.SA,79.8499984741211,79.88999938964844,79.58000183105469,79.61000061035156,309900
2026-04-29 18:45:00+00:00,VALE3.SA,79.61000061035156,79.7300033569336,79.51000213623047,79.7300033569336,242500
2026-04-29 18:50:00+00:00,VALE3.SA,79.7300033569336,79.77999877929688,79.63999938964844,79.66999816894531,239300
2026-04-29 18:55:00+00:00,VALE3.SA,79.68000030517578,79.76000213623047,79.66000366210938,79.75,118500
2026-04-29 19:00:00+00:00,VALE3.SA,79.75,79.80000305175781,79.62000274658203,79.63999938964844,141600
2026-04-29 19:05:00+00:00,VALE3.SA,79.63999938964844,79.69999694824219,79.54000091552734,79.68000030517578,225000
2026-04-29 19:10:00+00:00,VALE3.SA,79.63999938964844,79.8499984741211,79.62999725341797,79.80000305175781,417600
2026-04-29 19:15:00+00:00,VALE3.SA,79.80999755859375,79.80999755859375,79.62000274658203,79.62999725341797,228700
2026-04-29 19:20:00+00:00,VALE3.SA,79.62000274658203,79.63999938964844,79.44999694824219,79.52999877929688,393700
2026-04-29 19:25:00+00:00,VALE3.SA,79.52999877929688,79.58999633789062,79.4000015258789,79.4000015258789,403000
2026-04-29 19:30:00+00:00,VALE3.SA,79.41000366210938,79.41999816894531,79.25,79.27999877929688,441500
2026-04-29 19:35:00+00:00,VALE3.SA,79.29000091552734,79.44999694824219,79.2699966430664,79.37000274658203,688800
2026-04-29 19:40:00+00:00,VALE3.SA,79.36000061035156,79.44000244140625,79.30999755859375,79.44000244140625,479700
2026-04-29 19:45:00+00:00,VALE3.SA,79.41000366210938,79.52999877929688,79.30000305175781,79.33000183105469,662400
2026-04-29 19:50:00+00:00,VALE3.SA,79.33000183105469,79.47000122070312,79.33000183105469,79.44000244140625,600600
2026-04-30 13:05:00+00:00,VALE3.SA,81.02999877929688,81.2300033569336,80.75,80.80000305175781,55100
2026-04-30 13:10:00+00:00,VALE3.SA,80.69000244140625,81.16999816894531,80.58999633789062,81.05000305175781,350500
2026-04-30 13:15:00+00:00,VALE3.SA,81.02999877929688,81.41999816894531,80.91999816894531,81.38999938964844,592700
2026-04-30 13:20:00+00:00,VALE3.SA,81.37999725341797,81.43000030517578,81.04000091552734,81.05000305175781,367100
2026-04-30 13:25:00+00:00,VALE3.SA,81.04000091552734,81.04000091552734,80.7300033569336,80.8499984741211,436700
2026-04-30 13:30:00+00:00,VALE3.SA,80.8499984741211,81.33000183105469,80.62000274658203,80.8499984741211,900200
2026-04-30 13:35:00+00:00,VALE3.SA,80.83999633789062,80.98999786376953,80.7699966430664,80.80000305175781,161700
2026-04-30 13:40:00+00:00,VALE3.SA,80.80000305175781,80.8499984741211,80.5199966430664,80.56999969482422,316300
2026-04-30 13:45:00+00:00,VALE3.SA,80.56999969482422,80.87999725341797,80.5199966430664,80.79000091552734,250600
2026-04-30 13:50:00+00:00,VALE3.SA,80.80000305175781,80.88999938964844,80.69999694824219,80.7699966430664,208200
2026-04-30 13:55:00+00:00,VALE3.SA,80.76000213623047,80.8499984741211,80.7300033569336,80.76000213623047,82800
2026-04-30 14:00:00+00:00,VALE3.SA,80.75,80.76000213623047,80.5,80.51000213623047,161400
2026-04-30 14:05:00+00:00,VALE3.SA,80.51000213623047,80.56999969482422,80.20999908447266,80.41999816894531,486700
2026-04-30 14:10:00+00:00,VALE3.SA,80.41999816894531,80.56999969482422,80.31999969482422,80.55000305175781,249000
2026-04-30 14:15:00+00:00,VALE3.SA,80.55999755859375,80.70999908447266,80.52999877929688,80.69999694824219,360400
2026-04-30 14:20:00+00:00,VALE3.SA,80.69999694824219,80.80999755859375,80.66999816894531,80.7699966430664,213200
2026-04-30 14:25:00+00:00,VALE3.SA,80.79000091552734,80.91000366210938,80.75,80.81999969482422,144400
2026-04-30 14:30:00+00:00,VALE3.SA,80.81999969482422,80.86000061035156,80.7300033569336,80.77999877929688,67500
2026-04-30 14:35:00+00:00,VALE3.SA,80.80000305175781,80.83000183105469,80.66000366210938,80.72000122070312,237500
2026-04-30 14:40:00+00:00,VALE3.SA,80.7300033569336,80.79000091552734,80.61000061035156,80.66000366210938,137500
2026-04-30 14:45:00+00:00,VALE3.SA,80.66000366210938,80.94000244140625,80.66000366210938,80.88999938964844,424300
2026-04-30 14:50:00+00:00,VALE3.SA,80.88999938964844,81.16999816894531,80.86000061035156,81.04000091552734,338300
2026-04-30 14:55:00+00:00,VALE3.SA,81.0199966430664,81.13999938964844,81.0,81.0999984741211,68000
2026-04-30 15:00:00+00:00,VALE3.SA,81.0999984741211,81.16000366210938,81.04000091552734,81.05000305175781,80700
2026-04-30 15:05:00+00:00,VALE3.SA,81.04000091552734,81.04000091552734,80.88999938964844,80.94999694824219,129000
2026-04-30 15:10:00+00:00,VALE3.SA,80.97000122070312,81.0199966430664,80.93000030517578,80.97000122070312,85300
2026-04-30 15:15:00+00:00,VALE3.SA,80.9800033569336,81.0,80.93000030517578,80.9800033569336,23400
2026-04-30 15:20:00+00:00,VALE3.SA,80.9800033569336,81.04000091552734,80.94000244140625,80.98999786376953,83400
2026-04-30 15:25:00+00:00,VALE3.SA,80.98999786376953,81.0999984741211,80.98999786376953,81.04000091552734,80600
2026-04-30 15:30:00+00:00,VALE3.SA,81.04000091552734,81.04000091552734,80.94000244140625,80.95999908447266,123800
2026-04-30 15:35:00+00:00,VALE3.SA,80.94999694824219,80.97000122070312,80.87000274658203,80.88999938964844,91800
2026-04-30 15:40:00+00:00,VALE3.SA,80.88999938964844,81.05000305175781,80.88999938964844,81.01000213623047,116900
2026-04-30 15:45:00+00:00,VALE3.SA,81.01000213623047,81.02999877929688,80.91999816894531,80.91999816894531,41400
2026-04-30 15:50:00+00:00,VALE3.SA,80.93000030517578,81.0,80.91999816894531,80.9800033569336,23200
2026-04-30 15:55:00+00:00,VALE3.SA,80.98999786376953,81.11000061035156,80.9800033569336,81.11000061035156,92000
2026-04-30 16:00:00+00:00,VALE3.SA,81.11000061035156,81.13999938964844,81.06999969482422,81.12999725341797,75500
2026-04-30 16:05:00+00:00,VALE3.SA,81.12999725341797,81.1500015258789,81.08000183105469,81.08999633789062,16700
2026-04-30 16:10:00+00:00,VALE3.SA,81.11000061035156,81.1500015258789,81.05999755859375,81.0999984741211,154900
2026-04-30 16:15:00+00:00,VALE3.SA,81.11000061035156,81.11000061035156,81.02999877929688,81.08000183105469,35500
2026-04-30 16:20:00+00:00,VALE3.SA,81.08000183105469,81.19000244140625,81.08000183105469,81.0999984741211,149900
2026-04-30 16:25:00+00:00,VALE3.SA,81.11000061035156,81.1500015258789,81.05999755859375,81.12999725341797,67300
2026-04-30 16:30:00+00:00,VALE3.SA,81.1500015258789,81.16000366210938,81.0999984741211,81.16000366210938,27800
2026-04-30 16:35:00+00:00,VALE3.SA,81.16000366210938,81.2300033569336,81.13999938964844,81.19999694824219,99900
2026-04-30 16:40:00+00:00,VALE3.SA,81.18000030517578,81.19000244140625,81.01000213623047,81.05999755859375,104400
2026-04-30 16:45:00+00:00,VALE3.SA,81.06999969482422,81.08999633789062,80.88999938964844,81.08000183105469,194700
2026-04-30 16:50:00+00:00,VALE3.SA,81.06999969482422,81.08999633789062,81.05999755859375,81.08000183105469,20400
2026-04-30 16:55:00+00:00,VALE3.SA,81.05999755859375,81.08000183105469,80.98999786376953,81.0,32700
2026-04-30 17:00:00+00:00,VALE3.SA,80.98999786376953,81.0999984741211,80.98999786376953,81.06999969482422,30900
2026-04-30 17:05:00+00:00,VALE3.SA,81.08999633789062,81.19000244140625,81.06999969482422,81.16000366210938,35600
2026-04-30 17:10:00+00:00,VALE3.SA,81.1500015258789,81.31999969482422,81.1500015258789,81.27999877929688,2149900
2026-04-30 17:15:00+00:00,VALE3.SA,81.26000213623047,81.30000305175781,81.23999786376953,81.29000091552734,43800
2026-04-30 17:20:00+00:00,VALE3.SA,81.29000091552734,81.30000305175781,81.23999786376953,81.23999786376953,58800
2026-04-30 17:25:00+00:00,VALE3.SA,81.23999786376953,81.25,81.1500015258789,81.25,53700
2026-04-30 17:30:00+00:00,VALE3.SA,81.25,81.31999969482422,81.19000244140625,81.26000213623047,56600
2026-04-30 17:35:00+00:00,VALE3.SA,81.2300033569336,81.37000274658203,81.2300033569336,81.33000183105469,151200
2026-04-30 17:40:00+00:00,VALE3.SA,81.33000183105469,81.37000274658203,81.33000183105469,81.3499984741211,50800
2026-04-30 17:45:00+00:00,VALE3.SA,81.3499984741211,81.38999938964844,81.31999969482422,81.33000183105469,45700
2026-04-30 17:50:00+00:00,VALE3.SA,81.33000183105469,81.41000366210938,81.33000183105469,81.38999938964844,63900
2026-04-30 17:55:00+00:00,VALE3.SA,81.37000274658203,81.41000366210938,81.36000061035156,81.37000274658203,34600
2026-04-30 18:00:00+00:00,VALE3.SA,81.37000274658203,81.4000015258789,81.30999755859375,81.31999969482422,60000
2026-04-30 18:05:00+00:00,VALE3.SA,81.33999633789062,81.36000061035156,81.30999755859375,81.33999633789062,37100
2026-04-30 18:10:00+00:00,VALE3.SA,81.33999633789062,81.4000015258789,81.33000183105469,81.38999938964844,58400
2026-04-30 18:15:00+00:00,VALE3.SA,81.37999725341797,81.45999908447266,81.37999725341797,81.44999694824219,28400
2026-04-30 18:20:00+00:00,VALE3.SA,81.44999694824219,81.52999877929688,81.44999694824219,81.48999786376953,171700
2026-04-30 18:25:00+00:00,VALE3.SA,81.4800033569336,81.5,81.44000244140625,81.44000244140625,63000
2026-04-30 18:30:00+00:00,VALE3.SA,81.44000244140625,81.52999877929688,81.44000244140625,81.5199966430664,54800
2026-04-30 18:35:00+00:00,VALE3.SA,81.5199966430664,81.5199966430664,81.44999694824219,81.44999694824219,47500
2026-04-30 18:40:00+00:00,VALE3.SA,81.44999694824219,81.5,81.44000244140625,81.44000244140625,28700
2026-04-30 18:45:00+00:00,VALE3.SA,81.44000244140625,81.4800033569336,81.4000015258789,81.47000122070312,65800
2026-04-30 18:50:00+00:00,VALE3.SA,81.47000122070312,81.55000305175781,81.45999908447266,81.5199966430664,178700
2026-04-30 18:55:00+00:00,VALE3.SA,81.5,81.5,81.44000244140625,81.44000244140625,22900
2026-04-30 19:00:00+00:00,VALE3.SA,81.44000244140625,81.55999755859375,81.44000244140625,81.48999786376953,123800
2026-04-30 19:05:00+00:00,VALE3.SA,81.48999786376953,81.66999816894531,81.4800033569336,81.66000366210938,166000
2026-04-30 19:10:00+00:00,VALE3.SA,81.66000366210938,81.69999694824219,81.63999938964844,81.68000030517578,60900
2026-04-30 19:15:00+00:00,VALE3.SA,81.66999816894531,81.68000030517578,81.62000274658203,81.6500015258789,76500
2026-04-30 19:20:00+00:00,VALE3.SA,81.62999725341797,81.6500015258789,81.55999755859375,81.58000183105469,111500
2026-04-30 19:25:00+00:00,VALE3.SA,81.58000183105469,81.62000274658203,81.55999755859375,81.58999633789062,184600
2026-04-30 19:30:00+00:00,VALE3.SA,81.58999633789062,81.61000061035156,81.43000030517578,81.4800033569336,137100
2026-04-30 19:35:00+00:00,VALE3.SA,81.47000122070312,81.48999786376953,81.38999938964844,81.41999816894531,243900
2026-04-30 19:40:00+00:00,VALE3.SA,81.41000366210938,81.44999694824219,81.36000061035156,81.41999816894531,356800
2026-04-30 19:45:00+00:00,VALE3.SA,81.41000366210938,81.43000030517578,81.30999755859375,81.31999969482422,219500
2026-05-04 13:00:00+00:00,VALE3.SA,81.18000030517578,81.36000061035156,80.94999694824219,81.11000061035156,0
2026-05-04 13:05:00+00:00,VALE3.SA,81.16000366210938,81.2300033569336,80.9000015258789,80.9800033569336,214000
2026-05-04 13:10:00+00:00,VALE3.SA,80.95999908447266,81.04000091552734,80.5999984741211,80.62999725341797,191600
2026-05-04 13:15:00+00:00,VALE3.SA,80.62000274658203,80.83000183105469,80.5999984741211,80.61000061035156,90000
2026-05-04 13:20:00+00:00,VALE3.SA,80.5999984741211,80.72000122070312,80.55000305175781,80.63999938964844,73400
2026-05-04 13:25:00+00:00,VALE3.SA,80.5999984741211,80.62999725341797,80.4800033569336,80.48999786376953,141800
2026-05-04 13:30:00+00:00,VALE3.SA,80.48999786376953,80.48999786376953,79.9000015258789,80.30999755859375,637800
2026-05-04 13:35:00+00:00,VALE3.SA,80.31999969482422,80.4000015258789,80.0199966430664,80.16000366210938,278200
2026-05-04 13:40:00+00:00,VALE3.SA,80.1500015258789,80.18000030517578,79.9800033569336,80.02999877929688,352900
2026-05-04 13:45:00+00:00,VALE3.SA,80.01000213623047,80.0199966430664,79.7699966430664,79.87000274658203,625400
2026-05-04 13:50:00+00:00,VALE3.SA,79.87000274658203,79.87000274658203,79.51000213623047,79.55000305175781,337400
2026-05-04 13:55:00+00:00,VALE3.SA,79.55999755859375,79.88999938964844,79.51000213623047,79.66999816894531,882800
2026-05-04 14:00:00+00:00,VALE3.SA,79.66999816894531,79.73999786376953,79.56999969482422,79.7300033569336,343000
2026-05-04 14:05:00+00:00,VALE3.SA,79.69000244140625,79.72000122070312,79.44000244140625,79.5,299100
2026-05-04 14:10:00+00:00,VALE3.SA,79.51000213623047,79.72000122070312,79.44999694824219,79.58000183105469,306500
2026-05-04 14:15:00+00:00,VALE3.SA,79.5999984741211,79.83000183105469,79.56999969482422,79.76000213623047,246200
2026-05-04 14:20:00+00:00,VALE3.SA,79.76000213623047,79.91999816894531,79.76000213623047,79.81999969482422,328000
2026-05-04 14:25:00+00:00,VALE3.SA,79.81999969482422,79.8499984741211,79.69999694824219,79.69999694824219,134600
2026-05-04 14:30:00+00:00,VALE3.SA,79.69999694824219,79.83000183105469,79.68000030517578,79.69999694824219,170000
2026-05-04 14:35:00+00:00,VALE3.SA,79.69999694824219,79.75,79.69000244140625,79.73999786376953,128100
2026-05-04 14:40:00+00:00,VALE3.SA,79.7300033569336,79.83000183105469,79.69999694824219,79.79000091552734,94700
2026-05-04 14:45:00+00:00,VALE3.SA,79.77999877929688,79.79000091552734,79.58000183105469,79.5999984741211,485900
2026-05-04 14:50:00+00:00,VALE3.SA,79.58999633789062,79.6500015258789,79.54000091552734,79.61000061035156,174600
2026-05-04 14:55:00+00:00,VALE3.SA,79.61000061035156,79.6500015258789,79.4800033569336,79.5199966430664,221600
2026-05-04 15:00:00+00:00,VALE3.SA,79.51000213623047,79.61000061035156,79.47000122070312,79.52999877929688,270400
2026-05-04 15:05:00+00:00,VALE3.SA,79.52999877929688,79.62000274658203,79.51000213623047,79.5999984741211,98600
2026-05-04 15:10:00+00:00,VALE3.SA,79.61000061035156,79.69999694824219,79.58999633789062,79.62000274658203,83900
2026-05-04 15:15:00+00:00,VALE3.SA,79.62000274658203,79.6500015258789,79.4000015258789,79.4000015258789,202900
2026-05-04 15:20:00+00:00,VALE3.SA,79.4000015258789,79.4000015258789,79.04000091552734,79.1500015258789,361100
2026-05-04 15:25:00+00:00,VALE3.SA,79.1500015258789,79.19999694824219,79.05000305175781,79.0999984741211,118700
2026-05-04 15:30:00+00:00,VALE3.SA,79.11000061035156,79.19000244140625,79.01000213623047,79.12999725341797,117600
2026-05-04 15:35:00+00:00,VALE3.SA,79.12999725341797,79.16999816894531,79.04000091552734,79.0999984741211,97200
2026-05-04 15:40:00+00:00,VALE3.SA,79.08999633789062,79.13999938964844,79.0199966430664,79.12000274658203,116400
2026-05-04 15:45:00+00:00,VALE3.SA,79.11000061035156,79.13999938964844,79.05000305175781,79.06999969482422,166400
2026-05-04 15:50:00+00:00,VALE3.SA,79.06999969482422,79.2699966430664,79.01000213623047,79.25,154400
2026-05-04 15:55:00+00:00,VALE3.SA,79.26000213623047,79.29000091552734,79.1500015258789,79.18000030517578,468400
2026-05-04 16:00:00+00:00,VALE3.SA,79.18000030517578,79.20999908447266,79.0999984741211,79.19000244140625,105700
2026-05-04 16:05:00+00:00,VALE3.SA,79.18000030517578,79.19000244140625,78.94000244140625,79.0,213100
2026-05-04 16:10:00+00:00,VALE3.SA,79.0,79.05000305175781,78.93000030517578,79.0199966430664,90900
2026-05-04 16:15:00+00:00,VALE3.SA,79.01000213623047,79.19000244140625,78.9800033569336,79.13999938964844,117100
2026-05-04 16:20:00+00:00,VALE3.SA,79.16000366210938,79.33000183105469,79.12999725341797,79.29000091552734,105700
2026-05-04 16:25:00+00:00,VALE3.SA,79.27999877929688,79.31999969482422,79.20999908447266,79.29000091552734,64600
2026-05-04 16:30:00+00:00,VALE3.SA,79.27999877929688,79.33000183105469,79.22000122070312,79.31999969482422,193400
2026-05-04 16:35:00+00:00,VALE3.SA,79.31999969482422,79.37999725341797,79.23999786376953,79.26000213623047,139600
2026-05-04 16:40:00+00:00,VALE3.SA,79.26000213623047,79.33000183105469,79.23999786376953,79.26000213623047,73100
2026-05-04 16:45:00+00:00,VALE3.SA,79.25,79.30000305175781,79.20999908447266,79.22000122070312,79500
2026-05-04 16:50:00+00:00,VALE3.SA,79.20999908447266,79.26000213623047,79.19999694824219,79.2300033569336,117900
2026-05-04 16:55:00+00:00,VALE3.SA,79.2300033569336,79.29000091552734,79.19999694824219,79.23999786376953,79400
2026-05-04 17:00:00+00:00,VALE3.SA,79.23999786376953,79.29000091552734,79.18000030517578,79.27999877929688,203800
2026-05-04 17:05:00+00:00,VALE3.SA,79.27999877929688,79.31999969482422,79.20999908447266,79.30999755859375,95500
2026-05-04 17:10:00+00:00,VALE3.SA,79.30000305175781,79.31999969482422,79.22000122070312,79.22000122070312,116100
2026-05-04 17:15:00+00:00,VALE3.SA,79.20999908447266,79.37000274658203,79.20999908447266,79.29000091552734,274300
2026-05-04 17:20:00+00:00,VALE3.SA,79.29000091552734,79.33000183105469,79.22000122070312,79.25,278100
2026-05-04 17:25:00+00:00,VALE3.SA,79.2699966430664,79.30000305175781,79.20999908447266,79.22000122070312,101400
2026-05-04 17:30:00+00:00,VALE3.SA,79.22000122070312,79.2300033569336,79.0199966430664,79.02999877929688,234400
2026-05-04 17:35:00+00:00,VALE3.SA,79.0199966430664,79.0999984741211,78.97000122070312,79.0999984741211,212000
2026-05-04 17:40:00+00:00,VALE3.SA,79.0999984741211,79.0999984741211,79.0199966430664,79.02999877929688,74100
2026-05-04 17:45:00+00:00,VALE3.SA,79.02999877929688,79.08000183105469,79.0,79.06999969482422,81400
2026-05-04 17:50:00+00:00,VALE3.SA,79.05000305175781,79.05000305175781,78.97000122070312,78.98999786376953,92000
2026-05-04 17:55:00+00:00,VALE3.SA,78.98999786376953,79.02999877929688,78.97000122070312,79.0,63900
2026-05-04 18:00:00+00:00,VALE3.SA,79.0,79.05000305175781,79.0,79.02999877929688,99500
2026-05-04 18:05:00+00:00,VALE3.SA,79.04000091552734,79.06999969482422,79.0,79.02999877929688,130600
2026-05-04 18:10:00+00:00,VALE3.SA,79.02999877929688,79.08999633789062,78.97000122070312,79.08999633789062,313400
2026-05-04 18:15:00+00:00,VALE3.SA,79.06999969482422,79.08000183105469,78.95999908447266,78.9800033569336,72000
2026-05-04 18:20:00+00:00,VALE3.SA,78.9800033569336,79.0199966430664,78.94999694824219,78.98999786376953,159900
2026-05-04 18:25:00+00:00,VALE3.SA,78.9800033569336,79.0,78.93000030517578,79.0,71500
2026-05-04 18:30:00+00:00,VALE3.SA,78.98999786376953,79.01000213623047,78.83000183105469,78.9000015258789,196600
2026-05-04 18:35:00+00:00,VALE3.SA,78.9000015258789,78.94000244140625,78.86000061035156,78.94000244140625,85200
2026-05-04 18:40:00+00:00,VALE3.SA,78.94000244140625,78.94999694824219,78.8499984741211,78.86000061035156,126500
2026-05-04 18:45:00+00:00,VALE3.SA,78.87999725341797,78.9000015258789,78.83000183105469,78.87000274658203,77500
2026-05-04 18:50:00+00:00,VALE3.SA,78.87000274658203,78.88999938964844,78.76000213623047,78.79000091552734,119100
2026-05-04 18:55:00+00:00,VALE3.SA,78.80000305175781,78.88999938964844,78.79000091552734,78.88999938964844,90800
2026-05-04 19:00:00+00:00,VALE3.SA,78.88999938964844,78.88999938964844,78.80999755859375,78.80999755859375,80300
2026-05-04 19:05:00+00:00,VALE3.SA,78.81999969482422,79.05000305175781,78.80999755859375,79.0,208000
2026-05-04 19:10:00+00:00,VALE3.SA,78.98999786376953,79.0,78.91999816894531,78.94999694824219,105900
2026-05-04 19:15:00+00:00,VALE3.SA,78.94999694824219,79.0,78.9000015258789,78.91999816894531,74800
2026-05-04 19:20:00+00:00,VALE3.SA,78.91000366210938,78.91999816894531,78.7699966430664,78.8499984741211,162100
2026-05-04 19:25:00+00:00,VALE3.SA,78.81999969482422,78.91999816894531,78.7699966430664,78.81999969482422,492200
2026-05-04 19:30:00+00:00,VALE3.SA,78.80999755859375,78.86000061035156,78.75,78.80000305175781,277000
2026-05-04 19:35:00+00:00,VALE3.SA,78.80999755859375,78.87999725341797,78.75,78.79000091552734,177700
2026-05-04 19:40:00+00:00,VALE3.SA,78.79000091552734,78.83000183105469,78.69999694824219,78.73999786376953,271000
2026-05-04 19:45:00+00:00,VALE3.SA,78.73999786376953,78.77999877929688,78.6500015258789,78.75,407700
2026-05-04 19:50:00+00:00,VALE3.SA,78.75,78.83000183105469,78.70999908447266,78.80999755859375,504200
2026-05-05 13:05:00+00:00,VALE3.SA,79.41999816894531,79.41999816894531,78.95999908447266,79.12000274658203,285800
2026-05-05 13:10:00+00:00,VALE3.SA,79.12000274658203,79.30999755859375,79.04000091552734,79.16999816894531,101900
2026-05-05 13:15:00+00:00,VALE3.SA,79.2300033569336,79.2699966430664,79.0,79.11000061035156,206200
2026-05-05 13:20:00+00:00,VALE3.SA,79.0999984741211,79.1500015258789,79.0,79.08999633789062,59600
2026-05-05 13:25:00+00:00,VALE3.SA,79.08000183105469,79.30999755859375,79.04000091552734,79.20999908447266,102600
2026-05-05 13:30:00+00:00,VALE3.SA,79.22000122070312,79.33000183105469,79.08999633789062,79.12999725341797,170500
2026-05-05 13:35:00+00:00,VALE3.SA,79.16000366210938,79.23999786376953,78.69999694824219,78.7300033569336,347200
2026-05-05 13:40:00+00:00,VALE3.SA,78.72000122070312,79.0199966430664,78.69000244140625,78.80000305175781,150400
2026-05-05 13:45:00+00:00,VALE3.SA,78.80999755859375,79.0199966430664,78.72000122070312,78.9800033569336,104600
2026-05-05 13:50:00+00:00,VALE3.SA,78.98999786376953,79.12000274658203,78.91000366210938,78.94000244140625,115300
2026-05-05 13:55:00+00:00,VALE3.SA,78.93000030517578,78.98999786376953,78.86000061035156,78.98999786376953,121900
2026-05-05 14:00:00+00:00,VALE3.SA,78.95999908447266,79.02999877929688,78.81999969482422,78.8499984741211,253200
2026-05-05 14:05:00+00:00,VALE3.SA,78.8499984741211,79.0199966430664,78.7300033569336,79.0,316700
2026-05-05 14:10:00+00:00,VALE3.SA,79.02999877929688,79.04000091552734,78.80000305175781,78.83000183105469,208700
2026-05-05 14:15:00+00:00,VALE3.SA,78.83000183105469,78.83000183105469,78.54000091552734,78.58000183105469,384500
2026-05-05 14:20:00+00:00,VALE3.SA,78.5999984741211,78.79000091552734,78.5,78.75,129800
2026-05-05 14:25:00+00:00,VALE3.SA,78.75,78.86000061035156,78.72000122070312,78.7699966430664,117600
2026-05-05 14:30:00+00:00,VALE3.SA,78.75,78.83999633789062,78.70999908447266,78.83999633789062,72900
2026-05-05 14:35:00+00:00,VALE3.SA,78.80999755859375,78.83000183105469,78.62000274658203,78.72000122070312,118200
2026-05-05 14:40:00+00:00,VALE3.SA,78.70999908447266,78.83000183105469,78.44999694824219,78.5,418000
2026-05-05 14:45:00+00:00,VALE3.SA,78.5,78.52999877929688,78.37000274658203,78.44999694824219,286600
2026-05-05 14:50:00+00:00,VALE3.SA,78.44000244140625,78.44999694824219,78.33000183105469,78.33000183105469,143200
2026-05-05 14:55:00+00:00,VALE3.SA,78.37999725341797,78.44000244140625,78.27999877929688,78.33999633789062,208300
2026-05-05 15:00:00+00:00,VALE3.SA,78.36000061035156,78.41999816894531,78.27999877929688,78.41999816894531,175400
2026-05-05 15:05:00+00:00,VALE3.SA,78.41000366210938,78.43000030517578,78.3499984741211,78.3499984741211,134400
2026-05-05 15:10:00+00:00,VALE3.SA,78.3499984741211,78.4000015258789,78.25,78.31999969482422,118400
2026-05-05 15:15:00+00:00,VALE3.SA,78.31999969482422,78.33000183105469,78.25,78.26000213623047,84800
2026-05-05 15:20:00+00:00,VALE3.SA,78.26000213623047,78.47000122070312,78.23999786376953,78.44000244140625,376100
2026-05-05 15:25:00+00:00,VALE3.SA,78.41999816894531,78.48999786376953,78.33000183105469,78.37999725341797,351300
2026-05-05 15:30:00+00:00,VALE3.SA,78.38999938964844,78.63999938964844,78.37000274658203,78.55000305175781,138200
2026-05-05 15:35:00+00:00,VALE3.SA,78.55000305175781,78.66999816894531,78.5,78.6500015258789,92300
2026-05-05 15:40:00+00:00,VALE3.SA,78.6500015258789,78.66999816894531,78.58999633789062,78.63999938964844,56100
2026-05-05 15:45:00+00:00,VALE3.SA,78.63999938964844,78.77999877929688,78.62000274658203,78.77999877929688,89200
2026-05-05 15:50:00+00:00,VALE3.SA,78.7699966430664,78.79000091552734,78.72000122070312,78.75,87600
2026-05-05 15:55:00+00:00,VALE3.SA,78.75,78.77999877929688,78.69000244140625,78.73999786376953,184900
2026-05-05 16:00:00+00:00,VALE3.SA,78.73999786376953,78.76000213623047,78.55000305175781,78.6500015258789,72200
2026-05-05 16:05:00+00:00,VALE3.SA,78.6500015258789,78.68000030517578,78.5999984741211,78.66999816894531,76100
2026-05-05 16:10:00+00:00,VALE3.SA,78.63999938964844,78.69000244140625,78.5999984741211,78.62000274658203,116300
2026-05-05 16:15:00+00:00,VALE3.SA,78.61000061035156,78.61000061035156,78.55000305175781,78.58999633789062,51700
2026-05-05 16:20:00+00:00,VALE3.SA,78.58999633789062,78.6500015258789,78.58999633789062,78.5999984741211,34600
2026-05-05 16:25:00+00:00,VALE3.SA,78.5999984741211,78.6500015258789,78.55000305175781,78.6500015258789,92200
2026-05-05 16:30:00+00:00,VALE3.SA,78.6500015258789,78.68000030517578,78.55000305175781,78.55999755859375,50900
2026-05-05 16:35:00+00:00,VALE3.SA,78.55999755859375,78.63999938964844,78.54000091552734,78.54000091552734,76700
2026-05-05 16:40:00+00:00,VALE3.SA,78.54000091552734,78.54000091552734,78.30000305175781,78.31999969482422,250900
2026-05-05 16:45:00+00:00,VALE3.SA,78.31999969482422,78.37999725341797,78.25,78.3499984741211,146300
2026-05-05 16:50:00+00:00,VALE3.SA,78.3499984741211,78.36000061035156,78.19999694824219,78.2300033569336,116000
2026-05-05 16:55:00+00:00,VALE3.SA,78.2300033569336,78.26000213623047,78.08000183105469,78.16000366210938,135800
2026-05-05 17:00:00+00:00,VALE3.SA,78.12999725341797,78.18000030517578,78.0999984741211,78.13999938964844,80000
2026-05-05 17:05:00+00:00,VALE3.SA,78.13999938964844,78.16999816894531,78.05000305175781,78.05999755859375,119700
2026-05-05 17:10:00+00:00,VALE3.SA,78.05999755859375,78.11000061035156,78.04000091552734,78.08999633789062,122100
2026-05-05 17:15:00+00:00,VALE3.SA,78.0999984741211,78.12999725341797,78.05999755859375,78.08999633789062,41800
2026-05-05 17:20:00+00:00,VALE3.SA,78.0999984741211,78.11000061035156,78.02999877929688,78.05000305175781,110600
2026-05-05 17:25:00+00:00,VALE3.SA,78.04000091552734,78.05999755859375,77.9800033569336,78.0199966430664,233300
2026-05-05 17:30:00+00:00,VALE3.SA,78.01000213623047,78.04000091552734,77.97000122070312,78.0199966430664,64200
2026-05-05 17:35:00+00:00,VALE3.SA,78.0199966430664,78.20999908447266,78.01000213623047,78.18000030517578,415800
2026-05-05 17:40:00+00:00,VALE3.SA,78.13999938964844,78.16999816894531,78.08999633789062,78.12000274658203,85300
2026-05-05 17:45:00+00:00,VALE3.SA,78.12000274658203,78.13999938964844,78.05000305175781,78.08999633789062,67200
2026-05-05 17:50:00+00:00,VALE3.SA,78.08999633789062,78.13999938964844,78.05000305175781,78.12000274658203,79800
2026-05-05 17:55:00+00:00,VALE3.SA,78.12000274658203,78.12000274658203,78.05999755859375,78.08999633789062,85700
2026-05-05 18:00:00+00:00,VALE3.SA,78.06999969482422,78.22000122070312,78.06999969482422,78.20999908447266,88400
2026-05-05 18:05:00+00:00,VALE3.SA,78.19999694824219,78.33000183105469,78.1500015258789,78.2699966430664,114800
2026-05-05 18:10:00+00:00,VALE3.SA,78.2699966430664,78.31999969482422,78.2699966430664,78.30999755859375,79600
2026-05-05 18:15:00+00:00,VALE3.SA,78.30999755859375,78.30999755859375,78.16999816894531,78.19999694824219,118000
2026-05-05 18:20:00+00:00,VALE3.SA,78.2300033569336,78.2699966430664,78.16000366210938,78.25,53300
2026-05-05 18:25:00+00:00,VALE3.SA,78.23999786376953,78.37999725341797,78.23999786376953,78.37999725341797,102400
2026-05-05 18:30:00+00:00,VALE3.SA,78.37000274658203,78.37999725341797,78.30000305175781,78.31999969482422,92300
2026-05-05 18:35:00+00:00,VALE3.SA,78.30999755859375,78.3499984741211,78.2300033569336,78.31999969482422,85500
2026-05-05 18:40:00+00:00,VALE3.SA,78.31999969482422,78.31999969482422,78.26000213623047,78.29000091552734,40600
2026-05-05 18:45:00+00:00,VALE3.SA,78.29000091552734,78.33999633789062,78.29000091552734,78.31999969482422,65000
2026-05-05 18:50:00+00:00,VALE3.SA,78.33999633789062,78.48999786376953,78.30000305175781,78.4800033569336,213800
2026-05-05 18:55:00+00:00,VALE3.SA,78.48999786376953,78.5,78.37999725341797,78.47000122070312,63200
2026-05-05 19:00:00+00:00,VALE3.SA,78.44000244140625,78.58999633789062,78.43000030517578,78.55000305175781,144300
2026-05-05 19:05:00+00:00,VALE3.SA,78.54000091552734,78.6500015258789,78.54000091552734,78.58000183105469,197400
2026-05-05 19:10:00+00:00,VALE3.SA,78.58000183105469,78.58999633789062,78.48999786376953,78.55000305175781,115700
2026-05-05 19:15:00+00:00,VALE3.SA,78.55999755859375,78.58999633789062,78.47000122070312,78.58999633789062,73500
2026-05-05 19:20:00+00:00,VALE3.SA,78.58000183105469,78.69000244140625,78.56999969482422,78.56999969482422,124900
2026-05-05 19:25:00+00:00,VALE3.SA,78.58000183105469,78.75,78.56999969482422,78.66999816894531,372700
2026-05-05 19:30:00+00:00,VALE3.SA,78.66000366210938,78.80000305175781,78.63999938964844,78.77999877929688,255400
2026-05-05 19:35:00+00:00,VALE3.SA,78.77999877929688,78.77999877929688,78.69999694824219,78.70999908447266,261600
2026-05-05 19:40:00+00:00,VALE3.SA,78.69999694824219,78.70999908447266,78.61000061035156,78.63999938964844,223300
2026-05-05 19:45:00+00:00,VALE3.SA,78.63999938964844,78.66000366210938,78.58000183105469,78.5999984741211,264500
2026-05-05 19:50:00+00:00,VALE3.SA,78.58999633789062,78.5999984741211,78.43000030517578,78.44000244140625,315300
2026-05-06 13:05:00+00:00,VALE3.SA,80.3499984741211,80.37000274658203,80.0999984741211,80.33999633789062,0
2026-05-06 13:10:00+00:00,VALE3.SA,80.30999755859375,80.88999938964844,80.30999755859375,80.87999725341797,781500
2026-05-06 13:15:00+00:00,VALE3.SA,80.87999725341797,80.9800033569336,80.7699966430664,80.86000061035156,209600
2026-05-06 13:20:00+00:00,VALE3.SA,80.86000061035156,80.9000015258789,80.61000061035156,80.62000274658203,395700
2026-05-06 13:25:00+00:00,VALE3.SA,80.62000274658203,81.01000213623047,80.62000274658203,80.9800033569336,428400
2026-05-06 13:30:00+00:00,VALE3.SA,80.93000030517578,81.33999633789062,80.93000030517578,81.25,586700
2026-05-06 13:35:00+00:00,VALE3.SA,81.23999786376953,81.56999969482422,81.0999984741211,81.33000183105469,442900
2026-05-06 13:40:00+00:00,VALE3.SA,81.33000183105469,81.4000015258789,81.16999816894531,81.19000244140625,246000
2026-05-06 13:45:00+00:00,VALE3.SA,81.18000030517578,81.19000244140625,80.80999755859375,80.87000274658203,486400
2026-05-06 13:50:00+00:00,VALE3.SA,80.88999938964844,80.94999694824219,80.75,80.91000366210938,344700
2026-05-06 13:55:00+00:00,VALE3.SA,80.91999816894531,81.05000305175781,80.91000366210938,80.94999694824219,238100
2026-05-06 14:00:00+00:00,VALE3.SA,80.97000122070312,81.18000030517578,80.95999908447266,81.0,273600
2026-05-06 14:05:00+00:00,VALE3.SA,81.0,81.0199966430664,80.83000183105469,80.93000030517578,140200
2026-05-06 14:10:00+00:00,VALE3.SA,80.91000366210938,81.04000091552734,80.83000183105469,81.0199966430664,391000
2026-05-06 14:15:00+00:00,VALE3.SA,81.0199966430664,81.27999877929688,81.0199966430664,81.2699966430664,390300
2026-05-06 14:20:00+00:00,VALE3.SA,81.2699966430664,81.30000305175781,81.12999725341797,81.22000122070312,519500
2026-05-06 14:25:00+00:00,VALE3.SA,81.22000122070312,81.26000213623047,80.80999755859375,80.80999755859375,181200
2026-05-06 14:30:00+00:00,VALE3.SA,80.83999633789062,80.94000244140625,80.80999755859375,80.91000366210938,94300
2026-05-06 14:35:00+00:00,VALE3.SA,80.91999816894531,81.06999969482422,80.91000366210938,81.05999755859375,119500
2026-05-06 14:40:00+00:00,VALE3.SA,81.05999755859375,81.2300033569336,81.05000305175781,81.18000030517578,216200
2026-05-06 14:45:00+00:00,VALE3.SA,81.19999694824219,81.20999908447266,80.91000366210938,80.94999694824219,273400
2026-05-06 14:50:00+00:00,VALE3.SA,80.97000122070312,81.0999984741211,80.9000015258789,80.94000244140625,145400
2026-05-06 14:55:00+00:00,VALE3.SA,80.93000030517578,80.98999786376953,80.86000061035156,80.9000015258789,43100
2026-05-06 15:00:00+00:00,VALE3.SA,80.9000015258789,80.97000122070312,80.83000183105469,80.91000366210938,101200
2026-05-06 15:05:00+00:00,VALE3.SA,80.91000366210938,81.02999877929688,80.8499984741211,81.0199966430664,53400
2026-05-06 15:10:00+00:00,VALE3.SA,81.0199966430664,81.12999725341797,80.95999908447266,81.12999725341797,57900
2026-05-06 15:15:00+00:00,VALE3.SA,81.12000274658203,81.12000274658203,81.02999877929688,81.08000183105469,36500
2026-05-06 15:20:00+00:00,VALE3.SA,81.08000183105469,81.12000274658203,80.91999816894531,80.95999908447266,63200
2026-05-06 15:25:00+00:00,VALE3.SA,80.9800033569336,81.16999816894531,80.95999908447266,81.06999969482422,101400
2026-05-06 15:30:00+00:00,VALE3.SA,81.08000183105469,81.12999725341797,81.0,81.12999725341797,122900
2026-05-06 15:35:00+00:00,VALE3.SA,81.12999725341797,81.2300033569336,81.12000274658203,81.19999694824219,339800
2026-05-06 15:40:00+00:00,VALE3.SA,81.19999694824219,81.27999877929688,81.1500015258789,81.25,278300
2026-05-06 15:45:00+00:00,VALE3.SA,81.22000122070312,81.36000061035156,81.22000122070312,81.30999755859375,233500
2026-05-06 15:50:00+00:00,VALE3.SA,81.33999633789062,81.3499984741211,81.25,81.26000213623047,111700
2026-05-06 15:55:00+00:00,VALE3.SA,81.2699966430664,81.29000091552734,81.1500015258789,81.16999816894531,83400
2026-05-06 16:00:00+00:00,VALE3.SA,81.1500015258789,81.23999786376953,81.12999725341797,81.19000244140625,96800
2026-05-06 16:05:00+00:00,VALE3.SA,81.19000244140625,81.20999908447266,81.13999938964844,81.19999694824219,84000
2026-05-06 16:10:00+00:00,VALE3.SA,81.19000244140625,81.31999969482422,81.19000244140625,81.30999755859375,74500
2026-05-06 16:15:00+00:00,VALE3.SA,81.29000091552734,81.31999969482422,81.2300033569336,81.2699966430664,221300
2026-05-06 16:20:00+00:00,VALE3.SA,81.2699966430664,81.36000061035156,81.26000213623047,81.3499984741211,96300
2026-05-06 16:25:00+00:00,VALE3.SA,81.3499984741211,81.48999786376953,81.3499984741211,81.4800033569336,126000
2026-05-06 16:30:00+00:00,VALE3.SA,81.5,81.5199966430664,81.44999694824219,81.5,142600
2026-05-06 16:35:00+00:00,VALE3.SA,81.5,81.63999938964844,81.48999786376953,81.61000061035156,139100
2026-05-06 16:40:00+00:00,VALE3.SA,81.61000061035156,81.62000274658203,81.4800033569336,81.4800033569336,164100
2026-05-06 16:45:00+00:00,VALE3.SA,81.4800033569336,81.48999786376953,81.41000366210938,81.41000366210938,129100
2026-05-06 16:50:00+00:00,VALE3.SA,81.41000366210938,81.41000366210938,81.12000274658203,81.26000213623047,415800
2026-05-06 16:55:00+00:00,VALE3.SA,81.2699966430664,81.4000015258789,81.23999786376953,81.30999755859375,288200
2026-05-06 17:00:00+00:00,VALE3.SA,81.30999755859375,81.45999908447266,81.30999755859375,81.44000244140625,163800
2026-05-06 17:05:00+00:00,VALE3.SA,81.44999694824219,81.52999877929688,81.44999694824219,81.51000213623047,63000
2026-05-06 17:10:00+00:00,VALE3.SA,81.5,81.51000213623047,81.41999816894531,81.44000244140625,55800
2026-05-06 17:15:00+00:00,VALE3.SA,81.44000244140625,81.51000213623047,81.44000244140625,81.4800033569336,40800
2026-05-06 17:20:00+00:00,VALE3.SA,81.4800033569336,81.51000213623047,81.4000015258789,81.4000015258789,62100
2026-05-06 17:25:00+00:00,VALE3.SA,81.4000015258789,81.45999908447266,81.36000061035156,81.37999725341797,70200
2026-05-06 17:30:00+00:00,VALE3.SA,81.37999725341797,81.37999725341797,81.33000183105469,81.33000183105469,146400
2026-05-06 17:35:00+00:00,VALE3.SA,81.33000183105469,81.36000061035156,81.30999755859375,81.33999633789062,115700
2026-05-06 17:40:00+00:00,VALE3.SA,81.33999633789062,81.33999633789062,81.25,81.31999969482422,131400
2026-05-06 17:45:00+00:00,VALE3.SA,81.30999755859375,81.31999969482422,81.04000091552734,81.05000305175781,135500
2026-05-06 17:50:00+00:00,VALE3.SA,81.05000305175781,81.08000183105469,80.93000030517578,81.04000091552734,201800
2026-05-06 17:55:00+00:00,VALE3.SA,81.02999877929688,81.06999969482422,81.0199966430664,81.02999877929688,68200
2026-05-06 18:00:00+00:00,VALE3.SA,81.04000091552734,81.16000366210938,81.02999877929688,81.05999755859375,280400
2026-05-06 18:05:00+00:00,VALE3.SA,81.06999969482422,81.13999938964844,81.0199966430664,81.13999938964844,66100
2026-05-06 18:10:00+00:00,VALE3.SA,81.12999725341797,81.13999938964844,81.08999633789062,81.0999984741211,107100
2026-05-06 18:15:00+00:00,VALE3.SA,81.12000274658203,81.1500015258789,81.08999633789062,81.0999984741211,56900
2026-05-06 18:20:00+00:00,VALE3.SA,81.0999984741211,81.29000091552734,81.0999984741211,81.2699966430664,104300
2026-05-06 18:25:00+00:00,VALE3.SA,81.26000213623047,81.29000091552734,81.18000030517578,81.19000244140625,69700
2026-05-06 18:30:00+00:00,VALE3.SA,81.19000244140625,81.20999908447266,81.13999938964844,81.13999938964844,66600
2026-05-06 18:35:00+00:00,VALE3.SA,81.1500015258789,81.16999816894531,81.1500015258789,81.16000366210938,34400
2026-05-06 18:40:00+00:00,VALE3.SA,81.16000366210938,81.16000366210938,81.05000305175781,81.12000274658203,67400
2026-05-06 18:45:00+00:00,VALE3.SA,81.12000274658203,81.1500015258789,81.12000274658203,81.12999725341797,43200
2026-05-06 18:50:00+00:00,VALE3.SA,81.12000274658203,81.18000030517578,81.11000061035156,81.1500015258789,84800
2026-05-06 18:55:00+00:00,VALE3.SA,81.1500015258789,81.20999908447266,81.0999984741211,81.19999694824219,105700
2026-05-06 19:00:00+00:00,VALE3.SA,81.19999694824219,81.45999908447266,81.19999694824219,81.41000366210938,307200
2026-05-06 19:05:00+00:00,VALE3.SA,81.41000366210938,81.4800033569336,81.37000274658203,81.47000122070312,141200
2026-05-06 19:10:00+00:00,VALE3.SA,81.45999908447266,81.4800033569336,81.37000274658203,81.37999725341797,159400
2026-05-06 19:15:00+00:00,VALE3.SA,81.37999725341797,81.41999816894531,81.33999633789062,81.41999816894531,114500
2026-05-06 19:20:00+00:00,VALE3.SA,81.41999816894531,81.4800033569336,81.4000015258789,81.44000244140625,122300
2026-05-06 19:25:00+00:00,VALE3.SA,81.44000244140625,81.51000213623047,81.37999725341797,81.37999725341797,181000
2026-05-06 19:30:00+00:00,VALE3.SA,81.38999938964844,81.44000244140625,81.33999633789062,81.37000274658203,158800
2026-05-06 19:35:00+00:00,VALE3.SA,81.37999725341797,81.38999938964844,81.33000183105469,81.37999725341797,125100
2026-05-06 19:40:00+00:00,VALE3.SA,81.37999725341797,81.4000015258789,81.29000091552734,81.36000061035156,264000
2026-05-06 19:45:00+00:00,VALE3.SA,81.36000061035156,81.4000015258789,81.22000122070312,81.26000213623047,388700
2026-05-06 19:50:00+00:00,VALE3.SA,81.2699966430664,81.31999969482422,81.2300033569336,81.2300033569336,242400
2026-05-07 13:00:00+00:00,VALE3.SA,81.29000091552734,81.30999755859375,81.04000091552734,81.1500015258789,0
2026-05-07 13:05:00+00:00,VALE3.SA,81.12999725341797,81.66000366210938,81.05999755859375,81.62999725341797,208800
2026-05-07 13:10:00+00:00,VALE3.SA,81.63999938964844,81.66999816894531,81.19999694824219,81.23999786376953,158300
2026-05-07 13:15:00+00:00,VALE3.SA,81.26000213623047,81.30000305175781,81.0999984741211,81.18000030517578,84400
2026-05-07 13:20:00+00:00,VALE3.SA,81.19999694824219,81.37999725341797,81.11000061035156,81.16999816894531,116900
2026-05-07 13:25:00+00:00,VALE3.SA,81.1500015258789,81.22000122070312,81.0999984741211,81.20999908447266,61500
2026-05-07 13:30:00+00:00,VALE3.SA,81.20999908447266,81.20999908447266,80.76000213623047,80.8499984741211,313700
2026-05-07 13:35:00+00:00,VALE3.SA,80.80999755859375,80.83000183105469,80.58999633789062,80.70999908447266,257100
2026-05-07 13:40:00+00:00,VALE3.SA,80.69999694824219,80.72000122070312,80.45999908447266,80.5199966430664,215400
2026-05-07 13:45:00+00:00,VALE3.SA,80.4800033569336,80.5199966430664,80.30000305175781,80.37000274658203,264300
2026-05-07 13:50:00+00:00,VALE3.SA,80.36000061035156,80.44000244140625,80.2300033569336,80.33999633789062,422900
2026-05-07 13:55:00+00:00,VALE3.SA,80.3499984741211,80.51000213623047,80.27999877929688,80.30000305175781,386300
2026-05-07 14:00:00+00:00,VALE3.SA,80.31999969482422,80.38999938964844,80.13999938964844,80.25,110100
2026-05-07 14:05:00+00:00,VALE3.SA,80.19999694824219,80.43000030517578,80.18000030517578,80.19999694824219,380400
2026-05-07 14:10:00+00:00,VALE3.SA,80.19000244140625,80.44999694824219,80.19000244140625,80.4000015258789,103900
2026-05-07 14:15:00+00:00,VALE3.SA,80.37999725341797,80.47000122070312,80.30999755859375,80.43000030517578,101000
2026-05-07 14:20:00+00:00,VALE3.SA,80.41000366210938,80.41000366210938,80.2300033569336,80.27999877929688,73200
2026-05-07 14:25:00+00:00,VALE3.SA,80.2699966430664,80.29000091552734,80.19999694824219,80.22000122070312,58200
2026-05-07 14:30:00+00:00,VALE3.SA,80.22000122070312,80.31999969482422,80.19999694824219,80.29000091552734,89300
2026-05-07 14:35:00+00:00,VALE3.SA,80.27999877929688,80.36000061035156,80.20999908447266,80.23999786376953,131200
2026-05-07 14:40:00+00:00,VALE3.SA,80.2300033569336,80.30999755859375,80.19000244140625,80.19000244140625,95200
2026-05-07 14:45:00+00:00,VALE3.SA,80.19999694824219,80.44999694824219,80.19000244140625,80.44999694824219,157900
2026-05-07 14:50:00+00:00,VALE3.SA,80.44999694824219,80.58000183105469,80.43000030517578,80.45999908447266,103800
2026-05-07 14:55:00+00:00,VALE3.SA,80.45999908447266,80.5199966430664,80.44000244140625,80.45999908447266,83200
2026-05-07 15:00:00+00:00,VALE3.SA,80.44000244140625,80.4800033569336,80.30999755859375,80.47000122070312,47600
2026-05-07 15:05:00+00:00,VALE3.SA,80.44999694824219,80.58000183105469,80.44999694824219,80.58000183105469,223900
2026-05-07 15:10:00+00:00,VALE3.SA,80.58000183105469,80.66000366210938,80.55000305175781,80.62999725341797,61400
2026-05-07 15:15:00+00:00,VALE3.SA,80.58000183105469,81.2300033569336,80.56999969482422,80.68000030517578,217100
2026-05-07 15:20:00+00:00,VALE3.SA,80.66000366210938,80.66000366210938,80.51000213623047,80.58999633789062,169500
2026-05-07 15:25:00+00:00,VALE3.SA,80.58999633789062,80.58999633789062,80.44000244140625,80.54000091552734,145600
2026-05-07 15:30:00+00:00,VALE3.SA,80.54000091552734,80.62000274658203,80.5,80.54000091552734,43100
2026-05-07 15:35:00+00:00,VALE3.SA,80.52999877929688,80.52999877929688,80.33000183105469,80.3499984741211,112300
2026-05-07 15:40:00+00:00,VALE3.SA,80.3499984741211,80.48999786376953,80.33000183105469,80.4000015258789,45700
2026-05-07 15:45:00+00:00,VALE3.SA,80.38999938964844,80.41999816894531,80.26000213623047,80.29000091552734,280400
2026-05-07 15:50:00+00:00,VALE3.SA,80.29000091552734,80.29000091552734,80.16999816894531,80.23999786376953,68100
2026-05-07 15:55:00+00:00,VALE3.SA,80.23999786376953,80.25,80.12999725341797,80.12999725341797,86200
2026-05-07 16:00:00+00:00,VALE3.SA,80.13999938964844,80.25,80.08999633789062,80.2300033569336,161300
2026-05-07 16:05:00+00:00,VALE3.SA,80.19000244140625,80.27999877929688,80.19000244140625,80.2699966430664,153300
2026-05-07 16:10:00+00:00,VALE3.SA,80.26000213623047,80.38999938964844,80.26000213623047,80.37999725341797,118900
2026-05-07 16:15:00+00:00,VALE3.SA,80.3499984741211,80.3499984741211,80.29000091552734,80.29000091552734,187200
2026-05-07 16:20:00+00:00,VALE3.SA,80.29000091552734,80.36000061035156,80.22000122070312,80.26000213623047,168900
2026-05-07 16:25:00+00:00,VALE3.SA,80.25,80.38999938964844,80.22000122070312,80.2699966430664,88700
2026-05-07 16:30:00+00:00,VALE3.SA,80.2699966430664,80.30000305175781,80.19000244140625,80.2300033569336,279200
2026-05-07 16:35:00+00:00,VALE3.SA,80.2300033569336,80.26000213623047,80.08000183105469,80.0999984741211,216900
2026-05-07 16:40:00+00:00,VALE3.SA,80.0999984741211,80.1500015258789,80.0199966430664,80.12999725341797,278100
2026-05-07 16:45:00+00:00,VALE3.SA,80.12000274658203,80.19999694824219,80.12000274658203,80.1500015258789,103200
2026-05-07 16:50:00+00:00,VALE3.SA,80.12999725341797,80.19999694824219,80.08000183105469,80.18000030517578,113500
2026-05-07 16:55:00+00:00,VALE3.SA,80.19000244140625,80.2300033569336,80.08999633789062,80.16000366210938,124700
2026-05-07 17:00:00+00:00,VALE3.SA,80.16000366210938,80.16000366210938,80.08000183105469,80.13999938964844,221300
2026-05-07 17:05:00+00:00,VALE3.SA,80.13999938964844,80.29000091552734,80.11000061035156,80.12000274658203,129800
2026-05-07 17:10:00+00:00,VALE3.SA,80.12000274658203,80.12999725341797,79.95999908447266,80.01000213623047,196000
2026-05-07 17:15:00+00:00,VALE3.SA,80.01000213623047,80.08000183105469,79.98999786376953,80.01000213623047,154400
2026-05-07 17:20:00+00:00,VALE3.SA,80.0,80.1500015258789,80.0,80.08000183105469,188200
2026-05-07 17:25:00+00:00,VALE3.SA,80.06999969482422,80.11000061035156,79.5999984741211,79.66999816894531,518000
2026-05-07 17:30:00+00:00,VALE3.SA,79.66000366210938,79.86000061035156,79.6500015258789,79.81999969482422,158700
2026-05-07 17:35:00+00:00,VALE3.SA,79.80000305175781,79.8499984741211,79.7300033569336,79.79000091552734,147700
2026-05-07 17:40:00+00:00,VALE3.SA,79.79000091552734,79.86000061035156,79.75,79.80000305175781,127700
2026-05-07 17:45:00+00:00,VALE3.SA,79.7699966430664,79.87999725341797,79.76000213623047,79.86000061035156,147600
2026-05-07 17:50:00+00:00,VALE3.SA,79.83000183105469,79.94999694824219,79.80999755859375,79.88999938964844,223200
2026-05-07 17:55:00+00:00,VALE3.SA,79.91999816894531,80.12999725341797,79.88999938964844,80.12999725341797,237000
2026-05-07 18:00:00+00:00,VALE3.SA,80.11000061035156,80.12999725341797,79.98999786376953,80.01000213623047,172200
2026-05-07 18:05:00+00:00,VALE3.SA,80.0199966430664,80.12999725341797,80.0199966430664,80.05999755859375,138100
2026-05-07 18:10:00+00:00,VALE3.SA,80.05000305175781,80.0999984741211,80.0199966430664,80.08999633789062,163000
2026-05-07 18:15:00+00:00,VALE3.SA,80.05999755859375,80.11000061035156,80.04000091552734,80.08000183105469,80600
2026-05-07 18:20:00+00:00,VALE3.SA,80.08000183105469,80.19999694824219,80.0,80.12999725341797,226100
2026-05-07 18:25:00+00:00,VALE3.SA,80.11000061035156,80.20999908447266,80.11000061035156,80.13999938964844,178300
2026-05-07 18:30:00+00:00,VALE3.SA,80.12999725341797,80.30999755859375,80.12999725341797,80.2300033569336,108700
2026-05-07 18:35:00+00:00,VALE3.SA,80.2300033569336,80.26000213623047,80.05000305175781,80.16999816894531,320300
2026-05-07 18:40:00+00:00,VALE3.SA,80.16999816894531,80.19000244140625,79.91000366210938,79.94999694824219,150400
2026-05-07 18:45:00+00:00,VALE3.SA,79.94999694824219,80.0199966430664,79.87000274658203,79.87999725341797,126100
2026-05-07 18:50:00+00:00,VALE3.SA,79.87999725341797,79.93000030517578,79.79000091552734,79.93000030517578,161000
2026-05-07 18:55:00+00:00,VALE3.SA,79.93000030517578,80.05000305175781,79.9000015258789,79.98999786376953,155100
2026-05-07 19:00:00+00:00,VALE3.SA,80.0,80.02999877929688,79.77999877929688,79.87000274658203,213400
2026-05-07 19:05:00+00:00,VALE3.SA,79.87000274658203,79.91999816894531,79.80999755859375,79.80999755859375,163400
2026-05-07 19:10:00+00:00,VALE3.SA,79.80999755859375,79.97000122070312,79.79000091552734,79.94999694824219,158700
2026-05-07 19:15:00+00:00,VALE3.SA,79.94999694824219,80.01000213623047,79.88999938964844,79.94999694824219,108900
2026-05-07 19:20:00+00:00,VALE3.SA,79.94000244140625,80.06999969482422,79.9000015258789,79.91999816894531,229100
2026-05-07 19:25:00+00:00,VALE3.SA,79.91000366210938,80.05999755859375,79.87000274658203,80.04000091552734,198800
2026-05-07 19:30:00+00:00,VALE3.SA,80.05000305175781,80.13999938964844,80.02999877929688,80.05999755859375,317600
2026-05-07 19:35:00+00:00,VALE3.SA,80.06999969482422,80.18000030517578,80.05000305175781,80.13999938964844,283900
2026-05-07 19:40:00+00:00,VALE3.SA,80.13999938964844,80.16999816894531,80.06999969482422,80.08000183105469,225300
2026-05-07 19:45:00+00:00,VALE3.SA,80.08000183105469,80.13999938964844,80.05000305175781,80.05000305175781,307300
2026-05-07 19:50:00+00:00,VALE3.SA,80.06999969482422,80.08000183105469,79.88999938964844,79.95999908447266,703800
2026-05-08 13:05:00+00:00,VALE3.SA,80.56999969482422,80.7699966430664,80.36000061035156,80.72000122070312,56000
2026-05-08 13:10:00+00:00,VALE3.SA,80.72000122070312,81.05999755859375,80.6500015258789,80.95999908447266,216100
2026-05-08 13:15:00+00:00,VALE3.SA,80.95999908447266,81.0999984741211,80.91000366210938,81.0199966430664,98900
2026-05-08 13:20:00+00:00,VALE3.SA,81.0,81.05000305175781,80.83999633789062,80.91000366210938,86800
2026-05-08 13:25:00+00:00,VALE3.SA,80.87999725341797,80.9000015258789,80.68000030517578,80.80000305175781,203700
2026-05-08 13:30:00+00:00,VALE3.SA,80.80000305175781,81.01000213623047,80.75,80.91999816894531,391400
2026-05-08 13:35:00+00:00,VALE3.SA,80.9000015258789,81.16999816894531,80.80999755859375,80.95999908447266,257300
2026-05-08 13:40:00+00:00,VALE3.SA,80.9800033569336,81.04000091552734,80.7300033569336,80.91999816894531,207800
2026-05-08 13:45:00+00:00,VALE3.SA,80.93000030517578,81.18000030517578,80.83000183105469,81.18000030517578,279900
2026-05-08 13:50:00+00:00,VALE3.SA,81.16000366210938,81.33000183105469,81.08999633789062,81.12999725341797,244800
2026-05-08 13:55:00+00:00,VALE3.SA,81.12999725341797,81.16999816894531,81.02999877929688,81.1500015258789,120500
2026-05-08 14:00:00+00:00,VALE3.SA,81.1500015258789,81.27999877929688,81.01000213623047,81.19999694824219,197700
2026-05-08 14:05:00+00:00,VALE3.SA,81.19999694824219,81.27999877929688,80.88999938964844,80.9000015258789,277700
2026-05-08 14:10:00+00:00,VALE3.SA,80.9000015258789,80.94999694824219,80.75,80.80000305175781,321400
2026-05-08 14:15:00+00:00,VALE3.SA,80.80000305175781,80.9800033569336,80.76000213623047,80.88999938964844,155100
2026-05-08 14:20:00+00:00,VALE3.SA,80.88999938964844,80.91000366210938,80.75,80.7699966430664,68000
2026-05-08 14:25:00+00:00,VALE3.SA,80.75,80.91000366210938,80.73999786376953,80.83999633789062,100500
2026-05-08 14:30:00+00:00,VALE3.SA,80.80999755859375,80.91999816894531,80.79000091552734,80.83000183105469,94400
2026-05-08 14:35:00+00:00,VALE3.SA,80.81999969482422,80.98999786376953,80.77999877929688,80.9800033569336,85800
2026-05-08 14:40:00+00:00,VALE3.SA,80.94999694824219,81.04000091552734,80.93000030517578,81.02999877929688,111000
2026-05-08 14:45:00+00:00,VALE3.SA,81.01000213623047,81.16999816894531,81.01000213623047,81.06999969482422,68800
2026-05-08 14:50:00+00:00,VALE3.SA,81.06999969482422,81.13999938964844,80.93000030517578,80.95999908447266,57900
2026-05-08 14:55:00+00:00,VALE3.SA,80.94000244140625,81.0,80.88999938964844,80.9800033569336,44300
2026-05-08 15:00:00+00:00,VALE3.SA,80.95999908447266,81.02999877929688,80.81999969482422,80.8499984741211,69400
2026-05-08 15:05:00+00:00,VALE3.SA,80.81999969482422,81.0,80.81999969482422,80.87000274658203,56100
2026-05-08 15:10:00+00:00,VALE3.SA,80.87000274658203,80.87999725341797,80.5999984741211,80.5999984741211,344000
2026-05-08 15:15:00+00:00,VALE3.SA,80.5999984741211,80.73999786376953,80.5999984741211,80.66000366210938,185900
2026-05-08 15:20:00+00:00,VALE3.SA,80.68000030517578,80.80999755859375,80.68000030517578,80.73999786376953,40900
2026-05-08 15:25:00+00:00,VALE3.SA,80.70999908447266,80.79000091552734,80.68000030517578,80.7699966430664,42400
2026-05-08 15:30:00+00:00,VALE3.SA,80.73999786376953,80.87000274658203,80.68000030517578,80.87000274658203,115600
2026-05-08 15:35:00+00:00,VALE3.SA,80.8499984741211,80.87999725341797,80.76000213623047,80.79000091552734,28900
2026-05-08 15:40:00+00:00,VALE3.SA,80.76000213623047,80.79000091552734,80.63999938964844,80.69999694824219,139100
2026-05-08 15:45:00+00:00,VALE3.SA,80.69999694824219,80.80000305175781,80.69999694824219,80.79000091552734,39900
2026-05-08 15:50:00+00:00,VALE3.SA,80.77999877929688,80.79000091552734,80.70999908447266,80.7300033569336,43100
2026-05-08 15:55:00+00:00,VALE3.SA,80.76000213623047,80.79000091552734,80.72000122070312,80.7699966430664,50100
2026-05-08 16:00:00+00:00,VALE3.SA,80.77999877929688,81.04000091552734,80.75,80.9800033569336,3125500
2026-05-08 16:05:00+00:00,VALE3.SA,80.97000122070312,81.04000091552734,80.83999633789062,80.9000015258789,57700
2026-05-08 16:10:00+00:00,VALE3.SA,80.88999938964844,80.94000244140625,80.8499984741211,80.88999938964844,28400
2026-05-08 16:15:00+00:00,VALE3.SA,80.87999725341797,80.91000366210938,80.81999969482422,80.86000061035156,28200
2026-05-08 16:20:00+00:00,VALE3.SA,80.86000061035156,80.93000030517578,80.83999633789062,80.91999816894531,33100
2026-05-08 16:25:00+00:00,VALE3.SA,80.91999816894531,81.12000274658203,80.91999816894531,81.11000061035156,528900
2026-05-08 16:30:00+00:00,VALE3.SA,81.11000061035156,81.12000274658203,81.0,81.02999877929688,31900
2026-05-08 16:35:00+00:00,VALE3.SA,81.0199966430664,81.1500015258789,81.01000213623047,81.08000183105469,96800
2026-05-08 16:40:00+00:00,VALE3.SA,81.11000061035156,81.19000244140625,81.0999984741211,81.18000030517578,107900
2026-05-08 16:45:00+00:00,VALE3.SA,81.18000030517578,81.23999786376953,81.12999725341797,81.13999938964844,85200
2026-05-08 16:50:00+00:00,VALE3.SA,81.12999725341797,81.20999908447266,81.0999984741211,81.19999694824219,53800
2026-05-08 16:55:00+00:00,VALE3.SA,81.19999694824219,81.20999908447266,81.11000061035156,81.13999938964844,33500
2026-05-08 17:00:00+00:00,VALE3.SA,81.13999938964844,81.19999694824219,81.12999725341797,81.18000030517578,46000
2026-05-08 17:05:00+00:00,VALE3.SA,81.16999816894531,81.20999908447266,81.04000091552734,81.05999755859375,57900
2026-05-08 17:10:00+00:00,VALE3.SA,81.08999633789062,81.13999938964844,81.08000183105469,81.0999984741211,20400
2026-05-08 17:15:00+00:00,VALE3.SA,81.12000274658203,81.2699966430664,81.12000274658203,81.22000122070312,395100
2026-05-08 17:20:00+00:00,VALE3.SA,81.2300033569336,81.3499984741211,81.2300033569336,81.30000305175781,95900
2026-05-08 17:25:00+00:00,VALE3.SA,81.30999755859375,81.33999633789062,81.2699966430664,81.27999877929688,48300
2026-05-08 17:30:00+00:00,VALE3.SA,81.27999877929688,81.44999694824219,81.26000213623047,81.41999816894531,291100
2026-05-08 17:35:00+00:00,VALE3.SA,81.43000030517578,81.4800033569336,81.30999755859375,81.4000015258789,149400
2026-05-08 17:40:00+00:00,VALE3.SA,81.41000366210938,81.51000213623047,81.4000015258789,81.4800033569336,170000
2026-05-08 17:45:00+00:00,VALE3.SA,81.5,81.58000183105469,81.4800033569336,81.58000183105469,118300
2026-05-08 17:50:00+00:00,VALE3.SA,81.55000305175781,81.58000183105469,81.51000213623047,81.51000213623047,61500
2026-05-08 17:55:00+00:00,VALE3.SA,81.5199966430664,81.58000183105469,81.5,81.56999969482422,59700
2026-05-08 18:00:00+00:00,VALE3.SA,81.58000183105469,81.70999908447266,81.4800033569336,81.6500015258789,432800
2026-05-08 18:05:00+00:00,VALE3.SA,81.66000366210938,81.69999694824219,81.63999938964844,81.69000244140625,52500
2026-05-08 18:10:00+00:00,VALE3.SA,81.69000244140625,81.73999786376953,81.62999725341797,81.69000244140625,140900
2026-05-08 18:15:00+00:00,VALE3.SA,81.69000244140625,81.72000122070312,81.62000274658203,81.6500015258789,269200
2026-05-08 18:20:00+00:00,VALE3.SA,81.6500015258789,81.6500015258789,81.54000091552734,81.55999755859375,100900
2026-05-08 18:25:00+00:00,VALE3.SA,81.55000305175781,81.66999816894531,81.55000305175781,81.62000274658203,85500
2026-05-08 18:30:00+00:00,VALE3.SA,81.61000061035156,81.70999908447266,81.5999984741211,81.68000030517578,253300
2026-05-08 18:35:00+00:00,VALE3.SA,81.66000366210938,81.72000122070312,81.6500015258789,81.69999694824219,75400
2026-05-08 18:40:00+00:00,VALE3.SA,81.69999694824219,81.72000122070312,81.58999633789062,81.58999633789062,87900
2026-05-08 18:45:00+00:00,VALE3.SA,81.58999633789062,81.69000244140625,81.51000213623047,81.66999816894531,292900
2026-05-08 18:50:00+00:00,VALE3.SA,81.66000366210938,81.79000091552734,81.62999725341797,81.6500015258789,424500
2026-05-08 18:55:00+00:00,VALE3.SA,81.63999938964844,81.6500015258789,81.4800033569336,81.51000213623047,230200
2026-05-08 19:00:00+00:00,VALE3.SA,81.5199966430664,81.5999984741211,81.4800033569336,81.56999969482422,3231000
2026-05-08 19:05:00+00:00,VALE3.SA,81.55999755859375,81.61000061035156,81.4800033569336,81.52999877929688,219200
2026-05-08 19:10:00+00:00,VALE3.SA,81.52999877929688,81.54000091552734,81.41000366210938,81.44999694824219,226500
2026-05-08 19:15:00+00:00,VALE3.SA,81.44999694824219,81.5199966430664,81.41999816894531,81.51000213623047,266700
2026-05-08 19:20:00+00:00,VALE3.SA,81.5,81.58000183105469,81.4800033569336,81.56999969482422,103800
2026-05-08 19:25:00+00:00,VALE3.SA,81.56999969482422,81.5999984741211,81.47000122070312,81.4800033569336,133200
2026-05-08 19:30:00+00:00,VALE3.SA,81.47000122070312,81.55000305175781,81.44999694824219,81.54000091552734,226700
2026-05-08 19:35:00+00:00,VALE3.SA,81.54000091552734,81.5999984741211,81.51000213623047,81.58000183105469,144800
2026-05-08 19:40:00+00:00,VALE3.SA,81.56999969482422,81.61000061035156,81.54000091552734,81.55999755859375,124500
2026-05-08 19:45:00+00:00,VALE3.SA,81.55999755859375,81.58000183105469,81.51000213623047,81.54000091552734,143000
2026-05-08 19:50:00+00:00,VALE3.SA,81.55000305175781,81.56999969482422,81.5,81.56999969482422,184400
2026-05-11 13:00:00+00:00,VALE3.SA,81.38999938964844,81.44999694824219,81.19000244140625,81.30000305175781,0
2026-05-11 13:05:00+00:00,VALE3.SA,81.33999633789062,81.9000015258789,81.31999969482422,81.73999786376953,0
2026-05-11 13:10:00+00:00,VALE3.SA,81.73999786376953,81.97000122070312,81.6500015258789,81.86000061035156,445300
2026-05-11 13:15:00+00:00,VALE3.SA,81.8499984741211,82.31999969482422,81.83999633789062,82.31999969482422,145700
2026-05-11 13:20:00+00:00,VALE3.SA,82.30000305175781,82.47000122070312,82.20999908447266,82.33999633789062,206300
2026-05-11 13:25:00+00:00,VALE3.SA,82.33000183105469,82.43000030517578,82.33000183105469,82.33999633789062,82200
2026-05-11 13:30:00+00:00,VALE3.SA,82.3499984741211,82.9000015258789,82.3499984741211,82.68000030517578,707200
2026-05-11 13:35:00+00:00,VALE3.SA,82.66999816894531,83.0,82.66999816894531,82.80999755859375,506100
2026-05-11 13:40:00+00:00,VALE3.SA,82.80999755859375,83.08999633789062,82.77999877929688,83.04000091552734,575700
2026-05-11 13:45:00+00:00,VALE3.SA,83.04000091552734,83.04000091552734,82.68000030517578,82.69999694824219,302100
2026-05-11 13:50:00+00:00,VALE3.SA,82.69999694824219,82.70999908447266,82.52999877929688,82.54000091552734,229400
2026-05-11 13:55:00+00:00,VALE3.SA,82.54000091552734,82.62000274658203,82.4000015258789,82.41000366210938,186600
2026-05-11 14:00:00+00:00,VALE3.SA,82.4000015258789,82.43000030517578,82.12999725341797,82.19000244140625,718200
2026-05-11 14:05:00+00:00,VALE3.SA,82.16999816894531,82.2300033569336,81.91000366210938,81.93000030517578,281900
2026-05-11 14:10:00+00:00,VALE3.SA,81.94999694824219,82.27999877929688,81.88999938964844,82.25,269100
2026-05-11 14:15:00+00:00,VALE3.SA,82.26000213623047,82.44000244140625,82.20999908447266,82.37000274658203,403000
2026-05-11 14:20:00+00:00,VALE3.SA,82.37999725341797,82.41000366210938,82.25,82.33000183105469,138700
2026-05-11 14:25:00+00:00,VALE3.SA,82.31999969482422,82.36000061035156,82.18000030517578,82.20999908447266,202400
2026-05-11 14:30:00+00:00,VALE3.SA,82.20999908447266,82.23999786376953,81.93000030517578,82.16999816894531,432400
2026-05-11 14:35:00+00:00,VALE3.SA,82.16000366210938,82.20999908447266,82.04000091552734,82.13999938964844,80000
2026-05-11 14:40:00+00:00,VALE3.SA,82.1500015258789,82.26000213623047,82.12000274658203,82.23999786376953,89200
2026-05-11 14:45:00+00:00,VALE3.SA,82.25,82.4000015258789,82.18000030517578,82.30999755859375,287900
2026-05-11 14:50:00+00:00,VALE3.SA,82.31999969482422,82.94999694824219,82.31999969482422,82.94999694824219,409600
2026-05-11 14:55:00+00:00,VALE3.SA,82.91999816894531,82.94999694824219,82.72000122070312,82.80000305175781,303700
2026-05-11 15:00:00+00:00,VALE3.SA,82.80000305175781,82.94000244140625,82.77999877929688,82.91999816894531,317600
2026-05-11 15:05:00+00:00,VALE3.SA,82.93000030517578,83.20999908447266,82.87000274658203,83.18000030517578,1135800
2026-05-11 15:10:00+00:00,VALE3.SA,83.18000030517578,83.25,83.02999877929688,83.06999969482422,257000
2026-05-11 15:15:00+00:00,VALE3.SA,83.08000183105469,83.3499984741211,83.08000183105469,83.23999786376953,404900
2026-05-11 15:20:00+00:00,VALE3.SA,83.25,83.56999969482422,83.25,83.45999908447266,315500
2026-05-11 15:25:00+00:00,VALE3.SA,83.44999694824219,83.91999816894531,83.41999816894531,83.86000061035156,2812000
2026-05-11 15:30:00+00:00,VALE3.SA,83.86000061035156,83.93000030517578,83.69000244140625,83.7300033569336,464400
2026-05-11 15:35:00+00:00,VALE3.SA,83.7300033569336,83.83000183105469,83.72000122070312,83.76000213623047,132100
2026-05-11 15:40:00+00:00,VALE3.SA,83.75,83.77999877929688,83.5,83.55999755859375,395200
2026-05-11 15:45:00+00:00,VALE3.SA,83.55999755859375,83.69000244140625,83.4000015258789,83.6500015258789,650500
2026-05-11 15:50:00+00:00,VALE3.SA,83.6500015258789,83.81999969482422,83.61000061035156,83.79000091552734,189700
2026-05-11 15:55:00+00:00,VALE3.SA,83.79000091552734,83.80999755859375,83.7300033569336,83.80000305175781,104600
2026-05-11 16:00:00+00:00,VALE3.SA,83.80999755859375,83.9000015258789,83.72000122070312,83.7699966430664,276600
2026-05-11 16:05:00+00:00,VALE3.SA,83.7699966430664,83.77999877929688,83.66000366210938,83.70999908447266,170000
2026-05-11 16:10:00+00:00,VALE3.SA,83.70999908447266,83.76000213623047,83.66999816894531,83.72000122070312,61200
2026-05-11 16:15:00+00:00,VALE3.SA,83.7300033569336,83.77999877929688,83.68000030517578,83.72000122070312,334400
2026-05-11 16:20:00+00:00,VALE3.SA,83.70999908447266,83.7300033569336,83.62999725341797,83.72000122070312,95600
2026-05-11 16:25:00+00:00,VALE3.SA,83.70999908447266,83.7300033569336,83.58999633789062,83.62000274658203,266600
2026-05-11 16:30:00+00:00,VALE3.SA,83.62000274658203,83.72000122070312,83.56999969482422,83.5999984741211,283300
2026-05-11 16:35:00+00:00,VALE3.SA,83.56999969482422,83.61000061035156,83.43000030517578,83.45999908447266,396500
2026-05-11 16:40:00+00:00,VALE3.SA,83.45999908447266,83.54000091552734,83.33000183105469,83.41999816894531,202400
2026-05-11 16:45:00+00:00,VALE3.SA,83.41000366210938,83.55000305175781,83.4000015258789,83.48999786376953,332100
2026-05-11 16:50:00+00:00,VALE3.SA,83.48999786376953,83.52999877929688,83.41000366210938,83.5199966430664,78600
2026-05-11 16:55:00+00:00,VALE3.SA,83.5199966430664,83.62000274658203,83.5,83.61000061035156,114800
2026-05-11 17:00:00+00:00,VALE3.SA,83.58999633789062,83.61000061035156,83.48999786376953,83.55999755859375,118500
2026-05-11 17:05:00+00:00,VALE3.SA,83.55000305175781,83.5999984741211,83.51000213623047,83.51000213623047,101700
2026-05-11 17:10:00+00:00,VALE3.SA,83.51000213623047,83.6500015258789,83.43000030517578,83.62000274658203,288000
2026-05-11 17:15:00+00:00,VALE3.SA,83.62000274658203,83.77999877929688,83.58000183105469,83.69000244140625,198900
2026-05-11 17:20:00+00:00,VALE3.SA,83.66000366210938,83.72000122070312,83.66000366210938,83.66999816894531,56000
2026-05-11 17:25:00+00:00,VALE3.SA,83.66999816894531,83.72000122070312,83.66999816894531,83.72000122070312,97700
2026-05-11 17:30:00+00:00,VALE3.SA,83.72000122070312,83.7699966430664,83.69999694824219,83.7300033569336,82400
2026-05-11 17:35:00+00:00,VALE3.SA,83.7300033569336,83.79000091552734,83.66000366210938,83.66000366210938,483500
2026-05-11 17:40:00+00:00,VALE3.SA,83.66000366210938,83.70999908447266,83.6500015258789,83.66000366210938,91200
2026-05-11 17:45:00+00:00,VALE3.SA,83.66000366210938,83.7300033569336,83.5999984741211,83.66999816894531,184600
2026-05-11 17:50:00+00:00,VALE3.SA,83.66999816894531,83.66999816894531,83.58000183105469,83.58999633789062,151400
2026-05-11 17:55:00+00:00,VALE3.SA,83.5999984741211,83.69999694824219,83.58000183105469,83.66000366210938,56800
2026-05-11 18:00:00+00:00,VALE3.SA,83.66999816894531,83.7300033569336,83.58000183105469,83.5999984741211,89700
2026-05-11 18:05:00+00:00,VALE3.SA,83.5999984741211,83.6500015258789,83.56999969482422,83.62000274658203,55400
2026-05-11 18:10:00+00:00,VALE3.SA,83.62999725341797,83.62999725341797,83.38999938964844,83.44000244140625,160500
2026-05-11 18:15:00+00:00,VALE3.SA,83.41999816894531,83.44999694824219,83.3499984741211,83.37000274658203,75400
2026-05-11 18:20:00+00:00,VALE3.SA,83.37000274658203,83.44000244140625,83.30000305175781,83.41000366210938,290300
2026-05-11 18:25:00+00:00,VALE3.SA,83.4000015258789,83.5199966430664,83.36000061035156,83.48999786376953,182800
2026-05-11 18:30:00+00:00,VALE3.SA,83.4800033569336,83.5999984741211,83.44999694824219,83.51000213623047,128000
2026-05-11 18:35:00+00:00,VALE3.SA,83.51000213623047,83.55000305175781,83.47000122070312,83.51000213623047,65300
2026-05-11 18:40:00+00:00,VALE3.SA,83.5199966430664,83.83000183105469,83.51000213623047,83.79000091552734,216500
2026-05-11 18:45:00+00:00,VALE3.SA,83.79000091552734,83.8499984741211,83.73999786376953,83.77999877929688,589700
2026-05-11 18:50:00+00:00,VALE3.SA,83.77999877929688,83.83000183105469,83.77999877929688,83.80999755859375,176500
2026-05-11 18:55:00+00:00,VALE3.SA,83.80999755859375,83.87000274658203,83.77999877929688,83.79000091552734,464300
2026-05-11 19:00:00+00:00,VALE3.SA,83.77999877929688,83.8499984741211,83.77999877929688,83.77999877929688,162700
2026-05-11 19:05:00+00:00,VALE3.SA,83.77999877929688,83.8499984741211,83.77999877929688,83.79000091552734,144100
2026-05-11 19:10:00+00:00,VALE3.SA,83.79000091552734,83.80000305175781,83.6500015258789,83.68000030517578,294900
2026-05-11 19:15:00+00:00,VALE3.SA,83.69000244140625,83.69999694824219,83.63999938964844,83.6500015258789,92800
2026-05-11 19:20:00+00:00,VALE3.SA,83.63999938964844,83.6500015258789,83.52999877929688,83.54000091552734,340300
2026-05-11 19:25:00+00:00,VALE3.SA,83.55000305175781,83.55999755859375,83.44999694824219,83.5,354300
2026-05-11 19:30:00+00:00,VALE3.SA,83.5,83.66000366210938,83.4800033569336,83.62999725341797,310000
2026-05-11 19:35:00+00:00,VALE3.SA,83.63999938964844,83.72000122070312,83.5999984741211,83.68000030517578,163200
2026-05-11 19:40:00+00:00,VALE3.SA,83.68000030517578,83.70999908447266,83.61000061035156,83.6500015258789,186700
2026-05-11 19:45:00+00:00,VALE3.SA,83.6500015258789,83.66000366210938,83.56999969482422,83.58999633789062,205300
2026-05-11 19:50:00+00:00,VALE3.SA,83.58999633789062,83.6500015258789,83.55999755859375,83.62000274658203,233400
2026-05-12 13:00:00+00:00,VALE3.SA,83.1500015258789,83.37000274658203,83.01000213623047,83.33999633789062,0
2026-05-12 13:05:00+00:00,VALE3.SA,83.31999969482422,83.37999725341797,83.01000213623047,83.0999984741211,111800
2026-05-12 13:10:00+00:00,VALE3.SA,83.08000183105469,83.16000366210938,82.95999908447266,83.04000091552734,67300
2026-05-12 13:15:00+00:00,VALE3.SA,83.0199966430664,83.08999633789062,82.62000274658203,82.70999908447266,170600
2026-05-12 13:20:00+00:00,VALE3.SA,82.70999908447266,82.83999633789062,82.62000274658203,82.70999908447266,124200
2026-05-12 13:25:00+00:00,VALE3.SA,82.73999786376953,82.73999786376953,82.23999786376953,82.4000015258789,154800
2026-05-12 13:30:00+00:00,VALE3.SA,82.37000274658203,82.73999786376953,82.25,82.55999755859375,328900
2026-05-12 13:35:00+00:00,VALE3.SA,82.52999877929688,83.05000305175781,82.45999908447266,83.0199966430664,426800
2026-05-12 13:40:00+00:00,VALE3.SA,83.0199966430664,83.05999755859375,82.75,82.80000305175781,125000
2026-05-12 13:45:00+00:00,VALE3.SA,82.80999755859375,82.94000244140625,82.70999908447266,82.88999938964844,98800
2026-05-12 13:50:00+00:00,VALE3.SA,82.88999938964844,83.08999633789062,82.83000183105469,83.0,151700
2026-05-12 13:55:00+00:00,VALE3.SA,82.9800033569336,82.9800033569336,82.56999969482422,82.6500015258789,124400
2026-05-12 14:00:00+00:00,VALE3.SA,82.72000122070312,82.9800033569336,82.66000366210938,82.9800033569336,261300
2026-05-12 14:05:00+00:00,VALE3.SA,82.9800033569336,83.06999969482422,82.9000015258789,83.05999755859375,282000
2026-05-12 14:10:00+00:00,VALE3.SA,83.05000305175781,83.23999786376953,82.94999694824219,83.04000091552734,118500
2026-05-12 14:15:00+00:00,VALE3.SA,83.05000305175781,83.05000305175781,82.79000091552734,82.91000366210938,214300
2026-05-12 14:20:00+00:00,VALE3.SA,82.88999938964844,82.9000015258789,82.77999877929688,82.88999938964844,108700
2026-05-12 14:25:00+00:00,VALE3.SA,82.91999816894531,82.94000244140625,82.72000122070312,82.7699966430664,133400
2026-05-12 14:30:00+00:00,VALE3.SA,82.7699966430664,82.7699966430664,82.45999908447266,82.5199966430664,256200
2026-05-12 14:35:00+00:00,VALE3.SA,82.52999877929688,82.66000366210938,82.48999786376953,82.66000366210938,95400
2026-05-12 14:40:00+00:00,VALE3.SA,82.66999816894531,82.80999755859375,82.58000183105469,82.79000091552734,55500
2026-05-12 14:45:00+00:00,VALE3.SA,82.79000091552734,82.79000091552734,82.43000030517578,82.44000244140625,111100
2026-05-12 14:50:00+00:00,VALE3.SA,82.44000244140625,82.44999694824219,82.2699966430664,82.2699966430664,125700
2026-05-12 14:55:00+00:00,VALE3.SA,82.2699966430664,82.27999877929688,82.05000305175781,82.0999984741211,151600
2026-05-12 15:00:00+00:00,VALE3.SA,82.12000274658203,82.22000122070312,81.95999908447266,82.0999984741211,163100
2026-05-12 15:05:00+00:00,VALE3.SA,82.08999633789062,82.30999755859375,82.05000305175781,82.2699966430664,166800
2026-05-12 15:10:00+00:00,VALE3.SA,82.27999877929688,82.3499984741211,82.13999938964844,82.1500015258789,129900
2026-05-12 15:15:00+00:00,VALE3.SA,82.1500015258789,82.2300033569336,81.97000122070312,82.08000183105469,130700
2026-05-12 15:20:00+00:00,VALE3.SA,82.08000183105469,82.20999908447266,81.86000061035156,81.86000061035156,151400
2026-05-12 15:25:00+00:00,VALE3.SA,81.86000061035156,81.93000030517578,81.80999755859375,81.83999633789062,153400
2026-05-12 15:30:00+00:00,VALE3.SA,81.86000061035156,82.16000366210938,81.83000183105469,82.11000061035156,293600
2026-05-12 15:35:00+00:00,VALE3.SA,82.13999938964844,82.16000366210938,82.04000091552734,82.06999969482422,51100
2026-05-12 15:40:00+00:00,VALE3.SA,82.06999969482422,82.19999694824219,82.04000091552734,82.19000244140625,59400
2026-05-12 15:45:00+00:00,VALE3.SA,82.19000244140625,82.25,82.0999984741211,82.2300033569336,89700
2026-05-12 15:50:00+00:00,VALE3.SA,82.2300033569336,82.26000213623047,82.12000274658203,82.22000122070312,69700
2026-05-12 15:55:00+00:00,VALE3.SA,82.22000122070312,82.2300033569336,82.05999755859375,82.05999755859375,47500
2026-05-12 16:00:00+00:00,VALE3.SA,82.08000183105469,82.25,82.0,82.13999938964844,72500
2026-05-12 16:05:00+00:00,VALE3.SA,82.13999938964844,82.16000366210938,82.02999877929688,82.05999755859375,170100
2026-05-12 16:10:00+00:00,VALE3.SA,82.04000091552734,82.13999938964844,82.02999877929688,82.0999984741211,40600
2026-05-12 16:15:00+00:00,VALE3.SA,82.11000061035156,82.16000366210938,82.08999633789062,82.0999984741211,25700
2026-05-12 16:20:00+00:00,VALE3.SA,82.0999984741211,82.16000366210938,82.06999969482422,82.0999984741211,30700
2026-05-12 16:25:00+00:00,VALE3.SA,82.11000061035156,82.11000061035156,81.98999786376953,82.05000305175781,68600
2026-05-12 16:30:00+00:00,VALE3.SA,82.04000091552734,82.08000183105469,81.97000122070312,82.0,40800
2026-05-12 16:35:00+00:00,VALE3.SA,82.0,82.08000183105469,81.97000122070312,82.08000183105469,48400
2026-05-12 16:40:00+00:00,VALE3.SA,82.08000183105469,82.08000183105469,81.91999816894531,81.98999786376953,71500
2026-05-12 16:45:00+00:00,VALE3.SA,81.98999786376953,82.0,81.8499984741211,81.86000061035156,69500
2026-05-12 16:50:00+00:00,VALE3.SA,81.8499984741211,81.91999816894531,81.75,81.80000305175781,126400
2026-05-12 16:55:00+00:00,VALE3.SA,81.80000305175781,81.93000030517578,81.73999786376953,81.91999816894531,82800
2026-05-12 17:00:00+00:00,VALE3.SA,81.91999816894531,82.06999969482422,81.91999816894531,82.06999969482422,43400
2026-05-12 17:05:00+00:00,VALE3.SA,82.05999755859375,82.16000366210938,82.05999755859375,82.05999755859375,68100
2026-05-12 17:10:00+00:00,VALE3.SA,82.05999755859375,82.18000030517578,82.05999755859375,82.18000030517578,76900
2026-05-12 17:15:00+00:00,VALE3.SA,82.16999816894531,82.26000213623047,82.16000366210938,82.23999786376953,59600
2026-05-12 17:20:00+00:00,VALE3.SA,82.23999786376953,82.29000091552734,82.16999816894531,82.26000213623047,114600
2026-05-12 17:25:00+00:00,VALE3.SA,82.25,82.30000305175781,82.19999694824219,82.27999877929688,70700
2026-05-12 17:30:00+00:00,VALE3.SA,82.27999877929688,82.6500015258789,82.25,82.56999969482422,233500
2026-05-12 17:35:00+00:00,VALE3.SA,82.56999969482422,82.70999908447266,82.55000305175781,82.69999694824219,181900
2026-05-12 17:40:00+00:00,VALE3.SA,82.69999694824219,82.75,82.6500015258789,82.70999908447266,104500
2026-05-12 17:45:00+00:00,VALE3.SA,82.70999908447266,82.77999877929688,82.62000274658203,82.73999786376953,124200
2026-05-12 17:50:00+00:00,VALE3.SA,82.73999786376953,82.80999755859375,82.70999908447266,82.7300033569336,159300
2026-05-12 17:55:00+00:00,VALE3.SA,82.70999908447266,82.83000183105469,82.70999908447266,82.83000183105469,110100
2026-05-12 18:00:00+00:00,VALE3.SA,82.83000183105469,83.08999633789062,82.7699966430664,83.05000305175781,400700
2026-05-12 18:05:00+00:00,VALE3.SA,83.02999877929688,83.08999633789062,82.97000122070312,83.0199966430664,273800
2026-05-12 18:10:00+00:00,VALE3.SA,83.0199966430664,83.13999938964844,83.0,83.11000061035156,117600
2026-05-12 18:15:00+00:00,VALE3.SA,83.11000061035156,83.26000213623047,83.08999633789062,83.16999816894531,212700
2026-05-12 18:20:00+00:00,VALE3.SA,83.18000030517578,83.26000213623047,83.16000366210938,83.22000122070312,66700
2026-05-12 18:25:00+00:00,VALE3.SA,83.22000122070312,83.44000244140625,83.19999694824219,83.26000213623047,199200
2026-05-12 18:30:00+00:00,VALE3.SA,83.23999786376953,83.48999786376953,83.23999786376953,83.41000366210938,174800
2026-05-12 18:35:00+00:00,VALE3.SA,83.41000366210938,83.44999694824219,83.30999755859375,83.33000183105469,81200
2026-05-12 18:40:00+00:00,VALE3.SA,83.33000183105469,83.4800033569336,83.30000305175781,83.44000244140625,159400
2026-05-12 18:45:00+00:00,VALE3.SA,83.43000030517578,83.48999786376953,83.31999969482422,83.48999786376953,159600
2026-05-12 18:50:00+00:00,VALE3.SA,83.48999786376953,83.5999984741211,83.30000305175781,83.51000213623047,320900
2026-05-12 18:55:00+00:00,VALE3.SA,83.5,83.5,83.3499984741211,83.38999938964844,172700
2026-05-12 19:00:00+00:00,VALE3.SA,83.38999938964844,83.63999938964844,83.38999938964844,83.62999725341797,179600
2026-05-12 19:05:00+00:00,VALE3.SA,83.5999984741211,83.69999694824219,83.58999633789062,83.66999816894531,268600
2026-05-12 19:10:00+00:00,VALE3.SA,83.66999816894531,83.83000183105469,83.63999938964844,83.7699966430664,524400
2026-05-12 19:15:00+00:00,VALE3.SA,83.79000091552734,83.87000274658203,83.73999786376953,83.7699966430664,266000
2026-05-12 19:20:00+00:00,VALE3.SA,83.77999877929688,83.86000061035156,83.73999786376953,83.76000213623047,304300
2026-05-12 19:25:00+00:00,VALE3.SA,83.76000213623047,83.79000091552734,83.66000366210938,83.72000122070312,238500
2026-05-12 19:30:00+00:00,VALE3.SA,83.72000122070312,83.88999938964844,83.72000122070312,83.86000061035156,396300
2026-05-12 19:35:00+00:00,VALE3.SA,83.87999725341797,83.98999786376953,83.81999969482422,83.94000244140625,555400
2026-05-12 19:40:00+00:00,VALE3.SA,83.93000030517578,83.9800033569336,83.80999755859375,83.81999969482422,356400
2026-05-12 19:45:00+00:00,VALE3.SA,83.83999633789062,83.83999633789062,83.7300033569336,83.76000213623047,462600
2026-05-12 19:50:00+00:00,VALE3.SA,83.76000213623047,83.80999755859375,83.69999694824219,83.76000213623047,401500
2026-05-13 13:00:00+00:00,VALE3.SA,83.48999786376953,83.55999755859375,83.01000213623047,83.18000030517578,0
2026-05-13 13:05:00+00:00,VALE3.SA,83.1500015258789,83.75,83.11000061035156,83.69999694824219,339700
2026-05-13 13:10:00+00:00,VALE3.SA,83.72000122070312,83.73999786376953,83.5199966430664,83.61000061035156,191800
2026-05-13 13:15:00+00:00,VALE3.SA,83.55999755859375,83.9800033569336,83.55999755859375,83.8499984741211,408800
2026-05-13 13:20:00+00:00,VALE3.SA,83.8499984741211,84.19999694824219,83.83000183105469,84.16000366210938,198500
2026-05-13 13:25:00+00:00,VALE3.SA,84.16000366210938,84.2300033569336,83.80000305175781,83.97000122070312,303900
2026-05-13 13:30:00+00:00,VALE3.SA,83.9800033569336,84.25,83.55000305175781,83.68000030517578,864200
2026-05-13 13:35:00+00:00,VALE3.SA,83.69000244140625,83.69999694824219,83.18000030517578,83.23999786376953,311800
2026-05-13 13:40:00+00:00,VALE3.SA,83.23999786376953,83.63999938964844,83.19999694824219,83.58999633789062,293800
2026-05-13 13:45:00+00:00,VALE3.SA,83.5999984741211,83.80000305175781,83.41000366210938,83.58999633789062,238700
2026-05-13 13:50:00+00:00,VALE3.SA,83.58999633789062,83.80000305175781,83.52999877929688,83.77999877929688,113400
2026-05-13 13:55:00+00:00,VALE3.SA,83.79000091552734,84.05999755859375,83.76000213623047,83.97000122070312,165900
2026-05-13 14:00:00+00:00,VALE3.SA,83.94999694824219,84.36000061035156,83.94999694824219,84.19999694824219,410200
2026-05-13 14:05:00+00:00,VALE3.SA,84.20999908447266,84.72000122070312,84.11000061035156,84.5,980100
2026-05-13 14:10:00+00:00,VALE3.SA,84.5,84.81999969482422,84.47000122070312,84.69000244140625,657100
2026-05-13 14:15:00+00:00,VALE3.SA,84.68000030517578,84.91999816894531,84.44999694824219,84.51000213623047,353900
2026-05-13 14:20:00+00:00,VALE3.SA,84.4800033569336,84.87000274658203,84.44999694824219,84.83000183105469,343800
2026-05-13 14:25:00+00:00,VALE3.SA,84.83000183105469,85.0199966430664,84.77999877929688,84.88999938964844,1012500
2026-05-13 14:30:00+00:00,VALE3.SA,84.88999938964844,84.98999786376953,84.69000244140625,84.69000244140625,646400
2026-05-13 14:35:00+00:00,VALE3.SA,84.70999908447266,84.87999725341797,84.69999694824219,84.87999725341797,343300
2026-05-13 14:40:00+00:00,VALE3.SA,84.87999725341797,85.05000305175781,84.87000274658203,85.0,437100
2026-05-13 14:45:00+00:00,VALE3.SA,85.01000213623047,85.02999877929688,84.88999938964844,84.94999694824219,106200
2026-05-13 14:50:00+00:00,VALE3.SA,84.94999694824219,84.95999908447266,84.83999633789062,84.87999725341797,254100
2026-05-13 14:55:00+00:00,VALE3.SA,84.88999938964844,84.91000366210938,84.69999694824219,84.69999694824219,460100
2026-05-13 15:00:00+00:00,VALE3.SA,84.69999694824219,84.81999969482422,84.61000061035156,84.6500015258789,420900
2026-05-13 15:05:00+00:00,VALE3.SA,84.66000366210938,84.66999816894531,84.51000213623047,84.5999984741211,151400
2026-05-13 15:10:00+00:00,VALE3.SA,84.5999984741211,84.61000061035156,84.51000213623047,84.55999755859375,324100
2026-05-13 15:15:00+00:00,VALE3.SA,84.52999877929688,84.5999984741211,84.41999816894531,84.47000122070312,574600
2026-05-13 15:20:00+00:00,VALE3.SA,84.45999908447266,84.52999877929688,84.33000183105469,84.44999694824219,117500
2026-05-13 15:25:00+00:00,VALE3.SA,84.45999908447266,84.51000213623047,84.30999755859375,84.41999816894531,172800
2026-05-13 15:30:00+00:00,VALE3.SA,84.44000244140625,84.47000122070312,84.33999633789062,84.47000122070312,74100
2026-05-13 15:35:00+00:00,VALE3.SA,84.45999908447266,84.5199966430664,84.3499984741211,84.41000366210938,175200
2026-05-13 15:40:00+00:00,VALE3.SA,84.41000366210938,84.47000122070312,84.4000015258789,84.44999694824219,80800
2026-05-13 15:45:00+00:00,VALE3.SA,84.44999694824219,84.55000305175781,84.4000015258789,84.52999877929688,76700
2026-05-13 15:50:00+00:00,VALE3.SA,84.54000091552734,84.5999984741211,84.51000213623047,84.5199966430664,119400
2026-05-13 15:55:00+00:00,VALE3.SA,84.52999877929688,84.62000274658203,84.41999816894531,84.47000122070312,203100
2026-05-13 16:00:00+00:00,VALE3.SA,84.45999908447266,84.55000305175781,84.4000015258789,84.47000122070312,67700
2026-05-13 16:05:00+00:00,VALE3.SA,84.47000122070312,84.54000091552734,84.44000244140625,84.4800033569336,117700
2026-05-13 16:10:00+00:00,VALE3.SA,84.48999786376953,84.58999633789062,84.43000030517578,84.55000305175781,68600
2026-05-13 16:15:00+00:00,VALE3.SA,84.55999755859375,84.5999984741211,84.5199966430664,84.55000305175781,47500
2026-05-13 16:20:00+00:00,VALE3.SA,84.54000091552734,84.80000305175781,84.45999908447266,84.75,162000
2026-05-13 16:25:00+00:00,VALE3.SA,84.75,84.75,84.61000061035156,84.61000061035156,89300
2026-05-13 16:30:00+00:00,VALE3.SA,84.62000274658203,84.62000274658203,84.5199966430664,84.5199966430664,60200
2026-05-13 16:35:00+00:00,VALE3.SA,84.52999877929688,84.66000366210938,84.52999877929688,84.6500015258789,63700
2026-05-13 16:40:00+00:00,VALE3.SA,84.66000366210938,84.66999816894531,84.55999755859375,84.58000183105469,54500
2026-05-13 16:45:00+00:00,VALE3.SA,84.58000183105469,84.63999938964844,84.44999694824219,84.48999786376953,98100
2026-05-13 16:50:00+00:00,VALE3.SA,84.4800033569336,84.5,84.37000274658203,84.44999694824219,232200
2026-05-13 16:55:00+00:00,VALE3.SA,84.44000244140625,84.44000244140625,84.22000122070312,84.30999755859375,177100
2026-05-13 17:00:00+00:00,VALE3.SA,84.30000305175781,84.44000244140625,84.19999694824219,84.2699966430664,257600
2026-05-13 17:05:00+00:00,VALE3.SA,84.26000213623047,84.3499984741211,84.19000244140625,84.30999755859375,183400
2026-05-13 17:10:00+00:00,VALE3.SA,84.27999877929688,84.44000244140625,84.25,84.41000366210938,202100
2026-05-13 17:15:00+00:00,VALE3.SA,84.4000015258789,84.45999908447266,84.36000061035156,84.41999816894531,125000
2026-05-13 17:20:00+00:00,VALE3.SA,84.41000366210938,84.4800033569336,84.36000061035156,84.44000244140625,291300
2026-05-13 17:25:00+00:00,VALE3.SA,84.41999816894531,84.44000244140625,84.3499984741211,84.38999938964844,127700
2026-05-13 17:30:00+00:00,VALE3.SA,84.37999725341797,84.38999938964844,84.23999786376953,84.26000213623047,161700
2026-05-13 17:35:00+00:00,VALE3.SA,84.25,84.38999938964844,84.23999786376953,84.30000305175781,199100
2026-05-13 17:40:00+00:00,VALE3.SA,84.29000091552734,84.3499984741211,84.25,84.27999877929688,169100
2026-05-13 17:45:00+00:00,VALE3.SA,84.26000213623047,84.2699966430664,84.06999969482422,84.16999816894531,271700
2026-05-13 17:50:00+00:00,VALE3.SA,84.16000366210938,84.19999694824219,84.05000305175781,84.0999984741211,228200
2026-05-13 17:55:00+00:00,VALE3.SA,84.0999984741211,84.18000030517578,83.7300033569336,83.80999755859375,873700
2026-05-13 18:00:00+00:00,VALE3.SA,83.80999755859375,84.18000030517578,83.77999877929688,83.97000122070312,1210900
2026-05-13 18:05:00+00:00,VALE3.SA,84.0,84.23999786376953,83.94999694824219,84.08999633789062,507500
2026-05-13 18:10:00+00:00,VALE3.SA,84.08999633789062,84.19999694824219,84.0,84.04000091552734,510100
2026-05-13 18:15:00+00:00,VALE3.SA,84.02999877929688,84.16000366210938,83.94999694824219,84.06999969482422,644300
2026-05-13 18:20:00+00:00,VALE3.SA,84.08000183105469,84.37999725341797,84.02999877929688,84.37000274658203,667100
2026-05-13 18:25:00+00:00,VALE3.SA,84.37000274658203,84.4800033569336,84.30000305175781,84.4000015258789,582800
2026-05-13 18:30:00+00:00,VALE3.SA,84.4000015258789,84.5199966430664,84.3499984741211,84.5,355600
2026-05-13 18:35:00+00:00,VALE3.SA,84.5,84.80999755859375,84.44999694824219,84.73999786376953,732800
2026-05-13 18:40:00+00:00,VALE3.SA,84.73999786376953,84.79000091552734,84.62000274658203,84.75,522100
2026-05-13 18:45:00+00:00,VALE3.SA,84.75,84.8499984741211,84.48999786376953,84.66999816894531,693600
2026-05-13 18:50:00+00:00,VALE3.SA,84.66999816894531,84.72000122070312,84.5999984741211,84.62999725341797,378400
2026-05-13 18:55:00+00:00,VALE3.SA,84.62999725341797,84.72000122070312,84.58999633789062,84.69999694824219,343000
2026-05-13 19:00:00+00:00,VALE3.SA,84.69000244140625,84.69000244140625,84.58000183105469,84.62000274658203,393000
2026-05-13 19:05:00+00:00,VALE3.SA,84.61000061035156,84.61000061035156,84.5199966430664,84.52999877929688,214800
2026-05-13 19:10:00+00:00,VALE3.SA,84.5199966430664,84.66000366210938,84.47000122070312,84.62999725341797,275200
2026-05-13 19:15:00+00:00,VALE3.SA,84.62999725341797,84.79000091552734,84.61000061035156,84.72000122070312,268700
2026-05-13 19:20:00+00:00,VALE3.SA,84.72000122070312,84.81999969482422,84.72000122070312,84.7699966430664,190300
2026-05-13 19:25:00+00:00,VALE3.SA,84.76000213623047,85.0,84.70999908447266,84.77999877929688,487700
2026-05-13 19:30:00+00:00,VALE3.SA,84.77999877929688,84.77999877929688,84.5199966430664,84.5999984741211,647200
2026-05-13 19:35:00+00:00,VALE3.SA,84.5999984741211,84.80000305175781,84.54000091552734,84.70999908447266,326800
2026-05-13 19:40:00+00:00,VALE3.SA,84.70999908447266,84.7699966430664,84.61000061035156,84.62000274658203,370700
2026-05-13 19:45:00+00:00,VALE3.SA,84.62000274658203,84.6500015258789,84.5199966430664,84.56999969482422,212400
2026-05-13 19:50:00+00:00,VALE3.SA,84.56999969482422,84.5999984741211,84.41000366210938,84.51000213623047,413700
2026-05-14 13:00:00+00:00,VALE3.SA,85.0,85.05999755859375,84.5999984741211,84.79000091552734,0
2026-05-14 13:05:00+00:00,VALE3.SA,84.77999877929688,85.0,84.7300033569336,84.9000015258789,91700
2026-05-14 13:10:00+00:00,VALE3.SA,84.9000015258789,85.41000366210938,84.83999633789062,85.19999694824219,221300
2026-05-14 13:15:00+00:00,VALE3.SA,85.16999816894531,85.25,85.0,85.08000183105469,81300
2026-05-14 13:20:00+00:00,VALE3.SA,85.05999755859375,85.06999969482422,84.91999816894531,84.94999694824219,102300
2026-05-14 13:25:00+00:00,VALE3.SA,84.94999694824219,85.05000305175781,84.7300033569336,84.98999786376953,216500
2026-05-14 13:30:00+00:00,VALE3.SA,84.94000244140625,85.0199966430664,83.97000122070312,84.0199966430664,348700
2026-05-14 13:35:00+00:00,VALE3.SA,84.05000305175781,84.37999725341797,83.88999938964844,84.36000061035156,224300
2026-05-14 13:40:00+00:00,VALE3.SA,84.33000183105469,84.33000183105469,83.83000183105469,83.88999938964844,237300
2026-05-14 13:45:00+00:00,VALE3.SA,83.88999938964844,84.0999984741211,83.66999816894531,84.0999984741211,172900
2026-05-14 13:50:00+00:00,VALE3.SA,84.05000305175781,84.19000244140625,83.95999908447266,84.13999938964844,136400
2026-05-14 13:55:00+00:00,VALE3.SA,84.13999938964844,84.18000030517578,83.91999816894531,83.97000122070312,83200
2026-05-14 14:00:00+00:00,VALE3.SA,83.97000122070312,84.02999877929688,83.7699966430664,83.94999694824219,167100
2026-05-14 14:05:00+00:00,VALE3.SA,83.9800033569336,84.01000213623047,83.6500015258789,83.76000213623047,185200
2026-05-14 14:10:00+00:00,VALE3.SA,83.7300033569336,83.86000061035156,83.68000030517578,83.7699966430664,234000
2026-05-14 14:15:00+00:00,VALE3.SA,83.7699966430664,83.91000366210938,83.69999694824219,83.76000213623047,591100
2026-05-14 14:20:00+00:00,VALE3.SA,83.76000213623047,83.79000091552734,83.56999969482422,83.58999633789062,165400
2026-05-14 14:25:00+00:00,VALE3.SA,83.58999633789062,83.62000274658203,83.43000030517578,83.55000305175781,187600
2026-05-14 14:30:00+00:00,VALE3.SA,83.55000305175781,83.69000244140625,83.5,83.62999725341797,343200
2026-05-14 14:35:00+00:00,VALE3.SA,83.62999725341797,83.72000122070312,83.54000091552734,83.61000061035156,74800
2026-05-14 14:40:00+00:00,VALE3.SA,83.61000061035156,83.6500015258789,83.44000244140625,83.5,354600
2026-05-14 14:45:00+00:00,VALE3.SA,83.51000213623047,83.54000091552734,83.4000015258789,83.41000366210938,87500
2026-05-14 14:50:00+00:00,VALE3.SA,83.41999816894531,83.44000244140625,83.19999694824219,83.19999694824219,124600
2026-05-14 14:55:00+00:00,VALE3.SA,83.19000244140625,83.47000122070312,83.19000244140625,83.30999755859375,139000
2026-05-14 15:00:00+00:00,VALE3.SA,83.30999755859375,83.4000015258789,83.26000213623047,83.2699966430664,131100
2026-05-14 15:05:00+00:00,VALE3.SA,83.26000213623047,83.36000061035156,83.2300033569336,83.25,109500
2026-05-14 15:10:00+00:00,VALE3.SA,83.23999786376953,83.33000183105469,83.16000366210938,83.20999908447266,177800
2026-05-14 15:15:00+00:00,VALE3.SA,83.19999694824219,83.25,83.16000366210938,83.2300033569336,102000
2026-05-14 15:20:00+00:00,VALE3.SA,83.2300033569336,83.3499984741211,83.18000030517578,83.23999786376953,114900
2026-05-14 15:25:00+00:00,VALE3.SA,83.23999786376953,83.43000030517578,83.2300033569336,83.25,197100
2026-05-14 15:30:00+00:00,VALE3.SA,83.25,83.29000091552734,83.2300033569336,83.2300033569336,70600
2026-05-14 15:35:00+00:00,VALE3.SA,83.2300033569336,83.33999633789062,83.2300033569336,83.2699966430664,73900
2026-05-14 15:40:00+00:00,VALE3.SA,83.2699966430664,83.30000305175781,83.25,83.26000213623047,49500
2026-05-14 15:45:00+00:00,VALE3.SA,83.26000213623047,83.4000015258789,83.26000213623047,83.37000274658203,99100
2026-05-14 15:50:00+00:00,VALE3.SA,83.37000274658203,83.38999938964844,83.30999755859375,83.33999633789062,69000
2026-05-14 15:55:00+00:00,VALE3.SA,83.33999633789062,83.41000366210938,83.27999877929688,83.31999969482422,174300
2026-05-14 16:00:00+00:00,VALE3.SA,83.31999969482422,83.4000015258789,83.30000305175781,83.37999725341797,45300
2026-05-14 16:05:00+00:00,VALE3.SA,83.37999725341797,83.41999816894531,83.2699966430664,83.30000305175781,59900
2026-05-14 16:10:00+00:00,VALE3.SA,83.30000305175781,83.4000015258789,83.27999877929688,83.36000061035156,66200
2026-05-14 16:15:00+00:00,VALE3.SA,83.3499984741211,83.47000122070312,83.33000183105469,83.47000122070312,181200
2026-05-14 16:20:00+00:00,VALE3.SA,83.44999694824219,83.47000122070312,83.3499984741211,83.3499984741211,90900
2026-05-14 16:25:00+00:00,VALE3.SA,83.3499984741211,83.4000015258789,83.27999877929688,83.31999969482422,134300
2026-05-14 16:30:00+00:00,VALE3.SA,83.31999969482422,83.4000015258789,83.30999755859375,83.33999633789062,88600
2026-05-14 16:35:00+00:00,VALE3.SA,83.3499984741211,83.41999816894531,83.31999969482422,83.36000061035156,135300
2026-05-14 16:40:00+00:00,VALE3.SA,83.37000274658203,83.73999786376953,83.36000061035156,83.70999908447266,15442900
2026-05-14 16:45:00+00:00,VALE3.SA,83.70999908447266,83.75,83.56999969482422,83.6500015258789,151900
2026-05-14 16:50:00+00:00,VALE3.SA,83.66999816894531,83.7300033569336,83.5999984741211,83.66000366210938,102800
2026-05-14 16:55:00+00:00,VALE3.SA,83.62999725341797,83.7699966430664,83.58999633789062,83.76000213623047,154300
2026-05-14 17:00:00+00:00,VALE3.SA,83.75,83.86000061035156,83.72000122070312,83.80999755859375,205800
2026-05-14 17:05:00+00:00,VALE3.SA,83.80999755859375,83.87000274658203,83.72000122070312,83.75,157200
2026-05-14 17:10:00+00:00,VALE3.SA,83.75,83.87999725341797,83.7300033569336,83.75,199000
2026-05-14 17:15:00+00:00,VALE3.SA,83.7300033569336,83.83000183105469,83.72000122070312,83.76000213623047,129100
2026-05-14 17:20:00+00:00,VALE3.SA,83.73999786376953,83.79000091552734,83.70999908447266,83.73999786376953,80000
2026-05-14 17:25:00+00:00,VALE3.SA,83.72000122070312,83.83999633789062,83.5999984741211,83.79000091552734,201500
2026-05-14 17:30:00+00:00,VALE3.SA,83.7699966430664,83.80999755859375,83.73999786376953,83.73999786376953,56100
2026-05-14 17:35:00+00:00,VALE3.SA,83.73999786376953,83.79000091552734,83.69000244140625,83.79000091552734,76700
2026-05-14 17:40:00+00:00,VALE3.SA,83.76000213623047,83.80000305175781,83.72000122070312,83.7300033569336,77400
2026-05-14 17:45:00+00:00,VALE3.SA,83.7699966430664,83.80000305175781,83.6500015258789,83.69000244140625,82700
2026-05-14 17:50:00+00:00,VALE3.SA,83.69000244140625,83.69999694824219,83.55999755859375,83.61000061035156,132000
2026-05-14 17:55:00+00:00,VALE3.SA,83.61000061035156,83.61000061035156,83.41999816894531,83.5,270800
2026-05-14 18:00:00+00:00,VALE3.SA,83.52999877929688,83.52999877929688,83.33999633789062,83.38999938964844,185600
2026-05-14 18:05:00+00:00,VALE3.SA,83.38999938964844,83.52999877929688,83.37000274658203,83.41999816894531,203500
2026-05-14 18:10:00+00:00,VALE3.SA,83.38999938964844,83.44000244140625,83.36000061035156,83.38999938964844,170500
2026-05-14 18:15:00+00:00,VALE3.SA,83.38999938964844,83.47000122070312,83.37999725341797,83.4000015258789,151000
2026-05-14 18:20:00+00:00,VALE3.SA,83.4000015258789,83.41999816894531,83.2300033569336,83.30000305175781,223300
2026-05-14 18:25:00+00:00,VALE3.SA,83.27999877929688,83.30000305175781,83.0999984741211,83.20999908447266,255500
2026-05-14 18:30:00+00:00,VALE3.SA,83.20999908447266,83.25,83.11000061035156,83.12999725341797,174100
2026-05-14 18:35:00+00:00,VALE3.SA,83.12999725341797,83.13999938964844,82.94000244140625,83.0,342700
2026-05-14 18:40:00+00:00,VALE3.SA,83.01000213623047,83.04000091552734,82.91999816894531,82.97000122070312,218400
2026-05-14 18:45:00+00:00,VALE3.SA,82.98999786376953,83.12000274658203,82.97000122070312,83.0199966430664,279400
2026-05-14 18:50:00+00:00,VALE3.SA,83.05000305175781,83.05000305175781,82.91000366210938,82.91000366210938,249800
2026-05-14 18:55:00+00:00,VALE3.SA,82.91999816894531,83.0,82.91000366210938,82.97000122070312,155200
2026-05-14 19:00:00+00:00,VALE3.SA,82.97000122070312,82.9800033569336,82.9000015258789,82.91999816894531,206400
2026-05-14 19:05:00+00:00,VALE3.SA,82.91999816894531,82.94000244140625,82.8499984741211,82.9000015258789,338800
2026-05-14 19:10:00+00:00,VALE3.SA,82.9000015258789,82.97000122070312,82.87000274658203,82.95999908447266,245300
2026-05-14 19:15:00+00:00,VALE3.SA,82.94999694824219,83.05000305175781,82.91000366210938,82.93000030517578,278300
2026-05-14 19:20:00+00:00,VALE3.SA,82.91999816894531,82.94999694824219,82.88999938964844,82.9000015258789,166800
2026-05-14 19:25:00+00:00,VALE3.SA,82.9000015258789,82.91000366210938,82.80999755859375,82.8499984741211,287400
2026-05-14 19:30:00+00:00,VALE3.SA,82.83999633789062,82.9000015258789,82.62999725341797,82.69000244140625,439000
2026-05-14 19:35:00+00:00,VALE3.SA,82.69999694824219,82.77999877929688,82.68000030517578,82.76000213623047,178800
2026-05-14 19:40:00+00:00,VALE3.SA,82.76000213623047,82.79000091552734,82.68000030517578,82.7699966430664,279200
2026-05-14 19:45:00+00:00,VALE3.SA,82.7699966430664,82.94000244140625,82.73999786376953,82.93000030517578,462900
2026-05-14 19:50:00+00:00,VALE3.SA,82.88999938964844,82.9800033569336,82.8499984741211,82.9000015258789,464700
2026-05-15 13:05:00+00:00,VALE3.SA,80.6500015258789,80.9800033569336,80.37000274658203,80.4000015258789,118000
2026-05-15 13:10:00+00:00,VALE3.SA,80.4000015258789,80.56999969482422,80.23999786376953,80.44999694824219,1016000
2026-05-15 13:15:00+00:00,VALE3.SA,80.44999694824219,80.70999908447266,80.41999816894531,80.47000122070312,447800
2026-05-15 13:20:00+00:00,VALE3.SA,80.47000122070312,80.66000366210938,80.45999908447266,80.54000091552734,123200
2026-05-15 13:25:00+00:00,VALE3.SA,80.56999969482422,80.7699966430664,80.56999969482422,80.75,350400
2026-05-15 13:30:00+00:00,VALE3.SA,80.70999908447266,81.2699966430664,80.66000366210938,80.93000030517578,841400
2026-05-15 13:35:00+00:00,VALE3.SA,80.94999694824219,81.06999969482422,80.80999755859375,80.8499984741211,236700
2026-05-15 13:40:00+00:00,VALE3.SA,80.83999633789062,80.87000274658203,80.68000030517578,80.76000213623047,260500
2026-05-15 13:45:00+00:00,VALE3.SA,80.75,80.80000305175781,80.52999877929688,80.73999786376953,290000
2026-05-15 13:50:00+00:00,VALE3.SA,80.73999786376953,80.97000122070312,80.62999725341797,80.91000366210938,277900
2026-05-15 13:55:00+00:00,VALE3.SA,80.9000015258789,80.98999786376953,80.5999984741211,80.69999694824219,295200
2026-05-15 14:00:00+00:00,VALE3.SA,80.69999694824219,80.80000305175781,80.58999633789062,80.66999816894531,572700
2026-05-15 14:05:00+00:00,VALE3.SA,80.69000244140625,80.91999816894531,80.62000274658203,80.83999633789062,800300
2026-05-15 14:10:00+00:00,VALE3.SA,80.83999633789062,81.1500015258789,80.83999633789062,81.0999984741211,183200
2026-05-15 14:15:00+00:00,VALE3.SA,81.08000183105469,81.19000244140625,81.05999755859375,81.16000366210938,120300
2026-05-15 14:20:00+00:00,VALE3.SA,81.19000244140625,81.19000244140625,81.04000091552734,81.1500015258789,132800
2026-05-15 14:25:00+00:00,VALE3.SA,81.18000030517578,81.22000122070312,81.05999755859375,81.18000030517578,216700
2026-05-15 14:30:00+00:00,VALE3.SA,81.16999816894531,81.33000183105469,81.12999725341797,81.23999786376953,219000
2026-05-15 14:35:00+00:00,VALE3.SA,81.2300033569336,81.4000015258789,81.2300033569336,81.2699966430664,202900
2026-05-15 14:40:00+00:00,VALE3.SA,81.25,81.27999877929688,81.19999694824219,81.27999877929688,152500
2026-05-15 14:45:00+00:00,VALE3.SA,81.29000091552734,81.36000061035156,81.22000122070312,81.23999786376953,157200
2026-05-15 14:50:00+00:00,VALE3.SA,81.23999786376953,81.23999786376953,81.08999633789062,81.19000244140625,2258000
2026-05-15 14:55:00+00:00,VALE3.SA,81.19000244140625,81.19999694824219,81.08999633789062,81.08999633789062,128600
2026-05-15 15:00:00+00:00,VALE3.SA,81.08999633789062,81.19999694824219,81.04000091552734,81.0999984741211,162900
2026-05-15 15:05:00+00:00,VALE3.SA,81.0999984741211,81.25,81.08000183105469,81.2300033569336,96000
2026-05-15 15:10:00+00:00,VALE3.SA,81.2300033569336,81.25,81.0999984741211,81.19000244140625,157000
2026-05-15 15:15:00+00:00,VALE3.SA,81.18000030517578,81.20999908447266,81.11000061035156,81.11000061035156,110100
2026-05-15 15:20:00+00:00,VALE3.SA,81.11000061035156,81.26000213623047,81.0999984741211,81.12000274658203,245900
2026-05-15 15:25:00+00:00,VALE3.SA,81.12000274658203,81.26000213623047,81.08000183105469,81.26000213623047,227900
2026-05-15 15:30:00+00:00,VALE3.SA,81.2699966430664,81.41000366210938,81.2699966430664,81.33000183105469,223100
2026-05-15 15:35:00+00:00,VALE3.SA,81.33999633789062,81.37999725341797,81.29000091552734,81.33999633789062,133600
2026-05-15 15:40:00+00:00,VALE3.SA,81.31999969482422,81.3499984741211,81.27999877929688,81.31999969482422,142100
2026-05-15 15:45:00+00:00,VALE3.SA,81.31999969482422,81.37999725341797,81.2699966430664,81.30000305175781,353900
2026-05-15 15:50:00+00:00,VALE3.SA,81.29000091552734,81.3499984741211,81.2699966430664,81.33000183105469,207800
2026-05-15 15:55:00+00:00,VALE3.SA,81.33000183105469,81.36000061035156,81.29000091552734,81.31999969482422,41700
2026-05-15 16:00:00+00:00,VALE3.SA,81.31999969482422,81.36000061035156,81.29000091552734,81.33000183105469,88100
2026-05-15 16:05:00+00:00,VALE3.SA,81.31999969482422,81.41999816894531,81.26000213623047,81.37999725341797,243900
2026-05-15 16:10:00+00:00,VALE3.SA,81.38999938964844,81.5,81.31999969482422,81.45999908447266,233900
2026-05-15 16:15:00+00:00,VALE3.SA,81.47000122070312,81.5,81.4000015258789,81.43000030517578,73100
2026-05-15 16:20:00+00:00,VALE3.SA,81.44000244140625,81.62000274658203,81.4000015258789,81.62000274658203,162700
2026-05-15 16:25:00+00:00,VALE3.SA,81.62000274658203,81.66000366210938,81.54000091552734,81.6500015258789,104000
2026-05-15 16:30:00+00:00,VALE3.SA,81.63999938964844,81.69999694824219,81.62999725341797,81.66000366210938,93700
2026-05-15 16:35:00+00:00,VALE3.SA,81.66000366210938,81.7699966430664,81.6500015258789,81.76000213623047,55200
2026-05-15 16:40:00+00:00,VALE3.SA,81.76000213623047,81.86000061035156,81.69999694824219,81.8499984741211,73800
2026-05-15 16:45:00+00:00,VALE3.SA,81.83999633789062,82.0,81.7699966430664,81.94999694824219,140700
2026-05-15 16:50:00+00:00,VALE3.SA,81.94999694824219,82.16000366210938,81.94999694824219,82.11000061035156,241800
2026-05-15 16:55:00+00:00,VALE3.SA,82.08000183105469,82.11000061035156,81.91999816894531,81.93000030517578,92700
2026-05-15 17:00:00+00:00,VALE3.SA,81.93000030517578,82.02999877929688,81.9000015258789,82.0,218600
2026-05-15 17:05:00+00:00,VALE3.SA,81.98999786376953,82.08999633789062,81.9800033569336,81.98999786376953,65000
2026-05-15 17:10:00+00:00,VALE3.SA,81.98999786376953,82.25,81.9800033569336,82.12000274658203,300000
2026-05-15 17:15:00+00:00,VALE3.SA,82.12000274658203,82.1500015258789,82.01000213623047,82.06999969482422,153100
2026-05-15 17:20:00+00:00,VALE3.SA,82.06999969482422,82.16000366210938,82.04000091552734,82.1500015258789,86600
2026-05-15 17:25:00+00:00,VALE3.SA,82.16000366210938,82.36000061035156,82.1500015258789,82.18000030517578,357100
2026-05-15 17:30:00+00:00,VALE3.SA,82.18000030517578,82.19000244140625,82.0999984741211,82.16000366210938,61800
2026-05-15 17:35:00+00:00,VALE3.SA,82.1500015258789,82.16000366210938,82.01000213623047,82.02999877929688,62100
2026-05-15 17:40:00+00:00,VALE3.SA,82.02999877929688,82.05999755859375,81.93000030517578,81.97000122070312,82500
2026-05-15 17:45:00+00:00,VALE3.SA,81.97000122070312,82.05000305175781,81.94999694824219,82.05000305175781,147900
2026-05-15 17:50:00+00:00,VALE3.SA,82.04000091552734,82.05000305175781,81.98999786376953,82.02999877929688,49800
2026-05-15 17:55:00+00:00,VALE3.SA,82.0199966430664,82.05999755859375,81.9800033569336,82.01000213623047,49500
2026-05-15 18:00:00+00:00,VALE3.SA,82.01000213623047,82.0999984741211,82.0,82.04000091552734,58500
2026-05-15 18:05:00+00:00,VALE3.SA,82.02999877929688,82.23999786376953,82.0199966430664,82.12000274658203,234700
2026-05-15 18:10:00+00:00,VALE3.SA,82.13999938964844,82.13999938964844,82.05000305175781,82.08999633789062,114000
2026-05-15 18:15:00+00:00,VALE3.SA,82.0999984741211,82.16000366210938,82.0199966430664,82.05999755859375,128900
2026-05-15 18:20:00+00:00,VALE3.SA,82.05999755859375,82.3499984741211,82.05000305175781,82.31999969482422,2956900
2026-05-15 18:25:00+00:00,VALE3.SA,82.31999969482422,82.33000183105469,82.20999908447266,82.2300033569336,119700
2026-05-15 18:30:00+00:00,VALE3.SA,82.2300033569336,82.2699966430664,82.0999984741211,82.16999816894531,229100
2026-05-15 18:35:00+00:00,VALE3.SA,82.16999816894531,82.16999816894531,82.06999969482422,82.16000366210938,136000
2026-05-15 18:40:00+00:00,VALE3.SA,82.12999725341797,82.20999908447266,82.06999969482422,82.19999694824219,114400
2026-05-15 18:45:00+00:00,VALE3.SA,82.19999694824219,82.20999908447266,82.12999725341797,82.16000366210938,123500
2026-05-15 18:50:00+00:00,VALE3.SA,82.1500015258789,82.30999755859375,82.1500015258789,82.18000030517578,147300
2026-05-15 18:55:00+00:00,VALE3.SA,82.19000244140625,82.19000244140625,82.08000183105469,82.0999984741211,123600
2026-05-15 19:00:00+00:00,VALE3.SA,82.0999984741211,82.12999725341797,82.04000091552734,82.08000183105469,209000
2026-05-15 19:05:00+00:00,VALE3.SA,82.06999969482422,82.0999984741211,82.0199966430664,82.06999969482422,100700
2026-05-15 19:10:00+00:00,VALE3.SA,82.05999755859375,82.0999984741211,82.0,82.08999633789062,131600
2026-05-15 19:15:00+00:00,VALE3.SA,82.0999984741211,82.16999816894531,82.05999755859375,82.12999725341797,156600
2026-05-15 19:20:00+00:00,VALE3.SA,82.12999725341797,82.18000030517578,82.08999633789062,82.18000030517578,179000
2026-05-15 19:25:00+00:00,VALE3.SA,82.1500015258789,82.76000213623047,82.1500015258789,82.58999633789062,1067000
2026-05-15 19:30:00+00:00,VALE3.SA,82.58000183105469,82.68000030517578,82.45999908447266,82.61000061035156,646000
2026-05-15 19:35:00+00:00,VALE3.SA,82.61000061035156,83.08000183105469,82.58000183105469,83.02999877929688,1179800
2026-05-15 19:40:00+00:00,VALE3.SA,83.01000213623047,83.05999755859375,82.69999694824219,82.8499984741211,1321200
2026-05-15 19:45:00+00:00,VALE3.SA,82.87000274658203,83.04000091552734,82.83000183105469,83.02999877929688,1053800
2026-05-15 19:50:00+00:00,VALE3.SA,83.0199966430664,83.06999969482422,82.72000122070312,82.9000015258789,2743200
2026-05-18 13:00:00+00:00,VALE3.SA,83.0,83.41000366210938,82.94999694824219,83.2300033569336,0
2026-05-18 13:05:00+00:00,VALE3.SA,83.30000305175781,83.5999984741211,83.08000183105469,83.37000274658203,253900
2026-05-18 13:10:00+00:00,VALE3.SA,83.37000274658203,83.55000305175781,83.3499984741211,83.55000305175781,152900
2026-05-18 13:15:00+00:00,VALE3.SA,83.5,83.54000091552734,83.25,83.27999877929688,168900
2026-05-18 13:20:00+00:00,VALE3.SA,83.27999877929688,83.29000091552734,83.12000274658203,83.2699966430664,114100
2026-05-18 13:25:00+00:00,VALE3.SA,83.2699966430664,83.37000274658203,83.23999786376953,83.30000305175781,245500
2026-05-18 13:30:00+00:00,VALE3.SA,83.30000305175781,83.3499984741211,82.69999694824219,83.05000305175781,422800
2026-05-18 13:35:00+00:00,VALE3.SA,83.04000091552734,83.05000305175781,82.68000030517578,82.70999908447266,346600
2026-05-18 13:40:00+00:00,VALE3.SA,82.73999786376953,82.9800033569336,82.62000274658203,82.75,300600
2026-05-18 13:45:00+00:00,VALE3.SA,82.70999908447266,83.19999694824219,82.70999908447266,83.19000244140625,208400
2026-05-18 13:50:00+00:00,VALE3.SA,83.19999694824219,83.43000030517578,83.11000061035156,83.36000061035156,167700
2026-05-18 13:55:00+00:00,VALE3.SA,83.4000015258789,83.41999816894531,83.0999984741211,83.12999725341797,126200
2026-05-18 14:00:00+00:00,VALE3.SA,83.12000274658203,83.12000274658203,82.87000274658203,82.94999694824219,360000
2026-05-18 14:05:00+00:00,VALE3.SA,82.93000030517578,82.93000030517578,82.5999984741211,82.73999786376953,344200
2026-05-18 14:10:00+00:00,VALE3.SA,82.73999786376953,82.76000213623047,82.44999694824219,82.47000122070312,144000
2026-05-18 14:15:00+00:00,VALE3.SA,82.47000122070312,82.66000366210938,82.44000244140625,82.62999725341797,283400
2026-05-18 14:20:00+00:00,VALE3.SA,82.62999725341797,82.66999816894531,82.45999908447266,82.51000213623047,229600
2026-05-18 14:25:00+00:00,VALE3.SA,82.5199966430664,82.63999938964844,82.45999908447266,82.5199966430664,278900
2026-05-18 14:30:00+00:00,VALE3.SA,82.52999877929688,82.52999877929688,82.1500015258789,82.23999786376953,267200
2026-05-18 14:35:00+00:00,VALE3.SA,82.2300033569336,82.2300033569336,82.05000305175781,82.16999816894531,174400
2026-05-18 14:40:00+00:00,VALE3.SA,82.16000366210938,82.16000366210938,81.94999694824219,81.98999786376953,298900
2026-05-18 14:45:00+00:00,VALE3.SA,82.0,82.02999877929688,81.91999816894531,81.95999908447266,368500
2026-05-18 14:50:00+00:00,VALE3.SA,81.95999908447266,82.05999755859375,81.94000244140625,82.0,193100
2026-05-18 14:55:00+00:00,VALE3.SA,82.0,82.13999938964844,81.94999694824219,82.05999755859375,104300
2026-05-18 15:00:00+00:00,VALE3.SA,82.05000305175781,82.16000366210938,81.8499984741211,81.87999725341797,321500
2026-05-18 15:05:00+00:00,VALE3.SA,81.87999725341797,81.9800033569336,81.86000061035156,81.87999725341797,141300
2026-05-18 15:10:00+00:00,VALE3.SA,81.86000061035156,81.91999816894531,81.72000122070312,81.80999755859375,456800
2026-05-18 15:15:00+00:00,VALE3.SA,81.80000305175781,81.97000122070312,81.79000091552734,81.95999908447266,66400
2026-05-18 15:20:00+00:00,VALE3.SA,81.95999908447266,82.04000091552734,81.95999908447266,82.02999877929688,118200
2026-05-18 15:25:00+00:00,VALE3.SA,82.02999877929688,82.12000274658203,81.98999786376953,82.0,494800
2026-05-18 15:30:00+00:00,VALE3.SA,82.01000213623047,82.25,82.01000213623047,82.2300033569336,183300
2026-05-18 15:35:00+00:00,VALE3.SA,82.2300033569336,82.3499984741211,82.22000122070312,82.2699966430664,220400
2026-05-18 15:40:00+00:00,VALE3.SA,82.26000213623047,82.27999877929688,82.16000366210938,82.19999694824219,81700
2026-05-18 15:45:00+00:00,VALE3.SA,82.19999694824219,82.43000030517578,82.08999633789062,82.41999816894531,149000
2026-05-18 15:50:00+00:00,VALE3.SA,82.43000030517578,82.48999786376953,82.2699966430664,82.30000305175781,100400
2026-05-18 15:55:00+00:00,VALE3.SA,82.31999969482422,82.36000061035156,82.13999938964844,82.13999938964844,66600
2026-05-18 16:00:00+00:00,VALE3.SA,82.13999938964844,82.1500015258789,81.97000122070312,81.98999786376953,115100
2026-05-18 16:05:00+00:00,VALE3.SA,82.0,82.0,81.93000030517578,81.9800033569336,109800
2026-05-18 16:10:00+00:00,VALE3.SA,81.97000122070312,82.12000274658203,81.95999908447266,82.0,308000
2026-05-18 16:15:00+00:00,VALE3.SA,82.0,82.19000244140625,81.98999786376953,82.12000274658203,105900
2026-05-18 16:20:00+00:00,VALE3.SA,82.12000274658203,82.25,82.06999969482422,82.1500015258789,108300
2026-05-18 16:25:00+00:00,VALE3.SA,82.18000030517578,82.20999908447266,82.05000305175781,82.12999725341797,115500
2026-05-18 16:30:00+00:00,VALE3.SA,82.13999938964844,82.13999938964844,82.01000213623047,82.01000213623047,59800
2026-05-18 16:35:00+00:00,VALE3.SA,82.0199966430664,82.0199966430664,81.87000274658203,81.87999725341797,119800
2026-05-18 16:40:00+00:00,VALE3.SA,81.87999725341797,81.9000015258789,81.83000183105469,81.83999633789062,83800
2026-05-18 16:45:00+00:00,VALE3.SA,81.83000183105469,81.91999816894531,81.80999755859375,81.91999816894531,108000
2026-05-18 16:50:00+00:00,VALE3.SA,81.91000366210938,81.9800033569336,81.91000366210938,81.97000122070312,57000
2026-05-18 16:55:00+00:00,VALE3.SA,81.9800033569336,82.05999755859375,81.94999694824219,82.01000213623047,157700
2026-05-18 17:00:00+00:00,VALE3.SA,82.01000213623047,82.01000213623047,81.9000015258789,81.95999908447266,147600
2026-05-18 17:05:00+00:00,VALE3.SA,81.95999908447266,82.0199966430664,81.95999908447266,81.98999786376953,83500
2026-05-18 17:10:00+00:00,VALE3.SA,82.0,82.02999877929688,81.9800033569336,82.02999877929688,29000
2026-05-18 17:15:00+00:00,VALE3.SA,82.02999877929688,82.12000274658203,82.0199966430664,82.08000183105469,123300
2026-05-18 17:20:00+00:00,VALE3.SA,82.06999969482422,82.08000183105469,82.0,82.04000091552734,57900
2026-05-18 17:25:00+00:00,VALE3.SA,82.04000091552734,82.08000183105469,82.0,82.02999877929688,72900
2026-05-18 17:30:00+00:00,VALE3.SA,82.04000091552734,82.04000091552734,82.0,82.0,51200
2026-05-18 17:35:00+00:00,VALE3.SA,82.0,82.01000213623047,81.7699966430664,81.91000366210938,251300
2026-05-18 17:40:00+00:00,VALE3.SA,81.91999816894531,81.95999908447266,81.88999938964844,81.9000015258789,107500
2026-05-18 17:45:00+00:00,VALE3.SA,81.9000015258789,81.9000015258789,81.69000244140625,81.76000213623047,592200
2026-05-18 17:50:00+00:00,VALE3.SA,81.76000213623047,81.79000091552734,81.5999984741211,81.5999984741211,150900
2026-05-18 17:55:00+00:00,VALE3.SA,81.5999984741211,81.61000061035156,81.52999877929688,81.52999877929688,92900
2026-05-18 18:00:00+00:00,VALE3.SA,81.52999877929688,81.54000091552734,81.16999816894531,81.23999786376953,346500
2026-05-18 18:05:00+00:00,VALE3.SA,81.23999786376953,81.27999877929688,81.12000274658203,81.18000030517578,182500
2026-05-18 18:10:00+00:00,VALE3.SA,81.19000244140625,81.33000183105469,81.13999938964844,81.30000305175781,208400
2026-05-18 18:15:00+00:00,VALE3.SA,81.30999755859375,81.3499984741211,81.23999786376953,81.30999755859375,462800
2026-05-18 18:20:00+00:00,VALE3.SA,81.31999969482422,81.33000183105469,81.19999694824219,81.30000305175781,445000
2026-05-18 18:25:00+00:00,VALE3.SA,81.30000305175781,81.30999755859375,81.05999755859375,81.2300033569336,782800
2026-05-18 18:30:00+00:00,VALE3.SA,81.2300033569336,81.23999786376953,81.06999969482422,81.12999725341797,237800
2026-05-18 18:35:00+00:00,VALE3.SA,81.12999725341797,81.19000244140625,81.08000183105469,81.16999816894531,122900
2026-05-18 18:40:00+00:00,VALE3.SA,81.18000030517578,81.19000244140625,81.08999633789062,81.19000244140625,402100
2026-05-18 18:45:00+00:00,VALE3.SA,81.19000244140625,81.25,81.16000366210938,81.16999816894531,112400
2026-05-18 18:50:00+00:00,VALE3.SA,81.18000030517578,81.19999694824219,81.12000274658203,81.16000366210938,615500
2026-05-18 18:55:00+00:00,VALE3.SA,81.1500015258789,81.2300033569336,81.1500015258789,81.22000122070312,196400
2026-05-18 19:00:00+00:00,VALE3.SA,81.20999908447266,81.80999755859375,81.19999694824219,81.69000244140625,542200
2026-05-18 19:05:00+00:00,VALE3.SA,81.69999694824219,81.80000305175781,81.47000122070312,81.55999755859375,216400
2026-05-18 19:10:00+00:00,VALE3.SA,81.55999755859375,81.6500015258789,81.55999755859375,81.5999984741211,167000
2026-05-18 19:15:00+00:00,VALE3.SA,81.61000061035156,81.66999816894531,81.58999633789062,81.5999984741211,172400
2026-05-18 19:20:00+00:00,VALE3.SA,81.5999984741211,81.79000091552734,81.48999786376953,81.5,769500
2026-05-18 19:25:00+00:00,VALE3.SA,81.48999786376953,81.72000122070312,81.41999816894531,81.69999694824219,359100
2026-05-18 19:30:00+00:00,VALE3.SA,81.69000244140625,81.69000244140625,81.54000091552734,81.56999969482422,260300
2026-05-18 19:35:00+00:00,VALE3.SA,81.56999969482422,81.70999908447266,81.55000305175781,81.66999816894531,337800
2026-05-18 19:40:00+00:00,VALE3.SA,81.68000030517578,81.73999786376953,81.62999725341797,81.66000366210938,573700
2026-05-18 19:45:00+00:00,VALE3.SA,81.66999816894531,81.94999694824219,81.6500015258789,81.93000030517578,1264300
2026-05-18 19:50:00+00:00,VALE3.SA,81.93000030517578,81.94999694824219,81.58999633789062,81.81999969482422,845400
2026-05-19 13:05:00+00:00,VALE3.SA,80.80000305175781,81.23999786376953,80.80000305175781,81.18000030517578,0
2026-05-19 13:10:00+00:00,VALE3.SA,81.19000244140625,81.19999694824219,80.95999908447266,81.0199966430664,266800
2026-05-19 13:15:00+00:00,VALE3.SA,81.04000091552734,81.08999633789062,80.80000305175781,80.97000122070312,122100
2026-05-19 13:20:00+00:00,VALE3.SA,80.93000030517578,81.05999755859375,80.81999969482422,80.83000183105469,144100
2026-05-19 13:25:00+00:00,VALE3.SA,80.83999633789062,80.83999633789062,80.3499984741211,80.3499984741211,359500
2026-05-19 13:30:00+00:00,VALE3.SA,80.37000274658203,80.79000091552734,80.36000061035156,80.68000030517578,558200
2026-05-19 13:35:00+00:00,VALE3.SA,80.68000030517578,81.0999984741211,80.66000366210938,80.91999816894531,605200
2026-05-19 13:40:00+00:00,VALE3.SA,80.91000366210938,80.91999816894531,80.5999984741211,80.69000244140625,186100
2026-05-19 13:45:00+00:00,VALE3.SA,80.69000244140625,80.77999877929688,80.55000305175781,80.66999816894531,691600
2026-05-19 13:50:00+00:00,VALE3.SA,80.66000366210938,80.83000183105469,80.5,80.83000183105469,416300
2026-05-19 13:55:00+00:00,VALE3.SA,80.81999969482422,80.88999938964844,80.5,80.5,326700
2026-05-19 14:00:00+00:00,VALE3.SA,80.48999786376953,80.83000183105469,80.2300033569336,80.83000183105469,692500
2026-05-19 14:05:00+00:00,VALE3.SA,80.83999633789062,80.87999725341797,80.63999938964844,80.68000030517578,924000
2026-05-19 14:10:00+00:00,VALE3.SA,80.69000244140625,80.80999755859375,80.6500015258789,80.70999908447266,182100
2026-05-19 14:15:00+00:00,VALE3.SA,80.70999908447266,80.73999786376953,80.4000015258789,80.44999694824219,289000
2026-05-19 14:20:00+00:00,VALE3.SA,80.45999908447266,80.45999908447266,80.16999816894531,80.29000091552734,485500
2026-05-19 14:25:00+00:00,VALE3.SA,80.30999755859375,80.55000305175781,80.25,80.41999816894531,223000
2026-05-19 14:30:00+00:00,VALE3.SA,80.43000030517578,80.56999969482422,80.36000061035156,80.37000274658203,113600
2026-05-19 14:35:00+00:00,VALE3.SA,80.37000274658203,80.5999984741211,80.36000061035156,80.5,274500
2026-05-19 14:40:00+00:00,VALE3.SA,80.48999786376953,80.54000091552734,80.36000061035156,80.41000366210938,199600
2026-05-19 14:45:00+00:00,VALE3.SA,80.41999816894531,80.48999786376953,80.22000122070312,80.26000213623047,380200
2026-05-19 14:50:00+00:00,VALE3.SA,80.2699966430664,80.3499984741211,80.25,80.30999755859375,168500
2026-05-19 14:55:00+00:00,VALE3.SA,80.30000305175781,80.4000015258789,80.25,80.25,209100
2026-05-19 15:00:00+00:00,VALE3.SA,80.25,80.58000183105469,80.25,80.55999755859375,139900
2026-05-19 15:05:00+00:00,VALE3.SA,80.55000305175781,80.56999969482422,80.38999938964844,80.43000030517578,88500
2026-05-19 15:10:00+00:00,VALE3.SA,80.44000244140625,80.54000091552734,80.43000030517578,80.5,73500
2026-05-19 15:15:00+00:00,VALE3.SA,80.5199966430664,80.58000183105469,80.44000244140625,80.54000091552734,94100
2026-05-19 15:20:00+00:00,VALE3.SA,80.54000091552734,80.56999969482422,80.44999694824219,80.51000213623047,222900
2026-05-19 15:25:00+00:00,VALE3.SA,80.51000213623047,80.58999633789062,80.47000122070312,80.58999633789062,107200
2026-05-19 15:30:00+00:00,VALE3.SA,80.58000183105469,80.6500015258789,80.51000213623047,80.56999969482422,196900
2026-05-19 15:35:00+00:00,VALE3.SA,80.56999969482422,80.68000030517578,80.45999908447266,80.68000030517578,345500
2026-05-19 15:40:00+00:00,VALE3.SA,80.69000244140625,80.70999908447266,80.5999984741211,80.62999725341797,92000
2026-05-19 15:45:00+00:00,VALE3.SA,80.6500015258789,80.70999908447266,80.62000274658203,80.66000366210938,90600
2026-05-19 15:50:00+00:00,VALE3.SA,80.66999816894531,80.69999694824219,80.52999877929688,80.62000274658203,84800
2026-05-19 15:55:00+00:00,VALE3.SA,80.62000274658203,80.66000366210938,80.55999755859375,80.62000274658203,77900
2026-05-19 16:00:00+00:00,VALE3.SA,80.62999725341797,80.72000122070312,80.58999633789062,80.5999984741211,54800
2026-05-19 16:05:00+00:00,VALE3.SA,80.5999984741211,80.5999984741211,80.4000015258789,80.4000015258789,340700
2026-05-19 16:10:00+00:00,VALE3.SA,80.41999816894531,80.45999908447266,80.33000183105469,80.37000274658203,228200
2026-05-19 16:15:00+00:00,VALE3.SA,80.36000061035156,80.38999938964844,80.27999877929688,80.29000091552734,45700
2026-05-19 16:20:00+00:00,VALE3.SA,80.29000091552734,80.41000366210938,80.2699966430664,80.38999938964844,132200
2026-05-19 16:25:00+00:00,VALE3.SA,80.37999725341797,80.54000091552734,80.3499984741211,80.52999877929688,84600
2026-05-19 16:30:00+00:00,VALE3.SA,80.5199966430664,80.62000274658203,80.51000213623047,80.58000183105469,106000
2026-05-19 16:35:00+00:00,VALE3.SA,80.58000183105469,80.69999694824219,80.55000305175781,80.68000030517578,108600
2026-05-19 16:40:00+00:00,VALE3.SA,80.66999816894531,80.77999877929688,80.66999816894531,80.76000213623047,120500
2026-05-19 16:45:00+00:00,VALE3.SA,80.76000213623047,80.80000305175781,80.73999786376953,80.77999877929688,79700
2026-05-19 16:50:00+00:00,VALE3.SA,80.7699966430664,80.81999969482422,80.72000122070312,80.72000122070312,128800
2026-05-19 16:55:00+00:00,VALE3.SA,80.73999786376953,81.05000305175781,80.7300033569336,81.04000091552734,125300
2026-05-19 17:00:00+00:00,VALE3.SA,81.01000213623047,81.02999877929688,80.94999694824219,80.9800033569336,42900
2026-05-19 17:05:00+00:00,VALE3.SA,80.97000122070312,81.02999877929688,80.91000366210938,81.0199966430664,38000
2026-05-19 17:10:00+00:00,VALE3.SA,81.04000091552734,81.12000274658203,81.02999877929688,81.12000274658203,91200
2026-05-19 17:15:00+00:00,VALE3.SA,81.12000274658203,81.27999877929688,81.12000274658203,81.16999816894531,124400
2026-05-19 17:20:00+00:00,VALE3.SA,81.16999816894531,81.27999877929688,81.12999725341797,81.25,444200
2026-05-19 17:25:00+00:00,VALE3.SA,81.25,81.2699966430664,81.20999908447266,81.25,55800
2026-05-19 17:30:00+00:00,VALE3.SA,81.23999786376953,81.2699966430664,81.12999725341797,81.1500015258789,53800
2026-05-19 17:35:00+00:00,VALE3.SA,81.1500015258789,81.16000366210938,81.0199966430664,81.11000061035156,214400
2026-05-19 17:40:00+00:00,VALE3.SA,81.11000061035156,81.12999725341797,81.05000305175781,81.12999725341797,462200
2026-05-19 17:45:00+00:00,VALE3.SA,81.11000061035156,81.16999816894531,81.05000305175781,81.16999816894531,78000
2026-05-19 17:50:00+00:00,VALE3.SA,81.16000366210938,81.18000030517578,81.05999755859375,81.11000061035156,71600
2026-05-19 17:55:00+00:00,VALE3.SA,81.11000061035156,81.16000366210938,81.08000183105469,81.1500015258789,49400
2026-05-19 18:00:00+00:00,VALE3.SA,81.1500015258789,81.19999694824219,81.0199966430664,81.08000183105469,133800
2026-05-19 18:05:00+00:00,VALE3.SA,81.05999755859375,81.18000030517578,81.02999877929688,81.18000030517578,51400
2026-05-19 18:10:00+00:00,VALE3.SA,81.1500015258789,81.18000030517578,80.94000244140625,80.94000244140625,136800
2026-05-19 18:15:00+00:00,VALE3.SA,80.94000244140625,80.97000122070312,80.81999969482422,80.81999969482422,161800
2026-05-19 18:20:00+00:00,VALE3.SA,80.81999969482422,80.83000183105469,80.5999984741211,80.76000213623047,209100
2026-05-19 18:25:00+00:00,VALE3.SA,80.75,80.80999755859375,80.66000366210938,80.68000030517578,166700
2026-05-19 18:30:00+00:00,VALE3.SA,80.68000030517578,80.75,80.5999984741211,80.75,143700
2026-05-19 18:35:00+00:00,VALE3.SA,80.73999786376953,80.81999969482422,80.69999694824219,80.76000213623047,105500
2026-05-19 18:40:00+00:00,VALE3.SA,80.75,80.83000183105469,80.72000122070312,80.77999877929688,120800
2026-05-19 18:45:00+00:00,VALE3.SA,80.7699966430664,80.79000091552734,80.70999908447266,80.76000213623047,435200
2026-05-19 18:50:00+00:00,VALE3.SA,80.76000213623047,80.88999938964844,80.72000122070312,80.79000091552734,207800
2026-05-19 18:55:00+00:00,VALE3.SA,80.80000305175781,80.83999633789062,80.69999694824219,80.83000183105469,166000
2026-05-19 19:00:00+00:00,VALE3.SA,80.81999969482422,80.9000015258789,80.79000091552734,80.81999969482422,137400
2026-05-19 19:05:00+00:00,VALE3.SA,80.81999969482422,80.95999908447266,80.76000213623047,80.94000244140625,145500
2026-05-19 19:10:00+00:00,VALE3.SA,80.94000244140625,80.94999694824219,80.88999938964844,80.94000244140625,103800
2026-05-19 19:15:00+00:00,VALE3.SA,80.94000244140625,80.94999694824219,80.87000274658203,80.91000366210938,130600
2026-05-19 19:20:00+00:00,VALE3.SA,80.91000366210938,80.93000030517578,80.80000305175781,80.80999755859375,205900
2026-05-19 19:25:00+00:00,VALE3.SA,80.80000305175781,80.94000244140625,80.75,80.91999816894531,326000
2026-05-19 19:30:00+00:00,VALE3.SA,80.91999816894531,80.95999908447266,80.70999908447266,80.7300033569336,445700
2026-05-19 19:35:00+00:00,VALE3.SA,80.7300033569336,80.81999969482422,80.69000244140625,80.79000091552734,715500
2026-05-19 19:40:00+00:00,VALE3.SA,80.79000091552734,80.9000015258789,80.76000213623047,80.83999633789062,259900
2026-05-19 19:45:00+00:00,VALE3.SA,80.83999633789062,80.91999816894531,80.80999755859375,80.9000015258789,282500
2026-05-19 19:50:00+00:00,VALE3.SA,80.9000015258789,81.0,80.73999786376953,80.81999969482422,594200
2026-05-20 13:00:00+00:00,VALE3.SA,81.44999694824219,82.08000183105469,81.44999694824219,81.72000122070312,0
2026-05-20 13:05:00+00:00,VALE3.SA,81.76000213623047,81.94000244140625,81.4800033569336,81.70999908447266,172100
2026-05-20 13:10:00+00:00,VALE3.SA,81.7300033569336,81.91999816894531,81.7300033569336,81.77999877929688,95900
2026-05-20 13:15:00+00:00,VALE3.SA,81.77999877929688,81.8499984741211,81.69999694824219,81.70999908447266,58400
2026-05-20 13:20:00+00:00,VALE3.SA,81.69000244140625,81.91999816894531,81.66999816894531,81.88999938964844,95900
2026-05-20 13:25:00+00:00,VALE3.SA,81.88999938964844,82.0199966430664,81.75,81.87000274658203,232700
2026-05-20 13:30:00+00:00,VALE3.SA,81.83000183105469,81.93000030517578,81.38999938964844,81.51000213623047,319400
2026-05-20 13:35:00+00:00,VALE3.SA,81.52999877929688,81.6500015258789,81.44000244140625,81.54000091552734,181900
2026-05-20 13:40:00+00:00,VALE3.SA,81.55999755859375,81.70999908447266,81.33000183105469,81.6500015258789,437100
2026-05-20 13:45:00+00:00,VALE3.SA,81.70999908447266,81.8499984741211,81.56999969482422,81.66999816894531,111800
2026-05-20 13:50:00+00:00,VALE3.SA,81.66999816894531,81.70999908447266,81.56999969482422,81.63999938964844,172100
2026-05-20 13:55:00+00:00,VALE3.SA,81.63999938964844,81.81999969482422,81.58999633789062,81.61000061035156,141400
2026-05-20 14:00:00+00:00,VALE3.SA,81.62999725341797,81.62999725341797,81.0999984741211,81.18000030517578,177100
2026-05-20 14:05:00+00:00,VALE3.SA,81.18000030517578,81.19000244140625,81.05999755859375,81.08000183105469,216700
2026-05-20 14:10:00+00:00,VALE3.SA,81.08000183105469,81.1500015258789,80.8499984741211,81.05000305175781,190100
2026-05-20 14:15:00+00:00,VALE3.SA,81.05999755859375,81.72000122070312,81.05999755859375,81.4800033569336,709000
2026-05-20 14:20:00+00:00,VALE3.SA,81.4800033569336,81.69000244140625,81.44999694824219,81.56999969482422,221700
2026-05-20 14:25:00+00:00,VALE3.SA,81.55000305175781,81.58000183105469,81.43000030517578,81.4800033569336,583200
2026-05-20 14:30:00+00:00,VALE3.SA,81.45999908447266,81.55000305175781,81.38999938964844,81.38999938964844,250000
2026-05-20 14:35:00+00:00,VALE3.SA,81.37000274658203,81.41000366210938,81.20999908447266,81.20999908447266,104600
2026-05-20 14:40:00+00:00,VALE3.SA,81.22000122070312,81.27999877929688,81.13999938964844,81.26000213623047,103100
2026-05-20 14:45:00+00:00,VALE3.SA,81.26000213623047,81.30999755859375,81.19999694824219,81.19999694824219,126600
2026-05-20 14:50:00+00:00,VALE3.SA,81.19999694824219,81.22000122070312,81.08000183105469,81.16999816894531,126200
2026-05-20 14:55:00+00:00,VALE3.SA,81.19000244140625,81.25,81.11000061035156,81.12000274658203,94200
2026-05-20 15:00:00+00:00,VALE3.SA,81.12999725341797,81.16000366210938,80.95999908447266,81.04000091552734,126400
2026-05-20 15:05:00+00:00,VALE3.SA,81.05999755859375,81.08000183105469,80.9800033569336,80.98999786376953,79600
2026-05-20 15:10:00+00:00,VALE3.SA,81.0,81.12999725341797,80.98999786376953,81.02999877929688,160100
2026-05-20 15:15:00+00:00,VALE3.SA,81.04000091552734,81.69999694824219,81.04000091552734,81.41000366210938,380900
2026-05-20 15:20:00+00:00,VALE3.SA,81.41000366210938,81.41999816894531,81.20999908447266,81.25,165200
2026-05-20 15:25:00+00:00,VALE3.SA,81.20999908447266,81.2300033569336,81.08999633789062,81.20999908447266,84800
2026-05-20 15:30:00+00:00,VALE3.SA,81.22000122070312,81.3499984741211,81.22000122070312,81.27999877929688,100400
2026-05-20 15:35:00+00:00,VALE3.SA,81.29000091552734,81.3499984741211,81.2699966430664,81.30999755859375,74300
2026-05-20 15:40:00+00:00,VALE3.SA,81.31999969482422,81.33000183105469,81.1500015258789,81.2300033569336,116400
2026-05-20 15:45:00+00:00,VALE3.SA,81.22000122070312,81.29000091552734,81.19000244140625,81.19999694824219,93200
2026-05-20 15:50:00+00:00,VALE3.SA,81.22000122070312,81.22000122070312,81.08999633789062,81.0999984741211,68700
2026-05-20 15:55:00+00:00,VALE3.SA,81.11000061035156,81.16000366210938,81.0199966430664,81.08000183105469,84600
2026-05-20 16:00:00+00:00,VALE3.SA,81.08999633789062,81.31999969482422,81.05999755859375,81.31999969482422,75500
2026-05-20 16:05:00+00:00,VALE3.SA,81.31999969482422,81.5199966430664,81.30999755859375,81.41999816894531,163600
2026-05-20 16:10:00+00:00,VALE3.SA,81.44999694824219,81.5199966430664,81.3499984741211,81.48999786376953,165700
2026-05-20 16:15:00+00:00,VALE3.SA,81.5,81.68000030517578,81.48999786376953,81.61000061035156,431600
2026-05-20 16:20:00+00:00,VALE3.SA,81.61000061035156,81.63999938964844,81.5199966430664,81.61000061035156,400800
2026-05-20 16:25:00+00:00,VALE3.SA,81.5999984741211,81.5999984741211,81.5,81.55999755859375,122900
2026-05-20 16:30:00+00:00,VALE3.SA,81.56999969482422,81.66000366210938,81.55000305175781,81.66000366210938,142300
2026-05-20 16:35:00+00:00,VALE3.SA,81.6500015258789,81.72000122070312,81.5999984741211,81.61000061035156,144800
2026-05-20 16:40:00+00:00,VALE3.SA,81.62000274658203,81.69999694824219,81.58999633789062,81.68000030517578,114200
2026-05-20 16:45:00+00:00,VALE3.SA,81.69999694824219,81.73999786376953,81.5199966430664,81.5999984741211,111000
2026-05-20 16:50:00+00:00,VALE3.SA,81.58000183105469,81.7699966430664,81.55999755859375,81.73999786376953,189100
2026-05-20 16:55:00+00:00,VALE3.SA,81.72000122070312,81.80000305175781,81.5999984741211,81.73999786376953,331600
2026-05-20 17:00:00+00:00,VALE3.SA,81.73999786376953,81.73999786376953,81.62000274658203,81.66000366210938,169900
2026-05-20 17:05:00+00:00,VALE3.SA,81.66999816894531,81.7699966430664,81.63999938964844,81.75,118700
2026-05-20 17:10:00+00:00,VALE3.SA,81.73999786376953,81.83000183105469,81.70999908447266,81.80000305175781,131700
2026-05-20 17:15:00+00:00,VALE3.SA,81.77999877929688,81.81999969482422,81.7300033569336,81.80000305175781,128300
2026-05-20 17:20:00+00:00,VALE3.SA,81.80000305175781,81.87000274658203,81.79000091552734,81.83999633789062,63000
2026-05-20 17:25:00+00:00,VALE3.SA,81.83999633789062,81.87000274658203,81.7699966430664,81.83999633789062,85200
2026-05-20 17:30:00+00:00,VALE3.SA,81.83999633789062,81.87000274658203,81.77999877929688,81.81999969482422,90600
2026-05-20 17:35:00+00:00,VALE3.SA,81.80999755859375,81.95999908447266,81.80999755859375,81.81999969482422,110200
2026-05-20 17:40:00+00:00,VALE3.SA,81.81999969482422,81.87000274658203,81.81999969482422,81.8499984741211,74600
2026-05-20 17:45:00+00:00,VALE3.SA,81.8499984741211,81.91999816894531,81.8499984741211,81.91999816894531,64700
2026-05-20 17:50:00+00:00,VALE3.SA,81.91999816894531,81.93000030517578,81.83999633789062,81.87000274658203,110200
2026-05-20 17:55:00+00:00,VALE3.SA,81.87000274658203,81.9800033569336,81.87000274658203,81.9000015258789,110100
2026-05-20 18:00:00+00:00,VALE3.SA,81.9000015258789,81.95999908447266,81.87999725341797,81.94999694824219,86000
2026-05-20 18:05:00+00:00,VALE3.SA,81.94999694824219,82.0,81.94000244140625,81.95999908447266,95300
2026-05-20 18:10:00+00:00,VALE3.SA,81.95999908447266,82.0,81.91000366210938,81.91000366210938,68600
2026-05-20 18:15:00+00:00,VALE3.SA,81.91000366210938,81.98999786376953,81.9000015258789,81.91999816894531,79200
2026-05-20 18:20:00+00:00,VALE3.SA,81.91000366210938,81.94999694824219,81.8499984741211,81.88999938964844,91900
2026-05-20 18:25:00+00:00,VALE3.SA,81.9000015258789,81.91999816894531,81.8499984741211,81.91000366210938,36400
2026-05-20 18:30:00+00:00,VALE3.SA,81.91000366210938,81.98999786376953,81.88999938964844,81.9800033569336,131600
2026-05-20 18:35:00+00:00,VALE3.SA,81.9800033569336,82.04000091552734,81.94999694824219,82.04000091552734,255800
2026-05-20 18:40:00+00:00,VALE3.SA,82.04000091552734,82.04000091552734,81.91000366210938,81.91000366210938,80900
2026-05-20 18:45:00+00:00,VALE3.SA,81.9000015258789,81.95999908447266,81.9000015258789,81.93000030517578,68500
2026-05-20 18:50:00+00:00,VALE3.SA,81.93000030517578,81.95999908447266,81.9000015258789,81.94999694824219,55100
2026-05-20 18:55:00+00:00,VALE3.SA,81.95999908447266,82.02999877929688,81.95999908447266,81.97000122070312,117300
2026-05-20 19:00:00+00:00,VALE3.SA,81.97000122070312,82.13999938964844,81.97000122070312,82.05000305175781,145500
2026-05-20 19:05:00+00:00,VALE3.SA,82.05000305175781,82.1500015258789,82.0199966430664,82.05000305175781,79000
2026-05-20 19:10:00+00:00,VALE3.SA,82.05000305175781,82.0999984741211,82.0,82.0999984741211,104000
2026-05-20 19:15:00+00:00,VALE3.SA,82.08999633789062,82.19000244140625,82.06999969482422,82.18000030517578,94500
2026-05-20 19:20:00+00:00,VALE3.SA,82.19000244140625,82.19000244140625,82.02999877929688,82.05999755859375,135300
2026-05-20 19:25:00+00:00,VALE3.SA,82.08000183105469,82.08000183105469,81.94999694824219,81.9800033569336,145900
2026-05-20 19:30:00+00:00,VALE3.SA,81.9800033569336,82.13999938964844,81.95999908447266,82.12999725341797,588900
2026-05-20 19:35:00+00:00,VALE3.SA,82.12999725341797,82.18000030517578,82.05999755859375,82.11000061035156,320900
2026-05-20 19:40:00+00:00,VALE3.SA,82.12000274658203,82.20999908447266,82.02999877929688,82.02999877929688,183600
2026-05-20 19:45:00+00:00,VALE3.SA,82.04000091552734,82.08999633789062,82.0,82.05999755859375,534600
2026-05-20 19:50:00+00:00,VALE3.SA,82.05999755859375,82.08999633789062,81.93000030517578,82.05000305175781,325100
2026-05-21 13:00:00+00:00,VALE3.SA,81.36000061035156,81.5999984741211,81.36000061035156,81.4800033569336,0
2026-05-21 13:05:00+00:00,VALE3.SA,81.44999694824219,81.5999984741211,81.26000213623047,81.31999969482422,190200
2026-05-21 13:10:00+00:00,VALE3.SA,81.27999877929688,81.47000122070312,81.25,81.41999816894531,84800
2026-05-21 13:15:00+00:00,VALE3.SA,81.44999694824219,81.45999908447266,81.26000213623047,81.29000091552734,95300
2026-05-21 13:20:00+00:00,VALE3.SA,81.2699966430664,81.43000030517578,81.26000213623047,81.31999969482422,108900
2026-05-21 13:25:00+00:00,VALE3.SA,81.33000183105469,81.48999786376953,81.26000213623047,81.4800033569336,80000
2026-05-21 13:30:00+00:00,VALE3.SA,81.43000030517578,81.5,81.22000122070312,81.29000091552734,621000
2026-05-21 13:35:00+00:00,VALE3.SA,81.27999877929688,81.52999877929688,81.2699966430664,81.4800033569336,616300
2026-05-21 13:40:00+00:00,VALE3.SA,81.4800033569336,81.73999786376953,81.37999725341797,81.6500015258789,120800
2026-05-21 13:45:00+00:00,VALE3.SA,81.61000061035156,81.80999755859375,81.61000061035156,81.70999908447266,186000
2026-05-21 13:50:00+00:00,VALE3.SA,81.72000122070312,82.08999633789062,81.63999938964844,81.97000122070312,155100
2026-05-21 13:55:00+00:00,VALE3.SA,81.9800033569336,82.04000091552734,81.77999877929688,81.94999694824219,226500
2026-05-21 14:00:00+00:00,VALE3.SA,81.93000030517578,82.0,81.86000061035156,81.91999816894531,724300
2026-05-21 14:05:00+00:00,VALE3.SA,81.94000244140625,82.0,81.9000015258789,81.94999694824219,119500
2026-05-21 14:10:00+00:00,VALE3.SA,81.94000244140625,81.97000122070312,81.9000015258789,81.91999816894531,153300
2026-05-21 14:15:00+00:00,VALE3.SA,81.91999816894531,82.08999633789062,81.80000305175781,81.95999908447266,171400
2026-05-21 14:20:00+00:00,VALE3.SA,81.98999786376953,82.0199966430664,81.9000015258789,82.01000213623047,109600
2026-05-21 14:25:00+00:00,VALE3.SA,82.01000213623047,82.12999725341797,81.98999786376953,82.05000305175781,63200
2026-05-21 14:30:00+00:00,VALE3.SA,82.05000305175781,82.18000030517578,82.0,82.0199966430664,120400
2026-05-21 14:35:00+00:00,VALE3.SA,82.0199966430664,82.08999633789062,81.94000244140625,81.94999694824219,48300
2026-05-21 14:40:00+00:00,VALE3.SA,81.94000244140625,81.94000244140625,81.61000061035156,81.62000274658203,101800
2026-05-21 14:45:00+00:00,VALE3.SA,81.66000366210938,81.7699966430664,81.66000366210938,81.7699966430664,111200
2026-05-21 14:50:00+00:00,VALE3.SA,81.7699966430664,81.87000274658203,81.75,81.86000061035156,89600
2026-05-21 14:55:00+00:00,VALE3.SA,81.8499984741211,81.87999725341797,81.77999877929688,81.83999633789062,28500
2026-05-21 15:00:00+00:00,VALE3.SA,81.83999633789062,81.9800033569336,81.83999633789062,81.95999908447266,23300
2026-05-21 15:05:00+00:00,VALE3.SA,81.97000122070312,81.97000122070312,81.83000183105469,81.88999938964844,46700
2026-05-21 15:10:00+00:00,VALE3.SA,81.91000366210938,82.12000274658203,81.87999725341797,82.0,1431500
2026-05-21 15:15:00+00:00,VALE3.SA,82.04000091552734,82.04000091552734,81.95999908447266,81.98999786376953,29800
2026-05-21 15:20:00+00:00,VALE3.SA,81.95999908447266,81.98999786376953,81.9000015258789,81.91000366210938,31800
2026-05-21 15:25:00+00:00,VALE3.SA,81.91000366210938,81.9800033569336,81.9000015258789,81.9000015258789,95300
2026-05-21 15:30:00+00:00,VALE3.SA,81.9000015258789,81.91000366210938,81.8499984741211,81.86000061035156,81300
2026-05-21 15:35:00+00:00,VALE3.SA,81.8499984741211,81.87999725341797,81.81999969482422,81.83999633789062,68400
2026-05-21 15:40:00+00:00,VALE3.SA,81.83999633789062,81.88999938964844,81.81999969482422,81.87999725341797,25900
2026-05-21 15:45:00+00:00,VALE3.SA,81.87000274658203,81.94000244140625,81.87000274658203,81.9000015258789,60200
2026-05-21 15:50:00+00:00,VALE3.SA,81.91000366210938,81.93000030517578,81.9000015258789,81.9000015258789,146900
2026-05-21 15:55:00+00:00,VALE3.SA,81.9000015258789,81.94999694824219,81.9000015258789,81.94999694824219,96900
2026-05-21 16:00:00+00:00,VALE3.SA,81.95999908447266,82.06999969482422,81.93000030517578,82.02999877929688,68400
2026-05-21 16:05:00+00:00,VALE3.SA,82.02999877929688,82.06999969482422,82.01000213623047,82.04000091552734,62400
2026-05-21 16:10:00+00:00,VALE3.SA,82.04000091552734,82.08999633789062,82.0,82.08999633789062,45800
2026-05-21 16:15:00+00:00,VALE3.SA,82.0999984741211,82.13999938964844,82.04000091552734,82.13999938964844,43600
2026-05-21 16:20:00+00:00,VALE3.SA,82.13999938964844,82.20999908447266,82.05999755859375,82.0999984741211,193600
2026-05-21 16:25:00+00:00,VALE3.SA,82.0999984741211,82.12000274658203,82.06999969482422,82.08999633789062,54500
2026-05-21 16:30:00+00:00,VALE3.SA,82.08999633789062,82.1500015258789,81.98999786376953,82.01000213623047,170900
2026-05-21 16:35:00+00:00,VALE3.SA,82.01000213623047,82.05000305175781,81.94000244140625,81.98999786376953,44600
2026-05-21 16:40:00+00:00,VALE3.SA,81.98999786376953,82.05000305175781,81.9800033569336,82.05000305175781,16000
2026-05-21 16:45:00+00:00,VALE3.SA,82.05000305175781,82.05999755859375,81.91999816894531,81.91999816894531,22600
2026-05-21 16:50:00+00:00,VALE3.SA,81.94000244140625,82.0,81.91999816894531,81.97000122070312,339800
2026-05-21 16:55:00+00:00,VALE3.SA,81.9800033569336,81.98999786376953,81.87999725341797,81.88999938964844,89100
2026-05-21 17:00:00+00:00,VALE3.SA,81.88999938964844,81.9800033569336,81.88999938964844,81.9800033569336,220700
2026-05-21 17:05:00+00:00,VALE3.SA,81.95999908447266,81.95999908447266,81.87999725341797,81.88999938964844,23500
2026-05-21 17:10:00+00:00,VALE3.SA,81.88999938964844,82.1500015258789,81.88999938964844,82.0999984741211,132500
2026-05-21 17:15:00+00:00,VALE3.SA,82.08999633789062,82.43000030517578,82.08999633789062,82.33999633789062,651300
2026-05-21 17:20:00+00:00,VALE3.SA,82.31999969482422,82.54000091552734,82.30000305175781,82.38999938964844,419300
2026-05-21 17:25:00+00:00,VALE3.SA,82.37000274658203,82.52999877929688,82.30000305175781,82.52999877929688,456800
2026-05-21 17:30:00+00:00,VALE3.SA,82.52999877929688,82.58999633789062,82.41000366210938,82.5199966430664,171400
2026-05-21 17:35:00+00:00,VALE3.SA,82.5199966430664,82.58000183105469,82.45999908447266,82.5,43700
2026-05-21 17:40:00+00:00,VALE3.SA,82.47000122070312,82.5,82.4000015258789,82.47000122070312,58900
2026-05-21 17:45:00+00:00,VALE3.SA,82.47000122070312,82.62000274658203,82.44999694824219,82.62000274658203,89800
2026-05-21 17:50:00+00:00,VALE3.SA,82.63999938964844,82.83000183105469,82.62000274658203,82.79000091552734,229300
2026-05-21 17:55:00+00:00,VALE3.SA,82.79000091552734,82.87999725341797,82.5999984741211,82.66000366210938,150900
2026-05-21 18:00:00+00:00,VALE3.SA,82.62999725341797,82.68000030517578,82.51000213623047,82.52999877929688,106400
2026-05-21 18:05:00+00:00,VALE3.SA,82.5,82.58999633789062,82.47000122070312,82.54000091552734,99600
2026-05-21 18:10:00+00:00,VALE3.SA,82.55999755859375,82.7300033569336,82.51000213623047,82.62000274658203,96800
2026-05-21 18:15:00+00:00,VALE3.SA,82.62999725341797,82.69000244140625,82.5999984741211,82.68000030517578,51100
2026-05-21 18:20:00+00:00,VALE3.SA,82.69000244140625,82.73999786376953,82.6500015258789,82.69999694824219,60700
2026-05-21 18:25:00+00:00,VALE3.SA,82.70999908447266,82.77999877929688,82.69999694824219,82.72000122070312,56900
2026-05-21 18:30:00+00:00,VALE3.SA,82.70999908447266,82.70999908447266,82.55000305175781,82.58000183105469,57800
2026-05-21 18:35:00+00:00,VALE3.SA,82.5999984741211,82.62000274658203,82.52999877929688,82.55999755859375,21400
2026-05-21 18:40:00+00:00,VALE3.SA,82.55000305175781,82.62999725341797,82.51000213623047,82.51000213623047,38400
2026-05-21 18:45:00+00:00,VALE3.SA,82.51000213623047,82.58000183105469,82.33000183105469,82.33999633789062,154500
2026-05-21 18:50:00+00:00,VALE3.SA,82.36000061035156,82.47000122070312,82.2300033569336,82.2300033569336,156900
2026-05-21 18:55:00+00:00,VALE3.SA,82.22000122070312,82.30000305175781,82.19000244140625,82.29000091552734,143400
2026-05-21 19:00:00+00:00,VALE3.SA,82.27999877929688,82.4000015258789,82.27999877929688,82.4000015258789,67200
2026-05-21 19:05:00+00:00,VALE3.SA,82.4000015258789,82.47000122070312,82.31999969482422,82.45999908447266,55200
2026-05-21 19:10:00+00:00,VALE3.SA,82.47000122070312,82.55000305175781,82.41000366210938,82.5199966430664,580000
2026-05-21 19:15:00+00:00,VALE3.SA,82.51000213623047,82.61000061035156,82.51000213623047,82.55000305175781,64000
2026-05-21 19:20:00+00:00,VALE3.SA,82.56999969482422,82.5999984741211,82.5199966430664,82.55000305175781,22000
2026-05-21 19:25:00+00:00,VALE3.SA,82.55000305175781,82.58000183105469,82.5,82.51000213623047,25900
2026-05-21 19:30:00+00:00,VALE3.SA,82.51000213623047,82.56999969482422,82.5,82.52999877929688,67900
2026-05-21 19:35:00+00:00,VALE3.SA,82.52999877929688,82.62999725341797,82.5,82.62000274658203,192900
2026-05-21 19:40:00+00:00,VALE3.SA,82.62000274658203,82.66999816894531,82.54000091552734,82.63999938964844,709000
2026-05-21 19:45:00+00:00,VALE3.SA,82.63999938964844,82.75,82.61000061035156,82.7300033569336,205400
2026-05-21 19:50:00+00:00,VALE3.SA,82.72000122070312,82.77999877929688,82.6500015258789,82.6500015258789,297000
2026-05-22 13:00:00+00:00,VALE3.SA,82.33000183105469,82.52999877929688,81.97000122070312,82.06999969482422,0
2026-05-22 13:05:00+00:00,VALE3.SA,82.06999969482422,82.5199966430664,82.0,82.4000015258789,176200
2026-05-22 13:10:00+00:00,VALE3.SA,82.43000030517578,82.80000305175781,82.31999969482422,82.7699966430664,251300
2026-05-22 13:15:00+00:00,VALE3.SA,82.76000213623047,83.08000183105469,82.62000274658203,82.91000366210938,628400
2026-05-22 13:20:00+00:00,VALE3.SA,82.95999908447266,82.97000122070312,82.5999984741211,82.69999694824219,358400
2026-05-22 13:25:00+00:00,VALE3.SA,82.69999694824219,82.73999786376953,82.55999755859375,82.68000030517578,84100
2026-05-22 13:30:00+00:00,VALE3.SA,82.6500015258789,82.69999694824219,82.3499984741211,82.58000183105469,553100
2026-05-22 13:35:00+00:00,VALE3.SA,82.54000091552734,82.61000061035156,82.5,82.55000305175781,210200
2026-05-22 13:40:00+00:00,VALE3.SA,82.58000183105469,82.7699966430664,82.5,82.7699966430664,274600
2026-05-22 13:45:00+00:00,VALE3.SA,82.76000213623047,82.87000274658203,82.62999725341797,82.69000244140625,153900
2026-05-22 13:50:00+00:00,VALE3.SA,82.66999816894531,82.72000122070312,82.55000305175781,82.69000244140625,272900
2026-05-22 13:55:00+00:00,VALE3.SA,82.68000030517578,82.68000030517578,82.4000015258789,82.52999877929688,120400
2026-05-22 14:00:00+00:00,VALE3.SA,82.54000091552734,82.54000091552734,82.4000015258789,82.51000213623047,174100
2026-05-22 14:05:00+00:00,VALE3.SA,82.51000213623047,82.63999938964844,82.48999786376953,82.62000274658203,81400
2026-05-22 14:10:00+00:00,VALE3.SA,82.62000274658203,82.62999725341797,82.12999725341797,82.12999725341797,575000
2026-05-22 14:15:00+00:00,VALE3.SA,82.12000274658203,82.16999816894531,81.8499984741211,81.95999908447266,305600
2026-05-22 14:20:00+00:00,VALE3.SA,81.95999908447266,82.08000183105469,81.94000244140625,82.02999877929688,140400
2026-05-22 14:25:00+00:00,VALE3.SA,82.02999877929688,82.08000183105469,82.01000213623047,82.05000305175781,57400
2026-05-22 14:30:00+00:00,VALE3.SA,82.04000091552734,82.16000366210938,82.04000091552734,82.05999755859375,69200
2026-05-22 14:35:00+00:00,VALE3.SA,82.08999633789062,82.16999816894531,82.04000091552734,82.0999984741211,106300
2026-05-22 14:40:00+00:00,VALE3.SA,82.11000061035156,82.19000244140625,82.0199966430664,82.05000305175781,75100
2026-05-22 14:45:00+00:00,VALE3.SA,82.05000305175781,82.16999816894531,82.05000305175781,82.0999984741211,49000
2026-05-22 14:50:00+00:00,VALE3.SA,82.08999633789062,82.0999984741211,82.0199966430664,82.08999633789062,25600
2026-05-22 14:55:00+00:00,VALE3.SA,82.08999633789062,82.16000366210938,82.08000183105469,82.1500015258789,45700
2026-05-22 15:00:00+00:00,VALE3.SA,82.12000274658203,82.30000305175781,82.11000061035156,82.26000213623047,69400
2026-05-22 15:05:00+00:00,VALE3.SA,82.26000213623047,82.43000030517578,82.26000213623047,82.43000030517578,54600
2026-05-22 15:10:00+00:00,VALE3.SA,82.41000366210938,82.5,82.41000366210938,82.44999694824219,106200
2026-05-22 15:15:00+00:00,VALE3.SA,82.47000122070312,82.55000305175781,82.41999816894531,82.48999786376953,53900
2026-05-22 15:20:00+00:00,VALE3.SA,82.5,82.6500015258789,82.4800033569336,82.61000061035156,59500
2026-05-22 15:25:00+00:00,VALE3.SA,82.62000274658203,82.69000244140625,82.5999984741211,82.66000366210938,31100
2026-05-22 15:30:00+00:00,VALE3.SA,82.66999816894531,82.72000122070312,82.56999969482422,82.58000183105469,68900
2026-05-22 15:35:00+00:00,VALE3.SA,82.58000183105469,82.62000274658203,82.55000305175781,82.55999755859375,31600
2026-05-22 15:40:00+00:00,VALE3.SA,82.55000305175781,82.5999984741211,82.44999694824219,82.45999908447266,55800
2026-05-22 15:45:00+00:00,VALE3.SA,82.44999694824219,82.44999694824219,82.30999755859375,82.30999755859375,43600
2026-05-22 15:50:00+00:00,VALE3.SA,82.31999969482422,82.4000015258789,82.31999969482422,82.37999725341797,40100
2026-05-22 15:55:00+00:00,VALE3.SA,82.4000015258789,82.44000244140625,82.36000061035156,82.41999816894531,20700
2026-05-22 16:00:00+00:00,VALE3.SA,82.41999816894531,82.5,82.38999938964844,82.48999786376953,30500
2026-05-22 16:05:00+00:00,VALE3.SA,82.48999786376953,82.5,82.36000061035156,82.36000061035156,40400
2026-05-22 16:10:00+00:00,VALE3.SA,82.37999725341797,82.4000015258789,82.30999755859375,82.33999633789062,46200
2026-05-22 16:15:00+00:00,VALE3.SA,82.33000183105469,82.36000061035156,82.2699966430664,82.31999969482422,52100
2026-05-22 16:20:00+00:00,VALE3.SA,82.31999969482422,82.38999938964844,82.30999755859375,82.38999938964844,174600
2026-05-22 16:25:00+00:00,VALE3.SA,82.37999725341797,82.41000366210938,82.30999755859375,82.37000274658203,43200
2026-05-22 16:30:00+00:00,VALE3.SA,82.37000274658203,82.38999938964844,82.30999755859375,82.33000183105469,19600
2026-05-22 16:35:00+00:00,VALE3.SA,82.33000183105469,82.4000015258789,82.31999969482422,82.4000015258789,21800
2026-05-22 16:40:00+00:00,VALE3.SA,82.4000015258789,82.48999786376953,82.37999725341797,82.4800033569336,45500
2026-05-22 16:45:00+00:00,VALE3.SA,82.4800033569336,82.54000091552734,82.41000366210938,82.43000030517578,48400
2026-05-22 16:50:00+00:00,VALE3.SA,82.45999908447266,82.5,82.44000244140625,82.45999908447266,48800
2026-05-22 16:55:00+00:00,VALE3.SA,82.45999908447266,82.47000122070312,82.4000015258789,82.41999816894531,40800
2026-05-22 17:00:00+00:00,VALE3.SA,82.43000030517578,82.58000183105469,82.41999816894531,82.5199966430664,30600
2026-05-22 17:05:00+00:00,VALE3.SA,82.4800033569336,82.55999755859375,82.4800033569336,82.55000305175781,77100
2026-05-22 17:10:00+00:00,VALE3.SA,82.55999755859375,82.5999984741211,82.5,82.5,31300
2026-05-22 17:15:00+00:00,VALE3.SA,82.5199966430664,82.61000061035156,82.4800033569336,82.4800033569336,87500
2026-05-22 17:20:00+00:00,VALE3.SA,82.4800033569336,82.5999984741211,82.4800033569336,82.5999984741211,25300
2026-05-22 17:25:00+00:00,VALE3.SA,82.61000061035156,82.80000305175781,82.58999633789062,82.80000305175781,149200
2026-05-22 17:30:00+00:00,VALE3.SA,82.80000305175781,82.94999694824219,82.69000244140625,82.72000122070312,209700
2026-05-22 17:35:00+00:00,VALE3.SA,82.72000122070312,82.8499984741211,82.70999908447266,82.81999969482422,59600
2026-05-22 17:40:00+00:00,VALE3.SA,82.83000183105469,82.83999633789062,82.72000122070312,82.76000213623047,41800
2026-05-22 17:45:00+00:00,VALE3.SA,82.72000122070312,82.77999877929688,82.69999694824219,82.73999786376953,46200
2026-05-22 17:50:00+00:00,VALE3.SA,82.73999786376953,82.7699966430664,82.63999938964844,82.69999694824219,33900
2026-05-22 17:55:00+00:00,VALE3.SA,82.69999694824219,82.75,82.69999694824219,82.7300033569336,23500
2026-05-22 18:00:00+00:00,VALE3.SA,82.7300033569336,82.7300033569336,82.62000274658203,82.72000122070312,284800
2026-05-22 18:05:00+00:00,VALE3.SA,82.69999694824219,82.83000183105469,82.69999694824219,82.79000091552734,583500
2026-05-22 18:10:00+00:00,VALE3.SA,82.79000091552734,82.87000274658203,82.76000213623047,82.87000274658203,61700
2026-05-22 18:15:00+00:00,VALE3.SA,82.87000274658203,82.87999725341797,82.77999877929688,82.81999969482422,23200
2026-05-22 18:20:00+00:00,VALE3.SA,82.79000091552734,82.94999694824219,82.79000091552734,82.91999816894531,109300
2026-05-22 18:25:00+00:00,VALE3.SA,82.94000244140625,82.94000244140625,82.87000274658203,82.94000244140625,57400
2026-05-22 18:30:00+00:00,VALE3.SA,82.93000030517578,82.94000244140625,82.8499984741211,82.87999725341797,162900
2026-05-22 18:35:00+00:00,VALE3.SA,82.87999725341797,82.91000366210938,82.77999877929688,82.81999969482422,211500
2026-05-22 18:40:00+00:00,VALE3.SA,82.80999755859375,82.8499984741211,82.73999786376953,82.75,78800
2026-05-22 18:45:00+00:00,VALE3.SA,82.76000213623047,82.86000061035156,82.76000213623047,82.83999633789062,41500
2026-05-22 18:50:00+00:00,VALE3.SA,82.86000061035156,82.95999908447266,82.83999633789062,82.93000030517578,53900
2026-05-22 18:55:00+00:00,VALE3.SA,82.94000244140625,83.0999984741211,82.91999816894531,83.04000091552734,191200
2026-05-22 19:00:00+00:00,VALE3.SA,83.05000305175781,83.06999969482422,82.95999908447266,82.95999908447266,109700
2026-05-22 19:05:00+00:00,VALE3.SA,82.95999908447266,82.98999786376953,82.91000366210938,82.9800033569336,59400
2026-05-22 19:10:00+00:00,VALE3.SA,82.97000122070312,83.06999969482422,82.97000122070312,83.0,72300
2026-05-22 19:15:00+00:00,VALE3.SA,83.01000213623047,83.12999725341797,83.0,83.08000183105469,181300
2026-05-22 19:20:00+00:00,VALE3.SA,83.08000183105469,83.08999633789062,83.0,83.05999755859375,72900
2026-05-22 19:25:00+00:00,VALE3.SA,83.05000305175781,83.0999984741211,83.01000213623047,83.01000213623047,89700
2026-05-22 19:30:00+00:00,VALE3.SA,83.04000091552734,83.06999969482422,83.01000213623047,83.05999755859375,101600
2026-05-22 19:35:00+00:00,VALE3.SA,83.05000305175781,83.13999938964844,83.04000091552734,83.11000061035156,119900
2026-05-22 19:40:00+00:00,VALE3.SA,83.0999984741211,83.12000274658203,82.9000015258789,82.98999786376953,189300
2026-05-22 19:45:00+00:00,VALE3.SA,83.0,83.0,82.86000061035156,82.9000015258789,196600
2026-05-22 19:50:00+00:00,VALE3.SA,82.9000015258789,82.91000366210938,82.80999755859375,82.80999755859375,200700
2026-05-25 13:05:00+00:00,VALE3.SA,82.83999633789062,82.91000366210938,82.72000122070312,82.72000122070312,0
2026-05-25 13:10:00+00:00,VALE3.SA,82.7300033569336,82.91999816894531,82.5,82.88999938964844,204500
2026-05-25 13:15:00+00:00,VALE3.SA,82.87000274658203,83.05999755859375,82.80999755859375,82.9000015258789,53700
2026-05-25 13:20:00+00:00,VALE3.SA,82.94999694824219,82.98999786376953,82.9000015258789,82.91000366210938,26900
2026-05-25 13:25:00+00:00,VALE3.SA,82.91000366210938,82.97000122070312,82.75,82.83000183105469,61800
2026-05-25 13:30:00+00:00,VALE3.SA,82.80000305175781,82.87000274658203,82.80000305175781,82.80000305175781,14200
2026-05-25 13:35:00+00:00,VALE3.SA,82.80000305175781,82.86000061035156,82.72000122070312,82.77999877929688,39600
2026-05-25 13:40:00+00:00,VALE3.SA,82.73999786376953,82.93000030517578,82.73999786376953,82.83999633789062,91800
2026-05-25 13:45:00+00:00,VALE3.SA,82.83000183105469,82.83000183105469,82.66000366210938,82.69999694824219,232300
2026-05-25 13:50:00+00:00,VALE3.SA,82.69999694824219,82.86000061035156,82.68000030517578,82.83999633789062,31300
2026-05-25 13:55:00+00:00,VALE3.SA,82.83000183105469,82.86000061035156,82.77999877929688,82.79000091552734,21100
2026-05-25 14:00:00+00:00,VALE3.SA,82.80999755859375,82.88999938964844,82.80000305175781,82.86000061035156,40500
2026-05-25 14:05:00+00:00,VALE3.SA,82.86000061035156,83.0199966430664,82.86000061035156,82.95999908447266,86500
2026-05-25 14:10:00+00:00,VALE3.SA,82.94999694824219,82.94999694824219,82.87000274658203,82.91000366210938,40000
2026-05-25 14:15:00+00:00,VALE3.SA,82.9000015258789,82.9000015258789,82.8499984741211,82.87999725341797,19200
2026-05-25 14:20:00+00:00,VALE3.SA,82.88999938964844,82.88999938964844,82.75,82.75,73800
2026-05-25 14:25:00+00:00,VALE3.SA,82.7699966430664,82.86000061035156,82.75,82.83000183105469,17500
2026-05-25 14:30:00+00:00,VALE3.SA,82.83000183105469,82.83999633789062,82.69000244140625,82.73999786376953,90600
2026-05-25 14:35:00+00:00,VALE3.SA,82.70999908447266,82.75,82.55999755859375,82.73999786376953,139000
2026-05-25 14:40:00+00:00,VALE3.SA,82.68000030517578,82.72000122070312,82.66999816894531,82.68000030517578,13000
2026-05-25 14:45:00+00:00,VALE3.SA,82.68000030517578,82.8499984741211,82.68000030517578,82.81999969482422,28100
2026-05-25 14:50:00+00:00,VALE3.SA,82.80000305175781,82.80999755859375,82.73999786376953,82.73999786376953,12000
2026-05-25 14:55:00+00:00,VALE3.SA,82.73999786376953,82.75,82.66999816894531,82.66999816894531,21300
2026-05-25 15:00:00+00:00,VALE3.SA,82.68000030517578,82.68000030517578,82.62999725341797,82.6500015258789,72100
2026-05-25 15:05:00+00:00,VALE3.SA,82.66000366210938,82.72000122070312,82.6500015258789,82.69999694824219,17400
2026-05-25 15:10:00+00:00,VALE3.SA,82.69000244140625,82.77999877929688,82.69000244140625,82.76000213623047,43900
2026-05-25 15:15:00+00:00,VALE3.SA,82.7699966430664,82.7699966430664,82.69999694824219,82.69999694824219,11400
2026-05-25 15:20:00+00:00,VALE3.SA,82.70999908447266,82.70999908447266,82.58999633789062,82.58999633789062,75400
2026-05-25 15:25:00+00:00,VALE3.SA,82.58999633789062,82.5999984741211,82.44999694824219,82.5,701100
2026-05-25 15:30:00+00:00,VALE3.SA,82.5,82.58999633789062,82.47000122070312,82.4800033569336,31400
2026-05-25 15:35:00+00:00,VALE3.SA,82.4800033569336,82.7300033569336,82.4800033569336,82.7300033569336,45100
2026-05-25 15:40:00+00:00,VALE3.SA,82.73999786376953,82.80000305175781,82.72000122070312,82.77999877929688,37400
2026-05-25 15:45:00+00:00,VALE3.SA,82.77999877929688,82.80999755859375,82.7699966430664,82.80000305175781,22700
2026-05-25 15:50:00+00:00,VALE3.SA,82.80000305175781,82.80000305175781,82.73999786376953,82.76000213623047,21200
2026-05-25 15:55:00+00:00,VALE3.SA,82.76000213623047,82.79000091552734,82.68000030517578,82.7300033569336,47200
2026-05-25 16:00:00+00:00,VALE3.SA,82.7300033569336,82.73999786376953,82.68000030517578,82.69999694824219,26100
2026-05-25 16:05:00+00:00,VALE3.SA,82.69999694824219,82.70999908447266,82.68000030517578,82.68000030517578,37500
2026-05-25 16:10:00+00:00,VALE3.SA,82.68000030517578,82.72000122070312,82.6500015258789,82.69999694824219,33100
2026-05-25 16:15:00+00:00,VALE3.SA,82.69999694824219,82.73999786376953,82.69999694824219,82.72000122070312,17800
2026-05-25 16:20:00+00:00,VALE3.SA,82.72000122070312,82.76000213623047,82.69999694824219,82.75,19600
2026-05-25 16:25:00+00:00,VALE3.SA,82.75,82.79000091552734,82.72000122070312,82.76000213623047,21800
2026-05-25 16:30:00+00:00,VALE3.SA,82.75,82.80000305175781,82.73999786376953,82.79000091552734,21400
2026-05-25 16:35:00+00:00,VALE3.SA,82.79000091552734,82.83999633789062,82.76000213623047,82.83000183105469,28800
2026-05-25 16:40:00+00:00,VALE3.SA,82.83999633789062,82.83999633789062,82.80999755859375,82.81999969482422,26100
2026-05-25 16:45:00+00:00,VALE3.SA,82.81999969482422,82.86000061035156,82.80000305175781,82.80999755859375,27400
2026-05-25 16:50:00+00:00,VALE3.SA,82.80999755859375,82.83999633789062,82.80000305175781,82.80000305175781,30100
2026-05-25 16:55:00+00:00,VALE3.SA,82.80999755859375,82.83999633789062,82.75,82.80999755859375,50000
2026-05-25 17:00:00+00:00,VALE3.SA,82.80999755859375,82.83999633789062,82.80999755859375,82.83999633789062,21500
2026-05-25 17:05:00+00:00,VALE3.SA,82.83999633789062,82.8499984741211,82.81999969482422,82.81999969482422,17100
2026-05-25 17:10:00+00:00,VALE3.SA,82.81999969482422,82.8499984741211,82.80000305175781,82.80000305175781,29900
2026-05-25 17:15:00+00:00,VALE3.SA,82.80000305175781,82.80999755859375,82.68000030517578,82.69000244140625,454800
2026-05-25 17:20:00+00:00,VALE3.SA,82.68000030517578,82.72000122070312,82.68000030517578,82.69999694824219,69700
2026-05-25 17:25:00+00:00,VALE3.SA,82.69999694824219,82.81999969482422,82.69999694824219,82.79000091552734,68400
2026-05-25 17:30:00+00:00,VALE3.SA,82.80000305175781,82.94000244140625,82.7699966430664,82.7699966430664,78800
2026-05-25 17:35:00+00:00,VALE3.SA,82.7699966430664,82.83999633789062,82.7699966430664,82.80000305175781,25300
2026-05-25 17:40:00+00:00,VALE3.SA,82.80999755859375,82.83999633789062,82.79000091552734,82.80999755859375,73500
2026-05-25 17:45:00+00:00,VALE3.SA,82.80000305175781,82.81999969482422,82.61000061035156,82.66999816894531,95900
2026-05-25 17:50:00+00:00,VALE3.SA,82.66999816894531,82.66999816894531,82.63999938964844,82.6500015258789,39000
2026-05-25 17:55:00+00:00,VALE3.SA,82.6500015258789,82.70999908447266,82.6500015258789,82.66000366210938,38100
2026-05-25 18:00:00+00:00,VALE3.SA,82.6500015258789,82.66999816894531,82.52999877929688,82.62999725341797,111500
2026-05-25 18:05:00+00:00,VALE3.SA,82.63999938964844,82.66999816894531,82.5999984741211,82.66000366210938,28500
2026-05-25 18:10:00+00:00,VALE3.SA,82.66999816894531,82.70999908447266,82.66000366210938,82.69999694824219,25300
2026-05-25 18:15:00+00:00,VALE3.SA,82.69000244140625,82.69000244140625,82.66999816894531,82.66999816894531,165800
2026-05-25 18:20:00+00:00,VALE3.SA,82.68000030517578,82.7300033569336,82.6500015258789,82.70999908447266,31200
2026-05-25 18:25:00+00:00,VALE3.SA,82.70999908447266,82.77999877929688,82.69999694824219,82.75,35700
2026-05-25 18:30:00+00:00,VALE3.SA,82.75,82.7699966430664,82.72000122070312,82.72000122070312,35100
2026-05-25 18:35:00+00:00,VALE3.SA,82.7300033569336,82.7699966430664,82.72000122070312,82.73999786376953,38700
2026-05-25 18:40:00+00:00,VALE3.SA,82.73999786376953,82.80999755859375,82.70999908447266,82.72000122070312,39000
2026-05-25 18:45:00+00:00,VALE3.SA,82.70999908447266,82.7699966430664,82.69999694824219,82.75,28600
2026-05-25 18:50:00+00:00,VALE3.SA,82.73999786376953,82.79000091552734,82.70999908447266,82.7699966430664,59700
2026-05-25 18:55:00+00:00,VALE3.SA,82.7699966430664,82.91000366210938,82.7699966430664,82.91000366210938,81100
2026-05-25 19:00:00+00:00,VALE3.SA,82.9000015258789,82.95999908447266,82.9000015258789,82.93000030517578,112600
2026-05-25 19:05:00+00:00,VALE3.SA,82.93000030517578,83.33000183105469,82.9000015258789,83.16999816894531,542900
2026-05-25 19:10:00+00:00,VALE3.SA,83.18000030517578,83.22000122070312,83.01000213623047,83.05000305175781,91800
2026-05-25 19:15:00+00:00,VALE3.SA,83.04000091552734,83.05999755859375,82.97000122070312,83.04000091552734,36200
2026-05-25 19:20:00+00:00,VALE3.SA,83.05000305175781,83.13999938964844,83.04000091552734,83.05999755859375,54400
2026-05-25 19:25:00+00:00,VALE3.SA,83.05999755859375,83.12000274658203,83.05999755859375,83.12000274658203,30200
2026-05-25 19:30:00+00:00,VALE3.SA,83.0999984741211,83.12000274658203,83.08999633789062,83.0999984741211,33200
2026-05-25 19:35:00+00:00,VALE3.SA,83.0999984741211,83.1500015258789,83.05000305175781,83.13999938964844,127400
2026-05-25 19:40:00+00:00,VALE3.SA,83.1500015258789,83.19000244140625,83.12999725341797,83.16000366210938,67900
2026-05-25 19:45:00+00:00,VALE3.SA,83.1500015258789,83.30000305175781,83.13999938964844,83.2699966430664,126200
2026-05-25 19:50:00+00:00,VALE3.SA,83.29000091552734,83.3499984741211,83.20999908447266,83.23999786376953,106100
2026-05-26 13:00:00+00:00,VALE3.SA,83.2300033569336,83.55000305175781,83.2300033569336,83.55000305175781,0
2026-05-26 13:05:00+00:00,VALE3.SA,83.55000305175781,83.58000183105469,83.26000213623047,83.31999969482422,115900
2026-05-26 13:10:00+00:00,VALE3.SA,83.30999755859375,83.58000183105469,83.30000305175781,83.58000183105469,81200
2026-05-26 13:15:00+00:00,VALE3.SA,83.55999755859375,83.81999969482422,83.55000305175781,83.7699966430664,109000
2026-05-26 13:20:00+00:00,VALE3.SA,83.75,83.87000274658203,83.63999938964844,83.87000274658203,116900
2026-05-26 13:25:00+00:00,VALE3.SA,83.87999725341797,84.0,83.72000122070312,83.86000061035156,175700
2026-05-26 13:30:00+00:00,VALE3.SA,83.86000061035156,84.12000274658203,83.58000183105469,83.5999984741211,252600
2026-05-26 13:35:00+00:00,VALE3.SA,83.61000061035156,83.80999755859375,83.61000061035156,83.7300033569336,89300
2026-05-26 13:40:00+00:00,VALE3.SA,83.7300033569336,83.73999786376953,83.5199966430664,83.54000091552734,119200
2026-05-26 13:45:00+00:00,VALE3.SA,83.5199966430664,83.52999877929688,83.18000030517578,83.20999908447266,191700
2026-05-26 13:50:00+00:00,VALE3.SA,83.20999908447266,83.27999877929688,83.04000091552734,83.11000061035156,206200
2026-05-26 13:55:00+00:00,VALE3.SA,83.11000061035156,83.2300033569336,83.05000305175781,83.2300033569336,73200
2026-05-26 14:00:00+00:00,VALE3.SA,83.20999908447266,83.23999786376953,82.93000030517578,82.98999786376953,566500
2026-05-26 14:05:00+00:00,VALE3.SA,82.95999908447266,83.1500015258789,82.9000015258789,83.04000091552734,404400
2026-05-26 14:10:00+00:00,VALE3.SA,83.05000305175781,83.12000274658203,82.9000015258789,82.98999786376953,47100
2026-05-26 14:15:00+00:00,VALE3.SA,83.0,83.08000183105469,82.95999908447266,82.9800033569336,295000
2026-05-26 14:20:00+00:00,VALE3.SA,82.98999786376953,83.08999633789062,82.93000030517578,83.02999877929688,80600
2026-05-26 14:25:00+00:00,VALE3.SA,83.02999877929688,83.0999984741211,83.0,83.04000091552734,39300
2026-05-26 14:30:00+00:00,VALE3.SA,83.06999969482422,83.0999984741211,83.0,83.02999877929688,64300
2026-05-26 14:35:00+00:00,VALE3.SA,83.04000091552734,83.18000030517578,83.01000213623047,83.08999633789062,50900
2026-05-26 14:40:00+00:00,VALE3.SA,83.0999984741211,83.2699966430664,83.08000183105469,83.25,89000
2026-05-26 14:45:00+00:00,VALE3.SA,83.2300033569336,83.43000030517578,83.16000366210938,83.31999969482422,126500
2026-05-26 14:50:00+00:00,VALE3.SA,83.30999755859375,83.3499984741211,83.25,83.25,66900
2026-05-26 14:55:00+00:00,VALE3.SA,83.23999786376953,83.30000305175781,83.18000030517578,83.2699966430664,46100
2026-05-26 15:00:00+00:00,VALE3.SA,83.26000213623047,83.2699966430664,83.11000061035156,83.12999725341797,103000
2026-05-26 15:05:00+00:00,VALE3.SA,83.13999938964844,83.19999694824219,83.0999984741211,83.12000274658203,60900
2026-05-26 15:10:00+00:00,VALE3.SA,83.12000274658203,83.12000274658203,83.0,83.08999633789062,66300
2026-05-26 15:15:00+00:00,VALE3.SA,83.08999633789062,83.0999984741211,82.81999969482422,82.83999633789062,138200
2026-05-26 15:20:00+00:00,VALE3.SA,82.83000183105469,82.83000183105469,82.66999816894531,82.66999816894531,93000
2026-05-26 15:25:00+00:00,VALE3.SA,82.66999816894531,82.72000122070312,82.6500015258789,82.72000122070312,56300
2026-05-26 15:30:00+00:00,VALE3.SA,82.70999908447266,82.70999908447266,82.63999938964844,82.63999938964844,48900
2026-05-26 15:35:00+00:00,VALE3.SA,82.63999938964844,82.68000030517578,82.56999969482422,82.68000030517578,92900
2026-05-26 15:40:00+00:00,VALE3.SA,82.68000030517578,82.68000030517578,82.62999725341797,82.66999816894531,46400
2026-05-26 15:45:00+00:00,VALE3.SA,82.68000030517578,82.68000030517578,82.62000274658203,82.6500015258789,64200
2026-05-26 15:50:00+00:00,VALE3.SA,82.63999938964844,82.69999694824219,82.5199966430664,82.69999694824219,82600
2026-05-26 15:55:00+00:00,VALE3.SA,82.69000244140625,82.7699966430664,82.69000244140625,82.76000213623047,28800
2026-05-26 16:00:00+00:00,VALE3.SA,82.7699966430664,82.8499984741211,82.7699966430664,82.81999969482422,41200
2026-05-26 16:05:00+00:00,VALE3.SA,82.83000183105469,82.83000183105469,82.69999694824219,82.69999694824219,524000
2026-05-26 16:10:00+00:00,VALE3.SA,82.72000122070312,82.72000122070312,82.62999725341797,82.6500015258789,35600
2026-05-26 16:15:00+00:00,VALE3.SA,82.6500015258789,82.69999694824219,82.62999725341797,82.69999694824219,24600
2026-05-26 16:20:00+00:00,VALE3.SA,82.69999694824219,82.69999694824219,82.5999984741211,82.68000030517578,30400
2026-05-26 16:25:00+00:00,VALE3.SA,82.68000030517578,82.69999694824219,82.66999816894531,82.69999694824219,16900
2026-05-26 16:30:00+00:00,VALE3.SA,82.69999694824219,82.7300033569336,82.66000366210938,82.66000366210938,34700
2026-05-26 16:35:00+00:00,VALE3.SA,82.6500015258789,82.6500015258789,82.5199966430664,82.5199966430664,50000
2026-05-26 16:40:00+00:00,VALE3.SA,82.5199966430664,82.6500015258789,82.4800033569336,82.63999938964844,89100
2026-05-26 16:45:00+00:00,VALE3.SA,82.6500015258789,82.7300033569336,82.55000305175781,82.56999969482422,103200
2026-05-26 16:50:00+00:00,VALE3.SA,82.56999969482422,82.5999984741211,82.5,82.54000091552734,45400
2026-05-26 16:55:00+00:00,VALE3.SA,82.52999877929688,82.56999969482422,82.44000244140625,82.44999694824219,55900
2026-05-26 17:00:00+00:00,VALE3.SA,82.44000244140625,82.51000213623047,82.41999816894531,82.43000030517578,66000
2026-05-26 17:05:00+00:00,VALE3.SA,82.43000030517578,82.5,82.30000305175781,82.5,174000
2026-05-26 17:10:00+00:00,VALE3.SA,82.5,82.61000061035156,82.48999786376953,82.56999969482422,71100
2026-05-26 17:15:00+00:00,VALE3.SA,82.55000305175781,82.55999755859375,82.37999725341797,82.38999938964844,85400
2026-05-26 17:20:00+00:00,VALE3.SA,82.4000015258789,82.5199966430664,82.38999938964844,82.47000122070312,51100
2026-05-26 17:25:00+00:00,VALE3.SA,82.45999908447266,82.47000122070312,82.38999938964844,82.44000244140625,78000
2026-05-26 17:30:00+00:00,VALE3.SA,82.44000244140625,82.62999725341797,82.41000366210938,82.56999969482422,83800
2026-05-26 17:35:00+00:00,VALE3.SA,82.55999755859375,82.63999938964844,82.54000091552734,82.63999938964844,50100
2026-05-26 17:40:00+00:00,VALE3.SA,82.63999938964844,82.6500015258789,82.5,82.51000213623047,52500
2026-05-26 17:45:00+00:00,VALE3.SA,82.51000213623047,82.62000274658203,82.51000213623047,82.61000061035156,60000
2026-05-26 17:50:00+00:00,VALE3.SA,82.62000274658203,82.62999725341797,82.5199966430664,82.5199966430664,51500
2026-05-26 17:55:00+00:00,VALE3.SA,82.5199966430664,82.52999877929688,82.47000122070312,82.4800033569336,94500
2026-05-26 18:00:00+00:00,VALE3.SA,82.4800033569336,82.58000183105469,82.45999908447266,82.58000183105469,70900
2026-05-26 18:05:00+00:00,VALE3.SA,82.55999755859375,82.58999633789062,82.51000213623047,82.51000213623047,37100
2026-05-26 18:10:00+00:00,VALE3.SA,82.51000213623047,82.63999938964844,82.51000213623047,82.63999938964844,108300
2026-05-26 18:15:00+00:00,VALE3.SA,82.63999938964844,82.66000366210938,82.58000183105469,82.58000183105469,85400
2026-05-26 18:20:00+00:00,VALE3.SA,82.58999633789062,82.58999633789062,82.4800033569336,82.4800033569336,82600
2026-05-26 18:25:00+00:00,VALE3.SA,82.48999786376953,82.48999786376953,82.4000015258789,82.4000015258789,62700
2026-05-26 18:30:00+00:00,VALE3.SA,82.41000366210938,82.4800033569336,82.4000015258789,82.45999908447266,58600
2026-05-26 18:35:00+00:00,VALE3.SA,82.47000122070312,82.58999633789062,82.44999694824219,82.54000091552734,136200
2026-05-26 18:40:00+00:00,VALE3.SA,82.55000305175781,82.55999755859375,82.4800033569336,82.54000091552734,153400
2026-05-26 18:45:00+00:00,VALE3.SA,82.52999877929688,82.62999725341797,82.51000213623047,82.62999725341797,83100
2026-05-26 18:50:00+00:00,VALE3.SA,82.62999725341797,82.69000244140625,82.58000183105469,82.66999816894531,97900
2026-05-26 18:55:00+00:00,VALE3.SA,82.66000366210938,82.73999786376953,82.61000061035156,82.61000061035156,201300
2026-05-26 19:00:00+00:00,VALE3.SA,82.61000061035156,82.62000274658203,82.52999877929688,82.55999755859375,61600
2026-05-26 19:05:00+00:00,VALE3.SA,82.55999755859375,82.58999633789062,82.54000091552734,82.58999633789062,62500
2026-05-26 19:10:00+00:00,VALE3.SA,82.58000183105469,82.58000183105469,82.48999786376953,82.58000183105469,116300
2026-05-26 19:15:00+00:00,VALE3.SA,82.58000183105469,82.61000061035156,82.55999755859375,82.61000061035156,75400
2026-05-26 19:20:00+00:00,VALE3.SA,82.5999984741211,82.68000030517578,82.56999969482422,82.66999816894531,117100
2026-05-26 19:25:00+00:00,VALE3.SA,82.66999816894531,82.68000030517578,82.5999984741211,82.63999938964844,104000
2026-05-26 19:30:00+00:00,VALE3.SA,82.63999938964844,82.75,82.63999938964844,82.73999786376953,85000
2026-05-26 19:35:00+00:00,VALE3.SA,82.73999786376953,82.77999877929688,82.69000244140625,82.69999694824219,103500
2026-05-26 19:40:00+00:00,VALE3.SA,82.69999694824219,82.76000213623047,82.68000030517578,82.75,100900
2026-05-26 19:45:00+00:00,VALE3.SA,82.75,82.75,82.69999694824219,82.69999694824219,87800
2026-05-26 19:50:00+00:00,VALE3.SA,82.70999908447266,82.88999938964844,82.70999908447266,82.87999725341797,287100
2026-05-27 13:00:00+00:00,VALE3.SA,83.68000030517578,83.81999969482422,83.54000091552734,83.54000091552734,0
2026-05-27 13:05:00+00:00,VALE3.SA,83.54000091552734,83.69000244140625,83.41000366210938,83.5199966430664,77700
2026-05-27 13:10:00+00:00,VALE3.SA,83.51000213623047,83.94000244140625,83.51000213623047,83.73999786376953,317700
2026-05-27 13:15:00+00:00,VALE3.SA,83.73999786376953,83.75,83.54000091552734,83.63999938964844,65200
2026-05-27 13:20:00+00:00,VALE3.SA,83.63999938964844,83.66000366210938,83.30000305175781,83.33000183105469,76300
2026-05-27 13:25:00+00:00,VALE3.SA,83.30000305175781,83.41000366210938,83.16999816894531,83.25,96900
2026-05-27 13:30:00+00:00,VALE3.SA,83.19000244140625,83.66000366210938,83.11000061035156,83.61000061035156,183500
2026-05-27 13:35:00+00:00,VALE3.SA,83.61000061035156,83.75,83.37999725341797,83.47000122070312,209200
2026-05-27 13:40:00+00:00,VALE3.SA,83.41999816894531,83.55000305175781,83.3499984741211,83.47000122070312,103600
2026-05-27 13:45:00+00:00,VALE3.SA,83.44000244140625,83.51000213623047,83.30000305175781,83.33000183105469,103500
2026-05-27 13:50:00+00:00,VALE3.SA,83.33000183105469,83.61000061035156,83.33000183105469,83.44999694824219,102900
2026-05-27 13:55:00+00:00,VALE3.SA,83.45999908447266,83.54000091552734,83.41999816894531,83.5,45000
2026-05-27 14:00:00+00:00,VALE3.SA,83.48999786376953,83.5199966430664,83.19999694824219,83.30000305175781,139500
2026-05-27 14:05:00+00:00,VALE3.SA,83.30999755859375,83.3499984741211,82.93000030517578,82.98999786376953,173400
2026-05-27 14:10:00+00:00,VALE3.SA,83.01000213623047,83.08999633789062,82.93000030517578,83.0,105100
2026-05-27 14:15:00+00:00,VALE3.SA,83.0,83.08999633789062,82.79000091552734,82.94999694824219,180800
2026-05-27 14:20:00+00:00,VALE3.SA,82.94999694824219,83.1500015258789,82.69999694824219,82.69999694824219,183900
2026-05-27 14:25:00+00:00,VALE3.SA,82.70999908447266,82.73999786376953,82.52999877929688,82.69999694824219,251400
2026-05-27 14:30:00+00:00,VALE3.SA,82.70999908447266,82.80000305175781,82.51000213623047,82.72000122070312,212700
2026-05-27 14:35:00+00:00,VALE3.SA,82.72000122070312,82.93000030517578,82.69000244140625,82.87000274658203,142800
2026-05-27 14:40:00+00:00,VALE3.SA,82.87000274658203,83.0,82.81999969482422,82.98999786376953,54400
2026-05-27 14:45:00+00:00,VALE3.SA,82.98999786376953,83.19999694824219,82.97000122070312,83.05999755859375,89900
2026-05-27 14:50:00+00:00,VALE3.SA,83.04000091552734,83.31999969482422,83.04000091552734,83.27999877929688,75900
2026-05-27 14:55:00+00:00,VALE3.SA,83.23999786376953,83.30999755859375,83.19000244140625,83.22000122070312,33000
2026-05-27 15:00:00+00:00,VALE3.SA,83.23999786376953,83.36000061035156,83.13999938964844,83.33000183105469,69300
2026-05-27 15:05:00+00:00,VALE3.SA,83.33999633789062,83.41999816894531,83.26000213623047,83.37000274658203,88600
2026-05-27 15:10:00+00:00,VALE3.SA,83.36000061035156,83.44000244140625,83.3499984741211,83.38999938964844,78500
2026-05-27 15:15:00+00:00,VALE3.SA,83.38999938964844,83.38999938964844,83.1500015258789,83.26000213623047,76100
2026-05-27 15:20:00+00:00,VALE3.SA,83.2300033569336,83.29000091552734,83.12000274658203,83.16000366210938,49200
2026-05-27 15:25:00+00:00,VALE3.SA,83.16000366210938,83.23999786376953,83.05999755859375,83.23999786376953,56900
2026-05-27 15:30:00+00:00,VALE3.SA,83.25,83.31999969482422,83.19999694824219,83.19999694824219,44700
2026-05-27 15:35:00+00:00,VALE3.SA,83.22000122070312,83.2300033569336,83.13999938964844,83.19000244140625,46400
2026-05-27 15:40:00+00:00,VALE3.SA,83.16999816894531,83.22000122070312,83.06999969482422,83.08000183105469,70100
2026-05-27 15:45:00+00:00,VALE3.SA,83.08000183105469,83.19000244140625,82.88999938964844,82.93000030517578,182500
2026-05-27 15:50:00+00:00,VALE3.SA,82.93000030517578,83.0199966430664,82.87000274658203,82.98999786376953,53100
2026-05-27 15:55:00+00:00,VALE3.SA,83.0,83.12999725341797,83.0,83.11000061035156,25500
2026-05-27 16:00:00+00:00,VALE3.SA,83.12000274658203,83.13999938964844,83.01000213623047,83.01000213623047,62200
2026-05-27 16:05:00+00:00,VALE3.SA,83.01000213623047,83.16000366210938,82.97000122070312,83.11000061035156,78000
2026-05-27 16:10:00+00:00,VALE3.SA,83.13999938964844,83.19000244140625,83.12000274658203,83.18000030517578,40400
2026-05-27 16:15:00+00:00,VALE3.SA,83.16999816894531,83.2300033569336,83.11000061035156,83.19999694824219,51100
2026-05-27 16:20:00+00:00,VALE3.SA,83.19999694824219,83.27999877929688,83.19000244140625,83.2300033569336,60800
2026-05-27 16:25:00+00:00,VALE3.SA,83.23999786376953,83.2699966430664,83.20999908447266,83.2300033569336,32700
2026-05-27 16:30:00+00:00,VALE3.SA,83.2300033569336,83.23999786376953,83.19000244140625,83.22000122070312,34800
2026-05-27 16:35:00+00:00,VALE3.SA,83.22000122070312,83.27999877929688,83.19000244140625,83.19999694824219,46200
2026-05-27 16:40:00+00:00,VALE3.SA,83.20999908447266,83.20999908447266,83.16000366210938,83.18000030517578,31700
2026-05-27 16:45:00+00:00,VALE3.SA,83.18000030517578,83.22000122070312,83.11000061035156,83.12000274658203,65800
2026-05-27 16:50:00+00:00,VALE3.SA,83.12000274658203,83.16999816894531,83.05000305175781,83.13999938964844,40800
2026-05-27 16:55:00+00:00,VALE3.SA,83.13999938964844,83.18000030517578,83.08000183105469,83.08000183105469,31100
2026-05-27 17:00:00+00:00,VALE3.SA,83.08999633789062,83.18000030517578,83.05999755859375,83.11000061035156,71700
2026-05-27 17:05:00+00:00,VALE3.SA,83.11000061035156,83.1500015258789,82.94999694824219,82.98999786376953,116500
2026-05-27 17:10:00+00:00,VALE3.SA,82.98999786376953,83.0199966430664,82.91000366210938,82.94999694824219,589400
2026-05-27 17:15:00+00:00,VALE3.SA,82.95999908447266,83.05999755859375,82.94000244140625,83.05000305175781,69800
2026-05-27 17:20:00+00:00,VALE3.SA,83.05000305175781,83.11000061035156,83.0199966430664,83.08999633789062,32700
2026-05-27 17:25:00+00:00,VALE3.SA,83.08999633789062,83.08999633789062,82.94999694824219,83.05000305175781,69000
2026-05-27 17:30:00+00:00,VALE3.SA,83.02999877929688,83.08000183105469,83.0,83.08000183105469,33200
2026-05-27 17:35:00+00:00,VALE3.SA,83.08000183105469,83.25,83.05999755859375,83.25,102000
2026-05-27 17:40:00+00:00,VALE3.SA,83.26000213623047,83.26000213623047,83.13999938964844,83.16999816894531,56700
2026-05-27 17:45:00+00:00,VALE3.SA,83.16999816894531,83.18000030517578,83.12000274658203,83.13999938964844,32300
2026-05-27 17:50:00+00:00,VALE3.SA,83.12999725341797,83.27999877929688,83.12999725341797,83.22000122070312,99100
2026-05-27 17:55:00+00:00,VALE3.SA,83.19999694824219,83.26000213623047,83.18000030517578,83.20999908447266,52200
2026-05-27 18:00:00+00:00,VALE3.SA,83.20999908447266,83.25,83.05999755859375,83.0999984741211,168800
2026-05-27 18:05:00+00:00,VALE3.SA,83.08999633789062,83.16000366210938,83.04000091552734,83.1500015258789,142500
2026-05-27 18:10:00+00:00,VALE3.SA,83.1500015258789,83.4000015258789,83.1500015258789,83.26000213623047,261000
2026-05-27 18:15:00+00:00,VALE3.SA,83.2699966430664,83.33999633789062,83.2699966430664,83.30000305175781,59400
2026-05-27 18:20:00+00:00,VALE3.SA,83.30999755859375,83.33000183105469,83.2699966430664,83.30000305175781,48600
2026-05-27 18:25:00+00:00,VALE3.SA,83.30000305175781,83.36000061035156,83.29000091552734,83.31999969482422,52200
2026-05-27 18:30:00+00:00,VALE3.SA,83.33000183105469,83.33999633789062,83.31999969482422,83.33999633789062,31100
2026-05-27 18:35:00+00:00,VALE3.SA,83.33000183105469,83.38999938964844,83.2699966430664,83.2699966430664,70000
2026-05-27 18:40:00+00:00,VALE3.SA,83.2699966430664,83.31999969482422,83.2699966430664,83.31999969482422,49500
2026-05-27 18:45:00+00:00,VALE3.SA,83.31999969482422,83.31999969482422,83.23999786376953,83.2699966430664,134400
2026-05-27 18:50:00+00:00,VALE3.SA,83.26000213623047,83.33000183105469,83.25,83.31999969482422,196700
2026-05-27 18:55:00+00:00,VALE3.SA,83.30999755859375,83.33000183105469,83.30000305175781,83.30999755859375,49200
2026-05-27 19:00:00+00:00,VALE3.SA,83.31999969482422,83.33000183105469,83.27999877929688,83.29000091552734,64500
2026-05-27 19:05:00+00:00,VALE3.SA,83.29000091552734,83.31999969482422,83.26000213623047,83.30000305175781,58800
2026-05-27 19:10:00+00:00,VALE3.SA,83.30999755859375,83.33999633789062,83.27999877929688,83.30000305175781,103500
2026-05-27 19:15:00+00:00,VALE3.SA,83.30000305175781,83.30000305175781,83.20999908447266,83.23999786376953,92200
2026-05-27 19:20:00+00:00,VALE3.SA,83.25,83.33000183105469,83.20999908447266,83.30000305175781,107800
2026-05-27 19:25:00+00:00,VALE3.SA,83.30999755859375,83.36000061035156,83.27999877929688,83.33999633789062,174900
2026-05-27 19:30:00+00:00,VALE3.SA,83.33000183105469,83.38999938964844,83.30999755859375,83.33000183105469,97400
2026-05-27 19:35:00+00:00,VALE3.SA,83.33000183105469,83.38999938964844,83.29000091552734,83.36000061035156,245200
2026-05-27 19:40:00+00:00,VALE3.SA,83.37000274658203,83.4000015258789,83.33000183105469,83.37999725341797,242800
2026-05-27 19:45:00+00:00,VALE3.SA,83.37999725341797,83.41999816894531,83.33000183105469,83.37000274658203,220500
2026-05-27 19:50:00+00:00,VALE3.SA,83.37000274658203,83.5,83.30999755859375,83.38999938964844,587500
2026-05-27 19:55:00+00:00,VALE3.SA,83.4000015258789,83.4000015258789,83.4000015258789,83.4000015258789,0
2026-05-28 13:00:00+00:00,VALE3.SA,83.1500015258789,83.79000091552734,83.1500015258789,83.69999694824219,0
2026-05-28 13:05:00+00:00,VALE3.SA,83.69999694824219,83.69999694824219,83.3499984741211,83.41999816894531,70500
2026-05-28 13:10:00+00:00,VALE3.SA,83.43000030517578,83.5,83.29000091552734,83.4000015258789,72700
2026-05-28 13:15:00+00:00,VALE3.SA,83.36000061035156,83.47000122070312,83.27999877929688,83.27999877929688,62400
2026-05-28 13:20:00+00:00,VALE3.SA,83.31999969482422,83.37999725341797,83.2300033569336,83.3499984741211,61500
2026-05-28 13:25:00+00:00,VALE3.SA,83.3499984741211,83.4000015258789,83.26000213623047,83.37999725341797,87900
2026-05-28 13:30:00+00:00,VALE3.SA,83.31999969482422,83.58999633789062,82.77999877929688,83.0,599400
2026-05-28 13:35:00+00:00,VALE3.SA,82.98999786376953,83.04000091552734,82.30999755859375,82.44000244140625,323700
2026-05-28 13:40:00+00:00,VALE3.SA,82.45999908447266,82.80000305175781,82.23999786376953,82.7699966430664,752500
2026-05-28 13:45:00+00:00,VALE3.SA,82.77999877929688,82.91999816894531,82.69999694824219,82.77999877929688,404800
2026-05-28 13:50:00+00:00,VALE3.SA,82.80999755859375,83.0,82.7300033569336,82.76000213623047,204200
2026-05-28 13:55:00+00:00,VALE3.SA,82.75,82.80000305175781,82.62999725341797,82.79000091552734,113800
2026-05-28 14:00:00+00:00,VALE3.SA,82.80000305175781,82.9000015258789,82.63999938964844,82.87000274658203,60300
2026-05-28 14:05:00+00:00,VALE3.SA,82.87999725341797,83.08999633789062,82.77999877929688,83.06999969482422,89300
2026-05-28 14:10:00+00:00,VALE3.SA,83.08999633789062,83.69000244140625,82.98999786376953,83.55000305175781,372000
2026-05-28 14:15:00+00:00,VALE3.SA,83.5999984741211,83.86000061035156,83.44999694824219,83.76000213623047,220100
2026-05-28 14:20:00+00:00,VALE3.SA,83.75,83.79000091552734,83.5199966430664,83.70999908447266,220400
2026-05-28 14:25:00+00:00,VALE3.SA,83.70999908447266,83.75,83.52999877929688,83.7300033569336,122200
2026-05-28 14:30:00+00:00,VALE3.SA,83.7300033569336,83.80000305175781,83.54000091552734,83.56999969482422,139100
2026-05-28 14:35:00+00:00,VALE3.SA,83.56999969482422,83.5999984741211,83.48999786376953,83.55999755859375,109100
2026-05-28 14:40:00+00:00,VALE3.SA,83.55000305175781,83.72000122070312,83.5199966430664,83.66000366210938,79600
2026-05-28 14:45:00+00:00,VALE3.SA,83.6500015258789,83.76000213623047,83.55000305175781,83.6500015258789,151900
2026-05-28 14:50:00+00:00,VALE3.SA,83.66000366210938,83.73999786376953,83.61000061035156,83.61000061035156,64300
2026-05-28 14:55:00+00:00,VALE3.SA,83.5999984741211,83.62999725341797,83.44999694824219,83.51000213623047,112200
2026-05-28 15:00:00+00:00,VALE3.SA,83.54000091552734,83.77999877929688,83.52999877929688,83.63999938964844,115300
2026-05-28 15:05:00+00:00,VALE3.SA,83.6500015258789,83.7300033569336,83.62999725341797,83.69999694824219,51600
2026-05-28 15:10:00+00:00,VALE3.SA,83.69999694824219,83.80999755859375,83.69000244140625,83.76000213623047,93600
2026-05-28 15:15:00+00:00,VALE3.SA,83.76000213623047,83.7699966430664,83.62999725341797,83.62999725341797,89000
2026-05-28 15:20:00+00:00,VALE3.SA,83.66000366210938,83.79000091552734,83.62999725341797,83.79000091552734,87300
2026-05-28 15:25:00+00:00,VALE3.SA,83.77999877929688,83.8499984741211,83.69999694824219,83.8499984741211,101000
2026-05-28 15:30:00+00:00,VALE3.SA,83.8499984741211,83.9800033569336,83.80000305175781,83.9800033569336,348000
2026-05-28 15:35:00+00:00,VALE3.SA,83.9800033569336,84.05000305175781,83.93000030517578,83.93000030517578,110100
2026-05-28 15:40:00+00:00,VALE3.SA,83.93000030517578,83.94999694824219,83.91000366210938,83.91999816894531,41500
2026-05-28 15:45:00+00:00,VALE3.SA,83.91000366210938,83.94000244140625,83.8499984741211,83.88999938964844,51600
2026-05-28 15:50:00+00:00,VALE3.SA,83.88999938964844,83.94999694824219,83.88999938964844,83.94000244140625,44000
2026-05-28 15:55:00+00:00,VALE3.SA,83.94999694824219,83.9800033569336,83.91000366210938,83.94999694824219,104100
2026-05-28 16:00:00+00:00,VALE3.SA,83.93000030517578,83.94999694824219,83.83999633789062,83.86000061035156,84200
2026-05-28 16:05:00+00:00,VALE3.SA,83.87000274658203,83.97000122070312,83.87000274658203,83.97000122070312,61800
2026-05-28 16:10:00+00:00,VALE3.SA,83.9800033569336,84.0,83.91000366210938,84.0,95800
2026-05-28 16:15:00+00:00,VALE3.SA,84.0,84.04000091552734,83.93000030517578,83.98999786376953,97400
2026-05-28 16:20:00+00:00,VALE3.SA,83.97000122070312,83.97000122070312,83.80000305175781,83.95999908447266,104600
2026-05-28 16:25:00+00:00,VALE3.SA,83.94999694824219,84.0,83.93000030517578,84.0,56600
2026-05-28 16:30:00+00:00,VALE3.SA,84.0,84.01000213623047,83.93000030517578,84.01000213623047,59000
2026-05-28 16:35:00+00:00,VALE3.SA,84.0199966430664,84.0199966430664,83.94000244140625,83.97000122070312,50600
2026-05-28 16:40:00+00:00,VALE3.SA,83.97000122070312,83.9800033569336,83.91000366210938,83.91999816894531,62500
2026-05-28 16:45:00+00:00,VALE3.SA,83.93000030517578,83.94999694824219,83.81999969482422,83.86000061035156,67200
2026-05-28 16:50:00+00:00,VALE3.SA,83.86000061035156,83.9800033569336,83.8499984741211,83.91999816894531,68400
2026-05-28 16:55:00+00:00,VALE3.SA,83.91999816894531,83.94999694824219,83.88999938964844,83.93000030517578,53300
2026-05-28 17:00:00+00:00,VALE3.SA,83.91999816894531,83.91999816894531,83.8499984741211,83.87999725341797,64200
2026-05-28 17:05:00+00:00,VALE3.SA,83.87999725341797,83.88999938964844,83.62999725341797,83.68000030517578,99200
2026-05-28 17:10:00+00:00,VALE3.SA,83.68000030517578,83.79000091552734,83.66999816894531,83.79000091552734,54000
2026-05-28 17:15:00+00:00,VALE3.SA,83.79000091552734,83.81999969482422,83.73999786376953,83.80000305175781,59000
2026-05-28 17:20:00+00:00,VALE3.SA,83.77999877929688,83.79000091552734,83.72000122070312,83.7300033569336,69800
2026-05-28 17:25:00+00:00,VALE3.SA,83.7300033569336,83.80999755859375,83.7300033569336,83.75,63700
2026-05-28 17:30:00+00:00,VALE3.SA,83.75,83.88999938964844,83.73999786376953,83.87999725341797,120900
2026-05-28 17:35:00+00:00,VALE3.SA,83.87000274658203,83.88999938964844,83.80999755859375,83.88999938964844,92700
2026-05-28 17:40:00+00:00,VALE3.SA,83.88999938964844,83.88999938964844,83.79000091552734,83.83000183105469,75700
2026-05-28 17:45:00+00:00,VALE3.SA,83.83000183105469,83.95999908447266,83.83000183105469,83.91999816894531,117500
2026-05-28 17:50:00+00:00,VALE3.SA,83.91000366210938,83.9800033569336,83.9000015258789,83.94000244140625,83100
2026-05-28 17:55:00+00:00,VALE3.SA,83.94000244140625,84.0,83.91999816894531,83.97000122070312,109400
2026-05-28 18:00:00+00:00,VALE3.SA,83.97000122070312,84.0,83.93000030517578,83.95999908447266,71900
2026-05-28 18:05:00+00:00,VALE3.SA,83.94999694824219,83.94999694824219,83.86000061035156,83.91000366210938,90100
2026-05-28 18:10:00+00:00,VALE3.SA,83.91000366210938,83.94000244140625,83.87999725341797,83.94000244140625,78200
2026-05-28 18:15:00+00:00,VALE3.SA,83.93000030517578,84.0,83.91000366210938,83.93000030517578,158700
2026-05-28 18:20:00+00:00,VALE3.SA,83.93000030517578,83.98999786376953,83.93000030517578,83.94999694824219,62300
2026-05-28 18:25:00+00:00,VALE3.SA,83.94000244140625,83.9800033569336,83.94000244140625,83.94999694824219,68400
2026-05-28 18:30:00+00:00,VALE3.SA,83.94000244140625,83.94000244140625,83.9000015258789,83.91999816894531,89500
2026-05-28 18:35:00+00:00,VALE3.SA,83.91999816894531,83.91999816894531,83.80000305175781,83.81999969482422,90100
2026-05-28 18:40:00+00:00,VALE3.SA,83.80999755859375,83.86000061035156,83.77999877929688,83.80000305175781,73300
2026-05-28 18:45:00+00:00,VALE3.SA,83.80999755859375,83.87999725341797,83.80000305175781,83.83000183105469,71300
2026-05-28 18:50:00+00:00,VALE3.SA,83.83999633789062,83.88999938964844,83.83000183105469,83.87000274658203,74100
2026-05-28 18:55:00+00:00,VALE3.SA,83.87000274658203,83.88999938964844,83.83000183105469,83.8499984741211,70200
2026-05-28 19:00:00+00:00,VALE3.SA,83.86000061035156,83.86000061035156,83.80000305175781,83.80000305175781,70500
2026-05-28 19:05:00+00:00,VALE3.SA,83.80000305175781,83.91999816894531,83.77999877929688,83.83999633789062,310400
2026-05-28 19:10:00+00:00,VALE3.SA,83.8499984741211,83.91999816894531,83.80999755859375,83.83999633789062,197700
2026-05-28 19:15:00+00:00,VALE3.SA,83.8499984741211,83.8499984741211,83.7699966430664,83.79000091552734,130100
2026-05-28 19:20:00+00:00,VALE3.SA,83.79000091552734,83.80000305175781,83.75,83.80000305175781,88400
2026-05-28 19:25:00+00:00,VALE3.SA,83.80000305175781,83.80999755859375,83.7699966430664,83.80000305175781,64500
2026-05-28 19:30:00+00:00,VALE3.SA,83.80999755859375,83.86000061035156,83.76000213623047,83.83000183105469,440900
2026-05-28 19:35:00+00:00,VALE3.SA,83.83000183105469,83.87000274658203,83.80000305175781,83.86000061035156,228700
2026-05-28 19:40:00+00:00,VALE3.SA,83.86000061035156,83.9000015258789,83.80000305175781,83.86000061035156,232200
2026-05-28 19:45:00+00:00,VALE3.SA,83.86000061035156,83.93000030517578,83.8499984741211,83.9000015258789,317600
2026-05-28 19:50:00+00:00,VALE3.SA,83.88999938964844,83.88999938964844,83.80000305175781,83.8499984741211,270400
2026-05-29 13:00:00+00:00,VALE3.SA,84.01000213623047,84.27999877929688,83.95999908447266,84.23999786376953,0
2026-05-29 13:05:00+00:00,VALE3.SA,84.2300033569336,84.23999786376953,83.93000030517578,84.12000274658203,53900
2026-05-29 13:10:00+00:00,VALE3.SA,84.01000213623047,84.05999755859375,83.86000061035156,83.86000061035156,48400
2026-05-29 13:15:00+00:00,VALE3.SA,83.8499984741211,84.05000305175781,83.8499984741211,83.9000015258789,161900
2026-05-29 13:20:00+00:00,VALE3.SA,83.87000274658203,83.88999938964844,83.55000305175781,83.68000030517578,186200
2026-05-29 13:25:00+00:00,VALE3.SA,83.63999938964844,83.72000122070312,83.58000183105469,83.69999694824219,77600
2026-05-29 13:30:00+00:00,VALE3.SA,83.69000244140625,83.72000122070312,83.37999725341797,83.51000213623047,383200
2026-05-29 13:35:00+00:00,VALE3.SA,83.52999877929688,84.05000305175781,83.51000213623047,84.0199966430664,222200
2026-05-29 13:40:00+00:00,VALE3.SA,84.01000213623047,84.19999694824219,83.88999938964844,83.95999908447266,124200
2026-05-29 13:45:00+00:00,VALE3.SA,83.94999694824219,84.04000091552734,83.86000061035156,83.9800033569336,344400
2026-05-29 13:50:00+00:00,VALE3.SA,84.01000213623047,84.01000213623047,83.75,83.83999633789062,451900
2026-05-29 13:55:00+00:00,VALE3.SA,83.80000305175781,83.80000305175781,83.44999694824219,83.44999694824219,328200
2026-05-29 14:00:00+00:00,VALE3.SA,83.47000122070312,83.58000183105469,83.44999694824219,83.48999786376953,100700
2026-05-29 14:05:00+00:00,VALE3.SA,83.5,83.5,83.1500015258789,83.23999786376953,313500
2026-05-29 14:10:00+00:00,VALE3.SA,83.25,83.30000305175781,82.98999786376953,83.04000091552734,149100
2026-05-29 14:15:00+00:00,VALE3.SA,83.04000091552734,83.13999938964844,82.94999694824219,83.0,124000
2026-05-29 14:20:00+00:00,VALE3.SA,82.98999786376953,83.16000366210938,82.91999816894531,82.91999816894531,99300
2026-05-29 14:25:00+00:00,VALE3.SA,82.93000030517578,83.13999938964844,82.88999938964844,83.06999969482422,102300
2026-05-29 14:30:00+00:00,VALE3.SA,83.04000091552734,83.0999984741211,82.98999786376953,83.0999984741211,65800
2026-05-29 14:35:00+00:00,VALE3.SA,83.08000183105469,83.12999725341797,83.0,83.06999969482422,60700
2026-05-29 14:40:00+00:00,VALE3.SA,83.06999969482422,83.19999694824219,83.0,83.19999694824219,104800
2026-05-29 14:45:00+00:00,VALE3.SA,83.19000244140625,83.25,83.1500015258789,83.1500015258789,123800
2026-05-29 14:50:00+00:00,VALE3.SA,83.13999938964844,83.56999969482422,83.13999938964844,83.45999908447266,297500
2026-05-29 14:55:00+00:00,VALE3.SA,83.45999908447266,83.81999969482422,83.45999908447266,83.81999969482422,200700
2026-05-29 15:00:00+00:00,VALE3.SA,83.80000305175781,83.87999725341797,83.61000061035156,83.80000305175781,241400
2026-05-29 15:05:00+00:00,VALE3.SA,83.79000091552734,83.8499984741211,83.70999908447266,83.80999755859375,94300
2026-05-29 15:10:00+00:00,VALE3.SA,83.81999969482422,83.9800033569336,83.80999755859375,83.95999908447266,219200
2026-05-29 15:15:00+00:00,VALE3.SA,83.93000030517578,83.9800033569336,83.79000091552734,83.80999755859375,92500
2026-05-29 15:20:00+00:00,VALE3.SA,83.80999755859375,83.80999755859375,83.70999908447266,83.70999908447266,150400
2026-05-29 15:25:00+00:00,VALE3.SA,83.69999694824219,83.69999694824219,83.62000274658203,83.63999938964844,136100
2026-05-29 15:30:00+00:00,VALE3.SA,83.63999938964844,83.70999908447266,83.61000061035156,83.66000366210938,178400
2026-05-29 15:35:00+00:00,VALE3.SA,83.6500015258789,83.69000244140625,83.43000030517578,83.4800033569336,115200
2026-05-29 15:40:00+00:00,VALE3.SA,83.4800033569336,83.55000305175781,83.36000061035156,83.4000015258789,44000
2026-05-29 15:45:00+00:00,VALE3.SA,83.41000366210938,83.48999786376953,83.37999725341797,83.38999938964844,19400
2026-05-29 15:50:00+00:00,VALE3.SA,83.4000015258789,83.54000091552734,83.37999725341797,83.51000213623047,49600
2026-05-29 15:55:00+00:00,VALE3.SA,83.52999877929688,83.52999877929688,83.4000015258789,83.44000244140625,371400
2026-05-29 16:00:00+00:00,VALE3.SA,83.43000030517578,83.43000030517578,83.26000213623047,83.26000213623047,41000
2026-05-29 16:05:00+00:00,VALE3.SA,83.26000213623047,83.27999877929688,83.0999984741211,83.19000244140625,77000
2026-05-29 16:10:00+00:00,VALE3.SA,83.19000244140625,83.22000122070312,82.98999786376953,83.04000091552734,91100
2026-05-29 16:15:00+00:00,VALE3.SA,83.04000091552734,83.0999984741211,82.94999694824219,83.05000305175781,356100
2026-05-29 16:20:00+00:00,VALE3.SA,83.05999755859375,83.16999816894531,83.04000091552734,83.08000183105469,142700
2026-05-29 16:25:00+00:00,VALE3.SA,83.08000183105469,83.19999694824219,83.06999969482422,83.13999938964844,111700
2026-05-29 16:30:00+00:00,VALE3.SA,83.12999725341797,83.25,83.12000274658203,83.1500015258789,132500
2026-05-29 16:35:00+00:00,VALE3.SA,83.1500015258789,83.19000244140625,83.0999984741211,83.11000061035156,316600
2026-05-29 16:40:00+00:00,VALE3.SA,83.11000061035156,83.16000366210938,83.04000091552734,83.0999984741211,140200
2026-05-29 16:45:00+00:00,VALE3.SA,83.0999984741211,83.11000061035156,82.98999786376953,83.0199966430664,110300
2026-05-29 16:50:00+00:00,VALE3.SA,83.02999877929688,83.05000305175781,82.66999816894531,82.72000122070312,446100
2026-05-29 16:55:00+00:00,VALE3.SA,82.7300033569336,82.80999755859375,82.55000305175781,82.76000213623047,640600
2026-05-29 17:00:00+00:00,VALE3.SA,82.79000091552734,83.01000213623047,82.76000213623047,82.77999877929688,172500
2026-05-29 17:05:00+00:00,VALE3.SA,82.79000091552734,82.91999816894531,82.79000091552734,82.91999816894531,79800
2026-05-29 17:10:00+00:00,VALE3.SA,82.91000366210938,82.91000366210938,82.73999786376953,82.86000061035156,81000
2026-05-29 17:15:00+00:00,VALE3.SA,82.86000061035156,82.97000122070312,82.80000305175781,82.80000305175781,119100
2026-05-29 17:20:00+00:00,VALE3.SA,82.79000091552734,82.80999755859375,82.62000274658203,82.79000091552734,141100
2026-05-29 17:25:00+00:00,VALE3.SA,82.77999877929688,82.77999877929688,82.5999984741211,82.6500015258789,77200
2026-05-29 17:30:00+00:00,VALE3.SA,82.6500015258789,82.81999969482422,82.63999938964844,82.79000091552734,193100
2026-05-29 17:35:00+00:00,VALE3.SA,82.80000305175781,82.87000274658203,82.7699966430664,82.80000305175781,128900
2026-05-29 17:40:00+00:00,VALE3.SA,82.83999633789062,82.87999725341797,82.7699966430664,82.83999633789062,75700
2026-05-29 17:45:00+00:00,VALE3.SA,82.83999633789062,82.91999816894531,82.80999755859375,82.9000015258789,140700
2026-05-29 17:50:00+00:00,VALE3.SA,82.87999725341797,82.91999816894531,82.80999755859375,82.8499984741211,122200
2026-05-29 17:55:00+00:00,VALE3.SA,82.8499984741211,82.94000244140625,82.79000091552734,82.80000305175781,86900
2026-05-29 18:00:00+00:00,VALE3.SA,82.80000305175781,82.88999938964844,82.7699966430664,82.86000061035156,92100
2026-05-29 18:05:00+00:00,VALE3.SA,82.8499984741211,82.91000366210938,82.83999633789062,82.87000274658203,78300
2026-05-29 18:10:00+00:00,VALE3.SA,82.86000061035156,82.87000274658203,82.80000305175781,82.81999969482422,52600
2026-05-29 18:15:00+00:00,VALE3.SA,82.83000183105469,82.87000274658203,82.72000122070312,82.79000091552734,66800
2026-05-29 18:20:00+00:00,VALE3.SA,82.7699966430664,82.86000061035156,82.76000213623047,82.80999755859375,66100
2026-05-29 18:25:00+00:00,VALE3.SA,82.80999755859375,82.83999633789062,82.73999786376953,82.76000213623047,95900
2026-05-29 18:30:00+00:00,VALE3.SA,82.75,82.79000091552734,82.69999694824219,82.73999786376953,128200
2026-05-29 18:35:00+00:00,VALE3.SA,82.72000122070312,82.80000305175781,82.69999694824219,82.77999877929688,66500
2026-05-29 18:40:00+00:00,VALE3.SA,82.77999877929688,82.77999877929688,82.6500015258789,82.68000030517578,67600
2026-05-29 18:45:00+00:00,VALE3.SA,82.68000030517578,82.93000030517578,82.63999938964844,82.63999938964844,226600
2026-05-29 18:50:00+00:00,VALE3.SA,82.6500015258789,82.75,82.63999938964844,82.72000122070312,105700
2026-05-29 18:55:00+00:00,VALE3.SA,82.69999694824219,82.72000122070312,82.48999786376953,82.55999755859375,180500
2026-05-29 19:00:00+00:00,VALE3.SA,82.55999755859375,82.73999786376953,82.52999877929688,82.69999694824219,99600
2026-05-29 19:05:00+00:00,VALE3.SA,82.69000244140625,82.8499984741211,82.69000244140625,82.80999755859375,150900
2026-05-29 19:10:00+00:00,VALE3.SA,82.80000305175781,82.8499984741211,82.76000213623047,82.77999877929688,112800
2026-05-29 19:15:00+00:00,VALE3.SA,82.80999755859375,82.88999938964844,82.76000213623047,82.80000305175781,199600
2026-05-29 19:20:00+00:00,VALE3.SA,82.80000305175781,82.88999938964844,82.76000213623047,82.86000061035156,113100
2026-05-29 19:25:00+00:00,VALE3.SA,82.87000274658203,82.87000274658203,82.79000091552734,82.87000274658203,136500
2026-05-29 19:30:00+00:00,VALE3.SA,82.87000274658203,82.88999938964844,82.73999786376953,82.76000213623047,238600
2026-05-29 19:35:00+00:00,VALE3.SA,82.76000213623047,82.80999755859375,82.68000030517578,82.69999694824219,512500
2026-05-29 19:40:00+00:00,VALE3.SA,82.69999694824219,82.76000213623047,82.62999725341797,82.63999938964844,182500
2026-05-29 19:45:00+00:00,VALE3.SA,82.6500015258789,82.66000366210938,82.37999725341797,82.44999694824219,531100
2026-06-01 13:00:00+00:00,VALE3.SA,82.12999725341797,82.25,81.77999877929688,82.06999969482422,0
2026-06-01 13:05:00+00:00,VALE3.SA,82.0199966430664,82.2300033569336,81.80000305175781,81.91000366210938,563200
2026-06-01 13:10:00+00:00,VALE3.SA,81.91000366210938,81.93000030517578,81.56999969482422,81.69000244140625,342500
2026-06-01 13:15:00+00:00,VALE3.SA,81.69000244140625,81.79000091552734,81.5,81.56999969482422,160600
2026-06-01 13:20:00+00:00,VALE3.SA,81.58000183105469,81.58999633789062,80.94999694824219,80.9800033569336,535600
2026-06-01 13:25:00+00:00,VALE3.SA,80.94999694824219,80.94999694824219,80.70999908447266,80.77999877929688,438400
2026-06-01 13:30:00+00:00,VALE3.SA,80.7699966430664,81.33999633789062,80.73999786376953,81.30000305175781,860300
2026-06-01 13:35:00+00:00,VALE3.SA,81.33999633789062,81.58999633789062,81.16000366210938,81.2699966430664,493300
2026-06-01 13:40:00+00:00,VALE3.SA,81.26000213623047,81.3499984741211,81.0999984741211,81.30000305175781,144000
2026-06-01 13:45:00+00:00,VALE3.SA,81.3499984741211,81.4000015258789,81.1500015258789,81.1500015258789,99500
2026-06-01 13:50:00+00:00,VALE3.SA,81.1500015258789,81.30000305175781,80.87999725341797,81.30000305175781,400100
2026-06-01 13:55:00+00:00,VALE3.SA,81.26000213623047,81.31999969482422,81.12999725341797,81.12999725341797,140000
2026-06-01 14:00:00+00:00,VALE3.SA,81.16000366210938,81.19999694824219,80.95999908447266,81.1500015258789,602000
2026-06-01 14:05:00+00:00,VALE3.SA,81.16999816894531,81.16999816894531,80.98999786376953,81.1500015258789,383300
2026-06-01 14:10:00+00:00,VALE3.SA,81.16999816894531,81.33000183105469,81.06999969482422,81.23999786376953,194800
2026-06-01 14:15:00+00:00,VALE3.SA,81.25,81.41999816894531,81.08000183105469,81.1500015258789,220400
2026-06-01 14:20:00+00:00,VALE3.SA,81.12999725341797,81.19999694824219,80.95999908447266,80.95999908447266,237700
2026-06-01 14:25:00+00:00,VALE3.SA,80.95999908447266,81.0,80.81999969482422,80.98999786376953,247900
2026-06-01 14:30:00+00:00,VALE3.SA,80.95999908447266,81.08000183105469,80.9000015258789,81.01000213623047,82000
2026-06-01 14:35:00+00:00,VALE3.SA,81.0199966430664,81.0999984741211,80.94000244140625,80.94000244140625,217500
2026-06-01 14:40:00+00:00,VALE3.SA,80.94999694824219,80.94999694824219,80.76000213623047,80.80999755859375,187800
2026-06-01 14:45:00+00:00,VALE3.SA,80.80000305175781,80.81999969482422,80.66000366210938,80.69999694824219,530100
2026-06-01 14:50:00+00:00,VALE3.SA,80.68000030517578,80.69000244140625,80.58000183105469,80.63999938964844,85900
2026-06-01 14:55:00+00:00,VALE3.SA,80.6500015258789,80.7699966430664,80.58999633789062,80.63999938964844,151800
2026-06-01 15:00:00+00:00,VALE3.SA,80.63999938964844,80.72000122070312,80.58999633789062,80.6500015258789,119200
2026-06-01 15:05:00+00:00,VALE3.SA,80.66999816894531,80.7699966430664,80.62999725341797,80.69999694824219,261600
2026-06-01 15:10:00+00:00,VALE3.SA,80.69999694824219,80.73999786376953,80.63999938964844,80.69999694824219,122100
2026-06-01 15:15:00+00:00,VALE3.SA,80.69999694824219,80.72000122070312,80.63999938964844,80.68000030517578,178900
2026-06-01 15:20:00+00:00,VALE3.SA,80.68000030517578,80.97000122070312,80.68000030517578,80.83999633789062,392300
2026-06-01 15:25:00+00:00,VALE3.SA,80.83999633789062,81.04000091552734,80.80999755859375,81.02999877929688,251300
2026-06-01 15:30:00+00:00,VALE3.SA,81.0,81.19999694824219,80.98999786376953,81.08999633789062,155800
2026-06-01 15:35:00+00:00,VALE3.SA,81.06999969482422,81.0999984741211,80.95999908447266,81.05999755859375,355700
2026-06-01 15:40:00+00:00,VALE3.SA,81.02999877929688,81.06999969482422,80.94000244140625,80.97000122070312,59900
2026-06-01 15:45:00+00:00,VALE3.SA,81.01000213623047,81.01000213623047,80.94999694824219,80.95999908447266,24200
2026-06-01 15:50:00+00:00,VALE3.SA,80.94999694824219,81.0,80.94999694824219,80.9800033569336,19500
2026-06-01 15:55:00+00:00,VALE3.SA,80.97000122070312,81.02999877929688,80.97000122070312,81.01000213623047,30700
2026-06-01 16:00:00+00:00,VALE3.SA,81.01000213623047,81.0999984741211,80.95999908447266,81.0,145700
2026-06-01 16:05:00+00:00,VALE3.SA,81.0199966430664,81.0199966430664,80.8499984741211,80.86000061035156,43700
2026-06-01 16:10:00+00:00,VALE3.SA,80.86000061035156,80.87000274658203,80.7300033569336,80.83999633789062,194100
2026-06-01 16:15:00+00:00,VALE3.SA,80.83999633789062,80.86000061035156,80.7699966430664,80.8499984741211,73700
2026-06-01 16:20:00+00:00,VALE3.SA,80.86000061035156,80.94999694824219,80.86000061035156,80.91000366210938,75800
2026-06-01 16:25:00+00:00,VALE3.SA,80.91000366210938,80.94000244140625,80.81999969482422,80.81999969482422,79600
2026-06-01 16:30:00+00:00,VALE3.SA,80.81999969482422,80.88999938964844,80.7699966430664,80.86000061035156,227100
2026-06-01 16:35:00+00:00,VALE3.SA,80.86000061035156,80.91999816894531,80.8499984741211,80.87999725341797,21700
2026-06-01 16:40:00+00:00,VALE3.SA,80.87000274658203,80.94999694824219,80.8499984741211,80.9000015258789,18500
2026-06-01 16:45:00+00:00,VALE3.SA,80.91999816894531,80.9800033569336,80.88999938964844,80.93000030517578,33200
2026-06-01 16:50:00+00:00,VALE3.SA,80.94999694824219,81.0999984741211,80.93000030517578,81.08999633789062,57300
2026-06-01 16:55:00+00:00,VALE3.SA,81.08999633789062,81.30999755859375,81.05000305175781,81.29000091552734,148200
2026-06-01 17:00:00+00:00,VALE3.SA,81.30999755859375,81.33000183105469,81.19999694824219,81.23999786376953,71800
2026-06-01 17:05:00+00:00,VALE3.SA,81.23999786376953,81.29000091552734,81.23999786376953,81.2699966430664,57700
2026-06-01 17:10:00+00:00,VALE3.SA,81.2699966430664,81.3499984741211,81.2699966430664,81.33000183105469,89100
2026-06-01 17:15:00+00:00,VALE3.SA,81.33000183105469,81.33000183105469,81.20999908447266,81.25,111900
2026-06-01 17:20:00+00:00,VALE3.SA,81.23999786376953,81.2699966430664,81.16000366210938,81.2699966430664,200700
2026-06-01 17:25:00+00:00,VALE3.SA,81.27999877929688,81.4800033569336,81.23999786376953,81.47000122070312,237800
2026-06-01 17:30:00+00:00,VALE3.SA,81.4800033569336,81.66000366210938,81.43000030517578,81.47000122070312,202800
2026-06-01 17:35:00+00:00,VALE3.SA,81.47000122070312,81.5,81.38999938964844,81.44000244140625,65200
2026-06-01 17:40:00+00:00,VALE3.SA,81.43000030517578,81.69000244140625,81.43000030517578,81.58999633789062,159500
2026-06-01 17:45:00+00:00,VALE3.SA,81.58999633789062,81.69999694824219,81.5,81.66000366210938,244600
2026-06-01 17:50:00+00:00,VALE3.SA,81.63999938964844,81.8499984741211,81.58000183105469,81.83000183105469,106300
2026-06-01 17:55:00+00:00,VALE3.SA,81.83000183105469,81.83000183105469,81.75,81.80000305175781,93800
2026-06-01 18:00:00+00:00,VALE3.SA,81.7699966430664,81.81999969482422,81.7300033569336,81.7699966430664,82700
2026-06-01 18:05:00+00:00,VALE3.SA,81.7699966430664,81.88999938964844,81.72000122070312,81.75,92100
2026-06-01 18:10:00+00:00,VALE3.SA,81.75,81.7699966430664,81.70999908447266,81.7699966430664,49000
2026-06-01 18:15:00+00:00,VALE3.SA,81.77999877929688,81.77999877929688,81.72000122070312,81.7699966430664,53500
2026-06-01 18:20:00+00:00,VALE3.SA,81.76000213623047,81.8499984741211,81.73999786376953,81.83999633789062,73700
2026-06-01 18:25:00+00:00,VALE3.SA,81.83999633789062,81.87000274658203,81.80999755859375,81.83999633789062,127900
2026-06-01 18:30:00+00:00,VALE3.SA,81.83000183105469,81.93000030517578,81.76000213623047,81.87999725341797,110200
2026-06-01 18:35:00+00:00,VALE3.SA,81.87999725341797,81.88999938964844,81.69000244140625,81.7699966430664,73600
2026-06-01 18:40:00+00:00,VALE3.SA,81.7699966430664,81.80999755859375,81.73999786376953,81.80000305175781,40400
2026-06-01 18:45:00+00:00,VALE3.SA,81.80000305175781,81.88999938964844,81.80000305175781,81.83000183105469,67100
2026-06-01 18:50:00+00:00,VALE3.SA,81.83000183105469,81.83000183105469,81.72000122070312,81.7300033569336,52100
2026-06-01 18:55:00+00:00,VALE3.SA,81.73999786376953,81.80999755859375,81.73999786376953,81.77999877929688,46300
2026-06-01 19:00:00+00:00,VALE3.SA,81.7699966430664,81.80000305175781,81.66000366210938,81.73999786376953,181100
2026-06-01 19:05:00+00:00,VALE3.SA,81.73999786376953,81.75,81.6500015258789,81.66999816894531,57300
2026-06-01 19:10:00+00:00,VALE3.SA,81.66000366210938,81.69000244140625,81.61000061035156,81.68000030517578,67900
2026-06-01 19:15:00+00:00,VALE3.SA,81.66999816894531,81.69000244140625,81.6500015258789,81.68000030517578,41600
2026-06-01 19:20:00+00:00,VALE3.SA,81.68000030517578,81.77999877929688,81.68000030517578,81.75,181500
2026-06-01 19:25:00+00:00,VALE3.SA,81.76000213623047,81.88999938964844,81.75,81.86000061035156,221800
2026-06-01 19:30:00+00:00,VALE3.SA,81.8499984741211,81.97000122070312,81.83000183105469,81.97000122070312,113100
2026-06-01 19:35:00+00:00,VALE3.SA,81.94000244140625,82.08000183105469,81.94000244140625,81.9800033569336,195100
2026-06-01 19:40:00+00:00,VALE3.SA,81.97000122070312,82.04000091552734,81.94999694824219,82.01000213623047,121700
2026-06-01 19:45:00+00:00,VALE3.SA,82.0199966430664,82.02999877929688,81.9000015258789,81.91999816894531,221700
2026-06-01 19:50:00+00:00,VALE3.SA,81.93000030517578,81.94000244140625,81.83000183105469,81.83999633789062,229300
2026-06-02 13:00:00+00:00,VALE3.SA,82.22000122070312,82.45999908447266,82.11000061035156,82.25,0
2026-06-02 13:05:00+00:00,VALE3.SA,82.1500015258789,82.56999969482422,82.04000091552734,82.48999786376953,247200
2026-06-02 13:10:00+00:00,VALE3.SA,82.4800033569336,82.6500015258789,82.41000366210938,82.55000305175781,119900
2026-06-02 13:15:00+00:00,VALE3.SA,82.54000091552734,82.58000183105469,82.45999908447266,82.4800033569336,54000
2026-06-02 13:20:00+00:00,VALE3.SA,82.44999694824219,82.66999816894531,82.41000366210938,82.58000183105469,177000
2026-06-02 13:25:00+00:00,VALE3.SA,82.58999633789062,82.9800033569336,82.54000091552734,82.9000015258789,212500
2026-06-02 13:30:00+00:00,VALE3.SA,82.9000015258789,83.22000122070312,82.62000274658203,83.19000244140625,333000
2026-06-02 13:35:00+00:00,VALE3.SA,83.22000122070312,83.6500015258789,83.19000244140625,83.5,687400
2026-06-02 13:40:00+00:00,VALE3.SA,83.48999786376953,83.62999725341797,83.4000015258789,83.5199966430664,228700
2026-06-02 13:45:00+00:00,VALE3.SA,83.52999877929688,83.6500015258789,83.31999969482422,83.5199966430664,196200
2026-06-02 13:50:00+00:00,VALE3.SA,83.55999755859375,83.7300033569336,83.26000213623047,83.43000030517578,363700
2026-06-02 13:55:00+00:00,VALE3.SA,83.43000030517578,83.4800033569336,83.19999694824219,83.22000122070312,235100
2026-06-02 14:00:00+00:00,VALE3.SA,83.22000122070312,83.25,83.08000183105469,83.0999984741211,203600
2026-06-02 14:05:00+00:00,VALE3.SA,83.08999633789062,83.18000030517578,83.05000305175781,83.12000274658203,148300
2026-06-02 14:10:00+00:00,VALE3.SA,83.1500015258789,83.2699966430664,83.12999725341797,83.2699966430664,154700
2026-06-02 14:15:00+00:00,VALE3.SA,83.25,83.41999816894531,83.2300033569336,83.37999725341797,189200
2026-06-02 14:20:00+00:00,VALE3.SA,83.41999816894531,83.48999786376953,83.33999633789062,83.4000015258789,226200
2026-06-02 14:25:00+00:00,VALE3.SA,83.4000015258789,83.83000183105469,83.31999969482422,83.80000305175781,492800
2026-06-02 14:30:00+00:00,VALE3.SA,83.83000183105469,84.13999938964844,83.80999755859375,84.05999755859375,471600
2026-06-02 14:35:00+00:00,VALE3.SA,84.08999633789062,84.41999816894531,84.05000305175781,84.41999816894531,584800
2026-06-02 14:40:00+00:00,VALE3.SA,84.38999938964844,84.66000366210938,84.38999938964844,84.4800033569336,981600
2026-06-02 14:45:00+00:00,VALE3.SA,84.44000244140625,84.68000030517578,84.41000366210938,84.5999984741211,407300
2026-06-02 14:50:00+00:00,VALE3.SA,84.63999938964844,84.72000122070312,84.55000305175781,84.66999816894531,293000
2026-06-02 14:55:00+00:00,VALE3.SA,84.66999816894531,84.75,84.47000122070312,84.58000183105469,363200
2026-06-02 15:00:00+00:00,VALE3.SA,84.55999755859375,84.69000244140625,84.5,84.5,256500
2026-06-02 15:05:00+00:00,VALE3.SA,84.51000213623047,84.55999755859375,84.41999816894531,84.45999908447266,127500
2026-06-02 15:10:00+00:00,VALE3.SA,84.45999908447266,84.48999786376953,84.19999694824219,84.19999694824219,314500
2026-06-02 15:15:00+00:00,VALE3.SA,84.22000122070312,84.29000091552734,84.11000061035156,84.2300033569336,244100
2026-06-02 15:20:00+00:00,VALE3.SA,84.22000122070312,84.41000366210938,84.20999908447266,84.36000061035156,176400
2026-06-02 15:25:00+00:00,VALE3.SA,84.37000274658203,84.48999786376953,84.30000305175781,84.44999694824219,194800
2026-06-02 15:30:00+00:00,VALE3.SA,84.44000244140625,84.5,84.41999816894531,84.45999908447266,100800
2026-06-02 15:35:00+00:00,VALE3.SA,84.45999908447266,84.52999877929688,84.4000015258789,84.4800033569336,132500
2026-06-02 15:40:00+00:00,VALE3.SA,84.4800033569336,84.5,84.44000244140625,84.5,55400
2026-06-02 15:45:00+00:00,VALE3.SA,84.5,84.55000305175781,84.48999786376953,84.51000213623047,98700
2026-06-02 15:50:00+00:00,VALE3.SA,84.51000213623047,84.58000183105469,84.44999694824219,84.52999877929688,128800
2026-06-02 15:55:00+00:00,VALE3.SA,84.51000213623047,84.62000274658203,84.5,84.58000183105469,104900
2026-06-02 16:00:00+00:00,VALE3.SA,84.55999755859375,84.5999984741211,84.48999786376953,84.55999755859375,90100
2026-06-02 16:05:00+00:00,VALE3.SA,84.55000305175781,84.5999984741211,84.52999877929688,84.58000183105469,88200
2026-06-02 16:10:00+00:00,VALE3.SA,84.58000183105469,84.66999816894531,84.56999969482422,84.58000183105469,79700
2026-06-02 16:15:00+00:00,VALE3.SA,84.62000274658203,84.62000274658203,84.44999694824219,84.58000183105469,112800
2026-06-02 16:20:00+00:00,VALE3.SA,84.55999755859375,84.62000274658203,84.51000213623047,84.52999877929688,57300
2026-06-02 16:25:00+00:00,VALE3.SA,84.52999877929688,84.52999877929688,84.44000244140625,84.4800033569336,94400
2026-06-02 16:30:00+00:00,VALE3.SA,84.4800033569336,84.94999694824219,84.44000244140625,84.87999725341797,404000
2026-06-02 16:35:00+00:00,VALE3.SA,84.87999725341797,84.97000122070312,84.81999969482422,84.94999694824219,181800
2026-06-02 16:40:00+00:00,VALE3.SA,84.93000030517578,84.95999908447266,84.8499984741211,84.87000274658203,115500
2026-06-02 16:45:00+00:00,VALE3.SA,84.87000274658203,84.97000122070312,84.77999877929688,84.94999694824219,126100
2026-06-02 16:50:00+00:00,VALE3.SA,84.94999694824219,84.94999694824219,84.88999938964844,84.91000366210938,124800
2026-06-02 16:55:00+00:00,VALE3.SA,84.9000015258789,84.91000366210938,84.8499984741211,84.87999725341797,76400
2026-06-02 17:00:00+00:00,VALE3.SA,84.87000274658203,85.08000183105469,84.86000061035156,84.9800033569336,312100
2026-06-02 17:05:00+00:00,VALE3.SA,84.9800033569336,85.0,84.75,84.80000305175781,151600
2026-06-02 17:10:00+00:00,VALE3.SA,84.80000305175781,84.8499984741211,84.80000305175781,84.83999633789062,110900
2026-06-02 17:15:00+00:00,VALE3.SA,84.83999633789062,84.83999633789062,84.66000366210938,84.69999694824219,102900
2026-06-02 17:20:00+00:00,VALE3.SA,84.69999694824219,84.73999786376953,84.52999877929688,84.63999938964844,196100
2026-06-02 17:25:00+00:00,VALE3.SA,84.63999938964844,84.69999694824219,84.45999908447266,84.5,190300
2026-06-02 17:30:00+00:00,VALE3.SA,84.51000213623047,84.75,84.5,84.72000122070312,93800
2026-06-02 17:35:00+00:00,VALE3.SA,84.70999908447266,84.77999877929688,84.6500015258789,84.6500015258789,68600
2026-06-02 17:40:00+00:00,VALE3.SA,84.63999938964844,84.69999694824219,84.58000183105469,84.61000061035156,82300
2026-06-02 17:45:00+00:00,VALE3.SA,84.61000061035156,84.62000274658203,84.47000122070312,84.56999969482422,94300
2026-06-02 17:50:00+00:00,VALE3.SA,84.58000183105469,84.68000030517578,84.55999755859375,84.62000274658203,81300
2026-06-02 17:55:00+00:00,VALE3.SA,84.62000274658203,84.63999938964844,84.52999877929688,84.58000183105469,74200
2026-06-02 18:00:00+00:00,VALE3.SA,84.58000183105469,84.66000366210938,84.55999755859375,84.62999725341797,92100
2026-06-02 18:05:00+00:00,VALE3.SA,84.62999725341797,84.66000366210938,84.58000183105469,84.61000061035156,88400
2026-06-02 18:10:00+00:00,VALE3.SA,84.61000061035156,84.69000244140625,84.5999984741211,84.66999816894531,93800
2026-06-02 18:15:00+00:00,VALE3.SA,84.66999816894531,84.66999816894531,84.5999984741211,84.62000274658203,54200
2026-06-02 18:20:00+00:00,VALE3.SA,84.62000274658203,84.66000366210938,84.5999984741211,84.66000366210938,63300
2026-06-02 18:25:00+00:00,VALE3.SA,84.66000366210938,84.77999877929688,84.62999725341797,84.63999938964844,235600
2026-06-02 18:30:00+00:00,VALE3.SA,84.62999725341797,84.7300033569336,84.62000274658203,84.70999908447266,216500
2026-06-02 18:35:00+00:00,VALE3.SA,84.70999908447266,84.80000305175781,84.5999984741211,84.6500015258789,195200
2026-06-02 18:40:00+00:00,VALE3.SA,84.6500015258789,84.66000366210938,84.58999633789062,84.62000274658203,128400
2026-06-02 18:45:00+00:00,VALE3.SA,84.62000274658203,84.7699966430664,84.58000183105469,84.7699966430664,135200
2026-06-02 18:50:00+00:00,VALE3.SA,84.77999877929688,84.80000305175781,84.72000122070312,84.76000213623047,140900
2026-06-02 18:55:00+00:00,VALE3.SA,84.77999877929688,84.80999755859375,84.7300033569336,84.80000305175781,89400
2026-06-02 19:00:00+00:00,VALE3.SA,84.77999877929688,84.8499984741211,84.76000213623047,84.81999969482422,196900
2026-06-02 19:05:00+00:00,VALE3.SA,84.83999633789062,84.87000274658203,84.80000305175781,84.83000183105469,117600
2026-06-02 19:10:00+00:00,VALE3.SA,84.83000183105469,84.94000244140625,84.79000091552734,84.88999938964844,262500
2026-06-02 19:15:00+00:00,VALE3.SA,84.88999938964844,84.91000366210938,84.79000091552734,84.8499984741211,170400
2026-06-02 19:20:00+00:00,VALE3.SA,84.83000183105469,84.91999816894531,84.81999969482422,84.91000366210938,85200
2026-06-02 19:25:00+00:00,VALE3.SA,84.91000366210938,85.0,84.9000015258789,84.91000366210938,199200
2026-06-02 19:30:00+00:00,VALE3.SA,84.91000366210938,84.95999908447266,84.81999969482422,84.91999816894531,268600
2026-06-02 19:35:00+00:00,VALE3.SA,84.9000015258789,84.95999908447266,84.83000183105469,84.83000183105469,264700
2026-06-02 19:40:00+00:00,VALE3.SA,84.83999633789062,84.83999633789062,84.73999786376953,84.83000183105469,373400
2026-06-02 19:45:00+00:00,VALE3.SA,84.83000183105469,84.87000274658203,84.73999786376953,84.77999877929688,311300
2026-06-02 19:50:00+00:00,VALE3.SA,84.77999877929688,84.8499984741211,84.7699966430664,84.7699966430664,189900
2026-06-03 13:05:00+00:00,VALE3.SA,83.61000061035156,83.70999908447266,83.5,83.55000305175781,0
2026-06-03 13:10:00+00:00,VALE3.SA,83.5999984741211,83.69999694824219,83.41999816894531,83.55999755859375,464700
2026-06-03 13:15:00+00:00,VALE3.SA,83.55999755859375,83.79000091552734,83.30000305175781,83.44000244140625,308100
2026-06-03 13:20:00+00:00,VALE3.SA,83.44999694824219,83.62000274658203,83.23999786376953,83.2699966430664,299400
2026-06-03 13:25:00+00:00,VALE3.SA,83.30000305175781,83.44000244140625,83.05000305175781,83.05000305175781,272800
2026-06-03 13:30:00+00:00,VALE3.SA,83.05000305175781,83.05000305175781,82.55999755859375,82.70999908447266,547800
2026-06-03 13:35:00+00:00,VALE3.SA,82.70999908447266,82.91000366210938,82.6500015258789,82.76000213623047,534600
2026-06-03 13:40:00+00:00,VALE3.SA,82.79000091552734,82.91999816894531,82.58000183105469,82.62999725341797,500900
2026-06-03 13:45:00+00:00,VALE3.SA,82.62000274658203,82.62000274658203,82.1500015258789,82.18000030517578,604700
2026-06-03 13:50:00+00:00,VALE3.SA,82.19999694824219,82.56999969482422,82.04000091552734,82.13999938964844,503900
2026-06-03 13:55:00+00:00,VALE3.SA,82.18000030517578,82.25,81.93000030517578,82.01000213623047,366100
2026-06-03 14:00:00+00:00,VALE3.SA,82.04000091552734,82.48999786376953,82.02999877929688,82.41999816894531,528900
2026-06-03 14:05:00+00:00,VALE3.SA,82.43000030517578,82.5,82.06999969482422,82.19000244140625,981300
2026-06-03 14:10:00+00:00,VALE3.SA,82.19000244140625,82.38999938964844,82.16000366210938,82.3499984741211,208800
2026-06-03 14:15:00+00:00,VALE3.SA,82.33000183105469,82.55000305175781,82.20999908447266,82.29000091552734,382700
2026-06-03 14:20:00+00:00,VALE3.SA,82.2699966430664,82.44000244140625,82.19999694824219,82.36000061035156,275600
2026-06-03 14:25:00+00:00,VALE3.SA,82.3499984741211,82.47000122070312,82.30999755859375,82.43000030517578,80200
2026-06-03 14:30:00+00:00,VALE3.SA,82.43000030517578,82.69000244140625,82.43000030517578,82.55999755859375,234200
2026-06-03 14:35:00+00:00,VALE3.SA,82.56999969482422,82.61000061035156,82.41999816894531,82.44000244140625,242900
2026-06-03 14:40:00+00:00,VALE3.SA,82.41999816894531,82.43000030517578,82.18000030517578,82.20999908447266,524800
2026-06-03 14:45:00+00:00,VALE3.SA,82.19999694824219,82.20999908447266,82.04000091552734,82.1500015258789,255200
2026-06-03 14:50:00+00:00,VALE3.SA,82.13999938964844,82.44999694824219,82.13999938964844,82.37000274658203,107100
2026-06-03 14:55:00+00:00,VALE3.SA,82.36000061035156,82.43000030517578,82.27999877929688,82.31999969482422,57400
2026-06-03 15:00:00+00:00,VALE3.SA,82.31999969482422,82.36000061035156,82.19999694824219,82.20999908447266,102200
2026-06-03 15:05:00+00:00,VALE3.SA,82.20999908447266,82.30000305175781,82.08999633789062,82.08999633789062,251600
2026-06-03 15:10:00+00:00,VALE3.SA,82.08999633789062,82.12999725341797,81.87999725341797,82.01000213623047,300200
2026-06-03 15:15:00+00:00,VALE3.SA,82.0,82.36000061035156,82.0,82.25,112800
2026-06-03 15:20:00+00:00,VALE3.SA,82.25,82.31999969482422,82.13999938964844,82.30999755859375,99700
2026-06-03 15:25:00+00:00,VALE3.SA,82.29000091552734,82.30000305175781,82.0999984741211,82.2699966430664,83600
2026-06-03 15:30:00+00:00,VALE3.SA,82.25,82.30000305175781,82.12000274658203,82.12999725341797,90600
2026-06-03 15:35:00+00:00,VALE3.SA,82.13999938964844,82.16999816894531,81.9800033569336,82.0999984741211,134500
2026-06-03 15:40:00+00:00,VALE3.SA,82.0999984741211,82.16000366210938,82.05000305175781,82.11000061035156,91500
2026-06-03 15:45:00+00:00,VALE3.SA,82.11000061035156,82.27999877929688,82.06999969482422,82.19999694824219,273800
2026-06-03 15:50:00+00:00,VALE3.SA,82.19000244140625,82.23999786376953,82.05000305175781,82.08000183105469,146700
2026-06-03 15:55:00+00:00,VALE3.SA,82.08999633789062,82.16000366210938,82.05999755859375,82.05999755859375,150200
2026-06-03 16:00:00+00:00,VALE3.SA,82.08999633789062,82.08999633789062,81.95999908447266,82.01000213623047,73900
2026-06-03 16:05:00+00:00,VALE3.SA,82.01000213623047,82.01000213623047,81.91000366210938,81.98999786376953,71700
2026-06-03 16:10:00+00:00,VALE3.SA,81.98999786376953,82.05000305175781,81.94999694824219,82.02999877929688,70600
2026-06-03 16:15:00+00:00,VALE3.SA,82.02999877929688,82.05000305175781,81.94999694824219,81.97000122070312,69700
2026-06-03 16:20:00+00:00,VALE3.SA,81.97000122070312,82.05999755859375,81.83999633789062,81.9000015258789,118000
2026-06-03 16:25:00+00:00,VALE3.SA,81.91999816894531,81.98999786376953,81.9000015258789,81.9800033569336,34800
2026-06-03 16:30:00+00:00,VALE3.SA,81.97000122070312,82.0199966430664,81.93000030517578,81.95999908447266,58100
2026-06-03 16:35:00+00:00,VALE3.SA,81.95999908447266,82.02999877929688,81.9000015258789,81.93000030517578,90000
2026-06-03 16:40:00+00:00,VALE3.SA,81.91000366210938,81.9800033569336,81.9000015258789,81.97000122070312,65700
2026-06-03 16:45:00+00:00,VALE3.SA,81.95999908447266,82.0199966430664,81.91999816894531,81.95999908447266,62100
2026-06-03 16:50:00+00:00,VALE3.SA,81.94999694824219,81.9800033569336,81.80999755859375,81.91999816894531,148900
2026-06-03 16:55:00+00:00,VALE3.SA,81.87999725341797,82.05999755859375,81.87999725341797,82.0199966430664,113400
2026-06-03 17:00:00+00:00,VALE3.SA,82.02999877929688,82.02999877929688,81.9000015258789,81.91999816894531,75200
2026-06-03 17:05:00+00:00,VALE3.SA,81.93000030517578,82.19000244140625,81.93000030517578,82.16000366210938,313600
2026-06-03 17:10:00+00:00,VALE3.SA,82.1500015258789,82.16999816894531,81.98999786376953,82.06999969482422,99000
2026-06-03 17:15:00+00:00,VALE3.SA,82.05999755859375,82.08000183105469,82.0,82.01000213623047,75800
2026-06-03 17:20:00+00:00,VALE3.SA,82.01000213623047,82.0999984741211,82.0,82.02999877929688,65900
2026-06-03 17:25:00+00:00,VALE3.SA,82.02999877929688,82.05999755859375,82.0,82.01000213623047,102400
2026-06-03 17:30:00+00:00,VALE3.SA,82.0,82.08999633789062,82.0,82.05000305175781,84000
2026-06-03 17:35:00+00:00,VALE3.SA,82.05000305175781,82.0999984741211,82.0199966430664,82.0999984741211,68800
2026-06-03 17:40:00+00:00,VALE3.SA,82.0999984741211,82.13999938964844,82.06999969482422,82.08000183105469,94300
2026-06-03 17:45:00+00:00,VALE3.SA,82.06999969482422,82.06999969482422,82.0,82.0,90900
2026-06-03 17:50:00+00:00,VALE3.SA,82.01000213623047,82.06999969482422,81.95999908447266,82.01000213623047,254300
2026-06-03 17:55:00+00:00,VALE3.SA,82.0,82.01000213623047,81.86000061035156,81.91000366210938,97100
2026-06-03 18:00:00+00:00,VALE3.SA,81.91000366210938,82.04000091552734,81.87999725341797,82.02999877929688,183000
2026-06-03 18:05:00+00:00,VALE3.SA,82.02999877929688,82.12000274658203,82.0,82.02999877929688,96200
2026-06-03 18:10:00+00:00,VALE3.SA,82.02999877929688,82.05999755859375,81.9800033569336,82.05999755859375,137100
2026-06-03 18:15:00+00:00,VALE3.SA,82.04000091552734,82.06999969482422,81.91999816894531,81.97000122070312,108600
2026-06-03 18:20:00+00:00,VALE3.SA,81.9800033569336,81.9800033569336,81.9000015258789,81.93000030517578,114800
2026-06-03 18:25:00+00:00,VALE3.SA,81.93000030517578,81.97000122070312,81.91000366210938,81.95999908447266,72100
2026-06-03 18:30:00+00:00,VALE3.SA,81.94000244140625,82.05999755859375,81.91999816894531,81.93000030517578,109200
2026-06-03 18:35:00+00:00,VALE3.SA,81.95999908447266,81.95999908447266,81.80000305175781,81.87000274658203,197900
2026-06-03 18:40:00+00:00,VALE3.SA,81.87000274658203,81.93000030517578,81.80000305175781,81.86000061035156,96000
2026-06-03 18:45:00+00:00,VALE3.SA,81.86000061035156,81.9000015258789,81.83000183105469,81.8499984741211,49800
2026-06-03 18:50:00+00:00,VALE3.SA,81.8499984741211,81.94999694824219,81.83999633789062,81.94999694824219,75900
2026-06-03 18:55:00+00:00,VALE3.SA,81.94999694824219,82.0,81.94999694824219,81.98999786376953,71100
2026-06-03 19:00:00+00:00,VALE3.SA,81.98999786376953,82.05000305175781,81.94000244140625,82.01000213623047,93400
2026-06-03 19:05:00+00:00,VALE3.SA,82.0199966430664,82.20999908447266,81.9800033569336,82.19999694824219,265700
2026-06-03 19:10:00+00:00,VALE3.SA,82.16999816894531,82.20999908447266,81.97000122070312,82.1500015258789,190800
2026-06-03 19:15:00+00:00,VALE3.SA,82.13999938964844,82.20999908447266,82.11000061035156,82.13999938964844,155300
2026-06-03 19:20:00+00:00,VALE3.SA,82.12999725341797,82.13999938964844,81.94999694824219,81.97000122070312,138400
2026-06-03 19:25:00+00:00,VALE3.SA,81.97000122070312,82.1500015258789,81.91999816894531,82.13999938964844,247200
2026-06-03 19:30:00+00:00,VALE3.SA,82.11000061035156,82.19999694824219,82.0999984741211,82.18000030517578,268800
2026-06-03 19:35:00+00:00,VALE3.SA,82.18000030517578,82.22000122070312,82.12000274658203,82.12000274658203,184100
2026-06-03 19:40:00+00:00,VALE3.SA,82.12999725341797,82.16999816894531,82.05999755859375,82.0999984741211,546900
2026-06-03 19:45:00+00:00,VALE3.SA,82.0999984741211,82.1500015258789,82.0199966430664,82.05999755859375,299800
2026-06-03 19:50:00+00:00,VALE3.SA,82.05999755859375,82.06999969482422,81.9000015258789,81.9000015258789,313800
2026-06-05 13:05:00+00:00,VALE3.SA,80.79000091552734,80.79000091552734,80.12999725341797,80.31999969482422,274900
2026-06-05 13:10:00+00:00,VALE3.SA,80.30000305175781,80.4000015258789,80.05999755859375,80.1500015258789,400200
2026-06-05 13:15:00+00:00,VALE3.SA,80.1500015258789,80.27999877929688,80.06999969482422,80.18000030517578,156800
2026-06-05 13:20:00+00:00,VALE3.SA,80.23999786376953,80.38999938964844,80.12999725341797,80.12999725341797,160400
2026-06-05 13:25:00+00:00,VALE3.SA,80.12999725341797,80.16999816894531,79.9000015258789,79.9000015258789,191200
2026-06-05 13:30:00+00:00,VALE3.SA,79.9000015258789,79.93000030517578,79.41000366210938,79.80999755859375,787000
2026-06-05 13:35:00+00:00,VALE3.SA,79.80000305175781,80.05000305175781,79.66000366210938,79.76000213623047,463000
2026-06-05 13:40:00+00:00,VALE3.SA,79.75,79.94000244140625,79.72000122070312,79.8499984741211,364100
2026-06-05 13:45:00+00:00,VALE3.SA,79.83000183105469,79.97000122070312,79.61000061035156,79.61000061035156,477200
2026-06-05 13:50:00+00:00,VALE3.SA,79.61000061035156,79.95999908447266,79.61000061035156,79.88999938964844,576700
2026-06-05 13:55:00+00:00,VALE3.SA,79.88999938964844,79.91000366210938,79.5999984741211,79.5999984741211,272700
2026-06-05 14:00:00+00:00,VALE3.SA,79.61000061035156,79.8499984741211,79.41000366210938,79.55999755859375,633500
2026-06-05 14:05:00+00:00,VALE3.SA,79.55999755859375,79.6500015258789,79.44000244140625,79.56999969482422,208700
2026-06-05 14:10:00+00:00,VALE3.SA,79.55999755859375,79.66000366210938,79.45999908447266,79.61000061035156,240400
2026-06-05 14:15:00+00:00,VALE3.SA,79.5999984741211,79.68000030517578,79.56999969482422,79.66000366210938,146100
2026-06-05 14:20:00+00:00,VALE3.SA,79.68000030517578,79.70999908447266,79.30999755859375,79.36000061035156,182400
2026-06-05 14:25:00+00:00,VALE3.SA,79.36000061035156,79.38999938964844,79.12999725341797,79.1500015258789,605000
2026-06-05 14:30:00+00:00,VALE3.SA,79.1500015258789,79.52999877929688,79.13999938964844,79.52999877929688,525200
2026-06-05 14:35:00+00:00,VALE3.SA,79.5199966430664,79.69000244140625,79.44000244140625,79.44000244140625,497600
2026-06-05 14:40:00+00:00,VALE3.SA,79.43000030517578,79.54000091552734,79.41000366210938,79.47000122070312,139000
2026-06-05 14:45:00+00:00,VALE3.SA,79.48999786376953,79.54000091552734,79.44000244140625,79.4800033569336,70000
2026-06-05 14:50:00+00:00,VALE3.SA,79.48999786376953,79.72000122070312,79.47000122070312,79.66999816894531,110900
2026-06-05 14:55:00+00:00,VALE3.SA,79.66999816894531,79.80999755859375,79.66000366210938,79.69000244140625,166800
2026-06-05 15:00:00+00:00,VALE3.SA,79.69999694824219,79.73999786376953,79.62000274658203,79.66000366210938,53200
2026-06-05 15:05:00+00:00,VALE3.SA,79.66999816894531,79.68000030517578,79.55000305175781,79.58999633789062,98900
2026-06-05 15:10:00+00:00,VALE3.SA,79.58000183105469,79.61000061035156,79.43000030517578,79.44999694824219,59600
2026-06-05 15:15:00+00:00,VALE3.SA,79.44999694824219,79.5,79.41000366210938,79.4800033569336,177300
2026-06-05 15:20:00+00:00,VALE3.SA,79.48999786376953,79.5199966430664,79.37000274658203,79.4800033569336,122800
2026-06-05 15:25:00+00:00,VALE3.SA,79.4800033569336,79.58000183105469,79.47000122070312,79.56999969482422,68700
2026-06-05 15:30:00+00:00,VALE3.SA,79.56999969482422,79.61000061035156,79.41999816894531,79.41999816894531,83600
2026-06-05 15:35:00+00:00,VALE3.SA,79.41999816894531,79.44000244140625,79.16999816894531,79.22000122070312,265200
2026-06-05 15:40:00+00:00,VALE3.SA,79.20999908447266,79.29000091552734,79.12000274658203,79.19000244140625,261400
2026-06-05 15:45:00+00:00,VALE3.SA,79.19999694824219,79.19999694824219,79.11000061035156,79.19000244140625,275400
2026-06-05 15:50:00+00:00,VALE3.SA,79.19000244140625,79.25,79.1500015258789,79.16999816894531,157600
2026-06-05 15:55:00+00:00,VALE3.SA,79.18000030517578,79.18000030517578,79.0999984741211,79.16000366210938,178400
2026-06-05 16:00:00+00:00,VALE3.SA,79.16000366210938,79.23999786376953,79.05999755859375,79.16000366210938,242200
2026-06-05 16:05:00+00:00,VALE3.SA,79.19000244140625,79.29000091552734,79.0999984741211,79.26000213623047,118200
2026-06-05 16:10:00+00:00,VALE3.SA,79.25,79.33000183105469,79.23999786376953,79.26000213623047,127100
2026-06-05 16:15:00+00:00,VALE3.SA,79.26000213623047,79.30999755859375,79.19999694824219,79.23999786376953,171700
2026-06-05 16:20:00+00:00,VALE3.SA,79.23999786376953,79.26000213623047,79.1500015258789,79.16000366210938,80600
2026-06-05 16:25:00+00:00,VALE3.SA,79.16000366210938,79.22000122070312,79.13999938964844,79.1500015258789,70500
2026-06-05 16:30:00+00:00,VALE3.SA,79.1500015258789,79.16000366210938,79.0199966430664,79.08999633789062,369000
2026-06-05 16:35:00+00:00,VALE3.SA,79.08999633789062,79.0999984741211,79.02999877929688,79.05000305175781,69000
2026-06-05 16:40:00+00:00,VALE3.SA,79.05999755859375,79.05999755859375,79.0,79.0,116400
2026-06-05 16:45:00+00:00,VALE3.SA,79.01000213623047,79.05999755859375,78.87999725341797,79.02999877929688,493400
2026-06-05 16:50:00+00:00,VALE3.SA,79.04000091552734,79.22000122070312,79.01000213623047,79.20999908447266,96100
2026-06-05 16:55:00+00:00,VALE3.SA,79.19000244140625,79.19000244140625,79.0999984741211,79.12999725341797,91500
2026-06-05 17:00:00+00:00,VALE3.SA,79.12999725341797,79.12999725341797,79.01000213623047,79.06999969482422,116700
2026-06-05 17:05:00+00:00,VALE3.SA,79.06999969482422,79.08999633789062,79.04000091552734,79.06999969482422,75600
2026-06-05 17:10:00+00:00,VALE3.SA,79.06999969482422,79.08999633789062,79.01000213623047,79.02999877929688,142800
2026-06-05 17:15:00+00:00,VALE3.SA,79.02999877929688,79.08000183105469,78.9800033569336,79.08000183105469,229200
2026-06-05 17:20:00+00:00,VALE3.SA,79.08000183105469,79.19999694824219,79.05999755859375,79.18000030517578,137600
2026-06-05 17:25:00+00:00,VALE3.SA,79.18000030517578,79.19999694824219,79.0999984741211,79.16000366210938,101300
2026-06-05 17:30:00+00:00,VALE3.SA,79.16000366210938,79.22000122070312,79.1500015258789,79.19999694824219,134500
2026-06-05 17:35:00+00:00,VALE3.SA,79.19000244140625,79.30999755859375,79.18000030517578,79.30999755859375,154500
2026-06-05 17:40:00+00:00,VALE3.SA,79.30999755859375,79.4000015258789,79.0999984741211,79.11000061035156,234400
2026-06-05 17:45:00+00:00,VALE3.SA,79.0999984741211,79.11000061035156,78.97000122070312,79.0,246000
2026-06-05 17:50:00+00:00,VALE3.SA,79.0,79.11000061035156,79.0,79.08999633789062,97300
2026-06-05 17:55:00+00:00,VALE3.SA,79.08999633789062,79.12999725341797,79.05000305175781,79.0999984741211,86900
2026-06-05 18:00:00+00:00,VALE3.SA,79.12000274658203,79.16999816894531,78.94000244140625,78.94999694824219,171100
2026-06-05 18:05:00+00:00,VALE3.SA,78.94000244140625,78.97000122070312,78.9000015258789,78.93000030517578,82000
2026-06-05 18:10:00+00:00,VALE3.SA,78.91999816894531,78.94000244140625,78.83999633789062,78.86000061035156,173400
2026-06-05 18:15:00+00:00,VALE3.SA,78.8499984741211,78.8499984741211,78.72000122070312,78.75,255800
2026-06-05 18:20:00+00:00,VALE3.SA,78.75,78.87999725341797,78.7300033569336,78.80999755859375,156800
2026-06-05 18:25:00+00:00,VALE3.SA,78.83000183105469,78.87999725341797,78.79000091552734,78.87000274658203,74100
2026-06-05 18:30:00+00:00,VALE3.SA,78.86000061035156,78.94999694824219,78.81999969482422,78.87999725341797,173100
2026-06-05 18:35:00+00:00,VALE3.SA,78.9000015258789,78.91000366210938,78.83000183105469,78.86000061035156,90700
2026-06-05 18:40:00+00:00,VALE3.SA,78.86000061035156,78.91000366210938,78.81999969482422,78.87000274658203,238600
2026-06-05 18:45:00+00:00,VALE3.SA,78.8499984741211,78.87999725341797,78.75,78.86000061035156,505100
2026-06-05 18:50:00+00:00,VALE3.SA,78.87000274658203,78.87000274658203,78.75,78.77999877929688,131900
2026-06-05 18:55:00+00:00,VALE3.SA,78.77999877929688,78.95999908447266,78.70999908447266,78.79000091552734,210400
2026-06-05 19:00:00+00:00,VALE3.SA,78.80000305175781,78.81999969482422,78.44000244140625,78.58000183105469,382200
2026-06-05 19:05:00+00:00,VALE3.SA,78.56999969482422,78.66999816894531,78.52999877929688,78.54000091552734,206100
2026-06-05 19:10:00+00:00,VALE3.SA,78.56999969482422,78.56999969482422,78.48999786376953,78.55000305175781,1185700
2026-06-05 19:15:00+00:00,VALE3.SA,78.54000091552734,78.5999984741211,78.48999786376953,78.55000305175781,236600
2026-06-05 19:20:00+00:00,VALE3.SA,78.55000305175781,78.5999984741211,78.4800033569336,78.54000091552734,144900
2026-06-05 19:25:00+00:00,VALE3.SA,78.54000091552734,78.66000366210938,78.52999877929688,78.66000366210938,269200
2026-06-05 19:30:00+00:00,VALE3.SA,78.66000366210938,78.66999816894531,78.33000183105469,78.4000015258789,551600
2026-06-05 19:35:00+00:00,VALE3.SA,78.4000015258789,78.48999786376953,78.37000274658203,78.47000122070312,347300
2026-06-05 19:40:00+00:00,VALE3.SA,78.47000122070312,78.5199966430664,78.41999816894531,78.5,392800
2026-06-05 19:45:00+00:00,VALE3.SA,78.48999786376953,78.58999633789062,78.44000244140625,78.58999633789062,203900
2026-06-05 19:50:00+00:00,VALE3.SA,78.58999633789062,78.63999938964844,78.5,78.55000305175781,297000
2026-06-08 13:00:00+00:00,VALE3.SA,78.91999816894531,79.27999877929688,78.80000305175781,78.83000183105469,0
2026-06-08 13:05:00+00:00,VALE3.SA,78.80000305175781,78.80999755859375,78.37000274658203,78.6500015258789,300800
2026-06-08 13:10:00+00:00,VALE3.SA,78.62999725341797,78.76000213623047,78.3499984741211,78.44000244140625,130900
2026-06-08 13:15:00+00:00,VALE3.SA,78.43000030517578,78.47000122070312,78.20999908447266,78.26000213623047,196500
2026-06-08 13:20:00+00:00,VALE3.SA,78.2699966430664,78.63999938964844,78.25,78.48999786376953,436200
2026-06-08 13:25:00+00:00,VALE3.SA,78.5,78.61000061035156,78.30999755859375,78.44999694824219,172800
2026-06-08 13:30:00+00:00,VALE3.SA,78.4000015258789,78.5,78.01000213623047,78.01000213623047,490100
2026-06-08 13:35:00+00:00,VALE3.SA,78.01000213623047,78.3499984741211,77.93000030517578,78.20999908447266,313900
2026-06-08 13:40:00+00:00,VALE3.SA,78.20999908447266,78.20999908447266,77.77999877929688,77.91000366210938,300000
2026-06-08 13:45:00+00:00,VALE3.SA,77.91000366210938,77.98999786376953,77.80999755859375,77.8499984741211,362000
2026-06-08 13:50:00+00:00,VALE3.SA,77.83000183105469,78.08999633789062,77.73999786376953,77.87000274658203,258800
2026-06-08 13:55:00+00:00,VALE3.SA,77.88999938964844,77.94999694824219,77.66999816894531,77.68000030517578,247300
2026-06-08 14:00:00+00:00,VALE3.SA,77.68000030517578,77.7699966430664,77.44999694824219,77.44999694824219,297900
2026-06-08 14:05:00+00:00,VALE3.SA,77.47000122070312,77.55999755859375,77.31999969482422,77.48999786376953,336200
2026-06-08 14:10:00+00:00,VALE3.SA,77.48999786376953,77.61000061035156,77.44999694824219,77.58000183105469,104400
2026-06-08 14:15:00+00:00,VALE3.SA,77.58000183105469,77.5999984741211,77.37999725341797,77.55999755859375,321900
2026-06-08 14:20:00+00:00,VALE3.SA,77.56999969482422,77.68000030517578,77.52999877929688,77.52999877929688,110000
2026-06-08 14:25:00+00:00,VALE3.SA,77.52999877929688,77.75,77.5,77.69999694824219,138700
2026-06-08 14:30:00+00:00,VALE3.SA,77.69999694824219,77.93000030517578,77.69999694824219,77.91999816894531,157200
2026-06-08 14:35:00+00:00,VALE3.SA,77.93000030517578,78.0199966430664,77.77999877929688,77.9800033569336,287800
2026-06-08 14:40:00+00:00,VALE3.SA,77.98999786376953,78.1500015258789,77.94000244140625,78.12999725341797,342800
2026-06-08 14:45:00+00:00,VALE3.SA,78.12000274658203,78.1500015258789,77.93000030517578,77.93000030517578,146400
2026-06-08 14:50:00+00:00,VALE3.SA,77.94000244140625,77.9800033569336,77.8499984741211,77.87999725341797,56100
2026-06-08 14:55:00+00:00,VALE3.SA,77.88999938964844,78.0,77.8499984741211,77.95999908447266,71800
2026-06-08 15:00:00+00:00,VALE3.SA,77.98999786376953,78.08000183105469,77.86000061035156,77.88999938964844,236700
2026-06-08 15:05:00+00:00,VALE3.SA,77.88999938964844,77.93000030517578,77.80000305175781,77.93000030517578,97600
2026-06-08 15:10:00+00:00,VALE3.SA,77.94000244140625,77.94000244140625,77.87999725341797,77.87999725341797,30200
2026-06-08 15:15:00+00:00,VALE3.SA,77.87999725341797,77.93000030517578,77.75,77.87999725341797,172600
2026-06-08 15:20:00+00:00,VALE3.SA,77.88999938964844,77.95999908447266,77.83000183105469,77.91999816894531,46700
2026-06-08 15:25:00+00:00,VALE3.SA,77.91000366210938,77.91000366210938,77.76000213623047,77.81999969482422,59300
2026-06-08 15:30:00+00:00,VALE3.SA,77.80999755859375,77.88999938964844,77.7699966430664,77.8499984741211,88900
2026-06-08 15:35:00+00:00,VALE3.SA,77.83999633789062,78.02999877929688,77.83000183105469,78.01000213623047,119400
2026-06-08 15:40:00+00:00,VALE3.SA,78.02999877929688,78.02999877929688,77.88999938964844,77.91999816894531,54200
2026-06-08 15:45:00+00:00,VALE3.SA,77.91000366210938,77.91999816894531,77.83000183105469,77.87999725341797,37700
2026-06-08 15:50:00+00:00,VALE3.SA,77.87999725341797,77.95999908447266,77.8499984741211,77.86000061035156,55500
2026-06-08 15:55:00+00:00,VALE3.SA,77.86000061035156,77.9000015258789,77.81999969482422,77.86000061035156,110700
2026-06-08 16:00:00+00:00,VALE3.SA,77.8499984741211,77.87000274658203,77.79000091552734,77.80000305175781,43500
2026-06-08 16:05:00+00:00,VALE3.SA,77.80000305175781,77.83000183105469,77.7300033569336,77.7699966430664,68400
2026-06-08 16:10:00+00:00,VALE3.SA,77.7699966430664,77.80999755859375,77.73999786376953,77.7699966430664,25200
2026-06-08 16:15:00+00:00,VALE3.SA,77.7699966430664,77.83000183105469,77.7300033569336,77.73999786376953,52100
2026-06-08 16:20:00+00:00,VALE3.SA,77.75,77.80999755859375,77.72000122070312,77.72000122070312,104200
2026-06-08 16:25:00+00:00,VALE3.SA,77.7300033569336,77.77999877929688,77.69999694824219,77.69999694824219,147500
2026-06-08 16:30:00+00:00,VALE3.SA,77.69999694824219,77.77999877929688,77.69999694824219,77.72000122070312,23200
2026-06-08 16:35:00+00:00,VALE3.SA,77.72000122070312,77.72000122070312,77.6500015258789,77.69000244140625,55900
2026-06-08 16:40:00+00:00,VALE3.SA,77.69000244140625,77.80000305175781,77.69000244140625,77.79000091552734,169000
2026-06-08 16:45:00+00:00,VALE3.SA,77.79000091552734,77.80000305175781,77.72000122070312,77.7699966430664,36000
2026-06-08 16:50:00+00:00,VALE3.SA,77.73999786376953,77.80000305175781,77.72000122070312,77.73999786376953,35600
2026-06-08 16:55:00+00:00,VALE3.SA,77.75,77.7699966430664,77.69999694824219,77.7300033569336,31100
2026-06-08 17:00:00+00:00,VALE3.SA,77.7300033569336,77.7300033569336,77.62000274658203,77.6500015258789,100700
2026-06-08 17:05:00+00:00,VALE3.SA,77.6500015258789,77.68000030517578,77.62000274658203,77.62000274658203,67400
2026-06-08 17:10:00+00:00,VALE3.SA,77.62000274658203,77.69999694824219,77.5999984741211,77.69000244140625,111300
2026-06-08 17:15:00+00:00,VALE3.SA,77.69999694824219,77.75,77.5999984741211,77.6500015258789,74700
2026-06-08 17:20:00+00:00,VALE3.SA,77.63999938964844,77.69000244140625,77.63999938964844,77.68000030517578,62700
2026-06-08 17:25:00+00:00,VALE3.SA,77.69000244140625,77.80999755859375,77.68000030517578,77.77999877929688,108500
2026-06-08 17:30:00+00:00,VALE3.SA,77.76000213623047,77.83999633789062,77.73999786376953,77.79000091552734,106000
2026-06-08 17:35:00+00:00,VALE3.SA,77.79000091552734,77.80000305175781,77.72000122070312,77.80000305175781,56100
2026-06-08 17:40:00+00:00,VALE3.SA,77.80000305175781,77.80000305175781,77.73999786376953,77.77999877929688,64400
2026-06-08 17:45:00+00:00,VALE3.SA,77.77999877929688,77.9000015258789,77.77999877929688,77.9000015258789,108000
2026-06-08 17:50:00+00:00,VALE3.SA,77.87999725341797,77.91999816894531,77.8499984741211,77.87000274658203,70700
2026-06-08 17:55:00+00:00,VALE3.SA,77.87000274658203,78.04000091552734,77.87000274658203,77.9800033569336,90300
2026-06-08 18:00:00+00:00,VALE3.SA,77.9800033569336,78.04000091552734,77.9000015258789,77.98999786376953,181800
2026-06-08 18:05:00+00:00,VALE3.SA,77.98999786376953,78.04000091552734,77.9000015258789,78.04000091552734,102700
2026-06-08 18:10:00+00:00,VALE3.SA,78.04000091552734,78.12000274658203,78.0199966430664,78.02999877929688,521500
2026-06-08 18:15:00+00:00,VALE3.SA,78.0199966430664,78.02999877929688,77.95999908447266,78.01000213623047,79200
2026-06-08 18:20:00+00:00,VALE3.SA,78.0,78.02999877929688,77.97000122070312,78.01000213623047,127000
2026-06-08 18:25:00+00:00,VALE3.SA,78.0199966430664,78.08000183105469,78.0,78.05999755859375,98900
2026-06-08 18:30:00+00:00,VALE3.SA,78.05999755859375,78.37000274658203,78.05999755859375,78.19000244140625,265500
2026-06-08 18:35:00+00:00,VALE3.SA,78.18000030517578,78.23999786376953,78.0999984741211,78.13999938964844,126100
2026-06-08 18:40:00+00:00,VALE3.SA,78.13999938964844,78.26000213623047,78.12000274658203,78.26000213623047,85900
2026-06-08 18:45:00+00:00,VALE3.SA,78.25,78.29000091552734,78.0999984741211,78.11000061035156,205300
2026-06-08 18:50:00+00:00,VALE3.SA,78.11000061035156,78.19000244140625,78.0999984741211,78.13999938964844,136200
2026-06-08 18:55:00+00:00,VALE3.SA,78.1500015258789,78.20999908447266,78.13999938964844,78.18000030517578,91300
2026-06-08 19:00:00+00:00,VALE3.SA,78.18000030517578,78.19000244140625,78.11000061035156,78.12999725341797,89300
2026-06-08 19:05:00+00:00,VALE3.SA,78.13999938964844,78.1500015258789,78.08000183105469,78.08999633789062,120500
2026-06-08 19:10:00+00:00,VALE3.SA,78.08000183105469,78.08000183105469,77.94000244140625,77.95999908447266,151700
2026-06-08 19:15:00+00:00,VALE3.SA,77.9800033569336,78.0,77.91000366210938,77.97000122070312,123800
2026-06-08 19:20:00+00:00,VALE3.SA,77.9800033569336,77.98999786376953,77.91999816894531,77.93000030517578,88500
2026-06-08 19:25:00+00:00,VALE3.SA,77.91999816894531,77.98999786376953,77.86000061035156,77.97000122070312,187900
2026-06-08 19:30:00+00:00,VALE3.SA,77.9800033569336,78.0199966430664,77.93000030517578,77.93000030517578,109000
2026-06-08 19:35:00+00:00,VALE3.SA,77.94000244140625,78.0,77.81999969482422,77.81999969482422,194200
2026-06-08 19:40:00+00:00,VALE3.SA,77.81999969482422,77.94000244140625,77.79000091552734,77.91000366210938,137200
2026-06-08 19:45:00+00:00,VALE3.SA,77.91000366210938,77.97000122070312,77.9000015258789,77.94999694824219,178100
2026-06-08 19:50:00+00:00,VALE3.SA,77.95999908447266,77.9800033569336,77.8499984741211,77.94000244140625,1471500
2026-06-09 13:05:00+00:00,VALE3.SA,78.79000091552734,78.79000091552734,78.2300033569336,78.5,128300
2026-06-09 13:10:00+00:00,VALE3.SA,78.54000091552734,78.6500015258789,78.33000183105469,78.37999725341797,376000
2026-06-09 13:15:00+00:00,VALE3.SA,78.4000015258789,78.41999816894531,78.12000274658203,78.25,194600
2026-06-09 13:20:00+00:00,VALE3.SA,78.25,78.41999816894531,78.19999694824219,78.41000366210938,112100
2026-06-09 13:25:00+00:00,VALE3.SA,78.4000015258789,78.5,78.30000305175781,78.41000366210938,199600
2026-06-09 13:30:00+00:00,VALE3.SA,78.41000366210938,78.54000091552734,78.0,78.2300033569336,432600
2026-06-09 13:35:00+00:00,VALE3.SA,78.20999908447266,78.2300033569336,78.0,78.04000091552734,268300
2026-06-09 13:40:00+00:00,VALE3.SA,78.04000091552734,78.19000244140625,78.0,78.05000305175781,189500
2026-06-09 13:45:00+00:00,VALE3.SA,78.05000305175781,78.44999694824219,78.04000091552734,78.37999725341797,181900
2026-06-09 13:50:00+00:00,VALE3.SA,78.38999938964844,78.43000030517578,78.26000213623047,78.26000213623047,103600
2026-06-09 13:55:00+00:00,VALE3.SA,78.29000091552734,78.30000305175781,78.19999694824219,78.22000122070312,81700
2026-06-09 14:00:00+00:00,VALE3.SA,78.22000122070312,78.52999877929688,78.22000122070312,78.38999938964844,112100
2026-06-09 14:05:00+00:00,VALE3.SA,78.38999938964844,78.47000122070312,78.3499984741211,78.4000015258789,48800
2026-06-09 14:10:00+00:00,VALE3.SA,78.4000015258789,78.44000244140625,78.33999633789062,78.3499984741211,62400
2026-06-09 14:15:00+00:00,VALE3.SA,78.33999633789062,78.41999816894531,78.16999816894531,78.19999694824219,111000
2026-06-09 14:20:00+00:00,VALE3.SA,78.20999908447266,78.5,78.19999694824219,78.48999786376953,82200
2026-06-09 14:25:00+00:00,VALE3.SA,78.45999908447266,78.5,78.31999969482422,78.3499984741211,130900
2026-06-09 14:30:00+00:00,VALE3.SA,78.37000274658203,78.41000366210938,78.19999694824219,78.33000183105469,70300
2026-06-09 14:35:00+00:00,VALE3.SA,78.30999755859375,78.33000183105469,78.13999938964844,78.16000366210938,73600
2026-06-09 14:40:00+00:00,VALE3.SA,78.12999725341797,78.18000030517578,77.94999694824219,77.97000122070312,479900
2026-06-09 14:45:00+00:00,VALE3.SA,77.94999694824219,77.9800033569336,77.7699966430664,77.87000274658203,661300
2026-06-09 14:50:00+00:00,VALE3.SA,77.87000274658203,78.13999938964844,77.87000274658203,77.98999786376953,372500
2026-06-09 14:55:00+00:00,VALE3.SA,78.0,78.04000091552734,77.94000244140625,78.04000091552734,72800
2026-06-09 15:00:00+00:00,VALE3.SA,78.05000305175781,78.0999984741211,77.83999633789062,77.91999816894531,87900
2026-06-09 15:05:00+00:00,VALE3.SA,77.94000244140625,77.95999908447266,77.87999725341797,77.91000366210938,48000
2026-06-09 15:10:00+00:00,VALE3.SA,77.91000366210938,77.98999786376953,77.87999725341797,77.97000122070312,112300
2026-06-09 15:15:00+00:00,VALE3.SA,77.97000122070312,78.05000305175781,77.88999938964844,77.91999816894531,110000
2026-06-09 15:20:00+00:00,VALE3.SA,77.91999816894531,77.97000122070312,77.7300033569336,77.7300033569336,162200
2026-06-09 15:25:00+00:00,VALE3.SA,77.73999786376953,77.80999755859375,77.51000213623047,77.5199966430664,170800
2026-06-09 15:30:00+00:00,VALE3.SA,77.5199966430664,77.62000274658203,77.3499984741211,77.56999969482422,350200
2026-06-09 15:35:00+00:00,VALE3.SA,77.5999984741211,77.62999725341797,77.5,77.62000274658203,232700
2026-06-09 15:40:00+00:00,VALE3.SA,77.62000274658203,77.66999816894531,77.55000305175781,77.62999725341797,232400
2026-06-09 15:45:00+00:00,VALE3.SA,77.63999938964844,77.69999694824219,77.58999633789062,77.66000366210938,96500
2026-06-09 15:50:00+00:00,VALE3.SA,77.63999938964844,77.73999786376953,77.5999984741211,77.66999816894531,107800
2026-06-09 15:55:00+00:00,VALE3.SA,77.6500015258789,77.66999816894531,77.47000122070312,77.4800033569336,131100
2026-06-09 16:00:00+00:00,VALE3.SA,77.4800033569336,77.66999816894531,77.47000122070312,77.56999969482422,49300
2026-06-09 16:05:00+00:00,VALE3.SA,77.58000183105469,77.58000183105469,77.43000030517578,77.44000244140625,104500
2026-06-09 16:10:00+00:00,VALE3.SA,77.44000244140625,77.54000091552734,77.41000366210938,77.41999816894531,215900
2026-06-09 16:15:00+00:00,VALE3.SA,77.44000244140625,77.5,77.16000366210938,77.22000122070312,470700
2026-06-09 16:20:00+00:00,VALE3.SA,77.22000122070312,77.4000015258789,77.13999938964844,77.4000015258789,198500
2026-06-09 16:25:00+00:00,VALE3.SA,77.4000015258789,77.48999786376953,77.37000274658203,77.41000366210938,165100
2026-06-09 16:30:00+00:00,VALE3.SA,77.37000274658203,77.47000122070312,77.23999786376953,77.41000366210938,48100
2026-06-09 16:35:00+00:00,VALE3.SA,77.4000015258789,77.45999908447266,76.91000366210938,76.95999908447266,503400
2026-06-09 16:40:00+00:00,VALE3.SA,76.94000244140625,77.16999816894531,76.83000183105469,77.12999725341797,403100
2026-06-09 16:45:00+00:00,VALE3.SA,77.12999725341797,77.27999877929688,77.08000183105469,77.19999694824219,205100
2026-06-09 16:50:00+00:00,VALE3.SA,77.19999694824219,77.22000122070312,77.01000213623047,77.02999877929688,175200
2026-06-09 16:55:00+00:00,VALE3.SA,77.01000213623047,77.23999786376953,77.0,77.16000366210938,129400
2026-06-09 17:00:00+00:00,VALE3.SA,77.19999694824219,77.3499984741211,77.16000366210938,77.3499984741211,63600
2026-06-09 17:05:00+00:00,VALE3.SA,77.33999633789062,77.37000274658203,77.30000305175781,77.37000274658203,51500
2026-06-09 17:10:00+00:00,VALE3.SA,77.3499984741211,77.43000030517578,77.30000305175781,77.43000030517578,136300
2026-06-09 17:15:00+00:00,VALE3.SA,77.43000030517578,77.5,77.36000061035156,77.47000122070312,66700
2026-06-09 17:20:00+00:00,VALE3.SA,77.47000122070312,77.68000030517578,77.47000122070312,77.68000030517578,284200
2026-06-09 17:25:00+00:00,VALE3.SA,77.66999816894531,77.69999694824219,77.58999633789062,77.62999725341797,97500
2026-06-09 17:30:00+00:00,VALE3.SA,77.62000274658203,77.69999694824219,77.56999969482422,77.66999816894531,60900
2026-06-09 17:35:00+00:00,VALE3.SA,77.66999816894531,77.9000015258789,77.6500015258789,77.83999633789062,212800
2026-06-09 17:40:00+00:00,VALE3.SA,77.83999633789062,77.98999786376953,77.83999633789062,77.9000015258789,134500
2026-06-09 17:45:00+00:00,VALE3.SA,77.9000015258789,77.93000030517578,77.76000213623047,77.86000061035156,99600
2026-06-09 17:50:00+00:00,VALE3.SA,77.83999633789062,77.94999694824219,77.83999633789062,77.91000366210938,98700
2026-06-09 17:55:00+00:00,VALE3.SA,77.93000030517578,77.94999694824219,77.87000274658203,77.9000015258789,45000
2026-06-09 18:00:00+00:00,VALE3.SA,77.87999725341797,77.91000366210938,77.75,77.80000305175781,246400
2026-06-09 18:05:00+00:00,VALE3.SA,77.79000091552734,77.83000183105469,77.72000122070312,77.81999969482422,188700
2026-06-09 18:10:00+00:00,VALE3.SA,77.80999755859375,77.87999725341797,77.75,77.8499984741211,32800
2026-06-09 18:15:00+00:00,VALE3.SA,77.87999725341797,77.95999908447266,77.77999877929688,77.94000244140625,52400
2026-06-09 18:20:00+00:00,VALE3.SA,77.94000244140625,78.12000274658203,77.91999816894531,78.11000061035156,115500
2026-06-09 18:25:00+00:00,VALE3.SA,78.12000274658203,78.12999725341797,78.05000305175781,78.08999633789062,73200
2026-06-09 18:30:00+00:00,VALE3.SA,78.08999633789062,78.19000244140625,78.08999633789062,78.1500015258789,118900
2026-06-09 18:35:00+00:00,VALE3.SA,78.13999938964844,78.2300033569336,78.11000061035156,78.1500015258789,109000
2026-06-09 18:40:00+00:00,VALE3.SA,78.16000366210938,78.18000030517578,78.05999755859375,78.08000183105469,42300
2026-06-09 18:45:00+00:00,VALE3.SA,78.08000183105469,78.1500015258789,78.08000183105469,78.13999938964844,47100
2026-06-09 18:50:00+00:00,VALE3.SA,78.1500015258789,78.1500015258789,78.05999755859375,78.05999755859375,206700
2026-06-09 18:55:00+00:00,VALE3.SA,78.05000305175781,78.18000030517578,78.04000091552734,78.12999725341797,69400
2026-06-09 19:00:00+00:00,VALE3.SA,78.12999725341797,78.19999694824219,78.08000183105469,78.13999938964844,95300
2026-06-09 19:05:00+00:00,VALE3.SA,78.13999938964844,78.19000244140625,78.08000183105469,78.08000183105469,127700
2026-06-09 19:10:00+00:00,VALE3.SA,78.08000183105469,78.08999633789062,77.94000244140625,77.94999694824219,212800
2026-06-09 19:15:00+00:00,VALE3.SA,77.94000244140625,77.97000122070312,77.83999633789062,77.9000015258789,256300
2026-06-09 19:20:00+00:00,VALE3.SA,77.9000015258789,78.01000213623047,77.86000061035156,77.98999786376953,182400
2026-06-09 19:25:00+00:00,VALE3.SA,77.98999786376953,78.01000213623047,77.86000061035156,77.93000030517578,138300
2026-06-09 19:30:00+00:00,VALE3.SA,77.93000030517578,77.98999786376953,77.9000015258789,77.94000244140625,90900
2026-06-09 19:35:00+00:00,VALE3.SA,77.94999694824219,78.05000305175781,77.87000274658203,77.88999938964844,203400
2026-06-09 19:40:00+00:00,VALE3.SA,77.88999938964844,77.94000244140625,77.81999969482422,77.88999938964844,227800
2026-06-09 19:45:00+00:00,VALE3.SA,77.87999725341797,78.01000213623047,77.86000061035156,78.01000213623047,202000
2026-06-09 19:50:00+00:00,VALE3.SA,78.02999877929688,78.41000366210938,78.02999877929688,78.38999938964844,498600
2026-06-10 13:00:00+00:00,VALE3.SA,77.91999816894531,78.1500015258789,77.73999786376953,78.06999969482422,0
2026-06-10 13:05:00+00:00,VALE3.SA,78.12999725341797,78.12999725341797,77.69999694824219,77.94999694824219,145400
2026-06-10 13:10:00+00:00,VALE3.SA,77.94000244140625,77.94999694824219,77.77999877929688,77.83000183105469,93100
2026-06-10 13:15:00+00:00,VALE3.SA,77.8499984741211,77.8499984741211,77.66000366210938,77.7300033569336,114300
2026-06-10 13:20:00+00:00,VALE3.SA,77.7300033569336,77.79000091552734,77.69000244140625,77.76000213623047,54800
2026-06-10 13:25:00+00:00,VALE3.SA,77.79000091552734,77.94999694824219,77.7699966430664,77.83000183105469,128900
2026-06-10 13:30:00+00:00,VALE3.SA,77.83000183105469,77.83000183105469,77.19999694824219,77.55000305175781,628400
2026-06-10 13:35:00+00:00,VALE3.SA,77.54000091552734,77.76000213623047,77.5199966430664,77.58999633789062,301900
2026-06-10 13:40:00+00:00,VALE3.SA,77.58000183105469,77.6500015258789,77.51000213623047,77.6500015258789,96000
2026-06-10 13:45:00+00:00,VALE3.SA,77.63999938964844,77.77999877929688,77.5999984741211,77.76000213623047,196100
2026-06-10 13:50:00+00:00,VALE3.SA,77.76000213623047,77.86000061035156,77.70999908447266,77.72000122070312,82100
2026-06-10 13:55:00+00:00,VALE3.SA,77.7300033569336,77.73999786376953,77.63999938964844,77.63999938964844,64400
2026-06-10 14:00:00+00:00,VALE3.SA,77.63999938964844,77.77999877929688,77.54000091552734,77.70999908447266,115300
2026-06-10 14:05:00+00:00,VALE3.SA,77.73999786376953,77.8499984741211,77.69999694824219,77.80000305175781,77800
2026-06-10 14:10:00+00:00,VALE3.SA,77.80000305175781,77.93000030517578,77.75,77.75,81900
2026-06-10 14:15:00+00:00,VALE3.SA,77.76000213623047,77.77999877929688,77.58000183105469,77.62999725341797,157800
2026-06-10 14:20:00+00:00,VALE3.SA,77.66000366210938,77.77999877929688,77.61000061035156,77.73999786376953,108300
2026-06-10 14:25:00+00:00,VALE3.SA,77.7300033569336,77.73999786376953,77.54000091552734,77.7300033569336,168800
2026-06-10 14:30:00+00:00,VALE3.SA,77.75,77.77999877929688,77.61000061035156,77.75,81600
2026-06-10 14:35:00+00:00,VALE3.SA,77.7300033569336,77.75,77.5999984741211,77.6500015258789,51700
2026-06-10 14:40:00+00:00,VALE3.SA,77.66000366210938,77.72000122070312,77.55999755859375,77.55999755859375,95900
2026-06-10 14:45:00+00:00,VALE3.SA,77.55999755859375,77.55999755859375,77.44999694824219,77.47000122070312,169600
2026-06-10 14:50:00+00:00,VALE3.SA,77.48999786376953,77.54000091552734,77.4000015258789,77.45999908447266,84500
2026-06-10 14:55:00+00:00,VALE3.SA,77.47000122070312,77.4800033569336,77.22000122070312,77.38999938964844,239200
2026-06-10 15:00:00+00:00,VALE3.SA,77.36000061035156,77.5999984741211,77.30999755859375,77.5,81200
2026-06-10 15:05:00+00:00,VALE3.SA,77.5,77.5199966430664,77.43000030517578,77.44999694824219,43800
2026-06-10 15:10:00+00:00,VALE3.SA,77.47000122070312,77.48999786376953,77.37999725341797,77.38999938964844,79700
2026-06-10 15:15:00+00:00,VALE3.SA,77.38999938964844,77.44000244140625,77.30999755859375,77.37999725341797,130000
2026-06-10 15:20:00+00:00,VALE3.SA,77.37999725341797,77.5999984741211,77.37999725341797,77.58000183105469,69700
2026-06-10 15:25:00+00:00,VALE3.SA,77.58000183105469,77.5999984741211,77.4800033569336,77.4800033569336,65600
2026-06-10 15:30:00+00:00,VALE3.SA,77.4800033569336,77.55000305175781,77.4000015258789,77.44999694824219,57500
2026-06-10 15:35:00+00:00,VALE3.SA,77.44999694824219,77.51000213623047,77.43000030517578,77.47000122070312,47600
2026-06-10 15:40:00+00:00,VALE3.SA,77.45999908447266,77.54000091552734,77.44000244140625,77.54000091552734,42200
2026-06-10 15:45:00+00:00,VALE3.SA,77.52999877929688,77.63999938964844,77.37000274658203,77.44999694824219,298500
2026-06-10 15:50:00+00:00,VALE3.SA,77.44000244140625,77.55000305175781,77.30000305175781,77.4800033569336,119100
2026-06-10 15:55:00+00:00,VALE3.SA,77.4800033569336,77.62999725341797,77.41000366210938,77.58999633789062,73600
2026-06-10 16:00:00+00:00,VALE3.SA,77.61000061035156,77.69000244140625,77.55000305175781,77.5999984741211,117800
2026-06-10 16:05:00+00:00,VALE3.SA,77.61000061035156,77.66999816894531,77.5199966430664,77.55999755859375,79400
2026-06-10 16:10:00+00:00,VALE3.SA,77.56999969482422,77.56999969482422,77.44999694824219,77.4800033569336,60900
2026-06-10 16:15:00+00:00,VALE3.SA,77.5,77.52999877929688,77.44000244140625,77.47000122070312,65300
2026-06-10 16:20:00+00:00,VALE3.SA,77.4800033569336,77.5199966430664,77.43000030517578,77.47000122070312,57200
2026-06-10 16:25:00+00:00,VALE3.SA,77.47000122070312,77.5,77.43000030517578,77.44999694824219,36300
2026-06-10 16:30:00+00:00,VALE3.SA,77.44999694824219,77.5,77.37000274658203,77.5,59900
2026-06-10 16:35:00+00:00,VALE3.SA,77.5,77.55000305175781,77.44000244140625,77.44000244140625,40600
2026-06-10 16:40:00+00:00,VALE3.SA,77.44999694824219,77.51000213623047,77.4000015258789,77.41000366210938,47300
2026-06-10 16:45:00+00:00,VALE3.SA,77.41000366210938,77.44000244140625,77.36000061035156,77.37999725341797,166200
2026-06-10 16:50:00+00:00,VALE3.SA,77.38999938964844,77.54000091552734,77.37000274658203,77.48999786376953,44000
2026-06-10 16:55:00+00:00,VALE3.SA,77.48999786376953,77.52999877929688,77.44000244140625,77.52999877929688,51600
2026-06-10 17:00:00+00:00,VALE3.SA,77.54000091552734,77.58000183105469,77.45999908447266,77.55000305175781,48000
2026-06-10 17:05:00+00:00,VALE3.SA,77.55000305175781,77.58000183105469,77.45999908447266,77.5199966430664,104400
2026-06-10 17:10:00+00:00,VALE3.SA,77.52999877929688,77.52999877929688,77.41000366210938,77.41000366210938,56500
2026-06-10 17:15:00+00:00,VALE3.SA,77.41999816894531,77.44000244140625,77.4000015258789,77.41000366210938,38100
2026-06-10 17:20:00+00:00,VALE3.SA,77.41000366210938,77.41999816894531,77.4000015258789,77.41999816894531,30200
2026-06-10 17:25:00+00:00,VALE3.SA,77.41999816894531,77.44999694824219,77.37000274658203,77.37999725341797,58100
2026-06-10 17:30:00+00:00,VALE3.SA,77.37999725341797,77.37999725341797,77.30000305175781,77.37000274658203,68200
2026-06-10 17:35:00+00:00,VALE3.SA,77.37000274658203,77.4000015258789,77.33000183105469,77.3499984741211,60700
2026-06-10 17:40:00+00:00,VALE3.SA,77.36000061035156,77.37999725341797,77.30000305175781,77.33000183105469,94200
2026-06-10 17:45:00+00:00,VALE3.SA,77.33000183105469,77.45999908447266,77.30999755859375,77.43000030517578,48200
2026-06-10 17:50:00+00:00,VALE3.SA,77.43000030517578,77.43000030517578,77.31999969482422,77.41999816894531,216000
2026-06-10 17:55:00+00:00,VALE3.SA,77.41000366210938,77.58000183105469,77.41000366210938,77.5199966430664,238600
2026-06-10 18:00:00+00:00,VALE3.SA,77.54000091552734,77.62000274658203,77.4800033569336,77.62000274658203,123900
2026-06-10 18:05:00+00:00,VALE3.SA,77.62000274658203,77.62000274658203,77.48999786376953,77.5199966430664,86500
2026-06-10 18:10:00+00:00,VALE3.SA,77.5,77.55000305175781,77.4800033569336,77.5199966430664,61300
2026-06-10 18:15:00+00:00,VALE3.SA,77.5199966430664,77.55999755859375,77.44999694824219,77.48999786376953,60800
2026-06-10 18:20:00+00:00,VALE3.SA,77.5,77.52999877929688,77.44000244140625,77.5,75800
2026-06-10 18:25:00+00:00,VALE3.SA,77.48999786376953,77.58000183105469,77.47000122070312,77.56999969482422,89500
2026-06-10 18:30:00+00:00,VALE3.SA,77.58000183105469,77.61000061035156,77.54000091552734,77.58000183105469,84300
2026-06-10 18:35:00+00:00,VALE3.SA,77.58000183105469,77.62999725341797,77.54000091552734,77.61000061035156,99200
2026-06-10 18:40:00+00:00,VALE3.SA,77.62000274658203,77.62000274658203,77.5199966430664,77.54000091552734,80300
2026-06-10 18:45:00+00:00,VALE3.SA,77.5199966430664,77.54000091552734,77.41999816894531,77.52999877929688,125700
2026-06-10 18:50:00+00:00,VALE3.SA,77.52999877929688,77.55999755859375,77.4800033569336,77.48999786376953,95600
2026-06-10 18:55:00+00:00,VALE3.SA,77.4800033569336,77.48999786376953,77.44999694824219,77.48999786376953,44300
2026-06-10 19:00:00+00:00,VALE3.SA,77.48999786376953,77.48999786376953,77.36000061035156,77.4000015258789,134100
2026-06-10 19:05:00+00:00,VALE3.SA,77.4000015258789,77.5,77.37000274658203,77.5,123300
2026-06-10 19:10:00+00:00,VALE3.SA,77.48999786376953,77.5,77.4000015258789,77.43000030517578,105900
2026-06-10 19:15:00+00:00,VALE3.SA,77.43000030517578,77.44000244140625,77.38999938964844,77.4000015258789,93400
2026-06-10 19:20:00+00:00,VALE3.SA,77.41000366210938,77.41000366210938,77.33000183105469,77.4000015258789,125800
2026-06-10 19:25:00+00:00,VALE3.SA,77.4000015258789,77.4000015258789,77.33999633789062,77.36000061035156,157900
2026-06-10 19:30:00+00:00,VALE3.SA,77.36000061035156,77.4800033569336,77.33999633789062,77.45999908447266,276500
2026-06-10 19:35:00+00:00,VALE3.SA,77.45999908447266,77.66999816894531,77.44999694824219,77.66000366210938,307000
2026-06-10 19:40:00+00:00,VALE3.SA,77.66000366210938,77.69000244140625,77.58999633789062,77.5999984741211,244200
2026-06-10 19:45:00+00:00,VALE3.SA,77.5999984741211,77.62000274658203,77.54000091552734,77.5999984741211,176800
2026-06-10 19:50:00+00:00,VALE3.SA,77.5999984741211,77.62999725341797,77.52999877929688,77.55999755859375,328400
2026-06-11 13:00:00+00:00,VALE3.SA,78.12000274658203,78.27999877929688,78.0,78.0,0
2026-06-11 13:05:00+00:00,VALE3.SA,78.0,78.16999816894531,77.72000122070312,78.06999969482422,421500
2026-06-11 13:10:00+00:00,VALE3.SA,78.08999633789062,78.0999984741211,77.8499984741211,77.91000366210938,222400
2026-06-11 13:15:00+00:00,VALE3.SA,77.94999694824219,78.0999984741211,77.9000015258789,78.0199966430664,126600
2026-06-11 13:20:00+00:00,VALE3.SA,78.01000213623047,78.08000183105469,77.88999938964844,78.01000213623047,123900
2026-06-11 13:25:00+00:00,VALE3.SA,77.9800033569336,78.20999908447266,77.88999938964844,78.1500015258789,154700
2026-06-11 13:30:00+00:00,VALE3.SA,78.1500015258789,78.2699966430664,77.9000015258789,78.01000213623047,351400
2026-06-11 13:35:00+00:00,VALE3.SA,78.01000213623047,78.08999633789062,77.73999786376953,77.80999755859375,265800
2026-06-11 13:40:00+00:00,VALE3.SA,77.86000061035156,77.87000274658203,77.62000274658203,77.69999694824219,284900
2026-06-11 13:45:00+00:00,VALE3.SA,77.70999908447266,77.95999908447266,77.58000183105469,77.58000183105469,140100
2026-06-11 13:50:00+00:00,VALE3.SA,77.6500015258789,77.88999938964844,77.47000122070312,77.7300033569336,301800
2026-06-11 13:55:00+00:00,VALE3.SA,77.80000305175781,77.91999816894531,77.70999908447266,77.7300033569336,262400
2026-06-11 14:00:00+00:00,VALE3.SA,77.80000305175781,77.80000305175781,77.52999877929688,77.58999633789062,197700
2026-06-11 14:05:00+00:00,VALE3.SA,77.58000183105469,77.66000366210938,77.45999908447266,77.48999786376953,155800
2026-06-11 14:10:00+00:00,VALE3.SA,77.48999786376953,77.51000213623047,77.38999938964844,77.41000366210938,255000
2026-06-11 14:15:00+00:00,VALE3.SA,77.41000366210938,77.5199966430664,77.30000305175781,77.31999969482422,186500
2026-06-11 14:20:00+00:00,VALE3.SA,77.31999969482422,77.61000061035156,77.2300033569336,77.5199966430664,347000
2026-06-11 14:25:00+00:00,VALE3.SA,77.5,77.5199966430664,77.30000305175781,77.38999938964844,138600
2026-06-11 14:30:00+00:00,VALE3.SA,77.37999725341797,77.52999877929688,77.31999969482422,77.4000015258789,130200
2026-06-11 14:35:00+00:00,VALE3.SA,77.41999816894531,77.55000305175781,77.41000366210938,77.55000305175781,126900
2026-06-11 14:40:00+00:00,VALE3.SA,77.54000091552734,77.55000305175781,77.36000061035156,77.37000274658203,56700
2026-06-11 14:45:00+00:00,VALE3.SA,77.36000061035156,77.43000030517578,77.25,77.30000305175781,180200
2026-06-11 14:50:00+00:00,VALE3.SA,77.30000305175781,77.33999633789062,77.2300033569336,77.25,97300
2026-06-11 14:55:00+00:00,VALE3.SA,77.25,77.43000030517578,77.0999984741211,77.19999694824219,292400
2026-06-11 15:00:00+00:00,VALE3.SA,77.20999908447266,77.2699966430664,77.12999725341797,77.20999908447266,125200
2026-06-11 15:05:00+00:00,VALE3.SA,77.20999908447266,77.45999908447266,77.12999725341797,77.41000366210938,120800
2026-06-11 15:10:00+00:00,VALE3.SA,77.4000015258789,77.5,77.3499984741211,77.47000122070312,115600
2026-06-11 15:15:00+00:00,VALE3.SA,77.47000122070312,77.52999877929688,77.30999755859375,77.4000015258789,110700
2026-06-11 15:20:00+00:00,VALE3.SA,77.38999938964844,77.51000213623047,77.37999725341797,77.43000030517578,60300
2026-06-11 15:25:00+00:00,VALE3.SA,77.41999816894531,77.48999786376953,77.37000274658203,77.43000030517578,81100
2026-06-11 15:30:00+00:00,VALE3.SA,77.43000030517578,77.55000305175781,77.41999816894531,77.5,108400
2026-06-11 15:35:00+00:00,VALE3.SA,77.48999786376953,77.56999969482422,77.4800033569336,77.5,56400
2026-06-11 15:40:00+00:00,VALE3.SA,77.48999786376953,77.55000305175781,77.41000366210938,77.5199966430664,53000
2026-06-11 15:45:00+00:00,VALE3.SA,77.51000213623047,77.52999877929688,77.44999694824219,77.4800033569336,63800
2026-06-11 15:50:00+00:00,VALE3.SA,77.4800033569336,77.5199966430664,77.44999694824219,77.51000213623047,65300
2026-06-11 15:55:00+00:00,VALE3.SA,77.48999786376953,77.54000091552734,77.44000244140625,77.5,80000
2026-06-11 16:00:00+00:00,VALE3.SA,77.4800033569336,77.54000091552734,77.44999694824219,77.5,84600
2026-06-11 16:05:00+00:00,VALE3.SA,77.48999786376953,77.62000274658203,77.47000122070312,77.58999633789062,99400
2026-06-11 16:10:00+00:00,VALE3.SA,77.58000183105469,77.6500015258789,77.54000091552734,77.63999938964844,107500
2026-06-11 16:15:00+00:00,VALE3.SA,77.63999938964844,77.66999816894531,77.54000091552734,77.54000091552734,51600
2026-06-11 16:20:00+00:00,VALE3.SA,77.54000091552734,77.58000183105469,77.45999908447266,77.5199966430664,102800
2026-06-11 16:25:00+00:00,VALE3.SA,77.5199966430664,77.54000091552734,77.47000122070312,77.4800033569336,50800
2026-06-11 16:30:00+00:00,VALE3.SA,77.47000122070312,77.62999725341797,77.41999816894531,77.56999969482422,112900
2026-06-11 16:35:00+00:00,VALE3.SA,77.56999969482422,77.5999984741211,77.51000213623047,77.52999877929688,49800
2026-06-11 16:40:00+00:00,VALE3.SA,77.55000305175781,77.62000274658203,77.5199966430664,77.62000274658203,72400
2026-06-11 16:45:00+00:00,VALE3.SA,77.61000061035156,77.62000274658203,77.55000305175781,77.58000183105469,66400
2026-06-11 16:50:00+00:00,VALE3.SA,77.56999969482422,77.58999633789062,77.51000213623047,77.51000213623047,91500
2026-06-11 16:55:00+00:00,VALE3.SA,77.52999877929688,77.55999755859375,77.51000213623047,77.5199966430664,67100
2026-06-11 17:00:00+00:00,VALE3.SA,77.5199966430664,77.5999984741211,77.44000244140625,77.5,216500
2026-06-11 17:05:00+00:00,VALE3.SA,77.4800033569336,77.51000213623047,77.43000030517578,77.51000213623047,73100
2026-06-11 17:10:00+00:00,VALE3.SA,77.51000213623047,77.54000091552734,77.41000366210938,77.4800033569336,97000
2026-06-11 17:15:00+00:00,VALE3.SA,77.44999694824219,77.47000122070312,77.37000274658203,77.4000015258789,103300
2026-06-11 17:20:00+00:00,VALE3.SA,77.4000015258789,77.45999908447266,77.30999755859375,77.45999908447266,141400
2026-06-11 17:25:00+00:00,VALE3.SA,77.45999908447266,78.05000305175781,77.43000030517578,78.04000091552734,754300
2026-06-11 17:30:00+00:00,VALE3.SA,78.04000091552734,78.43000030517578,78.04000091552734,78.33000183105469,1121700
2026-06-11 17:35:00+00:00,VALE3.SA,78.30999755859375,78.37000274658203,78.11000061035156,78.29000091552734,237800
2026-06-11 17:40:00+00:00,VALE3.SA,78.27999877929688,78.37999725341797,78.23999786376953,78.33999633789062,222100
2026-06-11 17:45:00+00:00,VALE3.SA,78.33999633789062,78.37000274658203,78.18000030517578,78.27999877929688,201600
2026-06-11 17:50:00+00:00,VALE3.SA,78.29000091552734,78.38999938964844,78.19000244140625,78.2300033569336,88200
2026-06-11 17:55:00+00:00,VALE3.SA,78.20999908447266,78.23999786376953,78.13999938964844,78.16000366210938,94900
2026-06-11 18:00:00+00:00,VALE3.SA,78.16000366210938,78.30000305175781,78.04000091552734,78.16000366210938,134600
2026-06-11 18:05:00+00:00,VALE3.SA,78.16999816894531,78.23999786376953,78.01000213623047,78.12000274658203,221500
2026-06-11 18:10:00+00:00,VALE3.SA,78.1500015258789,78.19000244140625,78.12000274658203,78.16999816894531,86800
2026-06-11 18:15:00+00:00,VALE3.SA,78.19000244140625,78.31999969482422,78.16999816894531,78.30000305175781,205400
2026-06-11 18:20:00+00:00,VALE3.SA,78.30000305175781,78.30000305175781,78.02999877929688,78.19000244140625,298200
2026-06-11 18:25:00+00:00,VALE3.SA,78.18000030517578,78.22000122070312,78.12000274658203,78.16000366210938,65900
2026-06-11 18:30:00+00:00,VALE3.SA,78.16999816894531,78.2300033569336,78.0999984741211,78.0999984741211,54100
2026-06-11 18:35:00+00:00,VALE3.SA,78.0999984741211,78.12999725341797,78.05999755859375,78.11000061035156,78200
2026-06-11 18:40:00+00:00,VALE3.SA,78.11000061035156,78.19000244140625,78.08999633789062,78.16000366210938,209500
2026-06-11 18:45:00+00:00,VALE3.SA,78.18000030517578,78.23999786376953,78.12000274658203,78.1500015258789,109800
2026-06-11 18:50:00+00:00,VALE3.SA,78.16999816894531,78.41000366210938,78.1500015258789,78.25,254800
2026-06-11 18:55:00+00:00,VALE3.SA,78.23999786376953,78.23999786376953,78.13999938964844,78.16999816894531,112300
2026-06-11 19:00:00+00:00,VALE3.SA,78.19999694824219,78.33999633789062,78.19000244140625,78.30999755859375,357200
2026-06-11 19:05:00+00:00,VALE3.SA,78.30000305175781,78.4000015258789,78.23999786376953,78.33000183105469,182600
2026-06-11 19:10:00+00:00,VALE3.SA,78.37000274658203,78.5,78.33000183105469,78.43000030517578,226200
2026-06-11 19:15:00+00:00,VALE3.SA,78.41999816894531,78.54000091552734,78.41999816894531,78.54000091552734,164400
2026-06-11 19:20:00+00:00,VALE3.SA,78.5199966430664,78.5999984741211,78.51000213623047,78.5199966430664,166100
2026-06-11 19:25:00+00:00,VALE3.SA,78.5199966430664,78.66000366210938,78.44000244140625,78.47000122070312,266500
2026-06-11 19:30:00+00:00,VALE3.SA,78.4800033569336,79.05000305175781,78.4800033569336,78.87999725341797,517400
2026-06-11 19:35:00+00:00,VALE3.SA,78.87000274658203,78.9000015258789,78.77999877929688,78.77999877929688,217200
2026-06-11 19:40:00+00:00,VALE3.SA,78.77999877929688,78.91000366210938,78.75,78.7699966430664,269000
2026-06-11 19:45:00+00:00,VALE3.SA,78.79000091552734,78.80000305175781,78.62999725341797,78.72000122070312,355000
2026-06-11 19:50:00+00:00,VALE3.SA,78.72000122070312,78.80000305175781,78.63999938964844,78.72000122070312,307800
2026-06-12 13:05:00+00:00,VALE3.SA,78.66000366210938,78.69999694824219,78.12999725341797,78.30000305175781,175800
2026-06-12 13:10:00+00:00,VALE3.SA,78.33000183105469,78.44999694824219,78.2300033569336,78.44999694824219,121200
2026-06-12 13:15:00+00:00,VALE3.SA,78.43000030517578,78.8499984741211,78.4000015258789,78.83000183105469,209200
2026-06-12 13:20:00+00:00,VALE3.SA,78.83000183105469,78.9000015258789,78.66999816894531,78.73999786376953,97000
2026-06-12 13:25:00+00:00,VALE3.SA,78.73999786376953,79.27999877929688,78.73999786376953,79.27999877929688,211000
2026-06-12 13:30:00+00:00,VALE3.SA,79.27999877929688,79.73999786376953,79.0999984741211,79.63999938964844,633800
2026-06-12 13:35:00+00:00,VALE3.SA,79.6500015258789,79.70999908447266,79.4000015258789,79.5,362800
2026-06-12 13:40:00+00:00,VALE3.SA,79.45999908447266,79.55000305175781,78.87000274658203,78.9000015258789,510200
2026-06-12 13:45:00+00:00,VALE3.SA,78.91000366210938,79.08999633789062,78.83999633789062,79.08000183105469,473300
2026-06-12 13:50:00+00:00,VALE3.SA,79.08000183105469,79.3499984741211,78.91999816894531,79.26000213623047,334000
2026-06-12 13:55:00+00:00,VALE3.SA,79.27999877929688,79.33999633789062,79.22000122070312,79.31999969482422,121600
2026-06-12 14:00:00+00:00,VALE3.SA,79.31999969482422,79.66999816894531,79.2699966430664,79.58999633789062,504800
2026-06-12 14:05:00+00:00,VALE3.SA,79.58999633789062,79.69000244140625,79.54000091552734,79.6500015258789,181300
2026-06-12 14:10:00+00:00,VALE3.SA,79.69000244140625,79.69000244140625,79.4000015258789,79.4000015258789,165000
2026-06-12 14:15:00+00:00,VALE3.SA,79.37999725341797,79.44999694824219,79.27999877929688,79.38999938964844,122200
2026-06-12 14:20:00+00:00,VALE3.SA,79.37000274658203,79.37999725341797,79.1500015258789,79.18000030517578,149000
2026-06-12 14:25:00+00:00,VALE3.SA,79.18000030517578,79.37000274658203,79.13999938964844,79.22000122070312,102000
2026-06-12 14:30:00+00:00,VALE3.SA,79.20999908447266,79.27999877929688,79.13999938964844,79.19999694824219,126900
2026-06-12 14:35:00+00:00,VALE3.SA,79.19000244140625,79.37999725341797,79.16999816894531,79.23999786376953,89800
2026-06-12 14:40:00+00:00,VALE3.SA,79.2300033569336,79.26000213623047,79.01000213623047,79.05000305175781,231200
2026-06-12 14:45:00+00:00,VALE3.SA,79.04000091552734,79.08000183105469,78.87999725341797,78.94000244140625,195800
2026-06-12 14:50:00+00:00,VALE3.SA,78.94000244140625,79.3499984741211,78.91999816894531,79.3499984741211,195300
2026-06-12 14:55:00+00:00,VALE3.SA,79.37000274658203,79.51000213623047,79.33000183105469,79.4800033569336,177600
2026-06-12 15:00:00+00:00,VALE3.SA,79.5,79.52999877929688,79.3499984741211,79.43000030517578,105100
2026-06-12 15:05:00+00:00,VALE3.SA,79.44999694824219,79.55000305175781,79.44000244140625,79.5199966430664,49300
2026-06-12 15:10:00+00:00,VALE3.SA,79.5199966430664,79.6500015258789,79.48999786376953,79.55999755859375,187600
2026-06-12 15:15:00+00:00,VALE3.SA,79.55999755859375,79.58999633789062,79.4000015258789,79.4000015258789,49800
2026-06-12 15:20:00+00:00,VALE3.SA,79.44000244140625,79.54000091552734,79.4000015258789,79.54000091552734,99800
2026-06-12 15:25:00+00:00,VALE3.SA,79.51000213623047,79.52999877929688,79.44999694824219,79.47000122070312,42300
2026-06-12 15:30:00+00:00,VALE3.SA,79.48999786376953,79.54000091552734,79.44999694824219,79.4800033569336,40700
2026-06-12 15:35:00+00:00,VALE3.SA,79.47000122070312,79.55999755859375,79.4000015258789,79.47000122070312,142100
2026-06-12 15:40:00+00:00,VALE3.SA,79.44000244140625,79.47000122070312,79.30000305175781,79.36000061035156,67800
2026-06-12 15:45:00+00:00,VALE3.SA,79.36000061035156,79.44000244140625,79.30000305175781,79.37999725341797,78400
2026-06-12 15:50:00+00:00,VALE3.SA,79.37999725341797,79.44000244140625,79.30000305175781,79.37000274658203,94400
2026-06-12 15:55:00+00:00,VALE3.SA,79.33999633789062,79.37000274658203,79.22000122070312,79.25,105200
2026-06-12 16:00:00+00:00,VALE3.SA,79.23999786376953,79.30999755859375,79.16999816894531,79.2699966430664,127000
2026-06-12 16:05:00+00:00,VALE3.SA,79.2699966430664,79.4800033569336,79.19999694824219,79.45999908447266,134400
2026-06-12 16:10:00+00:00,VALE3.SA,79.45999908447266,79.80000305175781,79.43000030517578,79.66000366210938,385600
2026-06-12 16:15:00+00:00,VALE3.SA,79.66000366210938,79.72000122070312,79.44000244140625,79.44999694824219,57700
2026-06-12 16:20:00+00:00,VALE3.SA,79.44999694824219,79.63999938964844,79.44999694824219,79.58999633789062,29700
2026-06-12 16:25:00+00:00,VALE3.SA,79.58000183105469,79.58999633789062,79.5,79.51000213623047,55300
2026-06-12 16:30:00+00:00,VALE3.SA,79.5,79.5199966430664,79.41000366210938,79.44999694824219,36900
2026-06-12 16:35:00+00:00,VALE3.SA,79.4800033569336,79.54000091552734,79.44000244140625,79.4800033569336,31800
2026-06-12 16:40:00+00:00,VALE3.SA,79.5,79.52999877929688,79.33999633789062,79.3499984741211,93600
2026-06-12 16:45:00+00:00,VALE3.SA,79.3499984741211,79.43000030517578,79.30000305175781,79.37000274658203,76500
2026-06-12 16:50:00+00:00,VALE3.SA,79.36000061035156,79.4000015258789,79.30999755859375,79.37000274658203,45600
2026-06-12 16:55:00+00:00,VALE3.SA,79.37000274658203,79.44999694824219,79.37000274658203,79.44999694824219,76500
2026-06-12 17:00:00+00:00,VALE3.SA,79.44999694824219,79.47000122070312,79.38999938964844,79.4000015258789,32700
2026-06-12 17:05:00+00:00,VALE3.SA,79.38999938964844,79.51000213623047,79.3499984741211,79.43000030517578,130000
2026-06-12 17:10:00+00:00,VALE3.SA,79.41000366210938,79.44999694824219,79.3499984741211,79.37000274658203,70800
2026-06-12 17:15:00+00:00,VALE3.SA,79.38999938964844,79.44999694824219,79.37999725341797,79.41999816894531,37600
2026-06-12 17:20:00+00:00,VALE3.SA,79.41999816894531,79.45999908447266,79.36000061035156,79.37999725341797,25400
2026-06-12 17:25:00+00:00,VALE3.SA,79.37999725341797,79.38999938964844,79.31999969482422,79.33999633789062,51800
2026-06-12 17:30:00+00:00,VALE3.SA,79.33000183105469,79.33999633789062,79.26000213623047,79.30000305175781,86400
2026-06-12 17:35:00+00:00,VALE3.SA,79.29000091552734,79.3499984741211,79.2699966430664,79.31999969482422,46400
2026-06-12 17:40:00+00:00,VALE3.SA,79.31999969482422,79.37999725341797,79.31999969482422,79.36000061035156,63300
2026-06-12 17:45:00+00:00,VALE3.SA,79.36000061035156,79.41999816894531,79.33999633789062,79.37000274658203,59100
2026-06-12 17:50:00+00:00,VALE3.SA,79.37000274658203,79.37999725341797,79.27999877929688,79.29000091552734,61400
2026-06-12 17:55:00+00:00,VALE3.SA,79.30999755859375,79.30999755859375,79.26000213623047,79.29000091552734,103600
2026-06-12 18:00:00+00:00,VALE3.SA,79.29000091552734,79.30000305175781,79.22000122070312,79.22000122070312,58400
2026-06-12 18:05:00+00:00,VALE3.SA,79.22000122070312,79.26000213623047,79.16000366210938,79.20999908447266,129200
2026-06-12 18:10:00+00:00,VALE3.SA,79.18000030517578,79.22000122070312,79.1500015258789,79.19000244140625,47000
2026-06-12 18:15:00+00:00,VALE3.SA,79.19000244140625,79.27999877929688,79.1500015258789,79.2300033569336,69600
2026-06-12 18:20:00+00:00,VALE3.SA,79.2300033569336,79.2699966430664,79.16999816894531,79.2300033569336,41200
2026-06-12 18:25:00+00:00,VALE3.SA,79.22000122070312,79.25,79.19999694824219,79.2300033569336,37500
2026-06-12 18:30:00+00:00,VALE3.SA,79.2300033569336,79.29000091552734,79.19999694824219,79.22000122070312,110200
2026-06-12 18:35:00+00:00,VALE3.SA,79.22000122070312,79.30999755859375,79.22000122070312,79.27999877929688,86100
2026-06-12 18:40:00+00:00,VALE3.SA,79.2699966430664,79.33999633789062,79.23999786376953,79.33999633789062,81800
2026-06-12 18:45:00+00:00,VALE3.SA,79.31999969482422,79.33999633789062,79.26000213623047,79.26000213623047,30000
2026-06-12 18:50:00+00:00,VALE3.SA,79.26000213623047,79.33000183105469,79.23999786376953,79.33000183105469,85600
2026-06-12 18:55:00+00:00,VALE3.SA,79.31999969482422,79.31999969482422,79.18000030517578,79.19000244140625,68300
2026-06-12 19:00:00+00:00,VALE3.SA,79.19000244140625,79.30000305175781,79.19000244140625,79.27999877929688,92000
2026-06-12 19:05:00+00:00,VALE3.SA,79.27999877929688,79.37999725341797,79.27999877929688,79.30000305175781,125100
2026-06-12 19:10:00+00:00,VALE3.SA,79.30000305175781,79.3499984741211,79.30000305175781,79.3499984741211,70300
2026-06-12 19:15:00+00:00,VALE3.SA,79.33999633789062,79.37999725341797,79.30000305175781,79.36000061035156,70900
2026-06-12 19:20:00+00:00,VALE3.SA,79.37000274658203,79.37000274658203,79.25,79.30000305175781,80400
2026-06-12 19:25:00+00:00,VALE3.SA,79.30999755859375,79.33000183105469,79.27999877929688,79.30000305175781,91200
2026-06-12 19:30:00+00:00,VALE3.SA,79.30000305175781,79.33000183105469,79.26000213623047,79.27999877929688,184800
2026-06-12 19:35:00+00:00,VALE3.SA,79.27999877929688,79.38999938964844,79.23999786376953,79.31999969482422,308900
2026-06-12 19:40:00+00:00,VALE3.SA,79.31999969482422,79.33999633789062,79.19000244140625,79.19999694824219,222200
2026-06-12 19:45:00+00:00,VALE3.SA,79.19000244140625,79.2300033569336,79.11000061035156,79.16999816894531,198800
2026-06-12 19:50:00+00:00,VALE3.SA,79.16999816894531,79.2300033569336,79.1500015258789,79.16000366210938,143800
